552,600,624,624,648,650,675,650,675,675,675,702,702,756,729,756,728,676,702,700,700,700,676,784,812,812,870,837,840,868,868,870,783,812,812,812,840,840,870,841,930,992,930,960,1023,1088,1085,1088,1085,1023,1155,1122,1190,1190,1260,1332,1332,1330,1369,1369,1520,1520,1558,1517,1517,1596,1677,1634,1716,1677,1804,1845,1927,2064,2021,2064,2112,2064,2156,2205,2254,2254,2254,2400,2496,2450,2601,2652,2601,2756,2862,3025,3078,3080,3192,3192,3304,3420,3654,3654,3712,3770,3770,3953,4140,4209,4473,4544,4608,4864,5005,5280,5520,5600,5904,6290,6278,6450,6699,6952,7426,7440,7872,9167,8989,9240,9555,10044,10780,11187,11730,12240,12648,13356,14430,15142,15870,16965,18029,18634,19908,20769,22344,23664,26554,28268,30096,33110,35154,37464,41650,45201,50112,55074,60858,66521,74613,83520,91875,96824,101200,101888,98048,100056,98580,94688,93708,91553,90190,86112,87132,82077,72225,64757,53742,0,0,0,0,0,0,0,0
600,676,625,625,676,702,702,728,728,754,728,754,754,756,783,783,812,783,783,783,729,756,870,870,900,870,900,930,992,992,961,930,992,992,1024,1122,1258,1225,1295,1260,1224,1444,1444,1482,1560,1560,1640,1640,1640,1680,1722,1680,1886,1806,1849,1845,1845,1845,1932,1932,1974,2156,2205,2205,2250,2397,2544,2646,2650,2704,2809,2808,2862,3136,3363,3363,3420,3420,3363,3538,3599,3596,3835,3776,3965,4278,4347,4672,4884,5005,5236,5451,5810,5950,6290,6622,7031,7209,7371,7452,8265,8526,8989,9270,9975,10323,10560,11300,12390,13020,14080,14784,15618,16124,17568,18875,19375,21450,22512,24112,25883,28800,31044,34128,36740,40775,45500,48006,57062,60420,67847,78156,86612,95795,99696,105370,103530,102180,102044,100337,98069,94176,94149,91760,83312,71720,61476,0,0,0,0,0,0,0,0,0,0,0,0,0,0,0,0,0,0,0,0,0,0,0,0,0,0,0,0,0,0,0,0,0,0,0,0
529,696,728,780,754,754,725,725,725,725,700,754,810,810,840,868,992,780,899,961,990,980,980,1020,1023,1120,1085,1120,1155,1224,1295,1260,1260,1225,1440,1517,1440,1369,1406,1520,1517,1596,1634,1672,1755,1833,1840,1974,2016,2156,2156,2156,2250,2448,2444,2448,2496,2700,2808,2860,2860,2915,2968,3078,3360,3596,3596,3776,3770,3960,4080,4087,4278,4410,4650,4875,5293,5530,5751,6059,6460,6699,7110,7360,8300,8858,8900,9048,10304,10878,11514,11817,12875,13589,14410,15456,16731,17612,19032,20574,22008,25159,27550,29651,33390,35588,40698,45933,52962,58140,67452,78490,88920,97000,100076,99963,98774,97470,88722,87882,83678,80676,69740,57720,44330,0,0,0,0,0,0,0,0,0,0,0,0,0,0,0,0,0,0,0,0,0,0,0,0,0,0,0,0,0,0,0,0,0,0,0,0,0,0,0,0,0,0,0,0,0,0,0,0,0,0,0,0,0,0,0,0,0,0
594,621,598,624,598,598,648,672,672,725,756,812,750,780,775,812,840,837,837,924,928,924,924,928,960,1054,1089,1056,1088,1023,992,1024,1024,1054,1023,1089,1089,1190,1404,1254,1435,1444,1548,1591,1554,1596,1596,1716,1760,1800,1890,2064,2021,2112,2160,2254,2300,2340,2438,2585,2856,2964,2907,3132,3021,3024,3025,3306,3534,3477,3591,3828,4071,3960,4140,4588,4810,5236,5460,5372,5670,6364,6336,7488,7176,7980,8160,8811,9180,10044,10640,11700,12054,13081,13650,15008,16704,17818,19434,21376,23048,26128,29550,32548,35640,39843,45540,53040,60528,68234,78684,92379,93000,92964,91648,91581,85707,83050,82895,76632,67540,54900,0,0,0,0,0,0,0,0,0,0,0,0,0,0,0,0,0,0,0,0,0,0,0,0,0,0,0,0,0,0,0,0,0,0,0,0,0,0,0,0,0,0,0,0,0,0,0,0,0,0,0,0,0,0,0,0,0,0,0,0,0
506,506,552,576,575,575,644,575,672,600,725,696,750,750,750,696,696,696,672,696,754,754,837,891,900,868,992,986,986,1020,1050,1054,1088,1224,1188,1155,1224,1190,1221,1188,1190,1225,1224,1440,1440,1640,1520,1710,1800,1672,1755,1845,1890,2021,2068,2254,2300,2346,2244,2340,2650,2695,2907,2912,3127,3132,3078,3248,3360,3591,3886,3886,4200,4200,4320,4725,5159,5250,5609,5822,6278,6336,6916,7176,8036,8148,8613,9450,10230,10695,11834,12276,13056,14715,15904,17818,19276,21450,23718,26040,29008,33127,35916,40869,46774,54684,64024,73738,85323,92130,92619,91848,90174,83740,80262,79380,72145,63852,48840,0,0,0,0,0,0,0,0,0,0,0,0,0,0,0,0,0,0,0,0,0,0,0,0,0,0,0,0,0,0,0,0,0,0,0,0,0,0,0,0,0,0,0,0,0,0,0,0,0,0,0,0,0,0,0,0,0,0,0,0,0,0,0,0
576,552,600,624,625,650,675,624,598,648,675,675,702,676,729,700,675,702,756,756,841,841,840,870,870,899,986,957,930,1023,1024,1122,1156,1190,1156,1225,1190,1332,1260,1368,1404,1596,1596,1716,1800,1974,1974,2064,2064,2112,2300,2400,2400,2544,2650,2808,2860,3016,3132,3355,3360,3528,3591,3894,4012,4270,4464,4526,4875,5226,5467,5986,6300,6612,7584,8051,8800,9464,10379,10573,11286,13125,13932,15232,16588,18696,19908,21877,25437,28077,32185,36135,43254,52920,59696,71820,84942,97500,101376,93564,89232,86315,82088,66033,47084,0,0,0,0,0,0,0,0,0,0,0,0,0,0,0,0,0,0,0,0,0,0,0,0,0,0,0,0,0,0,0,0,0,0,0,0,0,0,0,0,0,0,0,0,0,0,0,0,0,0,0,0,0,0,0,0,0,0,0,0,0,0,0,0,0,0,0,0,0,0,0,0,0,0,0,0,0,0
529,529,576,625,675,675,644,675,675,728,702,702,696,644,621,672,648,648,675,700,784,812,840,841,840,924,990,990,1023,1056,992,1023,992,1024,1056,1089,1404,1480,1517,1591,1512,1716,1760,1716,1890,2021,2160,2160,2160,2200,2300,2491,2695,2856,2964,2964,3021,3135,3480,3591,3658,3770,3886,4080,4402,4725,5092,5544,5822,6132,6424,7332,7636,8428,9100,9464,10560,11781,12875,13886,15142,16848,18513,20864,23664,26598,30600,34560,39780,48100,58344,68154,85156,96363,98420,96089,91924,82852,83232,79670,67295,50490,0,0,0,0,0,0,0,0,0,0,0,0,0,0,0,0,0,0,0,0,0,0,0,0,0,0,0,0,0,0,0,0,0,0,0,0,0,0,0,0,0,0,0,0,0,0,0,0,0,0,0,0,0,0,0,0,0,0,0,0,0,0,0,0,0,0,0,0,0,0,0,0,0,0,0,0,0,0,0,0,0
420,440,441,550,575,575,598,575,676,621,728,728,700,783,725,750,775,775,750,775,780,930,900,900,899,930,960,1088,1056,1088,1056,1292,1254,1224,1330,1443,1482,1521,1634,1677,1720,1760,1800,1927,2200,2392,2340,2200,2385,2544,2496,2597,2860,3016,3240,3355,3591,3835,3960,4347,4536,4752,4884,5082,5214,6264,6497,6825,7347,7968,8858,9919,10283,11092,12342,13832,15400,16820,18788,21632,24112,28130,33812,38076,43472,54210,65932,75258,89790,86485,90100,83688,77452,74787,66926,52392,0,0,0,0,0,0,0,0,0,0,0,0,0,0,0,0,0,0,0,0,0,0,0,0,0,0,0,0,0,0,0,0,0,0,0,0,0,0,0,0,0,0,0,0,0,0,0,0,0,0,0,0,0,0,0,0,0,0,0,0,0,0,0,0,0,0,0,0,0,0,0,0,0,0,0,0,0,0,0,0,0,0,0,0,0,0,0
625,625,625,650,702,702,700,676,624,810,840,780,783,810,810,841,840,900,930,1020,990,1023,1085,1088,1190,1190,1368,1406,1406,1480,1443,1558,1716,1800,1927,2068,2200,2300,2254,2448,2400,2808,2916,3024,3021,3132,3596,3596,3835,4140,4347,4544,4662,5082,5670,6132,6468,7290,7790,9009,9672,10791,12168,13144,14784,16124,18056,20224,22815,27863,32760,37575,45136,57960,70336,87483,100149,104661,100584,94150,91374,88796,78255,54910,0,0,0,0,0,0,0,0,0,0,0,0,0,0,0,0,0,0,0,0,0,0,0,0,0,0,0,0,0,0,0,0,0,0,0,0,0,0,0,0,0,0,0,0,0,0,0,0,0,0,0,0,0,0,0,0,0,0,0,0,0,0,0,0,0,0,0,0,0,0,0,0,0,0,0,0,0,0,0,0,0,0,0,0,0,0,0,0,0,0,0,0,0,0,0,0,0,0,0
441,441,621,621,648,648,624,702,648,700,725,750,780,832,864,896,896,957,1024,992,992,1085,990,1054,1188,1292,1365,1400,1476,1443,1558,1638,1760,1932,1935,2068,2107,2340,2491,2538,2592,2805,2862,2916,3186,3300,3477,3770,3953,4526,4608,5100,5082,5589,5880,6764,7268,7885,8811,9936,11136,11760,13230,15096,17168,18942,21970,25298,30248,35534,42768,53704,66490,84960,92877,91476,88911,80969,80607,72504,53277,0,0,0,0,0,0,0,0,0,0,0,0,0,0,0,0,0,0,0,0,0,0,0,0,0,0,0,0,0,0,0,0,0,0,0,0,0,0,0,0,0,0,0,0,0,0,0,0,0,0,0,0,0,0,0,0,0,0,0,0,0,0,0,0,0,0,0,0,0,0,0,0,0,0,0,0,0,0,0,0,0,0,0,0,0,0,0,0,0,0,0,0,0,0,0,0,0,0,0,0,0,0
484,572,572,648,624,648,648,728,754,750,750,750,806,864,896,864,928,992,992,957,1054,1258,1258,1292,1400,1476,1440,1520,1640,1848,1935,2024,2068,2205,2200,2538,2640,2646,2860,3024,3080,3300,3416,3591,3900,4209,4736,4950,5451,5600,5950,7007,7857,8428,9090,10230,11424,12546,14279,16445,18666,21580,25200,29055,35098,41520,53156,65270,86878,92120,91866,88844,80030,80556,70022,49715,0,0,0,0,0,0,0,0,0,0,0,0,0,0,0,0,0,0,0,0,0,0,0,0,0,0,0,0,0,0,0,0,0,0,0,0,0,0,0,0,0,0,0,0,0,0,0,0,0,0,0,0,0,0,0,0,0,0,0,0,0,0,0,0,0,0,0,0,0,0,0,0,0,0,0,0,0,0,0,0,0,0,0,0,0,0,0,0,0,0,0,0,0,0,0,0,0,0,0,0,0,0,0,0,0,0,0
598,621,648,598,728,756,720,810,780,800,858,896,896,930,960,992,992,1088,1088,1152,1188,1330,1404,1554,1517,1596,1760,1892,2068,2070,2112,2205,2392,2700,2964,3186,3024,3248,3596,3591,3770,3960,4340,4950,5313,5680,6216,7238,8160,8712,9494,10450,11918,13440,15732,17052,19750,22968,27360,32706,38976,49444,62580,82522,98141,92232,91425,82384,82600,71416,48622,0,0,0,0,0,0,0,0,0,0,0,0,0,0,0,0,0,0,0,0,0,0,0,0,0,0,0,0,0,0,0,0,0,0,0,0,0,0,0,0,0,0,0,0,0,0,0,0,0,0,0,0,0,0,0,0,0,0,0,0,0,0,0,0,0,0,0,0,0,0,0,0,0,0,0,0,0,0,0,0,0,0,0,0,0,0,0,0,0,0,0,0,0,0,0,0,0,0,0,0,0,0,0,0,0,0,0,0,0,0,0,0
483,675,621,644,621,675,648,756,810,783,783,896,896,960,990,992,1024,1024,1089,1122,1088,1258,1365,1440,1512,1554,1672,1720,1935,2064,2116,2156,2346,2491,2856,3016,2912,3190,3477,3534,3705,3960,4464,4950,5304,5751,6424,7347,8245,8820,10152,11583,12896,15390,17052,20447,24150,28712,35316,44100,57449,74328,91744,96416,93100,83258,81144,68766,44044,0,0,0,0,0,0,0,0,0,0,0,0,0,0,0,0,0,0,0,0,0,0,0,0,0,0,0,0,0,0,0,0,0,0,0,0,0,0,0,0,0,0,0,0,0,0,0,0,0,0,0,0,0,0,0,0,0,0,0,0,0,0,0,0,0,0,0,0,0,0,0,0,0,0,0,0,0,0,0,0,0,0,0,0,0,0,0,0,0,0,0,0,0,0,0,0,0,0,0,0,0,0,0,0,0,0,0,0,0,0,0,0,0,0
529,552,576,625,650,702,624,700,728,720,696,696,725,728,783,780,810,837,924,957,990,1023,1155,1122,1155,1225,1406,1406,1517,1710,1755,1804,2021,2160,2250,2303,2400,2650,3021,3186,3420,3416,3776,3886,4140,4526,4810,5382,6142,6600,8316,8787,9776,10780,12600,14279,16992,18634,22044,27302,34132,41934,53856,68992,92004,100330,95571,88377,83790,75492,51192,0,0,0,0,0,0,0,0,0,0,0,0,0,0,0,0,0,0,0,0,0,0,0,0,0,0,0,0,0,0,0,0,0,0,0,0,0,0,0,0,0,0,0,0,0,0,0,0,0,0,0,0,0,0,0,0,0,0,0,0,0,0,0,0,0,0,0,0,0,0,0,0,0,0,0,0,0,0,0,0,0,0,0,0,0,0,0,0,0,0,0,0,0,0,0,0,0,0,0,0,0,0,0,0,0,0,0,0,0,0,0,0
552,552,625,600,676,702,728,728,648,675,783,784,783,810,840,957,960,1056,1120,1122,1122,1330,1517,1716,1800,1845,2112,2112,2208,2397,2400,2754,2964,3294,3355,3654,3828,3944,4331,4810,5372,5751,6424,7760,8330,9393,10752,12444,13860,15820,19065,22663,26508,33812,41760,54126,71550,89170,92598,88740,81029,75600,57950,0,0,0,0,0,0,0,0,0,0,0,0,0,0,0,0,0,0,0,0,0,0,0,0,0,0,0,0,0,0,0,0,0,0,0,0,0,0,0,0,0,0,0,0,0,0,0,0,0,0,0,0,0,0,0,0,0,0,0,0,0,0,0,0,0,0,0,0,0,0,0,0,0,0,0,0,0,0,0,0,0,0,0,0,0,0,0,0,0,0,0,0,0,0,0,0,0,0,0,0,0,0,0,0,0,0,0,0,0,0,0,0,0,0,0,0,0,0,0,0
528,529,675,672,675,624,696,672,648,648,675,728,810,840,896,960,1056,1089,1088,1368,1517,1634,1716,1845,2021,2160,2115,2112,2300,2860,3021,3127,3355,3654,3835,3944,4270,4875,5304,5904,6319,7520,8514,9579,11172,12896,14580,17228,20320,24603,30753,36795,48174,63261,86518,96516,92880,84216,81420,66356,0,0,0,0,0,0,0,0,0,0,0,0,0,0,0,0,0,0,0,0,0,0,0,0,0,0,0,0,0,0,0,0,0,0,0,0,0,0,0,0,0,0,0,0,0,0,0,0,0,0,0,0,0,0,0,0,0,0,0,0,0,0,0,0,0,0,0,0,0,0,0,0,0,0,0,0,0,0,0,0,0,0,0,0,0,0,0,0,0,0,0,0,0,0,0,0,0,0,0,0,0,0,0,0,0,0,0,0,0,0,0,0,0,0,0,0,0,0,0,0,0,0,0
575,575,624,676,624,672,728,700,725,725,672,672,725,754,810,837,924,960,1023,1024,1155,1122,1155,1332,1295,1406,1517,1672,1760,1845,2068,2205,2208,2400,2548,3021,3078,3300,3360,3835,3828,4140,4608,5159,5832,6424,7968,8700,9776,10944,12932,15096,17666,20864,26026,32185,39546,53262,71592,93170,99441,91261,85653,81152,58880,0,0,0,0,0,0,0,0,0,0,0,0,0,0,0,0,0,0,0,0,0,0,0,0,0,0,0,0,0,0,0,0,0,0,0,0,0,0,0,0,0,0,0,0,0,0,0,0,0,0,0,0,0,0,0,0,0,0,0,0,0,0,0,0,0,0,0,0,0,0,0,0,0,0,0,0,0,0,0,0,0,0,0,0,0,0,0,0,0,0,0,0,0,0,0,0,0,0,0,0,0,0,0,0,0,0,0,0,0,0,0,0,0,0,0,0,0,0
484,598,648,648,675,725,750,754,837,930,1120,1054,1287,1330,1400,1554,1596,1763,1932,2024,2160,2200,2592,2744,2808,3080,3300,3534,3828,4080,4672,5313,5670,6424,7719,8245,9373,11466,12726,15732,18120,22572,29435,35697,46228,63130,87108,94720,89342,82269,73470,48600,0,0,0,0,0,0,0,0,0,0,0,0,0,0,0,0,0,0,0,0,0,0,0,0,0,0,0,0,0,0,0,0,0,0,0,0,0,0,0,0,0,0,0,0,0,0,0,0,0,0,0,0,0,0,0,0,0,0,0,0,0,0,0,0,0,0,0,0,0,0,0,0,0,0,0,0,0,0,0,0,0,0,0,0,0,0,0,0,0,0,0,0,0,0,0,0,0,0,0,0,0,0,0,0,0,0,0,0,0,0,0,0,0,0,0,0,0,0,0,0,0,0,0,0,0,0,0,0,0,0,0
1224,1260,1260,1295,1260,1295,1332,1332,1224,1332,1260,1295,1332,1368,1404,1480,1365,1368,1368,1482,1443,1480,1558,1599,1720,1638,1638,1640,1681,1720,1840,1845,1845,1932,1974,2021,2112,2064,2112,2160,2160,2160,2303,2208,2400,2450,2444,2346,2392,2491,2496,2700,2695,2744,2850,3060,3180,3294,3591,3654,3717,3904,3968,4154,4278,4340,4473,4828,5320,5320,5016,5304,5751,6225,6300,6708,6216,6225,6708,6942,6764,7098,7505,7760,8118,8466,8343,8364,9180,9605,10440,10502,10738,12222,12250,12827,13158,13545,14580,15207,15290,16530,18252,19154,19716,21156,22139,23182,24616,25854,27550,30502,32136,34776,40460,43326,42720,46665,49848,55076,59682,65270,70650,81291,109725,108900,109252,109440,107712,112055,108108,103916,0,0,0,0,0,0,0,0,0,0,0,0,0,0,0,0,0,0,0,0,0,0,0,0,0,0,0,0,0,0,0,0,0,0,0,0,0,0,0,0,0,0,0,0,0,0,0,0,0,0,0
1056,1056,1056,1088,1088,1088,1152,1155,1188,1155,1155,1155,1155,1155,1188,1155,1258,1221,1292,1332,1224,1295,1326,1295,1326,1440,1443,1480,1482,1406,1444,1482,1560,1599,1599,1558,1845,1890,1848,1886,1974,1974,2064,2024,2021,2112,2068,2070,2070,2115,2160,2209,2256,2162,2392,2491,2350,2544,2597,2597,2700,2912,2970,2964,3024,3078,3190,3304,3245,3717,3422,3843,3900,4224,4288,4221,4352,4347,4480,4824,4757,4964,5244,5372,5600,5893,6290,6384,6630,6715,6873,6960,7209,7553,7896,8360,8730,9200,9476,9964,10584,10864,11252,12138,12221,13589,13932,14763,15618,16445,17493,18422,19434,19468,21120,22440,23491,25239,26680,29336,30954,33284,34882,38925,42480,43855,48573,54569,58630,63388,119834,115710,110352,106222,102941,76160,0,0,0,0,0,0,0,0,0,0,0,0,0,0,0,0,0,0,0,0,0,0,0,0,0,0,0,0,0,0,0,0,0,0,0,0,0,0,0,0,0,0,0,0,0,0,0
702,756,840,899,900,930,1089,990,1054,1023,928,960,928,924,957,1020,1120,1155,1122,1155,1188,1258,1295,1260,1296,1332,1295,1260,1296,1330,1332,1295,1368,1368,1404,1365,1404,1406,1406,1443,1444,1444,1482,1599,1640,1722,1640,1680,1848,1800,1890,1890,1890,2024,2068,2112,2112,2112,2300,2400,2352,2304,2352,2400,2499,2600,2704,2756,2912,3021,3132,3192,3363,3420,3599,3599,3720,3780,3782,3969,4355,4284,4692,4489,4968,4896,5032,5325,5544,5621,5840,6320,6636,6952,7128,7380,7743,8096,8736,9016,9200,9595,10388,11110,11639,12296,13068,13407,13986,14934,15912,17040,17958,19000,20511,22078,22712,24739,26026,28950,30772,36300,36210,42273,43676,48192,60492,67044,134835,130410,127803,114276,102030,0,0,0,0,0,0,0,0,0,0,0,0,0,0,0,0,0,0,0,0,0,0,0,0,0,0,0,0,0,0,0,0,0,0,0,0,0,0,0,0,0,0,0,0,0,0,0,0,0,0
1406,1443,1443,1482,1560,1560,1640,1680,1892,2208,2352,2450,2397,2450,2703,2862,3245,3953,3864,4608,4599,7031,7200,7743,7560,8160,8439,8787,8686,9048,8840,9288,9968,10005,10829,11712,12700,13416,13886,14980,15680,16416,17632,19844,21125,22360,23852,27504,27783,30502,33549,37350,40309,46002,50688,57084,65056,72504,108676,111930,112158,111276,113680,116003,114480,107200,0,0,0,0,0,0,0,0,0,0,0,0,0,0,0,0,0,0,0,0,0,0,0,0,0,0,0,0,0,0,0,0,0,0,0,0,0,0,0,0,0,0,0,0,0,0,0,0,0,0,0,0,0,0,0,0,0,0,0,0,0,0,0,0,0,0,0,0,0,0,0,0,0,0,0,0,0,0,0,0,0,0,0,0,0,0,0,0,0,0,0,0,0,0,0,0,0,0,0,0,0,0,0,0,0,0,0,0,0,0,0,0,0,0,0,0,0
812,783,812,870,810,896,837,868,810,837,868,930,870,1024,1056,1056,1122,1224,1258,1330,1156,1260,1260,1225,1260,1368,1480,1406,1482,1520,1560,1600,1640,1640,1640,1681,1764,1806,1806,1978,2025,2070,2162,2162,2209,2256,2397,2496,2548,2703,2703,2808,3135,3024,3192,3304,3248,3420,3720,3968,3969,4026,4761,4950,5032,5250,5328,6000,6004,6474,6557,7047,7482,7820,7830,9579,9207,10088,10290,10712,11550,12626,13824,14874,15846,17255,17934,20124,21546,22984,25311,27232,29400,32844,37518,41300,46248,53387,60900,109582,110484,105530,107146,102396,76300,0,0,0,0,0,0,0,0,0,0,0,0,0,0,0,0,0,0,0,0,0,0,0,0,0,0,0,0,0,0,0,0,0,0,0,0,0,0,0,0,0,0,0,0,0,0,0,0,0,0,0,0,0,0,0,0,0,0,0,0,0,0,0,0,0,0,0,0,0,0,0,0,0,0,0,0,0,0
728,700,700,784,784,812,784,784,756,728,728,729,812,784,784,841,841,900,930,992,992,1089,1122,1221,1292,1326,1254,1330,1365,1400,1435,1404,1443,1482,1443,1520,1560,1521,1521,1560,1638,1720,1806,1722,1849,1806,1848,1890,1892,2016,2058,2295,2346,2397,2496,2544,2700,2860,2862,3080,3024,3248,3300,3596,3658,3780,4030,4485,4536,4410,5032,5320,5609,5688,5840,6075,6375,6786,7209,7812,8277,8360,9384,9595,9409,9409,10812,11639,12947,13952,15776,17136,18450,18848,21413,22984,25883,27676,34128,34440,38475,45612,49022,64964,77826,136122,135285,132834,128115,124830,109707,0,0,0,0,0,0,0,0,0,0,0,0,0,0,0,0,0,0,0,0,0,0,0,0,0,0,0,0,0,0,0,0,0,0,0,0,0,0,0,0,0,0,0,0,0,0,0,0,0,0,0,0,0,0,0,0,0,0,0,0,0,0,0,0,0,0,0,0,0,0,0,0
1224,1224,1258,1295,1258,1295,1332,1258,1404,1480,1480,1596,1596,1638,1720,1680,1848,1935,2025,2162,2304,2303,2303,2450,2550,2652,2808,2862,2968,2915,3132,3240,3410,3712,4615,4891,4884,5382,6006,7310,6724,6880,7830,8190,8091,8736,9240,9790,9265,10374,10556,11590,11780,13362,14688,15228,17214,18564,19188,21801,22968,25854,30340,30906,35534,39843,44750,52402,60736,71959,84321,117008,128736,137934,133945,138600,136864,135485,0,0,0,0,0,0,0,0,0,0,0,0,0,0,0,0,0,0,0,0,0,0,0,0,0,0,0,0,0,0,0,0,0,0,0,0,0,0,0,0,0,0,0,0,0,0,0,0,0,0,0,0,0,0,0,0,0,0,0,0,0,0,0,0,0,0,0,0,0,0,0,0,0,0,0,0,0,0,0,0,0,0,0,0,0,0,0,0,0,0,0,0,0,0,0,0,0,0,0,0,0,0,0,0,0
460,483,504,529,529,552,575,621,572,546,594,567,720,616,696,810,870,928,928,952,891,952,1020,986,1020,1088,1122,1260,1480,1482,1640,1720,1764,1849,1936,2116,2162,2112,2208,2162,2496,2703,2450,2450,2652,3245,3245,3416,3363,3540,3534,3840,3900,4340,4288,4686,5032,5032,5390,5680,6156,6468,6699,6942,7120,7544,8232,9078,9270,9975,10752,11918,13000,13992,14796,16215,17731,18997,21248,22230,24208,27740,30653,34128,39501,46774,53350,60358,71232,129065,111969,114921,0,0,0,0,0,0,0,0,0,0,0,0,0,0,0,0,0,0,0,0,0,0,0,0,0,0,0,0,0,0,0,0,0,0,0,0,0,0,0,0,0,0,0,0,0,0,0,0,0,0,0,0,0,0,0,0,0,0,0,0,0,0,0,0,0,0,0,0,0,0,0,0,0,0,0,0,0,0,0,0,0,0,0,0,0,0,0,0,0,0,0
899,1122,1122,1122,1089,1156,1225,1258,1188,1295,1406,1443,1482,1517,1596,1638,1638,1634,1677,1720,1763,1806,1845,1890,1848,2115,2205,2303,2444,2496,2397,2646,2750,2968,3245,3416,4225,4620,5400,6048,7462,7812,8148,7663,8484,9095,9396,9879,10324,11160,12152,13034,13905,15336,17135,18876,20828,22876,23975,27170,30502,34293,38243,46956,50615,59860,72252,103400,166734,156379,151940,154160,0,0,0,0,0,0,0,0,0,0,0,0,0,0,0,0,0,0,0,0,0,0,0,0,0,0,0,0,0,0,0,0,0,0,0,0,0,0,0,0,0,0,0,0,0,0,0,0,0,0,0,0,0,0,0,0,0,0,0,0,0,0,0,0,0,0,0,0,0,0,0,0,0,0,0,0,0,0,0,0,0,0,0,0,0,0,0,0,0,0,0,0,0,0,0,0,0,0,0,0,0,0,0,0,0,0,0,0,0,0,0
960,960,957,957,1023,1050,1050,1116,1152,1184,1258,1295,1368,1406,1443,1443,1404,1480,1440,1558,1599,1599,1720,1848,1935,1936,2070,2209,2304,2401,2500,2850,2958,2907,3300,4284,4340,4896,5625,5852,6237,6800,6636,5934,6570,6734,7200,7584,8881,8881,9605,9744,10502,11718,13390,14688,16576,18096,18997,21930,25900,28077,31878,37464,43432,52186,61388,74556,89889,142898,141200,138010,132468,0,0,0,0,0,0,0,0,0,0,0,0,0,0,0,0,0,0,0,0,0,0,0,0,0,0,0,0,0,0,0,0,0,0,0,0,0,0,0,0,0,0,0,0,0,0,0,0,0,0,0,0,0,0,0,0,0,0,0,0,0,0,0,0,0,0,0,0,0,0,0,0,0,0,0,0,0,0,0,0,0,0,0,0,0,0,0,0,0,0,0,0,0,0,0,0,0,0,0,0,0,0,0,0,0,0,0,0,0,0
1085,1050,1056,1023,1088,1156,1122,1190,1155,1122,1155,1260,1224,1332,1295,1365,1558,1600,1681,1599,1892,1980,2068,2112,2156,2156,2156,2256,2162,2484,2744,2800,2970,3306,3245,3654,3717,3904,4221,4420,4824,5313,5460,5913,6216,6375,6786,7812,8448,8900,9870,10282,11312,12168,13608,14763,16874,18848,19592,22680,25239,27972,33005,39324,45201,54540,64900,121604,160384,157850,148944,0,0,0,0,0,0,0,0,0,0,0,0,0,0,0,0,0,0,0,0,0,0,0,0,0,0,0,0,0,0,0,0,0,0,0,0,0,0,0,0,0,0,0,0,0,0,0,0,0,0,0,0,0,0,0,0,0,0,0,0,0,0,0,0,0,0,0,0,0,0,0,0,0,0,0,0,0,0,0,0,0,0,0,0,0,0,0,0,0,0,0,0,0,0,0,0,0,0,0,0,0,0,0,0,0,0,0,0,0,0,0,0
728,960,990,1088,1156,1122,1190,1089,1190,1155,1120,1122,1225,1258,1330,1404,1517,1517,1596,1599,1638,1599,1681,1722,1848,1890,2068,1974,2058,2112,2254,2350,2592,2800,3245,3538,4026,3965,4830,6075,6120,6992,7050,7623,8058,8446,8925,9944,11210,12250,13332,14659,16416,18445,20828,23009,25620,28812,32340,37620,47603,55076,67410,122070,119064,112815,0,0,0,0,0,0,0,0,0,0,0,0,0,0,0,0,0,0,0,0,0,0,0,0,0,0,0,0,0,0,0,0,0,0,0,0,0,0,0,0,0,0,0,0,0,0,0,0,0,0,0,0,0,0,0,0,0,0,0,0,0,0,0,0,0,0,0,0,0,0,0,0,0,0,0,0,0,0,0,0,0,0,0,0,0,0,0,0,0,0,0,0,0,0,0,0,0,0,0,0,0,0,0,0,0,0,0,0,0,0,0,0,0,0,0,0,0
450,475,494,475,460,456,475,500,567,540,594,621,899,780,806,928,1023,1056,1088,1156,1156,1225,1258,1330,1330,1295,1332,1480,1640,1640,1599,1722,1680,1840,2064,2068,2209,2256,2352,2400,2499,2652,2915,2915,2968,3190,3360,3538,4080,4278,4347,4544,5168,5244,5609,5767,6160,7480,7917,8722,9180,9384,10640,11466,13250,14784,16008,17908,19065,21710,24288,27783,32960,38250,45325,54607,156912,150516,152439,0,0,0,0,0,0,0,0,0,0,0,0,0,0,0,0,0,0,0,0,0,0,0,0,0,0,0,0,0,0,0,0,0,0,0,0,0,0,0,0,0,0,0,0,0,0,0,0,0,0,0,0,0,0,0,0,0,0,0,0,0,0,0,0,0,0,0,0,0,0,0,0,0,0,0,0,0,0,0,0,0,0,0,0,0,0,0,0,0,0,0,0,0,0,0,0,0,0,0,0,0,0,0,0
418,480,456,456,396,572,621,700,667,775,832,884,945,980,1050,1050,1110,1221,1326,1188,1480,1560,1640,1634,1800,1845,1932,1890,1980,2162,2300,2438,2444,2548,2856,3021,3132,3540,3540,3968,4026,4221,4485,5032,5175,5840,6150,6512,6800,7462,8366,8360,9964,10791,12240,13250,15120,16100,18178,20447,22848,25380,32136,36022,41536,49970,60528,133380,122850,0,0,0,0,0,0,0,0,0,0,0,0,0,0,0,0,0,0,0,0,0,0,0,0,0,0,0,0,0,0,0,0,0,0,0,0,0,0,0,0,0,0,0,0,0,0,0,0,0,0,0,0,0,0,0,0,0,0,0,0,0,0,0,0,0,0,0,0,0,0,0,0,0,0,0,0,0,0,0,0,0,0,0,0,0,0,0,0,0,0,0,0,0,0,0,0,0,0,0,0,0,0,0,0,0,0,0,0,0,0,0,0,0,0
500,500,500,456,480,812,899,930,1023,1020,1054,1085,1116,1120,1116,1085,1120,1224,1224,1406,1517,1558,1755,1932,2024,2025,2256,2205,2303,2548,2646,2912,2968,3300,3591,3599,3968,4352,4662,4818,5244,5694,6216,6399,7462,7544,8989,9292,9660,10878,11934,14190,15732,17787,19685,22230,25159,29100,33390,40592,50008,59772,73920,98892,141192,129926,125670,0,0,0,0,0,0,0,0,0,0,0,0,0,0,0,0,0,0,0,0,0,0,0,0,0,0,0,0,0,0,0,0,0,0,0,0,0,0,0,0,0,0,0,0,0,0,0,0,0,0,0,0,0,0,0,0,0,0,0,0,0,0,0,0,0,0,0,0,0,0,0,0,0,0,0,0,0,0,0,0,0,0,0,0,0,0,0,0,0,0,0,0,0,0,0,0,0,0,0,0,0,0,0,0,0,0,0,0,0,0,0,0,0,0,0,0
1056,1088,1122,1088,1260,1225,1225,1225,1369,1332,1444,1482,1599,1640,1720,1763,1800,1886,1932,2162,2350,2550,2695,2800,3245,3658,4030,4828,4615,4818,4788,5214,5644,5964,6177,6643,7315,7900,8925,10120,11136,12177,14552,16650,17908,21414,23895,27504,33496,39440,49020,62608,78390,118690,117115,119132,112554,107338,0,0,0,0,0,0,0,0,0,0,0,0,0,0,0,0,0,0,0,0,0,0,0,0,0,0,0,0,0,0,0,0,0,0,0,0,0,0,0,0,0,0,0,0,0,0,0,0,0,0,0,0,0,0,0,0,0,0,0,0,0,0,0,0,0,0,0,0,0,0,0,0,0,0,0,0,0,0,0,0,0,0,0,0,0,0,0,0,0,0,0,0,0,0,0,0,0,0,0,0,0,0,0,0,0,0,0,0,0,0,0,0,0,0,0,0,0,0,0,0,0,0,0,0,0
936,972,1080,1120,1024,1089,1122,1122,1089,1120,1155,1258,1260,1260,1296,1190,1599,1640,1680,1760,1978,1935,1980,2068,2162,2397,2448,2496,2548,2538,2800,3078,3360,3843,4092,4352,4488,5040,5320,5698,6240,7395,7568,8463,9108,9975,10900,12036,13843,15640,17835,19530,22815,26245,31465,36504,43920,57605,92416,137376,129200,123855,0,0,0,0,0,0,0,0,0,0,0,0,0,0,0,0,0,0,0,0,0,0,0,0,0,0,0,0,0,0,0,0,0,0,0,0,0,0,0,0,0,0,0,0,0,0,0,0,0,0,0,0,0,0,0,0,0,0,0,0,0,0,0,0,0,0,0,0,0,0,0,0,0,0,0,0,0,0,0,0,0,0,0,0,0,0,0,0,0,0,0,0,0,0,0,0,0,0,0,0,0,0,0,0,0,0,0,0,0,0,0,0,0,0,0,0,0,0,0,0,0
1258,1295,1332,1296,1330,1440,1482,1638,1640,1680,1763,1763,2107,2156,2250,2208,2444,2646,2958,2912,3016,3348,3640,3953,4599,5400,5475,5616,6290,6873,7371,7347,7938,8652,9856,11067,12078,13520,15846,18762,20480,23874,27972,33372,38532,48830,62282,78116,144900,135702,0,0,0,0,0,0,0,0,0,0,0,0,0,0,0,0,0,0,0,0,0,0,0,0,0,0,0,0,0,0,0,0,0,0,0,0,0,0,0,0,0,0,0,0,0,0,0,0,0,0,0,0,0,0,0,0,0,0,0,0,0,0,0,0,0,0,0,0,0,0,0,0,0,0,0,0,0,0,0,0,0,0,0,0,0,0,0,0,0,0,0,0,0,0,0,0,0,0,0,0,0,0,0,0,0,0,0,0,0,0,0,0,0,0,0,0,0,0,0,0,0,0,0,0,0,0,0,0,0,0,0,0,0
841,840,840,928,960,1054,992,1088,1122,1054,1221,1224,1260,1369,1520,1560,1764,1763,1800,2021,2160,2295,2193,2288,2915,4030,3828,4189,4662,5236,4880,5229,5829,6580,7238,7546,8424,9408,10647,11780,13699,15805,17595,20875,24120,29106,35420,43648,55584,71262,92379,110633,99752,0,0,0,0,0,0,0,0,0,0,0,0,0,0,0,0,0,0,0,0,0,0,0,0,0,0,0,0,0,0,0,0,0,0,0,0,0,0,0,0,0,0,0,0,0,0,0,0,0,0,0,0,0,0,0,0,0,0,0,0,0,0,0,0,0,0,0,0,0,0,0,0,0,0,0,0,0,0,0,0,0,0,0,0,0,0,0,0,0,0,0,0,0,0,0,0,0,0,0,0,0,0,0,0,0,0,0,0,0,0,0,0,0,0,0,0,0,0,0,0,0,0,0,0,0,0,0,0,0,0
340,340,441,506,460,437,506,650,676,675,870,899,870,930,1155,1116,1224,1258,1295,1258,1599,1599,1640,1599,1760,1978,2068,2112,2256,2352,2499,2912,3024,3245,3416,3705,3953,4270,4964,4884,5440,5694,6237,6804,7654,8160,9064,10486,12257,13932,15870,18625,20447,24816,29294,34668,45201,55521,67980,153282,146328,139795,129682,0,0,0,0,0,0,0,0,0,0,0,0,0,0,0,0,0,0,0,0,0,0,0,0,0,0,0,0,0,0,0,0,0,0,0,0,0,0,0,0,0,0,0,0,0,0,0,0,0,0,0,0,0,0,0,0,0,0,0,0,0,0,0,0,0,0,0,0,0,0,0,0,0,0,0,0,0,0,0,0,0,0,0,0,0,0,0,0,0,0,0,0,0,0,0,0,0,0,0,0,0,0,0,0,0,0,0,0,0,0,0,0,0,0,0,0,0,0,0,0
480,456,504,504,480,540,594,567,667,837,924,952,891,1054,1089,1190,1120,1260,1560,1520,1560,1720,1845,1890,1935,1978,2704,2600,3080,3186,3534,4148,4480,4828,5236,5390,5928,6880,7298,8084,8700,9464,11300,13482,14740,17110,19311,23220,27448,32813,41888,54372,68200,153652,139435,128800,0,0,0,0,0,0,0,0,0,0,0,0,0,0,0,0,0,0,0,0,0,0,0,0,0,0,0,0,0,0,0,0,0,0,0,0,0,0,0,0,0,0,0,0,0,0,0,0,0,0,0,0,0,0,0,0,0,0,0,0,0,0,0,0,0,0,0,0,0,0,0,0,0,0,0,0,0,0,0,0,0,0,0,0,0,0,0,0,0,0,0,0,0,0,0,0,0,0,0,0,0,0,0,0,0,0,0,0,0,0,0,0,0,0,0,0,0,0,0,0,0,0,0,0,0,0,0
414,483,552,552,575,600,650,624,540,810,812,1155,1050,1155,1224,1892,2070,2115,2352,2303,2756,2964,3190,3596,3968,4420,4745,5082,5609,6232,6162,7654,8366,8811,9792,12064,13843,16402,18875,22139,26352,31871,39952,52065,67452,153792,143916,134874,120060,0,0,0,0,0,0,0,0,0,0,0,0,0,0,0,0,0,0,0,0,0,0,0,0,0,0,0,0,0,0,0,0,0,0,0,0,0,0,0,0,0,0,0,0,0,0,0,0,0,0,0,0,0,0,0,0,0,0,0,0,0,0,0,0,0,0,0,0,0,0,0,0,0,0,0,0,0,0,0,0,0,0,0,0,0,0,0,0,0,0,0,0,0,0,0,0,0,0,0,0,0,0,0,0,0,0,0,0,0,0,0,0,0,0,0,0,0,0,0,0,0,0,0,0,0,0,0,0,0,0,0,0,0,0
529,576,625,600,676,702,1224,1085,1295,1332,1892,1980,2160,2256,2162,2703,3658,3904,4225,4680,4950,5670,6150,6318,7735,8370,9486,10807,12932,14896,17666,20382,24920,29792,36960,48705,63344,89856,153908,149144,144598,123900,0,0,0,0,0,0,0,0,0,0,0,0,0,0,0,0,0,0,0,0,0,0,0,0,0,0,0,0,0,0,0,0,0,0,0,0,0,0,0,0,0,0,0,0,0,0,0,0,0,0,0,0,0,0,0,0,0,0,0,0,0,0,0,0,0,0,0,0,0,0,0,0,0,0,0,0,0,0,0,0,0,0,0,0,0,0,0,0,0,0,0,0,0,0,0,0,0,0,0,0,0,0,0,0,0,0,0,0,0,0,0,0,0,0,0,0,0,0,0,0,0,0,0,0,0,0,0,0,0,0,0,0,0,0,0,0,0,0,0,0,0
550,506,784,812,1024,1156,1190,1190,1190,1224,1332,1406,1443,1482,1680,1806,2024,2162,2115,2070,2208,2601,3080,2756,3360,3538,3844,4422,4624,5159,5520,6308,6400,7565,8439,8924,10908,13161,15255,18228,20640,25776,30845,39324,51744,146653,133038,107485,0,0,0,0,0,0,0,0,0,0,0,0,0,0,0,0,0,0,0,0,0,0,0,0,0,0,0,0,0,0,0,0,0,0,0,0,0,0,0,0,0,0,0,0,0,0,0,0,0,0,0,0,0,0,0,0,0,0,0,0,0,0,0,0,0,0,0,0,0,0,0,0,0,0,0,0,0,0,0,0,0,0,0,0,0,0,0,0,0,0,0,0,0,0,0,0,0,0,0,0,0,0,0,0,0,0,0,0,0,0,0,0,0,0,0,0,0,0,0,0,0,0,0,0,0,0,0,0,0,0,0,0,0,0,0
336,352,345,345,384,384,725,702,754,780,750,812,1122,1260,1638,1680,1763,2024,2064,2162,2450,2704,3136,3422,3416,3696,4355,4818,5100,6205,6873,7644,8722,10120,12168,13843,15295,18848,22344,27676,35524,46314,62135,123123,124236,118990,108360,84942,0,0,0,0,0,0,0,0,0,0,0,0,0,0,0,0,0,0,0,0,0,0,0,0,0,0,0,0,0,0,0,0,0,0,0,0,0,0,0,0,0,0,0,0,0,0,0,0,0,0,0,0,0,0,0,0,0,0,0,0,0,0,0,0,0,0,0,0,0,0,0,0,0,0,0,0,0,0,0,0,0,0,0,0,0,0,0,0,0,0,0,0,0,0,0,0,0,0,0,0,0,0,0,0,0,0,0,0,0,0,0,0,0,0,0,0,0,0,0,0,0,0,0,0,0,0,0,0,0,0,0,0,0,0,0
391,432,432,408,572,754,696,810,780,837,780,899,870,1088,1190,1295,1296,1330,1638,1640,1764,1892,2064,2064,2300,2601,2860,3363,3472,3762,4026,4620,4964,5680,6142,7110,8245,9450,10752,12257,14410,16848,20930,25060,31916,42303,54742,73395,121002,118864,104912,86376,0,0,0,0,0,0,0,0,0,0,0,0,0,0,0,0,0,0,0,0,0,0,0,0,0,0,0,0,0,0,0,0,0,0,0,0,0,0,0,0,0,0,0,0,0,0,0,0,0,0,0,0,0,0,0,0,0,0,0,0,0,0,0,0,0,0,0,0,0,0,0,0,0,0,0,0,0,0,0,0,0,0,0,0,0,0,0,0,0,0,0,0,0,0,0,0,0,0,0,0,0,0,0,0,0,0,0,0,0,0,0,0,0,0,0,0,0,0,0,0,0,0,0,0,0,0,0,0,0,0,0
1020,1020,1054,1120,1120,1190,1147,1224,1224,1190,1224,1221,1365,1326,1287,1365,1365,1368,1330,1440,1470,1548,1554,1554,1584,1540,1665,1665,1665,1702,1794,1786,1794,1794,1833,1872,1960,2050,2000,1960,2100,2193,2236,2236,2184,2279,2464,2420,2420,2430,2340,2576,2438,2484,2484,2632,2784,2832,2832,2989,3162,3111,3224,3339,3465,3685,3630,3819,3960,3960,4071,4380,4130,4440,4440,4500,4758,5184,5280,5280,5712,5950,6480,6675,7050,7144,7742,7742,7821,8080,8904,9460,9856,9483,10120,10920,11468,11904,11875,12901,13365,14076,14734,15729,16761,17480,19360,20418,21042,22663,23892,24790,26688,28800,31290,33440,36182,38801,42504,48594,49594,56133,60760,68052,74520,86536,93860,105072,116064,123410,134964,127890,128238,130536,124362,121401,115884,111192,109525,105952,101671,87932,76780,0,0,0,0,0,0,0,0,0,0,0,0,0,0,0,0,0,0,0,0,0,0,0,0,0,0,0,0,0,0,0,0,0,0,0,0,0,0,0,0
896,896,924,924,990,1023,1023,1088,1462,1575,1620,1656,1620,1702,1548,1748,1554,1554,1591,1596,1591,1920,1968,1968,1968,2142,2184,2268,2420,2464,2322,2376,2322,2475,2520,2420,2475,2622,2726,2726,2784,2989,2950,3224,3162,3380,3200,3250,3315,3445,3618,3740,3740,3920,4104,4176,4248,4560,4560,4620,4880,4960,5395,5762,6072,6440,6480,6408,6956,7125,7722,8058,8320,8820,9570,9612,10005,10148,10858,12288,13332,13770,15087,16023,16688,17136,18369,19516,21033,22272,24339,26880,28314,30135,32400,35011,38540,42579,48780,53204,57321,67520,73813,84216,94488,107468,121542,138470,150552,142618,136952,139278,132660,126824,123046,121396,119350,108459,86846,72207,0,0,0,0,0,0,0,0,0,0,0,0,0,0,0,0,0,0,0,0,0,0,0,0,0,0,0,0,0,0,0,0,0,0,0,0,0,0,0,0,0,0,0,0,0,0,0,0,0,0,0,0,0,0,0,0,0,0,0,0,0,0,0
696,672,700,696,696,660,720,690,775,780,780,783,812,858,918,957,957,891,957,960,1050,1085,1085,1116,1116,1085,1050,1085,1120,1120,1258,1400,1404,1638,1760,3819,3795,3850,3920,4104,4189,4307,4307,4350,4582,4466,4960,5184,5229,5655,6510,8640,9350,9202,9632,10324,10980,10824,12090,12768,13662,15038,15876,16132,17050,18144,19550,20414,23920,26656,27939,31390,34200,36660,41583,46900,53580,57682,68040,77827,87516,100947,119560,144096,148708,152586,143140,146142,149884,145410,141375,133318,98044,0,0,0,0,0,0,0,0,0,0,0,0,0,0,0,0,0,0,0,0,0,0,0,0,0,0,0,0,0,0,0,0,0,0,0,0,0,0,0,0,0,0,0,0,0,0,0,0,0,0,0,0,0,0,0,0,0,0,0,0,0,0,0,0,0,0,0,0,0,0,0,0,0,0,0,0,0,0,0,0,0,0,0,0,0,0,0,0,0,0
780,780,780,806,832,858,832,864,896,1015,986,1116,1116,1116,1116,1152,1221,1216,1248,1320,1320,1360,1320,1360,1400,1394,1394,1435,1440,1440,1476,1628,1628,1755,1665,1833,1872,1911,1911,1989,2080,2091,2100,2150,2100,2295,2340,2592,2538,2438,2530,2989,3050,3000,3180,3213,3100,3328,3339,3456,3752,3920,4176,4440,4774,5070,5016,5293,5313,5293,5934,6336,6192,7128,7296,7566,7857,9030,9701,10032,10800,10980,11830,13132,14000,15301,16200,17898,18644,20172,22401,23232,28728,28800,31141,34188,37746,42336,45499,51520,58806,68103,78848,89864,99792,123710,136323,148506,135135,140910,135792,133728,122298,122794,121088,103206,96600,78880,0,0,0,0,0,0,0,0,0,0,0,0,0,0,0,0,0,0,0,0,0,0,0,0,0,0,0,0,0,0,0,0,0,0,0,0,0,0,0,0,0,0,0,0,0,0,0,0,0,0,0,0,0,0,0,0,0,0,0,0,0,0,0,0,0
460,460,783,784,784,783,783,810,806,780,750,780,810,783,812,812,812,868,896,868,868,896,1295,2068,2068,2064,2450,2500,2548,2600,3480,3538,3596,3835,4080,4130,4130,3990,4176,4712,4758,5874,6438,6882,7474,7956,7752,8480,9184,9831,9718,14586,14832,16390,20086,21625,24050,25785,28059,32465,34720,40098,44720,52355,61974,69230,83660,99456,118818,134487,138570,140572,141900,139855,135048,137142,135228,97916,0,0,0,0,0,0,0,0,0,0,0,0,0,0,0,0,0,0,0,0,0,0,0,0,0,0,0,0,0,0,0,0,0,0,0,0,0,0,0,0,0,0,0,0,0,0,0,0,0,0,0,0,0,0,0,0,0,0,0,0,0,0,0,0,0,0,0,0,0,0,0,0,0,0,0,0,0,0,0,0,0,0,0,0,0,0,0,0,0,0,0,0,0,0,0,0,0,0,0,0,0,0,0,0,0
924,1184,1554,1505,1665,1748,1920,1833,1833,1920,2064,2352,2496,2646,2756,3538,3904,3717,4464,4914,5460,5628,6072,6624,6461,7104,7777,8058,9102,9408,10266,13266,13770,14840,16464,17825,19320,20910,22962,27072,30396,33540,38868,43500,53480,58706,69006,84350,104252,122235,130917,138471,133848,131824,131784,131868,130650,0,0,0,0,0,0,0,0,0,0,0,0,0,0,0,0,0,0,0,0,0,0,0,0,0,0,0,0,0,0,0,0,0,0,0,0,0,0,0,0,0,0,0,0,0,0,0,0,0,0,0,0,0,0,0,0,0,0,0,0,0,0,0,0,0,0,0,0,0,0,0,0,0,0,0,0,0,0,0,0,0,0,0,0,0,0,0,0,0,0,0,0,0,0,0,0,0,0,0,0,0,0,0,0,0,0,0,0,0,0,0,0,0,0,0,0,0,0,0,0,0,0,0,0,0,0
575,575,575,575,598,598,624,648,675,754,837,868,896,957,928,990,1020,1050,1050,960,992,1085,1050,1085,1088,1120,1120,1188,1258,1258,1330,1365,1440,1517,1476,1476,1628,1755,1786,1786,1950,1960,1960,2091,2091,2142,2288,2484,2688,2793,2793,2950,3111,2989,3100,3264,3380,3392,3672,4130,4307,4560,4712,5070,5184,5312,5865,6003,6497,7081,8240,8466,9630,10146,10080,11020,11780,13068,15015,16385,18513,19908,21912,24112,27072,31365,35520,39010,46080,51870,60903,75258,92598,111925,140448,160356,154860,153000,154049,145803,123648,0,0,0,0,0,0,0,0,0,0,0,0,0,0,0,0,0,0,0,0,0,0,0,0,0,0,0,0,0,0,0,0,0,0,0,0,0,0,0,0,0,0,0,0,0,0,0,0,0,0,0,0,0,0,0,0,0,0,0,0,0,0,0,0,0,0,0,0,0,0,0,0,0,0,0,0,0,0,0,0,0,0
1628,2958,3120,3380,3024,3213,3564,3315,3795,4218,4307,4636,4500,5022,5002,5655,6300,6882,7474,9184,9213,10829,12096,12901,14768,15688,17270,18630,21472,23680,27462,30740,35343,40508,49404,56536,68552,81360,94234,102648,113245,117276,117180,115736,103467,94231,0,0,0,0,0,0,0,0,0,0,0,0,0,0,0,0,0,0,0,0,0,0,0,0,0,0,0,0,0,0,0,0,0,0,0,0,0,0,0,0,0,0,0,0,0,0,0,0,0,0,0,0,0,0,0,0,0,0,0,0,0,0,0,0,0,0,0,0,0,0,0,0,0,0,0,0,0,0,0,0,0,0,0,0,0,0,0,0,0,0,0,0,0,0,0,0,0,0,0,0,0,0,0,0,0,0,0,0,0,0,0,0,0,0,0,0,0,0,0,0,0,0,0,0,0,0,0,0,0,0,0,0,0,0,0,0,0
1326,1330,1480,3402,3402,3640,3640,4189,4514,4560,5330,5658,6020,6570,6319,6716,8000,8262,9130,9900,10904,11904,13034,14214,16650,19397,20374,23275,27264,32130,35478,41650,49959,61306,73926,87538,90363,102718,105336,94423,99457,92964,84870,56286,0,0,0,0,0,0,0,0,0,0,0,0,0,0,0,0,0,0,0,0,0,0,0,0,0,0,0,0,0,0,0,0,0,0,0,0,0,0,0,0,0,0,0,0,0,0,0,0,0,0,0,0,0,0,0,0,0,0,0,0,0,0,0,0,0,0,0,0,0,0,0,0,0,0,0,0,0,0,0,0,0,0,0,0,0,0,0,0,0,0,0,0,0,0,0,0,0,0,0,0,0,0,0,0,0,0,0,0,0,0,0,0,0,0,0,0,0,0,0,0,0,0,0,0,0,0,0,0,0,0,0,0,0,0,0,0,0,0,0
550,500,520,513,532,609,588,672,780,744,780,837,780,810,864,837,924,924,928,990,990,1020,1116,1147,1221,1400,1365,1365,1440,3472,3339,4118,4366,4636,4914,5265,5265,6300,6674,8085,8514,9240,10115,10769,11439,13132,14214,15900,17222,19942,22176,25270,29328,33592,40672,46632,56454,70834,85410,104118,138084,151158,151158,146264,145112,131712,0,0,0,0,0,0,0,0,0,0,0,0,0,0,0,0,0,0,0,0,0,0,0,0,0,0,0,0,0,0,0,0,0,0,0,0,0,0,0,0,0,0,0,0,0,0,0,0,0,0,0,0,0,0,0,0,0,0,0,0,0,0,0,0,0,0,0,0,0,0,0,0,0,0,0,0,0,0,0,0,0,0,0,0,0,0,0,0,0,0,0,0,0,0,0,0,0,0,0,0,0,0,0,0,0,0,0,0,0,0,0,0,0,0,0,0,0
1800,1968,2009,2050,2100,2236,2438,2340,2484,2530,2793,2964,3402,3520,3886,3770,4080,4340,4464,5005,5265,5293,6106,6408,6734,7469,8364,9520,9546,10413,10647,13566,15260,17710,19602,22317,25482,29346,33127,38540,46540,56940,70956,88060,107730,134505,140784,141246,133578,129954,116523,83848,0,0,0,0,0,0,0,0,0,0,0,0,0,0,0,0,0,0,0,0,0,0,0,0,0,0,0,0,0,0,0,0,0,0,0,0,0,0,0,0,0,0,0,0,0,0,0,0,0,0,0,0,0,0,0,0,0,0,0,0,0,0,0,0,0,0,0,0,0,0,0,0,0,0,0,0,0,0,0,0,0,0,0,0,0,0,0,0,0,0,0,0,0,0,0,0,0,0,0,0,0,0,0,0,0,0,0,0,0,0,0,0,0,0,0,0,0,0,0,0,0,0,0,0,0,0,0,0,0,0,0
837,837,837,837,952,980,957,1050,1015,986,1050,1152,3726,4104,5166,5292,6210,7068,9072,10062,11439,12804,14352,15476,16568,19754,21971,25862,29808,35639,40670,51799,62220,81664,101781,131100,144824,149328,147447,138240,125324,86020,0,0,0,0,0,0,0,0,0,0,0,0,0,0,0,0,0,0,0,0,0,0,0,0,0,0,0,0,0,0,0,0,0,0,0,0,0,0,0,0,0,0,0,0,0,0,0,0,0,0,0,0,0,0,0,0,0,0,0,0,0,0,0,0,0,0,0,0,0,0,0,0,0,0,0,0,0,0,0,0,0,0,0,0,0,0,0,0,0,0,0,0,0,0,0,0,0,0,0,0,0,0,0,0,0,0,0,0,0,0,0,0,0,0,0,0,0,0,0,0,0,0,0,0,0,0,0,0,0,0,0,0,0,0,0,0,0,0,0,0,0
1120,1116,1152,1258,1295,1404,1520,1845,1932,2016,2150,2300,2484,2592,2632,3363,5183,6970,6716,6984,8085,9379,10296,12096,12028,14385,15582,19276,21546,26320,30545,37620,44275,55751,69542,91500,121693,137142,130065,133518,126160,116518,0,0,0,0,0,0,0,0,0,0,0,0,0,0,0,0,0,0,0,0,0,0,0,0,0,0,0,0,0,0,0,0,0,0,0,0,0,0,0,0,0,0,0,0,0,0,0,0,0,0,0,0,0,0,0,0,0,0,0,0,0,0,0,0,0,0,0,0,0,0,0,0,0,0,0,0,0,0,0,0,0,0,0,0,0,0,0,0,0,0,0,0,0,0,0,0,0,0,0,0,0,0,0,0,0,0,0,0,0,0,0,0,0,0,0,0,0,0,0,0,0,0,0,0,0,0,0,0,0,0,0,0,0,0,0,0,0,0,0,0,0
800,1326,1326,1554,1476,1794,1840,1927,2058,2100,2279,2385,2491,2640,2695,2900,3770,3770,3894,4148,4209,4745,5025,5950,6192,6864,8262,8904,9202,10980,12740,15012,16761,18998,21248,25071,29651,35200,42160,54528,65621,88447,110550,133743,129480,123462,112189,102200,89528,63664,0,0,0,0,0,0,0,0,0,0,0,0,0,0,0,0,0,0,0,0,0,0,0,0,0,0,0,0,0,0,0,0,0,0,0,0,0,0,0,0,0,0,0,0,0,0,0,0,0,0,0,0,0,0,0,0,0,0,0,0,0,0,0,0,0,0,0,0,0,0,0,0,0,0,0,0,0,0,0,0,0,0,0,0,0,0,0,0,0,0,0,0,0,0,0,0,0,0,0,0,0,0,0,0,0,0,0,0,0,0,0,0,0,0,0,0,0,0,0,0,0,0,0,0,0,0,0,0,0,0,0,0,0
810,924,1116,1152,1152,1184,1184,1326,1295,1400,1400,1404,1596,1638,1634,1716,1890,3078,3904,5478,5934,7956,8600,9167,10416,12804,14456,16610,19040,23010,27406,32984,40488,51150,66669,84845,113430,129870,125235,127008,116936,106896,86680,0,0,0,0,0,0,0,0,0,0,0,0,0,0,0,0,0,0,0,0,0,0,0,0,0,0,0,0,0,0,0,0,0,0,0,0,0,0,0,0,0,0,0,0,0,0,0,0,0,0,0,0,0,0,0,0,0,0,0,0,0,0,0,0,0,0,0,0,0,0,0,0,0,0,0,0,0,0,0,0,0,0,0,0,0,0,0,0,0,0,0,0,0,0,0,0,0,0,0,0,0,0,0,0,0,0,0,0,0,0,0,0,0,0,0,0,0,0,0,0,0,0,0,0,0,0,0,0,0,0,0,0,0,0,0,0,0,0,0,0
1116,1020,1116,1470,1665,1620,1702,1748,1927,2058,2193,2385,2444,2538,2900,3120,3180,3127,3762,3953,4260,4672,5082,5070,6141,6586,7885,8446,9612,10465,12707,15873,18096,20541,24206,28565,34320,42921,54054,69324,95004,109728,106641,104807,97656,73482,49600,0,0,0,0,0,0,0,0,0,0,0,0,0,0,0,0,0,0,0,0,0,0,0,0,0,0,0,0,0,0,0,0,0,0,0,0,0,0,0,0,0,0,0,0,0,0,0,0,0,0,0,0,0,0,0,0,0,0,0,0,0,0,0,0,0,0,0,0,0,0,0,0,0,0,0,0,0,0,0,0,0,0,0,0,0,0,0,0,0,0,0,0,0,0,0,0,0,0,0,0,0,0,0,0,0,0,0,0,0,0,0,0,0,0,0,0,0,0,0,0,0,0,0,0,0,0,0,0,0,0,0,0,0,0,0,0
572,550,552,598,648,700,780,1152,1178,1216,1248,1353,1428,1548,2346,2860,3080,3190,3420,3472,3944,4307,4836,5330,5780,6141,6862,7030,9379,11193,12707,14768,16416,18696,21360,27300,33440,41666,56064,73248,98000,124620,120479,115938,109550,0,0,0,0,0,0,0,0,0,0,0,0,0,0,0,0,0,0,0,0,0,0,0,0,0,0,0,0,0,0,0,0,0,0,0,0,0,0,0,0,0,0,0,0,0,0,0,0,0,0,0,0,0,0,0,0,0,0,0,0,0,0,0,0,0,0,0,0,0,0,0,0,0,0,0,0,0,0,0,0,0,0,0,0,0,0,0,0,0,0,0,0,0,0,0,0,0,0,0,0,0,0,0,0,0,0,0,0,0,0,0,0,0,0,0,0,0,0,0,0,0,0,0,0,0,0,0,0,0,0,0,0,0,0,0,0,0,0
528,528,528,552,1116,1216,1287,2200,2499,2703,3630,4060,4176,4819,5478,6003,6188,7008,8480,9492,11011,12936,14626,16740,19038,23184,28700,36270,46814,59364,82669,109344,117122,112871,107146,90852,0,0,0,0,0,0,0,0,0,0,0,0,0,0,0,0,0,0,0,0,0,0,0,0,0,0,0,0,0,0,0,0,0,0,0,0,0,0,0,0,0,0,0,0,0,0,0,0,0,0,0,0,0,0,0,0,0,0,0,0,0,0,0,0,0,0,0,0,0,0,0,0,0,0,0,0,0,0,0,0,0,0,0,0,0,0,0,0,0,0,0,0,0,0,0,0,0,0,0,0,0,0,0,0,0,0,0,0,0,0,0,0,0,0,0,0,0,0,0,0,0,0,0,0,0,0,0,0,0,0,0,0,0,0,0,0,0,0,0,0,0,0,0,0,0,0,0
598,624,575,598,648,700,725,1221,1292,1435,1428,1634,2499,3024,4130,4130,4453,4914,5478,6003,6417,7178,7904,9184,10890,11868,13563,16050,18860,21716,27777,34352,44376,59302,81039,109874,125120,121242,115830,98412,0,0,0,0,0,0,0,0,0,0,0,0,0,0,0,0,0,0,0,0,0,0,0,0,0,0,0,0,0,0,0,0,0,0,0,0,0,0,0,0,0,0,0,0,0,0,0,0,0,0,0,0,0,0,0,0,0,0,0,0,0,0,0,0,0,0,0,0,0,0,0,0,0,0,0,0,0,0,0,0,0,0,0,0,0,0,0,0,0,0,0,0,0,0,0,0,0,0,0,0,0,0,0,0,0,0,0,0,0,0,0,0,0,0,0,0,0,0,0,0,0,0,0,0,0,0,0,0,0,0,0,0,0,0,0,0,0,0,0,0,0,0,0
572,624,648,700,725,810,783,1184,1221,1216,1209,1360,1386,1584,2550,2754,3021,3477,3770,3876,4307,4650,5120,6248,6052,7448,8880,10148,11625,13938,16610,18170,21648,27440,34188,45212,61004,86031,117670,129444,124440,117902,0,0,0,0,0,0,0,0,0,0,0,0,0,0,0,0,0,0,0,0,0,0,0,0,0,0,0,0,0,0,0,0,0,0,0,0,0,0,0,0,0,0,0,0,0,0,0,0,0,0,0,0,0,0,0,0,0,0,0,0,0,0,0,0,0,0,0,0,0,0,0,0,0,0,0,0,0,0,0,0,0,0,0,0,0,0,0,0,0,0,0,0,0,0,0,0,0,0,0,0,0,0,0,0,0,0,0,0,0,0,0,0,0,0,0,0,0,0,0,0,0,0,0,0,0,0,0,0,0,0,0,0,0,0,0,0,0,0,0,0,0
550,598,575,624,648,648,702,783,1116,1184,1254,1287,1386,3136,3021,3233,3696,3876,4234,4836,5610,6279,6030,6840,8346,10092,11284,12998,15540,17920,20416,26578,33660,43690,59780,84680,115087,120802,116616,103500,0,0,0,0,0,0,0,0,0,0,0,0,0,0,0,0,0,0,0,0,0,0,0,0,0,0,0,0,0,0,0,0,0,0,0,0,0,0,0,0,0,0,0,0,0,0,0,0,0,0,0,0,0,0,0,0,0,0,0,0,0,0,0,0,0,0,0,0,0,0,0,0,0,0,0,0,0,0,0,0,0,0,0,0,0,0,0,0,0,0,0,0,0,0,0,0,0,0,0,0,0,0,0,0,0,0,0,0,0,0,0,0,0,0,0,0,0,0,0,0,0,0,0,0,0,0,0,0,0,0,0,0,0,0,0,0,0,0,0,0,0,0,0
2244,2928,3150,3432,3763,4218,4484,4898,5280,7050,7488,7956,9632,11316,12707,15347,17940,22176,26800,34350,46268,63240,91385,110580,110405,103950,94023,69488,0,0,0,0,0,0,0,0,0,0,0,0,0,0,0,0,0,0,0,0,0,0,0,0,0,0,0,0,0,0,0,0,0,0,0,0,0,0,0,0,0,0,0,0,0,0,0,0,0,0,0,0,0,0,0,0,0,0,0,0,0,0,0,0,0,0,0,0,0,0,0,0,0,0,0,0,0,0,0,0,0,0,0,0,0,0,0,0,0,0,0,0,0,0,0,0,0,0,0,0,0,0,0,0,0,0,0,0,0,0,0,0,0,0,0,0,0,0,0,0,0,0,0,0,0,0,0,0,0,0,0,0,0,0,0,0,0,0,0,0,0,0,0,0,0,0,0,0,0,0,0,0,0,0,0
2288,2385,2867,2773,3588,3315,3366,3834,3990,4636,5056,5494,6956,7623,8856,10384,11439,13860,16006,19942,23936,31031,41415,53465,76736,107160,109434,106602,90396,74952,0,0,0,0,0,0,0,0,0,0,0,0,0,0,0,0,0,0,0,0,0,0,0,0,0,0,0,0,0,0,0,0,0,0,0,0,0,0,0,0,0,0,0,0,0,0,0,0,0,0,0,0,0,0,0,0,0,0,0,0,0,0,0,0,0,0,0,0,0,0,0,0,0,0,0,0,0,0,0,0,0,0,0,0,0,0,0,0,0,0,0,0,0,0,0,0,0,0,0,0,0,0,0,0,0,0,0,0,0,0,0,0,0,0,0,0,0,0,0,0,0,0,0,0,0,0,0,0,0,0,0,0,0,0,0,0,0,0,0,0,0,0,0,0,0,0,0,0,0,0,0,0,0
546,500,1470,3016,3575,4118,4880,5103,6052,7469,8610,9844,11102,12960,14935,18480,23349,28905,37355,51606,75820,91080,104596,96526,80115,63867,0,0,0,0,0,0,0,0,0,0,0,0,0,0,0,0,0,0,0,0,0,0,0,0,0,0,0,0,0,0,0,0,0,0,0,0,0,0,0,0,0,0,0,0,0,0,0,0,0,0,0,0,0,0,0,0,0,0,0,0,0,0,0,0,0,0,0,0,0,0,0,0,0,0,0,0,0,0,0,0,0,0,0,0,0,0,0,0,0,0,0,0,0,0,0,0,0,0,0,0,0,0,0,0,0,0,0,0,0,0,0,0,0,0,0,0,0,0,0,0,0,0,0,0,0,0,0,0,0,0,0,0,0,0,0,0,0,0,0,0,0,0,0,0,0,0,0,0,0,0,0,0,0,0,0,0,0
2679,3864,4104,4307,5040,6230,7050,7722,9156,10560,11481,14100,17013,20064,25740,33300,46191,64000,76560,94864,91080,70224,55275,21204,0,0,0,0,0,0,0,0,0,0,0,0,0,0,0,0,0,0,0,0,0,0,0,0,0,0,0,0,0,0,0,0,0,0,0,0,0,0,0,0,0,0,0,0,0,0,0,0,0,0,0,0,0,0,0,0,0,0,0,0,0,0,0,0,0,0,0,0,0,0,0,0,0,0,0,0,0,0,0,0,0,0,0,0,0,0,0,0,0,0,0,0,0,0,0,0,0,0,0,0,0,0,0,0,0,0,0,0,0,0,0,0,0,0,0,0,0,0,0,0,0,0,0,0,0,0,0,0,0,0,0,0,0,0,0,0,0,0,0,0,0,0,0,0,0,0,0,0,0,0,0,0,0,0,0,0,0,0,0
1312,3795,4543,4880,5460,6882,7900,9047,10413,11830,14140,17222,21296,26136,34650,49456,68640,84500,102720,85624,69975,54378,0,0,0,0,0,0,0,0,0,0,0,0,0,0,0,0,0,0,0,0,0,0,0,0,0,0,0,0,0,0,0,0,0,0,0,0,0,0,0,0,0,0,0,0,0,0,0,0,0,0,0,0,0,0,0,0,0,0,0,0,0,0,0,0,0,0,0,0,0,0,0,0,0,0,0,0,0,0,0,0,0,0,0,0,0,0,0,0,0,0,0,0,0,0,0,0,0,0,0,0,0,0,0,0,0,0,0,0,0,0,0,0,0,0,0,0,0,0,0,0,0,0,0,0,0,0,0,0,0,0,0,0,0,0,0,0,0,0,0,0,0,0,0,0,0,0,0,0,0,0,0,0,0,0,0,0,0,0,0,0,0
570,580,560,551,551,600,609,609,651,1435,1476,1554,1596,1748,1794,1880,1872,2050,2576,2484,2736,2900,3445,3445,3618,3920,3920,3795,3960,3905,4144,4543,4575,5166,5478,5796,5832,6225,7440,7760,7505,8383,8568,9222,9048,9288,9744,10413,10890,11625,12126,12255,13132,13700,14544,14946,15836,17050,17854,18792,20328,21625,23628,24522,26410,28855,30723,34720,36888,39435,44115,48495,51142,56539,63954,70525,82720,97643,109600,133444,146792,186104,186375,184526,172480,163681,162435,157437,155295,154874,143317,137970,123550,112161,96570,0,0,0,0,0,0,0,0,0,0,0,0,0,0,0,0,0,0,0,0,0,0,0,0,0,0,0,0,0,0,0,0,0,0,0,0,0,0,0,0,0,0,0,0,0,0,0,0,0,0,0,0,0,0,0,0,0,0,0,0,0,0,0,0,0,0,0,0,0,0,0,0,0,0,0,0,0,0,0,0,0,0,0,0,0,0,0,0
858,884,952,1085,1116,1216,1216,1216,1216,1178,1178,1287,1280,1312,1386,1353,1386,1386,1462,1540,1620,1620,1702,1739,1739,1776,1824,1950,2091,1911,1911,1950,2000,1960,1968,2009,2150,2200,2288,2332,2288,2632,2880,2989,2989,2940,3038,3162,3233,3392,3432,3905,3795,3795,3990,3990,4260,4366,4500,4819,4977,5056,5330,5808,6052,6120,6279,6696,6935,7275,7469,7854,8240,9156,9520,10005,10062,10560,11718,12288,12838,13563,14729,16132,16761,17670,19481,20875,22528,24073,26082,28314,30192,32616,35866,38394,43434,46725,52521,59000,65805,74580,81450,97911,110684,121882,131670,141040,135142,135240,135199,135014,130676,124593,118769,116749,109875,106470,96768,82208,0,0,0,0,0,0,0,0,0,0,0,0,0,0,0,0,0,0,0,0,0,0,0,0,0,0,0,0,0,0,0,0,0,0,0,0,0,0,0,0,0,0,0,0,0,0,0,0,0,0,0,0,0,0,0,0,0,0,0,0,0,0,0
456,480,480,480,480,525,575,575,575,550,550,525,525,546,598,648,621,648,675,675,700,725,754,783,810,810,783,810,1080,1050,1015,1080,1015,1020,1044,1216,1184,1116,1116,1116,1209,1147,1216,1147,1216,1216,1248,1248,1287,1326,1287,1326,1287,1360,1365,1326,1326,1404,1480,1443,1482,1520,1560,1599,1638,1720,1720,1763,1845,1974,1974,2150,2200,2438,2392,2346,2444,2538,2585,2622,2679,2928,2832,3000,3000,3111,3402,3456,3465,3591,3776,3835,4087,4278,4352,4608,4940,5148,5280,5508,5727,5796,6177,6512,6825,7084,7176,7968,8148,8514,9256,9919,9919,10695,11252,11737,12954,13780,14364,16614,17464,18018,19939,20769,23392,25844,27636,30690,33127,36354,40420,44835,50806,55600,64144,70425,80682,94576,113600,137655,189572,192780,189126,194742,190080,173060,170377,167778,168630,51584,0,0,0,0,0,0,0,0,0,0,0,0,0,0,0,0,0,0,0,0,0,0,0,0,0,0,0,0,0,0,0,0,0
475,525,546,540,520,638,588,616,588,609,588,638,638,660,630,609,660,660,690,682,682,713,744,780,713,780,806,806,800,875,875,850,884,945,972,1026,1036,1008,1044,1015,1050,1080,1110,1178,1178,1280,1280,1353,1320,1470,1394,1394,1394,1470,1435,1470,1505,1548,1584,1665,1748,1833,1794,1960,2050,2050,2193,2332,2430,2430,2530,2773,2773,2820,2940,2989,3087,3200,3657,3604,3536,3850,4015,4234,4350,4408,4661,5146,5418,5742,6348,6510,6745,7178,7623,8400,8988,9576,10208,11011,12288,12998,14241,15184,16677,18419,19844,21924,24206,27383,30932,34410,39765,43860,51042,58588,67942,80608,99197,102168,105560,99459,103596,100282,96292,94804,89650,83979,80089,69126,58320,0,0,0,0,0,0,0,0,0,0,0,0,0,0,0,0,0,0,0,0,0,0,0,0,0,0,0,0,0,0,0,0,0,0,0,0,0,0,0,0,0,0,0,0,0,0,0,0,0,0,0,0
468,540,560,504,540,540,560,580,580,630,638,682,682,682,690,690,667,690,690,690,736,713,720,736,720,713,713,720,744,775,800,832,891,945,952,924,924,986,952,952,952,1015,1015,1080,1050,1050,1080,1120,1116,1184,1184,1184,1224,1254,1394,1428,1428,1435,1505,1505,1462,1540,1748,1794,1880,1920,1920,1880,1927,1927,2009,2150,2200,2340,2385,2484,2530,2646,2800,2958,3150,3150,3233,3510,3510,3752,3752,4130,4189,4526,4636,5070,5360,5796,5950,6586,6887,7144,7238,7623,8262,8632,9790,10101,11210,12028,13200,14144,15228,17612,19344,21285,22780,24920,28500,31620,34830,39546,45500,54096,62928,72960,86779,106932,116480,118091,115872,115020,122822,113293,114332,107623,107748,106488,100776,91728,0,0,0,0,0,0,0,0,0,0,0,0,0,0,0,0,0,0,0,0,0,0,0,0,0,0,0,0,0,0,0,0,0,0,0,0,0,0,0,0,0,0,0,0,0,0,0
3888,4392,4392,4672,5427,5494,5865,6035,6351,6916,11832,11020,12200,16854,17441,16023,18271,19716,20250,24024,24920,26884,30096,33578,38250,42898,50424,57855,71604,78153,98450,193140,198360,181542,181376,0,0,0,0,0,0,0,0,0,0,0,0,0,0,0,0,0,0,0,0,0,0,0,0,0,0,0,0,0,0,0,0,0,0,0,0,0,0,0,0,0,0,0,0,0,0,0,0,0,0,0,0,0,0,0,0,0,0,0,0,0,0,0,0,0,0,0,0,0,0,0,0,0,0,0,0,0,0,0,0,0,0,0,0,0,0,0,0,0,0,0,0,0,0,0,0,0,0,0,0,0,0,0,0,0,0,0,0,0,0,0,0,0,0,0,0,0,0,0,0,0,0,0,0,0,0,0,0,0,0,0,0,0,0,0,0,0,0,0,0,0,0,0,0,0,0,0,0
273,308,308,308,352,330,391,368,368,408,374,391,391,456,456,456,456,432,468,400,476,384,416,400,416,400,442,468,468,442,442,522,532,522,540,588,616,616,616,588,588,588,638,720,690,690,744,744,775,825,825,832,825,800,891,832,810,806,744,720,800,825,864,918,945,918,1044,1044,1044,980,1073,1080,1080,1116,1152,1116,1152,1184,1188,1221,1224,1292,1292,1326,1400,1591,1628,1634,1755,1748,1755,1840,1968,1968,2058,2050,2100,2288,2295,2392,2444,2640,2842,3060,3016,3000,3150,3510,3584,3575,3886,4002,4130,4392,4650,5135,5576,6106,6351,6750,6887,7392,7742,8019,8798,9790,10396,11210,12416,13500,14946,17082,19096,20992,22743,25340,30225,33549,36960,43120,50997,61446,70374,88740,108528,119168,118698,118592,118706,114675,114111,108360,107010,104492,94815,82823,0,0,0,0,0,0,0,0,0,0,0,0,0,0,0,0,0,0,0,0,0,0,0,0,0,0,0
266,280,252,252,304,304,304,340,357,357,357,320,340,357,399,399,399,399,418,399,399,399,440,440,480,480,480,504,500,525,550,525,546,546,525,567,616,621,621,644,672,725,754,750,806,810,812,812,841,870,841,899,899,957,924,952,952,1050,1050,1085,1152,1224,1188,1155,1188,1184,1254,1221,1258,1326,1428,1462,1505,1505,1620,1710,1833,1911,2050,2091,1960,1968,2058,2016,2193,2346,2303,2597,2842,2900,3060,2907,3120,3186,3472,3705,3944,4189,4650,4774,5934,6390,6768,7238,7979,8262,9030,9701,10440,11346,12474,14628,15552,16758,18526,20088,21971,23760,27406,30843,34476,38794,46458,54978,63742,78422,97155,118996,154866,162097,168120,155673,151230,144677,106500,0,0,0,0,0,0,0,0,0,0,0,0,0,0,0,0,0,0,0,0,0,0,0,0,0,0,0,0,0,0,0,0,0,0,0,0,0,0,0,0,0,0,0,0,0,0,0,0
330,330,330,352,374,391,352,368,374,396,374,480,520,546,616,621,644,616,616,616,644,696,713,660,690,750,750,806,806,864,896,924,957,986,1008,1015,1050,1050,1085,1085,1120,1190,1258,1224,1221,1258,1470,1419,1428,1428,1470,1505,1584,1584,1786,1911,2000,1911,1872,1960,2050,2193,2340,2295,2438,2640,2700,2900,2950,3150,3445,3696,3740,3876,4071,4260,4575,5005,5576,6020,6192,6825,6860,7315,7821,8549,9288,9701,10998,11970,13266,14980,17228,19434,20736,23392,26784,31668,35208,40120,47915,60065,70180,87552,109612,113970,116960,115206,115648,113436,105600,107088,98784,91179,74730,0,0,0,0,0,0,0,0,0,0,0,0,0,0,0,0,0,0,0,0,0,0,0,0,0,0,0,0,0,0,0,0,0,0,0,0,0,0,0,0,0,0,0,0,0,0,0,0,0,0,0,0,0,0,0,0,0,0,0,0,0,0,0,0,0,0,0,0
330,391,391,384,384,368,391,396,396,396,391,456,456,432,400,408,459,408,396,500,500,550,621,621,648,648,696,750,780,780,899,900,868,896,896,957,990,1020,1020,1020,1085,1085,1050,1116,1224,1190,1188,1394,1476,1505,1620,1710,1665,1748,1786,1786,1833,1833,1880,2016,2200,2430,2392,2538,2695,2744,3000,3100,3328,3392,3696,3762,4071,4380,4800,5214,5658,5727,6351,6716,7050,7722,8300,9030,9990,11092,11875,13400,14734,17346,19500,21285,24464,29184,33600,39100,46872,59328,72000,89268,111220,115878,116724,116416,117320,114390,110687,104469,101352,86548,0,0,0,0,0,0,0,0,0,0,0,0,0,0,0,0,0,0,0,0,0,0,0,0,0,0,0,0,0,0,0,0,0,0,0,0,0,0,0,0,0,0,0,0,0,0,0,0,0,0,0,0,0,0,0,0,0,0,0,0,0,0,0,0,0,0,0,0,0,0,0,0,0
285,285,323,323,342,360,360,360,399,399,440,437,399,396,378,396,374,374,437,460,460,440,483,483,504,528,552,575,552,528,552,575,650,624,598,624,700,725,728,783,812,806,812,870,868,870,899,899,992,1085,1152,1221,1188,1254,1260,1221,1254,1258,1368,1368,1440,1440,1480,1665,1794,1786,1911,1989,2000,2091,2184,2236,2392,2376,2538,2632,2820,3162,3276,3224,3286,3575,3819,4189,4650,4788,5135,5658,6106,6900,7372,7931,8505,9435,10235,11712,12800,14385,16385,18564,21209,24030,27406,31878,38048,44856,54244,68138,84609,110828,154630,165240,154176,157194,146493,145915,132000,115866,0,0,0,0,0,0,0,0,0,0,0,0,0,0,0,0,0,0,0,0,0,0,0,0,0,0,0,0,0,0,0,0,0,0,0,0,0,0,0,0,0,0,0,0,0,0,0,0,0,0,0,0,0,0,0,0,0,0,0,0,0,0,0,0,0
336,352,330,345,330,368,414,408,408,391,391,396,414,396,425,425,400,352,572,546,546,572,616,696,720,725,783,896,924,1054,1178,1216,1248,1216,1280,1386,1419,1462,1462,1591,1634,1634,1710,1755,1800,1968,1880,2193,2385,2332,2585,2640,3009,2950,3111,3510,3808,4161,4425,4636,4788,5148,5412,5916,6417,7275,7663,8383,9265,10620,11280,13200,14595,17901,19840,22230,25576,31059,36000,44500,53568,65698,88854,112736,116100,112465,112056,106470,101920,98940,87892,73580,0,0,0,0,0,0,0,0,0,0,0,0,0,0,0,0,0,0,0,0,0,0,0,0,0,0,0,0,0,0,0,0,0,0,0,0,0,0,0,0,0,0,0,0,0,0,0,0,0,0,0,0,0,0,0,0,0,0,0,0,0,0,0,0,0,0,0,0,0,0,0,0,0,0,0,0,0,0,0,0,0,0,0,0,0,0,0,0,0,0,0
475,546,638,638,660,825,825,891,918,924,952,980,891,3087,3168,3283,3519,3692,4088,4218,4640,5246,5184,5628,5762,6300,6900,11438,9828,10396,11160,12000,13837,15052,16720,19800,22962,27200,29492,35420,44322,51870,66356,84378,116030,163000,175896,181362,169187,164943,156792,123328,0,0,0,0,0,0,0,0,0,0,0,0,0,0,0,0,0,0,0,0,0,0,0,0,0,0,0,0,0,0,0,0,0,0,0,0,0,0,0,0,0,0,0,0,0,0,0,0,0,0,0,0,0,0,0,0,0,0,0,0,0,0,0,0,0,0,0,0,0,0,0,0,0,0,0,0,0,0,0,0,0,0,0,0,0,0,0,0,0,0,0,0,0,0,0,0,0,0,0,0,0,0,0,0,0,0,0,0,0,0,0,0,0,0,0,0,0,0,0,0,0,0,0,0,0,0,0,0,0,0,0
432,513,672,621,648,672,672,644,837,837,837,896,990,1023,1054,1122,1122,1056,1088,1085,1152,1221,1216,1365,1435,1476,1554,1665,1748,1716,1755,1932,1927,1974,1968,2068,2250,2484,2585,2850,2958,3120,3300,3528,3575,3850,4292,4588,4697,4836,5135,5865,6348,6768,7469,8364,9396,10530,12028,13770,15620,18788,21082,23852,27594,33649,39950,49580,64260,83661,113542,137456,141426,138910,133947,129034,127100,121875,94240,0,0,0,0,0,0,0,0,0,0,0,0,0,0,0,0,0,0,0,0,0,0,0,0,0,0,0,0,0,0,0,0,0,0,0,0,0,0,0,0,0,0,0,0,0,0,0,0,0,0,0,0,0,0,0,0,0,0,0,0,0,0,0,0,0,0,0,0,0,0,0,0,0,0,0,0,0,0,0,0,0,0,0,0,0,0,0,0,0,0,0,0,0,0,0,0,0,0,0,0,0,0,0,0
550,775,775,768,775,750,810,928,928,896,960,990,1020,1428,1496,1496,1505,1548,1628,1665,1665,1824,1872,2009,2009,2009,2385,2530,2585,2793,3240,3348,3520,4002,4012,4140,4526,4898,5478,5934,6862,7752,8505,9918,10829,12446,14040,15444,18290,21375,25760,29800,36675,44958,54619,71832,100492,135598,155262,156195,155184,138106,133940,117975,0,0,0,0,0,0,0,0,0,0,0,0,0,0,0,0,0,0,0,0,0,0,0,0,0,0,0,0,0,0,0,0,0,0,0,0,0,0,0,0,0,0,0,0,0,0,0,0,0,0,0,0,0,0,0,0,0,0,0,0,0,0,0,0,0,0,0,0,0,0,0,0,0,0,0,0,0,0,0,0,0,0,0,0,0,0,0,0,0,0,0,0,0,0,0,0,0,0,0,0,0,0,0,0,0,0,0,0,0,0,0,0,0,0,0,0,0,0,0
525,575,575,644,667,720,696,725,700,972,999,1008,1073,1280,1248,1320,1428,1462,1540,1610,2100,2322,2668,2832,3111,3402,3445,3604,4292,4661,6955,7910,7315,7663,7770,8769,9660,11000,12350,13483,15540,18170,22912,27072,31800,40247,50964,70620,93121,132683,139854,139334,131537,135141,129870,115479,28620,0,0,0,0,0,0,0,0,0,0,0,0,0,0,0,0,0,0,0,0,0,0,0,0,0,0,0,0,0,0,0,0,0,0,0,0,0,0,0,0,0,0,0,0,0,0,0,0,0,0,0,0,0,0,0,0,0,0,0,0,0,0,0,0,0,0,0,0,0,0,0,0,0,0,0,0,0,0,0,0,0,0,0,0,0,0,0,0,0,0,0,0,0,0,0,0,0,0,0,0,0,0,0,0,0,0,0,0,0,0,0,0,0,0,0,0,0,0,0,0,0,0,0,0,0,0
750,750,810,780,840,896,1023,992,1023,1085,1188,1088,1221,1292,1320,1476,1476,1548,1628,1634,1677,1710,1794,1880,1760,2009,2332,2430,2484,2793,2950,3172,3348,3575,4047,4060,4514,4851,5120,5628,6210,6840,7600,8528,9718,11408,13167,15301,17595,20708,24206,30000,35392,47422,60680,80152,116334,140165,134514,127965,122220,120498,116112,82040,0,0,0,0,0,0,0,0,0,0,0,0,0,0,0,0,0,0,0,0,0,0,0,0,0,0,0,0,0,0,0,0,0,0,0,0,0,0,0,0,0,0,0,0,0,0,0,0,0,0,0,0,0,0,0,0,0,0,0,0,0,0,0,0,0,0,0,0,0,0,0,0,0,0,0,0,0,0,0,0,0,0,0,0,0,0,0,0,0,0,0,0,0,0,0,0,0,0,0,0,0,0,0,0,0,0,0,0,0,0,0,0,0,0,0,0,0,0,0
315,396,418,437,437,456,456,456,432,456,500,546,546,525,525,504,550,520,520,572,598,672,672,660,750,690,744,891,918,924,928,924,1050,1080,1147,1292,1292,1292,1365,1360,1435,1584,1665,1665,1702,1824,1976,1989,2120,2214,2565,2622,2726,3233,3456,3933,4140,4425,4758,5265,5628,6324,6862,8137,8690,10320,11844,13635,16352,18954,23010,27105,32264,39445,51870,69056,96924,123266,124950,125355,123840,116955,103500,79492,0,0,0,0,0,0,0,0,0,0,0,0,0,0,0,0,0,0,0,0,0,0,0,0,0,0,0,0,0,0,0,0,0,0,0,0,0,0,0,0,0,0,0,0,0,0,0,0,0,0,0,0,0,0,0,0,0,0,0,0,0,0,0,0,0,0,0,0,0,0,0,0,0,0,0,0,0,0,0,0,0,0,0,0,0,0,0,0,0,0,0,0,0,0,0,0,0,0,0
644,500,744,621,775,667,800,720,806,744,750,832,918,980,980,980,986,957,1015,1044,1116,1080,1178,1209,1353,1386,1428,1505,1512,1620,1748,1833,2009,2814,2494,2623,2365,2552,2700,2760,3072,3264,3520,3933,4104,4176,5070,6003,6699,7050,7500,8190,9153,10947,12255,13720,16459,20172,23807,28512,36729,44720,60900,82600,118592,136178,145914,132114,128710,121338,100674,0,0,0,0,0,0,0,0,0,0,0,0,0,0,0,0,0,0,0,0,0,0,0,0,0,0,0,0,0,0,0,0,0,0,0,0,0,0,0,0,0,0,0,0,0,0,0,0,0,0,0,0,0,0,0,0,0,0,0,0,0,0,0,0,0,0,0,0,0,0,0,0,0,0,0,0,0,0,0,0,0,0,0,0,0,0,0,0,0,0,0,0,0,0,0,0,0,0,0,0,0,0,0,0,0,0,0,0,0,0,0,0
858,884,1360,1326,1554,1628,1665,1950,2091,2268,2464,2688,2832,3185,3588,3976,4392,4697,5229,5742,6256,6935,8190,9379,10353,11684,13386,15750,19488,23808,30429,37994,49350,66253,96500,133774,136956,132588,123904,112326,79552,0,0,0,0,0,0,0,0,0,0,0,0,0,0,0,0,0,0,0,0,0,0,0,0,0,0,0,0,0,0,0,0,0,0,0,0,0,0,0,0,0,0,0,0,0,0,0,0,0,0,0,0,0,0,0,0,0,0,0,0,0,0,0,0,0,0,0,0,0,0,0,0,0,0,0,0,0,0,0,0,0,0,0,0,0,0,0,0,0,0,0,0,0,0,0,0,0,0,0,0,0,0,0,0,0,0,0,0,0,0,0,0,0,0,0,0,0,0,0,0,0,0,0,0,0,0,0,0,0,0,0,0,0,0,0,0,0,0,0,0,0,0
648,725,750,837,810,780,810,840,899,899,1015,1050,1184,1320,1394,1428,1462,1470,1554,2538,2585,2632,2989,3498,3850,3876,4425,5120,5848,6497,7220,7979,9350,10647,12707,14382,17556,20956,25976,33418,42926,58828,80585,111720,114264,114285,107898,97825,84322,0,0,0,0,0,0,0,0,0,0,0,0,0,0,0,0,0,0,0,0,0,0,0,0,0,0,0,0,0,0,0,0,0,0,0,0,0,0,0,0,0,0,0,0,0,0,0,0,0,0,0,0,0,0,0,0,0,0,0,0,0,0,0,0,0,0,0,0,0,0,0,0,0,0,0,0,0,0,0,0,0,0,0,0,0,0,0,0,0,0,0,0,0,0,0,0,0,0,0,0,0,0,0,0,0,0,0,0,0,0,0,0,0,0,0,0,0,0,0,0,0,0,0,0,0,0,0,0,0,0,0,0,0,0
360,360,378,399,420,462,460,504,504,504,550,546,546,567,616,594,594,616,644,667,667,696,720,750,775,800,891,918,1015,980,1110,1110,1044,1140,1216,1320,1353,1512,1591,1628,1786,1927,1886,2107,2250,2250,2484,2784,2950,2891,3213,3905,4350,4680,4898,5934,6930,7372,7725,8720,10234,12160,14342,16632,20625,25160,32100,41416,55104,78888,116724,153126,150406,151815,133548,0,0,0,0,0,0,0,0,0,0,0,0,0,0,0,0,0,0,0,0,0,0,0,0,0,0,0,0,0,0,0,0,0,0,0,0,0,0,0,0,0,0,0,0,0,0,0,0,0,0,0,0,0,0,0,0,0,0,0,0,0,0,0,0,0,0,0,0,0,0,0,0,0,0,0,0,0,0,0,0,0,0,0,0,0,0,0,0,0,0,0,0,0,0,0,0,0,0,0,0,0,0,0,0,0,0,0,0
368,442,459,744,960,1054,1054,1088,1155,1120,1368,1400,1512,1554,1716,1672,1800,1927,2021,2100,2150,2538,2736,3120,3233,3528,3648,4130,4914,4960,5412,6351,7125,8100,9570,11640,13802,16758,20701,26508,33327,44392,60976,93291,137280,145222,144179,134505,131376,110864,0,0,0,0,0,0,0,0,0,0,0,0,0,0,0,0,0,0,0,0,0,0,0,0,0,0,0,0,0,0,0,0,0,0,0,0,0,0,0,0,0,0,0,0,0,0,0,0,0,0,0,0,0,0,0,0,0,0,0,0,0,0,0,0,0,0,0,0,0,0,0,0,0,0,0,0,0,0,0,0,0,0,0,0,0,0,0,0,0,0,0,0,0,0,0,0,0,0,0,0,0,0,0,0,0,0,0,0,0,0,0,0,0,0,0,0,0,0,0,0,0,0,0,0,0,0,0,0,0,0,0,0,0
396,396,575,575,621,672,648,725,780,783,899,961,1023,1054,1188,1258,1360,1435,1470,1548,1710,1755,1920,1920,2009,2193,2538,2850,3120,3294,3834,4307,4636,4960,5780,6177,7220,8424,10146,12125,14805,18055,22000,28512,37884,53480,79092,116063,117594,112716,106720,95734,0,0,0,0,0,0,0,0,0,0,0,0,0,0,0,0,0,0,0,0,0,0,0,0,0,0,0,0,0,0,0,0,0,0,0,0,0,0,0,0,0,0,0,0,0,0,0,0,0,0,0,0,0,0,0,0,0,0,0,0,0,0,0,0,0,0,0,0,0,0,0,0,0,0,0,0,0,0,0,0,0,0,0,0,0,0,0,0,0,0,0,0,0,0,0,0,0,0,0,0,0,0,0,0,0,0,0,0,0,0,0,0,0,0,0,0,0,0,0,0,0,0,0,0,0,0,0,0,0,0,0
990,1089,1156,1296,1295,1295,1295,1295,1330,1440,1517,1512,1476,1476,1517,1512,1554,1591,1634,1634,1672,1634,1760,1760,1800,1840,1845,1886,1886,1974,1974,2064,2064,2050,2100,2009,2150,2444,2491,2491,2592,2640,2744,2744,3009,2958,3172,3402,3339,3696,3740,3685,3564,4200,4392,4544,4824,5700,5576,6230,6497,6862,7008,7469,7252,7828,8085,8774,9156,9831,10115,11193,10890,11102,11938,13068,13365,13938,15225,17064,16983,17940,19188,20111,20706,22932,24024,25380,26634,29638,31500,33069,37098,41553,45645,49950,54817,60900,66982,78089,85200,96750,110922,126119,146048,152998,155722,152082,156342,157734,155474,156025,145542,144800,129812,0,0,0,0,0,0,0,0,0,0,0,0,0,0,0,0,0,0,0,0,0,0,0,0,0,0,0,0,0,0,0,0,0,0,0,0,0,0,0,0,0,0,0,0,0,0,0,0,0,0,0,0,0,0,0,0,0,0,0,0,0,0,0,0,0,0,0,0
924,990,1054,1116,1184,1184,1258,1287,1320,1400,1476,1470,1470,1512,1548,1476,1440,1476,1596,1634,1634,1677,1720,1980,1980,1974,1974,2107,2150,2250,2244,2438,2444,2538,2538,2530,2640,2640,2695,2800,2907,2958,3180,3233,3348,3528,3520,3835,3953,4080,3953,4020,4026,4154,4340,4464,4650,5070,5214,5576,5796,5964,6177,6586,6825,7098,7347,7452,8428,8925,8944,9222,9191,10152,10767,11700,12360,13250,14124,14715,15587,16790,17135,18876,20286,21590,22572,23541,25208,27406,30400,33384,35742,39312,43400,47060,53461,57810,65448,74654,85116,95571,146888,146580,149694,149850,139093,139080,125290,107088,90480,0,0,0,0,0,0,0,0,0,0,0,0,0,0,0,0,0,0,0,0,0,0,0,0,0,0,0,0,0,0,0,0,0,0,0,0,0,0,0,0,0,0,0,0,0,0,0,0,0,0,0,0,0,0,0,0,0,0,0,0,0,0,0,0,0,0,0,0,0,0,0,0
1295,1368,1368,1444,1443,1558,1640,1599,1600,1640,1680,1722,1720,1845,1845,1848,1980,1932,2024,2160,2112,2250,2346,2397,2597,2597,2592,2592,2695,2805,2850,3021,3132,3240,3240,3472,3472,3654,3776,3894,3960,4260,4248,4464,5544,6075,6318,5293,5600,6225,6290,6106,6862,6734,7315,7546,7623,8112,8400,8856,9632,9890,10591,10881,11685,12672,13905,14248,15620,16986,18369,19844,20750,22794,24024,26460,28116,29896,33540,36729,40320,44929,51888,59186,64480,75670,89562,104559,117045,138966,153920,165668,171465,164565,162132,159068,160643,152892,154445,142000,123322,0,0,0,0,0,0,0,0,0,0,0,0,0,0,0,0,0,0,0,0,0,0,0,0,0,0,0,0,0,0,0,0,0,0,0,0,0,0,0,0,0,0,0,0,0,0,0,0,0,0,0,0,0,0,0,0,0,0,0,0,0,0,0,0,0,0,0,0,0,0,0,0,0,0,0,0,0,0,0,0,0,0
624,650,624,675,756,756,510,624,544,576,870,608,783,527,837,899,960,957,1020,990,1054,1054,1054,1054,1054,1120,1184,1184,608,1394,1554,1591,1591,1634,1665,1628,1716,1677,1716,1716,1716,1760,1804,1932,1932,2115,2160,2300,2397,2392,2496,2700,2700,2750,2850,3016,3021,3132,3304,3416,3472,3762,4002,4440,4140,4209,4347,4480,4536,4672,4810,5226,5670,5760,6059,6290,6840,6992,7280,8217,8568,8670,9328,9464,10080,10545,12100,12463,13886,14740,15732,16704,17880,19908,21450,22876,24249,26784,30049,32186,36465,40890,44144,48918,55348,64584,76140,89693,104429,121002,135720,135828,135337,139060,132834,126786,116964,109272,99603,80496,0,0,0,0,0,0,0,0,0,0,0,0,0,0,0,0,0,0,0,0,0,0,0,0,0,0,0,0,0,0,0,0,0,0,0,0,0,0,0,0,0,0,0,0,0,0,0,0,0,0,0,0,0,0,0,0,0,0,0,0,0,0,0
432,475,504,528,729,754,784,729,756,784,756,784,784,812,841,870,840,870,840,870,841,900,930,930,900,960,957,957,957,1024,1054,1155,1156,1190,1224,1258,1254,1221,1295,1258,1332,1295,1332,1406,1443,1558,1755,1840,1763,1892,1848,1845,2107,2200,2250,2392,2392,2444,2548,2650,2754,2907,3016,3127,3074,3180,3355,3355,3520,3640,4012,4200,4402,4526,4940,5304,5304,5372,5727,6106,6438,6776,7347,7347,7954,8484,9360,9464,10152,10810,11781,12669,13624,14824,16016,16416,17818,19481,21543,22704,24656,27456,31376,33912,37064,40527,47656,55836,61864,76610,86838,100875,119262,126293,123605,123188,121520,115320,107952,98910,87532,74256,0,0,0,0,0,0,0,0,0,0,0,0,0,0,0,0,0,0,0,0,0,0,0,0,0,0,0,0,0,0,0,0,0,0,0,0,0,0,0,0,0,0,0,0,0,0,0,0,0,0,0,0,0,0,0,0,0,0,0,0,0
418,440,460,483,483,460,460,460,460,460,480,504,480,480,483,504,1156,1224,1295,1368,1406,1443,1443,1482,1521,1521,1599,1640,1720,1848,1764,1890,1978,1935,1978,2021,2156,2295,2254,2352,2352,2400,2499,2548,2703,2862,2862,3136,3192,3360,3538,3648,3712,3965,4278,4402,4588,4788,4992,5304,5740,5751,6351,6643,7176,7954,8134,8840,8961,9288,9416,10208,11132,11904,13068,14008,15840,16464,17710,19926,21632,24738,28826,29638,32395,41416,41934,48807,56118,67792,79771,92622,109368,124764,136408,133278,136500,131537,130310,130572,130986,100548,86940,0,0,0,0,0,0,0,0,0,0,0,0,0,0,0,0,0,0,0,0,0,0,0,0,0,0,0,0,0,0,0,0,0,0,0,0,0,0,0,0,0,0,0,0,0,0,0,0,0,0,0,0,0,0,0,0,0,0,0,0,0,0,0,0,0,0,0,0,0,0,0,0,0,0,0,0,0,0,0,0
1120,1584,1470,1505,1591,1628,1554,1591,1634,1760,1760,1840,1974,1845,2064,2200,2300,2444,2544,2585,2744,2907,2958,3016,3120,3348,3762,3696,4080,4200,4392,4148,4216,4800,4928,5082,5576,5810,6278,6424,6825,7900,7821,8343,8549,9345,10101,10904,11834,13260,13860,15207,16352,18207,19239,21080,23010,25296,29725,32130,36450,40898,48024,53900,64372,75768,93034,105056,123093,124232,120472,119196,114245,106808,94446,84825,66465,0,0,0,0,0,0,0,0,0,0,0,0,0,0,0,0,0,0,0,0,0,0,0,0,0,0,0,0,0,0,0,0,0,0,0,0,0,0,0,0,0,0,0,0,0,0,0,0,0,0,0,0,0,0,0,0,0,0,0,0,0,0,0,0,0,0,0,0,0,0,0,0,0,0,0,0,0,0,0,0,0,0,0,0,0,0,0,0,0,0,0,0,0,0,0,0,0,0,0,0,0,0,0,0,0,0
729,756,728,810,1188,1260,1260,1295,1330,1295,1330,1443,1443,1520,1596,1716,1794,1840,1880,1974,2021,2064,2250,2205,2156,2346,2397,2346,2491,2688,2736,3009,2958,3186,3233,3328,3465,3696,3953,4320,4500,4636,5056,5395,5478,5848,6020,6408,7050,7488,7800,8424,8774,9718,10591,11102,12445,13034,14420,15876,17248,18792,20040,22606,25192,27354,30488,35550,40320,46719,52640,63933,77970,93138,107984,116571,120528,117504,116116,112602,112220,105920,81719,68256,0,0,0,0,0,0,0,0,0,0,0,0,0,0,0,0,0,0,0,0,0,0,0,0,0,0,0,0,0,0,0,0,0,0,0,0,0,0,0,0,0,0,0,0,0,0,0,0,0,0,0,0,0,0,0,0,0,0,0,0,0,0,0,0,0,0,0,0,0,0,0,0,0,0,0,0,0,0,0,0,0,0,0,0,0,0,0,0,0,0,0,0,0,0,0,0,0,0,0
504,483,550,550,550,598,702,675,702,812,812,870,899,840,870,930,960,899,1020,1015,986,990,1116,1054,1085,1221,1120,1120,1155,1155,1088,1155,1258,1365,1435,1470,1554,1634,1596,1755,1716,1677,1806,1848,1890,1980,2160,2254,2400,2496,2600,2700,2907,3016,3132,3186,3186,3472,3591,4071,4148,4599,4526,4788,5056,5200,5412,5893,6364,6776,7268,7426,7938,8670,8944,9919,10944,11900,12120,13650,15594,16820,18819,20574,21717,24386,28564,31775,35208,38376,47685,55550,65534,77973,95460,106392,116412,115080,111254,105840,97773,89879,76880,0,0,0,0,0,0,0,0,0,0,0,0,0,0,0,0,0,0,0,0,0,0,0,0,0,0,0,0,0,0,0,0,0,0,0,0,0,0,0,0,0,0,0,0,0,0,0,0,0,0,0,0,0,0,0,0,0,0,0,0,0,0,0,0,0,0,0,0,0,0,0,0,0,0,0,0,0,0,0,0
418,456,440,483,484,529,650,650,650,625,650,648,700,700,700,756,812,840,837,840,899,841,870,868,840,868,899,961,930,992,961,992,992,1024,1089,1088,1088,1156,1156,1260,1295,1292,1295,1330,1368,1368,1440,1443,1558,1599,1596,1599,1935,1935,2024,2112,2205,2250,2350,2448,2496,2700,2856,2968,3078,3127,3528,3648,3705,3648,3835,4278,4672,5025,4992,5159,5372,6059,6336,6586,7084,7954,8300,9152,9828,10735,11368,12669,14231,14904,17433,19680,20250,23275,25392,28908,33127,36570,43966,49896,60030,75259,93600,115710,130678,133764,130647,123906,111848,81312,0,0,0,0,0,0,0,0,0,0,0,0,0,0,0,0,0,0,0,0,0,0,0,0,0,0,0,0,0,0,0,0,0,0,0,0,0,0,0,0,0,0,0,0,0,0,0,0,0,0,0,0,0,0,0,0,0,0,0,0,0,0,0,0,0,0,0,0,0,0,0,0,0
1254,1365,1440,1520,1596,1596,1716,1760,1845,1932,1974,2064,2254,2300,2392,2585,2736,2688,2695,3172,3162,3484,3551,3604,3876,4140,4992,5893,5780,6480,6643,6789,7296,7878,8586,8991,9545,10800,11718,13095,14832,15984,17094,19588,21402,23842,27522,31737,36640,44196,52542,62712,77631,99320,121836,157538,164190,159176,155574,132012,0,0,0,0,0,0,0,0,0,0,0,0,0,0,0,0,0,0,0,0,0,0,0,0,0,0,0,0,0,0,0,0,0,0,0,0,0,0,0,0,0,0,0,0,0,0,0,0,0,0,0,0,0,0,0,0,0,0,0,0,0,0,0,0,0,0,0,0,0,0,0,0,0,0,0,0,0,0,0,0,0,0,0,0,0,0,0,0,0,0,0,0,0,0,0,0,0,0,0,0,0,0,0,0,0,0,0,0,0,0,0,0,0,0,0,0,0,0,0,0,0,0,0
870,870,960,960,928,1050,1085,1050,1184,1258,1368,1369,1332,1406,1406,1443,1443,1599,1640,1804,1804,1968,2058,2150,2150,2340,2491,2592,2744,2856,3127,3300,3410,3534,3472,3648,4012,4440,4758,5022,5427,5600,5916,6319,7644,7938,9116,8840,9540,10340,11349,12625,14040,15444,17020,19032,21376,23895,28178,32956,36225,42212,50948,61028,76560,99560,129256,143374,137632,128164,112455,0,0,0,0,0,0,0,0,0,0,0,0,0,0,0,0,0,0,0,0,0,0,0,0,0,0,0,0,0,0,0,0,0,0,0,0,0,0,0,0,0,0,0,0,0,0,0,0,0,0,0,0,0,0,0,0,0,0,0,0,0,0,0,0,0,0,0,0,0,0,0,0,0,0,0,0,0,0,0,0,0,0,0,0,0,0,0,0,0,0,0,0,0,0,0,0,0,0,0,0,0,0,0,0,0,0,0,0,0,0,0,0
1089,1024,1258,1258,1330,1287,1404,1440,1480,1599,1596,1596,1800,1800,1890,2064,2205,2244,2392,2484,2632,2585,2891,2940,3315,3604,3630,3828,4130,4526,4575,4740,4977,5248,5610,5829,6324,7154,7752,8160,8610,9804,11102,11684,12998,14523,16610,17898,19604,22072,25270,31320,33300,40670,48060,56448,73482,91875,118428,139956,147684,143577,0,0,0,0,0,0,0,0,0,0,0,0,0,0,0,0,0,0,0,0,0,0,0,0,0,0,0,0,0,0,0,0,0,0,0,0,0,0,0,0,0,0,0,0,0,0,0,0,0,0,0,0,0,0,0,0,0,0,0,0,0,0,0,0,0,0,0,0,0,0,0,0,0,0,0,0,0,0,0,0,0,0,0,0,0,0,0,0,0,0,0,0,0,0,0,0,0,0,0,0,0,0,0,0,0,0,0,0,0,0,0,0,0,0,0,0,0,0,0,0,0
1404,1368,1365,1512,1634,1591,1628,1665,1800,1800,1927,2021,2024,2205,2499,2800,3172,3456,4071,4588,4788,5244,5265,5727,5865,5896,6696,7081,7956,8586,9775,10101,11592,13132,15225,17360,19754,22302,25160,28600,35325,42670,51336,65720,83538,108654,134974,145728,142164,138348,119925,0,0,0,0,0,0,0,0,0,0,0,0,0,0,0,0,0,0,0,0,0,0,0,0,0,0,0,0,0,0,0,0,0,0,0,0,0,0,0,0,0,0,0,0,0,0,0,0,0,0,0,0,0,0,0,0,0,0,0,0,0,0,0,0,0,0,0,0,0,0,0,0,0,0,0,0,0,0,0,0,0,0,0,0,0,0,0,0,0,0,0,0,0,0,0,0,0,0,0,0,0,0,0,0,0,0,0,0,0,0,0,0,0,0,0,0,0,0,0,0,0,0,0,0,0,0,0,0,0,0,0,0
810,957,1147,1216,1400,1400,1512,1517,1480,1476,1596,1845,1978,2021,2107,2288,2288,2385,2484,2585,2805,3021,3300,3648,3712,3843,3894,4140,4514,5070,5740,6177,6424,7469,7488,9010,9660,10304,11232,13081,14098,16820,18480,20864,23807,27406,32760,38844,46990,58425,72000,98136,145152,139548,127716,114725,95420,0,0,0,0,0,0,0,0,0,0,0,0,0,0,0,0,0,0,0,0,0,0,0,0,0,0,0,0,0,0,0,0,0,0,0,0,0,0,0,0,0,0,0,0,0,0,0,0,0,0,0,0,0,0,0,0,0,0,0,0,0,0,0,0,0,0,0,0,0,0,0,0,0,0,0,0,0,0,0,0,0,0,0,0,0,0,0,0,0,0,0,0,0,0,0,0,0,0,0,0,0,0,0,0,0,0,0,0,0,0,0,0,0,0,0,0,0,0,0,0,0,0,0,0,0,0
1155,1152,1120,1155,1224,1365,1512,1591,1596,1760,1760,1932,2112,2392,2538,2640,2793,3009,3294,3445,3864,4248,4380,4636,5712,6106,5984,6603,7350,8216,9072,9945,11125,12707,13802,16241,18400,21546,25326,29748,40180,43263,54817,66887,95420,120060,155490,159600,151177,144699,0,0,0,0,0,0,0,0,0,0,0,0,0,0,0,0,0,0,0,0,0,0,0,0,0,0,0,0,0,0,0,0,0,0,0,0,0,0,0,0,0,0,0,0,0,0,0,0,0,0,0,0,0,0,0,0,0,0,0,0,0,0,0,0,0,0,0,0,0,0,0,0,0,0,0,0,0,0,0,0,0,0,0,0,0,0,0,0,0,0,0,0,0,0,0,0,0,0,0,0,0,0,0,0,0,0,0,0,0,0,0,0,0,0,0,0,0,0,0,0,0,0,0,0,0,0,0,0,0,0,0,0,0
1120,1152,1188,1188,1258,1295,1404,1596,1720,1720,1804,2016,2544,3009,3355,3648,3840,4488,4588,4672,4928,5135,5576,5984,6696,7524,7878,9047,9976,11193,13200,14946,17784,20496,23920,27440,32528,41067,52907,65508,95880,121095,140336,136145,127710,110865,87862,52836,0,0,0,0,0,0,0,0,0,0,0,0,0,0,0,0,0,0,0,0,0,0,0,0,0,0,0,0,0,0,0,0,0,0,0,0,0,0,0,0,0,0,0,0,0,0,0,0,0,0,0,0,0,0,0,0,0,0,0,0,0,0,0,0,0,0,0,0,0,0,0,0,0,0,0,0,0,0,0,0,0,0,0,0,0,0,0,0,0,0,0,0,0,0,0,0,0,0,0,0,0,0,0,0,0,0,0,0,0,0,0,0,0,0,0,0,0,0,0,0,0,0,0,0,0,0,0,0,0,0,0,0,0,0,0
841,899,930,930,930,992,1024,1054,1152,1184,1330,1330,1406,1406,1482,1716,1800,1974,2068,2254,2346,2450,2597,2912,2970,3025,3304,3658,3717,4148,4588,4914,5248,5644,6408,7161,7954,8840,9701,11232,12669,14659,17052,20000,23182,27550,32085,41108,51604,66402,93330,177870,160704,163438,145920,0,0,0,0,0,0,0,0,0,0,0,0,0,0,0,0,0,0,0,0,0,0,0,0,0,0,0,0,0,0,0,0,0,0,0,0,0,0,0,0,0,0,0,0,0,0,0,0,0,0,0,0,0,0,0,0,0,0,0,0,0,0,0,0,0,0,0,0,0,0,0,0,0,0,0,0,0,0,0,0,0,0,0,0,0,0,0,0,0,0,0,0,0,0,0,0,0,0,0,0,0,0,0,0,0,0,0,0,0,0,0,0,0,0,0,0,0,0,0,0,0,0,0,0,0,0,0,0
1020,1020,1152,1152,1116,1221,1326,1394,1548,1634,1672,1845,1932,2115,2346,2538,2800,3009,3456,4130,4307,3705,4514,5166,5478,6279,6768,7623,8881,9546,10620,12220,14241,16264,20040,23349,26910,32616,40344,52360,65920,95129,128464,135051,132260,122108,0,0,0,0,0,0,0,0,0,0,0,0,0,0,0,0,0,0,0,0,0,0,0,0,0,0,0,0,0,0,0,0,0,0,0,0,0,0,0,0,0,0,0,0,0,0,0,0,0,0,0,0,0,0,0,0,0,0,0,0,0,0,0,0,0,0,0,0,0,0,0,0,0,0,0,0,0,0,0,0,0,0,0,0,0,0,0,0,0,0,0,0,0,0,0,0,0,0,0,0,0,0,0,0,0,0,0,0,0,0,0,0,0,0,0,0,0,0,0,0,0,0,0,0,0,0,0,0,0,0,0,0,0,0,0,0,0
1023,1122,1120,1558,1720,1804,1763,1978,2021,2160,2160,2500,2862,2915,3025,3300,3828,4209,4526,4662,4928,5494,5880,6408,7084,8051,8944,10416,11880,13312,14904,17936,20336,24616,28908,35550,46080,59409,80344,116624,139854,138168,125147,101671,73777,0,0,0,0,0,0,0,0,0,0,0,0,0,0,0,0,0,0,0,0,0,0,0,0,0,0,0,0,0,0,0,0,0,0,0,0,0,0,0,0,0,0,0,0,0,0,0,0,0,0,0,0,0,0,0,0,0,0,0,0,0,0,0,0,0,0,0,0,0,0,0,0,0,0,0,0,0,0,0,0,0,0,0,0,0,0,0,0,0,0,0,0,0,0,0,0,0,0,0,0,0,0,0,0,0,0,0,0,0,0,0,0,0,0,0,0,0,0,0,0,0,0,0,0,0,0,0,0,0,0,0,0,0,0,0,0,0,0
960,1023,1258,1254,1221,1400,1435,1548,1628,1628,1824,1927,2058,2132,2288,2958,3233,3456,3888,4015,4292,5040,5460,5829,6603,7392,8295,9460,10680,11776,14308,16568,19992,23368,26928,34119,42168,56064,75258,109620,140436,150692,122718,100056,57865,0,0,0,0,0,0,0,0,0,0,0,0,0,0,0,0,0,0,0,0,0,0,0,0,0,0,0,0,0,0,0,0,0,0,0,0,0,0,0,0,0,0,0,0,0,0,0,0,0,0,0,0,0,0,0,0,0,0,0,0,0,0,0,0,0,0,0,0,0,0,0,0,0,0,0,0,0,0,0,0,0,0,0,0,0,0,0,0,0,0,0,0,0,0,0,0,0,0,0,0,0,0,0,0,0,0,0,0,0,0,0,0,0,0,0,0,0,0,0,0,0,0,0,0,0,0,0,0,0,0,0,0,0,0,0,0,0,0
650,702,928,1088,1188,1365,1554,1591,1634,1677,1634,1849,1974,2156,2392,2438,2491,2964,3127,3402,3819,3762,4130,4662,4851,5658,6120,7332,8383,9152,10396,11808,14017,16272,18802,22230,26688,33970,42700,57324,76700,112575,142008,121808,0,0,0,0,0,0,0,0,0,0,0,0,0,0,0,0,0,0,0,0,0,0,0,0,0,0,0,0,0,0,0,0,0,0,0,0,0,0,0,0,0,0,0,0,0,0,0,0,0,0,0,0,0,0,0,0,0,0,0,0,0,0,0,0,0,0,0,0,0,0,0,0,0,0,0,0,0,0,0,0,0,0,0,0,0,0,0,0,0,0,0,0,0,0,0,0,0,0,0,0,0,0,0,0,0,0,0,0,0,0,0,0,0,0,0,0,0,0,0,0,0,0,0,0,0,0,0,0,0,0,0,0,0,0,0,0,0,0,0
594,667,1932,1978,2695,3111,3528,3776,4209,4526,4736,5148,5148,6278,7007,8600,9701,9523,11280,12348,14946,18172,21125,25160,31650,40764,53098,70840,101413,142200,160379,148304,129108,0,0,0,0,0,0,0,0,0,0,0,0,0,0,0,0,0,0,0,0,0,0,0,0,0,0,0,0,0,0,0,0,0,0,0,0,0,0,0,0,0,0,0,0,0,0,0,0,0,0,0,0,0,0,0,0,0,0,0,0,0,0,0,0,0,0,0,0,0,0,0,0,0,0,0,0,0,0,0,0,0,0,0,0,0,0,0,0,0,0,0,0,0,0,0,0,0,0,0,0,0,0,0,0,0,0,0,0,0,0,0,0,0,0,0,0,0,0,0,0,0,0,0,0,0,0,0,0,0,0,0,0,0,0,0,0,0,0,0,0,0,0,0,0,0,0,0,0,0,0
702,1755,1845,1932,1932,2346,2496,2695,3180,3410,3712,4140,4270,4662,5016,5346,6600,6942,8400,8961,9768,11186,12800,15264,18408,21672,25650,33048,42630,53568,75306,109848,154980,152091,125184,97170,0,0,0,0,0,0,0,0,0,0,0,0,0,0,0,0,0,0,0,0,0,0,0,0,0,0,0,0,0,0,0,0,0,0,0,0,0,0,0,0,0,0,0,0,0,0,0,0,0,0,0,0,0,0,0,0,0,0,0,0,0,0,0,0,0,0,0,0,0,0,0,0,0,0,0,0,0,0,0,0,0,0,0,0,0,0,0,0,0,0,0,0,0,0,0,0,0,0,0,0,0,0,0,0,0,0,0,0,0,0,0,0,0,0,0,0,0,0,0,0,0,0,0,0,0,0,0,0,0,0,0,0,0,0,0,0,0,0,0,0,0,0,0,0,0,0,0
550,624,624,700,725,812,900,1023,1292,1258,1400,1440,1480,1638,2303,2491,2600,2695,3009,3328,3933,4189,4307,4864,5280,6177,6643,7600,8549,10192,11640,13566,16317,19320,23187,28028,36570,48861,65832,95004,164211,158395,127592,99360,0,0,0,0,0,0,0,0,0,0,0,0,0,0,0,0,0,0,0,0,0,0,0,0,0,0,0,0,0,0,0,0,0,0,0,0,0,0,0,0,0,0,0,0,0,0,0,0,0,0,0,0,0,0,0,0,0,0,0,0,0,0,0,0,0,0,0,0,0,0,0,0,0,0,0,0,0,0,0,0,0,0,0,0,0,0,0,0,0,0,0,0,0,0,0,0,0,0,0,0,0,0,0,0,0,0,0,0,0,0,0,0,0,0,0,0,0,0,0,0,0,0,0,0,0,0,0,0,0,0,0,0,0,0,0,0,0,0,0
525,572,728,810,840,870,870,1085,1152,1292,1365,1440,1443,2254,2340,2496,2744,2907,3339,3584,3819,4248,4725,5214,5950,6497,7520,8200,9720,11349,13231,16095,18921,23140,27690,36800,48861,65410,98679,165750,156815,121920,97096,0,0,0,0,0,0,0,0,0,0,0,0,0,0,0,0,0,0,0,0,0,0,0,0,0,0,0,0,0,0,0,0,0,0,0,0,0,0,0,0,0,0,0,0,0,0,0,0,0,0,0,0,0,0,0,0,0,0,0,0,0,0,0,0,0,0,0,0,0,0,0,0,0,0,0,0,0,0,0,0,0,0,0,0,0,0,0,0,0,0,0,0,0,0,0,0,0,0,0,0,0,0,0,0,0,0,0,0,0,0,0,0,0,0,0,0,0,0,0,0,0,0,0,0,0,0,0,0,0,0,0,0,0,0,0,0,0,0,0,0
598,672,754,750,837,900,899,1326,1435,1554,1558,1764,1848,2208,2444,2688,2744,2900,3339,3640,4002,4392,4800,5440,6408,6916,8036,9288,10622,13158,15510,18207,21500,26931,34632,47840,65270,97410,163158,159600,128238,93150,0,0,0,0,0,0,0,0,0,0,0,0,0,0,0,0,0,0,0,0,0,0,0,0,0,0,0,0,0,0,0,0,0,0,0,0,0,0,0,0,0,0,0,0,0,0,0,0,0,0,0,0,0,0,0,0,0,0,0,0,0,0,0,0,0,0,0,0,0,0,0,0,0,0,0,0,0,0,0,0,0,0,0,0,0,0,0,0,0,0,0,0,0,0,0,0,0,0,0,0,0,0,0,0,0,0,0,0,0,0,0,0,0,0,0,0,0,0,0,0,0,0,0,0,0,0,0,0,0,0,0,0,0,0,0,0,0,0,0,0,0
500,525,546,572,598,572,648,702,702,702,729,729,899,713,690,690,1080,1085,1015,1720,1720,1806,1763,1806,1936,1935,1936,2070,2116,2025,2160,2862,2862,3080,3717,3776,3840,3953,4140,4221,4284,4416,4420,4615,4757,4757,5025,5313,5600,5986,6300,6708,6794,7040,7553,7644,8091,8084,8730,8910,9588,9494,10282,11088,11700,12480,13407,14464,15428,16422,17324,18104,19584,20174,20944,23146,25308,27512,29328,30458,32636,35784,39738,43105,46740,49920,57195,63936,68510,78725,91520,102202,131328,147053,154802,156744,163845,166056,161766,165624,163701,0,0,0,0,0,0,0,0,0,0,0,0,0,0,0,0,0,0,0,0,0,0,0,0,0,0,0,0,0,0,0,0,0,0,0,0,0,0,0,0,0,0,0,0,0,0,0,0,0,0,0,0,0,0,0,0,0,0,0,0,0,0,0,0,0,0,0,0,0,0,0,0,0,0,0,0,0,0,0,0,0,0
432,450,456,475,450,456,480,480,480,504,456,525,546,494,494,468,486,442,513,550,594,594,672,756,812,899,928,1085,1050,1085,1292,2070,1980,2070,2160,2256,2256,2303,2401,2500,2754,2860,3136,3248,3420,3534,3660,3776,3835,4087,4216,4473,4752,4964,5175,5106,5320,5467,5694,6068,6375,6786,7209,7644,7826,7912,8455,8827,9200,9595,10494,10593,11742,12720,14097,14835,15827,17324,18352,19650,20615,22356,23288,25308,27056,29529,32926,35190,39960,42780,48192,51480,58936,64240,72996,83239,114856,133672,152701,154500,160320,168498,168912,172350,172000,0,0,0,0,0,0,0,0,0,0,0,0,0,0,0,0,0,0,0,0,0,0,0,0,0,0,0,0,0,0,0,0,0,0,0,0,0,0,0,0,0,0,0,0,0,0,0,0,0,0,0,0,0,0,0,0,0,0,0,0,0,0,0,0,0,0,0,0,0,0,0,0,0,0,0,0,0,0
396,352,414,450,475,2400,3192,3192,3534,3654,3770,3953,4087,4340,4599,4950,4950,5236,5236,5244,5472,5913,6150,6150,7560,8300,8064,9984,10296,11413,12168,13500,14464,15276,16898,17875,19200,20567,21708,23970,26026,28952,32320,35260,39200,43802,49632,56200,63933,71680,80343,99702,119601,133136,143448,142416,133380,139776,131040,141525,132411,0,0,0,0,0,0,0,0,0,0,0,0,0,0,0,0,0,0,0,0,0,0,0,0,0,0,0,0,0,0,0,0,0,0,0,0,0,0,0,0,0,0,0,0,0,0,0,0,0,0,0,0,0,0,0,0,0,0,0,0,0,0,0,0,0,0,0,0,0,0,0,0,0,0,0,0,0,0,0,0,0,0,0,0,0,0,0,0,0,0,0,0,0,0,0,0,0,0,0,0,0,0,0,0,0,0,0,0,0,0,0,0,0,0,0,0,0,0,0,0,0,0
432,432,408,480,480,546,667,720,775,744,768,744,806,870,900,1023,1023,1023,1056,992,1024,1190,1224,1225,1190,1444,1596,1845,2058,2058,2112,2250,2350,2448,2448,2600,2756,3074,3186,3245,3416,3776,3835,4020,4148,4340,4473,4824,4824,4891,5320,5680,5840,6132,6525,7047,8330,8811,9090,8820,10593,11730,12508,13734,15276,15660,17160,18774,20698,22304,24739,27300,29862,32800,36380,41170,47061,53929,60528,67540,79826,96521,118030,131553,133008,139060,136488,0,0,0,0,0,0,0,0,0,0,0,0,0,0,0,0,0,0,0,0,0,0,0,0,0,0,0,0,0,0,0,0,0,0,0,0,0,0,0,0,0,0,0,0,0,0,0,0,0,0,0,0,0,0,0,0,0,0,0,0,0,0,0,0,0,0,0,0,0,0,0,0,0,0,0,0,0,0,0,0,0,0,0,0,0,0,0,0,0,0,0,0,0,0,0,0
336,330,330,352,352,520,621,812,812,841,870,810,899,899,990,924,896,896,1056,1085,1184,1224,1968,1927,2064,2250,2964,3074,3472,3712,3717,3900,4154,4473,4416,4620,4620,4964,5168,5530,5913,6612,6630,7968,8084,8633,8265,8526,10560,11200,12614,13952,14820,16008,17040,19304,20382,23352,25520,27816,31752,35070,38872,45325,52332,58956,66402,78116,95760,116565,128340,135604,131407,131166,134717,127673,119028,0,0,0,0,0,0,0,0,0,0,0,0,0,0,0,0,0,0,0,0,0,0,0,0,0,0,0,0,0,0,0,0,0,0,0,0,0,0,0,0,0,0,0,0,0,0,0,0,0,0,0,0,0,0,0,0,0,0,0,0,0,0,0,0,0,0,0,0,0,0,0,0,0,0,0,0,0,0,0,0,0,0,0,0,0,0,0,0,0,0,0,0,0,0,0,0,0,0,0,0,0,0,0,0,0,0
483,480,460,475,520,720,837,775,806,899,1056,1190,1155,1260,2704,3248,3248,3538,3658,3894,4020,4154,4347,4818,5106,5175,5460,5609,5986,6375,6966,7200,7470,9568,9870,11400,12075,13640,14577,15930,17303,19431,21624,23491,26522,29450,32274,36636,42042,47559,55622,62491,74646,86944,113082,131147,132480,138844,139446,140760,134392,0,0,0,0,0,0,0,0,0,0,0,0,0,0,0,0,0,0,0,0,0,0,0,0,0,0,0,0,0,0,0,0,0,0,0,0,0,0,0,0,0,0,0,0,0,0,0,0,0,0,0,0,0,0,0,0,0,0,0,0,0,0,0,0,0,0,0,0,0,0,0,0,0,0,0,0,0,0,0,0,0,0,0,0,0,0,0,0,0,0,0,0,0,0,0,0,0,0,0,0,0,0,0,0,0,0,0,0,0,0,0,0,0,0,0,0,0,0,0,0,0,0
352,437,575,690,806,961,870,899,899,961,961,1056,1089,1088,1190,1260,1845,2107,2150,2254,2652,2968,3132,3534,3591,3835,4087,4148,4410,4686,4757,5040,5180,5680,6059,6545,7120,8400,8428,8900,9672,10780,11845,13284,14300,15870,17017,19026,21306,23184,26572,29484,32964,36594,42840,50566,56434,65145,79060,99640,121764,132894,137833,135026,133700,134000,129558,121108,0,0,0,0,0,0,0,0,0,0,0,0,0,0,0,0,0,0,0,0,0,0,0,0,0,0,0,0,0,0,0,0,0,0,0,0,0,0,0,0,0,0,0,0,0,0,0,0,0,0,0,0,0,0,0,0,0,0,0,0,0,0,0,0,0,0,0,0,0,0,0,0,0,0,0,0,0,0,0,0,0,0,0,0,0,0,0,0,0,0,0,0,0,0,0,0,0,0,0,0,0,0,0,0,0,0,0,0,0,0,0,0,0,0,0
638,667,690,837,961,960,960,992,992,1023,1056,1020,980,1085,1260,1558,2016,2704,2968,2968,3304,3596,3776,3840,4087,4216,4615,4623,4891,5250,5472,5994,6552,6960,7221,7998,8428,8730,9384,10800,11021,13090,14478,15589,17343,19500,22194,24596,27693,30942,34645,40626,46848,57474,64930,76874,98523,127075,140070,147560,142830,146664,147325,0,0,0,0,0,0,0,0,0,0,0,0,0,0,0,0,0,0,0,0,0,0,0,0,0,0,0,0,0,0,0,0,0,0,0,0,0,0,0,0,0,0,0,0,0,0,0,0,0,0,0,0,0,0,0,0,0,0,0,0,0,0,0,0,0,0,0,0,0,0,0,0,0,0,0,0,0,0,0,0,0,0,0,0,0,0,0,0,0,0,0,0,0,0,0,0,0,0,0,0,0,0,0,0,0,0,0,0,0,0,0,0,0,0,0,0,0,0,0,0
437,414,480,391,450,468,494,621,672,728,700,806,840,899,930,900,900,930,960,961,992,1023,1023,1122,1122,1155,1050,1225,1296,1369,1764,1764,2350,2499,2754,2754,2916,3136,3249,3538,3538,3538,3780,4154,4347,4680,5175,5460,5688,6059,6708,6885,7553,7812,8722,9672,10640,12296,12971,15080,16714,18542,21465,24480,27846,31200,35280,41087,48500,61190,70824,83936,118779,138030,142330,139360,145145,140112,131886,0,0,0,0,0,0,0,0,0,0,0,0,0,0,0,0,0,0,0,0,0,0,0,0,0,0,0,0,0,0,0,0,0,0,0,0,0,0,0,0,0,0,0,0,0,0,0,0,0,0,0,0,0,0,0,0,0,0,0,0,0,0,0,0,0,0,0,0,0,0,0,0,0,0,0,0,0,0,0,0,0,0,0,0,0,0,0,0,0,0,0,0,0,0,0,0,0,0,0,0,0,0,0,0
621,728,750,896,896,957,928,960,952,918,896,1116,1840,2800,2754,3186,3416,3520,3712,3900,4216,4154,4416,4680,5460,5904,6545,7553,7968,8585,9630,10944,12792,14061,15142,17017,19250,22140,24282,28728,33327,37575,44460,52455,64144,77740,96750,120130,129819,121910,116328,85280,0,0,0,0,0,0,0,0,0,0,0,0,0,0,0,0,0,0,0,0,0,0,0,0,0,0,0,0,0,0,0,0,0,0,0,0,0,0,0,0,0,0,0,0,0,0,0,0,0,0,0,0,0,0,0,0,0,0,0,0,0,0,0,0,0,0,0,0,0,0,0,0,0,0,0,0,0,0,0,0,0,0,0,0,0,0,0,0,0,0,0,0,0,0,0,0,0,0,0,0,0,0,0,0,0,0,0,0,0,0,0,0,0,0,0,0,0,0,0,0,0,0,0,0,0,0,0,0,0,0,0
648,870,841,900,900,961,961,1023,992,1056,1056,1020,1258,1974,1927,2107,2250,2650,2808,3132,3472,3528,3648,3904,4278,4544,5025,5025,5236,5913,7553,7636,8670,9048,10848,12566,13824,15142,16874,19530,22110,24675,29032,34454,38760,46368,55554,64890,81650,104922,122610,131430,126960,124488,116235,94552,0,0,0,0,0,0,0,0,0,0,0,0,0,0,0,0,0,0,0,0,0,0,0,0,0,0,0,0,0,0,0,0,0,0,0,0,0,0,0,0,0,0,0,0,0,0,0,0,0,0,0,0,0,0,0,0,0,0,0,0,0,0,0,0,0,0,0,0,0,0,0,0,0,0,0,0,0,0,0,0,0,0,0,0,0,0,0,0,0,0,0,0,0,0,0,0,0,0,0,0,0,0,0,0,0,0,0,0,0,0,0,0,0,0,0,0,0,0,0,0,0,0,0,0,0,0,0
456,750,775,930,960,1023,990,1056,1056,1054,1050,1927,2300,2703,2860,3074,3416,3584,3770,3900,4340,4473,4950,5092,5451,6059,6622,7553,7968,8600,10058,11800,12810,14652,16100,18819,21252,23940,28200,33210,37296,46435,54846,64050,84720,110696,127980,123312,121879,116025,89238,0,0,0,0,0,0,0,0,0,0,0,0,0,0,0,0,0,0,0,0,0,0,0,0,0,0,0,0,0,0,0,0,0,0,0,0,0,0,0,0,0,0,0,0,0,0,0,0,0,0,0,0,0,0,0,0,0,0,0,0,0,0,0,0,0,0,0,0,0,0,0,0,0,0,0,0,0,0,0,0,0,0,0,0,0,0,0,0,0,0,0,0,0,0,0,0,0,0,0,0,0,0,0,0,0,0,0,0,0,0,0,0,0,0,0,0,0,0,0,0,0,0,0,0,0,0,0,0,0,0,0,0
644,644,744,884,816,792,825,858,1672,1845,1886,2107,2544,2750,2907,3009,3348,3534,3481,3835,4080,4020,4200,4536,5236,5530,6142,6460,7176,7680,8466,9434,10656,12078,13440,15008,17082,19812,22176,26680,30600,35752,42525,51188,61705,77861,97639,119560,125800,116112,110035,0,0,0,0,0,0,0,0,0,0,0,0,0,0,0,0,0,0,0,0,0,0,0,0,0,0,0,0,0,0,0,0,0,0,0,0,0,0,0,0,0,0,0,0,0,0,0,0,0,0,0,0,0,0,0,0,0,0,0,0,0,0,0,0,0,0,0,0,0,0,0,0,0,0,0,0,0,0,0,0,0,0,0,0,0,0,0,0,0,0,0,0,0,0,0,0,0,0,0,0,0,0,0,0,0,0,0,0,0,0,0,0,0,0,0,0,0,0,0,0,0,0,0,0,0,0,0,0,0,0,0,0
462,783,744,990,960,990,875,850,957,891,1015,1794,2100,2695,3074,3240,3534,3770,3900,4087,4473,4745,5025,5400,5964,6536,7290,7708,8019,9630,10925,12444,13803,15618,18271,20640,23120,27863,32800,38930,43920,57000,69006,91000,116178,130032,114700,86108,0,0,0,0,0,0,0,0,0,0,0,0,0,0,0,0,0,0,0,0,0,0,0,0,0,0,0,0,0,0,0,0,0,0,0,0,0,0,0,0,0,0,0,0,0,0,0,0,0,0,0,0,0,0,0,0,0,0,0,0,0,0,0,0,0,0,0,0,0,0,0,0,0,0,0,0,0,0,0,0,0,0,0,0,0,0,0,0,0,0,0,0,0,0,0,0,0,0,0,0,0,0,0,0,0,0,0,0,0,0,0,0,0,0,0,0,0,0,0,0,0,0,0,0,0,0,0,0,0,0,0,0,0,0,0
374,468,525,567,700,812,870,960,1023,960,990,1023,1088,1023,1020,1840,1880,2016,2068,2652,2601,2805,3245,3355,3477,3776,3965,4410,4686,5037,5250,5904,6536,7209,7708,8316,9256,10640,12342,14061,15755,18240,21190,23598,29605,33904,39672,49400,61984,78309,104675,121085,128816,124214,119822,117450,100962,65928,0,0,0,0,0,0,0,0,0,0,0,0,0,0,0,0,0,0,0,0,0,0,0,0,0,0,0,0,0,0,0,0,0,0,0,0,0,0,0,0,0,0,0,0,0,0,0,0,0,0,0,0,0,0,0,0,0,0,0,0,0,0,0,0,0,0,0,0,0,0,0,0,0,0,0,0,0,0,0,0,0,0,0,0,0,0,0,0,0,0,0,0,0,0,0,0,0,0,0,0,0,0,0,0,0,0,0,0,0,0,0,0,0,0,0,0,0,0,0,0,0,0,0,0,0
437,480,930,900,1023,1056,1056,1088,1054,2064,2600,2756,2964,3078,3477,3835,4087,4473,4757,5106,5467,5986,6460,7047,8900,9579,11514,14061,15755,17690,20856,25520,29862,35404,44160,54054,65912,94464,122130,136606,129456,113950,0,0,0,0,0,0,0,0,0,0,0,0,0,0,0,0,0,0,0,0,0,0,0,0,0,0,0,0,0,0,0,0,0,0,0,0,0,0,0,0,0,0,0,0,0,0,0,0,0,0,0,0,0,0,0,0,0,0,0,0,0,0,0,0,0,0,0,0,0,0,0,0,0,0,0,0,0,0,0,0,0,0,0,0,0,0,0,0,0,0,0,0,0,0,0,0,0,0,0,0,0,0,0,0,0,0,0,0,0,0,0,0,0,0,0,0,0,0,0,0,0,0,0,0,0,0,0,0,0,0,0,0,0,0,0,0,0,0,0,0,0
460,504,899,928,928,930,992,1056,1056,1225,1296,1332,1406,2652,2703,2916,3025,3363,3304,3654,3960,4148,4745,5032,5609,6068,6622,7298,7990,8888,10152,11948,14336,16184,18228,22632,26550,31717,37758,49335,60651,78824,115710,136000,133320,0,0,0,0,0,0,0,0,0,0,0,0,0,0,0,0,0,0,0,0,0,0,0,0,0,0,0,0,0,0,0,0,0,0,0,0,0,0,0,0,0,0,0,0,0,0,0,0,0,0,0,0,0,0,0,0,0,0,0,0,0,0,0,0,0,0,0,0,0,0,0,0,0,0,0,0,0,0,0,0,0,0,0,0,0,0,0,0,0,0,0,0,0,0,0,0,0,0,0,0,0,0,0,0,0,0,0,0,0,0,0,0,0,0,0,0,0,0,0,0,0,0,0,0,0,0,0,0,0,0,0,0,0,0,0,0,0,0
588,672,630,800,744,884,884,825,858,1672,1800,1974,2068,2200,2208,2538,2856,3016,3355,3477,3776,4154,4071,4680,5175,5600,6300,6545,7505,8670,9844,10622,13125,14784,17582,20670,23427,29184,34506,43139,55160,68480,91881,117710,124740,121800,113036,75270,0,0,0,0,0,0,0,0,0,0,0,0,0,0,0,0,0,0,0,0,0,0,0,0,0,0,0,0,0,0,0,0,0,0,0,0,0,0,0,0,0,0,0,0,0,0,0,0,0,0,0,0,0,0,0,0,0,0,0,0,0,0,0,0,0,0,0,0,0,0,0,0,0,0,0,0,0,0,0,0,0,0,0,0,0,0,0,0,0,0,0,0,0,0,0,0,0,0,0,0,0,0,0,0,0,0,0,0,0,0,0,0,0,0,0,0,0,0,0,0,0,0,0,0,0,0,0,0,0,0,0,0,0,0,0
572,672,700,780,840,928,896,775,884,986,986,1833,1886,2208,2496,2646,2754,3300,3472,3712,4347,4416,4752,4818,5538,6300,7290,7728,8383,10230,12154,14300,16124,19278,23184,28200,34276,41949,54648,68789,101878,127518,124168,123510,117810,0,0,0,0,0,0,0,0,0,0,0,0,0,0,0,0,0,0,0,0,0,0,0,0,0,0,0,0,0,0,0,0,0,0,0,0,0,0,0,0,0,0,0,0,0,0,0,0,0,0,0,0,0,0,0,0,0,0,0,0,0,0,0,0,0,0,0,0,0,0,0,0,0,0,0,0,0,0,0,0,0,0,0,0,0,0,0,0,0,0,0,0,0,0,0,0,0,0,0,0,0,0,0,0,0,0,0,0,0,0,0,0,0,0,0,0,0,0,0,0,0,0,0,0,0,0,0,0,0,0,0,0,0,0,0,0,0,0
667,780,896,924,928,884,945,884,980,1080,1628,1833,2064,2640,3180,3410,3712,3900,4278,4340,4745,5600,6375,6864,7680,8670,9919,12200,14040,16675,19939,23392,29055,36354,44526,59160,79350,109450,125496,119350,108936,69168,0,0,0,0,0,0,0,0,0,0,0,0,0,0,0,0,0,0,0,0,0,0,0,0,0,0,0,0,0,0,0,0,0,0,0,0,0,0,0,0,0,0,0,0,0,0,0,0,0,0,0,0,0,0,0,0,0,0,0,0,0,0,0,0,0,0,0,0,0,0,0,0,0,0,0,0,0,0,0,0,0,0,0,0,0,0,0,0,0,0,0,0,0,0,0,0,0,0,0,0,0,0,0,0,0,0,0,0,0,0,0,0,0,0,0,0,0,0,0,0,0,0,0,0,0,0,0,0,0,0,0,0,0,0,0,0,0,0,0,0,0
528,504,550,468,638,720,682,1444,1482,1560,1599,3422,3480,3776,3904,4216,4536,5372,5976,6375,7280,8526,9720,11172,13375,15795,18500,21708,26280,32926,42535,56916,73509,105690,143792,144096,146650,142848,127617,0,0,0,0,0,0,0,0,0,0,0,0,0,0,0,0,0,0,0,0,0,0,0,0,0,0,0,0,0,0,0,0,0,0,0,0,0,0,0,0,0,0,0,0,0,0,0,0,0,0,0,0,0,0,0,0,0,0,0,0,0,0,0,0,0,0,0,0,0,0,0,0,0,0,0,0,0,0,0,0,0,0,0,0,0,0,0,0,0,0,0,0,0,0,0,0,0,0,0,0,0,0,0,0,0,0,0,0,0,0,0,0,0,0,0,0,0,0,0,0,0,0,0,0,0,0,0,0,0,0,0,0,0,0,0,0,0,0,0,0,0,0,0,0
450,588,609,1296,2352,2754,3021,3024,3135,3420,3712,4278,4800,5016,5520,5880,7098,7776,8787,10656,12100,13780,16497,19625,22984,29529,36675,46435,59946,82800,119992,138846,135200,129150,116874,0,0,0,0,0,0,0,0,0,0,0,0,0,0,0,0,0,0,0,0,0,0,0,0,0,0,0,0,0,0,0,0,0,0,0,0,0,0,0,0,0,0,0,0,0,0,0,0,0,0,0,0,0,0,0,0,0,0,0,0,0,0,0,0,0,0,0,0,0,0,0,0,0,0,0,0,0,0,0,0,0,0,0,0,0,0,0,0,0,0,0,0,0,0,0,0,0,0,0,0,0,0,0,0,0,0,0,0,0,0,0,0,0,0,0,0,0,0,0,0,0,0,0,0,0,0,0,0,0,0,0,0,0,0,0,0,0,0,0,0,0,0,0,0,0,0,0,0
425,644,744,2860,3136,3304,3480,3538,4026,4347,5082,5810,5893,6786,8148,8944,11074,12154,14672,17787,20988,26134,32562,42535,54471,75026,147840,140075,142259,0,0,0,0,0,0,0,0,0,0,0,0,0,0,0,0,0,0,0,0,0,0,0,0,0,0,0,0,0,0,0,0,0,0,0,0,0,0,0,0,0,0,0,0,0,0,0,0,0,0,0,0,0,0,0,0,0,0,0,0,0,0,0,0,0,0,0,0,0,0,0,0,0,0,0,0,0,0,0,0,0,0,0,0,0,0,0,0,0,0,0,0,0,0,0,0,0,0,0,0,0,0,0,0,0,0,0,0,0,0,0,0,0,0,0,0,0,0,0,0,0,0,0,0,0,0,0,0,0,0,0,0,0,0,0,0,0,0,0,0,0,0,0,0,0,0,0,0,0,0,0,0,0,0
575,676,675,728,728,754,810,810,868,868,896,928,896,896,868,896,896,928,957,957,990,1023,1085,1020,1020,1120,1116,1184,1248,1320,1353,1320,1353,1428,1386,1386,1419,1419,1496,1575,1692,1632,1680,1692,1692,1656,1702,1739,1739,1739,1748,1672,1786,1833,1794,1880,1880,2009,2058,2150,2295,2244,2340,2438,2530,2530,2576,2632,2891,2784,2736,2793,2842,2793,3009,3224,3392,3445,3630,3864,3990,4331,4320,4392,4453,4331,4392,4608,4608,4608,4884,5372,5600,5880,6106,6351,6586,6840,7098,7426,8051,8217,8400,8772,9222,9630,10101,10528,11232,11760,12177,12276,12648,13860,14960,15651,17464,18326,19276,20447,22008,23664,25844,26649,29008,31775,33867,36838,39950,42350,48392,51072,56034,61823,67932,75150,83030,90712,98832,106002,118320,132432,129952,124928,122757,124416,122550,118040,119705,121382,121954,113988,70148,0,0,0,0,0,0,0,0,0,0,0,0,0,0,0,0,0,0,0,0,0,0,0,0,0,0,0,0,0,0
456,520,525,525,520,567,567,980,1258,1360,1435,1665,1692,1656,1656,1702,1702,1786,1968,2091,2184,2100,2100,2184,2226,2279,2322,2530,2576,2750,2800,3000,3120,3172,3294,3355,3355,3294,3348,3520,3712,4140,4140,4526,4588,4800,5082,5265,5644,5822,6205,6512,6675,6840,7238,7872,8217,8840,9135,9328,10323,10788,11737,12078,13100,14098,14580,16272,17316,18513,20250,22139,24165,25806,28028,31570,34662,38212,41140,46410,51110,58491,65232,72816,84272,93132,103368,109980,126420,128625,122016,123952,123025,117504,119952,125244,120060,69936,0,0,0,0,0,0,0,0,0,0,0,0,0,0,0,0,0,0,0,0,0,0,0,0,0,0,0,0,0,0,0,0,0,0,0,0,0,0,0,0,0,0,0,0,0,0,0,0,0,0,0,0,0,0,0,0,0,0,0,0,0,0,0,0,0,0,0,0,0,0,0,0,0,0,0,0,0,0,0,0,0,0,0,0,0
494,500,520,525,546,546,572,621,616,616,588,1054,1152,1152,1292,1326,1360,1435,1505,1620,1656,1692,1692,1739,1786,1739,1786,1824,1911,1950,1960,2050,2009,2142,2184,2236,2322,2784,2430,2688,2695,3009,3060,3009,3172,3348,3300,3294,3348,3528,3648,3953,4140,4260,4526,4736,5016,5265,5561,5976,6048,6675,7098,7176,7520,7885,8400,8755,8961,9450,10545,11543,11979,12875,14310,15070,15820,18120,18696,21615,23427,25020,26460,30954,34293,35916,40869,47915,52260,61740,67346,78196,86072,92800,108783,116632,136038,123994,127890,127032,123034,132300,0,0,0,0,0,0,0,0,0,0,0,0,0,0,0,0,0,0,0,0,0,0,0,0,0,0,0,0,0,0,0,0,0,0,0,0,0,0,0,0,0,0,0,0,0,0,0,0,0,0,0,0,0,0,0,0,0,0,0,0,0,0,0,0,0,0,0,0,0,0,0,0,0,0,0,0,0,0,0,0,0
480,480,480,456,494,540,572,928,924,1184,1221,1292,1360,1656,1620,1610,1656,1748,1833,1833,1794,1880,2100,2100,2050,2091,2226,2279,2322,2430,2538,2695,2850,2964,3120,3186,3300,3410,3472,3410,3648,3712,3953,4080,4464,4810,5082,5670,5880,6205,6278,6786,7189,7520,8148,8585,9048,9646,10260,11155,12546,12875,14256,14672,16588,17969,19939,22378,24640,27072,29898,33120,36354,41347,47498,54800,62160,70964,79425,90404,103840,120832,128216,129978,123026,126825,80520,0,0,0,0,0,0,0,0,0,0,0,0,0,0,0,0,0,0,0,0,0,0,0,0,0,0,0,0,0,0,0,0,0,0,0,0,0,0,0,0,0,0,0,0,0,0,0,0,0,0,0,0,0,0,0,0,0,0,0,0,0,0,0,0,0,0,0,0,0,0,0,0,0,0,0,0,0,0,0,0,0,0,0,0,0,0,0,0,0,0,0,0,0,0,0,0
552,506,550,598,600,575,575,672,750,1400,1470,1548,1584,1665,1628,1665,1702,1833,1911,1911,2000,2091,2100,2142,2236,2236,2376,2475,2430,2576,2632,2900,3224,3286,3300,3355,3477,3717,3835,4020,4020,4087,4278,4800,5159,5451,5904,6205,6525,7007,7520,7626,8330,8585,8888,9646,10528,11817,13482,14148,15594,17493,18327,20640,22545,24957,28077,31758,35371,39216,45448,54175,60320,72352,81812,89010,105549,123760,136038,133133,132026,128934,129897,0,0,0,0,0,0,0,0,0,0,0,0,0,0,0,0,0,0,0,0,0,0,0,0,0,0,0,0,0,0,0,0,0,0,0,0,0,0,0,0,0,0,0,0,0,0,0,0,0,0,0,0,0,0,0,0,0,0,0,0,0,0,0,0,0,0,0,0,0,0,0,0,0,0,0,0,0,0,0,0,0,0,0,0,0,0,0,0,0,0,0,0,0,0,0,0,0,0,0,0
504,624,1120,1120,1120,1184,1152,1254,1287,1428,1496,1680,1645,1584,1575,1620,1786,1786,1833,1960,1960,2000,2050,2050,2050,2100,2142,2288,2392,2592,2736,2800,2964,3120,3240,3180,3355,3596,3712,3770,3819,4331,4662,4788,5520,5561,6035,6364,6525,7176,7426,7954,8200,9450,10058,11484,12221,12875,14040,15568,17199,18755,21648,24150,25482,29700,33810,37241,43719,51840,60270,67233,78496,92460,104312,116632,134121,130974,127428,117114,0,0,0,0,0,0,0,0,0,0,0,0,0,0,0,0,0,0,0,0,0,0,0,0,0,0,0,0,0,0,0,0,0,0,0,0,0,0,0,0,0,0,0,0,0,0,0,0,0,0,0,0,0,0,0,0,0,0,0,0,0,0,0,0,0,0,0,0,0,0,0,0,0,0,0,0,0,0,0,0,0,0,0,0,0,0,0,0,0,0,0,0,0,0,0,0,0,0,0,0,0,0,0
520,621,868,1085,1120,1152,1116,1147,1254,1287,1419,1610,1645,1610,1575,1656,1692,1702,1739,1786,1872,1960,2009,1960,1960,2142,2100,2250,2340,2538,2736,2793,3009,3127,3074,3074,3410,3654,3886,4012,4307,4636,4774,5280,5658,6035,6192,6497,7176,7584,8100,8686,9450,10545,11616,12700,13905,14522,16352,18135,20625,22968,24840,28028,33480,36160,42237,47502,57400,68266,81450,87096,101640,122759,122174,117602,114057,116724,112400,108192,95770,0,0,0,0,0,0,0,0,0,0,0,0,0,0,0,0,0,0,0,0,0,0,0,0,0,0,0,0,0,0,0,0,0,0,0,0,0,0,0,0,0,0,0,0,0,0,0,0,0,0,0,0,0,0,0,0,0,0,0,0,0,0,0,0,0,0,0,0,0,0,0,0,0,0,0,0,0,0,0,0,0,0,0,0,0,0,0,0,0,0,0,0,0,0,0,0,0,0,0,0,0,0
924,957,990,957,990,1085,1221,1178,1248,1320,1353,1394,1428,1386,1435,1470,1710,1813,1950,1880,1968,2009,2150,2346,2438,2484,2592,2688,2784,2950,3060,2950,3120,3355,3648,3591,3575,4002,4453,4575,4898,5248,5762,6248,6586,6750,7410,8100,8568,9416,9919,11424,12177,13770,14840,16688,18644,20541,23010,26358,28280,33790,37848,44275,52452,62525,71068,88218,99875,111864,118066,119163,107136,107355,106795,100284,94752,80920,59514,0,0,0,0,0,0,0,0,0,0,0,0,0,0,0,0,0,0,0,0,0,0,0,0,0,0,0,0,0,0,0,0,0,0,0,0,0,0,0,0,0,0,0,0,0,0,0,0,0,0,0,0,0,0,0,0,0,0,0,0,0,0,0,0,0,0,0,0,0,0,0,0,0,0,0,0,0,0,0,0,0,0,0,0,0,0,0,0,0,0,0,0,0,0,0,0,0,0,0,0,0,0,0,0
1015,1050,1116,1184,1152,1152,1152,1188,1330,1330,1440,1476,1596,1591,1665,1960,2040,2080,2142,2236,2340,2484,2646,2907,2900,3000,3060,3162,3213,3808,4047,4440,4864,4864,4851,5070,5395,6192,7007,7644,7979,8755,9592,10374,11970,12969,14140,16350,18212,20496,23220,27383,31164,37600,44032,52540,61889,77634,93060,106887,119250,106026,103168,99540,92345,80064,58104,0,0,0,0,0,0,0,0,0,0,0,0,0,0,0,0,0,0,0,0,0,0,0,0,0,0,0,0,0,0,0,0,0,0,0,0,0,0,0,0,0,0,0,0,0,0,0,0,0,0,0,0,0,0,0,0,0,0,0,0,0,0,0,0,0,0,0,0,0,0,0,0,0,0,0,0,0,0,0,0,0,0,0,0,0,0,0,0,0,0,0,0,0,0,0,0,0,0,0,0,0,0,0,0,0,0,0,0,0,0,0,0,0,0,0,0
768,986,1054,1080,1080,1360,1320,1435,1394,1400,1440,1634,1755,1872,1960,1968,2142,2279,2322,2484,2646,2793,2832,3111,3233,3294,3410,3584,3770,3864,4320,4788,4758,5330,5934,6319,6734,7332,7857,8400,9095,10488,11781,12726,14873,16060,18960,20832,24344,28028,32648,37979,46003,54795,68888,82592,96760,122259,123500,121818,110376,110922,109926,84300,54069,0,0,0,0,0,0,0,0,0,0,0,0,0,0,0,0,0,0,0,0,0,0,0,0,0,0,0,0,0,0,0,0,0,0,0,0,0,0,0,0,0,0,0,0,0,0,0,0,0,0,0,0,0,0,0,0,0,0,0,0,0,0,0,0,0,0,0,0,0,0,0,0,0,0,0,0,0,0,0,0,0,0,0,0,0,0,0,0,0,0,0,0,0,0,0,0,0,0,0,0,0,0,0,0,0,0,0,0,0,0,0,0,0,0,0,0,0,0
462,483,484,483,504,667,775,775,810,837,1044,1147,1147,1254,1184,1152,1120,1258,1330,1400,1470,1591,1554,1702,1911,2040,2091,2142,2193,2385,2538,2907,2842,2891,2950,3276,3498,3672,4234,4514,4712,4940,5005,5265,6020,6643,7469,8080,8925,9879,10788,12544,13700,15264,17628,20910,23400,27383,31886,38468,46280,56066,70308,84272,104400,117110,110691,103664,100352,92560,88660,70432,42919,0,0,0,0,0,0,0,0,0,0,0,0,0,0,0,0,0,0,0,0,0,0,0,0,0,0,0,0,0,0,0,0,0,0,0,0,0,0,0,0,0,0,0,0,0,0,0,0,0,0,0,0,0,0,0,0,0,0,0,0,0,0,0,0,0,0,0,0,0,0,0,0,0,0,0,0,0,0,0,0,0,0,0,0,0,0,0,0,0,0,0,0,0,0,0,0,0,0,0,0,0,0,0,0,0,0,0,0,0,0
775,806,1085,1020,1120,1360,1394,1435,1512,1540,1548,1584,1786,1950,2058,2107,2340,2475,2679,2695,2842,3000,3339,3402,3392,3770,4020,4130,4712,4575,4960,5780,6264,6808,7410,7742,8858,9968,11067,12177,14248,15587,18802,20664,24660,27742,33790,39600,50778,61509,75488,91804,110160,120536,118272,109650,108650,104340,98560,71033,0,0,0,0,0,0,0,0,0,0,0,0,0,0,0,0,0,0,0,0,0,0,0,0,0,0,0,0,0,0,0,0,0,0,0,0,0,0,0,0,0,0,0,0,0,0,0,0,0,0,0,0,0,0,0,0,0,0,0,0,0,0,0,0,0,0,0,0,0,0,0,0,0,0,0,0,0,0,0,0,0,0,0,0,0,0,0,0,0,0,0,0,0,0,0,0,0,0,0,0,0,0,0,0,0,0,0,0,0,0,0,0,0,0,0,0,0,0,0,0,0,0,0
990,1020,1050,1054,1221,1360,1320,1435,1435,1548,1548,1710,1786,1786,2009,2100,2200,2484,2576,2632,2744,2900,3224,3402,3520,3712,3835,4020,4402,4500,5040,5628,6336,7084,7584,8670,8858,10283,12000,13440,15933,18000,20608,23450,28470,33696,40764,49632,62816,82340,97704,122732,126252,124450,118156,115786,62944,0,0,0,0,0,0,0,0,0,0,0,0,0,0,0,0,0,0,0,0,0,0,0,0,0,0,0,0,0,0,0,0,0,0,0,0,0,0,0,0,0,0,0,0,0,0,0,0,0,0,0,0,0,0,0,0,0,0,0,0,0,0,0,0,0,0,0,0,0,0,0,0,0,0,0,0,0,0,0,0,0,0,0,0,0,0,0,0,0,0,0,0,0,0,0,0,0,0,0,0,0,0,0,0,0,0,0,0,0,0,0,0,0,0,0,0,0,0,0,0,0,0,0,0,0,0
990,1020,1147,1287,1320,1386,1360,1400,1517,1672,1794,2080,2040,2132,2226,2475,2530,2565,2632,2900,3180,3127,3465,3770,3808,4118,4697,5056,5865,6264,6660,7161,8181,9048,10304,11543,13433,14796,17784,20252,23140,27832,33325,42081,51612,64377,84180,101436,120783,118364,109368,105040,102366,93016,64911,0,0,0,0,0,0,0,0,0,0,0,0,0,0,0,0,0,0,0,0,0,0,0,0,0,0,0,0,0,0,0,0,0,0,0,0,0,0,0,0,0,0,0,0,0,0,0,0,0,0,0,0,0,0,0,0,0,0,0,0,0,0,0,0,0,0,0,0,0,0,0,0,0,0,0,0,0,0,0,0,0,0,0,0,0,0,0,0,0,0,0,0,0,0,0,0,0,0,0,0,0,0,0,0,0,0,0,0,0,0,0,0,0,0,0,0,0,0,0,0,0,0,0,0,0,0,0,0
957,1020,1147,1287,1320,1435,1435,1435,1591,1702,1880,1911,2050,2173,2365,2484,2576,2530,2842,3120,3240,3402,3575,4002,4060,4712,4992,5561,5848,6192,7254,7938,8840,10120,11280,13231,14560,17825,20295,24388,28341,34008,42656,52440,67416,87420,103604,120048,116790,105754,107587,85183,44616,0,0,0,0,0,0,0,0,0,0,0,0,0,0,0,0,0,0,0,0,0,0,0,0,0,0,0,0,0,0,0,0,0,0,0,0,0,0,0,0,0,0,0,0,0,0,0,0,0,0,0,0,0,0,0,0,0,0,0,0,0,0,0,0,0,0,0,0,0,0,0,0,0,0,0,0,0,0,0,0,0,0,0,0,0,0,0,0,0,0,0,0,0,0,0,0,0,0,0,0,0,0,0,0,0,0,0,0,0,0,0,0,0,0,0,0,0,0,0,0,0,0,0,0,0,0,0,0,0,0
928,1080,1110,1110,1254,1326,1330,1404,1476,1591,1702,1824,1989,2028,2226,2279,2288,2438,2530,2744,3132,3286,3286,3465,3886,4234,4800,5265,5508,6035,6205,7176,8100,9095,10192,12078,13802,15552,19040,21250,24975,30784,37392,49496,61295,78888,97055,121268,118364,110744,108138,103033,89400,57408,0,0,0,0,0,0,0,0,0,0,0,0,0,0,0,0,0,0,0,0,0,0,0,0,0,0,0,0,0,0,0,0,0,0,0,0,0,0,0,0,0,0,0,0,0,0,0,0,0,0,0,0,0,0,0,0,0,0,0,0,0,0,0,0,0,0,0,0,0,0,0,0,0,0,0,0,0,0,0,0,0,0,0,0,0,0,0,0,0,0,0,0,0,0,0,0,0,0,0,0,0,0,0,0,0,0,0,0,0,0,0,0,0,0,0,0,0,0,0,0,0,0,0,0,0,0,0,0,0
667,1015,1080,1110,1248,1292,1326,1368,1480,1548,1584,1786,1911,2028,2080,2279,2332,2475,2632,2744,3009,3300,3339,3520,3944,4307,4800,5120,5865,6278,6612,7663,8400,10170,11640,13596,15260,18840,21463,26649,31500,37392,52440,66650,86443,106116,122010,122460,112660,79605,0,0,0,0,0,0,0,0,0,0,0,0,0,0,0,0,0,0,0,0,0,0,0,0,0,0,0,0,0,0,0,0,0,0,0,0,0,0,0,0,0,0,0,0,0,0,0,0,0,0,0,0,0,0,0,0,0,0,0,0,0,0,0,0,0,0,0,0,0,0,0,0,0,0,0,0,0,0,0,0,0,0,0,0,0,0,0,0,0,0,0,0,0,0,0,0,0,0,0,0,0,0,0,0,0,0,0,0,0,0,0,0,0,0,0,0,0,0,0,0,0,0,0,0,0,0,0,0,0,0,0,0,0
1085,1178,1254,1394,1476,1476,1596,1672,1833,1960,2080,2173,2385,2484,2632,2832,3009,3294,3528,3705,3944,4380,4875,5412,5934,6351,6992,7938,8964,10396,12276,14008,17136,20570,23807,28743,35011,46992,59400,76614,97760,120289,119085,111512,105732,73000,0,0,0,0,0,0,0,0,0,0,0,0,0,0,0,0,0,0,0,0,0,0,0,0,0,0,0,0,0,0,0,0,0,0,0,0,0,0,0,0,0,0,0,0,0,0,0,0,0,0,0,0,0,0,0,0,0,0,0,0,0,0,0,0,0,0,0,0,0,0,0,0,0,0,0,0,0,0,0,0,0,0,0,0,0,0,0,0,0,0,0,0,0,0,0,0,0,0,0,0,0,0,0,0,0,0,0,0,0,0,0,0,0,0,0,0,0,0,0,0,0,0,0,0,0,0,0,0,0,0,0,0,0,0,0,0,0
713,660,960,1116,1216,1320,1360,1404,1517,1517,1710,1824,2080,2120,2279,2484,2576,2632,2891,3240,3465,3510,3876,4307,4800,5330,5848,6264,7332,8200,8988,10580,12700,14175,17784,20418,25944,30932,37920,50778,66887,91008,109350,121986,110124,105463,100110,85986,0,0,0,0,0,0,0,0,0,0,0,0,0,0,0,0,0,0,0,0,0,0,0,0,0,0,0,0,0,0,0,0,0,0,0,0,0,0,0,0,0,0,0,0,0,0,0,0,0,0,0,0,0,0,0,0,0,0,0,0,0,0,0,0,0,0,0,0,0,0,0,0,0,0,0,0,0,0,0,0,0,0,0,0,0,0,0,0,0,0,0,0,0,0,0,0,0,0,0,0,0,0,0,0,0,0,0,0,0,0,0,0,0,0,0,0,0,0,0,0,0,0,0,0,0,0,0,0,0,0,0,0,0,0,0
720,899,992,990,1147,1287,1353,1353,1394,1476,1634,1833,1920,2050,2193,2420,2484,2576,2832,3162,3355,3528,3876,4176,4620,5346,5934,6192,7505,8466,9944,11374,13231,15370,18603,22479,27661,36386,46110,61408,84579,102147,121735,105042,103341,94734,75301,0,0,0,0,0,0,0,0,0,0,0,0,0,0,0,0,0,0,0,0,0,0,0,0,0,0,0,0,0,0,0,0,0,0,0,0,0,0,0,0,0,0,0,0,0,0,0,0,0,0,0,0,0,0,0,0,0,0,0,0,0,0,0,0,0,0,0,0,0,0,0,0,0,0,0,0,0,0,0,0,0,0,0,0,0,0,0,0,0,0,0,0,0,0,0,0,0,0,0,0,0,0,0,0,0,0,0,0,0,0,0,0,0,0,0,0,0,0,0,0,0,0,0,0,0,0,0,0,0,0,0,0,0,0,0,0
644,667,1015,1147,1216,1254,1224,1368,1517,1591,1665,1900,2040,2173,2142,2236,2585,2744,3000,3120,3224,3876,4425,4940,5082,5070,6364,7254,8383,9701,11424,13231,15158,19278,23580,29232,39032,50406,67947,89388,112838,107420,99261,88795,49404,0,0,0,0,0,0,0,0,0,0,0,0,0,0,0,0,0,0,0,0,0,0,0,0,0,0,0,0,0,0,0,0,0,0,0,0,0,0,0,0,0,0,0,0,0,0,0,0,0,0,0,0,0,0,0,0,0,0,0,0,0,0,0,0,0,0,0,0,0,0,0,0,0,0,0,0,0,0,0,0,0,0,0,0,0,0,0,0,0,0,0,0,0,0,0,0,0,0,0,0,0,0,0,0,0,0,0,0,0,0,0,0,0,0,0,0,0,0,0,0,0,0,0,0,0,0,0,0,0,0,0,0,0,0,0,0,0,0
1054,1116,1320,1470,1394,1435,1634,1833,1920,2050,2173,2420,2585,2736,3050,3276,3591,3712,4071,4636,4977,6020,6734,7426,8232,10283,12054,14280,16724,21500,26358,33110,43000,58506,78769,103768,125249,116280,113007,78642,0,0,0,0,0,0,0,0,0,0,0,0,0,0,0,0,0,0,0,0,0,0,0,0,0,0,0,0,0,0,0,0,0,0,0,0,0,0,0,0,0,0,0,0,0,0,0,0,0,0,0,0,0,0,0,0,0,0,0,0,0,0,0,0,0,0,0,0,0,0,0,0,0,0,0,0,0,0,0,0,0,0,0,0,0,0,0,0,0,0,0,0,0,0,0,0,0,0,0,0,0,0,0,0,0,0,0,0,0,0,0,0,0,0,0,0,0,0,0,0,0,0,0,0,0,0,0,0,0,0,0,0,0,0,0,0,0,0,0,0,0,0,0
1258,1368,1406,1558,1558,1677,1716,1677,1804,1845,1932,1932,1932,2021,2021,2021,2064,2064,2205,2250,2250,2300,2750,2912,2964,2964,3074,3528,3584,3828,3762,3944,4002,4270,4800,5005,5056,5200,5184,5265,5248,5460,5544,5762,6072,6390,6348,6716,7050,7238,7410,8383,8181,8610,8715,9288,9135,9592,10080,10235,10556,11424,12152,13130,13860,14231,15336,15730,16530,17168,18088,19032,20790,20828,22704,23625,25437,26320,28368,30932,33354,36064,37720,40488,45135,49593,52907,60588,64988,73593,77402,85156,96750,103863,112520,116046,117236,110360,105264,103206,102720,97020,94639,92824,85680,80106,72504,66971,54442,28325,14592,0,0,0,0,0,0,0,0,0,0,0,0,0,0,0,0,0,0,0,0,0,0,0,0,0,0,0,0,0,0,0,0,0,0,0,0,0,0,0,0,0,0,0,0,0,0,0,0,0,0,0,0,0,0,0,0,0,0,0,0,0,0,0,0,0,0,0,0,0,0,0,0
837,840,896,896,899,870,928,899,990,990,1020,1050,1020,1085,1085,1085,1085,1116,1152,1184,1216,1184,1292,1332,1332,1406,1443,1480,1480,1517,1554,1672,1672,1710,1710,1794,1872,1920,1960,1968,2100,2107,2058,2205,2116,2115,2303,2499,2548,2700,2805,3021,3135,3360,3584,3762,3705,3705,3953,4140,4071,4366,4331,4380,4514,4440,4725,4992,5200,5200,5561,5796,6248,6734,6776,6930,7020,7505,7680,8019,8364,9095,9048,9240,10101,10416,10622,11136,11834,12800,13860,14338,15180,16046,17052,18408,19188,20412,21285,23316,24012,26180,28470,30753,33540,35040,37785,42385,46361,50572,55948,60885,68572,75468,85888,95892,103320,108405,104748,100683,97524,97030,95748,88660,85680,78435,74382,65100,57720,48032,36864,21330,0,0,0,0,0,0,0,0,0,0,0,0,0,0,0,0,0,0,0,0,0,0,0,0,0,0,0,0,0,0,0,0,0,0,0,0,0,0,0,0,0,0,0,0,0,0,0,0,0,0,0
648,702,675,837,837,837,864,868,864,840,899,896,928,960,990,960,960,1023,1020,1054,1020,1116,1152,1216,1254,1254,1254,1326,1320,1320,1326,1360,1394,1470,1505,1470,1470,1596,1596,1558,1596,1634,1677,1716,1710,1840,1927,1840,1880,1968,2009,1968,1968,2058,2150,2193,2288,2332,2385,2340,2438,2544,2640,2744,2744,2793,2850,3009,3162,3276,3162,3286,3402,3410,3520,3705,4012,4200,4260,4248,4588,4736,4875,4884,5159,5360,5360,5561,5762,5916,6090,6264,6552,7350,7546,7920,7938,8316,8772,9434,9701,9900,10396,10829,11067,11186,12573,13362,14204,15260,16352,17316,18172,19520,20625,21042,22317,24030,26085,28324,30098,32224,35139,38346,42237,44975,48760,53480,60695,68547,75374,81317,94622,103488,117096,115491,114686,114072,112716,102942,98252,93886,88404,78876,67847,60023,46315,31855,0,0,0,0,0,0,0,0,0,0,0,0,0,0,0,0,0,0,0,0,0,0,0,0,0,0,0,0,0,0,0,0,0,0,0
1023,1023,1152,1188,1188,1221,1122,1089,1332,1406,1443,1443,1443,1521,1482,1560,1520,1599,1638,1599,1763,1806,1848,1890,1890,2021,1974,2021,2009,2107,2200,2250,2295,2448,2548,3135,3192,3245,3186,3186,3240,4331,4526,4526,4514,4800,5070,4992,5330,5561,6020,6106,6570,6675,7020,7161,7488,7857,7840,8330,8755,9523,10304,10416,11424,12177,12625,12772,13545,14659,15696,17052,17969,19434,19875,22401,23718,25806,28368,30992,33384,37125,41553,45466,50490,57710,65832,72252,82560,95400,112860,124656,129648,129300,130938,133574,127680,118064,121004,113886,102512,86198,74002,0,0,0,0,0,0,0,0,0,0,0,0,0,0,0,0,0,0,0,0,0,0,0,0,0,0,0,0,0,0,0,0,0,0,0,0,0,0,0,0,0,0,0,0,0,0,0,0,0,0,0,0,0,0,0,0,0,0,0,0,0,0,0,0,0,0,0,0,0,0,0,0,0,0,0,0,0,0,0,0
616,667,667,720,840,840,868,870,1023,1015,1044,1036,1110,1178,1216,1085,1368,1440,1517,1517,1716,1800,1886,1886,1978,1932,1932,1978,2021,2016,2058,2150,2193,2340,2484,2538,2726,2842,2950,3009,2950,3050,3038,3213,3315,3618,4104,4366,4453,4425,4697,4526,5166,5184,5561,5780,6264,6278,6364,6825,7200,7566,8000,8632,9265,9130,10057,10647,11280,11020,13029,13965,14416,15478,17284,17710,18921,20252,23140,22962,26910,29638,32680,36267,41832,46197,53960,62418,69336,78660,93585,110246,124800,117786,116624,116550,112288,104967,97280,91964,76845,60420,23845,0,0,0,0,0,0,0,0,0,0,0,0,0,0,0,0,0,0,0,0,0,0,0,0,0,0,0,0,0,0,0,0,0,0,0,0,0,0,0,0,0,0,0,0,0,0,0,0,0,0,0,0,0,0,0,0,0,0,0,0,0,0,0,0,0,0,0,0,0,0,0,0,0,0,0,0,0,0,0,0
504,483,483,483,483,529,529,552,575,600,576,575,600,624,624,650,625,676,676,702,728,728,702,728,756,728,756,728,729,729,756,756,784,812,812,870,930,928,870,812,870,900,961,992,961,961,1056,1088,1122,1190,1224,1224,1224,1330,1332,1406,1406,1406,1558,1599,1716,1638,1848,1804,1804,2021,2024,2068,2160,2205,2350,2496,2703,2750,2597,2750,2850,2850,2958,2805,3016,3172,3339,3575,3886,4020,4331,4340,4416,4745,5293,5451,5727,6192,6512,6853,7254,7695,7857,7968,9048,9701,10101,11252,11682,12000,13650,14824,16159,17818,19592,19840,21930,24616,27360,30600,34454,38014,46003,51456,58378,70374,83486,98625,113542,123966,126225,127821,121518,116070,109218,99735,88346,73800,52480,0,0,0,0,0,0,0,0,0,0,0,0,0,0,0,0,0,0,0,0,0,0,0,0,0,0,0,0,0,0,0,0,0,0,0,0,0,0,0,0,0,0,0,0,0,0,0,0
1517,1558,1591,1634,1672,1680,1680,1980,1800,1672,1840,1845,1978,2622,2585,2736,2793,2900,3120,3120,5402,5776,5694,5168,5440,5508,5796,6256,6510,6956,7425,7722,8364,8736,8820,9202,10080,10465,12125,12771,14204,15620,16560,18876,19481,21082,23275,26367,29400,32850,36547,41574,47422,56252,67295,76890,93952,110433,124146,124564,127704,121411,118701,108891,99712,89308,70720,27560,0,0,0,0,0,0,0,0,0,0,0,0,0,0,0,0,0,0,0,0,0,0,0,0,0,0,0,0,0,0,0,0,0,0,0,0,0,0,0,0,0,0,0,0,0,0,0,0,0,0,0,0,0,0,0,0,0,0,0,0,0,0,0,0,0,0,0,0,0,0,0,0,0,0,0,0,0,0,0,0,0,0,0,0,0,0,0,0,0,0,0,0,0,0,0,0,0,0,0,0,0,0,0,0,0,0,0,0,0,0,0,0,0,0,0
247,266,247,260,260,280,280,280,280,266,280,300,315,315,320,352,374,357,378,378,418,418,418,418,460,483,650,675,675,675,812,812,870,900,900,899,992,992,1056,1088,1088,1085,1085,1152,1152,1152,1184,1216,1292,1254,1400,1400,1435,1394,1435,1548,1476,1512,1716,1800,1890,1760,1845,1890,1886,1932,1974,2193,2288,2438,2438,2538,2538,2622,2744,2842,3000,3172,3315,3864,4176,4725,5092,5440,5092,5986,6216,6525,6900,7220,7566,8137,8610,8904,9265,10057,11210,12726,12870,14144,16206,17595,19320,20750,22925,25756,30384,33110,37620,43925,51238,63345,72372,88288,105651,125800,129467,127512,128385,114639,108528,99932,80320,0,0,0,0,0,0,0,0,0,0,0,0,0,0,0,0,0,0,0,0,0,0,0,0,0,0,0,0,0,0,0,0,0,0,0,0,0,0,0,0,0,0,0,0,0,0,0,0,0,0,0,0,0,0,0,0,0,0,0,0
323,357,357,418,418,399,380,460,440,462,462,506,529,576,552,575,575,575,600,576,625,575,621,625,648,648,700,702,729,729,812,812,841,841,870,841,841,840,992,990,992,1023,1056,1085,1085,1152,1120,1120,1188,1224,1221,1320,1400,1476,1591,1677,1710,1755,1794,1800,1974,1927,2058,2244,2150,2205,2300,2438,2800,2900,3009,3016,3300,3410,3584,3876,4200,4392,4818,4928,5135,5494,5494,5780,6319,6570,7546,7392,8364,9010,10101,10672,11495,12800,14204,16016,17480,19032,21042,22925,26320,29304,32956,38212,45850,53862,62418,78255,96645,113157,121910,111870,104596,98358,89436,76340,62656,39852,11526,0,0,0,0,0,0,0,0,0,0,0,0,0,0,0,0,0,0,0,0,0,0,0,0,0,0,0,0,0,0,0,0,0,0,0,0,0,0,0,0,0,0,0,0,0,0,0,0,0,0,0,0,0,0,0,0,0,0,0,0,0,0,0,0
1054,1120,1224,1295,1368,1406,1444,1482,1722,1764,1804,1804,1845,1968,2193,2365,2520,2622,2793,3472,4002,4392,4392,4725,4836,5265,5848,6003,6461,6808,7566,8019,9072,9968,10788,11956,12500,14144,14946,16965,19276,21125,23895,26790,30135,35520,40915,47603,56252,69230,85073,107440,119776,132076,120408,113634,105196,16440,0,0,0,0,0,0,0,0,0,0,0,0,0,0,0,0,0,0,0,0,0,0,0,0,0,0,0,0,0,0,0,0,0,0,0,0,0,0,0,0,0,0,0,0,0,0,0,0,0,0,0,0,0,0,0,0,0,0,0,0,0,0,0,0,0,0,0,0,0,0,0,0,0,0,0,0,0,0,0,0,0,0,0,0,0,0,0,0,0,0,0,0,0,0,0,0,0,0,0,0,0,0,0,0,0,0,0,0,0,0,0,0,0,0,0,0,0,0,0,0,0,0,0,0,0
270,270,270,270,288,304,304,323,304,304,304,320,320,340,323,357,320,340,378,360,360,399,399,441,420,420,441,441,441,441,484,484,462,528,483,504,480,525,525,528,504,528,552,575,528,575,600,650,650,675,648,700,756,728,756,754,780,806,810,899,868,868,960,990,1023,1088,1120,1120,1152,1188,1221,1258,1330,1404,1440,1554,1677,1677,1596,1584,1665,1794,1880,2058,2244,2438,2385,2491,2646,2793,2800,2856,3172,3520,3520,3944,4260,4340,4544,5016,5293,5964,6192,6600,7068,7488,8118,9222,9990,11115,11737,12446,15120,16385,17850,19557,21930,25530,29492,33072,40053,45900,56342,67510,88550,111954,143553,146718,141694,137138,128083,112480,94869,24120,0,0,0,0,0,0,0,0,0,0,0,0,0,0,0,0,0,0,0,0,0,0,0,0,0,0,0,0,0,0,0,0,0,0,0,0,0,0,0,0,0,0,0,0,0,0,0,0,0
192,204,221,221,221,255,270,270,270,270,270,255,288,304,323,306,285,300,300,300,320,340,357,357,374,352,352,374,414,391,368,391,432,432,437,460,483,483,418,440,440,483,483,504,504,550,528,528,552,552,575,600,650,650,675,700,700,700,648,675,756,810,868,780,775,806,900,870,870,899,924,990,1054,1054,1188,1224,1258,1258,1332,1332,1444,1520,1640,1680,1804,1927,2016,2332,2200,2200,2250,2340,2750,2754,2958,3180,3591,3828,3944,4200,4464,4662,4928,5346,5712,6090,6570,7505,8134,9240,9737,10528,12078,13208,15120,17493,19118,21190,24564,28616,34344,38930,45682,58200,69486,92928,124614,143140,139949,131394,118080,104469,90916,0,0,0,0,0,0,0,0,0,0,0,0,0,0,0,0,0,0,0,0,0,0,0,0,0,0,0,0,0,0,0,0,0,0,0,0,0,0,0,0,0,0,0,0,0,0,0,0,0,0
1935,3233,4830,5740,6120,6248,7068,7644,8549,9680,9968,12125,13624,15070,15876,17936,20574,23182,26270,31570,38410,46440,58014,72709,91383,118900,147920,147240,142125,124456,110880,92352,0,0,0,0,0,0,0,0,0,0,0,0,0,0,0,0,0,0,0,0,0,0,0,0,0,0,0,0,0,0,0,0,0,0,0,0,0,0,0,0,0,0,0,0,0,0,0,0,0,0,0,0,0,0,0,0,0,0,0,0,0,0,0,0,0,0,0,0,0,0,0,0,0,0,0,0,0,0,0,0,0,0,0,0,0,0,0,0,0,0,0,0,0,0,0,0,0,0,0,0,0,0,0,0,0,0,0,0,0,0,0,0,0,0,0,0,0,0,0,0,0,0,0,0,0,0,0,0,0,0,0,0,0,0,0,0,0,0,0,0,0,0,0,0,0,0,0,0,0,0,0
4774,5330,5208,5720,5896,6408,7252,7700,8748,9520,11040,12152,14490,15984,18252,20541,23986,27599,33325,39840,50875,64684,84109,102850,114450,121598,104370,90972,71508,0,0,0,0,0,0,0,0,0,0,0,0,0,0,0,0,0,0,0,0,0,0,0,0,0,0,0,0,0,0,0,0,0,0,0,0,0,0,0,0,0,0,0,0,0,0,0,0,0,0,0,0,0,0,0,0,0,0,0,0,0,0,0,0,0,0,0,0,0,0,0,0,0,0,0,0,0,0,0,0,0,0,0,0,0,0,0,0,0,0,0,0,0,0,0,0,0,0,0,0,0,0,0,0,0,0,0,0,0,0,0,0,0,0,0,0,0,0,0,0,0,0,0,0,0,0,0,0,0,0,0,0,0,0,0,0,0,0,0,0,0,0,0,0,0,0,0,0,0,0,0,0,0,0
323,320,320,340,399,380,441,399,418,484,484,529,529,576,506,528,575,575,600,600,600,600,650,675,648,644,700,754,754,780,837,891,952,986,952,952,1020,1152,1152,1365,1548,1720,1845,1848,1848,2068,2160,2205,2392,2585,2538,2646,2907,3132,3528,3953,4148,4278,4736,5214,5589,6192,6734,7520,8415,9064,10416,10602,12474,14338,17168,19520,22008,25668,29850,36736,43896,56628,70840,94017,108264,112607,101724,87850,70441,48789,14573,0,0,0,0,0,0,0,0,0,0,0,0,0,0,0,0,0,0,0,0,0,0,0,0,0,0,0,0,0,0,0,0,0,0,0,0,0,0,0,0,0,0,0,0,0,0,0,0,0,0,0,0,0,0,0,0,0,0,0,0,0,0,0,0,0,0,0,0,0,0,0,0,0,0,0,0,0,0,0,0,0,0,0,0,0,0,0,0,0,0,0,0,0,0,0,0
475,500,525,525,644,700,672,725,780,780,750,868,960,1120,1260,1406,1560,1558,1599,1638,1716,1800,1920,1989,2142,2279,2397,3021,3933,3990,4234,4408,4758,5395,5916,6840,7068,7920,8881,9570,10488,12222,13635,15369,18018,21672,25515,29930,37422,45924,62014,78547,103615,126111,115928,107016,89355,71135,0,0,0,0,0,0,0,0,0,0,0,0,0,0,0,0,0,0,0,0,0,0,0,0,0,0,0,0,0,0,0,0,0,0,0,0,0,0,0,0,0,0,0,0,0,0,0,0,0,0,0,0,0,0,0,0,0,0,0,0,0,0,0,0,0,0,0,0,0,0,0,0,0,0,0,0,0,0,0,0,0,0,0,0,0,0,0,0,0,0,0,0,0,0,0,0,0,0,0,0,0,0,0,0,0,0,0,0,0,0,0,0,0,0,0,0,0,0,0,0,0,0,0,0,0
750,806,806,837,864,924,924,899,1050,990,1085,1155,1330,1365,1400,1470,1512,1591,1634,1634,1840,2050,2295,2392,2688,2736,2820,3213,3432,3604,3834,4047,4575,5040,5561,6003,6390,7350,7777,8528,9856,11040,12000,14008,15264,18354,20618,23140,29110,36340,44100,56356,72546,94620,119720,131369,117304,97194,75020,0,0,0,0,0,0,0,0,0,0,0,0,0,0,0,0,0,0,0,0,0,0,0,0,0,0,0,0,0,0,0,0,0,0,0,0,0,0,0,0,0,0,0,0,0,0,0,0,0,0,0,0,0,0,0,0,0,0,0,0,0,0,0,0,0,0,0,0,0,0,0,0,0,0,0,0,0,0,0,0,0,0,0,0,0,0,0,0,0,0,0,0,0,0,0,0,0,0,0,0,0,0,0,0,0,0,0,0,0,0,0,0,0,0,0,0,0,0,0,0,0,0,0,0
320,340,378,440,462,504,525,525,546,594,624,729,783,783,864,924,986,1085,1023,1054,1056,1023,1056,1089,1190,1224,1292,1254,1295,1482,1480,1558,1763,1763,2021,2256,2346,2484,2640,2964,3068,3752,3685,3740,3920,4425,4819,5040,5355,6256,6882,7332,7760,9288,10488,11712,13905,16317,17825,20496,24300,30076,36160,47259,59697,82455,109874,137572,138546,133760,107797,84189,0,0,0,0,0,0,0,0,0,0,0,0,0,0,0,0,0,0,0,0,0,0,0,0,0,0,0,0,0,0,0,0,0,0,0,0,0,0,0,0,0,0,0,0,0,0,0,0,0,0,0,0,0,0,0,0,0,0,0,0,0,0,0,0,0,0,0,0,0,0,0,0,0,0,0,0,0,0,0,0,0,0,0,0,0,0,0,0,0,0,0,0,0,0,0,0,0,0,0,0,0,0,0,0,0,0,0,0,0,0,0
425,408,418,483,460,480,624,728,720,700,754,750,800,864,810,924,896,957,1050,1085,1152,1292,1368,1404,1482,1440,1517,1716,1880,1800,1974,2064,2156,2340,2632,2800,3111,3233,3630,3944,4526,4940,5070,5727,6177,6992,7410,9010,9701,10530,12096,14144,16240,18600,23187,26980,34008,42066,55096,71176,99456,133419,138060,125668,100050,79056,0,0,0,0,0,0,0,0,0,0,0,0,0,0,0,0,0,0,0,0,0,0,0,0,0,0,0,0,0,0,0,0,0,0,0,0,0,0,0,0,0,0,0,0,0,0,0,0,0,0,0,0,0,0,0,0,0,0,0,0,0,0,0,0,0,0,0,0,0,0,0,0,0,0,0,0,0,0,0,0,0,0,0,0,0,0,0,0,0,0,0,0,0,0,0,0,0,0,0,0,0,0,0,0,0,0,0,0,0,0,0,0,0,0,0,0,0
440,550,1974,2064,2244,2392,2592,2646,2750,2907,3575,3648,4278,4410,5236,5740,6688,7505,8232,10028,10830,12444,14580,16790,20574,23355,29550,36900,47915,62667,89815,132600,141316,125580,108675,83030,0,0,0,0,0,0,0,0,0,0,0,0,0,0,0,0,0,0,0,0,0,0,0,0,0,0,0,0,0,0,0,0,0,0,0,0,0,0,0,0,0,0,0,0,0,0,0,0,0,0,0,0,0,0,0,0,0,0,0,0,0,0,0,0,0,0,0,0,0,0,0,0,0,0,0,0,0,0,0,0,0,0,0,0,0,0,0,0,0,0,0,0,0,0,0,0,0,0,0,0,0,0,0,0,0,0,0,0,0,0,0,0,0,0,0,0,0,0,0,0,0,0,0,0,0,0,0,0,0,0,0,0,0,0,0,0,0,0,0,0,0,0,0,0,0,0,0
1804,1932,1974,2340,2484,2592,2842,2805,2964,3186,3630,3953,4473,4884,5451,6290,6916,7857,8772,10323,12078,13886,16330,19220,22139,27594,34776,44213,58425,80880,121800,143104,131250,111758,89414,0,0,0,0,0,0,0,0,0,0,0,0,0,0,0,0,0,0,0,0,0,0,0,0,0,0,0,0,0,0,0,0,0,0,0,0,0,0,0,0,0,0,0,0,0,0,0,0,0,0,0,0,0,0,0,0,0,0,0,0,0,0,0,0,0,0,0,0,0,0,0,0,0,0,0,0,0,0,0,0,0,0,0,0,0,0,0,0,0,0,0,0,0,0,0,0,0,0,0,0,0,0,0,0,0,0,0,0,0,0,0,0,0,0,0,0,0,0,0,0,0,0,0,0,0,0,0,0,0,0,0,0,0,0,0,0,0,0,0,0,0,0,0,0,0,0,0,0
500,546,572,594,621,1886,2200,2300,2279,2376,2585,2793,3050,3286,3685,4130,4992,5644,6090,6734,7920,9180,10120,11685,13433,17176,19840,24288,29870,38468,49504,67200,94350,107359,102845,81750,56052,21450,0,0,0,0,0,0,0,0,0,0,0,0,0,0,0,0,0,0,0,0,0,0,0,0,0,0,0,0,0,0,0,0,0,0,0,0,0,0,0,0,0,0,0,0,0,0,0,0,0,0,0,0,0,0,0,0,0,0,0,0,0,0,0,0,0,0,0,0,0,0,0,0,0,0,0,0,0,0,0,0,0,0,0,0,0,0,0,0,0,0,0,0,0,0,0,0,0,0,0,0,0,0,0,0,0,0,0,0,0,0,0,0,0,0,0,0,0,0,0,0,0,0,0,0,0,0,0,0,0,0,0,0,0,0,0,0,0,0,0,0,0,0,0,0,0
418,525,572,594,644,621,648,1056,1634,1677,2016,2156,2156,2332,2420,2679,2842,3233,3348,3705,4320,4650,5440,5950,6480,7663,8549,9879,11590,13566,16611,19560,24072,28275,37979,49680,66992,96256,116022,112640,94688,67706,26752,0,0,0,0,0,0,0,0,0,0,0,0,0,0,0,0,0,0,0,0,0,0,0,0,0,0,0,0,0,0,0,0,0,0,0,0,0,0,0,0,0,0,0,0,0,0,0,0,0,0,0,0,0,0,0,0,0,0,0,0,0,0,0,0,0,0,0,0,0,0,0,0,0,0,0,0,0,0,0,0,0,0,0,0,0,0,0,0,0,0,0,0,0,0,0,0,0,0,0,0,0,0,0,0,0,0,0,0,0,0,0,0,0,0,0,0,0,0,0,0,0,0,0,0,0,0,0,0,0,0,0,0,0,0,0,0,0,0,0,0
1677,1880,1886,1890,1848,1935,2024,2024,2068,2068,2300,2544,2700,2750,2860,2754,3078,3190,3363,3306,3300,3534,3575,3876,3944,3828,4284,4154,4620,4680,5092,5236,5451,6132,5751,6059,6699,6930,7280,7505,7954,8600,8874,9240,9630,10340,11252,11682,12322,13056,14279,14874,15846,17110,17582,19188,20193,21648,23564,25060,27886,30351,33600,37074,38701,44571,48951,54336,61182,65520,78858,89858,101790,113454,118987,123165,127624,116490,116493,0,0,0,0,0,0,0,0,0,0,0,0,0,0,0,0,0,0,0,0,0,0,0,0,0,0,0,0,0,0,0,0,0,0,0,0,0,0,0,0,0,0,0,0,0,0,0,0,0,0,0,0,0,0,0,0,0,0,0,0,0,0,0,0,0,0,0,0,0,0,0,0,0,0,0,0,0,0,0,0,0,0,0,0,0,0,0,0,0,0,0,0,0,0,0,0,0,0,0,0,0,0,0,0
330,330,504,552,528,529,552,575,550,550,899,900,930,1054,1296,1368,2548,2700,2970,3135,3190,3300,3534,3654,3776,3840,4087,4410,4745,4940,5159,5236,5472,5694,6068,6232,6708,6786,7380,7470,8084,8624,9100,9486,9975,10900,11322,12190,13625,13952,14934,16422,17182,18250,19328,21172,23124,24480,27416,29605,32274,36349,40356,47439,49784,56097,67346,75446,86868,101144,116640,146746,0,0,0,0,0,0,0,0,0,0,0,0,0,0,0,0,0,0,0,0,0,0,0,0,0,0,0,0,0,0,0,0,0,0,0,0,0,0,0,0,0,0,0,0,0,0,0,0,0,0,0,0,0,0,0,0,0,0,0,0,0,0,0,0,0,0,0,0,0,0,0,0,0,0,0,0,0,0,0,0,0,0,0,0,0,0,0,0,0,0,0,0,0,0,0,0,0,0,0,0,0,0,0,0,0,0,0,0,0,0,0
1800,1800,1804,1890,1932,1935,1978,2112,2205,2254,2448,2650,2856,3024,2856,3192,3304,3480,3538,3534,3835,4209,4331,4416,4420,4550,4824,5037,5168,5680,5832,6150,6552,6952,7452,7968,8330,8888,9345,9737,10340,11088,12138,12792,13910,14896,16008,17400,19096,19530,21516,23460,25597,28800,31086,35310,38646,42960,48128,54873,62370,73738,84624,100125,114840,126036,133875,131445,124410,73383,0,0,0,0,0,0,0,0,0,0,0,0,0,0,0,0,0,0,0,0,0,0,0,0,0,0,0,0,0,0,0,0,0,0,0,0,0,0,0,0,0,0,0,0,0,0,0,0,0,0,0,0,0,0,0,0,0,0,0,0,0,0,0,0,0,0,0,0,0,0,0,0,0,0,0,0,0,0,0,0,0,0,0,0,0,0,0,0,0,0,0,0,0,0,0,0,0,0,0,0,0,0,0,0,0,0,0,0,0,0,0,0,0
1927,2009,2064,2070,2115,2068,2209,2444,2600,3021,2800,3068,3355,3416,3363,3540,3780,3965,4278,4745,4752,4828,4970,5396,5688,6059,6460,6873,7462,7885,8064,8712,9360,9936,10848,11716,12896,13625,14763,15640,17493,18875,21091,22576,24708,27342,31243,34112,38988,44835,48316,56650,65912,78302,97573,116424,130350,142008,138744,136188,0,0,0,0,0,0,0,0,0,0,0,0,0,0,0,0,0,0,0,0,0,0,0,0,0,0,0,0,0,0,0,0,0,0,0,0,0,0,0,0,0,0,0,0,0,0,0,0,0,0,0,0,0,0,0,0,0,0,0,0,0,0,0,0,0,0,0,0,0,0,0,0,0,0,0,0,0,0,0,0,0,0,0,0,0,0,0,0,0,0,0,0,0,0,0,0,0,0,0,0,0,0,0,0,0,0,0,0,0,0,0,0,0,0,0,0,0,0,0,0,0,0,0
440,506,576,552,552,576,992,1088,1120,1155,1482,1720,2250,2704,2652,2756,2862,3135,3304,3248,3245,3658,3591,3900,4284,4544,4875,4875,5175,5616,5913,6375,6622,7040,7290,7990,8536,9191,9975,10900,12051,13161,14061,15162,16638,17712,19737,21147,23074,26640,29032,31714,38700,43440,51870,57400,69576,85116,101495,122304,0,0,0,0,0,0,0,0,0,0,0,0,0,0,0,0,0,0,0,0,0,0,0,0,0,0,0,0,0,0,0,0,0,0,0,0,0,0,0,0,0,0,0,0,0,0,0,0,0,0,0,0,0,0,0,0,0,0,0,0,0,0,0,0,0,0,0,0,0,0,0,0,0,0,0,0,0,0,0,0,0,0,0,0,0,0,0,0,0,0,0,0,0,0,0,0,0,0,0,0,0,0,0,0,0,0,0,0,0,0,0,0,0,0,0,0,0,0,0,0,0,0,0
1748,1634,1720,1848,1840,1935,2064,2021,2254,2350,2500,2754,2915,3024,3078,3024,3534,3762,3465,4020,4030,4221,4757,4958,5226,5609,5840,6308,6699,7280,7872,8514,9167,9844,10434,11716,12669,13312,14763,15985,18056,19220,21516,23701,26928,29792,34932,39100,44954,53190,61686,73321,87792,108584,125712,127002,121716,109740,0,0,0,0,0,0,0,0,0,0,0,0,0,0,0,0,0,0,0,0,0,0,0,0,0,0,0,0,0,0,0,0,0,0,0,0,0,0,0,0,0,0,0,0,0,0,0,0,0,0,0,0,0,0,0,0,0,0,0,0,0,0,0,0,0,0,0,0,0,0,0,0,0,0,0,0,0,0,0,0,0,0,0,0,0,0,0,0,0,0,0,0,0,0,0,0,0,0,0,0,0,0,0,0,0,0,0,0,0,0,0,0,0,0,0,0,0,0,0,0,0,0,0,0,0
494,416,432,442,513,650,702,810,750,837,837,1023,2964,3016,3135,3245,3132,3300,3591,3828,3894,4278,4680,4940,5082,5390,5544,6075,6468,6864,7280,7980,8811,9200,9984,11118,12285,13125,14560,15930,17182,18352,19995,21812,24882,28310,30492,35588,40368,48195,54672,66220,81260,101878,143880,0,0,0,0,0,0,0,0,0,0,0,0,0,0,0,0,0,0,0,0,0,0,0,0,0,0,0,0,0,0,0,0,0,0,0,0,0,0,0,0,0,0,0,0,0,0,0,0,0,0,0,0,0,0,0,0,0,0,0,0,0,0,0,0,0,0,0,0,0,0,0,0,0,0,0,0,0,0,0,0,0,0,0,0,0,0,0,0,0,0,0,0,0,0,0,0,0,0,0,0,0,0,0,0,0,0,0,0,0,0,0,0,0,0,0,0,0,0,0,0,0,0,0,0,0,0,0,0
644,900,992,960,1023,1122,1764,1849,2025,2256,2450,2862,2970,2970,2970,3422,3658,3596,3904,4020,4278,4480,4818,5168,5382,5760,6000,6708,7290,7728,7990,8900,9765,10584,11639,12412,13750,14803,16422,18625,19608,21735,24650,27600,31400,33784,41241,46550,56925,68907,85064,101951,127200,147264,0,0,0,0,0,0,0,0,0,0,0,0,0,0,0,0,0,0,0,0,0,0,0,0,0,0,0,0,0,0,0,0,0,0,0,0,0,0,0,0,0,0,0,0,0,0,0,0,0,0,0,0,0,0,0,0,0,0,0,0,0,0,0,0,0,0,0,0,0,0,0,0,0,0,0,0,0,0,0,0,0,0,0,0,0,0,0,0,0,0,0,0,0,0,0,0,0,0,0,0,0,0,0,0,0,0,0,0,0,0,0,0,0,0,0,0,0,0,0,0,0,0,0,0,0,0,0,0,0
1677,1677,1886,1886,1974,2024,2025,2200,2340,2448,2496,2700,3074,2912,3248,3420,3596,3705,4080,4331,4485,4608,5106,5520,5822,6364,6952,7031,7802,8330,9167,9936,10752,12138,13125,14170,15755,17666,20066,21648,23460,27824,31243,37128,41001,48504,59040,70914,87000,107199,127008,132022,124800,0,0,0,0,0,0,0,0,0,0,0,0,0,0,0,0,0,0,0,0,0,0,0,0,0,0,0,0,0,0,0,0,0,0,0,0,0,0,0,0,0,0,0,0,0,0,0,0,0,0,0,0,0,0,0,0,0,0,0,0,0,0,0,0,0,0,0,0,0,0,0,0,0,0,0,0,0,0,0,0,0,0,0,0,0,0,0,0,0,0,0,0,0,0,0,0,0,0,0,0,0,0,0,0,0,0,0,0,0,0,0,0,0,0,0,0,0,0,0,0,0,0,0,0,0,0,0,0,0,0
480,504,528,529,552,506,572,616,986,990,1050,1085,1152,1188,1188,1258,1599,2209,2256,2400,2209,2352,2499,2550,2601,2652,2860,3024,3021,3132,3538,3717,3900,4216,4536,4615,4824,5313,5760,6142,6375,6952,7544,7998,8722,9568,10692,11934,12566,13608,15048,16819,18500,19866,21679,25665,28200,31916,39098,44160,53929,62995,78870,98315,122840,145180,0,0,0,0,0,0,0,0,0,0,0,0,0,0,0,0,0,0,0,0,0,0,0,0,0,0,0,0,0,0,0,0,0,0,0,0,0,0,0,0,0,0,0,0,0,0,0,0,0,0,0,0,0,0,0,0,0,0,0,0,0,0,0,0,0,0,0,0,0,0,0,0,0,0,0,0,0,0,0,0,0,0,0,0,0,0,0,0,0,0,0,0,0,0,0,0,0,0,0,0,0,0,0,0,0,0,0,0,0,0,0,0,0,0,0,0,0
868,868,992,990,924,1023,1088,2700,2856,2912,3304,3416,3596,3886,4270,4410,4745,5304,5688,5920,6300,6864,7200,7636,8700,9579,10176,11211,12360,13803,15390,17017,18204,20829,22848,26245,29143,33440,41238,47124,56317,68547,84942,105378,126392,0,0,0,0,0,0,0,0,0,0,0,0,0,0,0,0,0,0,0,0,0,0,0,0,0,0,0,0,0,0,0,0,0,0,0,0,0,0,0,0,0,0,0,0,0,0,0,0,0,0,0,0,0,0,0,0,0,0,0,0,0,0,0,0,0,0,0,0,0,0,0,0,0,0,0,0,0,0,0,0,0,0,0,0,0,0,0,0,0,0,0,0,0,0,0,0,0,0,0,0,0,0,0,0,0,0,0,0,0,0,0,0,0,0,0,0,0,0,0,0,0,0,0,0,0,0,0,0,0,0,0,0,0,0,0,0,0,0
1404,1476,1591,1638,2162,4080,4536,4680,4686,4818,5451,6232,6720,6966,7820,8084,9100,9776,10682,12412,14000,14605,16048,18375,20724,23714,26075,30301,35616,41940,48829,62856,78480,100170,123000,153111,0,0,0,0,0,0,0,0,0,0,0,0,0,0,0,0,0,0,0,0,0,0,0,0,0,0,0,0,0,0,0,0,0,0,0,0,0,0,0,0,0,0,0,0,0,0,0,0,0,0,0,0,0,0,0,0,0,0,0,0,0,0,0,0,0,0,0,0,0,0,0,0,0,0,0,0,0,0,0,0,0,0,0,0,0,0,0,0,0,0,0,0,0,0,0,0,0,0,0,0,0,0,0,0,0,0,0,0,0,0,0,0,0,0,0,0,0,0,0,0,0,0,0,0,0,0,0,0,0,0,0,0,0,0,0,0,0,0,0,0,0,0,0,0,0,0,0
1406,1406,1755,1800,1845,1927,2100,2107,2250,2156,2300,2397,2744,2750,2912,3186,3186,3712,3819,4140,4331,4725,5280,5494,5589,6264,6552,7176,7920,8549,9483,10170,12250,12900,14606,16317,18172,20875,23140,27495,31920,35168,42160,51612,63336,74928,82077,91464,91448,74000,50869,0,0,0,0,0,0,0,0,0,0,0,0,0,0,0,0,0,0,0,0,0,0,0,0,0,0,0,0,0,0,0,0,0,0,0,0,0,0,0,0,0,0,0,0,0,0,0,0,0,0,0,0,0,0,0,0,0,0,0,0,0,0,0,0,0,0,0,0,0,0,0,0,0,0,0,0,0,0,0,0,0,0,0,0,0,0,0,0,0,0,0,0,0,0,0,0,0,0,0,0,0,0,0,0,0,0,0,0,0,0,0,0,0,0,0,0,0,0,0,0,0,0,0,0,0,0,0,0,0,0,0,0
588,476,868,832,957,957,1088,1085,1155,1224,1558,2162,2703,2756,2912,3074,3190,3355,3240,3591,3886,4020,4480,4810,5390,5390,6142,6600,7098,7896,8722,9476,10780,12257,13335,14803,17017,18600,20640,24464,27972,31310,38870,47616,59496,73248,94576,118275,0,0,0,0,0,0,0,0,0,0,0,0,0,0,0,0,0,0,0,0,0,0,0,0,0,0,0,0,0,0,0,0,0,0,0,0,0,0,0,0,0,0,0,0,0,0,0,0,0,0,0,0,0,0,0,0,0,0,0,0,0,0,0,0,0,0,0,0,0,0,0,0,0,0,0,0,0,0,0,0,0,0,0,0,0,0,0,0,0,0,0,0,0,0,0,0,0,0,0,0,0,0,0,0,0,0,0,0,0,0,0,0,0,0,0,0,0,0,0,0,0,0,0,0,0,0,0,0,0,0,0,0,0,0,0
1088,1155,1120,1122,1292,1292,1258,1365,1406,1369,2116,2162,2254,2601,2862,2970,3248,3360,3477,3420,3654,3835,4209,4875,5304,5460,5976,6450,6864,7533,8526,9486,10900,12272,13589,15162,17080,19431,21120,24850,28650,33280,41008,52608,62580,81634,108075,137640,0,0,0,0,0,0,0,0,0,0,0,0,0,0,0,0,0,0,0,0,0,0,0,0,0,0,0,0,0,0,0,0,0,0,0,0,0,0,0,0,0,0,0,0,0,0,0,0,0,0,0,0,0,0,0,0,0,0,0,0,0,0,0,0,0,0,0,0,0,0,0,0,0,0,0,0,0,0,0,0,0,0,0,0,0,0,0,0,0,0,0,0,0,0,0,0,0,0,0,0,0,0,0,0,0,0,0,0,0,0,0,0,0,0,0,0,0,0,0,0,0,0,0,0,0,0,0,0,0,0,0,0,0,0,0
1804,1890,1980,1980,2112,2300,2397,2496,2499,2805,3016,3416,3528,3835,3968,4221,4526,4958,4958,5986,6351,6942,7885,8712,9568,10560,11817,13462,15029,16756,19000,22140,24500,30690,36239,42960,52528,64965,85956,114912,133816,137856,127588,0,0,0,0,0,0,0,0,0,0,0,0,0,0,0,0,0,0,0,0,0,0,0,0,0,0,0,0,0,0,0,0,0,0,0,0,0,0,0,0,0,0,0,0,0,0,0,0,0,0,0,0,0,0,0,0,0,0,0,0,0,0,0,0,0,0,0,0,0,0,0,0,0,0,0,0,0,0,0,0,0,0,0,0,0,0,0,0,0,0,0,0,0,0,0,0,0,0,0,0,0,0,0,0,0,0,0,0,0,0,0,0,0,0,0,0,0,0,0,0,0,0,0,0,0,0,0,0,0,0,0,0,0,0,0,0,0,0,0,0
456,594,560,1023,1155,1120,1152,2116,3025,3248,3420,3538,3654,4148,4020,4608,4884,5460,5913,6525,7031,7812,8811,9660,11110,12519,14300,16166,18522,20698,23380,27565,31400,39617,47376,59616,79016,107408,140044,0,0,0,0,0,0,0,0,0,0,0,0,0,0,0,0,0,0,0,0,0,0,0,0,0,0,0,0,0,0,0,0,0,0,0,0,0,0,0,0,0,0,0,0,0,0,0,0,0,0,0,0,0,0,0,0,0,0,0,0,0,0,0,0,0,0,0,0,0,0,0,0,0,0,0,0,0,0,0,0,0,0,0,0,0,0,0,0,0,0,0,0,0,0,0,0,0,0,0,0,0,0,0,0,0,0,0,0,0,0,0,0,0,0,0,0,0,0,0,0,0,0,0,0,0,0,0,0,0,0,0,0,0,0,0,0,0,0,0,0,0,0,0,0
391,520,448,476,532,899,957,957,957,1044,2916,3078,3363,3712,4080,4536,4891,5530,5832,6300,7290,7719,8900,10088,11433,13284,15162,17835,19584,22440,26788,31000,39725,49590,62580,85608,111785,0,0,0,0,0,0,0,0,0,0,0,0,0,0,0,0,0,0,0,0,0,0,0,0,0,0,0,0,0,0,0,0,0,0,0,0,0,0,0,0,0,0,0,0,0,0,0,0,0,0,0,0,0,0,0,0,0,0,0,0,0,0,0,0,0,0,0,0,0,0,0,0,0,0,0,0,0,0,0,0,0,0,0,0,0,0,0,0,0,0,0,0,0,0,0,0,0,0,0,0,0,0,0,0,0,0,0,0,0,0,0,0,0,0,0,0,0,0,0,0,0,0,0,0,0,0,0,0,0,0,0,0,0,0,0,0,0,0,0,0,0,0,0,0,0,0
1634,1760,1880,2021,2058,2236,2695,2695,2912,3180,3355,3648,4012,4410,4480,5159,5670,6300,7020,7426,8787,9240,11155,12524,13650,16560,18480,21353,26085,31262,37228,46956,59885,78302,106752,114372,115375,63744,0,0,0,0,0,0,0,0,0,0,0,0,0,0,0,0,0,0,0,0,0,0,0,0,0,0,0,0,0,0,0,0,0,0,0,0,0,0,0,0,0,0,0,0,0,0,0,0,0,0,0,0,0,0,0,0,0,0,0,0,0,0,0,0,0,0,0,0,0,0,0,0,0,0,0,0,0,0,0,0,0,0,0,0,0,0,0,0,0,0,0,0,0,0,0,0,0,0,0,0,0,0,0,0,0,0,0,0,0,0,0,0,0,0,0,0,0,0,0,0,0,0,0,0,0,0,0,0,0,0,0,0,0,0,0,0,0,0,0,0,0,0,0,0,0
432,405,750,713,800,928,990,1054,1056,1120,3024,3074,3245,3472,3534,4020,4340,4940,5304,5840,6375,7031,8075,9180,9888,11845,13482,15544,17980,20988,23352,28906,34020,41949,53929,73967,101904,134334,0,0,0,0,0,0,0,0,0,0,0,0,0,0,0,0,0,0,0,0,0,0,0,0,0,0,0,0,0,0,0,0,0,0,0,0,0,0,0,0,0,0,0,0,0,0,0,0,0,0,0,0,0,0,0,0,0,0,0,0,0,0,0,0,0,0,0,0,0,0,0,0,0,0,0,0,0,0,0,0,0,0,0,0,0,0,0,0,0,0,0,0,0,0,0,0,0,0,0,0,0,0,0,0,0,0,0,0,0,0,0,0,0,0,0,0,0,0,0,0,0,0,0,0,0,0,0,0,0,0,0,0,0,0,0,0,0,0,0,0,0,0,0,0,0
456,500,504,840,957,952,990,2916,2968,3190,3300,3355,3828,3960,4672,5082,5530,6068,6764,7533,8712,9464,11300,12772,14803,17160,19404,21516,27405,32185,40076,50304,68952,93357,127323,0,0,0,0,0,0,0,0,0,0,0,0,0,0,0,0,0,0,0,0,0,0,0,0,0,0,0,0,0,0,0,0,0,0,0,0,0,0,0,0,0,0,0,0,0,0,0,0,0,0,0,0,0,0,0,0,0,0,0,0,0,0,0,0,0,0,0,0,0,0,0,0,0,0,0,0,0,0,0,0,0,0,0,0,0,0,0,0,0,0,0,0,0,0,0,0,0,0,0,0,0,0,0,0,0,0,0,0,0,0,0,0,0,0,0,0,0,0,0,0,0,0,0,0,0,0,0,0,0,0,0,0,0,0,0,0,0,0,0,0,0,0,0,0,0,0,0,0
1190,1886,2112,2115,2340,2793,3068,3240,3416,3835,4080,4453,4544,5460,5822,6688,7626,8148,9555,10545,12792,14410,16992,19625,22984,27636,34344,40698,54526,74151,102000,129258,131364,119944,0,0,0,0,0,0,0,0,0,0,0,0,0,0,0,0,0,0,0,0,0,0,0,0,0,0,0,0,0,0,0,0,0,0,0,0,0,0,0,0,0,0,0,0,0,0,0,0,0,0,0,0,0,0,0,0,0,0,0,0,0,0,0,0,0,0,0,0,0,0,0,0,0,0,0,0,0,0,0,0,0,0,0,0,0,0,0,0,0,0,0,0,0,0,0,0,0,0,0,0,0,0,0,0,0,0,0,0,0,0,0,0,0,0,0,0,0,0,0,0,0,0,0,0,0,0,0,0,0,0,0,0,0,0,0,0,0,0,0,0,0,0,0,0,0,0,0,0,0
459,360,621,2601,2703,2754,2968,3127,3186,3355,3705,4209,4875,4810,5680,6205,7031,7896,8712,10176,12257,13482,15912,18352,20000,25239,29596,37968,50463,63900,90402,125037,0,0,0,0,0,0,0,0,0,0,0,0,0,0,0,0,0,0,0,0,0,0,0,0,0,0,0,0,0,0,0,0,0,0,0,0,0,0,0,0,0,0,0,0,0,0,0,0,0,0,0,0,0,0,0,0,0,0,0,0,0,0,0,0,0,0,0,0,0,0,0,0,0,0,0,0,0,0,0,0,0,0,0,0,0,0,0,0,0,0,0,0,0,0,0,0,0,0,0,0,0,0,0,0,0,0,0,0,0,0,0,0,0,0,0,0,0,0,0,0,0,0,0,0,0,0,0,0,0,0,0,0,0,0,0,0,0,0,0,0,0,0,0,0,0,0,0,0,0,0,0
812,930,1023,2704,2915,3024,3132,3127,3472,4347,5092,5313,5913,6512,7533,8439,9494,11716,13230,15795,18476,20382,25920,30800,39330,51216,71550,101304,139748,0,0,0,0,0,0,0,0,0,0,0,0,0,0,0,0,0,0,0,0,0,0,0,0,0,0,0,0,0,0,0,0,0,0,0,0,0,0,0,0,0,0,0,0,0,0,0,0,0,0,0,0,0,0,0,0,0,0,0,0,0,0,0,0,0,0,0,0,0,0,0,0,0,0,0,0,0,0,0,0,0,0,0,0,0,0,0,0,0,0,0,0,0,0,0,0,0,0,0,0,0,0,0,0,0,0,0,0,0,0,0,0,0,0,0,0,0,0,0,0,0,0,0,0,0,0,0,0,0,0,0,0,0,0,0,0,0,0,0,0,0,0,0,0,0,0,0,0,0,0,0,0,0,0
700,754,1054,1806,2652,2912,2958,3074,3074,3355,3705,4331,4745,5168,5880,6675,7533,8712,10176,12360,13608,16124,18150,21746,27156,34400,43560,59073,84078,118665,0,0,0,0,0,0,0,0,0,0,0,0,0,0,0,0,0,0,0,0,0,0,0,0,0,0,0,0,0,0,0,0,0,0,0,0,0,0,0,0,0,0,0,0,0,0,0,0,0,0,0,0,0,0,0,0,0,0,0,0,0,0,0,0,0,0,0,0,0,0,0,0,0,0,0,0,0,0,0,0,0,0,0,0,0,0,0,0,0,0,0,0,0,0,0,0,0,0,0,0,0,0,0,0,0,0,0,0,0,0,0,0,0,0,0,0,0,0,0,0,0,0,0,0,0,0,0,0,0,0,0,0,0,0,0,0,0,0,0,0,0,0,0,0,0,0,0,0,0,0,0,0,0
650,676,676,675,702,729,756,754,756,810,754,783,783,783,783,784,812,812,841,841,930,900,900,899,900,930,930,930,961,961,992,1024,1024,1056,1056,1056,1023,1054,1122,1088,1122,1089,1088,1155,1190,1260,1225,1260,1296,1369,1368,1369,1406,1517,1554,1596,1596,1554,1554,1677,1677,1720,1517,1596,1638,1720,1760,1800,1840,1886,1886,1927,1974,2016,1974,2068,2068,2112,2208,2209,2303,2300,2350,2499,2550,2756,2809,2862,2862,2916,3024,3021,3180,3294,3294,3402,3520,3696,3770,3953,4200,4410,4473,4544,4745,4950,4875,5236,5440,5530,5751,5670,5822,5913,6290,6622,6873,7200,7452,7695,8051,8330,8686,9064,9630,10044,10767,11300,11934,12376,13020,13716,14784,15481,15618,17303,18500,19712,20511,21353,22680,24080,25418,27342,29184,31442,34454,37518,40656,43560,48059,54292,59696,66440,74008,81405,92880,103834,116466,117738,122181,121473,127117,125190,122496,125290,119188,119368,113553,110982,0,0,0,0,0,0,0,0,0,0,0,0,0
552,552,552,552,552,600,552,576,600,600,625,650,625,624,650,650,650,650,702,702,729,729,783,756,756,756,728,729,756,812,784,870,841,900,812,841,928,870,870,899,899,900,930,960,960,960,992,1024,1024,1056,1089,1122,1156,1156,1225,1225,1224,1260,1224,1260,1260,1295,1332,1406,1404,1443,1480,1520,1800,1800,1845,1886,1890,1886,1927,1974,1927,1927,1755,1800,1927,1968,2016,2058,2058,2150,2200,2200,2303,2350,2448,2448,2550,2601,2600,2916,3080,3080,3080,3135,3233,3348,3402,3696,3696,3876,4012,4130,4331,4526,4800,4725,4875,5226,5226,5372,5576,5964,6048,6336,6512,6660,6992,7332,7857,8200,8383,9116,9701,10304,10602,10998,11424,11834,12474,13260,14445,15429,15984,17250,18326,19200,20790,22663,23232,25208,27648,29547,32224,35680,39610,43365,47214,51786,57135,65205,72046,82015,90528,102833,108810,112690,111154,110834,112607,111848,109557,96138,96503,69935,0,0,0,0,0,0,0,0,0,0,0,0,0
480,504,525,550,550,550,572,572,546,594,621,621,644,644,598,598,621,621,621,672,696,696,696,696,696,696,696,725,696,750,837,840,840,840,840,868,812,841,870,899,870,960,960,990,960,960,960,1054,1056,1120,1085,1116,1152,1088,1122,1190,1225,1225,1260,1260,1295,1332,1330,1404,1406,1554,1554,1665,1634,1634,1677,1677,1716,1665,1710,1665,1710,1935,1978,2064,2100,2142,2332,2332,2288,2346,2352,2500,2499,2650,2750,2700,2700,2750,2695,2907,3009,3172,3286,3339,3456,3640,3819,4012,4080,4140,4140,4071,4260,4575,4851,4992,5070,5200,5395,5934,6248,6461,6586,6750,7144,7469,7742,8080,8505,8988,10092,9768,10170,10998,11520,12446,12870,13800,14560,15158,16280,17741,19159,20207,22400,23892,25993,27636,30488,33325,36024,40824,45666,48958,53580,60588,67716,76650,85305,92232,101616,99932,98126,97650,95608,86355,81528,78566,79296,64990,54594,0,0,0,0,0,0,0,0,0,0,0,0,0,0,0,0
462,483,528,552,552,528,550,598,598,598,600,598,624,598,625,650,650,702,675,702,676,702,702,728,756,756,784,784,784,812,840,841,841,841,841,870,900,930,870,992,961,992,992,1024,1088,1056,1122,1122,1089,1156,1190,1296,1260,1296,1332,1406,1332,1368,1406,1406,1482,1520,1560,1681,1720,1720,1763,2068,1848,2064,1845,1974,2156,2250,2200,2193,2288,2340,2444,2700,2750,2860,2805,2856,2915,3024,3363,3480,3306,3304,3465,3575,3819,3808,4060,4392,4650,4950,5016,5304,5451,5822,5893,6120,6205,6424,6930,7176,7680,8036,8466,8840,9483,10192,10904,11232,11956,13056,13650,14796,16330,17168,18876,20212,21504,23408,24752,27405,29748,32340,37290,43120,48024,52440,59976,68266,78432,89915,102966,112180,114165,110408,113770,114426,112560,99161,96903,91611,86632,73632,61152,0,0,0,0,0,0,0,0,0,0,0,0,0,0,0,0,0,0,0,0,0,0,0,0,0,0,0,0,0,0,0,0
441,462,462,462,483,483,504,506,504,506,506,506,528,483,552,552,529,529,552,552,575,552,552,600,552,576,550,550,624,598,575,575,600,624,624,675,728,728,756,756,783,783,812,840,899,899,928,957,960,990,957,990,1020,1020,1020,1120,1120,1088,1188,1190,1190,1190,1224,1224,1295,1296,1330,1443,1443,1480,1596,1638,1638,1596,1681,1720,1722,1848,2070,2208,2254,2300,2346,2350,2397,2444,2530,2632,2842,2940,3050,3224,3348,3528,3591,3819,3886,3886,3953,4260,4402,4599,5016,5135,5360,5727,5893,6192,6512,6916,7488,9288,8736,9900,9396,9879,10488,11328,12152,13260,14688,15762,16758,18290,20049,21760,23496,26226,28371,32550,36572,41888,46665,52907,61295,70278,82694,96140,109415,113072,111370,110094,113864,111166,99330,96040,77964,67528,0,0,0,0,0,0,0,0,0,0,0,0,0,0,0,0,0,0,0,0,0,0,0,0,0,0,0,0,0,0,0,0,0,0,0
380,361,380,380,400,400,400,420,400,400,400,420,420,462,462,462,462,462,483,483,483,528,506,506,506,552,529,552,600,600,600,600,552,600,650,650,600,625,625,650,600,600,624,624,624,625,625,676,702,702,812,784,756,756,870,812,870,900,899,960,990,960,960,960,1023,992,1054,1088,1120,1122,1122,1225,1225,1225,1225,1260,1369,1406,1369,1369,1444,1482,1634,1554,1558,1558,1638,1680,1806,1806,1848,2160,2254,2300,2350,2350,2400,2444,2385,2585,2784,2842,3111,3339,3355,3584,3591,3886,3944,4071,4012,4320,4402,4662,5016,5304,5520,5727,6106,6336,6660,7800,8300,8364,8904,9374,9790,10192,10998,11931,12928,14445,15478,16611,17818,19886,21590,23496,25715,28130,32340,37064,42000,47656,54528,64999,72930,86508,103740,111070,112413,107712,114100,103362,104310,95288,75542,0,0,0,0,0,0,0,0,0,0,0,0,0,0,0,0,0,0,0,0,0,0,0,0,0,0
361,361,400,400,441,400,441,441,462,462,483,483,483,399,483,528,600,600,576,552,552,529,552,528,550,550,550,550,528,572,600,600,600,624,729,756,728,728,700,728,783,783,783,810,928,896,896,928,957,957,960,990,1020,1054,1054,1122,1088,1089,1156,1190,1260,1224,1224,1295,1295,1330,1406,1520,1677,1720,1638,1640,1720,1804,1848,1849,2024,2068,2021,2350,2397,2400,2499,2548,2700,2679,2940,3111,3339,3465,3654,3712,3835,3953,4071,4464,4473,4680,5100,5451,5670,6120,6264,6525,7020,7360,8036,8772,9434,9919,10434,11040,12600,13390,15481,16302,17818,19434,21414,23664,25340,28757,31878,37464,43318,50008,58656,69204,79296,95420,109616,114260,115666,117552,116603,113190,102872,93623,79023,0,0,0,0,0,0,0,0,0,0,0,0,0,0,0,0,0,0,0,0,0,0,0,0,0,0,0,0,0,0,0,0,0,0,0,0,0,0,0,0,0,0,0,0
598,575,625,625,702,728,783,756,810,783,784,783,812,840,812,812,783,870,812,896,930,900,870,900,961,1023,1054,1054,1155,1088,1406,1404,1443,1482,1560,1764,1848,2068,1800,1886,2070,2160,2205,2346,2484,2640,2793,2900,3009,3132,3190,3355,3648,3776,3776,3835,4020,4148,4473,4736,4950,5226,5658,5893,5950,6438,6942,7790,8232,8858,9345,9720,10283,11543,13081,14740,15478,17135,18326,20790,22440,25159,28712,32499,38194,42720,48918,59186,71008,85314,104675,112860,114681,115440,115375,109890,101565,97635,74005,0,0,0,0,0,0,0,0,0,0,0,0,0,0,0,0,0,0,0,0,0,0,0,0,0,0,0,0,0,0,0,0,0,0,0,0,0,0,0,0,0,0,0,0,0,0,0,0,0,0,0,0,0,0,0,0,0,0,0,0,0,0,0,0,0,0,0,0,0,0,0,0,0,0,0,0,0,0,0,0,0,0,0,0
728,783,783,812,810,810,840,899,899,868,899,928,960,961,992,1023,1054,1023,1599,1722,1638,1720,1936,1935,2209,2256,2352,2303,2450,2550,2600,2805,2850,3132,3534,3654,3654,3591,3894,4026,4216,4608,4672,4752,5100,5226,5600,6225,6699,7280,7885,8514,9476,9776,10961,11956,10752,14300,16124,17880,20000,21780,24426,27528,31108,36673,42300,49896,61418,73509,89500,109200,121472,122512,119735,120946,113220,109736,96500,0,0,0,0,0,0,0,0,0,0,0,0,0,0,0,0,0,0,0,0,0,0,0,0,0,0,0,0,0,0,0,0,0,0,0,0,0,0,0,0,0,0,0,0,0,0,0,0,0,0,0,0,0,0,0,0,0,0,0,0,0,0,0,0,0,0,0,0,0,0,0,0,0,0,0,0,0,0,0,0,0,0,0,0,0,0,0,0,0,0,0,0,0,0,0,0,0,0,0,0,0,0,0,0
624,675,675,675,700,672,696,780,750,725,810,840,899,960,990,960,1020,1088,1295,1295,1295,1368,1330,1628,1840,1840,1974,2021,2156,2340,2484,2585,2632,2842,2856,3016,3120,3074,3300,3465,3584,3819,4260,4402,4536,4875,5226,5589,6248,6750,7176,7488,8019,8820,9657,10283,11495,12348,14280,15158,17214,18676,21375,24570,27936,32012,38115,44880,50690,61600,77970,87108,98532,98208,97848,95142,87533,78064,66105,0,0,0,0,0,0,0,0,0,0,0,0,0,0,0,0,0,0,0,0,0,0,0,0,0,0,0,0,0,0,0,0,0,0,0,0,0,0,0,0,0,0,0,0,0,0,0,0,0,0,0,0,0,0,0,0,0,0,0,0,0,0,0,0,0,0,0,0,0,0,0,0,0,0,0,0,0,0,0,0,0,0,0,0,0,0,0,0,0,0,0,0,0,0,0,0,0,0,0,0,0,0,0,0
702,702,728,702,754,810,837,837,896,896,957,928,990,1023,1020,1088,1088,1190,1122,1188,1221,1258,1292,1365,1360,1394,1470,1591,1591,1591,1720,1680,1763,2068,2115,2256,2300,2346,2484,2688,3000,3111,3233,3410,3355,3648,4012,3712,4148,4536,4690,5100,5538,6075,6278,7007,7680,8316,8858,10028,9828,11858,13312,14933,16576,17969,20664,22663,26598,30800,37125,42480,49632,62608,78660,97020,108142,110754,107280,107910,102144,96950,79778,0,0,0,0,0,0,0,0,0,0,0,0,0,0,0,0,0,0,0,0,0,0,0,0,0,0,0,0,0,0,0,0,0,0,0,0,0,0,0,0,0,0,0,0,0,0,0,0,0,0,0,0,0,0,0,0,0,0,0,0,0,0,0,0,0,0,0,0,0,0,0,0,0,0,0,0,0,0,0,0,0,0,0,0,0,0,0,0,0,0,0,0,0,0,0,0,0,0,0,0
1054,990,1088,1156,1225,1260,1794,1974,2016,2068,2205,2350,2703,2860,2964,3132,3120,3294,3705,3894,4087,4347,4550,4615,4950,5467,5832,6545,7040,7802,8600,9555,10767,12036,13462,14796,17446,19468,21450,24603,28841,35192,41418,51188,64746,78631,100282,121302,121102,120192,119822,115150,92742,0,0,0,0,0,0,0,0,0,0,0,0,0,0,0,0,0,0,0,0,0,0,0,0,0,0,0,0,0,0,0,0,0,0,0,0,0,0,0,0,0,0,0,0,0,0,0,0,0,0,0,0,0,0,0,0,0,0,0,0,0,0,0,0,0,0,0,0,0,0,0,0,0,0,0,0,0,0,0,0,0,0,0,0,0,0,0,0,0,0,0,0,0,0,0,0,0,0,0,0,0,0,0,0,0,0,0,0,0,0,0,0,0,0,0,0,0,0,0,0,0,0,0,0,0,0,0,0,0,0
729,728,700,728,756,783,1088,1120,1155,1155,1224,1295,1332,1406,1482,1599,1677,1804,1800,1800,1968,2009,2100,2193,2300,2499,2650,2964,3127,3355,3286,3456,3828,4140,4331,4680,4686,4940,5589,6132,6776,7520,8316,9152,10340,11349,13356,14445,16188,18683,21120,24435,28757,34932,41412,50652,64386,80976,104808,115374,116186,118349,112209,104300,0,0,0,0,0,0,0,0,0,0,0,0,0,0,0,0,0,0,0,0,0,0,0,0,0,0,0,0,0,0,0,0,0,0,0,0,0,0,0,0,0,0,0,0,0,0,0,0,0,0,0,0,0,0,0,0,0,0,0,0,0,0,0,0,0,0,0,0,0,0,0,0,0,0,0,0,0,0,0,0,0,0,0,0,0,0,0,0,0,0,0,0,0,0,0,0,0,0,0,0,0,0,0,0,0,0,0,0,0,0,0,0,0,0,0,0,0,0,0
1190,1224,1224,1260,1332,1443,1840,1927,2016,2107,2340,2332,2484,2538,2756,3021,3127,3465,3534,3654,4026,4340,4875,5148,5460,5680,5986,6612,7584,8330,9256,10434,11600,13125,14796,17110,19750,21746,25521,30492,38817,45201,56200,73738,94369,115506,122400,119735,115404,114100,103376,81809,0,0,0,0,0,0,0,0,0,0,0,0,0,0,0,0,0,0,0,0,0,0,0,0,0,0,0,0,0,0,0,0,0,0,0,0,0,0,0,0,0,0,0,0,0,0,0,0,0,0,0,0,0,0,0,0,0,0,0,0,0,0,0,0,0,0,0,0,0,0,0,0,0,0,0,0,0,0,0,0,0,0,0,0,0,0,0,0,0,0,0,0,0,0,0,0,0,0,0,0,0,0,0,0,0,0,0,0,0,0,0,0,0,0,0,0,0,0,0,0,0,0,0,0,0,0,0,0,0,0,0
1224,1292,1360,1400,1548,1470,1480,1596,1634,1720,1935,1978,2205,2346,2392,2538,2744,2856,3180,3410,3712,3840,3965,4416,4896,5236,5822,6375,7031,7626,8160,9064,10212,11385,13356,14985,17690,20066,23120,27380,33089,39776,49858,66521,85064,111838,122536,123927,123200,121079,99202,0,0,0,0,0,0,0,0,0,0,0,0,0,0,0,0,0,0,0,0,0,0,0,0,0,0,0,0,0,0,0,0,0,0,0,0,0,0,0,0,0,0,0,0,0,0,0,0,0,0,0,0,0,0,0,0,0,0,0,0,0,0,0,0,0,0,0,0,0,0,0,0,0,0,0,0,0,0,0,0,0,0,0,0,0,0,0,0,0,0,0,0,0,0,0,0,0,0,0,0,0,0,0,0,0,0,0,0,0,0,0,0,0,0,0,0,0,0,0,0,0,0,0,0,0,0,0,0,0,0,0,0
1023,1054,1116,1184,1216,1287,1326,1400,1440,1517,1560,1845,1927,2016,2156,2205,2340,2484,2544,2744,2907,3180,3410,3596,3840,4284,4824,5082,5451,6059,6525,6952,7614,8585,9701,11187,12019,14256,16614,19096,21450,25239,30225,38250,46500,59616,77785,104720,118690,120498,119509,115938,108885,0,0,0,0,0,0,0,0,0,0,0,0,0,0,0,0,0,0,0,0,0,0,0,0,0,0,0,0,0,0,0,0,0,0,0,0,0,0,0,0,0,0,0,0,0,0,0,0,0,0,0,0,0,0,0,0,0,0,0,0,0,0,0,0,0,0,0,0,0,0,0,0,0,0,0,0,0,0,0,0,0,0,0,0,0,0,0,0,0,0,0,0,0,0,0,0,0,0,0,0,0,0,0,0,0,0,0,0,0,0,0,0,0,0,0,0,0,0,0,0,0,0,0,0,0,0,0,0,0,0
992,961,1056,1155,1190,1260,1260,1369,1406,1440,1638,1800,1840,1911,2050,2150,2250,2295,2444,2597,2744,3120,3472,3835,4140,4608,4686,5244,5680,6364,7280,7885,8670,9737,10830,12524,14098,16992,21082,22836,28416,36736,43188,56358,75632,103410,113430,115666,112852,109652,0,0,0,0,0,0,0,0,0,0,0,0,0,0,0,0,0,0,0,0,0,0,0,0,0,0,0,0,0,0,0,0,0,0,0,0,0,0,0,0,0,0,0,0,0,0,0,0,0,0,0,0,0,0,0,0,0,0,0,0,0,0,0,0,0,0,0,0,0,0,0,0,0,0,0,0,0,0,0,0,0,0,0,0,0,0,0,0,0,0,0,0,0,0,0,0,0,0,0,0,0,0,0,0,0,0,0,0,0,0,0,0,0,0,0,0,0,0,0,0,0,0,0,0,0,0,0,0,0,0,0,0,0
728,1050,1020,1054,1188,1258,1292,1440,1591,1710,1755,1794,2040,2142,2244,2340,2244,2632,2784,2793,3120,3456,3819,3894,4402,4800,5382,5950,6319,6956,7878,8632,10057,11305,12804,15228,18055,21500,24339,30044,38868,45500,62832,79223,90207,96465,88788,77937,71750,0,0,0,0,0,0,0,0,0,0,0,0,0,0,0,0,0,0,0,0,0,0,0,0,0,0,0,0,0,0,0,0,0,0,0,0,0,0,0,0,0,0,0,0,0,0,0,0,0,0,0,0,0,0,0,0,0,0,0,0,0,0,0,0,0,0,0,0,0,0,0,0,0,0,0,0,0,0,0,0,0,0,0,0,0,0,0,0,0,0,0,0,0,0,0,0,0,0,0,0,0,0,0,0,0,0,0,0,0,0,0,0,0,0,0,0,0,0,0,0,0,0,0,0,0,0,0,0,0,0,0,0,0,0
960,1088,1156,1190,1260,1332,1406,1443,1672,1716,1840,1968,2050,2288,2244,2438,2695,2695,3120,3286,3828,4200,4599,4824,5390,5976,7020,7680,8670,9919,11020,13000,16074,19520,22270,27886,34882,42592,59040,81666,107984,110580,109430,100293,0,0,0,0,0,0,0,0,0,0,0,0,0,0,0,0,0,0,0,0,0,0,0,0,0,0,0,0,0,0,0,0,0,0,0,0,0,0,0,0,0,0,0,0,0,0,0,0,0,0,0,0,0,0,0,0,0,0,0,0,0,0,0,0,0,0,0,0,0,0,0,0,0,0,0,0,0,0,0,0,0,0,0,0,0,0,0,0,0,0,0,0,0,0,0,0,0,0,0,0,0,0,0,0,0,0,0,0,0,0,0,0,0,0,0,0,0,0,0,0,0,0,0,0,0,0,0,0,0,0,0,0,0,0,0,0,0,0,0
1050,1088,1221,1221,1326,1505,1548,1584,1786,1833,1950,2091,2193,2530,2632,2736,3162,3339,3564,4060,4650,5200,5727,6336,7296,7722,8798,9890,10947,13600,15960,19234,22680,27939,34884,45236,57834,71928,78299,78078,65008,54280,0,0,0,0,0,0,0,0,0,0,0,0,0,0,0,0,0,0,0,0,0,0,0,0,0,0,0,0,0,0,0,0,0,0,0,0,0,0,0,0,0,0,0,0,0,0,0,0,0,0,0,0,0,0,0,0,0,0,0,0,0,0,0,0,0,0,0,0,0,0,0,0,0,0,0,0,0,0,0,0,0,0,0,0,0,0,0,0,0,0,0,0,0,0,0,0,0,0,0,0,0,0,0,0,0,0,0,0,0,0,0,0,0,0,0,0,0,0,0,0,0,0,0,0,0,0,0,0,0,0,0,0,0,0,0,0,0,0,0,0,0
1152,1152,1178,1248,1287,1440,1628,1748,1786,1833,1960,2244,2310,2430,2891,3050,3456,3828,4130,4599,4940,5810,6570,7220,8400,9047,10856,12513,13872,17628,21546,26248,32984,42330,54978,74800,86614,94815,81176,68952,0,0,0,0,0,0,0,0,0,0,0,0,0,0,0,0,0,0,0,0,0,0,0,0,0,0,0,0,0,0,0,0,0,0,0,0,0,0,0,0,0,0,0,0,0,0,0,0,0,0,0,0,0,0,0,0,0,0,0,0,0,0,0,0,0,0,0,0,0,0,0,0,0,0,0,0,0,0,0,0,0,0,0,0,0,0,0,0,0,0,0,0,0,0,0,0,0,0,0,0,0,0,0,0,0,0,0,0,0,0,0,0,0,0,0,0,0,0,0,0,0,0,0,0,0,0,0,0,0,0,0,0,0,0,0,0,0,0,0,0,0,0,0
1152,1122,1258,1295,1404,1517,2064,2205,1974,2064,2295,2576,2989,3520,3819,4047,4380,4977,5576,6106,7725,7920,9047,10648,12445,14994,17967,23168,27720,35728,46640,61035,67976,74730,59850,47613,0,0,0,0,0,0,0,0,0,0,0,0,0,0,0,0,0,0,0,0,0,0,0,0,0,0,0,0,0,0,0,0,0,0,0,0,0,0,0,0,0,0,0,0,0,0,0,0,0,0,0,0,0,0,0,0,0,0,0,0,0,0,0,0,0,0,0,0,0,0,0,0,0,0,0,0,0,0,0,0,0,0,0,0,0,0,0,0,0,0,0,0,0,0,0,0,0,0,0,0,0,0,0,0,0,0,0,0,0,0,0,0,0,0,0,0,0,0,0,0,0,0,0,0,0,0,0,0,0,0,0,0,0,0,0,0,0,0,0,0,0,0,0,0,0,0,0
396,414,837,810,840,928,961,1023,1054,1056,1287,1400,1404,1482,1677,1677,1880,1974,2250,2448,2397,2646,3000,3286,3944,4307,4588,5293,5964,6992,7680,8964,10764,12610,15330,18560,23852,29841,39412,54144,75375,86904,84916,69156,55277,0,0,0,0,0,0,0,0,0,0,0,0,0,0,0,0,0,0,0,0,0,0,0,0,0,0,0,0,0,0,0,0,0,0,0,0,0,0,0,0,0,0,0,0,0,0,0,0,0,0,0,0,0,0,0,0,0,0,0,0,0,0,0,0,0,0,0,0,0,0,0,0,0,0,0,0,0,0,0,0,0,0,0,0,0,0,0,0,0,0,0,0,0,0,0,0,0,0,0,0,0,0,0,0,0,0,0,0,0,0,0,0,0,0,0,0,0,0,0,0,0,0,0,0,0,0,0,0,0,0,0,0,0,0,0,0,0,0
440,418,437,456,475,500,500,621,567,567,616,728,725,780,960,754,783,837,780,800,800,682,768,713,682,736,759,768,858,800,928,1188,1188,1221,1368,1443,1368,1480,1558,1640,1482,1763,1763,1763,1848,1804,1845,1845,1548,1584,1620,1665,1748,1840,1880,1968,2156,2208,2450,2550,2392,2538,2585,2484,2438,2592,2640,2640,2793,2842,2950,3009,3068,3180,3465,3528,4340,4080,4402,4410,4745,5016,5016,5092,5600,5760,5832,6375,6536,6853,6942,7360,7533,7426,7872,8134,9064,9434,10028,10355,10622,11115,11640,11931,12474,12954,13886,14580,15792,16644,18328,18360,20034,20828,22914,23838,25380,26928,29694,30552,33708,37910,42126,45080,50115,54471,60630,69708,73395,82134,91000,103972,120498,124869,121716,121440,118300,112350,110544,107559,101332,98696,95418,86940,78547,69290,60192,47995,16415,0,0,0,0,0,0,0,0,0,0,0,0,0,0,0,0,0,0,0,0,0,0,0,0,0,0,0,0,0,0,0,0,0,0
391,494,414,414,437,437,456,504,504,528,575,575,552,528,528,575,575,525,525,475,456,500,500,520,540,567,616,644,696,696,840,780,750,744,775,806,837,832,891,759,800,792,858,891,986,1050,1260,1332,1558,1596,1677,1716,2021,2160,2160,2162,2162,2303,2401,2352,2352,2352,2450,2450,2200,2250,2448,2300,2346,2397,2600,2700,2700,2754,2800,2850,3016,3120,3233,3294,3410,3348,3528,3591,3770,4012,4526,4672,4650,4788,4864,5016,5226,5372,5751,6068,6460,6864,6853,7533,7695,8148,8330,8772,9240,9919,10323,10735,11583,12200,12648,12750,13755,14960,15456,16936,18634,19750,21190,22477,24012,25776,31164,30492,32913,36456,41528,46116,52536,58520,65184,77120,82750,94384,123322,125928,128097,126111,122100,117585,113904,109802,105141,97578,90306,78660,68753,55384,14931,0,0,0,0,0,0,0,0,0,0,0,0,0,0,0,0,0,0,0,0,0,0,0,0,0,0,0,0,0,0,0,0,0,0
540,700,754,754,810,810,783,810,750,754,810,840,806,775,837,750,806,1116,1152,1152,1224,1224,1295,1260,1295,1296,1332,1368,1406,1444,1406,1517,1806,1936,2024,3420,3422,3538,3596,3654,3900,4464,4392,4380,4588,4788,5005,5346,5796,6264,6612,6952,7209,7371,7520,7920,8585,9152,9450,10230,10848,10961,11800,12423,13545,15029,15732,16380,18513,22876,23427,23940,25988,34320,31824,34556,38454,43188,49530,54876,62348,69667,82917,93365,113836,117924,121270,121270,115230,112560,112081,105570,100890,97200,89298,76601,64584,33696,0,0,0,0,0,0,0,0,0,0,0,0,0,0,0,0,0,0,0,0,0,0,0,0,0,0,0,0,0,0,0,0,0,0,0,0,0,0,0,0,0,0,0,0,0,0,0,0,0,0,0,0,0,0,0,0,0,0,0,0,0,0,0,0,0,0,0,0,0,0,0,0,0,0,0,0,0,0,0,0,0,0,0,0,0
475,456,440,374,396,414,437,437,437,437,437,437,483,506,483,506,462,483,462,460,456,460,456,432,450,598,572,621,672,700,960,810,810,780,750,783,725,736,945,1020,1088,1120,1406,1368,1558,1716,1677,1638,1680,2021,2070,2115,2254,2303,2116,2116,2209,2209,1840,1974,2064,2205,2250,2300,2346,2350,2600,2700,2585,2640,2695,2805,3016,3016,3074,3240,3286,3648,3712,3894,4473,4514,4788,5016,5016,5159,5904,6048,6536,6952,7533,7614,8148,8428,8686,9434,9936,10416,11155,12100,12750,13650,13886,14715,15820,17493,18392,20160,22477,25296,25597,28012,31000,34230,39200,44400,50886,58170,64512,76800,87123,100674,119600,130473,130745,127488,124500,119680,115260,108731,103488,96642,84014,72980,0,0,0,0,0,0,0,0,0,0,0,0,0,0,0,0,0,0,0,0,0,0,0,0,0,0,0,0,0,0,0,0,0,0,0,0,0,0,0,0,0,0,0,0,0,0,0,0,0
440,440,440,484,462,460,437,418,437,456,456,520,594,621,572,572,992,961,1023,992,810,754,806,792,891,918,1443,1332,1443,1520,1640,2112,2068,2303,2162,2162,1755,1665,1748,1840,1927,2150,2250,2499,2448,2438,2530,2632,2585,2585,2688,2850,2958,3120,3120,3294,3402,3762,4148,4140,4599,4800,4950,5168,5600,5994,6290,6612,6840,7189,7520,7410,8300,8961,9416,10010,10323,10998,11904,12348,12800,13860,14796,15762,17168,18240,19680,22008,22914,24742,27302,29055,32864,37570,42008,47500,53600,63072,71530,81252,92224,112035,117656,123000,121110,114821,110199,108160,100464,95418,85064,73780,61721,0,0,0,0,0,0,0,0,0,0,0,0,0,0,0,0,0,0,0,0,0,0,0,0,0,0,0,0,0,0,0,0,0,0,0,0,0,0,0,0,0,0,0,0,0,0,0,0,0,0,0,0,0,0,0,0,0,0,0,0,0,0,0,0,0,0,0,0,0,0
483,462,440,506,504,525,480,480,456,480,460,504,504,504,504,525,525,550,572,624,676,675,650,624,650,650,696,754,675,700,840,841,864,864,864,806,800,832,825,825,858,891,945,980,891,1188,986,1015,1044,1044,1110,1476,1880,1722,1935,1978,2064,2016,2156,2160,2295,2193,2288,2288,2430,2538,2430,2640,2585,2538,2538,2688,2736,2773,3233,3050,3456,3456,3696,4002,4320,4380,4736,4940,5082,5440,5576,5427,5740,6059,7110,7371,7614,8217,8670,9328,9701,10212,10904,11564,13208,13416,14231,15540,15820,17612,19344,21285,22646,25482,30723,31044,33741,39150,44835,51480,59080,66825,79461,93280,120484,117782,114917,108241,104248,98155,94530,83250,72504,61766,21021,0,0,0,0,0,0,0,0,0,0,0,0,0,0,0,0,0,0,0,0,0,0,0,0,0,0,0,0,0,0,0,0,0,0,0,0,0,0,0,0,0,0,0,0,0,0,0,0,0,0,0,0
525,567,572,725,616,696,754,754,810,696,725,754,780,837,864,896,775,806,1152,1152,1156,1224,1332,1260,1369,1368,1332,1444,1520,1482,1482,1443,1480,1677,1892,3540,3658,3843,4026,5056,5451,5440,6020,6688,7209,7290,7990,8051,8585,9256,10044,10752,11400,12138,13462,14279,16008,16756,18056,19866,24426,25560,26820,34720,33990,38406,43240,50148,58936,70030,79947,93881,119340,124292,124582,127566,119328,114219,110842,107379,98915,86505,74134,28500,0,0,0,0,0,0,0,0,0,0,0,0,0,0,0,0,0,0,0,0,0,0,0,0,0,0,0,0,0,0,0,0,0,0,0,0,0,0,0,0,0,0,0,0,0,0,0,0,0,0,0,0,0,0,0,0,0,0,0,0,0,0,0,0,0,0,0,0,0,0,0,0,0,0,0,0,0,0,0,0,0,0,0,0,0,0,0,0,0,0,0,0,0,0,0,0,0,0,0
440,483,483,456,483,506,528,500,520,525,525,546,572,572,598,575,572,598,598,621,621,648,700,986,1050,1020,1020,1120,1120,1122,1120,1225,1050,1015,980,910,980,1365,1400,1312,1302,1386,1428,1512,1596,1634,1722,1763,2025,2024,2688,2850,2744,2700,2793,2793,2958,3060,3172,3355,3776,3960,4012,4158,4416,4752,5106,5175,5313,5810,6290,6708,7120,7626,8330,9090,9345,9936,10735,11232,12200,13482,14279,15618,16898,18204,19712,22410,25986,28656,30030,35321,40096,46754,56639,63616,76616,92411,117888,131138,134748,130515,126074,119700,115519,107565,98640,87360,0,0,0,0,0,0,0,0,0,0,0,0,0,0,0,0,0,0,0,0,0,0,0,0,0,0,0,0,0,0,0,0,0,0,0,0,0,0,0,0,0,0,0,0,0,0,0,0,0,0,0,0,0,0,0,0,0,0,0,0,0,0,0,0,0,0,0,0,0,0,0,0,0,0,0
546,567,594,520,500,500,572,598,621,675,841,870,775,896,952,1044,1008,1008,1073,1036,999,1036,1036,1102,1216,1287,1326,1330,1365,1240,1260,1386,1440,1485,1598,1518,1395,1551,1610,1764,1764,2173,2052,2296,2200,2464,2610,2508,2668,2928,3264,3456,3392,3445,3510,3740,4234,4366,4697,4851,4977,5330,5544,5950,6160,6370,6696,7350,7777,8640,9350,10179,10560,11562,12480,12838,14241,14600,16112,17920,21177,21120,23680,26666,29725,33750,37128,43596,50137,57036,60976,62348,61410,64512,58880,50456,43188,38078,31850,13144,0,0,0,0,0,0,0,0,0,0,0,0,0,0,0,0,0,0,0,0,0,0,0,0,0,0,0,0,0,0,0,0,0,0,0,0,0,0,0,0,0,0,0,0,0,0,0,0,0,0,0,0,0,0,0,0,0,0,0,0,0,0,0,0,0,0,0,0,0,0,0,0,0,0,0,0,0,0,0,0,0,0,0
440,506,506,460,460,480,437,456,456,456,456,475,500,525,525,525,528,528,575,550,598,624,650,702,702,700,744,775,768,891,924,990,957,990,891,858,792,825,918,1008,1073,1073,1216,1254,1102,936,1287,1365,1482,1640,1764,1890,1763,1849,1848,1890,2250,2703,2650,2392,2538,2592,2850,2688,2744,3016,3294,3894,3960,4154,4416,4686,4891,5025,5360,5893,6205,6536,6992,7614,8600,8670,9345,9919,11232,11781,12875,13568,15232,15960,17908,19782,22576,24252,27232,31086,36252,42550,50745,60326,72380,88479,110532,126643,132210,124691,123420,115258,108576,101672,92710,74048,18468,0,0,0,0,0,0,0,0,0,0,0,0,0,0,0,0,0,0,0,0,0,0,0,0,0,0,0,0,0,0,0,0,0,0,0,0,0,0,0,0,0,0,0,0,0,0,0,0,0,0,0,0,0,0,0,0,0,0,0,0,0,0,0,0,0,0,0,0,0,0
396,414,396,440,483,480,480,552,550,552,550,576,625,676,702,728,702,675,621,532,945,1008,980,1152,1296,1258,1258,1224,1152,1147,1147,1209,1710,1665,1408,1452,1496,1584,1794,1800,1886,1974,1692,1715,1785,2184,2322,2214,2520,2655,2320,2623,2944,3315,3087,3685,4002,4234,4425,5082,5372,5751,5751,6177,6643,7722,8160,9072,9944,10324,10890,11931,13832,14317,16352,17748,19200,21625,23892,26358,31977,35903,43472,49181,59568,70057,78302,83524,90294,86336,79670,63156,57750,45760,36110,0,0,0,0,0,0,0,0,0,0,0,0,0,0,0,0,0,0,0,0,0,0,0,0,0,0,0,0,0,0,0,0,0,0,0,0,0,0,0,0,0,0,0,0,0,0,0,0,0,0,0,0,0,0,0,0,0,0,0,0,0,0,0,0,0,0,0,0,0,0,0,0,0,0,0,0,0,0,0,0,0,0,0,0,0,0,0,0
396,437,456,437,460,440,460,504,528,528,550,550,598,667,725,754,690,616,588,667,768,800,775,780,832,825,896,957,891,918,918,1073,1406,1521,1599,1680,1763,1681,1932,1927,2205,2156,2200,2200,2288,2392,2142,2491,2491,2538,2385,2576,2773,3050,3402,3640,3876,4248,4464,4662,5005,5135,5214,5810,6525,7098,7600,8134,8670,9504,10580,11520,12928,13699,14933,17168,18755,21543,24112,27676,30447,37962,45018,55284,68154,82038,103740,112008,111202,102720,98196,87360,74580,58028,0,0,0,0,0,0,0,0,0,0,0,0,0,0,0,0,0,0,0,0,0,0,0,0,0,0,0,0,0,0,0,0,0,0,0,0,0,0,0,0,0,0,0,0,0,0,0,0,0,0,0,0,0,0,0,0,0,0,0,0,0,0,0,0,0,0,0,0,0,0,0,0,0,0,0,0,0,0,0,0,0,0,0,0,0,0,0,0,0
357,396,378,396,396,480,456,432,432,456,480,500,675,650,690,768,1443,1369,1558,1634,1482,1599,1680,1599,1677,1760,1794,1786,1748,1755,1748,1702,1628,1800,1978,2021,2200,2193,2268,2173,2365,2565,2773,3224,3445,3672,3657,4176,4047,4320,4725,5226,5589,6048,6525,6930,7520,8383,9222,9701,10350,11590,12642,13832,16159,17515,19434,21970,24523,28371,33072,39732,47685,59774,73140,88297,104640,100764,92378,77805,67830,54780,35207,0,0,0,0,0,0,0,0,0,0,0,0,0,0,0,0,0,0,0,0,0,0,0,0,0,0,0,0,0,0,0,0,0,0,0,0,0,0,0,0,0,0,0,0,0,0,0,0,0,0,0,0,0,0,0,0,0,0,0,0,0,0,0,0,0,0,0,0,0,0,0,0,0,0,0,0,0,0,0,0,0,0,0,0,0,0,0,0,0,0,0,0,0,0,0,0,0,0,0,0
357,460,504,483,528,552,552,504,525,525,550,572,567,729,729,675,750,750,952,918,957,980,1295,1558,1596,1833,1840,1640,1716,1880,1872,1968,2016,1968,2100,1786,2107,2244,2295,2340,2214,2576,2655,2940,3224,3752,3990,4104,4320,4536,4712,5293,5893,6278,7084,7614,8217,8925,9657,10788,12125,13231,14688,16644,18720,21414,23852,27594,32240,39732,47752,61056,76314,91427,103020,104325,98226,88760,75200,63504,44574,0,0,0,0,0,0,0,0,0,0,0,0,0,0,0,0,0,0,0,0,0,0,0,0,0,0,0,0,0,0,0,0,0,0,0,0,0,0,0,0,0,0,0,0,0,0,0,0,0,0,0,0,0,0,0,0,0,0,0,0,0,0,0,0,0,0,0,0,0,0,0,0,0,0,0,0,0,0,0,0,0,0,0,0,0,0,0,0,0,0,0,0,0,0,0,0,0,0,0,0,0,0
484,462,572,720,750,750,780,806,891,825,918,1116,1295,1444,1521,1600,1320,1512,1800,1840,2016,2058,2150,2100,2288,2392,2244,2392,2340,2530,2668,3000,3328,3770,4200,4260,4392,4992,4864,5346,5670,6612,7084,7760,8300,9240,10374,11543,12800,13699,14933,17400,19782,22780,26169,30400,36960,44526,55216,72135,89088,108171,111150,103040,95811,83996,71444,53440,26040,0,0,0,0,0,0,0,0,0,0,0,0,0,0,0,0,0,0,0,0,0,0,0,0,0,0,0,0,0,0,0,0,0,0,0,0,0,0,0,0,0,0,0,0,0,0,0,0,0,0,0,0,0,0,0,0,0,0,0,0,0,0,0,0,0,0,0,0,0,0,0,0,0,0,0,0,0,0,0,0,0,0,0,0,0,0,0,0,0,0,0,0,0,0,0,0,0,0,0,0,0,0,0,0,0,0,0,0,0,0,0,0,0,0
504,525,528,528,550,650,720,750,784,784,812,870,812,900,841,754,810,896,3024,3132,3416,3575,3819,4270,4662,5226,5964,6192,6319,6750,7440,8500,9464,10434,11662,13208,15042,17464,19032,23256,25632,30615,36907,46750,57824,76788,97552,128478,136024,126960,115128,105560,87840,60092,0,0,0,0,0,0,0,0,0,0,0,0,0,0,0,0,0,0,0,0,0,0,0,0,0,0,0,0,0,0,0,0,0,0,0,0,0,0,0,0,0,0,0,0,0,0,0,0,0,0,0,0,0,0,0,0,0,0,0,0,0,0,0,0,0,0,0,0,0,0,0,0,0,0,0,0,0,0,0,0,0,0,0,0,0,0,0,0,0,0,0,0,0,0,0,0,0,0,0,0,0,0,0,0,0,0,0,0,0,0,0,0,0,0,0,0,0,0,0,0,0,0,0,0,0,0,0,0,0
432,450,432,575,700,675,700,648,650,648,725,840,930,870,899,870,899,972,1008,2600,2862,3132,3360,3591,3712,3953,4464,4725,5148,5950,6264,6512,7161,7776,8772,10120,11232,12750,14338,16820,19065,23048,26019,31126,38356,49344,61776,81672,111356,133796,129454,120056,109386,94900,69730,0,0,0,0,0,0,0,0,0,0,0,0,0,0,0,0,0,0,0,0,0,0,0,0,0,0,0,0,0,0,0,0,0,0,0,0,0,0,0,0,0,0,0,0,0,0,0,0,0,0,0,0,0,0,0,0,0,0,0,0,0,0,0,0,0,0,0,0,0,0,0,0,0,0,0,0,0,0,0,0,0,0,0,0,0,0,0,0,0,0,0,0,0,0,0,0,0,0,0,0,0,0,0,0,0,0,0,0,0,0,0,0,0,0,0,0,0,0,0,0,0,0,0,0,0,0,0,0
528,729,702,870,899,928,870,840,812,810,837,1102,1209,2392,3348,3705,4278,4680,4800,5184,5330,6003,6750,7332,7954,9116,10396,12078,13832,15707,17710,20701,24464,31737,35697,45632,57605,76160,98472,127435,123840,110500,95880,78013,0,0,0,0,0,0,0,0,0,0,0,0,0,0,0,0,0,0,0,0,0,0,0,0,0,0,0,0,0,0,0,0,0,0,0,0,0,0,0,0,0,0,0,0,0,0,0,0,0,0,0,0,0,0,0,0,0,0,0,0,0,0,0,0,0,0,0,0,0,0,0,0,0,0,0,0,0,0,0,0,0,0,0,0,0,0,0,0,0,0,0,0,0,0,0,0,0,0,0,0,0,0,0,0,0,0,0,0,0,0,0,0,0,0,0,0,0,0,0,0,0,0,0,0,0,0,0,0,0,0,0,0,0,0,0,0,0,0,0
598,702,930,875,1026,2805,2915,2964,3074,3355,3780,3900,4200,4599,5148,5751,6216,6660,7332,8232,9630,11058,12300,13650,16074,18300,22512,26455,31520,39600,52461,67419,90480,126630,137944,130177,117549,103970,79394,0,0,0,0,0,0,0,0,0,0,0,0,0,0,0,0,0,0,0,0,0,0,0,0,0,0,0,0,0,0,0,0,0,0,0,0,0,0,0,0,0,0,0,0,0,0,0,0,0,0,0,0,0,0,0,0,0,0,0,0,0,0,0,0,0,0,0,0,0,0,0,0,0,0,0,0,0,0,0,0,0,0,0,0,0,0,0,0,0,0,0,0,0,0,0,0,0,0,0,0,0,0,0,0,0,0,0,0,0,0,0,0,0,0,0,0,0,0,0,0,0,0,0,0,0,0,0,0,0,0,0,0,0,0,0,0,0,0,0,0,0,0,0,0
460,418,480,460,504,594,624,702,729,1116,2070,1728,2173,2538,3078,3245,3294,3224,3630,4130,4575,5082,5670,6048,6930,7680,8976,9396,11640,13081,13965,17168,20000,24047,29529,36550,47310,64460,83733,129895,136890,129540,118300,100317,77168,0,0,0,0,0,0,0,0,0,0,0,0,0,0,0,0,0,0,0,0,0,0,0,0,0,0,0,0,0,0,0,0,0,0,0,0,0,0,0,0,0,0,0,0,0,0,0,0,0,0,0,0,0,0,0,0,0,0,0,0,0,0,0,0,0,0,0,0,0,0,0,0,0,0,0,0,0,0,0,0,0,0,0,0,0,0,0,0,0,0,0,0,0,0,0,0,0,0,0,0,0,0,0,0,0,0,0,0,0,0,0,0,0,0,0,0,0,0,0,0,0,0,0,0,0,0,0,0,0,0,0,0,0,0,0,0,0,0
480,500,475,609,616,2800,2860,2907,3306,3472,3752,3864,4331,5082,5832,6205,7007,7776,8874,10560,12120,13335,15732,17760,21735,26825,32724,43524,56639,78489,116487,141799,141728,132678,121272,99840,0,0,0,0,0,0,0,0,0,0,0,0,0,0,0,0,0,0,0,0,0,0,0,0,0,0,0,0,0,0,0,0,0,0,0,0,0,0,0,0,0,0,0,0,0,0,0,0,0,0,0,0,0,0,0,0,0,0,0,0,0,0,0,0,0,0,0,0,0,0,0,0,0,0,0,0,0,0,0,0,0,0,0,0,0,0,0,0,0,0,0,0,0,0,0,0,0,0,0,0,0,0,0,0,0,0,0,0,0,0,0,0,0,0,0,0,0,0,0,0,0,0,0,0,0,0,0,0,0,0,0,0,0,0,0,0,0,0,0,0,0,0,0,0,0,0,0
432,475,456,504,1920,1989,2376,2585,2793,3360,3328,3575,3819,4331,5070,5508,5964,7007,7857,9078,10120,11880,13650,14933,18876,22078,26572,33166,43188,57893,78084,113296,137566,129204,122138,103894,79449,0,0,0,0,0,0,0,0,0,0,0,0,0,0,0,0,0,0,0,0,0,0,0,0,0,0,0,0,0,0,0,0,0,0,0,0,0,0,0,0,0,0,0,0,0,0,0,0,0,0,0,0,0,0,0,0,0,0,0,0,0,0,0,0,0,0,0,0,0,0,0,0,0,0,0,0,0,0,0,0,0,0,0,0,0,0,0,0,0,0,0,0,0,0,0,0,0,0,0,0,0,0,0,0,0,0,0,0,0,0,0,0,0,0,0,0,0,0,0,0,0,0,0,0,0,0,0,0,0,0,0,0,0,0,0,0,0,0,0,0,0,0,0,0,0,0
420,418,441,462,462,483,506,506,528,575,575,600,598,624,810,810,825,825,980,1140,1880,1872,2040,2028,2106,2520,2842,3000,2961,4320,4484,4661,5248,6408,6916,7315,8692,9879,11562,13433,15087,17710,20984,25806,32292,40560,53376,71500,98250,113796,103306,83578,67536,38180,0,0,0,0,0,0,0,0,0,0,0,0,0,0,0,0,0,0,0,0,0,0,0,0,0,0,0,0,0,0,0,0,0,0,0,0,0,0,0,0,0,0,0,0,0,0,0,0,0,0,0,0,0,0,0,0,0,0,0,0,0,0,0,0,0,0,0,0,0,0,0,0,0,0,0,0,0,0,0,0,0,0,0,0,0,0,0,0,0,0,0,0,0,0,0,0,0,0,0,0,0,0,0,0,0,0,0,0,0,0,0,0,0,0,0,0,0,0,0,0,0,0,0,0,0,0,0,0,0
616,513,540,560,567,588,792,660,1147,1258,1369,1600,1932,1932,2068,2070,2350,2907,3009,3348,3339,4514,5148,5893,6438,7200,8200,9180,12726,14416,17400,20295,26304,30600,40053,53289,71583,83980,94900,77671,62730,44758,10710,0,0,0,0,0,0,0,0,0,0,0,0,0,0,0,0,0,0,0,0,0,0,0,0,0,0,0,0,0,0,0,0,0,0,0,0,0,0,0,0,0,0,0,0,0,0,0,0,0,0,0,0,0,0,0,0,0,0,0,0,0,0,0,0,0,0,0,0,0,0,0,0,0,0,0,0,0,0,0,0,0,0,0,0,0,0,0,0,0,0,0,0,0,0,0,0,0,0,0,0,0,0,0,0,0,0,0,0,0,0,0,0,0,0,0,0,0,0,0,0,0,0,0,0,0,0,0,0,0,0,0,0,0,0,0,0,0,0,0,0
780,750,667,660,660,660,858,1015,1184,1295,1980,2112,2597,2968,3294,3712,4060,4588,5070,6003,6660,7680,8181,9657,11520,12954,15904,19065,23528,28860,37290,50274,67847,92313,108225,93600,76636,57955,0,0,0,0,0,0,0,0,0,0,0,0,0,0,0,0,0,0,0,0,0,0,0,0,0,0,0,0,0,0,0,0,0,0,0,0,0,0,0,0,0,0,0,0,0,0,0,0,0,0,0,0,0,0,0,0,0,0,0,0,0,0,0,0,0,0,0,0,0,0,0,0,0,0,0,0,0,0,0,0,0,0,0,0,0,0,0,0,0,0,0,0,0,0,0,0,0,0,0,0,0,0,0,0,0,0,0,0,0,0,0,0,0,0,0,0,0,0,0,0,0,0,0,0,0,0,0,0,0,0,0,0,0,0,0,0,0,0,0,0,0,0,0,0,0
528,520,494,425,494,513,713,768,713,720,1120,1406,1480,1599,1720,1935,1892,1935,2850,3180,3294,3920,4347,4914,5740,6300,7296,8282,9416,11136,13260,15540,19320,23800,29547,39715,53376,78624,88164,92127,72590,54824,0,0,0,0,0,0,0,0,0,0,0,0,0,0,0,0,0,0,0,0,0,0,0,0,0,0,0,0,0,0,0,0,0,0,0,0,0,0,0,0,0,0,0,0,0,0,0,0,0,0,0,0,0,0,0,0,0,0,0,0,0,0,0,0,0,0,0,0,0,0,0,0,0,0,0,0,0,0,0,0,0,0,0,0,0,0,0,0,0,0,0,0,0,0,0,0,0,0,0,0,0,0,0,0,0,0,0,0,0,0,0,0,0,0,0,0,0,0,0,0,0,0,0,0,0,0,0,0,0,0,0,0,0,0,0,0,0,0,0,0,0
725,725,750,720,720,725,725,750,756,810,840,841,841,812,812,840,868,868,868,868,992,1024,1056,1056,1023,1023,1023,1054,1056,1056,1122,1120,1152,1184,1155,1188,1188,1224,1224,1260,1330,1330,1332,1368,1330,1443,1520,1558,1640,1599,1680,1722,1764,1804,1804,1845,1848,1886,1932,1935,1978,2068,2064,2115,2300,2254,2350,2208,2115,2115,2208,2160,2256,2500,2600,2703,2808,2808,2916,3025,3192,3249,3538,3717,3776,3900,4020,3965,3960,4209,4340,4473,4615,4884,4964,5175,5250,5694,5840,6142,6132,6375,6630,6952,7360,7885,8075,8352,8712,8989,9568,10137,10944,11466,11900,12669,13843,14916,15390,16380,16874,17880,19125,20352,21516,22308,23975,26085,28690,30338,33120,36686,40136,43432,47730,54569,58220,66054,75112,83592,96831,117135,126791,137904,145800,145780,138320,146927,139855,132894,124266,114362,108564,92637,0,0,0,0,0,0,0,0,0,0,0,0,0,0,0,0,0,0,0,0,0,0,0,0,0,0,0,0,0
728,728,870,812,810,841,812,840,870,840,870,840,840,840,840,928,992,1056,1056,1024,930,1056,1088,1056,1054,1088,1056,1122,1190,1258,1258,1258,1295,1295,1368,1368,1369,1560,1599,1640,1681,1722,1764,1764,1722,1722,1764,1806,1848,1936,1935,2025,2115,2112,2160,2200,2300,2350,2300,2295,2200,2300,2397,2548,2646,2805,2912,3024,3024,3078,3528,3416,3477,3477,3596,3712,3776,4140,4148,4340,4473,4473,4599,4810,5070,5070,5280,5360,5727,5740,6216,6536,6468,6708,7290,7728,7980,8170,8600,8976,9660,10152,11172,11466,12423,12978,13886,14445,15618,17374,18178,18392,19344,20608,22572,23736,25844,28459,31312,33534,36465,39271,42480,46920,52650,58710,64050,72576,85505,93744,114400,120900,126994,138320,137160,129404,122493,81674,0,0,0,0,0,0,0,0,0,0,0,0,0,0,0,0,0,0,0,0,0,0,0,0,0,0,0,0,0,0,0,0,0,0,0,0,0,0,0,0,0,0,0,0,0
2970,3248,3534,3477,3658,3658,3720,3782,4026,4020,4416,4686,4824,4964,5250,5616,5840,6308,6314,6636,7031,7128,7304,7480,7735,8360,8550,9016,9690,10176,10767,11628,11856,12614,13431,15312,16800,16456,17875,19890,21306,23491,24820,27029,29673,32308,35190,38982,43316,48000,55145,61977,70074,81921,96642,114654,132300,149112,162350,166460,0,0,0,0,0,0,0,0,0,0,0,0,0,0,0,0,0,0,0,0,0,0,0,0,0,0,0,0,0,0,0,0,0,0,0,0,0,0,0,0,0,0,0,0,0,0,0,0,0,0,0,0,0,0,0,0,0,0,0,0,0,0,0,0,0,0,0,0,0,0,0,0,0,0,0,0,0,0,0,0,0,0,0,0,0,0,0,0,0,0,0,0,0,0,0,0,0,0,0,0,0,0,0,0,0,0,0,0,0,0,0,0,0,0,0,0,0,0,0,0,0,0,0
1089,1089,1188,1155,1330,1443,1520,1404,1560,1560,1640,1638,1560,1640,1640,1638,1680,1720,1722,1804,2021,2112,2068,2156,2200,2448,2450,2652,2640,2703,2652,2970,2968,2970,3135,3192,3480,3658,3717,3835,3953,4140,4331,4148,4340,4672,4940,5159,5390,5390,5544,5832,6216,6612,6688,7031,7452,7626,8148,8613,9167,9752,10230,10716,11564,12444,13104,14541,15870,16638,17136,17612,18666,20640,22078,23838,26754,28564,31356,34293,38194,41949,47397,53461,59245,67452,77220,89505,106586,124200,136080,146780,149625,138754,149868,145692,135270,119970,109802,94146,0,0,0,0,0,0,0,0,0,0,0,0,0,0,0,0,0,0,0,0,0,0,0,0,0,0,0,0,0,0,0,0,0,0,0,0,0,0,0,0,0,0,0,0,0,0,0,0,0,0,0,0,0,0,0,0,0,0,0,0,0,0,0,0,0,0,0,0,0,0,0,0,0,0,0,0,0,0,0,0,0,0,0
2025,2162,2115,2256,2256,2450,2450,2704,2703,2756,3135,3360,3422,3540,3720,3904,4278,4402,4672,4810,5025,4884,5092,5313,5760,5986,6225,6536,7290,7209,7533,7520,8352,8918,9400,10192,10584,10864,12390,13500,14190,15410,16638,17787,18796,20904,22770,25344,27784,30687,33128,37236,41630,46170,53389,61776,71065,85170,100096,122715,146850,167200,166762,169290,0,0,0,0,0,0,0,0,0,0,0,0,0,0,0,0,0,0,0,0,0,0,0,0,0,0,0,0,0,0,0,0,0,0,0,0,0,0,0,0,0,0,0,0,0,0,0,0,0,0,0,0,0,0,0,0,0,0,0,0,0,0,0,0,0,0,0,0,0,0,0,0,0,0,0,0,0,0,0,0,0,0,0,0,0,0,0,0,0,0,0,0,0,0,0,0,0,0,0,0,0,0,0,0,0,0,0,0,0,0,0,0,0,0,0,0,0,0,0
1764,1722,1764,1849,1806,1936,1980,2070,2162,2208,2450,2700,2550,2550,2805,2703,3025,3190,3306,3422,3540,3660,3782,4216,4340,4672,4891,4964,5106,5250,5472,5767,6308,6468,6873,7470,7735,7990,8613,8820,9400,9696,10807,11544,11960,13407,14464,15708,17220,18875,19500,22080,24048,26904,30080,33969,36292,40906,46706,53095,62853,71065,87770,109620,127821,155496,179296,0,0,0,0,0,0,0,0,0,0,0,0,0,0,0,0,0,0,0,0,0,0,0,0,0,0,0,0,0,0,0,0,0,0,0,0,0,0,0,0,0,0,0,0,0,0,0,0,0,0,0,0,0,0,0,0,0,0,0,0,0,0,0,0,0,0,0,0,0,0,0,0,0,0,0,0,0,0,0,0,0,0,0,0,0,0,0,0,0,0,0,0,0,0,0,0,0,0,0,0,0,0,0,0,0,0,0,0,0,0,0,0,0,0,0,0
1560,2303,2304,2601,2808,3080,3132,3240,3465,3596,3782,3660,3969,4216,4480,4620,4896,5460,5600,5913,6384,6525,6708,7209,7470,8178,8633,9090,10058,10260,11200,12154,12840,15008,15912,17040,19152,20305,22605,25375,28880,32238,35659,39725,46930,54069,63048,76320,92820,110995,132822,155498,0,0,0,0,0,0,0,0,0,0,0,0,0,0,0,0,0,0,0,0,0,0,0,0,0,0,0,0,0,0,0,0,0,0,0,0,0,0,0,0,0,0,0,0,0,0,0,0,0,0,0,0,0,0,0,0,0,0,0,0,0,0,0,0,0,0,0,0,0,0,0,0,0,0,0,0,0,0,0,0,0,0,0,0,0,0,0,0,0,0,0,0,0,0,0,0,0,0,0,0,0,0,0,0,0,0,0,0,0,0,0,0,0,0,0,0,0,0,0,0,0,0,0,0,0,0,0,0,0,0,0
1443,1406,1521,1521,1600,1560,1681,1722,1720,1806,1806,1848,1890,1932,1935,1935,2024,2115,2254,2350,2400,2548,2544,2744,3024,3078,3132,3410,3534,3538,3480,3776,3960,4148,4216,4544,4875,5016,5451,5751,5760,6142,6764,7020,7268,7614,8160,8800,9167,9737,10640,11583,13144,14279,15368,16356,17812,19431,20769,23120,26100,28539,31600,36406,42244,46990,55123,62702,76375,95732,119068,134368,144632,148604,143930,147660,139740,130540,0,0,0,0,0,0,0,0,0,0,0,0,0,0,0,0,0,0,0,0,0,0,0,0,0,0,0,0,0,0,0,0,0,0,0,0,0,0,0,0,0,0,0,0,0,0,0,0,0,0,0,0,0,0,0,0,0,0,0,0,0,0,0,0,0,0,0,0,0,0,0,0,0,0,0,0,0,0,0,0,0,0,0,0,0,0,0,0,0,0,0,0,0,0,0,0,0,0,0,0,0,0,0,0,0
1480,1640,1560,1681,2500,2652,2756,3136,3654,3776,3900,4284,4480,4550,4752,5100,5467,5840,6300,6708,6864,7553,7644,8170,8811,9240,10272,11172,12584,12932,15048,16660,17568,19558,21976,24480,27360,31040,34944,39694,44955,54404,62488,77760,96558,115258,140250,159080,0,0,0,0,0,0,0,0,0,0,0,0,0,0,0,0,0,0,0,0,0,0,0,0,0,0,0,0,0,0,0,0,0,0,0,0,0,0,0,0,0,0,0,0,0,0,0,0,0,0,0,0,0,0,0,0,0,0,0,0,0,0,0,0,0,0,0,0,0,0,0,0,0,0,0,0,0,0,0,0,0,0,0,0,0,0,0,0,0,0,0,0,0,0,0,0,0,0,0,0,0,0,0,0,0,0,0,0,0,0,0,0,0,0,0,0,0,0,0,0,0,0,0,0,0,0,0,0,0,0,0,0,0,0,0
930,1482,1480,1600,1521,1521,1521,1600,1722,1763,1681,1722,1892,1892,2021,2068,2200,2397,2448,2496,2496,2805,3016,3135,3416,3654,3835,3894,4087,4402,4800,4608,5016,5382,5382,6035,6586,6675,7020,7440,8232,8888,9630,10212,11500,12875,13440,15594,16874,18392,20000,22610,24742,28416,33598,36907,42768,47802,57974,66836,82933,103329,121992,131328,134316,136956,130095,117450,86721,0,0,0,0,0,0,0,0,0,0,0,0,0,0,0,0,0,0,0,0,0,0,0,0,0,0,0,0,0,0,0,0,0,0,0,0,0,0,0,0,0,0,0,0,0,0,0,0,0,0,0,0,0,0,0,0,0,0,0,0,0,0,0,0,0,0,0,0,0,0,0,0,0,0,0,0,0,0,0,0,0,0,0,0,0,0,0,0,0,0,0,0,0,0,0,0,0,0,0,0,0,0,0,0,0,0,0,0,0,0,0,0,0,0
812,840,1120,1120,1188,1221,1369,1517,1520,1560,1680,1558,1521,1599,1720,1720,1980,2208,2300,2548,2544,2808,2809,3127,3245,3306,3355,3538,3906,4087,4158,4416,4680,5100,5467,5767,6000,6468,6708,7031,7708,8600,9180,9964,10735,11880,14061,15410,16756,17908,20193,22078,25454,28608,32913,37856,43983,52272,64528,79618,105741,135564,154452,159176,155420,156804,145055,0,0,0,0,0,0,0,0,0,0,0,0,0,0,0,0,0,0,0,0,0,0,0,0,0,0,0,0,0,0,0,0,0,0,0,0,0,0,0,0,0,0,0,0,0,0,0,0,0,0,0,0,0,0,0,0,0,0,0,0,0,0,0,0,0,0,0,0,0,0,0,0,0,0,0,0,0,0,0,0,0,0,0,0,0,0,0,0,0,0,0,0,0,0,0,0,0,0,0,0,0,0,0,0,0,0,0,0,0,0,0,0,0,0,0,0
728,960,1260,1332,1332,1295,1406,1558,1681,1806,1680,1640,1680,1764,1980,1980,2070,2070,2070,2303,2448,2550,2703,2808,2964,3132,3420,3599,3540,3835,4092,4480,4550,4896,5400,5767,6075,6300,6794,7708,8075,8439,9464,10246,11484,13161,14448,16402,17374,19026,21546,24393,28880,32074,38250,43983,56375,67569,87285,113977,139167,155856,151312,143717,0,0,0,0,0,0,0,0,0,0,0,0,0,0,0,0,0,0,0,0,0,0,0,0,0,0,0,0,0,0,0,0,0,0,0,0,0,0,0,0,0,0,0,0,0,0,0,0,0,0,0,0,0,0,0,0,0,0,0,0,0,0,0,0,0,0,0,0,0,0,0,0,0,0,0,0,0,0,0,0,0,0,0,0,0,0,0,0,0,0,0,0,0,0,0,0,0,0,0,0,0,0,0,0,0,0,0,0,0,0,0,0,0,0,0,0,0,0,0
1368,1440,1520,1640,1640,1680,1763,1848,2548,2448,2754,2756,2915,3024,3416,3654,3584,4095,4420,4544,5032,5460,5904,6460,6545,7189,7462,8330,8811,9951,11286,11900,13176,15912,17303,19995,21870,25200,29260,34155,39617,48960,58864,73944,97785,126464,0,0,0,0,0,0,0,0,0,0,0,0,0,0,0,0,0,0,0,0,0,0,0,0,0,0,0,0,0,0,0,0,0,0,0,0,0,0,0,0,0,0,0,0,0,0,0,0,0,0,0,0,0,0,0,0,0,0,0,0,0,0,0,0,0,0,0,0,0,0,0,0,0,0,0,0,0,0,0,0,0,0,0,0,0,0,0,0,0,0,0,0,0,0,0,0,0,0,0,0,0,0,0,0,0,0,0,0,0,0,0,0,0,0,0,0,0,0,0,0,0,0,0,0,0,0,0,0,0,0,0,0,0,0,0,0,0
1155,1188,1368,1443,1482,1520,1640,1599,1599,1722,1680,1806,2070,2115,2499,2550,2601,2862,2968,3132,3360,3538,3596,3776,4209,4402,4745,5168,5244,5767,6375,6450,7020,7614,8415,9360,10010,11232,12648,14430,16240,17731,20224,21780,24920,29835,34293,40425,49068,59122,73094,93548,122474,147649,147840,145754,142888,123786,109560,79990,0,0,0,0,0,0,0,0,0,0,0,0,0,0,0,0,0,0,0,0,0,0,0,0,0,0,0,0,0,0,0,0,0,0,0,0,0,0,0,0,0,0,0,0,0,0,0,0,0,0,0,0,0,0,0,0,0,0,0,0,0,0,0,0,0,0,0,0,0,0,0,0,0,0,0,0,0,0,0,0,0,0,0,0,0,0,0,0,0,0,0,0,0,0,0,0,0,0,0,0,0,0,0,0,0,0,0,0,0,0,0,0,0,0,0,0,0,0,0,0,0,0,0
1558,1520,1677,1800,1755,1880,1880,1927,1968,2016,2193,2444,2600,2652,2968,3534,3534,3762,3894,4284,4347,5100,5467,6156,6715,7134,7462,8342,9373,10152,11639,13516,14950,17732,19456,22440,26373,31200,38106,45254,55080,69462,97818,111470,123615,118503,0,0,0,0,0,0,0,0,0,0,0,0,0,0,0,0,0,0,0,0,0,0,0,0,0,0,0,0,0,0,0,0,0,0,0,0,0,0,0,0,0,0,0,0,0,0,0,0,0,0,0,0,0,0,0,0,0,0,0,0,0,0,0,0,0,0,0,0,0,0,0,0,0,0,0,0,0,0,0,0,0,0,0,0,0,0,0,0,0,0,0,0,0,0,0,0,0,0,0,0,0,0,0,0,0,0,0,0,0,0,0,0,0,0,0,0,0,0,0,0,0,0,0,0,0,0,0,0,0,0,0,0,0,0,0,0,0
783,812,812,812,870,928,960,1116,1155,1188,1295,1258,1444,1482,1482,1440,1520,1599,1890,2021,2150,2209,2448,2650,2809,2970,3360,3534,3654,3658,4080,4402,4608,4958,5538,5822,6048,6525,7176,7776,8686,9701,10602,12200,13780,15180,16965,18972,22008,25208,29336,34344,42000,50997,63474,80976,110320,128876,143242,136374,138610,121009,76680,0,0,0,0,0,0,0,0,0,0,0,0,0,0,0,0,0,0,0,0,0,0,0,0,0,0,0,0,0,0,0,0,0,0,0,0,0,0,0,0,0,0,0,0,0,0,0,0,0,0,0,0,0,0,0,0,0,0,0,0,0,0,0,0,0,0,0,0,0,0,0,0,0,0,0,0,0,0,0,0,0,0,0,0,0,0,0,0,0,0,0,0,0,0,0,0,0,0,0,0,0,0,0,0,0,0,0,0,0,0,0,0,0,0,0,0,0,0,0,0
1600,1638,1558,1677,1763,1720,1848,1849,2024,2550,2754,2703,2862,3249,3538,3534,3534,3584,4340,4752,5244,5530,6120,6468,7120,7440,8428,9180,9951,11682,12810,15276,17182,19712,22440,26313,30929,36890,45264,56032,69916,97888,124266,151979,0,0,0,0,0,0,0,0,0,0,0,0,0,0,0,0,0,0,0,0,0,0,0,0,0,0,0,0,0,0,0,0,0,0,0,0,0,0,0,0,0,0,0,0,0,0,0,0,0,0,0,0,0,0,0,0,0,0,0,0,0,0,0,0,0,0,0,0,0,0,0,0,0,0,0,0,0,0,0,0,0,0,0,0,0,0,0,0,0,0,0,0,0,0,0,0,0,0,0,0,0,0,0,0,0,0,0,0,0,0,0,0,0,0,0,0,0,0,0,0,0,0,0,0,0,0,0,0,0,0,0,0,0,0,0,0,0,0,0
1406,1482,1406,1520,1520,1599,2600,2808,2912,3248,3304,3120,3712,3953,4615,4958,5440,5904,6308,6942,7708,8439,9064,10165,11600,12826,15410,17136,19125,22576,27048,32320,38080,48692,60401,80640,107640,136197,151931,0,0,0,0,0,0,0,0,0,0,0,0,0,0,0,0,0,0,0,0,0,0,0,0,0,0,0,0,0,0,0,0,0,0,0,0,0,0,0,0,0,0,0,0,0,0,0,0,0,0,0,0,0,0,0,0,0,0,0,0,0,0,0,0,0,0,0,0,0,0,0,0,0,0,0,0,0,0,0,0,0,0,0,0,0,0,0,0,0,0,0,0,0,0,0,0,0,0,0,0,0,0,0,0,0,0,0,0,0,0,0,0,0,0,0,0,0,0,0,0,0,0,0,0,0,0,0,0,0,0,0,0,0,0,0,0,0,0,0,0,0,0,0,0
841,812,841,870,930,899,1088,1406,1406,1558,1680,1600,1599,1640,1804,1980,2340,2352,2450,2550,2860,2970,3355,3477,3717,3835,3960,4347,4680,4891,5694,6205,6688,7098,8019,8888,9720,11020,12915,14763,16731,18573,20608,24112,29445,34668,42898,54128,67760,90909,126160,147095,145002,134472,0,0,0,0,0,0,0,0,0,0,0,0,0,0,0,0,0,0,0,0,0,0,0,0,0,0,0,0,0,0,0,0,0,0,0,0,0,0,0,0,0,0,0,0,0,0,0,0,0,0,0,0,0,0,0,0,0,0,0,0,0,0,0,0,0,0,0,0,0,0,0,0,0,0,0,0,0,0,0,0,0,0,0,0,0,0,0,0,0,0,0,0,0,0,0,0,0,0,0,0,0,0,0,0,0,0,0,0,0,0,0,0,0,0,0,0,0,0,0,0,0,0,0,0,0,0,0,0,0
483,462,484,484,529,550,598,644,621,675,1221,1188,1295,1558,1638,1638,1638,1764,1848,1935,2024,2156,2397,2491,2805,3078,3304,3477,3654,4092,4544,4810,5168,5600,5950,6750,7007,8051,8772,9936,11252,12875,15008,16992,19625,22532,26496,32292,39843,47360,62700,78754,111672,135240,137592,129752,118188,70818,0,0,0,0,0,0,0,0,0,0,0,0,0,0,0,0,0,0,0,0,0,0,0,0,0,0,0,0,0,0,0,0,0,0,0,0,0,0,0,0,0,0,0,0,0,0,0,0,0,0,0,0,0,0,0,0,0,0,0,0,0,0,0,0,0,0,0,0,0,0,0,0,0,0,0,0,0,0,0,0,0,0,0,0,0,0,0,0,0,0,0,0,0,0,0,0,0,0,0,0,0,0,0,0,0,0,0,0,0,0,0,0,0,0,0,0,0,0,0,0,0,0,0,0,0
1404,1330,1368,1406,1406,1600,2254,2499,2650,2750,3132,3016,3240,3640,4148,4473,5082,5530,5976,6290,7189,7885,8772,9752,10545,12772,14541,16992,20224,23564,28120,36960,41650,53900,69423,94833,126452,146276,0,0,0,0,0,0,0,0,0,0,0,0,0,0,0,0,0,0,0,0,0,0,0,0,0,0,0,0,0,0,0,0,0,0,0,0,0,0,0,0,0,0,0,0,0,0,0,0,0,0,0,0,0,0,0,0,0,0,0,0,0,0,0,0,0,0,0,0,0,0,0,0,0,0,0,0,0,0,0,0,0,0,0,0,0,0,0,0,0,0,0,0,0,0,0,0,0,0,0,0,0,0,0,0,0,0,0,0,0,0,0,0,0,0,0,0,0,0,0,0,0,0,0,0,0,0,0,0,0,0,0,0,0,0,0,0,0,0,0,0,0,0,0,0,0
1365,1400,1400,1482,1596,1677,1886,1927,2156,2160,2350,2650,2958,3016,3300,3245,3591,4020,4284,4480,5609,6150,6630,7031,8342,8888,10176,11948,14520,16184,19026,22879,27750,34604,42660,53531,75632,97854,112700,111160,0,0,0,0,0,0,0,0,0,0,0,0,0,0,0,0,0,0,0,0,0,0,0,0,0,0,0,0,0,0,0,0,0,0,0,0,0,0,0,0,0,0,0,0,0,0,0,0,0,0,0,0,0,0,0,0,0,0,0,0,0,0,0,0,0,0,0,0,0,0,0,0,0,0,0,0,0,0,0,0,0,0,0,0,0,0,0,0,0,0,0,0,0,0,0,0,0,0,0,0,0,0,0,0,0,0,0,0,0,0,0,0,0,0,0,0,0,0,0,0,0,0,0,0,0,0,0,0,0,0,0,0,0,0,0,0,0,0,0,0,0,0,0
528,506,462,506,621,644,725,780,810,780,783,840,899,1190,1225,1292,1332,1332,1640,1404,1520,1680,1716,1760,1848,2160,2300,2352,2548,2754,2912,3420,3596,3776,4158,4550,4950,5382,5751,6351,7098,7885,8944,10528,11564,13440,15568,18150,20992,25560,31620,38870,48360,64355,87685,120285,141732,130683,126170,0,0,0,0,0,0,0,0,0,0,0,0,0,0,0,0,0,0,0,0,0,0,0,0,0,0,0,0,0,0,0,0,0,0,0,0,0,0,0,0,0,0,0,0,0,0,0,0,0,0,0,0,0,0,0,0,0,0,0,0,0,0,0,0,0,0,0,0,0,0,0,0,0,0,0,0,0,0,0,0,0,0,0,0,0,0,0,0,0,0,0,0,0,0,0,0,0,0,0,0,0,0,0,0,0,0,0,0,0,0,0,0,0,0,0,0,0,0,0,0,0,0,0,0
1517,1554,1634,1710,1760,1974,2200,2450,2550,2808,3135,3591,3528,4020,4030,4818,5110,5694,6715,7470,7885,8989,9951,12826,14672,16800,20988,25344,31717,39600,49987,69664,105412,0,0,0,0,0,0,0,0,0,0,0,0,0,0,0,0,0,0,0,0,0,0,0,0,0,0,0,0,0,0,0,0,0,0,0,0,0,0,0,0,0,0,0,0,0,0,0,0,0,0,0,0,0,0,0,0,0,0,0,0,0,0,0,0,0,0,0,0,0,0,0,0,0,0,0,0,0,0,0,0,0,0,0,0,0,0,0,0,0,0,0,0,0,0,0,0,0,0,0,0,0,0,0,0,0,0,0,0,0,0,0,0,0,0,0,0,0,0,0,0,0,0,0,0,0,0,0,0,0,0,0,0,0,0,0,0,0,0,0,0,0,0,0,0,0,0,0,0,0,0
625,598,600,675,625,644,648,675,754,700,638,720,806,864,952,1015,924,1050,1120,1221,1295,1369,1482,1521,1640,1763,1804,1932,1932,2400,2499,2600,2862,2916,3135,3364,3658,4026,4416,4891,5175,5760,6536,7189,7885,8976,10416,12688,14541,16756,18942,21912,27972,33231,41595,56637,74560,111785,152012,144570,151815,136944,109174,0,0,0,0,0,0,0,0,0,0,0,0,0,0,0,0,0,0,0,0,0,0,0,0,0,0,0,0,0,0,0,0,0,0,0,0,0,0,0,0,0,0,0,0,0,0,0,0,0,0,0,0,0,0,0,0,0,0,0,0,0,0,0,0,0,0,0,0,0,0,0,0,0,0,0,0,0,0,0,0,0,0,0,0,0,0,0,0,0,0,0,0,0,0,0,0,0,0,0,0,0,0,0,0,0,0,0,0,0,0,0,0,0,0,0,0,0,0,0,0
1326,1332,1443,1760,1927,2024,2295,2300,2397,2700,3009,3127,3410,3355,4080,4745,5025,5688,6264,7031,7695,8989,10120,12524,14497,17110,20320,24344,31416,39100,52224,68234,83258,97902,79165,61775,0,0,0,0,0,0,0,0,0,0,0,0,0,0,0,0,0,0,0,0,0,0,0,0,0,0,0,0,0,0,0,0,0,0,0,0,0,0,0,0,0,0,0,0,0,0,0,0,0,0,0,0,0,0,0,0,0,0,0,0,0,0,0,0,0,0,0,0,0,0,0,0,0,0,0,0,0,0,0,0,0,0,0,0,0,0,0,0,0,0,0,0,0,0,0,0,0,0,0,0,0,0,0,0,0,0,0,0,0,0,0,0,0,0,0,0,0,0,0,0,0,0,0,0,0,0,0,0,0,0,0,0,0,0,0,0,0,0,0,0,0,0,0,0,0,0,0
1120,1760,1763,1764,1806,1978,1980,2024,2160,2256,2500,2808,3024,3245,3591,3717,4148,4473,5092,5670,6142,6688,7533,8514,9396,11136,13312,15820,18848,21801,27302,34293,45682,58710,84132,123927,143930,133595,128100,0,0,0,0,0,0,0,0,0,0,0,0,0,0,0,0,0,0,0,0,0,0,0,0,0,0,0,0,0,0,0,0,0,0,0,0,0,0,0,0,0,0,0,0,0,0,0,0,0,0,0,0,0,0,0,0,0,0,0,0,0,0,0,0,0,0,0,0,0,0,0,0,0,0,0,0,0,0,0,0,0,0,0,0,0,0,0,0,0,0,0,0,0,0,0,0,0,0,0,0,0,0,0,0,0,0,0,0,0,0,0,0,0,0,0,0,0,0,0,0,0,0,0,0,0,0,0,0,0,0,0,0,0,0,0,0,0,0,0,0,0,0,0,0
1120,1260,1560,1443,1560,1640,1681,1935,2496,2600,3074,3245,3712,3835,4080,4818,5082,5880,6424,7084,7857,9116,10810,12700,15400,18600,22780,26980,34668,45864,60475,86485,120280,128832,110760,70122,0,0,0,0,0,0,0,0,0,0,0,0,0,0,0,0,0,0,0,0,0,0,0,0,0,0,0,0,0,0,0,0,0,0,0,0,0,0,0,0,0,0,0,0,0,0,0,0,0,0,0,0,0,0,0,0,0,0,0,0,0,0,0,0,0,0,0,0,0,0,0,0,0,0,0,0,0,0,0,0,0,0,0,0,0,0,0,0,0,0,0,0,0,0,0,0,0,0,0,0,0,0,0,0,0,0,0,0,0,0,0,0,0,0,0,0,0,0,0,0,0,0,0,0,0,0,0,0,0,0,0,0,0,0,0,0,0,0,0,0,0,0,0,0,0,0,0
588,567,588,588,616,616,644,644,750,638,609,660,768,744,806,775,775,780,750,775,744,806,806,800,800,800,924,980,1015,1050,1050,1085,1080,1116,1080,1080,1110,1080,1080,1085,1280,1184,1209,1216,1254,1353,1394,1400,1634,1554,1591,1591,1512,1634,1634,1634,1755,1716,1710,1748,1794,1786,1748,1702,1800,1786,1786,1911,1872,2009,2142,2244,2200,2392,2444,2496,2756,2703,2703,2650,2754,2800,2856,2964,3078,3304,3190,3240,3416,3720,3840,4026,3819,3933,3933,4200,4331,4464,4270,4464,4514,4588,4788,4851,4992,5214,5265,5610,5525,5610,6003,6256,6324,6480,6461,6984,7081,7448,7546,7722,7878,8364,8798,9546,9804,10005,10413,11224,11656,12125,12222,13200,14595,15015,15264,16912,18135,19080,19920,20787,22656,23580,25137,27213,29346,31768,33790,34100,37352,41382,45232,50232,54812,58604,64464,73040,78200,83080,85330,89320,99831,103306,106400,101022,98890,98982,98725,95004,90720,82694,82287,46530,34542,22764,12348,0,0,0,0,0,0,0,0
450,510,480,480,510,600,570,551,580,580,638,667,750,725,780,780,780,806,928,986,1054,1152,1085,1120,1088,1120,1221,1184,1184,1184,1147,1254,1326,1400,1435,1394,1476,1512,1584,1665,1702,1748,1872,1920,1920,1960,1920,2009,2150,2150,2200,2200,2150,2288,2340,2438,2340,2538,2805,2805,2695,2744,2958,3068,3180,3348,3520,3584,3990,4176,4176,4307,4270,4392,4526,5022,5248,5610,5544,5984,6319,6552,6975,7566,7840,8080,8282,8798,9180,10057,11232,11979,12625,13624,14580,15651,16385,17784,18683,20460,21971,23892,25619,28710,31616,33110,38280,41895,46774,52547,60180,66780,80262,93357,110763,124024,132990,133023,135300,133980,129030,122472,120484,113230,110950,98728,92136,73590,53619,32851,15075,0,0,0,0,0,0,0,0,0,0,0,0,0,0,0,0,0,0,0,0,0,0,0,0,0,0,0,0,0,0,0,0,0,0,0,0,0,0,0,0,0,0,0,0,0,0,0,0,0,0,0,0
330,308,330,345,345,330,330,330,368,308,330,368,368,384,391,368,368,384,384,384,375,408,750,775,810,810,837,810,783,754,754,728,725,725,754,750,775,806,810,810,810,810,837,864,864,891,891,918,918,918,945,918,945,1008,980,910,1044,1073,1110,1147,1147,1216,1248,1320,1360,1400,1400,1443,1480,1520,1558,1677,1760,1800,1840,1960,2009,2009,2000,2091,2236,2376,2322,2430,2530,2520,2464,2508,2714,2928,3172,3224,3465,3528,3780,4158,4221,4420,4690,4690,4680,4964,5180,5467,5390,5904,6068,6450,6438,6438,6319,6552,7178,7505,7760,7742,8181,8652,9374,9879,10032,10738,11562,12065,13034,13770,14490,15730,17400,18840,20625,22100,23674,25620,27360,30502,32916,36736,41825,46698,51870,56826,66220,77280,91800,101010,110410,118904,119368,110526,115500,114120,110595,111132,108852,104538,101094,88085,74284,58764,21920,0,0,0,0,0,0,0,0,0,0,0,0,0,0,0,0,0,0,0,0,0,0
360,375,448,442,486,459,532,532,532,551,532,600,609,609,667,609,660,638,713,775,704,713,768,858,884,891,1428,1512,1548,1548,1591,1596,1591,1634,1716,1755,1755,1840,1840,1927,1968,2058,2016,2064,2107,2295,2397,2544,2585,2695,2736,2784,2842,2950,3120,3286,3456,3819,4002,4002,4189,4071,4200,4366,4560,4758,5103,5312,5590,5780,6035,6141,6808,6975,7238,7760,8000,8528,9072,9810,10602,11446,12300,13287,14148,14933,15904,17433,18326,20336,21632,24480,26040,29008,31824,33540,38577,42804,47472,55860,62245,72150,86132,102528,118665,129504,132288,133215,138312,134936,129030,122470,122976,114540,106704,101104,84721,21808,0,0,0,0,0,0,0,0,0,0,0,0,0,0,0,0,0,0,0,0,0,0,0,0,0,0,0,0,0,0,0,0,0,0,0,0,0,0,0,0,0,0,0,0,0,0,0,0,0,0,0,0,0,0,0,0,0,0,0,0,0,0,0,0,0
294,286,294,280,280,294,286,286,286,286,330,330,308,345,322,368,391,432,460,437,437,396,440,460,460,460,437,437,418,418,456,456,432,450,468,486,513,513,504,476,486,513,504,504,513,588,609,660,588,560,588,651,682,713,667,667,667,690,682,704,713,768,792,825,918,884,884,918,952,986,1015,1216,1178,1248,1216,1254,1292,1330,1330,1292,1435,1404,1554,1628,1748,1584,1584,1786,1794,1840,1794,1968,2150,2200,2346,2544,2646,2695,2907,3016,3120,3348,3294,3520,3944,3944,4071,4392,4440,4500,4774,4992,5265,5166,5440,6072,6141,6552,6984,7200,7644,7857,8364,9180,9632,10208,10829,12028,12573,13905,15158,16428,18526,19278,21420,23660,25756,28420,32130,33880,38631,44275,51888,58110,69112,78540,86609,89958,103994,104310,97569,99750,96476,95625,88125,55932,39750,20790,0,0,0,0,0,0,0,0,0,0,0,0,0,0,0,0,0,0,0,0,0,0,0,0,0
273,352,336,315,352,352,352,345,308,330,345,352,352,352,368,384,391,432,432,391,408,456,456,460,460,440,460,440,462,480,480,480,480,456,475,486,540,540,520,540,513,540,540,546,540,560,580,616,588,609,588,560,660,667,660,630,667,720,744,775,775,800,858,952,952,918,891,952,1050,1147,1216,1216,1248,1353,1292,1365,1292,1360,1435,1470,1470,1584,1584,1656,1702,1665,1710,1968,2009,2064,2800,2856,3016,3420,3348,3705,4200,4392,4366,4650,4774,4977,5084,5590,6188,6298,6816,6912,7469,7956,8820,9435,10120,10800,11253,12642,13837,15158,17024,19116,20541,22656,25893,28944,32528,35650,41583,49140,55772,64351,76944,81920,91324,97223,94335,95288,93240,80444,72846,37920,17679,0,0,0,0,0,0,0,0,0,0,0,0,0,0,0,0,0,0,0,0,0,0,0,0,0,0,0,0,0,0,0,0,0,0,0,0,0,0,0,0,0,0
198,252,330,330,315,315,336,336,308,308,330,315,330,345,330,368,368,368,368,391,414,460,418,437,437,460,480,480,480,500,540,540,540,560,540,513,540,532,588,588,609,609,744,725,567,644,672,667,713,744,775,775,825,782,858,858,924,1110,1216,1184,1216,1240,1216,1254,1254,1221,1254,1287,1353,1394,1512,1505,1584,1638,1548,1540,1620,1748,1840,2009,2640,2695,2856,2950,2726,2832,3120,3465,3286,3828,4071,4060,4060,4189,4307,4560,4560,4898,5166,5696,5915,6256,6624,7313,7600,8532,8910,9768,9520,10530,11067,12160,13464,15015,16350,17360,19422,21576,24288,25785,29580,32116,36660,41750,49404,56918,66787,73227,79670,82800,92625,93520,85581,76879,68510,31209,12155,0,0,0,0,0,0,0,0,0,0,0,0,0,0,0,0,0,0,0,0,0,0,0,0,0,0,0,0,0,0,0,0,0,0,0,0,0,0,0,0,0,0,0,0,0,0
600,575,598,2009,2050,2430,2530,2622,2726,2820,2976,2961,3234,3519,3850,3685,3905,4088,4408,4524,5002,5248,5376,5590,6030,6417,6935,7469,7700,8720,9020,9744,10648,11625,12870,14560,15582,16758,18720,20750,22352,25004,27244,31098,35805,40344,47344,56810,65600,78273,95420,96255,103635,113864,104232,103462,100737,93744,50688,0,0,0,0,0,0,0,0,0,0,0,0,0,0,0,0,0,0,0,0,0,0,0,0,0,0,0,0,0,0,0,0,0,0,0,0,0,0,0,0,0,0,0,0,0,0,0,0,0,0,0,0,0,0,0,0,0,0,0,0,0,0,0,0,0,0,0,0,0,0,0,0,0,0,0,0,0,0,0,0,0,0,0,0,0,0,0,0,0,0,0,0,0,0,0,0,0,0,0,0,0,0,0,0,0,0,0,0,0,0,0,0,0,0,0,0,0,0,0,0,0,0,0,0
320,320,357,357,357,378,414,391,425,425,425,442,408,400,450,468,468,494,425,494,540,540,567,588,588,609,630,638,638,638,660,736,768,891,832,924,957,1050,1080,945,980,980,1015,1152,1258,1152,1188,1184,1326,1320,1353,1360,1386,1360,1435,1476,1584,1804,1755,1932,2160,2300,2496,2491,2491,2750,2688,2736,2842,2900,3240,3180,3705,3762,4071,4060,3990,4307,4500,4740,4960,5330,5780,6097,6210,6860,8008,8282,8774,9240,10092,11040,11712,13266,14560,16800,18644,19800,22733,25245,29492,33264,37047,44115,51985,61889,75488,81396,91200,99735,95700,99474,93600,82600,76108,49686,28809,0,0,0,0,0,0,0,0,0,0,0,0,0,0,0,0,0,0,0,0,0,0,0,0,0,0,0,0,0,0,0,0,0,0,0,0,0,0,0,0,0,0,0,0,0,0,0,0,0,0,0,0,0,0,0,0,0,0,0,0,0,0,0,0,0,0
840,812,810,780,837,891,864,864,924,952,952,1015,1080,1050,1080,1116,1116,1221,1326,1360,1435,1435,1476,1476,1554,1591,1634,1716,1755,1840,1880,3060,3339,3520,3944,4060,3960,4292,4466,4543,4836,5395,5934,6160,6696,7372,7600,8320,9102,9890,10920,11938,13167,14248,15762,17784,19557,22317,26040,28368,32494,39245,44604,53738,64539,81499,101230,125513,130260,126252,132487,127464,128511,118950,97232,0,0,0,0,0,0,0,0,0,0,0,0,0,0,0,0,0,0,0,0,0,0,0,0,0,0,0,0,0,0,0,0,0,0,0,0,0,0,0,0,0,0,0,0,0,0,0,0,0,0,0,0,0,0,0,0,0,0,0,0,0,0,0,0,0,0,0,0,0,0,0,0,0,0,0,0,0,0,0,0,0,0,0,0,0,0,0,0,0,0,0,0,0,0,0,0,0,0,0,0,0,0,0,0,0,0,0,0
621,648,648,621,621,638,720,780,775,960,1050,1221,1326,1440,1872,2016,2016,2107,2200,2244,2340,2538,2646,2800,2900,3186,3410,3584,3990,4118,4500,4620,4736,5005,5103,5248,5478,5848,6586,7176,7760,8282,9064,9900,11232,12221,13608,14896,16074,18696,20736,22984,25986,28564,32813,37516,44460,53387,64113,80343,100337,134850,142870,139859,142857,139256,139878,133081,125364,113854,19210,0,0,0,0,0,0,0,0,0,0,0,0,0,0,0,0,0,0,0,0,0,0,0,0,0,0,0,0,0,0,0,0,0,0,0,0,0,0,0,0,0,0,0,0,0,0,0,0,0,0,0,0,0,0,0,0,0,0,0,0,0,0,0,0,0,0,0,0,0,0,0,0,0,0,0,0,0,0,0,0,0,0,0,0,0,0,0,0,0,0,0,0,0,0,0,0,0,0,0,0,0,0,0,0,0,0,0,0,0,0,0,0
532,594,672,638,952,1080,1748,1755,1840,1880,1968,2058,2244,2150,2142,2279,2438,2688,2736,2842,3000,3348,3630,3933,3886,3876,4260,4500,4697,5002,5248,5762,6177,6552,7144,7760,8549,9095,10304,11466,12875,14148,15429,17168,19080,21125,24206,28224,30600,37556,43050,52264,63089,80730,100870,125965,130824,134640,130536,121500,115218,104920,95495,68040,0,0,0,0,0,0,0,0,0,0,0,0,0,0,0,0,0,0,0,0,0,0,0,0,0,0,0,0,0,0,0,0,0,0,0,0,0,0,0,0,0,0,0,0,0,0,0,0,0,0,0,0,0,0,0,0,0,0,0,0,0,0,0,0,0,0,0,0,0,0,0,0,0,0,0,0,0,0,0,0,0,0,0,0,0,0,0,0,0,0,0,0,0,0,0,0,0,0,0,0,0,0,0,0,0,0,0,0,0,0,0,0,0,0,0,0,0,0,0
594,616,832,957,1044,1287,1440,1628,1794,1840,1968,1880,1920,2050,2193,2438,2475,2632,2842,2736,2842,3392,3575,3575,3685,3920,4292,4636,4836,5040,5525,5742,6440,6716,7546,8240,8925,9504,10530,11712,13464,15015,16390,18012,20984,24339,27495,32012,36252,43180,51300,64370,79572,102823,118590,129350,117073,110080,96720,94423,76752,52154,0,0,0,0,0,0,0,0,0,0,0,0,0,0,0,0,0,0,0,0,0,0,0,0,0,0,0,0,0,0,0,0,0,0,0,0,0,0,0,0,0,0,0,0,0,0,0,0,0,0,0,0,0,0,0,0,0,0,0,0,0,0,0,0,0,0,0,0,0,0,0,0,0,0,0,0,0,0,0,0,0,0,0,0,0,0,0,0,0,0,0,0,0,0,0,0,0,0,0,0,0,0,0,0,0,0,0,0,0,0,0,0,0,0,0,0,0,0,0,0,0
475,500,525,546,520,540,513,532,551,609,609,660,736,768,825,884,924,986,1020,1015,945,1008,1015,1116,1188,1221,1221,1320,1271,1312,1554,1591,1584,1554,1591,1755,1840,2597,2592,2750,2744,2679,2793,3245,3300,3410,3953,4248,4060,4307,4425,4774,5120,5395,6097,6348,6930,8132,8580,8586,9576,10413,11562,13266,15158,17094,19159,21625,24871,28400,32482,39200,48870,58890,72478,79884,86336,98154,91056,85656,69642,30300,0,0,0,0,0,0,0,0,0,0,0,0,0,0,0,0,0,0,0,0,0,0,0,0,0,0,0,0,0,0,0,0,0,0,0,0,0,0,0,0,0,0,0,0,0,0,0,0,0,0,0,0,0,0,0,0,0,0,0,0,0,0,0,0,0,0,0,0,0,0,0,0,0,0,0,0,0,0,0,0,0,0,0,0,0,0,0,0,0,0,0,0,0,0,0,0,0,0,0,0,0
928,1080,1248,1360,1400,1440,1512,1591,1591,1710,1833,1920,1920,2009,2150,2244,2484,2585,2793,3074,3190,3528,3705,3696,3685,4047,4292,4620,4914,5056,5644,5848,6570,7144,7742,8755,9416,10283,12200,13287,15207,16724,18526,20832,24888,28368,33325,38610,47580,58506,74925,97902,122010,131456,130800,122625,115536,101286,93074,0,0,0,0,0,0,0,0,0,0,0,0,0,0,0,0,0,0,0,0,0,0,0,0,0,0,0,0,0,0,0,0,0,0,0,0,0,0,0,0,0,0,0,0,0,0,0,0,0,0,0,0,0,0,0,0,0,0,0,0,0,0,0,0,0,0,0,0,0,0,0,0,0,0,0,0,0,0,0,0,0,0,0,0,0,0,0,0,0,0,0,0,0,0,0,0,0,0,0,0,0,0,0,0,0,0,0,0,0,0,0,0,0,0,0,0,0,0,0,0,0,0,0,0
330,345,414,408,425,425,400,638,644,696,638,588,551,620,620,713,768,825,986,1015,1044,1116,1152,1221,1292,1435,1365,1435,1517,1554,1628,1748,1748,1702,1776,1833,2050,2250,2346,2448,2650,2750,2968,2912,3186,3348,3640,3808,4200,4464,4440,4514,4977,5312,6030,6164,6912,7546,8667,9072,9918,11224,12348,14352,15768,18921,21250,24522,28457,32895,39765,51150,62200,79002,87750,103025,100386,102729,91839,83025,44280,15677,0,0,0,0,0,0,0,0,0,0,0,0,0,0,0,0,0,0,0,0,0,0,0,0,0,0,0,0,0,0,0,0,0,0,0,0,0,0,0,0,0,0,0,0,0,0,0,0,0,0,0,0,0,0,0,0,0,0,0,0,0,0,0,0,0,0,0,0,0,0,0,0,0,0,0,0,0,0,0,0,0,0,0,0,0,0,0,0,0,0,0,0,0,0,0,0,0,0,0,0,0
390,572,621,616,644,696,644,672,693,713,825,884,986,957,1020,960,1085,1147,1400,1512,1476,1554,1596,1710,1794,1880,1927,2058,2150,2150,2430,2530,2842,3060,3180,3294,3770,3828,3933,4307,4440,4977,5395,5628,6072,6461,7315,8262,9010,10101,11760,13208,14850,16820,18526,21125,24888,29800,34980,41866,53075,66982,88200,118372,128326,133089,130260,121910,111680,99960,27246,0,0,0,0,0,0,0,0,0,0,0,0,0,0,0,0,0,0,0,0,0,0,0,0,0,0,0,0,0,0,0,0,0,0,0,0,0,0,0,0,0,0,0,0,0,0,0,0,0,0,0,0,0,0,0,0,0,0,0,0,0,0,0,0,0,0,0,0,0,0,0,0,0,0,0,0,0,0,0,0,0,0,0,0,0,0,0,0,0,0,0,0,0,0,0,0,0,0,0,0,0,0,0,0,0,0,0,0,0,0,0,0
315,456,475,456,486,540,459,476,532,551,960,1517,1554,1634,1677,1800,1845,1932,2068,2016,2058,2392,2585,2585,2793,3127,3180,3648,4071,3886,4060,4248,4500,4914,5395,5964,6319,6586,7392,8364,9202,10416,11662,12978,14850,17082,19557,22270,25254,30856,36186,43966,56914,71383,95744,131274,131440,138580,129030,122668,114840,99912,64842,21948,0,0,0,0,0,0,0,0,0,0,0,0,0,0,0,0,0,0,0,0,0,0,0,0,0,0,0,0,0,0,0,0,0,0,0,0,0,0,0,0,0,0,0,0,0,0,0,0,0,0,0,0,0,0,0,0,0,0,0,0,0,0,0,0,0,0,0,0,0,0,0,0,0,0,0,0,0,0,0,0,0,0,0,0,0,0,0,0,0,0,0,0,0,0,0,0,0,0,0,0,0,0,0,0,0,0,0,0,0,0,0,0,0,0,0,0,0,0,0
330,345,352,330,352,391,432,437,450,468,450,468,513,486,486,588,588,667,594,750,750,725,750,800,837,868,928,986,1015,986,1152,1155,1221,1254,1365,1470,1435,1710,1794,1786,1800,1776,2016,2244,2597,2548,2652,3135,3364,3306,3528,3886,4020,4526,4514,5040,5146,6006,6390,6887,7600,8137,9130,10502,11750,13034,15158,18408,20618,23892,28258,32465,39688,51894,64960,80065,91000,104958,96503,93628,82669,48048,17595,0,0,0,0,0,0,0,0,0,0,0,0,0,0,0,0,0,0,0,0,0,0,0,0,0,0,0,0,0,0,0,0,0,0,0,0,0,0,0,0,0,0,0,0,0,0,0,0,0,0,0,0,0,0,0,0,0,0,0,0,0,0,0,0,0,0,0,0,0,0,0,0,0,0,0,0,0,0,0,0,0,0,0,0,0,0,0,0,0,0,0,0,0,0,0,0,0,0,0,0
391,391,408,432,500,432,442,468,390,459,493,493,504,580,580,580,660,1634,1927,1927,1927,2009,2288,2340,2538,2958,3068,3520,3640,3640,3990,4248,4697,5040,5346,5561,6390,6912,7742,8549,9504,10974,12177,14606,16095,17825,20875,24752,28420,35840,43077,52170,69657,95861,118779,130560,128184,119316,109218,97635,72332,0,0,0,0,0,0,0,0,0,0,0,0,0,0,0,0,0,0,0,0,0,0,0,0,0,0,0,0,0,0,0,0,0,0,0,0,0,0,0,0,0,0,0,0,0,0,0,0,0,0,0,0,0,0,0,0,0,0,0,0,0,0,0,0,0,0,0,0,0,0,0,0,0,0,0,0,0,0,0,0,0,0,0,0,0,0,0,0,0,0,0,0,0,0,0,0,0,0,0,0,0,0,0,0,0,0,0,0,0,0,0,0,0,0,0,0,0,0,0,0,0,0
432,891,952,957,1050,1050,1120,1155,1221,1292,1365,1505,1628,1634,1710,1710,1920,1880,2016,2142,2288,2385,2592,2632,2832,2958,3224,3618,3920,4292,4440,4836,5040,5727,6586,6916,7840,8904,10283,11682,13462,14688,17400,19440,23674,27456,33755,42108,52334,69740,97092,130634,130416,135710,131712,126024,105905,29160,0,0,0,0,0,0,0,0,0,0,0,0,0,0,0,0,0,0,0,0,0,0,0,0,0,0,0,0,0,0,0,0,0,0,0,0,0,0,0,0,0,0,0,0,0,0,0,0,0,0,0,0,0,0,0,0,0,0,0,0,0,0,0,0,0,0,0,0,0,0,0,0,0,0,0,0,0,0,0,0,0,0,0,0,0,0,0,0,0,0,0,0,0,0,0,0,0,0,0,0,0,0,0,0,0,0,0,0,0,0,0,0,0,0,0,0,0,0,0,0,0,0,0,0,0
1400,1470,1428,1620,1677,1716,1845,1886,1974,2058,2150,2332,2484,2576,2891,3380,3536,3672,3976,4047,4161,4851,5184,5561,6570,7050,8282,9540,10640,11956,13965,15444,17898,21463,25482,29896,38232,46992,58706,80618,109746,126270,129846,122344,112224,98670,74919,0,0,0,0,0,0,0,0,0,0,0,0,0,0,0,0,0,0,0,0,0,0,0,0,0,0,0,0,0,0,0,0,0,0,0,0,0,0,0,0,0,0,0,0,0,0,0,0,0,0,0,0,0,0,0,0,0,0,0,0,0,0,0,0,0,0,0,0,0,0,0,0,0,0,0,0,0,0,0,0,0,0,0,0,0,0,0,0,0,0,0,0,0,0,0,0,0,0,0,0,0,0,0,0,0,0,0,0,0,0,0,0,0,0,0,0,0,0,0,0,0,0,0,0,0,0,0,0,0,0,0,0,0,0,0,0
437,437,456,460,483,550,552,576,600,600,600,725,864,864,1932,2021,1974,2332,2430,2714,2773,3087,3588,3763,4200,4234,4779,5568,6052,6603,7104,8058,9020,10890,12672,14039,16390,18840,21700,27064,31968,40670,52638,69841,93873,113204,116616,109599,106596,91254,62244,21648,0,0,0,0,0,0,0,0,0,0,0,0,0,0,0,0,0,0,0,0,0,0,0,0,0,0,0,0,0,0,0,0,0,0,0,0,0,0,0,0,0,0,0,0,0,0,0,0,0,0,0,0,0,0,0,0,0,0,0,0,0,0,0,0,0,0,0,0,0,0,0,0,0,0,0,0,0,0,0,0,0,0,0,0,0,0,0,0,0,0,0,0,0,0,0,0,0,0,0,0,0,0,0,0,0,0,0,0,0,0,0,0,0,0,0,0,0,0,0,0,0,0,0,0,0,0,0,0,0,0,0
1428,1575,1584,1677,1763,1800,1974,2050,2150,2385,2530,2565,2976,3417,3604,3630,3976,4218,4697,5248,5712,6336,7469,8282,9828,10998,12800,15087,17427,20496,25160,30192,38376,48240,64165,90282,118860,124658,122672,108564,100630,70742,30680,0,0,0,0,0,0,0,0,0,0,0,0,0,0,0,0,0,0,0,0,0,0,0,0,0,0,0,0,0,0,0,0,0,0,0,0,0,0,0,0,0,0,0,0,0,0,0,0,0,0,0,0,0,0,0,0,0,0,0,0,0,0,0,0,0,0,0,0,0,0,0,0,0,0,0,0,0,0,0,0,0,0,0,0,0,0,0,0,0,0,0,0,0,0,0,0,0,0,0,0,0,0,0,0,0,0,0,0,0,0,0,0,0,0,0,0,0,0,0,0,0,0,0,0,0,0,0,0,0,0,0,0,0,0,0,0,0,0,0,0
667,759,858,832,1152,1216,1248,1677,1800,2268,2322,2530,2592,3111,3150,3380,4032,4104,4662,5265,5644,6370,6984,7600,9102,10010,11375,13386,16761,19470,23040,27522,32850,42168,55539,76043,100076,120184,106928,94023,74648,35055,0,0,0,0,0,0,0,0,0,0,0,0,0,0,0,0,0,0,0,0,0,0,0,0,0,0,0,0,0,0,0,0,0,0,0,0,0,0,0,0,0,0,0,0,0,0,0,0,0,0,0,0,0,0,0,0,0,0,0,0,0,0,0,0,0,0,0,0,0,0,0,0,0,0,0,0,0,0,0,0,0,0,0,0,0,0,0,0,0,0,0,0,0,0,0,0,0,0,0,0,0,0,0,0,0,0,0,0,0,0,0,0,0,0,0,0,0,0,0,0,0,0,0,0,0,0,0,0,0,0,0,0,0,0,0,0,0,0,0,0,0
550,2279,2585,2668,2940,3136,3432,3570,4088,4275,5002,5628,6210,7125,7524,9020,9945,11904,14144,16539,19602,22962,28826,35568,47168,64872,89298,101559,114905,107152,96520,38880,0,0,0,0,0,0,0,0,0,0,0,0,0,0,0,0,0,0,0,0,0,0,0,0,0,0,0,0,0,0,0,0,0,0,0,0,0,0,0,0,0,0,0,0,0,0,0,0,0,0,0,0,0,0,0,0,0,0,0,0,0,0,0,0,0,0,0,0,0,0,0,0,0,0,0,0,0,0,0,0,0,0,0,0,0,0,0,0,0,0,0,0,0,0,0,0,0,0,0,0,0,0,0,0,0,0,0,0,0,0,0,0,0,0,0,0,0,0,0,0,0,0,0,0,0,0,0,0,0,0,0,0,0,0,0,0,0,0,0,0,0,0,0,0,0,0,0,0,0,0,0
1184,1254,1326,1360,1440,1512,1880,1920,2142,2385,2565,2726,2832,3380,3380,3498,4118,4575,5056,5360,5865,6840,7700,8715,10101,12152,13464,16317,19520,23010,28028,33880,44450,59388,83780,124845,146496,136956,141746,120204,88088,0,0,0,0,0,0,0,0,0,0,0,0,0,0,0,0,0,0,0,0,0,0,0,0,0,0,0,0,0,0,0,0,0,0,0,0,0,0,0,0,0,0,0,0,0,0,0,0,0,0,0,0,0,0,0,0,0,0,0,0,0,0,0,0,0,0,0,0,0,0,0,0,0,0,0,0,0,0,0,0,0,0,0,0,0,0,0,0,0,0,0,0,0,0,0,0,0,0,0,0,0,0,0,0,0,0,0,0,0,0,0,0,0,0,0,0,0,0,0,0,0,0,0,0,0,0,0,0,0,0,0,0,0,0,0,0,0,0,0,0,0,0
575,598,625,1680,2009,2548,2820,2820,3234,3450,3960,4332,4758,5655,5896,6580,7546,8453,9860,11592,14352,16498,20418,24123,29601,37920,52671,71318,90780,109545,104841,90270,76076,45540,0,0,0,0,0,0,0,0,0,0,0,0,0,0,0,0,0,0,0,0,0,0,0,0,0,0,0,0,0,0,0,0,0,0,0,0,0,0,0,0,0,0,0,0,0,0,0,0,0,0,0,0,0,0,0,0,0,0,0,0,0,0,0,0,0,0,0,0,0,0,0,0,0,0,0,0,0,0,0,0,0,0,0,0,0,0,0,0,0,0,0,0,0,0,0,0,0,0,0,0,0,0,0,0,0,0,0,0,0,0,0,0,0,0,0,0,0,0,0,0,0,0,0,0,0,0,0,0,0,0,0,0,0,0,0,0,0,0,0,0,0,0,0,0,0,0,0,0,0
