462,484,506,506,506,484,484,506,529,529,529,506,529,552,552,552,552,552,576,576,576,625,576,600,600,625,625,650,650,624,624,676,676,676,676,702,702,702,729,729,729,756,784,756,756,756,812,812,812,841,870,870,870,870,900,900,930,930,930,930,992,992,992,992,992,1056,1056,1088,1023,1122,1088,1122,1122,1155,1155,1188,1190,1224,1190,1258,1260,1332,1332,1368,1368,1406,1443,1480,1517,1480,1517,1638,1638,1677,1720,1720,1720,1804,1848,1845,1978,1978,2021,2024,2112,2068,2205,2250,2300,2397,2444,2444,2491,2544,2646,2700,2695,2744,2850,2964,3016,3180,3240,3355,3410,3472,3528,3648,3648,3828,3886,4140,4140,4270,4536,4599,4950,5016,5082,5226,5304,5670,5893,5976,6120,6364,6825,7161,7360,7533,7790,8051,8400,9152,9345,9630,10230,10622,11252,11900,12444,13104,13803,14497,15344,16074,17346,18150,19375,20769,22078,23564,25418,27342,29488,31512,34768,37349,40600,44103,48705,53531,58298,65100,72048,78288,84724,90916,94560,93940,94500,94208,93177,92649,91790,90117,89320,87882,85136,80388,73188,64438,55506,41839,29106,0,0,0,0,0,0,0,0,0,0,0,0,0,0,0,0,0,0,0,0,0,0,0,0,0,0,0,0,0,0,0,0,0,0,0,0,0,0,0,0,0,0,0,0,0,0,0,0,0,0,0,0,0,0,0,0,0,0,0
440,440,400,420,441,420,462,484,484,484,529,506,506,506,552,552,529,552,576,576,576,600,625,600,600,625,625,625,650,650,702,702,676,676,676,702,702,702,702,729,729,756,729,729,756,756,812,812,841,841,841,900,900,900,930,930,930,961,961,961,992,992,1056,1056,1024,1089,1089,1089,1089,1122,1156,1190,1224,1224,1224,1260,1295,1368,1332,1368,1443,1443,1480,1482,1520,1520,1560,1640,1680,1720,1763,1804,1845,1890,1932,1890,1978,2068,2068,2160,2205,2250,2250,2300,2346,2496,2544,2597,2750,2856,2907,3016,3016,3120,3180,3348,3410,3472,3584,3648,3886,3953,4209,4270,4331,4464,4672,4800,5092,5304,5372,5600,5822,5893,6205,6675,6764,7110,7440,7695,8316,8700,8976,9450,9936,10545,11040,11682,12444,13000,13803,14630,15594,16614,17787,19125,20640,22110,23736,25597,27863,30030,33005,36072,39324,43737,48192,54069,59924,67424,74844,80618,88164,95122,97686,97857,97410,98099,96840,96048,95524,94424,93600,89700,83237,73696,63050,48360,0,0,0,0,0,0,0,0,0,0,0,0,0,0,0,0,0,0,0,0,0,0,0,0,0,0,0,0,0,0,0,0,0,0,0,0,0,0,0,0,0,0,0,0,0,0,0,0,0,0,0,0,0,0,0,0,0,0,0,0,0,0,0,0,0,0,0,0,0,0,0,0,0,0,0,0
400,400,400,420,420,441,462,420,440,440,462,462,462,462,484,484,484,462,462,484,484,529,529,529,529,552,529,529,552,552,576,600,600,600,625,650,625,675,650,676,676,702,728,702,702,702,728,728,756,756,783,783,812,870,870,841,841,870,930,900,900,930,930,961,961,1024,1056,1056,1089,1122,1122,1155,1155,1155,1155,1260,1295,1295,1295,1330,1368,1440,1517,1517,1558,1596,1558,1638,1638,1677,1760,1890,1932,1935,2024,2068,2068,2160,2300,2346,2346,2444,2491,2544,2646,2695,2907,2964,3068,3240,3245,3300,3465,3528,3712,3835,3953,4140,4140,4464,4662,4875,5016,5226,5520,5658,5893,6192,6600,6853,7347,7614,8134,8484,8858,9630,10230,11058,11564,12322,13104,14017,14960,16188,17346,18513,20160,22044,24112,26312,28950,31980,35424,39388,43740,49400,56156,64285,73280,82364,91440,92400,93248,91839,91000,90450,88682,86400,83654,78814,70152,58531,44252,28710,0,0,0,0,0,0,0,0,0,0,0,0,0,0,0,0,0,0,0,0,0,0,0,0,0,0,0,0,0,0,0,0,0,0,0,0,0,0,0,0,0,0,0,0,0,0,0,0,0,0,0,0,0,0,0,0,0,0,0,0,0,0,0,0,0,0,0,0,0,0,0,0,0,0,0,0,0,0,0,0,0,0,0,0,0,0,0,0,0,0
342,361,324,342,342,361,361,361,342,361,361,361,380,400,380,400,420,420,420,441,441,441,484,462,483,462,462,483,483,506,504,506,506,528,528,575,575,575,575,575,575,624,648,650,650,675,675,702,702,702,702,728,728,702,728,728,728,784,783,783,810,812,840,870,899,899,960,960,960,960,992,1024,1024,1056,1088,1155,1155,1155,1188,1188,1258,1224,1295,1295,1365,1330,1404,1404,1520,1558,1558,1596,1638,1677,1760,1760,1848,1932,2021,2021,2156,2200,2300,2346,2491,2491,2491,2597,2750,2850,2958,3068,3180,3240,3355,3465,3584,3828,4012,4071,4270,4392,4662,4800,5016,5304,5670,5893,6192,6438,6916,7161,7600,8300,8568,9540,9919,10304,11136,11979,12852,13755,14688,16302,17433,18840,20701,22876,25159,27740,31108,34615,38701,43855,49707,57084,65575,76360,86979,89250,88690,87696,86765,85224,83122,79200,75750,67671,55568,42900,26790,0,0,0,0,0,0,0,0,0,0,0,0,0,0,0,0,0,0,0,0,0,0,0,0,0,0,0,0,0,0,0,0,0,0,0,0,0,0,0,0,0,0,0,0,0,0,0,0,0,0,0,0,0,0,0,0,0,0,0,0,0,0,0,0,0,0,0,0,0,0,0,0,0,0,0,0,0,0,0,0,0,0,0,0,0,0,0,0,0,0,0,0,0
289,306,306,306,306,324,324,324,306,342,342,342,361,361,380,361,361,361,361,380,380,380,361,380,380,420,420,420,420,420,441,506,462,483,506,506,506,575,529,506,529,552,576,552,600,600,625,600,625,624,600,624,676,702,702,702,702,728,728,728,756,783,756,812,783,870,840,841,870,899,960,960,960,960,992,1023,1056,1088,1088,1122,1155,1188,1188,1221,1224,1330,1365,1400,1440,1440,1440,1440,1482,1599,1677,1677,1755,1760,1804,1932,2021,2107,2156,2250,2200,2392,2491,2538,2592,2695,2800,2958,3009,3120,3286,3402,3510,3584,3828,4012,4189,4260,4453,4725,4940,5304,5508,5880,6106,6336,6675,7176,7680,8118,8568,9328,9900,10602,11543,12423,13416,14338,15540,17168,18600,20375,22401,25159,27840,31212,35259,39377,45000,52032,59568,70720,83308,88638,86760,86500,84480,83616,80884,76896,72178,63242,50434,35332,15057,0,0,0,0,0,0,0,0,0,0,0,0,0,0,0,0,0,0,0,0,0,0,0,0,0,0,0,0,0,0,0,0,0,0,0,0,0,0,0,0,0,0,0,0,0,0,0,0,0,0,0,0,0,0,0,0,0,0,0,0,0,0,0,0,0,0,0,0,0,0,0,0,0,0,0,0,0,0,0,0,0,0,0,0,0,0,0,0,0,0,0,0,0,0,0
196,210,225,210,210,225,225,225,256,240,256,240,240,272,272,256,272,289,272,272,306,306,288,306,289,289,289,306,306,342,342,324,324,342,342,342,342,324,342,361,361,380,420,420,400,400,441,420,420,441,441,484,484,462,462,529,483,528,528,506,529,576,576,576,576,600,625,600,650,650,675,675,675,676,702,728,728,784,784,812,784,812,841,900,930,900,930,961,992,992,1056,1088,1056,1088,1088,1088,1190,1224,1295,1295,1330,1443,1480,1517,1520,1558,1640,1680,1804,1845,1935,1935,1978,2112,2205,2295,2346,2496,2444,2695,2744,2850,2958,3016,3180,3355,3584,3648,3876,4140,4270,4526,4672,5016,5304,5658,6048,6278,6536,7176,7790,8217,8874,9630,10434,11368,12120,13440,14740,15960,17493,19625,21912,24957,27824,31512,36573,42244,49536,58092,69750,79233,93058,92686,93240,92394,91850,89257,86574,78720,66126,46665,23885,0,0,0,0,0,0,0,0,0,0,0,0,0,0,0,0,0,0,0,0,0,0,0,0,0,0,0,0,0,0,0,0,0,0,0,0,0,0,0,0,0,0,0,0,0,0,0,0,0,0,0,0,0,0,0,0,0,0,0,0,0,0,0,0,0,0,0,0,0,0,0,0,0,0,0,0,0,0,0,0,0,0,0,0,0,0,0,0,0,0,0
210,210,240,240,240,256,272,272,272,272,272,289,289,289,289,306,306,306,289,306,306,306,323,306,306,306,342,342,342,342,342,342,361,380,400,399,420,400,420,441,420,441,441,462,484,462,506,462,506,483,529,506,529,552,552,575,624,600,600,624,648,648,702,728,675,702,702,756,783,756,783,783,812,870,870,870,930,930,961,1023,1024,1056,1088,1056,1122,1188,1155,1188,1258,1330,1295,1330,1404,1404,1443,1480,1517,1638,1638,1760,1845,1886,2064,2064,2156,2250,2346,2392,2491,2592,2750,2850,2958,3068,3233,3348,3465,3705,3953,4071,4270,4536,4736,5082,5520,5822,6192,6438,7007,7520,8316,8670,9828,10101,11252,12423,13440,14740,16445,17969,20320,23085,25986,29747,33920,39330,46435,55200,65880,78987,91482,89411,89105,88032,86036,82656,78030,67608,52080,31058,0,0,0,0,0,0,0,0,0,0,0,0,0,0,0,0,0,0,0,0,0,0,0,0,0,0,0,0,0,0,0,0,0,0,0,0,0,0,0,0,0,0,0,0,0,0,0,0,0,0,0,0,0,0,0,0,0,0,0,0,0,0,0,0,0,0,0,0,0,0,0,0,0,0,0,0,0,0,0,0,0,0,0,0,0,0,0,0,0,0,0,0,0,0,0,0,0,0,0,0,0,0,0,0
168,225,225,210,225,225,225,240,240,256,240,225,240,240,256,240,240,256,256,256,272,272,256,289,289,289,289,306,289,289,289,324,306,306,306,324,323,342,324,342,342,380,380,380,360,380,399,399,380,400,399,420,440,440,440,483,483,484,506,506,528,552,552,575,575,600,600,600,600,650,625,650,702,650,729,729,729,756,756,812,840,812,840,870,870,899,899,960,960,960,1023,1088,1088,1120,1120,1155,1190,1224,1295,1330,1365,1440,1476,1558,1596,1677,1760,1760,1845,1932,2016,2064,2205,2250,2340,2484,2585,2695,2695,2958,3120,3180,3348,3575,3770,3886,4140,4402,4736,4864,5293,5727,6035,6424,6825,7392,7872,8652,9450,10192,11210,12300,13624,15042,16530,18445,21248,23895,27313,31464,36349,42592,50274,61182,73472,86376,84350,83250,80496,78336,73530,65858,52923,36250,0,0,0,0,0,0,0,0,0,0,0,0,0,0,0,0,0,0,0,0,0,0,0,0,0,0,0,0,0,0,0,0,0,0,0,0,0,0,0,0,0,0,0,0,0,0,0,0,0,0,0,0,0,0,0,0,0,0,0,0,0,0,0,0,0,0,0,0,0,0,0,0,0,0,0,0,0,0,0,0,0,0,0,0,0,0,0,0,0,0,0,0,0,0,0,0,0,0,0,0
196,210,225,240,240,256,240,256,272,289,306,289,306,306,324,342,342,324,342,361,361,380,361,361,361,361,380,400,400,420,400,420,420,440,462,462,484,484,506,484,529,552,576,576,576,600,625,600,625,624,702,676,650,702,702,783,756,783,810,841,841,870,900,930,930,992,992,1024,1024,1089,1155,1155,1155,1258,1258,1292,1368,1440,1517,1596,1599,1720,1720,1890,1935,2021,2160,2254,2300,2397,2544,2695,2744,2907,3068,3240,3410,3591,3770,4148,4340,4672,4884,5236,5670,5976,6600,7280,7614,8800,9256,10137,11368,12566,14061,15870,17640,19939,23290,26864,31557,36792,44770,54270,68544,79926,95839,95589,95312,94112,91872,88830,76845,57050,26910,0,0,0,0,0,0,0,0,0,0,0,0,0,0,0,0,0,0,0,0,0,0,0,0,0,0,0,0,0,0,0,0,0,0,0,0,0,0,0,0,0,0,0,0,0,0,0,0,0,0,0,0,0,0,0,0,0,0,0,0,0,0,0,0,0,0,0,0,0,0,0,0,0,0,0,0,0,0,0,0,0,0,0,0,0,0,0,0,0,0,0,0,0,0,0,0,0,0,0,0,0,0,0,0,0,0,0,0,0,0,0,0,0,0,0,0,0,0,0,0,0,0,0,0,0,0,0,0,0
182,240,240,256,256,256,256,272,256,256,272,272,256,289,272,289,289,306,306,289,306,306,342,324,324,342,361,380,361,361,380,380,361,400,420,420,420,441,462,462,483,483,462,506,484,506,528,552,552,552,624,650,650,675,650,675,676,728,756,702,784,784,812,840,840,899,899,960,930,1023,1023,1088,1088,1120,1188,1188,1221,1258,1295,1404,1440,1596,1554,1638,1677,1800,1932,1974,2064,2112,2295,2392,2438,2592,2793,2850,3009,3233,3410,3584,3886,3953,4260,4599,5005,5360,5589,6035,6586,7189,7857,8874,9523,10509,11662,13208,14715,16560,18788,21580,25200,29055,34720,41475,51072,63089,79220,88536,86838,85067,82655,78064,70686,54646,31828,0,0,0,0,0,0,0,0,0,0,0,0,0,0,0,0,0,0,0,0,0,0,0,0,0,0,0,0,0,0,0,0,0,0,0,0,0,0,0,0,0,0,0,0,0,0,0,0,0,0,0,0,0,0,0,0,0,0,0,0,0,0,0,0,0,0,0,0,0,0,0,0,0,0,0,0,0,0,0,0,0,0,0,0,0,0,0,0,0,0,0,0,0,0,0,0,0,0,0,0,0,0,0,0,0,0,0,0,0,0,0,0,0,0,0,0,0,0,0,0,0,0,0,0,0,0,0,0,0
196,195,210,225,225,240,240,225,240,225,240,256,256,256,240,240,240,256,272,272,289,289,289,289,289,306,306,324,324,324,361,342,361,361,361,380,380,400,380,399,420,399,399,440,441,441,462,462,506,528,506,528,576,600,600,600,625,624,650,650,650,675,729,702,729,728,784,812,812,870,930,960,930,992,992,1023,1088,1120,1155,1190,1224,1295,1295,1295,1404,1517,1596,1677,1677,1804,1932,2064,2064,2205,2346,2392,2491,2695,2850,3009,3068,3294,3528,3770,4012,4200,4464,4875,5372,5658,6192,6675,7584,8217,9078,9919,10925,12423,14017,15933,17818,20736,24249,28564,33920,40482,50233,62580,79686,89488,87932,85324,83265,78279,68684,50348,24225,0,0,0,0,0,0,0,0,0,0,0,0,0,0,0,0,0,0,0,0,0,0,0,0,0,0,0,0,0,0,0,0,0,0,0,0,0,0,0,0,0,0,0,0,0,0,0,0,0,0,0,0,0,0,0,0,0,0,0,0,0,0,0,0,0,0,0,0,0,0,0,0,0,0,0,0,0,0,0,0,0,0,0,0,0,0,0,0,0,0,0,0,0,0,0,0,0,0,0,0,0,0,0,0,0,0,0,0,0,0,0,0,0,0,0,0,0,0,0,0,0,0,0,0,0,0,0
225,225,225,225,240,240,256,256,256,256,256,256,256,256,272,272,272,272,289,306,306,306,289,324,306,342,306,342,361,361,361,380,380,380,380,400,399,420,399,420,440,441,484,484,506,528,506,576,575,575,575,600,650,650,650,728,702,702,756,756,729,756,812,841,870,930,930,960,992,1056,1056,1056,1122,1224,1188,1295,1295,1332,1404,1480,1554,1638,1720,1760,1890,2021,2156,2205,2300,2438,2597,2800,2907,3120,3233,3465,3770,3953,4340,4536,4800,5372,5822,6264,6825,7505,8600,9048,10212,11466,13000,14497,16848,19592,22646,26784,31980,38363,47872,60237,77256,91245,89790,87552,85488,80300,70060,50204,20700,0,0,0,0,0,0,0,0,0,0,0,0,0,0,0,0,0,0,0,0,0,0,0,0,0,0,0,0,0,0,0,0,0,0,0,0,0,0,0,0,0,0,0,0,0,0,0,0,0,0,0,0,0,0,0,0,0,0,0,0,0,0,0,0,0,0,0,0,0,0,0,0,0,0,0,0,0,0,0,0,0,0,0,0,0,0,0,0,0,0,0,0,0,0,0,0,0,0,0,0,0,0,0,0,0,0,0,0,0,0,0,0,0,0,0,0,0,0,0,0,0,0,0,0,0,0,0,0,0,0,0,0,0,0,0
225,225,225,240,240,256,272,272,256,256,272,272,240,240,255,272,289,289,289,306,306,306,306,306,324,361,342,361,361,380,380,380,420,420,420,462,462,462,462,462,506,506,506,529,552,552,600,625,650,650,702,728,702,728,756,812,784,841,841,870,930,992,1023,1023,1088,1122,1188,1188,1258,1295,1295,1404,1480,1517,1638,1677,1760,1932,2021,2112,2250,2392,2444,2646,2850,3009,3233,3402,3705,4012,4270,4526,4875,5520,5964,6586,7254,8232,8670,9810,11349,12875,14606,16820,19750,23701,28268,34132,41949,54054,70022,87320,88572,87808,84864,79132,67580,43659,0,0,0,0,0,0,0,0,0,0,0,0,0,0,0,0,0,0,0,0,0,0,0,0,0,0,0,0,0,0,0,0,0,0,0,0,0,0,0,0,0,0,0,0,0,0,0,0,0,0,0,0,0,0,0,0,0,0,0,0,0,0,0,0,0,0,0,0,0,0,0,0,0,0,0,0,0,0,0,0,0,0,0,0,0,0,0,0,0,0,0,0,0,0,0,0,0,0,0,0,0,0,0,0,0,0,0,0,0,0,0,0,0,0,0,0,0,0,0,0,0,0,0,0,0,0,0,0,0,0,0,0,0,0,0,0,0,0,0,0,0,0,0,0,0,0
210,256,240,255,272,256,289,289,306,306,306,323,306,306,323,306,306,306,342,360,342,342,361,400,420,400,420,441,441,462,484,506,506,529,576,552,576,600,624,624,650,676,728,702,756,756,783,840,841,870,870,960,960,992,1089,1122,1155,1155,1224,1258,1404,1440,1440,1520,1599,1760,1760,1804,2021,2156,2200,2346,2544,2646,2907,3009,3240,3465,3770,4020,4331,4736,5226,5600,5976,6675,7440,8217,9345,10735,12240,13910,16100,18544,22512,26535,32548,40250,51480,66795,84006,91440,90068,89159,83810,73790,50530,13804,0,0,0,0,0,0,0,0,0,0,0,0,0,0,0,0,0,0,0,0,0,0,0,0,0,0,0,0,0,0,0,0,0,0,0,0,0,0,0,0,0,0,0,0,0,0,0,0,0,0,0,0,0,0,0,0,0,0,0,0,0,0,0,0,0,0,0,0,0,0,0,0,0,0,0,0,0,0,0,0,0,0,0,0,0,0,0,0,0,0,0,0,0,0,0,0,0,0,0,0,0,0,0,0,0,0,0,0,0,0,0,0,0,0,0,0,0,0,0,0,0,0,0,0,0,0,0,0,0,0,0,0,0,0,0,0,0,0,0,0,0,0,0,0,0,0,0,0,0,0,0,0,0,0,0,0
225,225,225,224,240,256,240,256,256,289,289,306,256,272,288,288,306,306,306,324,306,324,342,361,380,400,380,441,420,441,484,506,462,506,529,529,576,576,600,600,625,650,650,702,728,728,754,784,812,840,840,870,870,961,1054,1056,1056,1155,1190,1258,1330,1404,1443,1482,1599,1720,1845,1890,2016,2156,2295,2392,2640,2744,2856,3127,3286,3640,3828,4200,4464,4725,5372,5822,6497,7254,8585,9135,10304,11880,13650,15680,18360,22008,26455,32499,40248,51724,67580,85511,87604,85504,81872,74635,57600,30923,0,0,0,0,0,0,0,0,0,0,0,0,0,0,0,0,0,0,0,0,0,0,0,0,0,0,0,0,0,0,0,0,0,0,0,0,0,0,0,0,0,0,0,0,0,0,0,0,0,0,0,0,0,0,0,0,0,0,0,0,0,0,0,0,0,0,0,0,0,0,0,0,0,0,0,0,0,0,0,0,0,0,0,0,0,0,0,0,0,0,0,0,0,0,0,0,0,0,0,0,0,0,0,0,0,0,0,0,0,0,0,0,0,0,0,0,0,0,0,0,0,0,0,0,0,0,0,0,0,0,0,0,0,0,0,0,0,0,0,0,0,0,0,0,0,0,0,0,0,0,0,0,0,0,0,0,0,0
225,240,240,240,225,256,256,289,289,289,289,289,306,306,306,306,306,324,324,361,361,342,342,400,400,400,400,420,441,462,484,440,506,506,528,529,552,600,600,624,650,675,675,756,728,783,756,812,812,841,900,930,992,992,1089,1155,1155,1188,1295,1332,1368,1406,1558,1677,1720,1845,1974,2064,2200,2295,2544,2695,2800,3120,3294,3520,3828,4140,4464,4864,5451,5976,6675,7426,8686,9328,10622,12444,14256,16675,19750,24012,29250,36354,47058,60944,80736,89864,88200,85542,79460,66220,38383,0,0,0,0,0,0,0,0,0,0,0,0,0,0,0,0,0,0,0,0,0,0,0,0,0,0,0,0,0,0,0,0,0,0,0,0,0,0,0,0,0,0,0,0,0,0,0,0,0,0,0,0,0,0,0,0,0,0,0,0,0,0,0,0,0,0,0,0,0,0,0,0,0,0,0,0,0,0,0,0,0,0,0,0,0,0,0,0,0,0,0,0,0,0,0,0,0,0,0,0,0,0,0,0,0,0,0,0,0,0,0,0,0,0,0,0,0,0,0,0,0,0,0,0,0,0,0,0,0,0,0,0,0,0,0,0,0,0,0,0,0,0,0,0,0,0,0,0,0,0,0,0,0,0,0,0,0,0,0,0,0
210,196,196,225,256,240,256,240,289,256,289,289,289,306,306,306,306,323,342,342,342,361,360,361,400,420,420,420,441,484,462,484,506,506,576,552,552,600,624,624,650,676,702,756,783,812,841,870,870,900,960,1024,1056,1122,1122,1155,1188,1365,1440,1440,1520,1558,1720,1760,1845,2064,2156,2200,2491,2592,2800,2907,3180,3410,3705,4020,4392,4940,5293,5751,6438,7347,8217,9434,10944,12444,14388,16992,20480,25134,31000,39271,52008,69130,87792,91630,89700,86520,79980,56856,20942,0,0,0,0,0,0,0,0,0,0,0,0,0,0,0,0,0,0,0,0,0,0,0,0,0,0,0,0,0,0,0,0,0,0,0,0,0,0,0,0,0,0,0,0,0,0,0,0,0,0,0,0,0,0,0,0,0,0,0,0,0,0,0,0,0,0,0,0,0,0,0,0,0,0,0,0,0,0,0,0,0,0,0,0,0,0,0,0,0,0,0,0,0,0,0,0,0,0,0,0,0,0,0,0,0,0,0,0,0,0,0,0,0,0,0,0,0,0,0,0,0,0,0,0,0,0,0,0,0,0,0,0,0,0,0,0,0,0,0,0,0,0,0,0,0,0,0,0,0,0,0,0,0,0,0,0,0,0,0,0,0,0,0
132,210,210,225,225,225,225,240,225,225,240,240,240,240,240,272,288,272,289,289,306,289,306,342,342,342,361,361,380,380,399,440,440,420,440,462,506,506,506,552,575,625,650,650,625,702,702,702,756,756,784,841,870,930,930,960,1023,1054,1122,1155,1258,1292,1368,1480,1554,1677,1720,1886,2021,2107,2295,2444,2592,2850,3016,3294,3584,4012,4200,4662,5372,5670,6351,7584,8118,9328,10716,12875,15070,17850,21912,27115,34454,45136,60152,81550,87965,85760,81104,72782,49552,0,0,0,0,0,0,0,0,0,0,0,0,0,0,0,0,0,0,0,0,0,0,0,0,0,0,0,0,0,0,0,0,0,0,0,0,0,0,0,0,0,0,0,0,0,0,0,0,0,0,0,0,0,0,0,0,0,0,0,0,0,0,0,0,0,0,0,0,0,0,0,0,0,0,0,0,0,0,0,0,0,0,0,0,0,0,0,0,0,0,0,0,0,0,0,0,0,0,0,0,0,0,0,0,0,0,0,0,0,0,0,0,0,0,0,0,0,0,0,0,0,0,0,0,0,0,0,0,0,0,0,0,0,0,0,0,0,0,0,0,0,0,0,0,0,0,0,0,0,0,0,0,0,0,0,0,0,0,0,0,0,0,0
1155,1188,1224,1258,1258,1292,1292,1330,1330,1330,1330,1330,1365,1440,1440,1480,1558,1596,1558,1558,1596,1638,1720,1720,1763,1804,1804,1845,1845,1886,1932,1932,1974,2021,2156,2156,2250,2205,2250,2250,2346,2346,2397,2544,2491,2491,2646,2646,2750,2800,2800,2907,2958,2958,3068,3180,3233,3294,3355,3472,3591,3648,3770,3894,4020,4148,4278,4340,4608,4736,4875,4875,5226,5304,5304,5670,5740,5976,6132,6290,6438,6675,7505,7176,7426,7695,7954,8217,8670,8944,9328,9720,10101,10509,11020,11543,12078,12625,13287,13992,14580,15180,16188,16790,17818,19188,19875,21156,22610,24112,25803,27216,29204,31465,33708,36135,38988,41650,45750,49400,53040,58425,63388,69486,77785,86100,94686,105300,115056,114168,113365,110592,109500,108770,108324,106704,105600,103320,101700,97507,92748,85796,77608,66086,0,0,0,0,0,0,0,0,0,0,0,0,0,0,0,0,0,0,0,0,0,0,0,0,0,0,0,0,0,0,0,0,0,0,0,0,0,0,0,0,0,0,0,0,0,0,0,0,0,0,0,0,0,0,0,0,0,0,0,0,0,0,0,0,0,0,0,0,0,0,0,0,0,0,0,0,0,0,0,0,0,0,0,0,0,0,0,0,0,0,0,0,0,0,0,0,0,0,0,0,0,0,0,0,0,0,0,0,0,0,0,0,0,0,0,0,0,0,0,0
960,960,960,990,990,960,990,990,1020,1023,1054,1054,1120,1120,1120,1088,1122,1155,1188,1155,1188,1188,1221,1188,1295,1295,1330,1330,1365,1404,1440,1404,1440,1517,1480,1558,1558,1599,1638,1677,1677,1677,1720,1804,1804,1804,1890,1932,1932,2021,2112,2112,2156,2300,2205,2346,2397,2397,2444,2491,2544,2592,2646,2695,2744,2850,2907,2907,3127,3074,3127,3245,3355,3472,3534,3712,3712,3894,3894,3960,4080,4278,4473,4608,4608,4818,4818,5159,5226,5451,5530,5740,5893,6048,6290,6450,6776,7020,7268,7520,7872,8217,8400,8858,9135,9630,10230,10528,10925,11446,12000,12423,13104,14148,14606,15318,16188,17082,17850,19188,20320,21450,22780,24249,25986,27740,29944,31980,34454,37018,40136,43318,47498,51992,57043,62456,68731,76424,85709,95312,107562,114125,113980,112681,111896,110016,108703,107700,105876,102941,100480,98371,93288,86614,78771,67396,55062,0,0,0,0,0,0,0,0,0,0,0,0,0,0,0,0,0,0,0,0,0,0,0,0,0,0,0,0,0,0,0,0,0,0,0,0,0,0,0,0,0,0,0,0,0,0,0,0,0,0,0,0,0,0,0,0,0,0,0,0,0,0,0,0,0,0,0,0,0,0,0,0,0,0,0,0,0,0,0,0,0,0,0,0,0,0,0,0,0,0,0,0,0,0,0,0,0,0,0,0,0,0,0,0,0,0,0
756,783,784,784,812,841,870,870,870,841,870,870,899,870,870,930,960,990,960,992,1056,1024,1088,1088,1023,1088,1122,1155,1155,1155,1190,1224,1224,1190,1224,1332,1368,1368,1368,1443,1443,1480,1480,1443,1517,1596,1596,1599,1638,1677,1720,1763,1760,1845,1890,1935,1978,2021,2112,2112,2205,2205,2250,2300,2300,2397,2544,2597,2597,2646,2750,2750,2856,2907,3016,3132,3300,3300,3472,3472,3654,3776,3960,4026,4087,4347,4347,4473,4884,4810,5025,5236,5236,5530,5760,5913,6059,6384,6708,6952,7200,7626,8075,8342,8526,8888,9373,10044,10450,10976,11600,12036,12810,13716,14541,15255,16263,17303,18327,19404,20960,22275,23908,25776,27714,30070,32844,35738,39200,42588,47120,52800,58590,65416,73476,82992,95400,107753,116480,128652,137376,136072,135135,134672,132561,131428,128838,126038,122850,116926,106722,92520,56925,0,0,0,0,0,0,0,0,0,0,0,0,0,0,0,0,0,0,0,0,0,0,0,0,0,0,0,0,0,0,0,0,0,0,0,0,0,0,0,0,0,0,0,0,0,0,0,0,0,0,0,0,0,0,0,0,0,0,0,0,0,0,0,0,0,0,0,0,0,0,0,0,0,0,0,0,0,0,0,0,0,0,0,0,0,0,0,0,0,0,0,0,0,0,0,0,0,0,0,0,0,0,0,0,0,0,0,0,0,0,0
575,575,624,624,600,600,624,624,650,650,650,650,675,675,675,702,728,756,702,756,756,783,756,756,783,841,870,840,841,840,840,868,868,928,928,957,960,990,990,1088,1088,1023,1054,1085,1155,1188,1155,1188,1155,1188,1258,1330,1258,1330,1368,1404,1404,1440,1517,1558,1558,1596,1634,1638,1677,1760,1760,1886,1932,1890,1932,1978,2021,2064,2064,2156,2250,2346,2346,2444,2544,2544,2646,2750,2856,2907,2964,2964,3127,3180,3355,3472,3591,3648,3770,3900,4080,4209,4402,4536,4608,4950,5016,5304,5451,5751,5893,6132,6675,6688,7007,7347,7680,7954,8415,8961,9345,9919,10622,11136,11880,12423,13184,13860,14796,15651,17052,18207,19716,21120,23182,25159,27360,29700,32604,36135,39501,43920,49851,55476,62245,71051,80640,93396,107916,116724,115488,113680,111805,110292,108576,107236,103252,100050,93545,83190,68400,53424,0,0,0,0,0,0,0,0,0,0,0,0,0,0,0,0,0,0,0,0,0,0,0,0,0,0,0,0,0,0,0,0,0,0,0,0,0,0,0,0,0,0,0,0,0,0,0,0,0,0,0,0,0,0,0,0,0,0,0,0,0,0,0,0,0,0,0,0,0,0,0,0,0,0,0,0,0,0,0,0,0,0,0,0,0,0,0,0,0,0,0,0,0,0,0,0,0,0,0,0,0,0,0,0,0,0
600,625,625,625,625,650,650,650,650,650,650,702,729,729,729,756,756,812,784,784,812,784,784,812,841,841,870,870,900,900,930,930,960,960,990,992,1023,1088,1088,1088,1120,1088,1120,1190,1224,1224,1224,1295,1330,1295,1368,1443,1480,1558,1520,1599,1638,1638,1720,1680,1800,1890,1890,1932,1978,2021,2112,2156,2254,2300,2350,2444,2491,2597,2646,2800,2964,2964,3127,3127,3186,3355,3534,3654,3835,3894,4020,4148,4416,4615,4745,4884,5168,5382,5760,5986,6460,6699,7031,7280,7533,8064,8514,8888,9360,10137,10864,11600,12480,12915,14190,15008,16124,17400,18724,20352,22244,24186,26352,29143,32074,35690,39846,45325,51352,58167,66440,76700,90880,106812,109152,107088,106326,105184,103603,101115,97680,94530,88644,78183,63455,0,0,0,0,0,0,0,0,0,0,0,0,0,0,0,0,0,0,0,0,0,0,0,0,0,0,0,0,0,0,0,0,0,0,0,0,0,0,0,0,0,0,0,0,0,0,0,0,0,0,0,0,0,0,0,0,0,0,0,0,0,0,0,0,0,0,0,0,0,0,0,0,0,0,0,0,0,0,0,0,0,0,0,0,0,0,0,0,0,0,0,0,0,0,0,0,0,0,0,0,0,0,0,0,0,0,0,0,0,0,0,0,0,0,0,0,0,0,0,0,0,0,0
552,552,552,600,552,576,625,600,625,650,625,650,676,702,675,675,676,702,729,729,729,729,729,729,756,756,812,841,870,868,870,870,899,930,930,930,961,992,1023,992,1024,1023,1056,1088,1120,1122,1260,1260,1260,1295,1332,1332,1368,1369,1443,1444,1482,1520,1599,1638,1638,1680,1720,1804,1804,1890,1890,1978,2068,2068,2156,2250,2295,2444,2491,2491,2592,2695,2850,2907,3074,3074,3240,3355,3477,3654,3840,3960,4087,4347,4480,4544,4745,5032,5244,5530,5760,6059,6384,6786,7110,7544,7802,8245,8800,9270,10044,10464,11286,12019,12896,13716,14896,16263,17545,18848,20698,22848,24992,27380,30338,33858,37740,42535,48576,55965,64605,75048,88995,105814,118301,135360,135240,133644,132870,130790,129537,127400,122610,111375,94248,0,0,0,0,0,0,0,0,0,0,0,0,0,0,0,0,0,0,0,0,0,0,0,0,0,0,0,0,0,0,0,0,0,0,0,0,0,0,0,0,0,0,0,0,0,0,0,0,0,0,0,0,0,0,0,0,0,0,0,0,0,0,0,0,0,0,0,0,0,0,0,0,0,0,0,0,0,0,0,0,0,0,0,0,0,0,0,0,0,0,0,0,0,0,0,0,0,0,0,0,0,0,0,0,0,0,0,0,0,0,0,0,0,0,0,0,0,0,0,0,0,0,0
420,441,441,462,484,484,484,462,484,484,484,484,506,506,483,483,506,506,529,529,552,576,600,600,625,625,650,650,702,702,702,676,702,702,728,756,784,756,756,756,812,812,812,870,870,870,870,870,930,960,960,960,1023,1023,1054,1120,1152,1152,1188,1221,1258,1295,1330,1330,1443,1330,1480,1440,1443,1480,1517,1558,1596,1716,1760,1845,1886,1932,2064,2064,2112,2156,2300,2397,2491,2544,2646,2695,2800,2856,2958,3068,3068,3294,3465,3584,3705,3828,3886,4148,4340,4608,4736,5016,5304,5600,6364,6205,6764,7007,7520,8217,8484,8736,9523,10101,11040,11662,12524,13650,14580,15792,17493,19065,20736,22610,25521,28224,30906,35045,39790,45018,52205,59696,69664,81699,97416,117260,133152,139293,137712,136590,134964,131920,127800,120250,106408,0,0,0,0,0,0,0,0,0,0,0,0,0,0,0,0,0,0,0,0,0,0,0,0,0,0,0,0,0,0,0,0,0,0,0,0,0,0,0,0,0,0,0,0,0,0,0,0,0,0,0,0,0,0,0,0,0,0,0,0,0,0,0,0,0,0,0,0,0,0,0,0,0,0,0,0,0,0,0,0,0,0,0,0,0,0,0,0,0,0,0,0,0,0,0,0,0,0,0,0,0,0,0,0,0,0,0,0,0,0,0,0,0,0,0,0,0
441,420,420,441,441,462,441,441,441,462,484,484,484,506,484,484,484,506,506,528,552,529,552,552,575,600,625,625,625,625,625,650,676,702,702,702,702,728,728,756,784,756,812,840,840,812,870,870,899,870,899,930,960,992,992,1023,1023,1088,1120,1155,1188,1224,1224,1224,1295,1292,1330,1365,1404,1480,1520,1517,1558,1677,1677,1760,1800,1845,1890,1974,1974,2107,2107,2200,2250,2392,2392,2491,2640,2695,2800,2850,3016,3180,3240,3410,3528,3770,3894,4148,4410,4536,4672,5016,5159,5440,5751,6048,6450,6688,7098,7600,8036,8415,8961,9737,10434,11368,12221,13312,14124,15429,16820,18392,20000,22139,24881,27740,30753,34400,39330,44954,52260,60237,71868,84321,102528,123675,127308,124740,121017,117150,113533,106855,97520,82350,0,0,0,0,0,0,0,0,0,0,0,0,0,0,0,0,0,0,0,0,0,0,0,0,0,0,0,0,0,0,0,0,0,0,0,0,0,0,0,0,0,0,0,0,0,0,0,0,0,0,0,0,0,0,0,0,0,0,0,0,0,0,0,0,0,0,0,0,0,0,0,0,0,0,0,0,0,0,0,0,0,0,0,0,0,0,0,0,0,0,0,0,0,0,0,0,0,0,0,0,0,0,0,0,0,0,0,0,0,0,0,0,0,0,0,0,0,0
420,420,462,462,462,483,484,484,506,506,506,528,506,506,552,576,600,676,624,675,702,702,728,702,728,756,729,756,756,783,840,840,868,870,899,928,928,957,990,990,1054,1054,1054,1054,1088,1155,1155,1188,1258,1258,1326,1365,1368,1443,1443,1482,1520,1596,1596,1720,1720,1804,1845,1932,1978,2068,2112,2156,2205,2254,2397,2491,2592,2592,2800,2907,2964,3127,3300,3410,3410,3648,3705,4020,4200,4331,4464,4662,5082,5360,5440,5727,6120,6525,6853,7268,7776,8316,8670,9416,10010,10925,11662,12625,13650,14824,16302,17969,19716,21710,24112,26784,30447,33971,38590,44226,50828,59488,70425,83106,99375,120960,151040,164150,159395,157076,151177,146150,137608,123675,100251,0,0,0,0,0,0,0,0,0,0,0,0,0,0,0,0,0,0,0,0,0,0,0,0,0,0,0,0,0,0,0,0,0,0,0,0,0,0,0,0,0,0,0,0,0,0,0,0,0,0,0,0,0,0,0,0,0,0,0,0,0,0,0,0,0,0,0,0,0,0,0,0,0,0,0,0,0,0,0,0,0,0,0,0,0,0,0,0,0,0,0,0,0,0,0,0,0,0,0,0,0,0,0,0,0,0,0,0,0,0,0,0,0,0,0,0,0,0,0,0,0,0,0,0,0,0,0,0,0,0,0,0,0
324,324,323,324,324,324,324,361,361,380,380,380,380,380,400,400,400,400,400,420,420,420,462,441,441,441,484,484,484,484,506,506,529,552,552,575,625,625,600,625,650,650,650,676,676,650,702,728,728,783,810,810,810,810,837,868,868,868,868,899,899,928,992,1023,1054,1088,1120,1152,1152,1188,1221,1330,1365,1404,1440,1480,1554,1596,1596,1716,1760,1804,1978,2021,2021,2112,2156,2295,2444,2538,2592,2800,2695,2850,2958,3127,3294,3465,3648,3828,3953,4278,4745,4950,5082,5451,5964,6048,6525,6930,7614,8036,8568,9328,10010,10716,11543,12750,14124,15820,17199,19625,21877,24603,27824,32028,36740,43020,50180,59565,71592,88101,109692,138880,147653,143788,139978,135388,129955,118818,96876,0,0,0,0,0,0,0,0,0,0,0,0,0,0,0,0,0,0,0,0,0,0,0,0,0,0,0,0,0,0,0,0,0,0,0,0,0,0,0,0,0,0,0,0,0,0,0,0,0,0,0,0,0,0,0,0,0,0,0,0,0,0,0,0,0,0,0,0,0,0,0,0,0,0,0,0,0,0,0,0,0,0,0,0,0,0,0,0,0,0,0,0,0,0,0,0,0,0,0,0,0,0,0,0,0,0,0,0,0,0,0,0,0,0,0,0,0,0,0,0,0,0,0
256,240,240,240,255,255,256,272,272,272,289,289,289,306,306,324,324,324,324,324,342,342,342,324,342,342,361,361,342,361,380,380,399,420,420,441,441,441,462,462,484,484,529,506,484,529,529,552,576,576,552,552,600,600,625,650,650,650,650,650,675,675,676,702,675,702,702,728,756,783,783,812,812,870,899,870,930,960,992,961,1023,1054,1023,1088,1155,1188,1224,1260,1295,1295,1368,1404,1480,1480,1558,1596,1596,1720,1760,1845,1890,1974,2064,2112,2205,2346,2444,2538,2592,2695,2850,3016,3127,3240,3472,3712,3835,4216,4410,4544,4752,5016,5236,5760,6059,6460,6853,7452,7885,8514,9064,9936,10848,11682,13000,14170,15870,17545,19125,21648,24603,28161,32277,37230,43737,51811,61983,76551,93699,119952,155310,163155,161733,155976,149445,141858,124845,96975,0,0,0,0,0,0,0,0,0,0,0,0,0,0,0,0,0,0,0,0,0,0,0,0,0,0,0,0,0,0,0,0,0,0,0,0,0,0,0,0,0,0,0,0,0,0,0,0,0,0,0,0,0,0,0,0,0,0,0,0,0,0,0,0,0,0,0,0,0,0,0,0,0,0,0,0,0,0,0,0,0,0,0,0,0,0,0,0,0,0,0,0,0,0,0,0,0,0,0,0,0,0,0,0,0,0
342,323,342,342,342,342,342,360,380,361,380,380,380,399,399,400,420,420,420,440,440,420,462,462,483,528,624,598,650,650,675,650,675,675,700,702,754,754,754,754,810,810,868,868,896,928,960,960,990,1023,1054,1120,1120,1188,1258,1258,1330,1365,1404,1404,1480,1517,1596,1634,1672,1760,1845,1932,1932,2064,2107,2205,2346,2438,2491,2592,2695,2800,2907,3180,3286,3465,3648,3828,4071,4402,4940,5082,5372,5740,6035,6512,7007,7663,8217,8755,9592,10509,11520,12852,14098,15680,17550,19592,21970,25159,28860,32813,38640,45500,54372,66096,81738,101904,122767,125333,121220,118925,113724,107250,88972,66928,0,0,0,0,0,0,0,0,0,0,0,0,0,0,0,0,0,0,0,0,0,0,0,0,0,0,0,0,0,0,0,0,0,0,0,0,0,0,0,0,0,0,0,0,0,0,0,0,0,0,0,0,0,0,0,0,0,0,0,0,0,0,0,0,0,0,0,0,0,0,0,0,0,0,0,0,0,0,0,0,0,0,0,0,0,0,0,0,0,0,0,0,0,0,0,0,0,0,0,0,0,0,0,0,0,0,0,0,0,0,0,0,0,0,0,0,0,0,0,0,0,0,0,0,0,0,0,0,0,0,0,0,0,0,0,0,0,0,0,0,0,0
272,256,306,289,324,306,342,324,324,342,342,342,360,360,360,380,342,342,360,380,380,380,380,400,400,400,420,420,462,440,441,462,484,484,484,484,506,529,529,552,576,552,576,600,600,650,600,650,625,676,702,702,728,729,756,783,756,783,870,870,899,870,930,960,960,960,1023,1088,1088,1188,1190,1332,1224,1332,1332,1406,1443,1443,1558,1596,1638,1760,1760,1845,1886,2021,2064,2205,2250,2346,2491,2592,2750,2800,3016,3186,3355,3472,3654,3835,4080,4347,4680,4958,5244,5530,5832,6290,6699,7280,7872,8484,9328,10120,11155,12120,13482,15120,16731,18848,21027,24012,27636,31871,37128,44044,53600,64666,79920,101790,132624,157036,153109,148122,142688,132969,118800,91494,0,0,0,0,0,0,0,0,0,0,0,0,0,0,0,0,0,0,0,0,0,0,0,0,0,0,0,0,0,0,0,0,0,0,0,0,0,0,0,0,0,0,0,0,0,0,0,0,0,0,0,0,0,0,0,0,0,0,0,0,0,0,0,0,0,0,0,0,0,0,0,0,0,0,0,0,0,0,0,0,0,0,0,0,0,0,0,0,0,0,0,0,0,0,0,0,0,0,0,0,0,0,0,0,0,0,0,0,0,0,0,0,0,0,0,0,0,0,0,0,0,0,0,0,0,0
210,210,210,208,224,224,240,224,225,240,256,272,256,256,272,272,289,289,306,289,289,289,324,324,324,324,342,324,324,342,361,380,361,380,380,380,361,380,380,400,420,400,420,440,420,441,484,484,484,506,529,529,506,529,529,529,552,576,600,576,600,600,650,676,650,702,702,702,756,756,784,812,784,812,840,868,868,899,930,960,960,1054,1054,1054,1120,1155,1188,1221,1258,1292,1404,1443,1517,1596,1558,1677,1677,1804,1845,1932,2021,2112,2200,2346,2444,2491,2640,2750,2856,3074,3240,3410,3712,3835,4087,4278,4615,4818,5168,5382,5751,6216,6688,7347,7776,8500,9345,10323,11252,12322,13803,15318,16965,19375,22044,25200,28906,33760,39963,47940,58864,72732,92520,120183,139527,138054,132415,125829,115666,99935,0,0,0,0,0,0,0,0,0,0,0,0,0,0,0,0,0,0,0,0,0,0,0,0,0,0,0,0,0,0,0,0,0,0,0,0,0,0,0,0,0,0,0,0,0,0,0,0,0,0,0,0,0,0,0,0,0,0,0,0,0,0,0,0,0,0,0,0,0,0,0,0,0,0,0,0,0,0,0,0,0,0,0,0,0,0,0,0,0,0,0,0,0,0,0,0,0,0,0,0,0,0,0,0,0,0,0,0,0,0,0,0,0,0
154,168,180,165,154,154,154,154,168,180,165,140,140,180,208,195,224,224,240,240,255,255,255,270,270,306,255,255,288,270,270,304,304,323,342,342,342,342,342,340,340,380,380,378,400,420,420,441,462,441,462,462,462,506,462,506,506,528,506,552,576,600,600,600,624,624,676,676,702,729,729,756,756,784,812,870,899,930,930,930,992,992,1023,1054,1122,1122,1155,1155,1260,1295,1368,1404,1480,1480,1558,1638,1680,1760,1845,1932,2021,2068,2205,2250,2346,2592,2544,2793,2958,3074,3294,3416,3654,3894,4209,4340,4745,5016,5382,5832,6290,6688,7452,8051,8686,9630,10735,11800,13104,14763,16588,18544,21156,24564,28608,33231,39963,48384,59202,75075,96460,127280,139860,135756,132990,125664,113250,89964,55233,0,0,0,0,0,0,0,0,0,0,0,0,0,0,0,0,0,0,0,0,0,0,0,0,0,0,0,0,0,0,0,0,0,0,0,0,0,0,0,0,0,0,0,0,0,0,0,0,0,0,0,0,0,0,0,0,0,0,0,0,0,0,0,0,0,0,0,0,0,0,0,0,0,0,0,0,0,0,0,0,0,0,0,0,0,0,0,0,0,0,0,0,0,0,0,0,0,0,0,0,0,0,0,0,0,0,0,0,0,0,0,0,0,0,0
182,182,225,225,210,225,256,225,225,224,240,255,255,240,240,255,238,255,255,270,270,255,272,288,288,304,288,288,272,288,288,304,306,288,323,360,360,380,400,420,440,440,440,462,440,462,506,483,528,506,552,529,552,600,600,600,624,600,650,650,675,675,700,728,754,780,810,812,840,840,928,960,930,990,1054,1120,1120,1120,1188,1224,1295,1368,1443,1480,1520,1558,1677,1716,1886,1886,1927,2016,2107,2250,2392,2538,2695,2800,2958,3240,3355,3591,3960,3953,4270,4464,4875,5148,5589,6120,6586,7176,7938,8755,9810,10622,12100,13520,15318,17346,20286,23355,27594,32499,39560,48316,60610,76890,100965,119480,117208,113932,110554,104832,85790,56575,0,0,0,0,0,0,0,0,0,0,0,0,0,0,0,0,0,0,0,0,0,0,0,0,0,0,0,0,0,0,0,0,0,0,0,0,0,0,0,0,0,0,0,0,0,0,0,0,0,0,0,0,0,0,0,0,0,0,0,0,0,0,0,0,0,0,0,0,0,0,0,0,0,0,0,0,0,0,0,0,0,0,0,0,0,0,0,0,0,0,0,0,0,0,0,0,0,0,0,0,0,0,0,0,0,0,0,0,0,0,0,0,0,0,0,0,0,0,0,0,0,0,0,0,0,0,0,0
130,130,130,130,143,154,154,140,154,165,150,140,154,168,154,154,180,180,180,165,182,195,180,180,180,208,208,208,208,221,221,255,272,272,288,272,306,306,306,272,289,324,324,324,306,304,360,342,342,380,380,380,399,380,360,399,399,400,420,441,462,484,506,462,506,506,552,506,552,552,575,600,625,650,625,676,702,702,728,728,756,784,840,841,841,900,930,930,992,1056,1056,1056,1088,1155,1155,1295,1295,1330,1440,1443,1520,1560,1599,1680,1760,1845,1978,2021,2156,2205,2444,2544,2597,2646,2750,3021,3355,3528,3705,4012,4216,4410,4818,5390,5680,6142,6622,7280,7885,8600,9450,10545,11682,13250,14874,16614,18819,21615,25560,30184,35970,43380,54200,68376,89815,120474,136710,133334,128860,120700,107712,82433,0,0,0,0,0,0,0,0,0,0,0,0,0,0,0,0,0,0,0,0,0,0,0,0,0,0,0,0,0,0,0,0,0,0,0,0,0,0,0,0,0,0,0,0,0,0,0,0,0,0,0,0,0,0,0,0,0,0,0,0,0,0,0,0,0,0,0,0,0,0,0,0,0,0,0,0,0,0,0,0,0,0,0,0,0,0,0,0,0,0,0,0,0,0,0,0,0,0,0,0,0,0,0,0,0,0,0,0,0,0,0,0
340,306,323,342,324,342,342,360,342,360,360,360,360,399,420,420,441,484,483,483,552,575,575,598,575,598,575,624,624,675,702,702,728,754,728,783,810,868,960,992,990,1023,1054,1088,1120,1224,1224,1292,1292,1365,1480,1520,1638,1720,1760,1890,1932,2064,2156,2250,2346,2544,2695,2856,3016,3186,3410,3472,3894,4209,4473,4745,5159,5658,6035,6351,6930,7614,8400,9345,10434,11662,13125,14850,17228,19812,22950,26970,32232,39098,47817,60480,77880,102644,141194,144816,141050,135056,128554,106812,0,0,0,0,0,0,0,0,0,0,0,0,0,0,0,0,0,0,0,0,0,0,0,0,0,0,0,0,0,0,0,0,0,0,0,0,0,0,0,0,0,0,0,0,0,0,0,0,0,0,0,0,0,0,0,0,0,0,0,0,0,0,0,0,0,0,0,0,0,0,0,0,0,0,0,0,0,0,0,0,0,0,0,0,0,0,0,0,0,0,0,0,0,0,0,0,0,0,0,0,0,0,0,0,0,0,0,0,0,0,0,0,0,0,0,0,0,0,0,0,0,0,0,0,0,0,0,0,0,0,0,0,0,0,0,0,0,0,0,0,0,0,0,0,0,0,0,0,0,0,0,0,0,0,0,0,0,0,0,0,0,0,0,0
255,255,255,255,272,272,272,272,272,288,288,272,288,306,324,324,340,342,342,342,380,380,420,400,441,441,462,462,483,484,529,552,550,528,575,576,600,624,650,676,702,702,756,729,756,756,841,840,870,870,930,960,990,1020,1054,1120,1221,1224,1221,1330,1368,1440,1476,1517,1634,1755,1800,1886,1927,2107,2200,2392,2484,2640,2850,3016,3233,3528,3953,4140,4464,4800,5214,5740,6192,6825,7410,8100,9202,10509,11520,13287,15180,17582,20701,24208,28665,34720,42768,54372,69204,92000,116178,124209,117304,105000,91512,67164,0,0,0,0,0,0,0,0,0,0,0,0,0,0,0,0,0,0,0,0,0,0,0,0,0,0,0,0,0,0,0,0,0,0,0,0,0,0,0,0,0,0,0,0,0,0,0,0,0,0,0,0,0,0,0,0,0,0,0,0,0,0,0,0,0,0,0,0,0,0,0,0,0,0,0,0,0,0,0,0,0,0,0,0,0,0,0,0,0,0,0,0,0,0,0,0,0,0,0,0,0,0,0,0,0,0,0,0,0,0,0,0,0,0,0,0,0,0,0,0,0,0,0,0,0,0,0,0,0,0,0,0,0,0,0,0,0,0,0,0,0,0,0,0,0,0,0,0,0,0,0,0,0,0,0,0
143,143,156,156,154,154,143,143,143,156,168,169,168,182,196,182,182,196,195,195,195,195,182,182,210,210,225,225,224,224,240,255,224,224,240,240,255,272,272,288,288,288,306,306,324,324,361,342,361,380,380,400,400,400,400,420,420,441,462,462,484,462,462,506,506,552,552,529,575,600,600,600,625,650,625,702,702,729,756,784,784,784,841,870,899,930,992,992,1056,1088,1120,1155,1155,1224,1260,1332,1365,1480,1520,1596,1677,1804,1845,1974,2021,2064,2200,2295,2538,2592,2850,2907,3127,3355,3648,3960,4216,4680,4958,5236,5832,6290,6853,7426,8316,9240,10656,11918,13716,15344,17493,20034,23838,28268,34132,42364,53584,69664,94017,131502,150500,145600,136080,123816,97342,53293,0,0,0,0,0,0,0,0,0,0,0,0,0,0,0,0,0,0,0,0,0,0,0,0,0,0,0,0,0,0,0,0,0,0,0,0,0,0,0,0,0,0,0,0,0,0,0,0,0,0,0,0,0,0,0,0,0,0,0,0,0,0,0,0,0,0,0,0,0,0,0,0,0,0,0,0,0,0,0,0,0,0,0,0,0,0,0,0,0,0,0,0,0,0,0,0,0,0,0,0,0,0,0,0,0,0,0,0,0,0,0,0,0,0,0,0,0,0
130,130,132,120,120,120,120,120,130,121,132,143,132,120,143,120,132,132,143,169,169,169,156,169,169,182,182,182,169,182,169,196,182,196,182,195,195,210,208,224,210,210,210,224,224,208,208,255,240,240,240,272,289,289,289,289,289,324,342,342,342,342,361,361,361,380,380,361,400,420,441,440,462,462,484,484,462,462,529,552,529,552,576,625,625,625,676,676,729,728,756,784,784,812,812,812,870,870,900,930,992,1056,1056,1122,1155,1224,1258,1295,1365,1443,1520,1596,1720,1804,1890,1932,2068,2205,2295,2491,2695,2800,3016,3127,3416,3648,3960,4347,4680,5025,5382,5893,6450,6930,7600,8686,9720,11270,12810,14256,16330,18910,22477,26784,32292,40136,51338,66576,89607,125670,146087,141512,130848,116321,87636,40176,0,0,0,0,0,0,0,0,0,0,0,0,0,0,0,0,0,0,0,0,0,0,0,0,0,0,0,0,0,0,0,0,0,0,0,0,0,0,0,0,0,0,0,0,0,0,0,0,0,0,0,0,0,0,0,0,0,0,0,0,0,0,0,0,0,0,0,0,0,0,0,0,0,0,0,0,0,0,0,0,0,0,0,0,0,0,0,0,0,0,0,0,0,0,0,0,0,0,0,0,0,0,0,0,0,0,0,0
88,99,99,88,99,99,88,108,108,108,108,99,99,108,110,108,108,120,108,120,108,130,143,143,143,143,156,168,168,168,168,182,180,195,180,180,208,165,180,180,195,195,195,240,224,210,210,224,240,240,240,256,272,306,324,324,306,306,324,342,342,342,342,361,361,400,361,380,400,400,400,420,441,441,462,484,462,506,484,506,576,552,600,576,576,625,650,676,675,702,729,756,812,840,840,868,841,899,992,1023,1023,1056,1088,1224,1260,1295,1332,1443,1517,1599,1638,1720,1804,1890,1974,2112,2156,2392,2491,2695,2850,3127,3300,3654,4026,4347,4680,5032,5609,5976,6450,7007,7872,8961,10890,11918,13482,15732,17908,21027,25883,31155,38590,49660,65317,89208,127673,150419,143714,134112,117968,83421,29646,0,0,0,0,0,0,0,0,0,0,0,0,0,0,0,0,0,0,0,0,0,0,0,0,0,0,0,0,0,0,0,0,0,0,0,0,0,0,0,0,0,0,0,0,0,0,0,0,0,0,0,0,0,0,0,0,0,0,0,0,0,0,0,0,0,0,0,0,0,0,0,0,0,0,0,0,0,0,0,0,0,0,0,0,0,0,0,0,0,0,0,0,0,0,0,0,0,0,0,0,0,0,0,0,0,0,0,0,0,0,0
96,96,96,96,108,120,108,99,120,120,132,132,108,120,120,117,143,156,156,156,143,154,143,156,156,156,182,168,182,180,180,195,195,195,195,210,195,195,208,224,208,240,210,224,256,256,289,289,306,306,324,306,324,342,361,342,361,361,361,361,361,380,400,420,400,420,441,441,441,484,506,506,506,529,552,576,600,600,650,625,650,648,675,728,756,784,812,841,870,930,960,992,1023,1056,1088,1190,1190,1260,1332,1406,1520,1558,1638,1720,1804,1845,1974,2021,2205,2392,2491,2646,2850,3068,3355,3591,4026,4347,4818,5100,5688,6216,6699,7440,8232,9450,11074,12705,14541,16874,19625,23528,28950,36022,46750,61401,84870,122767,152076,146289,137856,121770,84448,0,0,0,0,0,0,0,0,0,0,0,0,0,0,0,0,0,0,0,0,0,0,0,0,0,0,0,0,0,0,0,0,0,0,0,0,0,0,0,0,0,0,0,0,0,0,0,0,0,0,0,0,0,0,0,0,0,0,0,0,0,0,0,0,0,0,0,0,0,0,0,0,0,0,0,0,0,0,0,0,0,0,0,0,0,0,0,0,0,0,0,0,0,0,0,0,0,0,0,0,0,0,0,0,0,0,0,0,0,0,0,0,0,0,0,0,0,0,0,0,0
132,132,143,156,156,169,169,156,168,156,168,156,156,182,182,182,182,182,195,182,195,195,195,208,224,240,240,240,256,256,240,272,289,289,306,306,306,324,342,342,342,361,361,361,361,380,380,420,420,420,420,441,420,484,506,506,529,552,600,600,600,600,650,676,676,702,729,729,784,841,841,900,900,930,930,992,1023,1088,1088,1155,1224,1260,1368,1404,1480,1599,1638,1720,1845,1978,2021,2112,2295,2444,2646,2850,3016,3186,3591,3894,4347,4680,5175,5538,6290,6764,7347,8415,9434,11074,12915,15008,17136,20320,24464,30248,38250,50180,66880,94900,140986,150096,142450,131202,106600,60129,0,0,0,0,0,0,0,0,0,0,0,0,0,0,0,0,0,0,0,0,0,0,0,0,0,0,0,0,0,0,0,0,0,0,0,0,0,0,0,0,0,0,0,0,0,0,0,0,0,0,0,0,0,0,0,0,0,0,0,0,0,0,0,0,0,0,0,0,0,0,0,0,0,0,0,0,0,0,0,0,0,0,0,0,0,0,0,0,0,0,0,0,0,0,0,0,0,0,0,0,0,0,0,0,0,0,0,0,0,0,0,0,0,0,0,0,0,0,0,0,0,0,0,0,0,0,0,0,0,0,0,0,0,0,0,0,0,0
110,144,121,132,121,144,144,144,144,144,156,156,143,143,132,143,143,143,154,140,130,140,168,168,195,168,195,182,196,196,225,225,225,225,256,256,256,256,256,272,272,289,306,272,289,289,289,306,306,324,342,342,361,361,399,399,380,420,420,400,400,441,440,441,462,484,529,552,552,552,600,624,600,676,676,729,756,756,783,840,840,840,870,899,960,1023,1054,1054,1155,1224,1295,1404,1480,1558,1599,1680,1763,1845,2024,2112,2346,2544,2750,2856,3186,3355,3770,4020,4209,4884,5382,5904,6840,7440,8316,9737,11484,13144,15368,18150,22211,27156,34132,44652,60480,84424,124818,121102,117208,109472,88401,42822,0,0,0,0,0,0,0,0,0,0,0,0,0,0,0,0,0,0,0,0,0,0,0,0,0,0,0,0,0,0,0,0,0,0,0,0,0,0,0,0,0,0,0,0,0,0,0,0,0,0,0,0,0,0,0,0,0,0,0,0,0,0,0,0,0,0,0,0,0,0,0,0,0,0,0,0,0,0,0,0,0,0,0,0,0,0,0,0,0,0,0,0,0,0,0,0,0,0,0,0,0,0,0,0,0,0,0,0,0,0,0,0,0,0,0,0,0,0,0,0,0,0,0,0,0,0,0,0,0,0,0,0
120,108,110,120,132,132,132,144,132,132,132,132,132,132,132,132,144,156,156,156,156,156,156,156,156,169,182,182,168,182,182,195,182,182,182,225,210,210,210,240,240,224,256,272,272,289,289,289,306,324,306,324,324,361,361,361,380,420,400,420,400,441,462,462,462,506,506,529,506,506,552,576,600,624,650,676,676,729,729,783,812,840,840,868,899,899,1023,1023,1088,1120,1190,1258,1368,1404,1517,1638,1677,1804,1932,2021,2205,2346,2544,2800,2958,3300,3472,3770,4080,4536,5092,5451,6351,6916,7776,8772,10212,12120,13910,16560,19908,24426,30400,39560,52724,72000,105324,119600,113256,106132,88816,0,0,0,0,0,0,0,0,0,0,0,0,0,0,0,0,0,0,0,0,0,0,0,0,0,0,0,0,0,0,0,0,0,0,0,0,0,0,0,0,0,0,0,0,0,0,0,0,0,0,0,0,0,0,0,0,0,0,0,0,0,0,0,0,0,0,0,0,0,0,0,0,0,0,0,0,0,0,0,0,0,0,0,0,0,0,0,0,0,0,0,0,0,0,0,0,0,0,0,0,0,0,0,0,0,0,0,0,0,0,0,0,0,0,0,0,0,0,0,0,0,0,0,0,0,0,0,0,0,0,0,0,0
806,806,780,864,864,891,891,864,891,891,952,952,924,952,952,952,980,952,1015,1015,1044,1044,1044,1044,1080,1147,1147,1178,1147,1184,1178,1248,1248,1280,1248,1287,1360,1320,1394,1435,1470,1470,1428,1512,1548,1540,1584,1584,1575,1656,1665,1702,1786,1748,1786,1786,1833,1872,1872,1920,1960,2050,2050,2100,2100,2184,2244,2288,2385,2430,2530,2530,2632,2622,2784,2773,2784,2832,2940,2940,3050,3050,3162,3276,3328,3445,3445,3685,3618,3808,3864,3990,4032,4176,4440,4575,4788,4788,4758,4977,5120,5478,5712,5628,5934,6160,6319,6461,6882,7238,7275,7469,7800,8466,8505,8774,9130,9546,9918,10413,10800,11439,11875,12384,13068,13736,14456,15158,15876,16872,18055,18998,20086,21500,22962,24605,26358,28457,30222,32184,35100,38070,41082,45150,48870,52921,58604,65312,71712,80256,89520,101490,114512,118818,124949,126000,124898,122880,120852,119720,117216,115260,111475,108576,104308,99462,90972,81039,68854,54275,38016,22355,0,0,0,0,0,0,0,0,0,0,0,0,0,0,0,0,0,0,0,0,0,0,0,0,0,0,0,0,0,0,0,0,0,0,0,0,0,0,0,0,0,0,0,0,0,0,0,0,0,0,0,0,0,0,0,0,0,0,0,0,0,0,0,0,0,0,0,0,0,0,0,0,0,0,0,0,0,0,0,0,0,0,0,0,0,0,0,0,0,0,0,0
780,780,806,837,864,864,837,864,864,864,891,891,952,952,952,952,952,980,980,1044,1015,1050,1044,1080,1110,1080,1073,1147,1178,1178,1178,1209,1248,1248,1280,1248,1280,1280,1312,1386,1353,1428,1428,1470,1470,1505,1540,1584,1584,1628,1628,1665,1702,1748,1786,1748,1833,1872,1872,1911,2009,1960,1960,2142,2142,2184,2184,2279,2279,2332,2376,2475,2475,2565,2565,2668,2726,2880,2880,2989,2989,3100,3100,3213,3328,3445,3498,3618,3795,3920,3990,4047,4176,4366,4636,4636,4774,4898,5120,5265,5478,5544,5780,5934,6319,6552,6624,6956,7200,7448,7800,8798,8528,8964,9156,9435,10120,10620,11253,11750,12288,13034,13837,14664,15515,16500,17515,18720,20207,21625,23400,25296,26966,29638,31950,34565,37746,41650,45843,50505,56260,62628,69660,78542,89540,102543,117425,134088,139988,138560,137052,135464,132731,129980,126852,122830,117902,111290,103660,91440,76212,57525,36992,0,0,0,0,0,0,0,0,0,0,0,0,0,0,0,0,0,0,0,0,0,0,0,0,0,0,0,0,0,0,0,0,0,0,0,0,0,0,0,0,0,0,0,0,0,0,0,0,0,0,0,0,0,0,0,0,0,0,0,0,0,0,0,0,0,0,0,0,0,0,0,0,0,0,0,0,0,0,0,0,0,0,0,0,0,0,0,0,0,0,0,0,0,0,0,0,0,0,0,0,0
504,504,525,525,525,504,525,550,575,598,598,598,621,621,621,621,621,621,672,672,696,696,696,754,754,780,780,754,780,780,780,837,868,810,868,864,896,896,928,896,957,986,986,1015,1044,986,1015,1020,1050,1050,1116,1147,1116,1184,1216,1184,1216,1184,1216,1254,1287,1287,1320,1320,1360,1435,1470,1470,1548,1584,1584,1584,1620,1702,1702,1786,1824,1824,1872,1920,1960,2009,2058,2100,2236,2279,2322,2475,2475,2565,2679,2679,2832,2891,2940,3038,3100,3224,3264,3498,3551,3551,3685,3920,3920,4047,4307,4560,4836,4774,4977,5265,5412,5644,5934,6090,6390,6808,7050,7469,7722,8181,8528,8904,9374,9856,10324,10856,11685,12065,12513,13500,14560,15444,16576,17360,18676,20207,21525,23790,25840,27661,31588,34034,36814,41820,46458,52452,58806,65728,75140,86848,99682,117272,135729,144381,144752,143045,140760,139200,136704,132496,127624,121980,114172,99459,82125,58480,33824,0,0,0,0,0,0,0,0,0,0,0,0,0,0,0,0,0,0,0,0,0,0,0,0,0,0,0,0,0,0,0,0,0,0,0,0,0,0,0,0,0,0,0,0,0,0,0,0,0,0,0,0,0,0,0,0,0,0,0,0,0,0,0,0,0,0,0,0,0,0,0,0,0,0,0,0,0,0,0,0,0,0,0,0,0,0,0,0,0,0,0,0,0,0,0
483,480,504,525,550,550,525,572,572,598,621,621,572,644,621,621,621,621,621,648,672,672,672,672,672,725,725,750,725,775,750,750,775,806,832,806,832,864,837,864,864,891,891,891,918,952,980,980,1015,1080,1050,1147,1116,1147,1147,1178,1216,1248,1280,1280,1320,1353,1353,1386,1428,1462,1462,1496,1540,1540,1620,1665,1665,1702,1702,1872,1872,1920,1968,2000,2009,2100,2142,2236,2288,2332,2385,2430,2530,2576,2736,2842,2842,2950,3000,3213,3213,3328,3498,3551,3618,3740,3850,4047,4176,4366,4560,4680,5040,5265,5412,5544,5780,6160,6248,6696,6935,7469,7800,8058,8586,8964,9435,9918,10620,11132,11844,12740,13534,14317,15515,16650,17784,19234,20740,22656,24605,27244,29870,32918,36640,40172,44807,50142,56745,64478,73584,85904,98784,115600,137048,139668,136529,135135,132160,130800,127539,122740,117276,109292,97544,82476,62075,37620,0,0,0,0,0,0,0,0,0,0,0,0,0,0,0,0,0,0,0,0,0,0,0,0,0,0,0,0,0,0,0,0,0,0,0,0,0,0,0,0,0,0,0,0,0,0,0,0,0,0,0,0,0,0,0,0,0,0,0,0,0,0,0,0,0,0,0,0,0,0,0,0,0,0,0,0,0,0,0,0,0,0,0,0,0,0,0,0,0,0,0,0,0,0,0,0,0,0,0,0
418,418,418,418,437,460,440,440,483,504,483,483,483,504,483,506,528,528,528,528,575,575,575,598,624,624,648,648,675,675,675,675,700,700,700,728,728,754,754,780,806,806,837,837,864,864,864,864,896,924,924,952,986,986,986,986,1015,1050,1050,1085,1116,1147,1116,1184,1254,1287,1254,1287,1254,1326,1326,1360,1435,1470,1470,1548,1584,1620,1584,1665,1702,1786,1833,1911,1960,2000,2050,2184,2279,2279,2376,2376,2576,2632,2679,2726,2773,2989,3050,3162,3328,3445,3498,3672,3808,3990,4118,4176,4514,4560,4914,5056,5120,5561,5865,6090,6408,6716,6975,7220,8112,8343,8528,9095,9768,10488,11280,12028,12800,13596,14008,15408,16650,17741,18954,21546,23400,25893,28314,32072,35616,39984,45212,51870,58893,68585,80504,95508,112608,134652,137400,135441,133238,133140,132030,129204,126248,122094,115128,100464,80608,53210,24735,0,0,0,0,0,0,0,0,0,0,0,0,0,0,0,0,0,0,0,0,0,0,0,0,0,0,0,0,0,0,0,0,0,0,0,0,0,0,0,0,0,0,0,0,0,0,0,0,0,0,0,0,0,0,0,0,0,0,0,0,0,0,0,0,0,0,0,0,0,0,0,0,0,0,0,0,0,0,0,0,0,0,0,0,0,0,0,0,0,0,0,0,0,0,0,0,0,0,0,0,0
380,380,360,378,378,378,378,396,396,378,378,378,418,418,440,462,483,483,460,460,483,504,483,528,525,528,528,504,504,550,550,550,572,572,572,648,648,598,621,648,648,672,672,672,700,700,700,725,754,754,810,810,868,868,868,896,868,896,957,957,990,986,1054,1085,1085,1050,1085,1184,1184,1221,1254,1216,1254,1254,1292,1365,1400,1435,1435,1512,1591,1554,1672,1672,1710,1833,1794,1920,1927,1920,2009,2150,2193,2332,2244,2385,2484,2632,2688,2842,2891,3000,3162,3276,3575,3640,3828,4080,4130,4392,4453,4725,4851,5056,5412,5780,6177,6248,6497,6900,7488,7760,9010,9374,9396,10170,10788,11712,12700,13566,14490,16206,17632,19557,21336,23940,26320,29547,33598,38243,44034,50997,59450,69836,83280,100729,119568,133344,131080,131274,130416,128340,128231,124916,120750,116116,100636,77861,45600,0,0,0,0,0,0,0,0,0,0,0,0,0,0,0,0,0,0,0,0,0,0,0,0,0,0,0,0,0,0,0,0,0,0,0,0,0,0,0,0,0,0,0,0,0,0,0,0,0,0,0,0,0,0,0,0,0,0,0,0,0,0,0,0,0,0,0,0,0,0,0,0,0,0,0,0,0,0,0,0,0,0,0,0,0,0,0,0,0,0,0,0,0,0,0,0,0,0,0,0,0,0,0,0,0
357,378,378,378,360,360,378,378,378,378,399,418,418,399,418,418,418,437,437,437,437,480,483,483,504,504,550,528,528,550,550,575,575,598,621,598,621,621,621,672,696,696,750,725,725,750,750,806,780,837,837,806,837,864,928,928,928,957,957,1020,1020,1050,1050,1085,1116,1147,1216,1147,1216,1254,1326,1360,1360,1435,1470,1548,1591,1591,1710,1748,1748,1786,1833,1960,2009,2100,2142,2236,2376,2475,2530,2640,2736,2842,2891,3111,3224,3445,3510,3630,3819,4002,4189,4320,4588,4788,4992,5427,5796,6106,6336,6660,6975,7469,7821,8343,8988,9657,10350,10948,12000,13000,14111,15444,17100,18802,20708,23318,26320,29748,33598,38976,44322,51300,59885,71162,86394,104280,129360,158032,159616,156701,153282,148371,144300,136779,127075,108698,81918,44530,0,0,0,0,0,0,0,0,0,0,0,0,0,0,0,0,0,0,0,0,0,0,0,0,0,0,0,0,0,0,0,0,0,0,0,0,0,0,0,0,0,0,0,0,0,0,0,0,0,0,0,0,0,0,0,0,0,0,0,0,0,0,0,0,0,0,0,0,0,0,0,0,0,0,0,0,0,0,0,0,0,0,0,0,0,0,0,0,0,0,0,0,0,0,0,0,0,0,0,0,0,0,0,0,0,0,0,0,0,0,0,0,0,0
340,340,378,378,378,396,396,378,396,396,418,396,437,480,460,480,460,480,480,483,504,504,550,550,550,550,572,572,598,598,598,621,621,621,644,621,672,672,696,725,725,750,754,810,837,837,837,899,928,957,957,957,1020,1020,1050,1050,1085,1147,1147,1147,1248,1216,1320,1320,1320,1360,1470,1470,1584,1584,1665,1748,1786,1824,1911,1950,2050,2142,2142,2592,2640,3192,3245,3180,3050,3224,3213,3445,3618,3740,3990,4118,4380,4575,4836,5056,5265,5544,5848,6580,6532,6935,7600,8112,8881,9324,10208,11160,12065,13433,14317,15622,17094,19188,21279,23920,26989,30806,35340,41082,47972,56940,67942,81753,93610,100879,108958,117528,115656,106495,100558,94956,82431,65403,40950,0,0,0,0,0,0,0,0,0,0,0,0,0,0,0,0,0,0,0,0,0,0,0,0,0,0,0,0,0,0,0,0,0,0,0,0,0,0,0,0,0,0,0,0,0,0,0,0,0,0,0,0,0,0,0,0,0,0,0,0,0,0,0,0,0,0,0,0,0,0,0,0,0,0,0,0,0,0,0,0,0,0,0,0,0,0,0,0,0,0,0,0,0,0,0,0,0,0,0,0,0,0,0,0,0,0,0,0,0,0,0,0,0,0,0,0,0,0,0,0,0,0,0,0,0,0,0,0,0
195,195,182,195,210,210,210,210,225,210,224,224,240,240,255,255,255,270,288,288,272,272,272,272,288,288,288,288,288,288,323,306,306,323,323,323,323,340,340,340,340,340,357,357,357,357,396,396,414,396,418,437,437,437,437,456,460,460,480,480,460,504,528,525,525,550,572,550,550,572,594,621,621,644,648,672,672,696,696,696,725,780,780,806,750,837,837,864,896,896,924,986,986,986,1015,1050,1085,1085,1152,1221,1287,1254,1326,1360,1394,1435,1512,1591,1591,1672,1710,1833,1880,1920,2009,2050,2142,2288,2332,2385,2530,2688,2736,2891,2950,3162,3339,3575,3685,3876,4189,4320,4514,4788,5265,5576,5712,6248,6716,6975,7566,8080,8528,9265,10057,10948,12000,13200,14700,16170,18096,20295,23187,26271,30192,34854,40800,48048,57618,69657,81021,88560,99209,103766,100448,96324,91136,85511,75346,59730,36800,0,0,0,0,0,0,0,0,0,0,0,0,0,0,0,0,0,0,0,0,0,0,0,0,0,0,0,0,0,0,0,0,0,0,0,0,0,0,0,0,0,0,0,0,0,0,0,0,0,0,0,0,0,0,0,0,0,0,0,0,0,0,0,0,0,0,0,0,0,0,0,0,0,0,0,0,0,0,0,0,0,0,0,0,0,0,0,0,0,0,0,0,0
342,323,323,324,342,342,342,342,342,360,360,380,399,380,399,440,420,460,460,440,440,460,483,504,504,550,550,572,572,550,598,598,648,621,648,672,672,672,696,754,750,780,806,837,864,837,864,896,928,928,957,986,1020,1050,1050,1050,1116,1116,1116,1147,1147,1216,1254,1320,1394,1394,1505,1470,1470,1548,1628,1628,1665,1833,1833,1960,2000,2050,2184,2279,2475,2744,3364,3904,3828,3752,3990,4118,4307,4500,4914,5056,5412,5695,6003,6480,7275,7372,7878,8505,9240,10120,11011,12160,13068,14560,16023,17628,19873,22000,25650,29520,33813,39674,46814,56160,68480,84130,104520,128620,144160,146160,142374,136518,131144,121085,105560,79356,43473,0,0,0,0,0,0,0,0,0,0,0,0,0,0,0,0,0,0,0,0,0,0,0,0,0,0,0,0,0,0,0,0,0,0,0,0,0,0,0,0,0,0,0,0,0,0,0,0,0,0,0,0,0,0,0,0,0,0,0,0,0,0,0,0,0,0,0,0,0,0,0,0,0,0,0,0,0,0,0,0,0,0,0,0,0,0,0,0,0,0,0,0,0,0,0,0,0,0,0,0,0,0,0,0,0,0,0,0,0,0,0,0,0,0,0,0,0,0,0,0,0,0,0,0,0,0,0,0,0,0,0,0,0,0,0
272,255,255,270,323,320,304,340,360,360,378,360,378,378,396,418,418,437,399,418,418,437,460,460,460,460,480,500,525,525,546,525,572,572,550,572,594,621,598,621,644,621,644,672,696,696,725,780,806,806,806,864,864,837,896,924,928,990,1080,1080,1116,1116,1147,1216,1248,1216,1287,1287,1287,1400,1400,1476,1476,1591,1672,1672,1755,1840,1880,2058,2150,2193,2332,2430,2585,2632,2793,2958,3120,3286,3456,3630,3876,4130,4260,4514,4914,5135,5494,5796,6248,6552,7220,7821,8343,9180,9944,10881,11904,13332,14840,16576,18644,21000,24388,28028,32224,38115,45135,54426,67295,84135,107198,129668,136752,134013,129456,124236,118400,106960,86104,54257,0,0,0,0,0,0,0,0,0,0,0,0,0,0,0,0,0,0,0,0,0,0,0,0,0,0,0,0,0,0,0,0,0,0,0,0,0,0,0,0,0,0,0,0,0,0,0,0,0,0,0,0,0,0,0,0,0,0,0,0,0,0,0,0,0,0,0,0,0,0,0,0,0,0,0,0,0,0,0,0,0,0,0,0,0,0,0,0,0,0,0,0,0,0,0,0,0,0,0,0,0,0,0,0,0,0,0,0,0,0,0,0,0,0,0,0,0,0,0,0,0,0,0,0,0,0,0,0,0,0,0,0
182,208,210,224,224,224,224,238,224,240,255,255,255,255,255,288,270,285,304,306,306,323,304,323,323,323,340,340,323,323,340,340,340,380,399,380,399,399,399,418,418,437,418,440,460,460,480,480,480,504,525,525,525,572,572,598,598,648,624,648,672,648,672,672,700,725,750,754,780,754,780,810,864,868,896,896,957,957,986,986,1085,1085,1116,1120,1184,1221,1254,1254,1360,1326,1394,1505,1470,1584,1620,1702,1702,1833,1911,1960,2050,2184,2279,2332,2475,2622,2784,2950,3480,3224,3840,4158,3685,4002,4307,4500,5040,5103,5248,5780,6230,6789,7275,7722,8424,9483,10120,11346,12416,14008,15444,17402,19635,22050,25704,29725,35011,41160,50592,62928,77292,98298,123697,138528,142443,136819,131316,123004,110995,89768,55616,0,0,0,0,0,0,0,0,0,0,0,0,0,0,0,0,0,0,0,0,0,0,0,0,0,0,0,0,0,0,0,0,0,0,0,0,0,0,0,0,0,0,0,0,0,0,0,0,0,0,0,0,0,0,0,0,0,0,0,0,0,0,0,0,0,0,0,0,0,0,0,0,0,0,0,0,0,0,0,0,0,0,0,0,0,0,0,0,0,0,0,0,0,0,0,0,0,0,0,0,0,0,0,0,0,0,0,0,0,0,0,0,0
154,154,154,165,165,165,182,195,195,195,208,208,208,195,195,208,208,208,208,238,238,208,208,221,238,238,270,238,255,272,288,306,323,323,306,323,342,360,360,360,361,360,360,399,399,418,399,399,418,418,418,418,437,460,460,460,480,504,525,550,550,572,572,594,621,621,644,621,696,672,725,725,725,837,837,837,864,891,896,924,986,1015,986,1050,1080,1116,1147,1287,1330,1320,1394,1400,1512,1634,1634,1755,1800,1800,1927,2058,2142,2236,2236,2475,2632,2784,2891,3111,3276,3510,3920,4047,4248,4725,4928,5561,5644,6090,6956,7050,7821,8343,9180,10350,11374,12642,14456,16576,18960,21590,25160,30098,36064,43472,54963,68688,89060,112962,130594,129030,126024,120450,113700,101910,75800,37920,0,0,0,0,0,0,0,0,0,0,0,0,0,0,0,0,0,0,0,0,0,0,0,0,0,0,0,0,0,0,0,0,0,0,0,0,0,0,0,0,0,0,0,0,0,0,0,0,0,0,0,0,0,0,0,0,0,0,0,0,0,0,0,0,0,0,0,0,0,0,0,0,0,0,0,0,0,0,0,0,0,0,0,0,0,0,0,0,0,0,0,0,0,0,0,0,0,0,0,0,0,0,0,0,0,0,0,0,0,0,0,0,0,0,0,0,0,0
195,224,224,238,238,224,224,255,255,270,270,270,285,270,270,270,304,304,320,304,340,340,340,340,378,360,360,378,399,399,418,418,460,460,460,460,480,480,525,504,525,525,546,546,546,572,572,598,621,648,648,672,700,700,725,725,754,780,780,806,810,864,896,924,957,1015,1015,1050,1080,1147,1152,1287,1287,1360,1394,1435,1470,1591,1672,1748,1748,1880,1960,2009,2100,2193,2385,2530,2530,2832,3000,3111,3339,3510,3752,3990,4248,4588,5135,5200,5727,6660,6808,7488,8080,8798,9744,10738,12125,13566,15158,17402,20541,23940,28314,34008,40729,51136,63648,83308,110297,127834,124968,120960,114885,106386,93104,66310,28583,0,0,0,0,0,0,0,0,0,0,0,0,0,0,0,0,0,0,0,0,0,0,0,0,0,0,0,0,0,0,0,0,0,0,0,0,0,0,0,0,0,0,0,0,0,0,0,0,0,0,0,0,0,0,0,0,0,0,0,0,0,0,0,0,0,0,0,0,0,0,0,0,0,0,0,0,0,0,0,0,0,0,0,0,0,0,0,0,0,0,0,0,0,0,0,0,0,0,0,0,0,0,0,0,0,0,0,0,0,0,0,0,0,0,0,0,0,0,0,0,0,0,0,0,0,0,0,0,0,0,0,0,0,0,0
252,255,255,270,270,255,255,288,288,360,399,440,440,504,480,480,500,520,525,546,546,550,572,572,598,621,621,700,725,725,725,750,780,806,810,837,864,896,924,957,1020,1050,1085,1116,1216,1216,1254,1326,1435,1435,1591,1634,1716,1677,1794,1927,2016,2150,2193,2288,2438,2632,2736,2950,3162,3392,3498,3740,4200,4599,4725,5200,5330,5865,6248,7524,7546,8343,9374,10235,11346,12870,14595,16800,19159,23010,26410,32012,39176,49662,63440,82836,106860,121924,126368,119930,114390,104668,87914,55809,16188,0,0,0,0,0,0,0,0,0,0,0,0,0,0,0,0,0,0,0,0,0,0,0,0,0,0,0,0,0,0,0,0,0,0,0,0,0,0,0,0,0,0,0,0,0,0,0,0,0,0,0,0,0,0,0,0,0,0,0,0,0,0,0,0,0,0,0,0,0,0,0,0,0,0,0,0,0,0,0,0,0,0,0,0,0,0,0,0,0,0,0,0,0,0,0,0,0,0,0,0,0,0,0,0,0,0,0,0,0,0,0,0,0,0,0,0,0,0,0,0,0,0,0,0,0,0,0,0,0,0,0,0,0,0,0,0,0,0,0,0,0,0,0,0,0,0,0,0,0,0,0,0,0,0,0,0,0,0,0,0,0,0,0
168,168,180,180,180,180,192,195,208,208,208,224,210,224,224,238,238,238,255,272,288,255,272,255,255,270,270,288,270,288,288,306,323,323,323,342,342,360,360,399,399,380,399,418,418,418,460,460,480,480,480,480,525,504,525,550,550,550,598,621,621,621,644,644,696,700,725,780,780,837,864,896,924,957,986,986,1050,1080,1080,1147,1184,1254,1287,1360,1394,1512,1591,1628,1748,1794,1833,2009,2058,2288,2332,2530,2736,2891,3000,3224,3392,3618,3944,4176,4500,4992,5346,5796,6177,6716,7392,8262,9072,10146,11374,12870,14700,16650,19680,22833,27777,33354,40915,51708,66570,89782,106964,104894,101100,96410,88502,76820,51792,17100,0,0,0,0,0,0,0,0,0,0,0,0,0,0,0,0,0,0,0,0,0,0,0,0,0,0,0,0,0,0,0,0,0,0,0,0,0,0,0,0,0,0,0,0,0,0,0,0,0,0,0,0,0,0,0,0,0,0,0,0,0,0,0,0,0,0,0,0,0,0,0,0,0,0,0,0,0,0,0,0,0,0,0,0,0,0,0,0,0,0,0,0,0,0,0,0,0,0,0,0,0,0,0,0,0,0,0,0,0,0,0,0,0,0,0,0,0,0,0,0,0,0,0,0,0,0,0,0,0,0
210,210,255,272,323,360,360,378,360,360,378,378,396,378,440,460,483,483,504,506,528,550,528,575,575,575,598,650,624,600,624,648,700,728,754,783,810,810,810,868,896,896,986,1050,1050,1116,1152,1216,1216,1254,1320,1394,1470,1505,1548,1672,1786,1872,1960,2050,2226,2376,2576,2622,2726,3038,3276,3564,3808,3976,4292,4697,5265,5896,6300,7326,7425,8320,9324,10296,12160,13872,15836,18193,22000,26989,33136,41328,53770,70959,96750,117600,120620,115584,108500,96521,72800,32655,0,0,0,0,0,0,0,0,0,0,0,0,0,0,0,0,0,0,0,0,0,0,0,0,0,0,0,0,0,0,0,0,0,0,0,0,0,0,0,0,0,0,0,0,0,0,0,0,0,0,0,0,0,0,0,0,0,0,0,0,0,0,0,0,0,0,0,0,0,0,0,0,0,0,0,0,0,0,0,0,0,0,0,0,0,0,0,0,0,0,0,0,0,0,0,0,0,0,0,0,0,0,0,0,0,0,0,0,0,0,0,0,0,0,0,0,0,0,0,0,0,0,0,0,0,0,0,0,0,0,0,0,0,0,0,0,0,0,0,0,0,0,0,0,0,0,0,0,0,0,0,0,0,0,0,0,0,0,0,0,0,0,0,0,0,0
180,168,182,208,208,208,180,180,180,240,224,224,224,224,304,323,323,340,360,360,360,360,378,418,418,440,440,460,440,460,528,506,528,528,528,552,552,575,575,575,624,624,648,702,728,728,783,783,810,837,837,896,924,1020,1054,1015,1110,1080,1147,1178,1216,1248,1394,1394,1470,1548,1665,1794,1911,1960,2142,2236,2376,2520,2726,2914,3038,3380,3726,3850,4425,4620,5166,5628,6230,7008,7326,8586,9130,10680,12160,14076,16308,18860,23114,27939,34731,45066,59100,78176,104804,118770,114180,107046,95764,76076,38115,0,0,0,0,0,0,0,0,0,0,0,0,0,0,0,0,0,0,0,0,0,0,0,0,0,0,0,0,0,0,0,0,0,0,0,0,0,0,0,0,0,0,0,0,0,0,0,0,0,0,0,0,0,0,0,0,0,0,0,0,0,0,0,0,0,0,0,0,0,0,0,0,0,0,0,0,0,0,0,0,0,0,0,0,0,0,0,0,0,0,0,0,0,0,0,0,0,0,0,0,0,0,0,0,0,0,0,0,0,0,0,0,0,0,0,0,0,0,0,0,0,0,0,0,0,0,0,0,0,0,0,0,0,0,0,0,0,0,0,0,0,0,0,0,0,0,0,0,0,0,0,0,0,0,0,0,0
144,156,156,156,168,168,182,208,208,195,195,224,238,255,255,288,304,342,360,360,342,360,360,378,378,399,399,420,440,460,440,483,483,528,528,552,552,550,572,575,598,624,600,650,675,700,700,754,780,810,783,840,868,928,928,986,986,1050,1080,1184,1248,1248,1287,1353,1470,1548,1548,1710,1786,1872,2009,2142,2322,2576,2632,2726,2940,3328,3445,3795,4047,4366,4960,5330,6052,6624,7500,7956,9047,10092,11625,13500,15836,18240,22176,27324,34342,44370,58705,78874,109213,123709,119188,111818,101802,81991,40960,0,0,0,0,0,0,0,0,0,0,0,0,0,0,0,0,0,0,0,0,0,0,0,0,0,0,0,0,0,0,0,0,0,0,0,0,0,0,0,0,0,0,0,0,0,0,0,0,0,0,0,0,0,0,0,0,0,0,0,0,0,0,0,0,0,0,0,0,0,0,0,0,0,0,0,0,0,0,0,0,0,0,0,0,0,0,0,0,0,0,0,0,0,0,0,0,0,0,0,0,0,0,0,0,0,0,0,0,0,0,0,0,0,0,0,0,0,0,0,0,0,0,0,0,0,0,0,0,0,0,0,0,0,0,0,0,0,0,0,0,0,0,0,0,0,0,0,0,0,0,0,0,0,0,0,0,0
210,272,289,272,272,288,340,342,360,360,380,378,399,378,378,378,440,483,483,483,506,528,550,575,600,575,598,650,650,624,624,624,675,702,702,783,810,810,810,899,899,957,1020,1020,1116,1116,1184,1254,1320,1360,1360,1505,1584,1628,1710,1833,1920,2050,2142,2332,2622,2736,2880,3111,3380,3672,3990,4307,4697,5265,5628,6532,7030,7878,8798,9918,11224,13332,15408,18126,22176,27383,34565,44625,59697,81774,114367,126425,121242,115479,104427,81158,34720,0,0,0,0,0,0,0,0,0,0,0,0,0,0,0,0,0,0,0,0,0,0,0,0,0,0,0,0,0,0,0,0,0,0,0,0,0,0,0,0,0,0,0,0,0,0,0,0,0,0,0,0,0,0,0,0,0,0,0,0,0,0,0,0,0,0,0,0,0,0,0,0,0,0,0,0,0,0,0,0,0,0,0,0,0,0,0,0,0,0,0,0,0,0,0,0,0,0,0,0,0,0,0,0,0,0,0,0,0,0,0,0,0,0,0,0,0,0,0,0,0,0,0,0,0,0,0,0,0,0,0,0,0,0,0,0,0,0,0,0,0,0,0,0,0,0,0,0,0,0,0,0,0,0,0,0,0,0,0,0,0,0,0,0,0,0,0,0,0,0,0
168,168,168,168,168,168,168,180,180,168,182,168,195,195,208,208,195,195,224,208,224,224,224,238,224,255,255,288,304,304,304,323,360,360,323,360,360,360,378,378,420,440,462,483,462,483,506,506,506,528,550,552,600,575,600,650,650,702,728,728,728,783,783,840,840,868,924,986,1020,1080,1080,1147,1147,1216,1248,1360,1470,1470,1628,1710,1794,1872,2050,2184,2279,2475,2726,2891,3150,3498,3672,3976,4484,4836,5525,5984,7081,7350,8586,9408,10769,12576,14872,17427,20984,26130,33220,43180,58016,80131,107956,119556,113894,105350,90649,57602,0,0,0,0,0,0,0,0,0,0,0,0,0,0,0,0,0,0,0,0,0,0,0,0,0,0,0,0,0,0,0,0,0,0,0,0,0,0,0,0,0,0,0,0,0,0,0,0,0,0,0,0,0,0,0,0,0,0,0,0,0,0,0,0,0,0,0,0,0,0,0,0,0,0,0,0,0,0,0,0,0,0,0,0,0,0,0,0,0,0,0,0,0,0,0,0,0,0,0,0,0,0,0,0,0,0,0,0,0,0,0,0,0,0,0,0,0,0,0,0,0,0,0,0,0,0,0,0,0,0,0,0,0,0,0,0,0,0,0,0,0,0,0,0,0,0,0,0
140,143,154,154,238,238,252,255,270,270,285,285,270,270,304,304,340,340,357,357,340,357,360,378,399,418,418,418,418,460,460,504,550,550,550,572,598,624,621,648,675,700,725,780,780,780,837,864,924,896,1050,1015,1080,1116,1178,1248,1280,1394,1470,1505,1665,1710,1872,2000,2184,2279,2420,2622,2832,3100,3392,3672,3976,4408,4758,5330,5762,6532,7372,8640,9520,10769,12707,14729,17538,21350,27186,34650,44980,60786,86950,107160,109900,103994,92820,73986,34048,0,0,0,0,0,0,0,0,0,0,0,0,0,0,0,0,0,0,0,0,0,0,0,0,0,0,0,0,0,0,0,0,0,0,0,0,0,0,0,0,0,0,0,0,0,0,0,0,0,0,0,0,0,0,0,0,0,0,0,0,0,0,0,0,0,0,0,0,0,0,0,0,0,0,0,0,0,0,0,0,0,0,0,0,0,0,0,0,0,0,0,0,0,0,0,0,0,0,0,0,0,0,0,0,0,0,0,0,0,0,0,0,0,0,0,0,0,0,0,0,0,0,0,0,0,0,0,0,0,0,0,0,0,0,0,0,0,0,0,0,0,0,0,0,0,0,0,0,0,0,0,0,0,0,0,0,0,0,0,0,0,0,0,0,0,0,0
108,120,238,252,252,252,255,252,252,285,285,285,285,304,304,340,340,323,340,360,378,399,399,440,460,483,504,483,504,504,528,550,550,624,648,672,648,700,725,780,810,806,837,868,896,957,957,1015,1050,1110,1178,1209,1320,1360,1435,1548,1628,1786,1824,1950,2184,2322,2408,2668,2880,3100,3380,3795,4275,4560,4977,5395,6210,6768,7623,8774,9976,11375,13426,16050,19205,24310,30384,40016,53669,75336,100320,109430,104328,93854,78013,42880,0,0,0,0,0,0,0,0,0,0,0,0,0,0,0,0,0,0,0,0,0,0,0,0,0,0,0,0,0,0,0,0,0,0,0,0,0,0,0,0,0,0,0,0,0,0,0,0,0,0,0,0,0,0,0,0,0,0,0,0,0,0,0,0,0,0,0,0,0,0,0,0,0,0,0,0,0,0,0,0,0,0,0,0,0,0,0,0,0,0,0,0,0,0,0,0,0,0,0,0,0,0,0,0,0,0,0,0,0,0,0,0,0,0,0,0,0,0,0,0,0,0,0,0,0,0,0,0,0,0,0,0,0,0,0,0,0,0,0,0,0,0,0,0,0,0,0,0,0,0,0,0,0,0,0,0,0,0,0,0,0,0,0,0,0,0,0,0,0,0,0,0
238,238,224,255,255,288,252,285,270,270,304,285,320,304,340,340,340,340,378,378,418,399,462,483,483,528,550,550,572,550,572,575,621,598,675,700,700,754,754,754,837,864,896,924,986,1015,1085,1147,1216,1216,1320,1386,1505,1584,1672,1794,1960,2091,2279,2464,2679,2832,3162,3380,3672,4047,4425,5040,5695,6210,7008,8137,9324,11011,12480,15120,18354,22680,28764,37052,50778,70716,88665,101430,95410,83913,66740,29184,0,0,0,0,0,0,0,0,0,0,0,0,0,0,0,0,0,0,0,0,0,0,0,0,0,0,0,0,0,0,0,0,0,0,0,0,0,0,0,0,0,0,0,0,0,0,0,0,0,0,0,0,0,0,0,0,0,0,0,0,0,0,0,0,0,0,0,0,0,0,0,0,0,0,0,0,0,0,0,0,0,0,0,0,0,0,0,0,0,0,0,0,0,0,0,0,0,0,0,0,0,0,0,0,0,0,0,0,0,0,0,0,0,0,0,0,0,0,0,0,0,0,0,0,0,0,0,0,0,0,0,0,0,0,0,0,0,0,0,0,0,0,0,0,0,0,0,0,0,0,0,0,0,0,0,0,0,0,0,0,0,0,0,0,0,0,0,0,0,0,0,0,0,0,0,0
221,204,234,238,270,270,255,270,288,304,323,380,360,360,378,418,420,440,460,440,460,462,483,504,504,525,528,572,621,621,621,648,675,700,725,754,810,896,864,891,918,952,986,1050,1116,1147,1248,1360,1394,1462,1584,1702,1872,1960,2142,2226,2464,2668,2880,3087,3432,3726,4275,4602,4941,5676,6417,7425,8881,9860,11340,13761,16632,20296,25480,32928,44973,61544,77315,89072,87856,70990,54108,18278,0,0,0,0,0,0,0,0,0,0,0,0,0,0,0,0,0,0,0,0,0,0,0,0,0,0,0,0,0,0,0,0,0,0,0,0,0,0,0,0,0,0,0,0,0,0,0,0,0,0,0,0,0,0,0,0,0,0,0,0,0,0,0,0,0,0,0,0,0,0,0,0,0,0,0,0,0,0,0,0,0,0,0,0,0,0,0,0,0,0,0,0,0,0,0,0,0,0,0,0,0,0,0,0,0,0,0,0,0,0,0,0,0,0,0,0,0,0,0,0,0,0,0,0,0,0,0,0,0,0,0,0,0,0,0,0,0,0,0,0,0,0,0,0,0,0,0,0,0,0,0,0,0,0,0,0,0,0,0,0,0,0,0,0,0,0,0,0,0,0,0,0,0,0,0,0,0,0,0,0
195,208,272,255,270,304,304,285,304,304,340,340,340,340,357,380,399,418,420,418,460,483,525,550,550,572,550,575,600,624,648,675,675,728,783,754,837,868,957,896,986,1020,1085,1147,1216,1320,1394,1470,1548,1628,1786,1872,2050,2226,2420,2622,2880,3150,3380,3672,4104,4602,5103,5440,6348,7350,8480,9804,11625,13900,17050,20587,26334,34428,47520,66420,83239,96720,89516,75537,56252,0,0,0,0,0,0,0,0,0,0,0,0,0,0,0,0,0,0,0,0,0,0,0,0,0,0,0,0,0,0,0,0,0,0,0,0,0,0,0,0,0,0,0,0,0,0,0,0,0,0,0,0,0,0,0,0,0,0,0,0,0,0,0,0,0,0,0,0,0,0,0,0,0,0,0,0,0,0,0,0,0,0,0,0,0,0,0,0,0,0,0,0,0,0,0,0,0,0,0,0,0,0,0,0,0,0,0,0,0,0,0,0,0,0,0,0,0,0,0,0,0,0,0,0,0,0,0,0,0,0,0,0,0,0,0,0,0,0,0,0,0,0,0,0,0,0,0,0,0,0,0,0,0,0,0,0,0,0,0,0,0,0,0,0,0,0,0,0,0,0,0,0,0,0,0,0,0,0,0,0,0,0,0
621,621,621,644,644,621,621,644,644,644,672,672,672,672,672,672,696,696,696,720,750,775,775,775,750,775,806,775,837,806,806,806,832,864,858,891,891,924,891,952,952,952,952,980,1015,1015,1044,1080,1080,1080,1110,1110,1110,1140,1140,1216,1216,1248,1287,1320,1353,1394,1435,1394,1428,1505,1548,1512,1548,1548,1628,1591,1628,1665,1710,1748,1748,1748,1833,1833,1920,1920,1960,2050,2009,2091,2184,2226,2226,2376,2332,2430,2484,2530,2632,2679,2679,2784,2832,2832,2989,3100,3100,3150,3264,3380,3432,3604,3726,3850,3976,4161,4234,4366,4440,4500,4697,4758,4898,5200,5412,5561,5916,5762,5916,6390,6624,7296,7125,7372,7722,7979,8320,8586,8964,9350,9831,10413,10920,11439,11875,12384,13400,14111,14700,15660,16650,17556,18720,19754,21375,22962,24288,25785,28314,30429,33264,36386,39579,43500,48129,52353,58307,64790,73367,82600,93996,108000,124700,144456,170340,177674,175784,173000,169886,168350,167442,165648,161909,157832,154507,148338,140970,133189,119130,100005,74970,53199,34545,15150,0,0,0,0,0,0,0,0,0,0,0,0,0,0,0,0,0,0,0,0,0,0,0,0,0,0,0,0,0,0,0,0,0,0,0,0,0,0,0,0,0,0,0,0,0,0,0,0,0,0,0,0,0,0,0,0,0,0,0,0,0,0,0,0,0,0,0,0,0,0,0,0,0,0
546,546,546,546,546,594,594,572,572,594,621,594,616,616,644,621,667,644,644,644,644,667,667,696,672,696,725,806,780,780,806,832,832,891,891,891,918,891,891,891,891,952,924,952,980,952,1015,1050,1080,1080,1110,1147,1178,1147,1178,1216,1248,1248,1287,1248,1320,1360,1360,1360,1394,1435,1470,1505,1540,1505,1540,1620,1620,1620,1665,1748,1786,1833,1872,1872,1911,1960,1960,2040,2040,2132,2132,2226,2322,2420,2464,2565,2565,2622,2726,2726,2784,2989,2989,3100,3162,3213,3380,3498,3618,3672,3795,3990,4047,4118,4176,4292,4425,4560,4758,5022,5248,5395,5628,5848,6141,6230,6461,6789,7200,7722,7979,8137,8400,8856,9240,9718,10324,10738,11224,11970,12610,13500,14317,15015,16132,17289,18603,20086,21375,23270,24975,27160,29435,32163,35168,38468,42904,47866,52264,58410,65417,74370,85196,98028,112860,119892,128702,136857,135192,133595,132000,131028,130305,126936,124125,122748,118594,112400,99584,85701,68112,48800,30016,12636,0,0,0,0,0,0,0,0,0,0,0,0,0,0,0,0,0,0,0,0,0,0,0,0,0,0,0,0,0,0,0,0,0,0,0,0,0,0,0,0,0,0,0,0,0,0,0,0,0,0,0,0,0,0,0,0,0,0,0,0,0,0,0,0,0,0,0,0,0,0,0,0,0,0,0,0,0,0,0,0,0,0,0,0
418,418,418,437,437,437,437,437,480,480,480,460,460,460,480,480,480,480,525,525,525,525,550,550,572,572,572,594,572,594,572,572,621,644,644,672,621,648,644,700,700,725,725,725,720,750,750,750,806,806,775,864,837,837,864,864,864,924,924,952,924,924,924,952,952,986,986,1015,986,1050,1080,1110,1080,1184,1147,1216,1248,1248,1216,1280,1248,1320,1353,1394,1435,1470,1428,1470,1548,1548,1584,1584,1665,1665,1710,1748,1833,1880,1920,1960,2009,2050,2100,2142,2226,2279,2279,2420,2464,2475,2576,2632,2736,2784,2940,3000,3111,3224,3276,3392,3498,3618,3740,3864,4047,4176,4440,4636,4500,4697,4836,5040,5120,5346,5628,5934,6160,6480,6643,6956,7296,7821,8080,8343,8798,9483,9790,10260,10881,11616,12375,13056,13596,14766,15620,16498,17632,19239,20828,22532,24702,26741,29008,31930,35208,38760,43318,49536,55074,62835,71051,82716,96154,114336,137144,156154,173512,188244,185472,182991,181643,179180,176988,176436,171010,168861,161268,153582,139300,114437,83258,49647,25800,0,0,0,0,0,0,0,0,0,0,0,0,0,0,0,0,0,0,0,0,0,0,0,0,0,0,0,0,0,0,0,0,0,0,0,0,0,0,0,0,0,0,0,0,0,0,0,0,0,0,0,0,0,0,0,0,0,0,0,0,0,0,0,0,0,0,0,0,0,0,0
460,437,460,480,460,480,480,480,500,480,504,504,525,525,525,550,550,572,572,572,572,572,594,594,594,594,644,644,672,672,672,720,725,750,750,750,775,775,780,806,806,806,864,837,896,891,924,952,952,986,986,1015,1050,1044,1044,1015,1044,1110,1110,1140,1216,1248,1280,1320,1353,1428,1470,1428,1462,1584,1620,1665,1656,1786,1748,1872,1911,1950,2091,2142,2226,2322,2376,2376,2520,2520,2576,2668,2773,2940,3050,3100,3380,3551,3564,3672,3850,4104,4234,4440,4697,4898,5040,5395,5676,5916,6300,6768,7178,7425,7777,8295,8748,9324,10179,10890,11625,12707,13500,14626,16050,17472,19188,21106,23478,26441,29870,33288,38070,43092,49593,57624,67942,80730,97020,105154,103740,103863,101840,98992,96033,93024,90350,86292,81216,71852,58206,40250,22022,6624,0,0,0,0,0,0,0,0,0,0,0,0,0,0,0,0,0,0,0,0,0,0,0,0,0,0,0,0,0,0,0,0,0,0,0,0,0,0,0,0,0,0,0,0,0,0,0,0,0,0,0,0,0,0,0,0,0,0,0,0,0,0,0,0,0,0,0,0,0,0,0,0,0,0,0,0,0,0,0,0,0,0,0,0,0,0,0,0,0,0,0,0,0,0,0,0,0,0,0,0,0,0,0,0,0,0,0,0,0,0,0,0,0,0
525,525,525,546,546,525,525,546,572,572,572,572,594,621,621,644,621,621,621,621,696,672,700,700,725,725,780,780,780,780,806,780,810,837,837,837,864,864,864,924,924,924,986,986,1020,1050,1050,1116,1116,1085,1184,1216,1216,1248,1287,1287,1320,1394,1470,1435,1505,1512,1628,1628,1665,1710,1748,1833,1920,2009,2100,2150,2193,2244,2288,2430,2430,2576,2632,2679,2832,2891,3050,3162,3276,3392,3564,3685,3808,3864,4189,4320,4440,4774,4992,5346,5346,5628,6020,6480,6882,7200,7392,7920,8528,8881,9546,10146,11160,11931,12672,13802,14980,16206,17748,19764,21760,24120,26980,30502,34937,39440,44640,52186,60944,72772,87792,102833,116242,118281,117553,116960,114806,114800,113145,112219,110768,108924,104000,90537,68292,41193,0,0,0,0,0,0,0,0,0,0,0,0,0,0,0,0,0,0,0,0,0,0,0,0,0,0,0,0,0,0,0,0,0,0,0,0,0,0,0,0,0,0,0,0,0,0,0,0,0,0,0,0,0,0,0,0,0,0,0,0,0,0,0,0,0,0,0,0,0,0,0,0,0,0,0,0,0,0,0,0,0,0,0,0,0,0,0,0,0,0,0,0,0,0,0,0,0,0,0,0,0,0,0,0,0,0,0,0,0,0,0,0,0,0,0,0,0,0,0,0,0,0
304,285,285,320,320,285,285,304,304,304,304,304,304,320,340,360,360,360,360,340,340,360,360,378,399,378,378,418,418,418,418,437,418,418,440,440,460,480,460,460,480,480,504,504,504,525,525,525,546,572,572,572,594,572,572,572,572,594,621,621,621,621,621,621,672,672,725,754,754,780,780,837,837,810,837,837,896,896,924,924,952,986,957,986,986,1050,1050,1080,1116,1147,1178,1184,1184,1254,1326,1360,1360,1400,1400,1435,1476,1476,1554,1548,1591,1672,1755,1755,1840,1840,1927,1927,2064,2150,2244,2288,2340,2484,2538,2695,2800,2958,3009,3240,3410,3402,3630,3696,3944,4071,4200,4331,4526,4928,5070,5200,5576,5712,6020,6264,6734,6975,7488,7840,8383,8925,9790,10509,11583,12200,12852,13755,15180,16302,17850,19188,21120,23490,25986,29055,32864,36907,42126,48640,57474,67488,80586,99160,122067,156279,186188,191347,188803,188188,186850,184125,180594,178296,171107,161603,137577,56168,23400,0,0,0,0,0,0,0,0,0,0,0,0,0,0,0,0,0,0,0,0,0,0,0,0,0,0,0,0,0,0,0,0,0,0,0,0,0,0,0,0,0,0,0,0,0,0,0,0,0,0,0,0,0,0,0,0,0,0,0,0,0,0,0,0,0,0,0,0,0,0,0,0,0,0,0,0,0,0,0,0,0
288,304,304,288,288,288,288,304,320,340,340,340,340,340,357,357,378,378,378,378,378,378,378,399,418,418,418,418,399,418,437,437,418,460,460,480,460,460,460,504,504,504,480,500,500,525,550,550,525,572,572,572,572,621,621,621,621,644,672,672,725,725,725,780,780,780,780,806,840,868,868,868,896,896,896,957,957,986,1020,1020,1050,1050,1116,1116,1116,1147,1184,1216,1254,1287,1320,1394,1394,1435,1470,1548,1584,1665,1710,1748,1786,1872,1920,2009,2150,2193,2288,2332,2430,2530,2576,2622,2773,2940,3111,3213,3380,3445,3564,3740,4047,4189,4307,4500,4697,4914,5265,5561,5780,6160,6789,7144,7469,8080,8528,9072,9657,10440,11590,12348,13332,14734,16095,17864,19642,22016,24570,28275,32186,37125,41866,50160,59534,72000,88536,105470,119700,118898,116910,115752,114401,113200,111650,109962,107606,101123,83720,58000,28525,0,0,0,0,0,0,0,0,0,0,0,0,0,0,0,0,0,0,0,0,0,0,0,0,0,0,0,0,0,0,0,0,0,0,0,0,0,0,0,0,0,0,0,0,0,0,0,0,0,0,0,0,0,0,0,0,0,0,0,0,0,0,0,0,0,0,0,0,0,0,0,0,0,0,0,0,0,0,0,0,0,0,0,0,0,0,0,0,0,0,0,0,0,0,0
221,224,224,224,224,224,224,238,238,238,255,240,240,255,238,255,255,255,255,270,288,288,288,288,304,285,285,285,285,304,304,304,304,304,323,323,323,360,360,360,360,360,378,360,340,378,378,378,396,396,396,396,378,396,396,396,440,460,460,460,460,504,504,480,525,525,504,525,525,550,572,598,621,621,644,672,621,644,644,672,696,696,696,750,750,750,780,780,832,806,837,864,837,896,864,924,924,957,957,986,1050,986,1015,1044,1110,1110,1110,1147,1248,1216,1287,1320,1353,1470,1428,1548,1584,1584,1702,1748,1786,1824,1920,2009,2009,2142,2193,2236,2376,2430,2530,2576,2679,2891,3000,3100,3213,3328,3564,3685,3876,4060,4392,4575,4774,5056,5120,5561,5848,6160,6532,6862,7350,7800,8343,8881,9546,10208,11040,12000,13100,14144,15552,16912,18444,20664,23010,26220,29435,33572,38775,45135,52992,62721,75484,93744,116760,151833,168858,165648,161816,158118,153665,149172,140625,129654,110532,81174,44704,15540,0,0,0,0,0,0,0,0,0,0,0,0,0,0,0,0,0,0,0,0,0,0,0,0,0,0,0,0,0,0,0,0,0,0,0,0,0,0,0,0,0,0,0,0,0,0,0,0,0,0,0,0,0,0,0,0,0,0,0,0,0,0,0,0,0,0,0,0,0,0,0,0,0,0
320,320,336,336,357,320,340,357,378,357,357,378,378,396,396,396,396,396,396,437,437,437,418,418,418,437,483,462,483,483,483,483,483,504,504,504,504,504,504,525,525,550,572,572,572,572,594,594,621,621,621,672,700,672,725,725,725,780,780,780,780,806,837,837,868,868,924,896,928,957,986,986,1015,1050,1050,1116,1147,1184,1216,1216,1216,1254,1287,1320,1394,1428,1470,1470,1591,1628,1665,1710,1710,1833,1920,2058,2193,2193,2332,2332,2430,2530,2679,2784,2940,3000,3111,3328,3510,3564,3740,4060,4176,4440,4575,4914,5200,5412,5780,6090,6643,7296,7469,8181,8692,9350,10057,11160,12125,13100,14490,15950,17748,20008,22620,25993,29600,34720,40185,47730,57570,70374,88179,107060,119082,117284,115717,113984,112560,110295,108560,105264,97343,77777,48548,19908,0,0,0,0,0,0,0,0,0,0,0,0,0,0,0,0,0,0,0,0,0,0,0,0,0,0,0,0,0,0,0,0,0,0,0,0,0,0,0,0,0,0,0,0,0,0,0,0,0,0,0,0,0,0,0,0,0,0,0,0,0,0,0,0,0,0,0,0,0,0,0,0,0,0,0,0,0,0,0,0,0,0,0,0,0,0,0,0,0,0,0,0,0,0,0,0,0,0,0,0,0,0,0,0,0,0,0,0
288,304,304,288,288,288,288,304,304,304,304,320,320,340,357,357,357,360,340,360,378,378,378,378,378,396,418,418,418,437,437,437,437,456,460,437,460,504,504,504,483,525,504,504,525,550,572,572,572,594,594,594,572,621,621,644,700,700,700,725,725,750,754,754,754,780,780,837,837,864,864,924,957,986,986,1050,1050,1080,1116,1147,1116,1147,1184,1216,1287,1320,1320,1394,1470,1470,1505,1584,1628,1710,1748,1833,1960,1960,2100,2150,2236,2332,2475,2622,2726,2773,2940,3050,3276,3445,3510,3685,3933,4189,4440,4636,4851,5200,5478,5865,6319,6956,7220,7742,8446,9072,9856,10856,12028,13130,14628,16206,18564,20750,23674,27792,32813,38701,45500,56358,70022,90216,108768,120332,118698,117546,115370,114285,112985,110160,105270,86976,53799,20436,0,0,0,0,0,0,0,0,0,0,0,0,0,0,0,0,0,0,0,0,0,0,0,0,0,0,0,0,0,0,0,0,0,0,0,0,0,0,0,0,0,0,0,0,0,0,0,0,0,0,0,0,0,0,0,0,0,0,0,0,0,0,0,0,0,0,0,0,0,0,0,0,0,0,0,0,0,0,0,0,0,0,0,0,0,0,0,0,0,0,0,0,0,0,0,0,0,0,0,0,0,0,0,0,0,0,0,0,0,0
180,180,180,180,168,168,195,195,195,208,195,195,195,195,195,195,195,208,208,208,224,208,208,255,238,240,240,238,238,238,255,255,255,270,252,270,252,270,270,270,270,288,304,304,304,304,320,320,320,336,340,340,357,357,374,374,374,396,418,437,418,437,437,437,456,456,480,480,456,475,525,546,546,525,546,546,594,594,594,594,616,644,621,644,644,644,696,696,720,780,780,806,832,832,896,924,924,952,1015,1015,1015,1080,1080,1116,1147,1184,1248,1320,1320,1394,1394,1470,1512,1628,1628,1748,1786,1833,1911,2050,2100,2184,2236,2376,2520,2632,2842,3050,3162,3213,3445,3564,3808,4118,4307,4500,4774,5200,5561,5934,6408,6789,7488,8000,8798,9265,10208,11224,12416,13736,15158,17289,19560,22704,26410,30900,36450,43719,53268,65912,83411,109725,148800,166520,161814,158976,153676,146625,137138,124355,95140,52716,15622,0,0,0,0,0,0,0,0,0,0,0,0,0,0,0,0,0,0,0,0,0,0,0,0,0,0,0,0,0,0,0,0,0,0,0,0,0,0,0,0,0,0,0,0,0,0,0,0,0,0,0,0,0,0,0,0,0,0,0,0,0,0,0,0,0,0,0,0,0,0,0,0,0,0,0,0,0,0,0,0,0,0,0,0,0,0,0,0,0,0,0
108,108,99,99,99,99,99,99,99,108,108,108,108,99,120,120,108,108,108,108,120,130,130,130,130,110,120,120,120,120,120,120,120,120,130,143,143,143,143,143,143,143,143,154,154,154,143,143,165,154,154,154,154,165,165,180,192,208,208,208,195,221,238,238,224,224,224,224,224,224,224,224,224,255,255,255,255,255,240,270,255,255,255,255,255,288,288,288,304,304,320,320,320,320,320,357,357,357,357,357,374,378,378,396,396,378,399,437,418,418,437,460,440,460,460,504,460,483,525,504,525,550,550,572,572,621,621,644,621,672,672,696,696,750,780,780,806,864,864,896,896,957,986,986,1015,1050,1080,1147,1110,1147,1209,1209,1209,1280,1312,1353,1470,1540,1656,1620,1739,1824,1911,1960,2091,2288,2332,2430,2576,2622,2891,3000,3111,3276,3445,3685,3808,4104,4307,4697,4992,5346,5712,6090,6768,7200,7900,8424,9460,10413,11562,12740,14317,16280,18762,21375,25024,29896,35420,43050,53075,67176,87822,109710,114276,111904,109473,107030,105329,100254,93328,73840,40257,11440,0,0,0,0,0,0,0,0,0,0,0,0,0,0,0,0,0,0,0,0,0,0,0,0,0,0,0,0,0,0,0,0,0,0,0,0,0,0,0,0,0,0,0,0,0,0,0,0,0,0
120,132,120,120,140,143,143,143,143,143,143,143,143,154,154,154,154,154,168,156,168,168,180,180,195,195,195,195,182,195,195,195,210,195,195,210,210,195,208,208,224,224,224,224,238,255,255,255,255,255,255,270,270,252,270,304,304,304,304,288,288,304,304,323,323,340,340,340,378,378,378,378,396,418,418,399,399,418,440,418,418,437,437,437,460,480,504,504,525,525,525,572,550,572,572,594,594,644,644,667,644,725,725,750,754,780,806,837,837,864,896,924,986,986,986,1015,1050,1080,1147,1178,1209,1320,1394,1470,1505,1584,1591,1672,1755,1840,1920,1968,2009,2058,2150,2193,2244,2430,2576,2736,2891,3050,3286,3456,3630,4060,4118,4380,4788,5214,5494,5950,6408,6716,7566,8632,9265,9680,10440,11439,12771,14628,16317,18644,21632,24705,28457,34662,42350,51030,64965,86240,113524,160465,174915,170937,167676,164980,160500,148971,129960,35960,0,0,0,0,0,0,0,0,0,0,0,0,0,0,0,0,0,0,0,0,0,0,0,0,0,0,0,0,0,0,0,0,0,0,0,0,0,0,0,0,0,0,0,0,0,0,0,0,0,0,0,0,0,0,0,0,0,0,0,0,0,0,0,0,0,0,0,0,0,0,0,0,0,0,0,0,0,0,0,0,0,0
238,224,224,224,224,252,238,238,270,285,285,285,285,285,285,304,304,304,320,320,320,320,340,357,357,340,357,357,357,378,396,396,418,437,418,418,437,437,456,456,437,460,460,480,504,525,525,546,546,572,594,598,621,621,644,700,725,725,725,775,800,832,832,891,896,952,952,986,1015,1044,1110,1110,1147,1178,1216,1248,1287,1320,1394,1428,1496,1540,1702,1739,1824,1960,2050,2091,2279,2332,2484,2679,2832,2940,3213,3328,3551,3795,4047,4248,4575,4914,5346,5762,6160,6624,7296,7800,8424,9265,10324,11562,12969,14700,16650,19159,22446,26410,32395,39440,48880,61655,80004,108744,130938,137128,136136,134652,132411,127798,121808,97656,51525,9715,0,0,0,0,0,0,0,0,0,0,0,0,0,0,0,0,0,0,0,0,0,0,0,0,0,0,0,0,0,0,0,0,0,0,0,0,0,0,0,0,0,0,0,0,0,0,0,0,0,0,0,0,0,0,0,0,0,0,0,0,0,0,0,0,0,0,0,0,0,0,0,0,0,0,0,0,0,0,0,0,0,0,0,0,0,0,0,0,0,0,0,0,0,0,0,0,0,0,0,0,0,0,0,0,0,0,0,0,0,0,0,0,0,0,0,0,0,0,0,0,0,0,0,0,0,0,0,0,0,0
180,195,208,208,208,208,208,221,238,238,221,224,252,238,238,238,238,238,252,252,270,285,285,304,304,304,288,320,304,304,320,320,340,340,340,340,357,357,357,396,378,399,418,418,418,483,460,480,480,504,480,525,525,525,525,525,572,594,572,594,621,644,644,667,725,725,720,750,750,806,806,864,864,924,986,1015,1050,1080,1116,1147,1216,1216,1287,1287,1320,1386,1428,1505,1540,1620,1665,1739,1872,2000,2091,2236,2322,2475,2668,2832,2940,3276,3380,3685,3864,4189,4500,4774,5120,5644,6090,6643,7050,7821,8632,9657,10440,11532,13167,15158,17136,20252,24073,28656,34540,43050,54488,70180,95370,133182,161008,156450,152650,146248,137632,123836,94037,45466,0,0,0,0,0,0,0,0,0,0,0,0,0,0,0,0,0,0,0,0,0,0,0,0,0,0,0,0,0,0,0,0,0,0,0,0,0,0,0,0,0,0,0,0,0,0,0,0,0,0,0,0,0,0,0,0,0,0,0,0,0,0,0,0,0,0,0,0,0,0,0,0,0,0,0,0,0,0,0,0,0,0,0,0,0,0,0,0,0,0,0,0,0,0,0,0,0,0,0,0,0,0,0,0,0,0,0,0,0,0,0,0,0,0,0,0,0,0,0,0,0,0,0,0,0,0
120,108,108,108,154,154,154,165,165,143,156,180,168,168,168,182,195,195,195,208,195,210,224,224,224,224,224,224,210,240,224,255,255,255,255,255,270,288,270,288,270,304,323,304,304,323,340,323,323,323,323,340,378,378,378,396,418,440,440,440,440,460,440,440,460,460,504,504,525,525,550,550,572,598,621,644,648,700,725,725,750,780,780,806,864,891,891,924,980,980,1044,1080,1110,1147,1147,1216,1287,1360,1470,1505,1628,1665,1710,1786,1872,2050,2050,2236,2376,2475,2668,2832,3038,3328,3445,3740,3990,4307,4774,5056,5478,5916,6480,7050,7800,8586,9435,10502,11970,13736,16060,18369,21844,26649,32283,40936,51761,67487,91750,124202,136036,136290,134810,133630,133284,121605,84825,29455,0,0,0,0,0,0,0,0,0,0,0,0,0,0,0,0,0,0,0,0,0,0,0,0,0,0,0,0,0,0,0,0,0,0,0,0,0,0,0,0,0,0,0,0,0,0,0,0,0,0,0,0,0,0,0,0,0,0,0,0,0,0,0,0,0,0,0,0,0,0,0,0,0,0,0,0,0,0,0,0,0,0,0,0,0,0,0,0,0,0,0,0,0,0,0,0,0,0,0,0,0,0,0,0,0,0,0,0,0,0,0,0,0,0,0,0
120,120,130,143,143,143,143,143,154,154,154,154,168,168,165,165,165,165,180,168,195,180,180,180,210,224,208,208,208,224,208,255,238,224,238,238,238,238,255,270,270,270,285,285,300,285,304,320,340,340,357,378,378,396,396,437,418,418,414,437,440,456,437,460,480,480,500,500,500,546,546,594,616,594,644,672,696,720,720,775,775,832,891,864,891,924,986,1015,1080,1080,1147,1178,1216,1248,1353,1353,1428,1505,1540,1620,1786,1872,1960,2091,2091,2322,2475,2726,2832,3000,3213,3445,3672,3990,4234,4636,5120,5330,5963,6552,7104,7700,8692,9718,11011,12288,14178,16132,19234,23270,28710,35520,45360,58870,78754,112056,136920,134805,133182,130464,124972,115128,84600,31515,0,0,0,0,0,0,0,0,0,0,0,0,0,0,0,0,0,0,0,0,0,0,0,0,0,0,0,0,0,0,0,0,0,0,0,0,0,0,0,0,0,0,0,0,0,0,0,0,0,0,0,0,0,0,0,0,0,0,0,0,0,0,0,0,0,0,0,0,0,0,0,0,0,0,0,0,0,0,0,0,0,0,0,0,0,0,0,0,0,0,0,0,0,0,0,0,0,0,0,0,0,0,0,0,0,0,0,0,0,0,0,0,0,0,0,0,0,0,0,0
140,140,140,168,156,154,154,154,154,154,154,165,165,180,195,208,195,195,195,195,195,221,221,221,208,208,224,238,221,221,238,238,270,270,270,285,285,285,270,304,304,304,304,320,320,304,336,336,320,357,396,418,418,437,460,460,480,480,504,528,504,525,504,525,550,572,594,594,648,672,672,725,700,696,720,750,750,775,775,832,858,924,980,980,1050,1080,1147,1216,1287,1320,1400,1470,1470,1505,1665,1710,1833,1872,2000,2132,2322,2420,2622,2820,2928,3150,3380,3618,3850,4234,4560,4977,5460,6072,6716,7144,8160,9156,10179,11439,13300,15264,17940,21328,25704,32012,40152,52164,70091,96768,131275,127972,126480,126280,122144,112420,81499,31178,0,0,0,0,0,0,0,0,0,0,0,0,0,0,0,0,0,0,0,0,0,0,0,0,0,0,0,0,0,0,0,0,0,0,0,0,0,0,0,0,0,0,0,0,0,0,0,0,0,0,0,0,0,0,0,0,0,0,0,0,0,0,0,0,0,0,0,0,0,0,0,0,0,0,0,0,0,0,0,0,0,0,0,0,0,0,0,0,0,0,0,0,0,0,0,0,0,0,0,0,0,0,0,0,0,0,0,0,0,0,0,0,0,0,0,0,0,0,0,0,0,0,0,0,0,0
121,110,120,120,120,120,120,120,120,120,120,120,120,132,132,144,144,144,144,156,156,156,132,144,156,156,156,182,182,182,182,182,182,195,195,210,195,195,195,208,195,195,195,208,208,224,224,238,255,255,238,252,252,238,285,270,270,270,285,285,304,323,340,323,340,340,340,342,360,360,360,378,399,418,418,437,418,460,460,460,480,480,480,504,550,572,550,572,621,644,621,672,696,696,725,750,780,837,864,858,891,924,952,1015,1015,1110,1147,1209,1248,1280,1353,1462,1584,1620,1710,1833,1950,2091,2226,2322,2365,2668,2880,3050,3445,3672,3976,4248,4560,4977,5478,6003,7050,7546,8160,9156,10413,12096,13770,16317,19159,22912,28457,36000,46003,61090,86152,116259,138957,137456,135995,134277,127300,104807,45076,0,0,0,0,0,0,0,0,0,0,0,0,0,0,0,0,0,0,0,0,0,0,0,0,0,0,0,0,0,0,0,0,0,0,0,0,0,0,0,0,0,0,0,0,0,0,0,0,0,0,0,0,0,0,0,0,0,0,0,0,0,0,0,0,0,0,0,0,0,0,0,0,0,0,0,0,0,0,0,0,0,0,0,0,0,0,0,0,0,0,0,0,0,0,0,0,0,0,0,0,0,0,0,0,0,0,0,0,0
99,80,90,99,90,99,99,99,99,99,99,108,108,108,108,108,117,130,130,143,132,144,144,144,144,156,143,156,156,156,168,156,156,156,168,195,195,195,195,180,208,195,208,224,224,221,221,221,238,238,238,255,272,288,288,272,272,288,288,304,320,340,357,357,357,357,357,378,378,378,418,418,440,440,460,480,480,480,525,525,546,567,567,594,594,644,644,696,725,725,750,750,775,832,864,891,952,980,980,1073,1044,1147,1147,1248,1320,1386,1505,1584,1628,1702,1824,1911,1950,2132,2279,2365,2565,2773,3050,3213,3551,3740,4104,4484,4819,5229,5848,6370,7104,8034,9240,10296,12065,14076,16720,19800,24366,30576,38157,50416,67520,95342,127200,136956,132620,124545,113022,85744,35179,0,0,0,0,0,0,0,0,0,0,0,0,0,0,0,0,0,0,0,0,0,0,0,0,0,0,0,0,0,0,0,0,0,0,0,0,0,0,0,0,0,0,0,0,0,0,0,0,0,0,0,0,0,0,0,0,0,0,0,0,0,0,0,0,0,0,0,0,0,0,0,0,0,0,0,0,0,0,0,0,0,0,0,0,0,0,0,0,0,0,0,0,0,0,0,0,0,0,0,0,0,0,0,0,0,0,0,0,0,0,0,0,0,0,0
180,195,208,208,208,208,208,221,221,221,238,252,238,255,270,270,270,285,285,320,320,323,320,320,340,320,357,357,357,378,378,396,399,440,418,437,460,504,504,525,550,572,572,594,621,621,672,672,725,780,780,780,837,864,864,864,924,952,1008,1073,1080,1178,1287,1320,1394,1505,1584,1672,1794,1872,1960,2100,2279,2420,2679,2832,3038,3150,3498,3850,4234,4620,5103,5610,6461,7275,8058,9156,10179,12065,13938,16610,20328,25515,32100,41650,56252,80152,115328,113295,113430,109890,103563,89148,49780,0,0,0,0,0,0,0,0,0,0,0,0,0,0,0,0,0,0,0,0,0,0,0,0,0,0,0,0,0,0,0,0,0,0,0,0,0,0,0,0,0,0,0,0,0,0,0,0,0,0,0,0,0,0,0,0,0,0,0,0,0,0,0,0,0,0,0,0,0,0,0,0,0,0,0,0,0,0,0,0,0,0,0,0,0,0,0,0,0,0,0,0,0,0,0,0,0,0,0,0,0,0,0,0,0,0,0,0,0,0,0,0,0,0,0,0,0,0,0,0,0,0,0,0,0,0,0,0,0,0,0,0,0,0,0,0,0,0,0,0,0,0,0,0,0,0,0,0,0,0,0,0,0,0,0,0,0,0,0
104,126,117,117,126,108,130,130,130,130,130,154,143,154,165,154,154,143,154,154,180,192,180,192,208,195,180,208,208,208,238,238,238,255,224,238,255,255,255,270,272,272,288,288,304,304,304,323,323,360,360,360,360,378,378,418,399,378,418,396,437,437,460,460,480,500,500,546,525,546,594,621,644,672,696,696,754,780,806,837,864,924,957,1015,1080,1147,1178,1248,1280,1353,1435,1435,1548,1665,1786,1872,1960,2184,2279,2376,2576,2726,2989,3162,3498,3920,4248,4636,5200,5561,6552,7296,8446,9072,10324,12096,14280,16800,20252,25110,32072,41452,56628,79686,115902,149742,151173,150406,148770,136891,14981,0,0,0,0,0,0,0,0,0,0,0,0,0,0,0,0,0,0,0,0,0,0,0,0,0,0,0,0,0,0,0,0,0,0,0,0,0,0,0,0,0,0,0,0,0,0,0,0,0,0,0,0,0,0,0,0,0,0,0,0,0,0,0,0,0,0,0,0,0,0,0,0,0,0,0,0,0,0,0,0,0,0,0,0,0,0,0,0,0,0,0,0,0,0,0,0,0,0,0,0,0,0,0,0,0,0,0,0,0,0,0,0,0,0,0,0,0,0,0,0,0,0,0,0,0,0,0,0,0,0,0,0,0
104,104,104,126,117,126,126,117,140,126,126,140,140,140,154,117,117,130,154,140,140,140,140,140,140,140,130,130,154,168,165,154,154,154,154,168,165,180,180,180,154,195,208,180,195,208,208,208,208,208,238,224,238,238,238,255,224,270,270,270,270,270,304,304,304,320,340,360,360,357,340,396,418,396,437,437,418,460,460,480,460,525,525,546,525,572,621,644,621,672,696,750,806,832,858,952,980,1015,1044,1110,1147,1248,1287,1360,1360,1470,1548,1702,1786,1872,2058,2268,2475,2679,2880,3100,3328,3618,3920,4307,4788,5280,5934,6643,7469,8632,9744,11280,13433,15914,19886,25208,32395,43676,61028,91290,129260,142785,142800,141120,138787,114905,38400,0,0,0,0,0,0,0,0,0,0,0,0,0,0,0,0,0,0,0,0,0,0,0,0,0,0,0,0,0,0,0,0,0,0,0,0,0,0,0,0,0,0,0,0,0,0,0,0,0,0,0,0,0,0,0,0,0,0,0,0,0,0,0,0,0,0,0,0,0,0,0,0,0,0,0,0,0,0,0,0,0,0,0,0,0,0,0,0,0,0,0,0,0,0,0,0,0,0,0,0,0,0,0,0,0,0,0,0,0,0,0,0,0,0,0,0,0,0,0,0,0
130,130,140,154,154,154,154,168,180,180,180,180,168,180,208,208,221,221,238,238,240,255,255,255,270,272,288,270,270,304,285,320,320,304,340,320,340,378,360,378,378,418,418,399,440,460,440,460,460,480,480,546,525,546,621,621,648,672,696,725,750,780,806,864,864,957,1015,1050,1110,1147,1216,1287,1386,1462,1584,1702,1833,2000,2091,2279,2475,2726,2950,3162,3445,3933,4234,4712,5184,6003,6624,7644,8715,9918,11875,13938,16872,21328,27580,37327,51324,76152,116025,116617,114114,109068,99534,66270,13120,0,0,0,0,0,0,0,0,0,0,0,0,0,0,0,0,0,0,0,0,0,0,0,0,0,0,0,0,0,0,0,0,0,0,0,0,0,0,0,0,0,0,0,0,0,0,0,0,0,0,0,0,0,0,0,0,0,0,0,0,0,0,0,0,0,0,0,0,0,0,0,0,0,0,0,0,0,0,0,0,0,0,0,0,0,0,0,0,0,0,0,0,0,0,0,0,0,0,0,0,0,0,0,0,0,0,0,0,0,0,0,0,0,0,0,0,0,0,0,0,0,0,0,0,0,0,0,0,0,0,0,0,0,0,0,0,0,0,0,0,0,0,0,0,0,0,0,0,0,0,0,0,0,0,0
810,810,810,810,810,837,837,864,868,868,896,896,957,986,986,957,986,1020,1020,1020,1054,1085,1085,1116,1085,1152,1120,1152,1152,1221,1254,1292,1326,1287,1326,1292,1326,1365,1400,1400,1400,1435,1435,1554,1591,1591,1628,1710,1672,1755,1800,1800,1840,1880,1927,2058,2016,2107,2107,2193,2200,2200,2340,2346,2438,2438,2484,2585,2585,2640,2736,2793,2793,2900,2950,3050,3111,3162,3286,3286,3456,3510,3630,3685,3808,3944,3990,4248,4440,4440,4575,4697,5056,5120,5265,5412,5494,5712,5934,6003,6319,6390,6789,6862,7200,7700,7979,8160,8424,9657,9350,9718,10920,10738,11346,12000,12416,13068,13872,14420,15515,16539,17442,18486,19723,20787,22225,23842,25704,27300,29435,31650,34255,37260,41140,44958,48861,54514,59792,65932,73590,82950,93250,105868,120416,137712,150800,160615,161172,159278,155400,151811,148144,144384,138128,133330,125644,115304,103224,87234,68250,46620,0,0,0,0,0,0,0,0,0,0,0,0,0,0,0,0,0,0,0,0,0,0,0,0,0,0,0,0,0,0,0,0,0,0,0,0,0,0,0,0,0,0,0,0,0,0,0,0,0,0,0,0,0,0,0,0,0,0,0,0,0,0,0,0,0,0,0,0,0,0,0,0,0,0,0,0,0,0,0,0,0,0,0,0,0,0,0,0,0,0,0,0,0,0,0,0,0,0,0,0,0,0
598,624,648,648,648,672,672,700,675,700,700,700,725,725,750,780,780,780,780,810,840,810,868,868,896,896,957,957,896,924,924,924,986,986,1020,1020,1050,1080,1116,1116,1116,1147,1147,1147,1216,1254,1221,1254,1254,1326,1326,1365,1440,1476,1476,1512,1554,1591,1634,1672,1716,1755,1794,1794,1800,1840,1968,1968,2058,2016,2107,2107,2107,2200,2295,2392,2438,2484,2538,2585,2688,2736,2793,2850,2950,3060,3111,3224,3339,3392,3520,3575,3696,3819,3944,4071,4260,4331,4464,4588,4800,4940,5070,5427,5360,5576,5950,6106,6336,6660,6808,7144,7488,7920,8282,8549,9116,9483,10057,10580,11115,11737,12276,12928,13699,14659,15510,16352,17250,18720,20088,21336,23100,25208,26838,28908,31408,34880,37785,41040,45974,50303,56914,62307,70400,80262,91364,104788,121401,141831,154770,158200,154000,151866,147441,143678,137940,133200,126336,116870,106020,91854,74400,52896,25662,0,0,0,0,0,0,0,0,0,0,0,0,0,0,0,0,0,0,0,0,0,0,0,0,0,0,0,0,0,0,0,0,0,0,0,0,0,0,0,0,0,0,0,0,0,0,0,0,0,0,0,0,0,0,0,0,0,0,0,0,0,0,0,0,0,0,0,0,0,0,0,0,0,0,0,0,0,0,0,0,0,0,0,0,0,0,0,0,0,0,0,0,0,0,0,0,0,0,0
575,598,575,598,575,598,624,624,624,672,700,700,700,754,725,754,754,754,754,810,810,837,837,837,868,899,928,928,928,928,957,928,1020,990,1020,1050,1116,1116,1184,1152,1184,1184,1188,1221,1221,1258,1330,1330,1365,1365,1440,1440,1476,1476,1512,1517,1591,1591,1591,1672,1710,1710,1800,1880,1920,1968,1968,1968,2100,2150,2244,2288,2385,2438,2484,2538,2640,2744,2793,2842,2950,3120,3172,3233,3286,3392,3456,3564,3696,3944,4002,4118,4248,4380,4588,4650,4977,5120,5280,5576,5644,5934,6248,6552,6734,6956,7600,7600,8080,8343,9020,9374,10738,10465,11186,11931,12446,13231,14144,15228,15950,17063,18526,19723,21375,23140,25432,27548,30396,32956,36450,39816,44856,49929,55919,64024,72675,82239,95861,111908,131859,154872,168002,165620,163611,162285,159040,156022,150997,146688,139160,127758,110880,90944,63468,0,0,0,0,0,0,0,0,0,0,0,0,0,0,0,0,0,0,0,0,0,0,0,0,0,0,0,0,0,0,0,0,0,0,0,0,0,0,0,0,0,0,0,0,0,0,0,0,0,0,0,0,0,0,0,0,0,0,0,0,0,0,0,0,0,0,0,0,0,0,0,0,0,0,0,0,0,0,0,0,0,0,0,0,0,0,0,0,0,0,0,0,0,0,0,0,0,0,0,0,0,0,0,0,0,0,0,0,0
528,528,550,550,550,572,575,575,598,598,598,621,621,621,672,648,672,672,672,675,675,700,675,725,728,728,754,754,754,754,780,810,837,837,837,864,864,896,924,924,924,924,986,986,1015,986,1050,1116,1116,1147,1221,1184,1216,1254,1360,1326,1326,1326,1400,1400,1400,1480,1480,1517,1634,1596,1634,1716,1716,1800,1800,1840,1927,1927,2016,2107,2107,2200,2295,2340,2438,2438,2538,2585,2736,2736,2793,2900,2958,3068,3120,3286,3348,3630,3696,3819,3944,4260,4392,4331,4536,4864,5070,5135,5280,5576,5740,5964,6336,6497,6900,7238,7584,8200,8652,9030,9592,10080,10788,11520,12177,13081,13992,14796,15873,17135,18445,20250,21801,23760,25900,28275,30955,34776,38243,42768,47915,53820,61065,70818,82216,96234,112312,133623,142600,139328,136590,133878,131625,128700,123679,117649,109237,97856,83062,63168,36084,0,0,0,0,0,0,0,0,0,0,0,0,0,0,0,0,0,0,0,0,0,0,0,0,0,0,0,0,0,0,0,0,0,0,0,0,0,0,0,0,0,0,0,0,0,0,0,0,0,0,0,0,0,0,0,0,0,0,0,0,0,0,0,0,0,0,0,0,0,0,0,0,0,0,0,0,0,0,0,0,0,0,0,0,0,0,0,0,0,0,0,0,0,0,0,0,0,0,0,0,0,0,0,0,0,0,0
440,420,420,420,440,440,440,460,483,483,483,483,504,483,483,552,552,575,575,575,552,575,575,575,575,575,598,575,598,624,648,648,648,672,672,700,700,700,725,725,700,754,754,754,780,783,810,810,810,810,868,899,896,928,990,1020,1020,1020,1054,1085,1080,1085,1120,1152,1152,1221,1221,1258,1292,1326,1326,1400,1440,1440,1480,1517,1558,1596,1634,1672,1716,1755,1840,1968,1968,2058,2058,2150,2200,2340,2340,2340,2530,2585,2688,2688,2793,2900,3009,3060,3172,3348,3510,3640,3819,3933,4071,4200,4392,4536,4725,4928,5135,5589,5658,5950,6177,6497,6992,7315,7663,8100,8736,9309,9790,10374,10998,11956,12474,13362,14659,15762,16872,18564,20212,22188,24254,26790,29547,32436,36838,40630,46592,52608,61182,69642,80964,95625,116334,131823,127310,124684,120950,117412,111438,104576,97960,87391,74880,56889,36068,0,0,0,0,0,0,0,0,0,0,0,0,0,0,0,0,0,0,0,0,0,0,0,0,0,0,0,0,0,0,0,0,0,0,0,0,0,0,0,0,0,0,0,0,0,0,0,0,0,0,0,0,0,0,0,0,0,0,0,0,0,0,0,0,0,0,0,0,0,0,0,0,0,0,0,0,0,0,0,0,0,0,0,0,0,0,0,0,0,0,0,0,0,0,0,0,0,0,0,0,0,0,0
360,360,360,378,378,378,378,418,418,418,418,399,399,418,418,418,418,460,440,483,462,483,483,504,504,528,550,552,552,575,575,575,624,624,624,600,624,648,648,648,675,728,702,728,728,728,783,783,783,783,810,810,868,868,896,896,868,928,957,957,957,990,1020,1020,1085,1085,1085,1152,1188,1221,1254,1254,1254,1326,1326,1440,1440,1440,1476,1554,1517,1596,1710,1710,1800,1840,1840,1968,2058,2107,2150,2244,2244,2340,2538,2484,2688,2736,2842,2850,3009,3172,3348,3520,3575,3696,3944,4130,4331,4650,4774,5005,5293,5427,5727,6177,6552,6734,6975,7372,7821,8364,8715,9460,10057,10647,11224,12474,13464,14734,15950,17365,18921,20584,23187,25619,28512,32494,36512,40869,46956,54292,63600,74328,88288,106774,125715,138910,138824,136200,134640,131460,129200,124955,118678,107210,89662,66199,31350,0,0,0,0,0,0,0,0,0,0,0,0,0,0,0,0,0,0,0,0,0,0,0,0,0,0,0,0,0,0,0,0,0,0,0,0,0,0,0,0,0,0,0,0,0,0,0,0,0,0,0,0,0,0,0,0,0,0,0,0,0,0,0,0,0,0,0,0,0,0,0,0,0,0,0,0,0,0,0,0,0,0,0,0,0,0,0,0,0,0,0,0,0,0,0,0,0,0,0,0,0,0,0,0,0
504,528,528,528,528,550,575,575,575,598,598,648,648,648,648,648,672,672,648,700,728,754,725,725,754,754,780,754,806,810,837,837,864,868,896,896,896,957,986,957,986,1054,1085,1116,1152,1184,1221,1254,1254,1326,1326,1326,1365,1476,1480,1517,1591,1634,1634,1716,1716,1794,1880,1880,2016,2058,2200,2244,2295,2340,2484,2530,2632,2632,2784,2900,3009,3120,3224,3445,3630,3696,3876,4012,4331,4453,4588,4725,5005,5360,5494,5712,6106,6408,6734,7315,7742,8000,8736,9202,9856,10672,11280,12222,13130,14144,15478,16837,18683,20295,22446,24840,27832,31408,35076,39342,45645,52907,61090,71500,85910,102704,123838,125993,122247,118665,115624,109928,102845,95152,83160,68452,47064,19465,0,0,0,0,0,0,0,0,0,0,0,0,0,0,0,0,0,0,0,0,0,0,0,0,0,0,0,0,0,0,0,0,0,0,0,0,0,0,0,0,0,0,0,0,0,0,0,0,0,0,0,0,0,0,0,0,0,0,0,0,0,0,0,0,0,0,0,0,0,0,0,0,0,0,0,0,0,0,0,0,0,0,0,0,0,0,0,0,0,0,0,0,0,0,0,0,0,0,0,0,0,0,0,0,0,0,0,0,0,0,0,0,0,0,0,0,0,0,0,0,0,0,0,0,0,0,0,0,0,0
360,360,380,380,399,399,360,360,378,378,378,396,396,418,418,440,440,440,440,460,440,440,460,483,504,504,504,504,504,528,552,552,552,575,575,575,624,624,648,624,624,648,648,672,700,672,725,725,754,754,783,810,810,868,868,868,928,928,928,957,1020,1020,1020,1020,1050,1116,1152,1120,1254,1254,1326,1254,1254,1287,1326,1326,1360,1435,1554,1554,1591,1710,1755,1840,1840,1927,1968,2107,2107,2244,2295,2385,2484,2576,2632,2736,2842,3000,3050,3000,3213,3392,3510,3752,3876,4189,4453,4514,4514,4928,5135,5412,5561,6020,6461,6480,6956,7392,7800,8240,8988,9435,10120,10920,11970,12969,13872,15301,16650,18055,19920,22225,24790,27580,30932,34944,39674,45666,52542,60802,71613,86400,102834,121440,121520,117876,115488,112219,107341,102588,95100,83916,66043,46056,0,0,0,0,0,0,0,0,0,0,0,0,0,0,0,0,0,0,0,0,0,0,0,0,0,0,0,0,0,0,0,0,0,0,0,0,0,0,0,0,0,0,0,0,0,0,0,0,0,0,0,0,0,0,0,0,0,0,0,0,0,0,0,0,0,0,0,0,0,0,0,0,0,0,0,0,0,0,0,0,0,0,0,0,0,0,0,0,0,0,0,0,0,0,0,0,0,0,0,0,0,0,0,0,0,0,0,0,0,0
380,399,399,399,399,440,440,440,460,460,460,460,506,506,504,504,504,525,550,528,528,550,550,572,598,598,624,648,648,648,672,700,700,700,725,725,754,754,754,783,783,810,812,840,868,868,896,957,957,957,1020,1050,1020,1020,1085,1085,1152,1152,1221,1258,1292,1326,1400,1440,1517,1517,1517,1596,1638,1677,1760,1716,1886,1927,1880,2016,2016,2150,2250,2340,2392,2538,2592,2744,2842,2900,3009,3180,3286,3402,3640,3819,4012,4200,4260,4662,4725,5082,5226,5508,5893,6192,6586,6992,7238,7857,8484,9116,9592,10716,11328,12400,13416,14445,15904,17400,19276,21082,23718,26508,30247,34344,38976,45180,53312,61479,74328,90360,105336,119250,116848,114091,111504,108570,104040,97055,89060,75888,54978,25615,0,0,0,0,0,0,0,0,0,0,0,0,0,0,0,0,0,0,0,0,0,0,0,0,0,0,0,0,0,0,0,0,0,0,0,0,0,0,0,0,0,0,0,0,0,0,0,0,0,0,0,0,0,0,0,0,0,0,0,0,0,0,0,0,0,0,0,0,0,0,0,0,0,0,0,0,0,0,0,0,0,0,0,0,0,0,0,0,0,0,0,0,0,0,0,0,0,0,0,0,0,0,0,0,0,0,0,0,0,0,0,0,0,0,0,0,0,0,0,0,0,0,0,0
399,380,380,380,399,399,420,440,462,441,462,462,483,506,506,528,506,483,504,528,528,550,550,575,575,575,598,624,624,650,648,624,648,648,700,700,700,700,725,780,754,780,810,868,868,837,899,896,896,896,960,990,990,1054,1085,1085,1152,1184,1184,1221,1292,1292,1326,1365,1440,1476,1476,1554,1591,1596,1760,1800,1886,1927,1974,2016,2150,2244,2392,2444,2538,2695,2800,2958,3068,3172,3286,3348,3520,3762,3944,4071,4331,4514,4864,5070,5360,5508,6035,6351,6750,7161,7488,8200,8840,9612,10396,11115,12078,13287,14310,16016,17400,19557,21801,24616,27840,31824,36349,42175,49896,59450,70914,87084,107440,133947,139800,136350,133179,127484,122417,114208,101660,82377,53404,0,0,0,0,0,0,0,0,0,0,0,0,0,0,0,0,0,0,0,0,0,0,0,0,0,0,0,0,0,0,0,0,0,0,0,0,0,0,0,0,0,0,0,0,0,0,0,0,0,0,0,0,0,0,0,0,0,0,0,0,0,0,0,0,0,0,0,0,0,0,0,0,0,0,0,0,0,0,0,0,0,0,0,0,0,0,0,0,0,0,0,0,0,0,0,0,0,0,0,0,0,0,0,0,0,0,0,0,0,0,0,0,0,0,0,0,0,0,0,0,0,0,0,0,0,0,0,0,0
323,323,323,324,324,342,342,342,342,360,360,342,342,360,380,380,399,380,380,399,399,380,380,399,399,420,440,440,420,440,440,483,483,483,483,506,600,552,575,598,624,600,648,648,648,648,700,675,700,728,754,754,754,810,837,864,837,864,924,896,957,986,1020,1050,1020,1085,1116,1147,1216,1254,1287,1326,1326,1394,1394,1470,1628,1628,1710,1794,1880,1920,1968,2058,2107,2244,2288,2430,2430,2530,2679,2784,2891,3050,3276,3392,3630,3740,4047,4320,4392,4712,5056,5330,5478,5848,6072,6624,7125,7524,8240,8881,9520,10296,11562,12384,13700,15264,16872,18676,21328,24156,27440,31800,36411,43152,51051,61295,74144,91020,115926,148036,162692,164312,155390,147828,136116,120950,97881,60916,0,0,0,0,0,0,0,0,0,0,0,0,0,0,0,0,0,0,0,0,0,0,0,0,0,0,0,0,0,0,0,0,0,0,0,0,0,0,0,0,0,0,0,0,0,0,0,0,0,0,0,0,0,0,0,0,0,0,0,0,0,0,0,0,0,0,0,0,0,0,0,0,0,0,0,0,0,0,0,0,0,0,0,0,0,0,0,0,0,0,0,0,0,0,0,0,0,0,0,0,0,0,0,0,0,0,0,0,0,0,0,0,0,0,0,0,0,0,0,0,0,0,0,0
238,252,270,255,255,270,288,288,288,288,288,288,289,306,306,306,306,323,323,323,323,340,342,342,360,360,360,360,378,360,360,378,399,399,440,440,462,462,440,460,462,480,504,483,480,528,504,504,504,572,575,598,598,598,624,624,624,648,675,675,700,700,700,754,754,780,780,780,837,837,868,868,928,928,960,990,1054,1085,1120,1152,1184,1221,1254,1258,1258,1365,1440,1435,1554,1596,1672,1716,1755,1800,1880,1974,2107,2200,2295,2392,2484,2640,2640,2793,2891,3000,3120,3286,3510,3762,3876,4060,4320,4588,5005,5293,5508,5950,6424,6825,7238,7742,8568,9396,10080,11115,12177,13231,14659,16385,18135,20500,23100,26271,30545,35457,41211,49742,59186,73024,91750,116200,147154,148482,143374,137900,129240,116116,98088,70247,33000,0,0,0,0,0,0,0,0,0,0,0,0,0,0,0,0,0,0,0,0,0,0,0,0,0,0,0,0,0,0,0,0,0,0,0,0,0,0,0,0,0,0,0,0,0,0,0,0,0,0,0,0,0,0,0,0,0,0,0,0,0,0,0,0,0,0,0,0,0,0,0,0,0,0,0,0,0,0,0,0,0,0,0,0,0,0,0,0,0,0,0,0,0,0,0,0,0,0,0,0,0,0,0,0,0,0,0,0,0,0,0,0,0
289,289,289,289,288,288,288,272,288,304,306,288,288,306,323,342,342,342,342,342,342,360,360,361,380,399,399,399,399,418,399,399,440,440,440,440,460,460,460,460,528,528,528,575,575,598,621,621,621,621,672,696,696,725,750,750,754,754,754,810,837,864,864,896,896,957,952,990,1020,1085,1116,1147,1216,1216,1248,1360,1360,1435,1512,1672,1628,1794,1840,1880,1968,2058,2100,2091,2288,2332,2475,2632,2736,2842,3000,3100,3328,3445,3685,3864,4118,4575,4560,4758,5200,5478,5848,6300,6696,7372,8262,8774,9546,10560,11316,12740,13837,15476,17248,19470,22000,25137,29315,33966,39446,47348,57428,70632,88320,113968,137196,151011,147568,136899,125541,110880,90783,58280,0,0,0,0,0,0,0,0,0,0,0,0,0,0,0,0,0,0,0,0,0,0,0,0,0,0,0,0,0,0,0,0,0,0,0,0,0,0,0,0,0,0,0,0,0,0,0,0,0,0,0,0,0,0,0,0,0,0,0,0,0,0,0,0,0,0,0,0,0,0,0,0,0,0,0,0,0,0,0,0,0,0,0,0,0,0,0,0,0,0,0,0,0,0,0,0,0,0,0,0,0,0,0,0,0,0,0,0,0,0,0,0,0,0,0,0,0,0,0,0,0,0,0,0,0,0
378,380,399,399,399,399,418,437,460,440,460,483,598,621,754,780,864,928,896,896,924,957,986,1020,1050,1184,1152,1152,1254,1221,1326,1326,1400,1476,1548,1628,1628,1748,1794,1880,1927,2064,2150,2340,2484,2585,2576,2726,2832,3276,3339,3445,3630,3864,4248,4453,4977,5200,5412,5865,6072,6716,7125,7878,8988,9435,11040,11284,13100,14560,16539,19040,21672,25058,29784,34854,42066,51136,64050,81198,104280,133285,147907,142164,133590,122625,108420,85281,47320,0,0,0,0,0,0,0,0,0,0,0,0,0,0,0,0,0,0,0,0,0,0,0,0,0,0,0,0,0,0,0,0,0,0,0,0,0,0,0,0,0,0,0,0,0,0,0,0,0,0,0,0,0,0,0,0,0,0,0,0,0,0,0,0,0,0,0,0,0,0,0,0,0,0,0,0,0,0,0,0,0,0,0,0,0,0,0,0,0,0,0,0,0,0,0,0,0,0,0,0,0,0,0,0,0,0,0,0,0,0,0,0,0,0,0,0,0,0,0,0,0,0,0,0,0,0,0,0,0,0,0,0,0,0,0,0,0,0,0,0,0,0,0,0,0,0,0,0,0,0,0,0,0,0,0,0,0,0,0,0,0,0,0,0,0,0,0,0,0,0,0,0,0,0,0
196,196,210,210,210,210,210,224,210,224,210,225,225,240,240,240,225,240,256,240,272,289,289,306,306,289,289,306,306,323,323,306,323,323,323,360,380,360,380,360,380,378,378,378,420,420,440,483,462,462,483,483,504,528,550,550,575,598,598,572,572,624,648,648,672,648,672,696,672,725,754,783,810,810,868,868,924,928,957,957,1020,1020,1050,1116,1184,1184,1221,1365,1365,1440,1512,1596,1672,1672,1716,1840,1974,2058,2064,2200,2295,2438,2484,2695,2793,3009,3120,3286,3520,3696,4012,4130,4392,4650,5070,5508,5880,6497,6900,7680,8118,9030,10101,11115,12276,13596,15400,17516,19926,22794,26649,31408,37164,45108,55357,69642,89167,118294,149943,146540,139380,128800,116025,95494,65424,0,0,0,0,0,0,0,0,0,0,0,0,0,0,0,0,0,0,0,0,0,0,0,0,0,0,0,0,0,0,0,0,0,0,0,0,0,0,0,0,0,0,0,0,0,0,0,0,0,0,0,0,0,0,0,0,0,0,0,0,0,0,0,0,0,0,0,0,0,0,0,0,0,0,0,0,0,0,0,0,0,0,0,0,0,0,0,0,0,0,0,0,0,0,0,0,0,0,0,0,0,0,0,0,0,0,0,0,0,0,0,0,0,0,0,0,0,0,0
210,240,240,256,256,256,272,255,255,240,255,272,270,306,306,323,306,288,288,304,304,304,288,304,304,342,360,323,323,340,360,360,378,399,418,420,440,440,460,440,483,460,504,483,504,528,550,550,575,598,598,621,598,648,648,672,672,672,725,725,754,780,837,840,868,899,928,928,1054,1050,1054,1116,1184,1184,1184,1254,1326,1400,1476,1554,1634,1716,1800,1886,1968,2100,2184,2288,2385,2530,2632,2842,3000,3224,3402,3575,3876,4130,4320,4575,4977,5330,5934,6072,6862,7372,8058,8881,9718,10829,12192,13635,15914,18252,21250,25296,30044,35457,43575,54405,68985,89661,120132,143190,154253,147060,136116,119658,95634,54071,0,0,0,0,0,0,0,0,0,0,0,0,0,0,0,0,0,0,0,0,0,0,0,0,0,0,0,0,0,0,0,0,0,0,0,0,0,0,0,0,0,0,0,0,0,0,0,0,0,0,0,0,0,0,0,0,0,0,0,0,0,0,0,0,0,0,0,0,0,0,0,0,0,0,0,0,0,0,0,0,0,0,0,0,0,0,0,0,0,0,0,0,0,0,0,0,0,0,0,0,0,0,0,0,0,0,0,0,0,0,0,0,0,0,0,0,0,0,0,0,0,0,0,0,0,0,0,0,0,0,0,0,0,0
224,238,238,240,240,272,272,272,288,288,288,288,288,288,323,323,323,340,340,360,360,360,378,360,360,399,399,399,399,440,440,462,483,483,483,504,528,528,550,550,572,594,598,621,621,672,672,672,696,750,780,780,810,840,868,868,928,957,986,1050,1050,1080,1147,1292,1292,1360,1476,1517,1677,1716,1800,1880,1920,2050,2142,2279,2376,2475,2632,2891,3100,3328,3510,3819,4514,4697,5184,5628,5762,6461,7125,7900,8774,9804,11040,12513,14456,16539,19159,22784,27300,33264,40656,51324,66865,89298,118490,136416,135044,124125,110880,89700,55500,0,0,0,0,0,0,0,0,0,0,0,0,0,0,0,0,0,0,0,0,0,0,0,0,0,0,0,0,0,0,0,0,0,0,0,0,0,0,0,0,0,0,0,0,0,0,0,0,0,0,0,0,0,0,0,0,0,0,0,0,0,0,0,0,0,0,0,0,0,0,0,0,0,0,0,0,0,0,0,0,0,0,0,0,0,0,0,0,0,0,0,0,0,0,0,0,0,0,0,0,0,0,0,0,0,0,0,0,0,0,0,0,0,0,0,0,0,0,0,0,0,0,0,0,0,0,0,0,0,0,0,0,0,0,0,0,0,0,0,0,0,0,0,0,0,0,0,0,0,0,0
195,195,195,195,195,208,224,224,210,210,224,210,225,240,240,224,240,255,272,256,272,272,272,306,306,306,306,323,323,323,323,323,323,340,360,360,378,378,378,399,399,399,440,420,440,440,483,483,483,483,528,528,528,550,575,598,598,598,621,650,675,700,725,725,754,810,810,810,868,899,928,960,1020,1085,1054,1085,1120,1188,1292,1330,1400,1440,1554,1591,1716,1720,1840,1927,2064,2200,2340,2544,2695,2850,3068,3180,3410,3584,3944,4130,4526,4940,5360,5727,6424,6992,7840,8568,9612,10810,12276,13965,16016,18755,22440,26838,32240,39440,50350,65664,88750,125504,171360,168063,160401,150463,131931,96115,31400,0,0,0,0,0,0,0,0,0,0,0,0,0,0,0,0,0,0,0,0,0,0,0,0,0,0,0,0,0,0,0,0,0,0,0,0,0,0,0,0,0,0,0,0,0,0,0,0,0,0,0,0,0,0,0,0,0,0,0,0,0,0,0,0,0,0,0,0,0,0,0,0,0,0,0,0,0,0,0,0,0,0,0,0,0,0,0,0,0,0,0,0,0,0,0,0,0,0,0,0,0,0,0,0,0,0,0,0,0,0,0,0,0,0,0,0,0,0,0,0,0,0,0,0,0,0,0,0,0,0,0,0,0,0,0
238,238,238,238,238,238,238,252,252,270,270,304,304,323,323,340,323,342,360,360,399,380,400,420,440,440,483,483,483,504,504,528,528,550,550,598,621,598,621,648,700,725,725,780,780,754,806,837,837,896,924,986,986,1080,1080,1184,1254,1292,1440,1476,1476,1591,1672,1710,1880,1968,2050,2184,2288,2385,2530,2726,2832,3213,3213,3564,3795,4047,4366,4898,5248,5695,6248,6862,7623,8715,9435,10472,12160,13938,15836,18837,22302,27048,32700,40338,51888,66992,89411,127428,137696,130806,120060,104980,80073,36842,0,0,0,0,0,0,0,0,0,0,0,0,0,0,0,0,0,0,0,0,0,0,0,0,0,0,0,0,0,0,0,0,0,0,0,0,0,0,0,0,0,0,0,0,0,0,0,0,0,0,0,0,0,0,0,0,0,0,0,0,0,0,0,0,0,0,0,0,0,0,0,0,0,0,0,0,0,0,0,0,0,0,0,0,0,0,0,0,0,0,0,0,0,0,0,0,0,0,0,0,0,0,0,0,0,0,0,0,0,0,0,0,0,0,0,0,0,0,0,0,0,0,0,0,0,0,0,0,0,0,0,0,0,0,0,0,0,0,0,0,0,0,0,0,0,0,0,0,0,0,0,0,0,0,0,0,0,0
120,120,130,130,143,143,154,132,132,143,143,120,143,156,156,156,156,156,156,169,182,182,182,182,210,210,210,210,196,196,210,225,240,240,256,256,272,289,289,272,272,289,289,289,306,306,323,323,306,306,342,342,342,360,361,361,380,380,378,380,399,420,440,399,441,462,483,462,506,506,504,506,552,575,575,598,648,648,672,700,700,700,754,754,810,810,810,868,928,990,1020,1050,1085,1116,1152,1254,1254,1326,1400,1400,1517,1634,1716,1800,1927,1968,2193,2340,2444,2538,2695,2907,3180,3348,3575,4060,4130,4380,4928,5214,5796,6336,6992,7938,8652,9790,10998,12600,14416,16724,19926,23674,28368,34540,44250,56914,75696,104931,147572,140160,133903,123442,105547,73428,0,0,0,0,0,0,0,0,0,0,0,0,0,0,0,0,0,0,0,0,0,0,0,0,0,0,0,0,0,0,0,0,0,0,0,0,0,0,0,0,0,0,0,0,0,0,0,0,0,0,0,0,0,0,0,0,0,0,0,0,0,0,0,0,0,0,0,0,0,0,0,0,0,0,0,0,0,0,0,0,0,0,0,0,0,0,0,0,0,0,0,0,0,0,0,0,0,0,0,0,0,0,0,0,0,0,0,0,0,0,0,0,0,0,0,0,0,0,0,0
210,182,240,210,210,224,224,224,238,224,240,255,256,272,270,270,288,288,288,288,378,378,396,418,437,418,483,504,483,504,528,528,550,550,550,598,575,624,648,700,675,700,756,810,810,837,868,868,899,957,986,1020,1080,1184,1221,1254,1365,1394,1512,1591,1628,1710,1833,1833,2009,2193,2288,2385,2530,2726,2928,3162,3328,3618,3990,4248,4560,4898,5628,6072,6696,7546,8320,9460,10384,11844,14076,16132,18954,23040,27720,34188,43172,56160,75040,102823,144926,148580,138156,124184,100980,60955,0,0,0,0,0,0,0,0,0,0,0,0,0,0,0,0,0,0,0,0,0,0,0,0,0,0,0,0,0,0,0,0,0,0,0,0,0,0,0,0,0,0,0,0,0,0,0,0,0,0,0,0,0,0,0,0,0,0,0,0,0,0,0,0,0,0,0,0,0,0,0,0,0,0,0,0,0,0,0,0,0,0,0,0,0,0,0,0,0,0,0,0,0,0,0,0,0,0,0,0,0,0,0,0,0,0,0,0,0,0,0,0,0,0,0,0,0,0,0,0,0,0,0,0,0,0,0,0,0,0,0,0,0,0,0,0,0,0,0,0,0,0,0,0,0,0,0,0,0,0,0,0,0,0,0,0,0,0,0,0,0,0
110,120,120,130,130,168,168,156,156,156,168,180,168,168,168,180,182,210,210,210,210,210,210,224,238,238,238,255,240,272,272,272,255,270,289,289,289,306,306,306,304,288,304,323,360,360,378,399,399,420,399,399,418,440,440,460,504,504,504,525,504,550,528,572,572,575,598,598,648,672,728,754,810,810,837,840,868,957,957,986,1054,1152,1221,1258,1295,1365,1517,1596,1634,1677,1760,1880,1968,2107,2295,2438,2538,2744,2900,3224,3392,3696,4002,4320,4914,5135,5644,6264,6900,7857,8736,9879,11400,13158,15400,17901,21632,26320,32283,40630,53461,72150,100746,143231,147488,137114,123246,99298,56564,0,0,0,0,0,0,0,0,0,0,0,0,0,0,0,0,0,0,0,0,0,0,0,0,0,0,0,0,0,0,0,0,0,0,0,0,0,0,0,0,0,0,0,0,0,0,0,0,0,0,0,0,0,0,0,0,0,0,0,0,0,0,0,0,0,0,0,0,0,0,0,0,0,0,0,0,0,0,0,0,0,0,0,0,0,0,0,0,0,0,0,0,0,0,0,0,0,0,0,0,0,0,0,0,0,0,0,0,0,0,0,0,0,0,0,0,0,0,0,0,0,0,0,0,0,0,0,0,0,0,0,0,0,0,0
132,110,110,121,110,132,120,120,120,120,120,143,156,143,143,143,143,143,169,169,156,156,156,168,168,168,168,182,195,196,196,196,225,225,240,240,240,255,255,255,272,272,272,272,272,288,288,306,323,306,306,323,323,360,342,360,360,380,380,380,399,399,418,420,440,440,460,440,483,504,504,575,575,624,624,600,624,650,672,648,700,728,754,780,810,840,899,928,960,990,1054,1152,1152,1188,1292,1400,1435,1476,1554,1634,1716,1800,1927,2058,2193,2340,2484,2679,2891,3060,3339,3584,4060,4260,4514,5070,5508,6120,6840,7663,8364,9460,10764,12348,14490,16950,20295,25024,30694,39010,50034,67725,94125,138014,157905,147600,132240,107308,65567,0,0,0,0,0,0,0,0,0,0,0,0,0,0,0,0,0,0,0,0,0,0,0,0,0,0,0,0,0,0,0,0,0,0,0,0,0,0,0,0,0,0,0,0,0,0,0,0,0,0,0,0,0,0,0,0,0,0,0,0,0,0,0,0,0,0,0,0,0,0,0,0,0,0,0,0,0,0,0,0,0,0,0,0,0,0,0,0,0,0,0,0,0,0,0,0,0,0,0,0,0,0,0,0,0,0,0,0,0,0,0,0,0,0,0,0,0,0,0,0,0,0,0,0,0
99,99,99,110,108,120,120,110,110,110,110,110,120,120,120,132,120,132,130,143,143,132,144,132,156,156,156,156,143,168,156,156,143,156,168,168,168,168,180,210,224,224,195,238,224,224,224,224,238,255,238,270,255,255,272,270,306,289,272,306,289,324,342,342,360,380,361,380,380,399,399,418,420,440,440,460,462,483,504,506,575,598,600,624,648,624,700,700,700,728,754,780,810,810,837,899,928,960,1020,1085,1152,1188,1254,1326,1365,1476,1554,1554,1716,1800,1880,2058,2150,2244,2430,2679,2900,3120,3286,3520,4002,4260,4453,5005,5576,6120,6916,7663,8364,9570,10974,12573,14352,17328,21042,25944,32072,40729,54040,73367,104280,148850,156220,144364,125952,95940,41886,0,0,0,0,0,0,0,0,0,0,0,0,0,0,0,0,0,0,0,0,0,0,0,0,0,0,0,0,0,0,0,0,0,0,0,0,0,0,0,0,0,0,0,0,0,0,0,0,0,0,0,0,0,0,0,0,0,0,0,0,0,0,0,0,0,0,0,0,0,0,0,0,0,0,0,0,0,0,0,0,0,0,0,0,0,0,0,0,0,0,0,0,0,0,0,0,0,0,0,0,0,0,0,0,0,0,0,0,0,0,0,0,0,0,0,0,0
99,99,99,110,110,110,110,120,120,120,130,120,120,132,156,156,156,156,156,168,168,168,182,169,182,210,196,196,210,210,210,210,225,240,225,240,240,240,240,256,256,256,256,272,272,306,306,324,306,342,361,360,342,360,380,399,420,420,420,440,483,462,483,483,528,528,550,575,598,648,621,621,648,675,700,700,754,810,840,840,896,928,957,1020,1085,1120,1152,1254,1330,1404,1517,1554,1634,1755,1840,2016,2058,2288,2538,2640,2850,3060,3339,3564,3876,4320,4712,5200,5865,6570,7488,8383,9680,11092,12900,15120,18408,22575,27832,35392,46719,64064,91875,141360,159278,148161,132000,99462,35552,0,0,0,0,0,0,0,0,0,0,0,0,0,0,0,0,0,0,0,0,0,0,0,0,0,0,0,0,0,0,0,0,0,0,0,0,0,0,0,0,0,0,0,0,0,0,0,0,0,0,0,0,0,0,0,0,0,0,0,0,0,0,0,0,0,0,0,0,0,0,0,0,0,0,0,0,0,0,0,0,0,0,0,0,0,0,0,0,0,0,0,0,0,0,0,0,0,0,0,0,0,0,0,0,0,0,0,0,0,0,0,0,0,0,0,0,0,0,0,0,0,0,0,0,0,0,0,0,0,0,0,0,0,0,0
63,70,70,70,120,110,121,120,120,132,132,132,132,143,143,143,143,143,154,154,156,156,182,182,182,182,195,196,196,210,210,210,210,224,225,224,240,240,255,240,240,255,255,270,272,288,288,288,342,340,340,323,340,357,360,360,378,378,440,440,440,460,460,483,504,525,504,598,598,575,598,624,624,648,675,728,754,783,837,868,928,957,990,1020,1085,1152,1221,1292,1365,1400,1512,1591,1672,1840,1968,2058,2200,2385,2592,2793,3000,3286,3456,3819,4130,4650,5135,5644,6424,7332,8200,9396,10788,12573,15012,18018,22446,27495,35168,46980,64790,93873,145392,159712,148590,131781,95634,0,0,0,0,0,0,0,0,0,0,0,0,0,0,0,0,0,0,0,0,0,0,0,0,0,0,0,0,0,0,0,0,0,0,0,0,0,0,0,0,0,0,0,0,0,0,0,0,0,0,0,0,0,0,0,0,0,0,0,0,0,0,0,0,0,0,0,0,0,0,0,0,0,0,0,0,0,0,0,0,0,0,0,0,0,0,0,0,0,0,0,0,0,0,0,0,0,0,0,0,0,0,0,0,0,0,0,0,0,0,0,0,0,0,0,0,0,0,0,0,0,0,0,0,0,0,0,0,0,0,0,0,0,0,0,0,0
120,120,120,132,132,143,143,143,144,156,156,168,168,168,182,182,182,195,196,196,210,224,224,224,238,240,240,255,238,255,256,256,272,272,288,306,306,323,323,323,360,360,360,380,399,418,399,418,418,437,440,483,504,550,528,550,621,621,648,672,700,700,725,783,810,810,868,924,990,990,1023,1085,1152,1221,1330,1365,1440,1517,1591,1672,1840,1927,2150,2295,2438,2592,2850,3060,3402,3685,3933,4320,4788,5280,5950,6734,7840,8925,10374,12028,14280,17400,21463,26220,34164,45746,63440,92378,146170,161253,150902,132356,92925,0,0,0,0,0,0,0,0,0,0,0,0,0,0,0,0,0,0,0,0,0,0,0,0,0,0,0,0,0,0,0,0,0,0,0,0,0,0,0,0,0,0,0,0,0,0,0,0,0,0,0,0,0,0,0,0,0,0,0,0,0,0,0,0,0,0,0,0,0,0,0,0,0,0,0,0,0,0,0,0,0,0,0,0,0,0,0,0,0,0,0,0,0,0,0,0,0,0,0,0,0,0,0,0,0,0,0,0,0,0,0,0,0,0,0,0,0,0,0,0,0,0,0,0,0,0,0,0,0,0,0,0,0,0,0,0,0,0,0,0,0,0,0,0,0,0,0,0,0,0,0
600,600,600,600,625,625,600,650,625,650,650,676,676,702,676,702,702,702,729,784,756,756,756,756,756,784,784,756,784,784,840,840,841,841,841,900,900,900,900,900,930,961,961,992,1023,1023,1023,1056,1088,1089,1122,1156,1190,1190,1260,1225,1260,1295,1295,1330,1332,1368,1404,1368,1482,1482,1520,1482,1520,1520,1599,1680,1720,1760,1720,1760,1800,1890,1890,1890,1978,1978,2021,2068,2160,2208,2205,2303,2350,2397,2400,2496,2597,2597,2646,2646,2805,2912,2856,3074,3127,3240,3240,3300,3360,3472,3596,3712,3835,3835,3960,4087,4347,4347,4544,4680,4818,5025,5100,5313,5538,5688,5913,6068,6384,6545,6786,7120,7462,7719,8075,8439,8811,9090,9464,9858,10246,10864,11730,12614,13176,13875,14592,15576,16836,17892,18834,19781,20904,22356,23856,25752,27846,29673,32111,35190,39022,42408,46127,51106,56392,63840,70434,79534,89001,102393,117018,129438,141988,157126,155502,155196,156843,157662,157438,159278,159639,160400,159980,157352,146616,130390,109116,85042,0,0,0,0,0,0,0,0,0,0,0,0,0,0,0,0,0,0,0,0,0,0,0,0,0,0,0,0,0,0,0,0,0,0,0,0,0,0,0,0,0,0,0,0,0,0,0,0,0,0,0,0,0,0,0,0,0,0,0,0,0,0,0,0,0,0,0,0,0,0,0,0,0,0,0,0,0,0,0,0
420,440,420,420,462,441,441,440,462,440,440,440,462,462,506,506,506,506,506,506,528,529,506,529,576,576,576,552,576,576,576,575,600,625,600,625,625,625,625,625,650,650,676,676,702,676,728,702,729,756,756,756,784,756,784,784,784,784,841,841,812,840,841,870,870,900,900,930,961,961,992,961,961,1023,1056,1056,1056,1122,1089,1156,1156,1122,1225,1260,1260,1295,1260,1332,1332,1368,1368,1443,1443,1482,1520,1520,1560,1560,1640,1680,1680,1763,1804,1804,1890,1978,1935,2024,1980,2070,2116,2162,2254,2350,2350,2448,2548,2548,2650,2700,2860,2860,3021,3074,3074,3240,3240,3416,3534,3654,3776,3960,3960,4148,4216,4410,4615,4680,4818,5032,5244,5390,5688,5913,6225,6468,6708,6960,7290,7636,7990,8352,8722,9090,9672,9964,10464,10976,11845,12744,13530,14478,15327,16864,18048,18705,20234,21352,22820,24820,26727,29202,31622,34680,38306,42676,47040,52118,58590,65494,74536,84810,97350,114816,127185,140756,157560,160590,160392,161470,162495,163606,166125,169946,168468,171648,164472,148120,126560,98345,66096,0,0,0,0,0,0,0,0,0,0,0,0,0,0,0,0,0,0,0,0,0,0,0,0,0,0,0,0,0,0,0,0,0,0,0,0,0,0,0,0,0,0,0,0,0,0,0,0,0,0,0,0,0,0,0,0,0,0,0,0,0,0,0
420,420,420,441,441,441,441,420,462,462,462,484,484,506,506,529,506,484,506,506,529,552,529,529,600,576,600,600,625,625,625,650,625,625,625,676,676,702,729,702,728,702,702,756,756,812,784,812,812,841,840,930,930,961,961,961,992,992,1089,1056,1089,1089,1122,1156,1190,1190,1224,1332,1296,1369,1406,1406,1406,1482,1482,1482,1520,1558,1599,1640,1720,1680,1720,1760,1845,1890,1935,1978,2024,2068,2156,2254,2254,2397,2444,2548,2597,2650,2750,2805,2912,2968,3132,3186,3355,3416,3596,3712,3835,4020,4087,4209,4410,4536,4745,4884,5092,5460,5680,5822,6300,6525,6853,7268,7626,7980,8330,8989,9270,10044,10656,11286,12051,12810,13482,14560,15912,17202,18522,19737,21735,23491,25810,28050,31126,33784,38233,42822,48250,54940,63147,73080,84411,99457,118482,135240,139400,138000,139160,137605,137592,136718,135290,132848,124373,107245,84400,59130,0,0,0,0,0,0,0,0,0,0,0,0,0,0,0,0,0,0,0,0,0,0,0,0,0,0,0,0,0,0,0,0,0,0,0,0,0,0,0,0,0,0,0,0,0,0,0,0,0,0,0,0,0,0,0,0,0,0,0,0,0,0,0,0,0,0,0,0,0,0,0,0,0,0,0,0,0,0,0,0,0,0,0,0,0,0,0,0,0,0,0,0,0,0,0,0
289,289,289,289,289,306,306,306,306,324,306,324,342,342,342,361,361,361,361,361,361,342,380,380,380,380,380,380,380,420,420,420,420,420,441,462,462,462,483,484,462,462,483,506,506,506,529,529,529,529,576,576,576,575,552,600,575,576,600,600,625,650,650,676,650,675,675,702,702,729,729,756,756,783,783,756,840,840,840,840,840,870,930,930,960,930,960,930,1023,992,1023,1023,1056,1122,1155,1155,1190,1224,1224,1224,1260,1368,1404,1368,1406,1443,1443,1517,1480,1558,1599,1599,1680,1720,1760,1890,1890,1974,2064,2107,2156,2250,2205,2397,2444,2544,2700,2650,2860,2860,3074,3074,3186,3240,3472,3534,3770,3770,3894,4020,4216,4473,4608,4891,5168,5382,5609,5832,6142,6450,6776,7110,7544,7980,8428,8874,9360,10044,10864,11716,12480,13392,14592,15544,16800,18104,19890,21600,23660,25988,28764,31840,36252,39825,44932,51800,59640,69540,81263,96120,115527,134299,135136,135072,134799,134589,133570,134456,133722,130962,118548,98745,73692,44505,0,0,0,0,0,0,0,0,0,0,0,0,0,0,0,0,0,0,0,0,0,0,0,0,0,0,0,0,0,0,0,0,0,0,0,0,0,0,0,0,0,0,0,0,0,0,0,0,0,0,0,0,0,0,0,0,0,0,0,0,0,0,0,0,0,0,0,0,0,0
324,342,342,380,380,380,380,400,400,400,400,400,462,462,441,441,441,484,462,483,506,462,462,506,529,506,484,506,506,506,484,484,506,506,529,552,552,575,576,576,600,575,600,625,625,600,650,650,702,702,676,702,702,728,756,783,756,784,812,812,841,812,868,870,870,899,870,961,960,992,1024,1024,1056,1088,1088,1122,1155,1122,1190,1260,1295,1260,1295,1330,1404,1480,1443,1520,1558,1599,1638,1720,1720,1804,1890,1974,1978,2068,2068,2254,2300,2448,2496,2548,2597,2754,2912,2964,3016,3186,3355,3416,3591,3654,3776,3894,4148,4402,4680,4884,5092,5382,5530,5913,6216,6450,6864,7280,7708,8245,8600,9078,9844,10640,11385,12257,13516,14336,15660,17040,18375,20174,22168,24424,26936,30264,33990,38060,43475,49980,57750,67648,80032,95665,114733,134178,133245,133452,132554,131028,131166,130544,128288,120012,101990,78727,47458,0,0,0,0,0,0,0,0,0,0,0,0,0,0,0,0,0,0,0,0,0,0,0,0,0,0,0,0,0,0,0,0,0,0,0,0,0,0,0,0,0,0,0,0,0,0,0,0,0,0,0,0,0,0,0,0,0,0,0,0,0,0,0,0,0,0,0,0,0,0,0,0,0,0,0,0,0,0,0,0,0,0,0,0,0,0,0,0,0,0,0,0,0,0,0,0,0
225,210,210,210,225,225,240,240,240,256,240,272,289,289,289,289,289,289,324,324,324,342,342,361,342,342,342,342,361,400,400,399,399,399,380,380,380,399,400,420,420,441,420,440,440,462,462,462,483,506,506,506,529,529,552,552,552,529,552,552,600,600,576,576,625,650,650,676,676,676,676,702,702,676,702,729,756,756,841,784,812,840,870,870,900,900,930,992,992,1023,992,1023,992,1056,1088,1088,1224,1224,1224,1258,1295,1330,1295,1332,1406,1443,1482,1520,1558,1638,1640,1680,1806,1806,1848,1978,2021,2112,2205,2300,2346,2448,2448,2650,2754,2968,2968,3132,3304,3477,3477,3596,3717,3835,3960,4154,4410,4680,4818,5100,5460,5760,5986,6300,6699,7120,7626,8064,8526,9090,9660,10355,11286,12168,13176,14336,15930,17343,19240,20790,22632,25375,28305,31360,35321,40500,45980,53652,62566,74970,89268,109056,134190,138125,138768,138746,138215,138744,139494,138024,132750,114495,87108,55878,0,0,0,0,0,0,0,0,0,0,0,0,0,0,0,0,0,0,0,0,0,0,0,0,0,0,0,0,0,0,0,0,0,0,0,0,0,0,0,0,0,0,0,0,0,0,0,0,0,0,0,0,0,0,0,0,0,0,0,0,0,0,0,0,0,0,0,0,0,0,0,0,0,0,0,0,0,0,0,0
182,182,196,196,196,196,196,196,196,210,210,256,256,289,289,289,289,289,306,306,324,306,324,324,324,324,342,342,342,342,361,342,342,342,342,361,361,361,399,420,420,420,420,441,441,420,420,462,462,462,483,506,506,506,552,506,529,552,552,576,576,576,576,576,625,600,600,600,600,624,625,676,676,676,702,729,729,729,756,756,783,870,840,870,870,899,930,960,992,992,961,1024,1088,1088,1088,1190,1224,1260,1224,1190,1260,1295,1368,1332,1443,1440,1480,1560,1638,1677,1804,1845,1890,1974,2064,2112,2205,2205,2350,2548,2597,2650,2805,2912,3132,3186,3300,3472,3654,3835,3894,3960,4278,4473,4818,5092,5313,5609,5986,6216,6699,7031,7626,8064,8514,9167,10044,10656,11817,12705,13986,15295,16660,18375,20305,22468,25230,28272,31641,36380,41449,48057,56238,67872,81180,98356,122180,134368,134199,133770,132788,132770,131868,130168,119952,97858,70720,0,0,0,0,0,0,0,0,0,0,0,0,0,0,0,0,0,0,0,0,0,0,0,0,0,0,0,0,0,0,0,0,0,0,0,0,0,0,0,0,0,0,0,0,0,0,0,0,0,0,0,0,0,0,0,0,0,0,0,0,0,0,0,0,0,0,0,0,0,0,0,0,0,0,0,0,0,0,0,0,0,0,0,0,0,0,0
210,210,210,210,225,225,240,240,256,256,256,272,289,289,272,289,306,289,306,324,324,324,342,342,342,342,361,361,361,380,400,380,399,399,380,420,420,440,420,441,440,440,462,462,462,440,483,483,483,506,484,529,529,552,552,576,576,576,600,576,576,625,625,650,625,650,650,676,675,729,702,729,756,784,812,840,812,840,840,870,870,899,928,960,992,992,1023,1023,1088,1056,1122,1122,1190,1190,1190,1260,1295,1295,1330,1443,1482,1558,1520,1599,1720,1760,1804,1845,1974,2021,2112,2112,2205,2350,2448,2597,2650,2754,2915,3078,3132,3186,3360,3477,3776,3835,3960,4216,4544,4680,5032,5244,5538,5840,6225,6545,7040,7544,8075,8624,9282,10058,10878,11845,12947,14238,16080,17500,19388,21060,23714,26878,30528,34814,39780,46706,54855,65766,80104,99188,125563,140725,141282,141105,142990,142128,145494,145632,136710,111965,79716,0,0,0,0,0,0,0,0,0,0,0,0,0,0,0,0,0,0,0,0,0,0,0,0,0,0,0,0,0,0,0,0,0,0,0,0,0,0,0,0,0,0,0,0,0,0,0,0,0,0,0,0,0,0,0,0,0,0,0,0,0,0,0,0,0,0,0,0,0,0,0,0,0,0,0,0,0,0,0,0,0,0,0,0,0,0,0,0,0,0,0,0,0
272,289,288,306,306,306,323,323,324,324,324,324,324,306,342,361,361,380,361,380,361,361,361,380,380,400,400,420,420,441,441,441,441,462,484,484,484,484,484,484,484,484,484,529,529,529,552,552,552,576,625,625,676,675,702,676,702,756,756,756,783,841,841,841,841,870,870,930,930,961,992,1024,1056,1089,1122,1156,1190,1225,1260,1369,1369,1368,1406,1482,1560,1599,1599,1722,1764,1848,1892,2024,2112,2254,2303,2448,2548,2650,2860,3021,3080,3304,3477,3596,3717,4026,4148,4347,4544,4958,5244,5538,5994,6308,6786,7380,7896,8526,9180,10058,10976,12272,13653,15080,17125,18980,20944,23265,26522,30178,34983,40500,47724,57814,70992,87465,110968,140182,139920,139536,141446,140616,142206,140175,124304,93310,54264,0,0,0,0,0,0,0,0,0,0,0,0,0,0,0,0,0,0,0,0,0,0,0,0,0,0,0,0,0,0,0,0,0,0,0,0,0,0,0,0,0,0,0,0,0,0,0,0,0,0,0,0,0,0,0,0,0,0,0,0,0,0,0,0,0,0,0,0,0,0,0,0,0,0,0,0,0,0,0,0,0,0,0,0,0,0,0,0,0,0,0,0,0,0,0,0,0,0,0,0,0,0,0,0,0,0,0,0,0,0,0,0,0,0,0,0,0
144,144,156,168,156,156,156,156,169,156,169,169,182,182,182,225,240,225,240,240,240,289,289,289,289,306,323,306,323,323,342,342,342,342,360,342,361,342,342,399,399,400,420,400,420,440,440,440,462,462,484,484,462,506,506,506,484,484,506,529,506,552,575,575,600,600,600,624,625,650,675,702,702,728,756,783,784,812,812,812,840,812,870,899,928,992,1023,1056,1056,1088,1088,1190,1190,1224,1258,1295,1330,1443,1480,1517,1638,1638,1720,1804,1804,1978,2021,2115,2205,2350,2397,2597,2650,2856,2964,3127,3300,3416,3591,3712,3960,4278,4473,4810,5168,5382,5832,6132,6612,7098,7790,8415,9064,9919,11058,11900,13500,14763,16497,18750,21091,23736,27195,31557,37011,43680,52008,62540,77408,97310,120879,128904,125664,124593,122100,119592,110723,88608,58212,0,0,0,0,0,0,0,0,0,0,0,0,0,0,0,0,0,0,0,0,0,0,0,0,0,0,0,0,0,0,0,0,0,0,0,0,0,0,0,0,0,0,0,0,0,0,0,0,0,0,0,0,0,0,0,0,0,0,0,0,0,0,0,0,0,0,0,0,0,0,0,0,0,0,0,0,0,0,0,0,0,0,0,0,0,0,0,0,0,0,0,0,0,0,0,0,0,0,0,0,0,0,0,0,0
169,169,169,182,182,182,182,182,196,195,195,196,210,210,210,210,225,240,256,289,289,289,289,289,289,324,342,324,306,306,306,324,323,342,342,380,380,380,380,400,420,420,440,462,440,441,441,441,462,462,462,462,506,484,484,506,506,529,529,552,552,600,600,600,600,600,650,675,702,728,702,756,756,783,784,812,812,870,870,870,899,899,930,992,1056,1056,1088,1088,1122,1122,1190,1295,1330,1330,1404,1443,1520,1638,1680,1720,1845,1845,1935,2021,2112,2254,2444,2448,2544,2700,2805,2964,3186,3355,3591,3591,3835,4148,4278,4745,4950,5304,5600,6059,6450,6942,7614,8232,8787,9828,10848,11800,13375,14520,16380,18450,20960,23701,27676,31871,37570,44469,53800,65016,82038,103950,123291,126390,124124,121380,117624,113160,95450,68376,28372,0,0,0,0,0,0,0,0,0,0,0,0,0,0,0,0,0,0,0,0,0,0,0,0,0,0,0,0,0,0,0,0,0,0,0,0,0,0,0,0,0,0,0,0,0,0,0,0,0,0,0,0,0,0,0,0,0,0,0,0,0,0,0,0,0,0,0,0,0,0,0,0,0,0,0,0,0,0,0,0,0,0,0,0,0,0,0,0,0,0,0,0,0,0,0,0,0,0,0,0,0,0,0,0,0,0,0,0,0
156,180,180,210,210,224,224,240,240,272,289,289,289,289,306,324,324,324,324,342,342,342,342,324,380,380,380,380,380,400,420,420,418,440,440,440,462,462,483,506,506,529,529,529,576,576,576,576,575,598,624,598,624,648,648,675,650,676,702,702,728,784,783,812,840,899,870,899,899,928,992,1023,1023,1056,1088,1155,1155,1224,1260,1295,1295,1330,1480,1520,1558,1677,1720,1800,1890,1974,2064,2160,2300,2444,2592,2646,2750,2958,3127,3355,3534,3591,3770,4148,4340,4672,5025,5382,5680,6059,6525,7189,7872,8415,9152,10230,11368,12688,14170,15594,17812,20410,23153,26901,31243,37230,44103,53332,66138,84721,108192,128320,127872,125560,123735,121601,114784,92400,59749,0,0,0,0,0,0,0,0,0,0,0,0,0,0,0,0,0,0,0,0,0,0,0,0,0,0,0,0,0,0,0,0,0,0,0,0,0,0,0,0,0,0,0,0,0,0,0,0,0,0,0,0,0,0,0,0,0,0,0,0,0,0,0,0,0,0,0,0,0,0,0,0,0,0,0,0,0,0,0,0,0,0,0,0,0,0,0,0,0,0,0,0,0,0,0,0,0,0,0,0,0,0,0,0,0,0,0,0,0,0,0,0,0,0,0,0,0,0,0,0,0,0,0,0,0
156,156,156,156,169,156,156,168,182,182,182,182,210,210,210,196,240,240,256,256,272,289,289,289,324,306,306,324,306,324,306,306,306,306,342,361,360,360,380,380,400,400,420,441,420,441,441,462,462,484,484,441,462,462,484,506,528,528,506,528,552,575,575,575,650,675,650,702,702,702,756,756,756,783,783,812,840,840,899,960,992,1023,1023,1088,1155,1155,1188,1292,1292,1326,1404,1480,1558,1599,1720,1760,1890,1932,2112,2156,2300,2346,2544,2646,2800,2907,3074,3240,3416,3712,3894,4087,4340,4672,4950,5382,5740,6205,6612,7268,7954,8686,9540,10528,11583,13125,14630,16472,18696,21353,24780,29100,34182,41360,49536,60944,77220,99151,117300,122059,119000,117360,111926,103320,79772,45617,0,0,0,0,0,0,0,0,0,0,0,0,0,0,0,0,0,0,0,0,0,0,0,0,0,0,0,0,0,0,0,0,0,0,0,0,0,0,0,0,0,0,0,0,0,0,0,0,0,0,0,0,0,0,0,0,0,0,0,0,0,0,0,0,0,0,0,0,0,0,0,0,0,0,0,0,0,0,0,0,0,0,0,0,0,0,0,0,0,0,0,0,0,0,0,0,0,0,0,0,0,0,0,0,0,0,0,0,0,0,0,0,0,0,0,0,0,0
132,156,156,143,156,143,143,156,168,143,143,156,143,156,169,169,182,196,196,210,210,210,225,210,225,240,256,256,272,272,289,306,306,324,324,342,342,342,360,342,360,360,360,380,380,400,400,380,380,420,420,420,462,484,484,462,484,506,484,484,462,506,529,528,552,552,552,575,600,600,625,650,650,650,729,756,756,756,783,756,841,870,899,900,930,930,992,1023,1056,1122,1122,1155,1221,1258,1330,1440,1404,1517,1638,1677,1760,1886,1932,2160,2205,2300,2397,2544,2700,2800,3016,3348,3591,3712,4020,4340,4536,4950,5236,5600,6132,6688,7189,7885,8686,9523,10640,12120,13356,14985,17136,19530,22680,26245,31200,37349,45080,55550,69664,90068,115889,125510,122668,120345,116870,111097,88810,53793,0,0,0,0,0,0,0,0,0,0,0,0,0,0,0,0,0,0,0,0,0,0,0,0,0,0,0,0,0,0,0,0,0,0,0,0,0,0,0,0,0,0,0,0,0,0,0,0,0,0,0,0,0,0,0,0,0,0,0,0,0,0,0,0,0,0,0,0,0,0,0,0,0,0,0,0,0,0,0,0,0,0,0,0,0,0,0,0,0,0,0,0,0,0,0,0,0,0,0,0,0,0,0,0,0,0,0,0,0,0,0,0,0,0,0,0
121,132,132,120,156,156,156,156,169,169,196,210,196,196,210,210,210,210,225,240,240,255,256,289,289,324,324,324,324,306,324,342,380,380,380,380,400,420,380,420,420,441,441,441,441,462,441,484,484,484,506,529,529,552,552,575,552,600,600,624,675,702,702,702,728,729,784,812,840,840,840,870,899,960,992,1023,1056,1088,1120,1190,1224,1224,1330,1368,1480,1517,1596,1638,1638,1804,1890,1978,2021,2205,2350,2448,2597,2695,2964,3074,3300,3410,3654,3894,4216,4480,4884,5092,5530,5976,6536,7189,7790,8500,9434,10752,12019,13608,15232,17400,19968,23120,27342,32754,40020,48260,59904,78210,102489,123864,125118,122108,119316,113866,99663,69020,0,0,0,0,0,0,0,0,0,0,0,0,0,0,0,0,0,0,0,0,0,0,0,0,0,0,0,0,0,0,0,0,0,0,0,0,0,0,0,0,0,0,0,0,0,0,0,0,0,0,0,0,0,0,0,0,0,0,0,0,0,0,0,0,0,0,0,0,0,0,0,0,0,0,0,0,0,0,0,0,0,0,0,0,0,0,0,0,0,0,0,0,0,0,0,0,0,0,0,0,0,0,0,0,0,0,0,0,0,0,0,0,0,0,0,0,0,0,0,0,0,0,0,0,0,0,0,0
156,156,156,156,156,168,182,168,182,182,168,195,182,182,210,225,225,240,240,272,272,272,256,289,289,306,323,324,324,324,324,324,324,324,324,361,380,380,400,380,399,400,440,418,462,440,462,483,484,506,506,484,506,506,484,506,552,552,600,624,600,600,624,650,702,702,728,783,784,812,841,870,870,899,992,992,992,1056,1122,1122,1156,1190,1225,1295,1368,1443,1520,1599,1680,1760,1886,2021,2112,2208,2448,2548,2650,3024,3245,3534,3712,3900,4087,4544,4818,5313,5680,6216,6776,7452,8245,9064,10044,11600,13392,15276,17712,20305,24111,28611,34694,42952,53466,69075,92463,127795,131600,129580,128817,125768,115344,81253,0,0,0,0,0,0,0,0,0,0,0,0,0,0,0,0,0,0,0,0,0,0,0,0,0,0,0,0,0,0,0,0,0,0,0,0,0,0,0,0,0,0,0,0,0,0,0,0,0,0,0,0,0,0,0,0,0,0,0,0,0,0,0,0,0,0,0,0,0,0,0,0,0,0,0,0,0,0,0,0,0,0,0,0,0,0,0,0,0,0,0,0,0,0,0,0,0,0,0,0,0,0,0,0,0,0,0,0,0,0,0,0,0,0,0,0,0,0,0,0,0,0,0,0,0,0,0,0,0,0,0,0
100,100,156,156,156,156,156,156,156,182,182,182,210,210,210,225,240,240,256,256,256,256,289,289,306,289,306,306,324,324,324,342,342,342,361,380,380,400,380,380,440,440,462,440,462,462,483,483,506,506,552,552,552,576,576,600,625,625,625,650,650,702,702,702,756,784,812,899,870,899,930,961,1024,1056,1056,1056,1155,1225,1260,1260,1368,1368,1482,1558,1599,1763,1804,1932,2021,2205,2300,2448,2600,2754,3024,3190,3477,3596,3835,4026,4544,4818,5244,5680,6142,6776,7626,8245,9270,10450,11716,13625,15930,18396,21600,25872,30810,37714,47040,60562,80605,110865,134820,135072,134212,133170,130416,105160,56280,0,0,0,0,0,0,0,0,0,0,0,0,0,0,0,0,0,0,0,0,0,0,0,0,0,0,0,0,0,0,0,0,0,0,0,0,0,0,0,0,0,0,0,0,0,0,0,0,0,0,0,0,0,0,0,0,0,0,0,0,0,0,0,0,0,0,0,0,0,0,0,0,0,0,0,0,0,0,0,0,0,0,0,0,0,0,0,0,0,0,0,0,0,0,0,0,0,0,0,0,0,0,0,0,0,0,0,0,0,0,0,0,0,0,0,0,0,0,0,0,0,0,0,0,0,0,0,0,0,0,0,0,0,0,0
156,156,156,156,144,156,168,156,196,240,240,240,240,240,255,272,272,256,306,324,324,342,361,361,342,380,400,400,400,400,441,441,462,441,462,484,484,529,506,528,528,529,552,576,624,625,650,702,676,702,702,756,756,756,783,810,870,930,960,990,1056,1056,1120,1155,1221,1258,1365,1480,1558,1596,1677,1760,1890,2068,2112,2254,2444,2597,2750,2964,3127,3300,3534,3894,4154,4473,4884,5313,5670,6290,6864,7790,8500,9523,10848,12342,14279,16472,19404,22815,27636,33858,42244,52796,69264,93184,118800,122760,118335,115070,107448,80784,37300,0,0,0,0,0,0,0,0,0,0,0,0,0,0,0,0,0,0,0,0,0,0,0,0,0,0,0,0,0,0,0,0,0,0,0,0,0,0,0,0,0,0,0,0,0,0,0,0,0,0,0,0,0,0,0,0,0,0,0,0,0,0,0,0,0,0,0,0,0,0,0,0,0,0,0,0,0,0,0,0,0,0,0,0,0,0,0,0,0,0,0,0,0,0,0,0,0,0,0,0,0,0,0,0,0,0,0,0,0,0,0,0,0,0,0,0,0,0,0,0,0,0,0,0,0,0,0,0,0,0,0,0,0,0,0,0,0,0,0,0,0,0,0,0,0,0,0,0,0,0,0
132,156,144,156,156,182,182,182,182,195,195,225,225,225,225,240,225,225,225,240,272,306,306,306,306,324,306,324,360,380,400,380,399,420,420,400,420,420,441,462,462,462,484,484,462,529,506,576,576,600,600,600,600,650,675,729,756,756,812,812,870,870,840,899,992,1024,1056,1089,1190,1190,1260,1365,1404,1443,1558,1638,1760,1932,2068,2254,2300,2544,2646,2964,3127,3300,3534,3776,4154,4544,4950,5304,5751,6460,7189,7968,8686,10137,11682,13608,15618,18450,21945,26572,33166,41241,53600,71592,98736,126483,124832,121792,117656,105248,68952,0,0,0,0,0,0,0,0,0,0,0,0,0,0,0,0,0,0,0,0,0,0,0,0,0,0,0,0,0,0,0,0,0,0,0,0,0,0,0,0,0,0,0,0,0,0,0,0,0,0,0,0,0,0,0,0,0,0,0,0,0,0,0,0,0,0,0,0,0,0,0,0,0,0,0,0,0,0,0,0,0,0,0,0,0,0,0,0,0,0,0,0,0,0,0,0,0,0,0,0,0,0,0,0,0,0,0,0,0,0,0,0,0,0,0,0,0,0,0,0,0,0,0,0,0,0,0,0,0,0,0,0,0,0,0,0,0,0,0,0,0,0,0,0,0,0,0,0,0
110,169,156,156,180,180,180,182,196,225,225,225,225,240,225,240,289,272,272,289,289,306,324,342,342,361,361,342,342,361,361,361,380,399,420,400,441,440,462,484,484,462,484,506,484,506,528,552,576,575,575,600,650,702,702,756,756,812,812,840,899,899,930,992,1023,1088,1122,1188,1224,1330,1365,1480,1517,1677,1760,1845,1932,2112,2250,2444,2491,2750,2907,3127,3410,3712,4020,4340,4672,5159,5600,6290,7098,7872,8772,10120,11682,13462,15707,18696,22344,27448,34506,43740,57449,78255,110523,121924,117640,112420,102400,71820,0,0,0,0,0,0,0,0,0,0,0,0,0,0,0,0,0,0,0,0,0,0,0,0,0,0,0,0,0,0,0,0,0,0,0,0,0,0,0,0,0,0,0,0,0,0,0,0,0,0,0,0,0,0,0,0,0,0,0,0,0,0,0,0,0,0,0,0,0,0,0,0,0,0,0,0,0,0,0,0,0,0,0,0,0,0,0,0,0,0,0,0,0,0,0,0,0,0,0,0,0,0,0,0,0,0,0,0,0,0,0,0,0,0,0,0,0,0,0,0,0,0,0,0,0,0,0,0,0,0,0,0,0,0,0,0,0,0,0,0,0,0,0,0,0,0,0,0,0,0,0,0
63,72,72,80,80,80,80,80,90,90,81,81,81,99,99,110,110,90,100,110,110,110,110,132,132,144,143,156,143,143,156,144,144,144,144,169,169,169,156,168,168,182,196,195,225,210,225,225,225,225,240,240,225,256,272,256,289,289,306,306,324,342,342,361,361,380,380,400,400,420,420,441,462,462,483,506,529,552,529,576,576,552,600,625,625,625,650,702,729,728,784,812,841,870,900,930,1023,1023,1088,1122,1224,1260,1368,1443,1480,1558,1638,1720,1848,1978,2021,2205,2397,2496,2700,2805,3132,3355,3648,3900,4216,4550,4958,5382,6068,6699,7533,8514,9540,10735,12810,15295,17812,21574,26134,32600,42136,55062,73632,104250,145848,145920,143982,140250,127617,79003,0,0,0,0,0,0,0,0,0,0,0,0,0,0,0,0,0,0,0,0,0,0,0,0,0,0,0,0,0,0,0,0,0,0,0,0,0,0,0,0,0,0,0,0,0,0,0,0,0,0,0,0,0,0,0,0,0,0,0,0,0,0,0,0,0,0,0,0,0,0,0,0,0,0,0,0,0,0,0,0,0,0,0,0,0,0,0,0,0,0,0,0,0,0,0,0,0,0,0,0,0,0,0,0,0,0,0,0,0,0,0,0,0,0,0,0,0,0
88,88,80,88,99,99,99,99,99,120,120,110,110,110,120,120,144,132,132,132,132,132,132,144,132,156,143,169,169,182,182,169,156,169,182,182,182,168,196,196,210,210,210,225,225,225,240,240,225,240,256,256,272,289,289,289,306,324,324,361,360,361,361,361,400,400,400,400,420,420,441,462,484,506,506,484,506,552,552,575,600,600,650,650,650,702,728,728,756,784,840,840,930,930,960,1054,1122,1190,1224,1330,1295,1443,1443,1558,1638,1760,1804,1932,2064,2250,2300,2491,2750,2912,3127,3355,3705,3960,4270,4672,5159,5670,6290,6853,7680,8600,10120,11466,13589,15707,18819,22680,27972,36120,46248,60135,82038,118244,138033,133986,129198,118035,83496,0,0,0,0,0,0,0,0,0,0,0,0,0,0,0,0,0,0,0,0,0,0,0,0,0,0,0,0,0,0,0,0,0,0,0,0,0,0,0,0,0,0,0,0,0,0,0,0,0,0,0,0,0,0,0,0,0,0,0,0,0,0,0,0,0,0,0,0,0,0,0,0,0,0,0,0,0,0,0,0,0,0,0,0,0,0,0,0,0,0,0,0,0,0,0,0,0,0,0,0,0,0,0,0,0,0,0,0,0,0,0,0,0,0,0,0,0,0,0,0,0
63,63,63,63,70,70,80,80,80,88,99,88,99,80,72,80,80,110,110,121,110,132,132,132,132,143,132,132,132,132,120,143,143,132,156,156,156,168,169,169,169,182,182,182,195,210,196,210,210,225,225,240,225,240,256,272,256,256,272,272,306,324,324,324,342,361,361,342,380,399,420,420,400,441,441,462,462,484,483,484,506,529,552,575,625,650,625,676,702,728,728,756,784,812,841,870,960,992,1023,1089,1156,1224,1260,1295,1443,1482,1558,1599,1760,1890,1890,2064,2300,2444,2646,2856,3074,3360,3591,3960,4148,4680,5025,5680,6216,7020,7968,8888,10340,12036,14541,17303,20856,25488,32600,42273,55414,76241,111540,147423,143440,141600,134799,103730,0,0,0,0,0,0,0,0,0,0,0,0,0,0,0,0,0,0,0,0,0,0,0,0,0,0,0,0,0,0,0,0,0,0,0,0,0,0,0,0,0,0,0,0,0,0,0,0,0,0,0,0,0,0,0,0,0,0,0,0,0,0,0,0,0,0,0,0,0,0,0,0,0,0,0,0,0,0,0,0,0,0,0,0,0,0,0,0,0,0,0,0,0,0,0,0,0,0,0,0,0,0,0,0,0,0,0,0,0,0,0,0,0,0,0,0,0,0,0,0
624,598,598,648,598,675,675,675,675,675,700,700,702,728,728,728,728,728,728,754,754,783,810,810,810,783,810,840,840,868,868,868,896,928,924,957,928,990,990,990,1054,1020,1023,1054,1054,1085,1120,1152,1152,1188,1221,1221,1221,1221,1292,1330,1365,1400,1365,1400,1400,1480,1517,1517,1554,1512,1596,1634,1634,1634,1716,1794,1800,1840,1880,1927,1968,1968,1968,2107,2100,2150,2107,2193,2385,2385,2385,2438,2538,2640,2688,2736,2793,2900,2950,3068,3180,3233,3348,3410,3465,3640,3696,3762,3944,4012,4012,4200,4270,4392,4662,4736,4800,5016,5148,5293,5508,5658,5810,5880,6351,6438,6660,6992,7254,7426,7857,8300,8300,9010,9202,9810,9900,10304,10695,11424,11956,12524,13184,14124,14933,15680,16790,17731,18513,20034,21580,22914,24464,26169,28077,30248,32913,36188,39098,42423,46872,50895,56785,62780,68376,73350,79223,84816,91829,99296,107646,117265,122332,121173,121014,120783,120960,122460,122553,121930,122688,122544,121968,118125,111584,102068,88396,72765,53289,0,0,0,0,0,0,0,0,0,0,0,0,0,0,0,0,0,0,0,0,0,0,0,0,0,0,0,0,0,0,0,0,0,0,0,0,0,0,0,0,0,0,0,0,0,0,0,0,0,0,0,0,0,0,0,0,0,0,0,0,0,0,0,0,0,0,0,0,0,0,0,0,0,0,0,0,0,0,0
304,323,306,306,306,323,323,323,323,342,361,361,323,360,380,360,378,380,380,380,380,380,380,441,420,420,420,420,420,420,420,399,440,418,420,420,420,440,462,462,462,460,483,483,483,480,480,504,528,528,528,528,528,528,528,550,550,575,575,575,598,624,624,648,624,624,624,650,675,675,675,675,700,700,675,728,728,728,756,812,812,840,810,840,840,840,868,899,928,928,928,928,960,960,990,990,1054,1054,1085,1085,1120,1155,1188,1188,1224,1258,1292,1292,1330,1330,1365,1404,1440,1404,1476,1554,1591,1591,1634,1672,1755,1800,1800,1886,1886,1974,1974,2016,2058,2107,2150,2244,2288,2385,2438,2538,2585,2688,2793,2900,3009,3009,3120,3286,3348,3520,3584,3696,3828,4012,4012,4140,4331,4526,4662,4864,4928,5280,5427,5644,5796,6120,6264,6525,6916,7238,7760,8100,8282,8736,9116,9701,10192,10672,11400,12276,13158,13965,14933,16159,17316,18172,19840,21580,23490,25480,27695,30200,33338,37074,40950,45880,51744,58374,67452,71806,79100,86791,96280,105782,115855,121107,119500,119804,119750,120953,119780,119625,120096,118988,114504,104520,90565,70906,49046,0,0,0,0,0,0,0,0,0,0,0,0,0,0,0,0,0,0,0,0,0,0,0,0,0,0,0,0,0,0,0,0,0,0,0,0,0,0,0,0,0,0,0,0,0,0,0,0,0
288,288,288,288,288,288,288,288,288,304,323,304,304,323,323,323,342,342,360,360,360,360,380,361,361,380,380,400,400,400,420,420,420,399,420,420,420,441,440,440,440,440,440,420,420,462,462,484,462,462,506,483,483,506,504,504,528,550,550,550,575,575,550,600,600,624,624,624,675,675,675,650,675,702,702,728,728,728,754,725,756,754,754,810,840,868,868,896,896,899,928,928,928,957,957,990,1023,1054,1020,1120,1152,1120,1120,1152,1221,1221,1221,1254,1292,1326,1292,1365,1400,1440,1517,1554,1596,1596,1634,1716,1716,1800,1800,1840,1886,1927,1968,2016,2058,2150,2193,2150,2340,2385,2484,2640,2688,2744,2850,2850,2958,3120,3233,3410,3472,3648,3705,3886,3944,4012,4200,4331,4526,4725,4928,5280,5508,5658,5964,6048,6364,6600,7007,7426,7776,8118,8549,9030,9504,9990,10695,11305,12078,13184,14098,15207,16330,17612,18788,20608,22780,24603,26784,29445,32913,36842,41064,46436,52934,59996,68768,74580,82669,94248,100688,112554,124712,125874,124460,124488,126063,126090,126450,126555,127260,122850,110484,94149,70152,0,0,0,0,0,0,0,0,0,0,0,0,0,0,0,0,0,0,0,0,0,0,0,0,0,0,0,0,0,0,0,0,0,0,0,0,0,0,0,0,0,0,0,0,0,0,0,0,0,0,0,0,0,0,0
288,288,288,288,288,285,304,323,323,323,323,306,323,323,323,323,340,340,340,340,340,378,378,378,360,378,378,399,378,378,399,399,420,418,440,440,440,440,483,483,483,483,460,483,504,460,483,504,528,504,528,528,550,575,575,575,598,598,624,624,624,648,648,648,648,728,728,728,725,725,725,754,780,780,810,780,810,810,840,837,840,868,899,928,928,990,990,1023,1054,1023,1054,1088,1120,1188,1188,1221,1221,1258,1292,1330,1330,1365,1440,1480,1517,1596,1596,1634,1677,1716,1800,1800,1840,1927,1968,1974,2058,2100,2150,2250,2385,2438,2592,2592,2744,2850,3009,3068,3180,3348,3465,3584,3648,3828,3953,4071,4200,4392,4526,4864,5082,5293,5589,5880,6035,6192,6600,7007,7520,7857,8300,8670,9328,10010,10509,11328,11979,12978,14124,15318,16588,17880,19344,21615,23838,26208,28992,32232,36673,41118,47120,54136,63140,70691,77861,86791,97440,109746,125136,126324,126690,129014,128344,128506,129272,131580,131781,121072,104975,80958,47921,0,0,0,0,0,0,0,0,0,0,0,0,0,0,0,0,0,0,0,0,0,0,0,0,0,0,0,0,0,0,0,0,0,0,0,0,0,0,0,0,0,0,0,0,0,0,0,0,0,0,0,0,0,0,0,0,0,0,0,0,0,0,0,0,0,0,0,0,0,0,0,0,0
304,304,304,304,288,304,304,304,323,342,360,360,340,360,360,378,378,399,399,399,399,399,399,418,418,440,440,440,440,460,462,440,462,483,483,483,504,504,504,504,525,528,550,550,550,575,624,624,598,624,600,650,650,650,675,675,700,700,702,728,728,700,754,783,810,810,783,837,837,868,899,868,928,928,990,990,1020,1023,1054,1054,1120,1120,1152,1152,1221,1221,1292,1292,1365,1404,1404,1440,1440,1517,1554,1558,1672,1716,1716,1800,1840,1927,1974,2016,2064,2058,2200,2200,2340,2491,2592,2592,2793,2850,2950,3180,3240,3348,3520,3584,3762,3886,4140,4270,4464,4599,4736,5082,5293,5440,5893,6048,6424,6840,7268,7695,8036,8400,9152,9720,10212,11115,11979,12875,14017,15070,16445,18120,19782,22211,24500,27489,30888,35026,39550,44826,52400,61344,69394,76950,92516,96600,111150,126732,127007,128440,132080,130340,131130,132300,134196,129752,114144,92856,59860,0,0,0,0,0,0,0,0,0,0,0,0,0,0,0,0,0,0,0,0,0,0,0,0,0,0,0,0,0,0,0,0,0,0,0,0,0,0,0,0,0,0,0,0,0,0,0,0,0,0,0,0,0,0,0,0,0,0,0,0,0,0,0,0,0,0,0,0,0,0,0,0,0,0,0,0,0,0,0,0,0,0,0,0,0,0,0,0,0
195,195,195,195,195,210,224,224,210,224,224,224,224,224,224,238,238,238,238,238,252,238,240,255,255,255,255,272,272,288,288,270,272,272,272,288,288,288,306,306,306,306,323,323,323,340,340,340,340,342,360,360,342,360,360,360,380,400,399,399,420,420,420,440,418,440,399,418,440,460,460,460,460,480,480,504,504,528,528,528,550,575,575,550,575,575,600,624,624,624,648,648,675,700,700,725,754,754,754,780,780,780,810,837,837,837,837,896,899,957,928,957,990,1020,1050,1085,1116,1152,1221,1254,1292,1258,1292,1365,1365,1400,1440,1476,1554,1634,1596,1720,1760,1800,1886,1886,1886,2016,2107,2150,2244,2340,2438,2538,2688,2793,2850,2958,3068,3233,3348,3528,3648,3770,3953,4080,4331,4464,4725,5070,5427,5658,5740,6106,6512,6992,7426,7857,8400,8944,9612,10304,10904,11858,12954,13992,15400,16820,18666,20864,23392,25702,28906,32706,37518,43316,50895,59502,69708,76608,87096,98440,112539,123003,123662,122757,124800,124660,124545,125460,120000,104622,81662,48852,0,0,0,0,0,0,0,0,0,0,0,0,0,0,0,0,0,0,0,0,0,0,0,0,0,0,0,0,0,0,0,0,0,0,0,0,0,0,0,0,0,0,0,0,0,0,0,0,0,0,0,0,0,0,0,0,0,0,0,0
210,210,224,224,224,224,224,224,238,238,238,255,270,270,270,270,255,255,255,272,288,288,288,288,272,289,288,306,306,306,323,323,323,323,340,360,360,360,360,360,378,378,378,399,418,418,418,418,418,437,437,418,437,437,500,500,480,480,500,500,525,546,525,550,550,550,550,550,598,598,598,624,624,624,648,648,675,700,700,700,728,754,754,780,780,810,810,810,837,810,928,899,928,957,960,990,990,1020,1085,1116,1221,1152,1258,1258,1292,1365,1330,1365,1400,1512,1517,1554,1634,1716,1760,1800,1886,1886,1927,2058,2150,2150,2340,2438,2538,2632,2736,2900,2958,3068,3286,3348,3528,3648,3886,4071,4260,4464,4650,4992,5148,5427,5810,6106,6424,6992,7488,7840,8282,9030,9680,10260,11092,12152,13390,14659,16128,17516,19557,21970,24480,27456,31257,35640,41238,47988,56883,68510,76368,90852,99590,113448,114660,115439,114824,113664,112560,111219,106029,93274,72864,45236,0,0,0,0,0,0,0,0,0,0,0,0,0,0,0,0,0,0,0,0,0,0,0,0,0,0,0,0,0,0,0,0,0,0,0,0,0,0,0,0,0,0,0,0,0,0,0,0,0,0,0,0,0,0,0,0,0,0,0,0,0,0,0,0,0,0,0,0,0,0,0,0,0,0,0,0,0,0,0,0,0,0
195,195,210,210,225,210,225,225,240,240,240,240,240,255,272,255,255,272,288,288,288,288,323,323,323,306,306,323,342,342,342,342,342,342,360,360,360,342,342,360,380,380,380,380,399,399,420,441,462,462,420,483,440,440,440,462,483,483,483,504,483,528,528,528,550,550,598,598,575,575,624,598,624,648,700,672,675,700,700,783,754,783,783,780,837,896,868,868,896,928,928,957,1020,1020,1020,1085,1085,1116,1184,1184,1184,1254,1326,1326,1365,1400,1476,1476,1554,1634,1672,1710,1800,1880,1927,2016,2058,2193,2340,2376,2484,2585,2585,2736,2900,3120,3233,3402,3520,3819,3944,4071,4260,4453,4650,4992,5135,5576,5865,6336,6808,6975,7566,8364,8904,9483,10260,11092,11808,13000,14280,15984,17480,19764,21844,24888,28080,32283,37455,43542,51570,61594,72475,82038,97554,107648,112095,109940,109224,107696,105735,101568,95739,80640,59770,33264,0,0,0,0,0,0,0,0,0,0,0,0,0,0,0,0,0,0,0,0,0,0,0,0,0,0,0,0,0,0,0,0,0,0,0,0,0,0,0,0,0,0,0,0,0,0,0,0,0,0,0,0,0,0,0,0,0,0,0,0,0,0,0,0,0,0,0,0,0,0,0,0,0,0,0,0,0,0,0,0,0,0,0,0,0,0,0,0
168,168,182,195,195,195,195,195,192,195,195,195,195,208,224,224,224,210,210,210,210,224,224,224,255,255,255,240,240,255,255,255,255,256,272,272,272,288,288,288,255,288,288,304,323,323,323,323,340,323,323,340,340,360,378,378,378,378,378,418,378,399,399,399,418,418,440,460,440,460,460,480,480,504,525,525,528,504,525,550,572,594,572,598,648,648,672,675,700,725,754,754,725,780,780,837,837,864,864,896,957,986,990,1020,1085,1085,1085,1152,1184,1221,1254,1287,1287,1435,1512,1512,1591,1628,1710,1755,1794,1880,2009,2150,2244,2288,2430,2538,2688,2793,2842,3060,3224,3402,3630,3944,4130,4248,4380,4788,5005,5280,5712,6090,6390,7050,7469,8262,8904,9804,10440,11468,12642,14008,15696,17710,19844,22833,26358,30282,36000,42558,51597,62006,76275,91254,100970,107406,105196,103987,100838,96725,90628,77550,56784,29274,0,0,0,0,0,0,0,0,0,0,0,0,0,0,0,0,0,0,0,0,0,0,0,0,0,0,0,0,0,0,0,0,0,0,0,0,0,0,0,0,0,0,0,0,0,0,0,0,0,0,0,0,0,0,0,0,0,0,0,0,0,0,0,0,0,0,0,0,0,0,0,0,0,0,0,0,0,0,0,0,0,0,0,0,0,0,0,0
192,192,195,195,195,195,195,195,195,208,208,208,195,208,210,224,224,224,224,240,240,255,255,255,270,255,255,272,272,288,288,288,304,304,304,304,320,304,323,304,323,340,340,360,360,342,360,380,378,378,380,399,399,399,418,437,460,460,460,460,460,480,480,460,460,480,504,550,528,550,575,575,598,621,648,648,648,675,700,700,725,725,754,780,780,810,810,837,896,957,928,990,1020,1020,1085,1085,1147,1152,1221,1292,1326,1326,1326,1360,1470,1591,1591,1672,1716,1840,1927,1968,2100,2150,2332,2484,2538,2688,2850,2950,3120,3233,3520,3762,3944,4130,4392,4588,4928,5135,5576,5950,6424,6734,7315,8000,8820,9570,10488,11400,12800,14070,16016,18054,20500,23364,27122,31312,37575,44888,55322,68420,79677,93555,109510,114240,113680,112710,110952,109056,102300,84334,57043,0,0,0,0,0,0,0,0,0,0,0,0,0,0,0,0,0,0,0,0,0,0,0,0,0,0,0,0,0,0,0,0,0,0,0,0,0,0,0,0,0,0,0,0,0,0,0,0,0,0,0,0,0,0,0,0,0,0,0,0,0,0,0,0,0,0,0,0,0,0,0,0,0,0,0,0,0,0,0,0,0,0,0,0,0,0,0,0,0,0,0,0,0,0,0,0,0,0,0,0,0
154,168,168,180,168,195,195,195,195,195,195,195,195,195,195,195,208,208,208,224,210,210,224,224,224,238,238,238,238,238,252,288,288,288,288,288,288,288,288,288,304,323,323,306,323,323,323,340,323,340,340,360,378,378,396,399,418,418,418,418,418,437,440,440,460,437,504,504,504,504,525,550,550,550,572,572,594,598,621,621,672,672,672,672,696,750,750,780,806,864,868,924,924,924,986,1020,1085,1116,1116,1152,1184,1221,1254,1326,1360,1435,1591,1628,1672,1748,1794,1880,1920,2009,2193,2288,2385,2484,2688,2793,2950,3111,3339,3575,3752,4002,4189,4514,4788,5056,5561,5934,6319,6956,7469,8080,9374,9744,10948,11904,13433,15194,17214,19440,22704,26220,31050,37327,44604,56145,69642,83990,97060,108805,106080,104234,102564,99000,90457,72105,0,0,0,0,0,0,0,0,0,0,0,0,0,0,0,0,0,0,0,0,0,0,0,0,0,0,0,0,0,0,0,0,0,0,0,0,0,0,0,0,0,0,0,0,0,0,0,0,0,0,0,0,0,0,0,0,0,0,0,0,0,0,0,0,0,0,0,0,0,0,0,0,0,0,0,0,0,0,0,0,0,0,0,0,0,0,0,0,0,0,0,0,0,0,0,0,0,0,0,0,0,0,0,0
120,110,110,110,110,110,132,132,132,143,143,143,143,143,143,143,143,143,143,143,156,156,156,156,168,168,168,168,182,182,182,195,195,195,195,195,195,208,208,208,208,208,210,210,238,210,224,224,224,224,224,238,255,255,255,270,270,288,288,288,288,288,304,304,340,323,340,340,340,340,378,378,399,360,378,378,378,378,399,420,420,440,418,437,460,460,504,483,504,480,504,483,504,528,575,550,598,572,598,624,648,675,700,700,725,728,754,754,780,810,837,837,896,928,928,1020,1050,1054,1085,1116,1152,1216,1254,1287,1360,1400,1476,1554,1628,1672,1755,1794,1920,2016,2107,2244,2332,2484,2585,2736,2958,3120,3286,3402,3762,4012,4260,4526,4725,4992,5427,5796,6336,6900,7488,8282,9010,9856,10998,11931,13493,15369,17365,20049,23364,27406,32494,39672,48360,60858,74700,89859,104864,113760,112455,111252,109076,105450,95082,71630,36494,0,0,0,0,0,0,0,0,0,0,0,0,0,0,0,0,0,0,0,0,0,0,0,0,0,0,0,0,0,0,0,0,0,0,0,0,0,0,0,0,0,0,0,0,0,0,0,0,0,0,0,0,0,0,0,0,0,0,0,0,0,0,0,0,0,0,0,0,0,0,0,0,0,0,0,0,0,0,0,0,0,0,0
132,132,132,132,132,132,132,132,143,143,143,143,143,143,132,132,154,143,156,156,156,156,168,156,168,156,168,168,168,168,180,180,195,195,182,195,195,210,210,195,224,240,240,225,210,240,240,240,240,255,255,272,289,272,306,288,323,323,340,360,342,342,342,360,360,360,342,360,380,380,380,399,399,440,399,462,462,440,460,483,483,504,483,504,528,550,550,598,575,598,624,624,648,648,700,700,725,700,754,780,837,806,868,896,896,928,957,1020,1050,1085,1152,1221,1221,1254,1292,1360,1400,1476,1512,1591,1716,1760,1840,1968,2058,2193,2295,2430,2530,2744,2850,3009,3233,3584,3648,3953,4200,4526,4800,5226,5508,6035,6424,7068,8019,8466,9680,10304,11616,13056,14796,17052,19875,23182,27360,32864,40368,50180,64584,77634,92631,112800,117827,118750,119592,118294,115432,98908,64893,0,0,0,0,0,0,0,0,0,0,0,0,0,0,0,0,0,0,0,0,0,0,0,0,0,0,0,0,0,0,0,0,0,0,0,0,0,0,0,0,0,0,0,0,0,0,0,0,0,0,0,0,0,0,0,0,0,0,0,0,0,0,0,0,0,0,0,0,0,0,0,0,0,0,0,0,0,0,0,0,0,0,0,0,0,0,0,0,0,0,0,0,0,0,0
130,130,130,130,154,154,154,143,182,182,195,195,195,195,195,195,168,195,195,208,210,210,210,210,224,224,224,224,224,238,224,224,255,270,272,255,270,288,288,304,304,306,306,323,323,323,323,340,323,342,380,360,378,360,380,399,399,418,440,420,440,440,460,460,460,460,483,504,504,525,504,528,550,572,598,598,648,648,675,672,700,725,725,754,780,806,868,868,896,928,957,986,1020,1085,1152,1152,1221,1254,1326,1326,1435,1512,1554,1677,1755,1840,1968,2058,2200,2340,2484,2530,2640,2900,3120,3286,3520,3819,3944,4260,4588,4928,5360,5712,6264,6808,7410,8262,8988,10057,11160,12672,14522,16837,19557,22925,26931,32340,39715,50540,64539,81947,95680,113022,111342,109938,107855,105248,91745,65436,80,80,80,80,80,80,80,80,80,90,90,99,90,99,99,99,99,99,99,99,99,99,99,99,99,99,99,99,99,110,99,99,108,108,120,120,120,120,120,120,120,132,130,130,130,117,130,130,130,130,130,140,140,130,130,130,143,130,130,143,154,154,168,0,0,0,0,0,0,0,0,0,0,0,0,0,0,0,0,0,0,0,0,0,0,0,0,0,0,0,0,0,0,0,0,0,0,0,0,0,0,0,0,0,0,0,0,0,0,0,0,0,0,0
132,132,132,143,156,132,156,156,156,156,168,168,182,182,182,182,169,182,182,182,195,182,195,195,195,210,224,224,225,224,224,224,224,224,224,238,255,255,240,270,255,272,288,288,288,323,323,306,323,340,340,360,360,360,360,360,378,380,400,420,440,420,440,440,460,460,480,483,504,504,504,528,550,550,572,600,624,648,675,675,700,725,728,754,750,780,837,837,868,896,957,957,1015,1085,1116,1152,1184,1292,1287,1326,1360,1435,1512,1591,1716,1755,1880,1968,2150,2288,2385,2484,2688,2793,3009,3233,3456,3640,3944,4189,4526,4864,5280,5644,6177,6570,7392,8080,9180,9968,10974,12573,14385,16837,19520,23056,27406,33325,40869,53075,68109,82992,99130,112100,110044,108630,105570,99470,80850,0,0,0,0,0,0,0,0,0,0,0,0,0,0,0,0,0,0,0,0,0,0,0,0,0,0,0,0,0,0,0,0,0,0,0,0,0,0,0,0,0,0,0,0,0,0,0,0,0,0,0,0,0,0,0,0,0,0,0,0,0,0,0,0,0,0,0,0,0,0,0,0,0,0,0,0,0,0,0,0,0,0,0,0,0,0,0,0,0,0,0,0,0,0,0,0,0,0,0,0,0,0,0,0,0,0,0,0,0,0,0,0,0,0,0
88,80,99,88,99,99,110,120,130,120,108,108,108,143,130,143,154,143,143,156,182,182,182,182,182,182,195,168,195,195,196,182,210,195,210,210,210,224,224,210,224,240,240,240,255,255,255,270,288,270,255,288,306,306,306,306,306,306,323,323,340,342,342,360,380,399,399,399,399,399,440,440,440,440,460,437,460,480,460,504,550,550,550,575,598,621,621,648,672,700,700,725,728,754,780,837,837,896,957,957,986,1050,1020,1085,1188,1188,1221,1326,1400,1435,1476,1591,1672,1794,1880,1968,2058,2236,2385,2484,2585,2793,3009,3120,3456,3648,3886,4200,4514,4851,5360,5644,6177,6734,7584,8282,9374,10260,11374,13029,15228,17632,20916,24752,30247,37290,47175,61272,76160,93380,112772,111135,110376,108808,105633,89700,58015,0,0,0,0,0,0,0,0,0,0,0,0,0,0,0,0,0,0,0,0,0,0,0,0,0,0,0,0,0,0,0,0,0,0,0,0,0,0,0,0,0,0,0,0,0,0,0,0,0,0,0,0,0,0,0,0,0,0,0,0,0,0,0,0,0,0,0,0,0,0,0,0,0,0,0,0,0,0,0,0,0,0,0,0,0,0,0,0,0,0,0,0,0,0,0,0,0,0,0,0,0,0,0,0,0,0,0
80,80,80,100,110,120,120,132,143,130,132,132,132,154,143,143,143,156,143,168,168,168,156,156,168,168,168,168,168,195,182,182,182,182,195,195,195,195,195,195,195,195,224,224,208,224,224,238,224,224,238,238,238,238,240,255,272,288,288,288,323,323,306,323,323,340,340,360,360,360,378,378,378,418,399,418,440,440,460,460,460,480,504,504,525,550,572,572,598,621,644,621,672,672,700,725,780,783,810,864,896,896,924,986,1020,1054,1120,1188,1221,1254,1326,1400,1435,1512,1672,1755,1833,1920,2016,2142,2288,2340,2484,2688,3009,3180,3465,3770,3953,4331,4662,5005,5508,5964,6424,7161,8000,8925,9968,11186,13029,15012,17516,21120,25254,30600,39270,50304,66185,81720,100688,115419,114390,114668,111838,105301,78600,34191,0,0,0,0,0,0,0,0,0,0,0,0,0,0,0,0,0,0,0,0,0,0,0,0,0,0,0,0,0,0,0,0,0,0,0,0,0,0,0,0,0,0,0,0,0,0,0,0,0,0,0,0,0,0,0,0,0,0,0,0,0,0,0,0,0,0,0,0,0,0,0,0,0,0,0,0,0,0,0,0,0,0,0,0,0,0,0,0,0,0,0,0,0,0,0,0,0,0,0,0,0,0,0,0,0,0
110,120,120,130,130,143,132,132,143,143,143,143,143,154,154,140,143,156,156,156,168,168,168,168,168,180,195,195,180,195,195,208,208,195,195,208,224,224,224,225,240,240,255,255,255,288,270,270,285,270,288,288,304,304,306,306,323,323,360,360,378,399,378,378,399,440,440,460,418,460,440,460,460,483,504,483,528,550,572,624,648,624,648,700,725,725,754,780,837,837,864,896,957,1020,1020,1116,1116,1221,1221,1292,1326,1435,1435,1554,1672,1794,1880,2016,2150,2288,2385,2538,2736,2958,3172,3402,3762,3953,4331,4650,4992,5576,6106,6570,7315,8364,9460,10374,11904,13699,16206,19239,22925,27548,34662,44640,58667,75488,93840,113270,111051,109140,106470,99532,74129,31744,0,0,0,0,0,0,0,0,0,0,0,0,0,0,0,0,0,0,0,0,0,0,0,0,0,0,0,0,0,0,0,0,0,0,0,0,0,0,0,0,0,0,0,0,0,0,0,0,0,0,0,0,0,0,0,0,0,0,0,0,0,0,0,0,0,0,0,0,0,0,0,0,0,0,0,0,0,0,0,0,0,0,0,0,0,0,0,0,0,0,0,0,0,0,0,0,0,0,0,0,0,0,0,0,0,0,0,0,0,0,0,0,0,0,0,0,0,0
64,72,72,72,63,81,81,72,81,90,88,99,90,90,110,110,110,110,130,120,120,120,132,143,143,130,130,130,143,154,140,143,143,143,143,154,168,154,168,168,168,156,168,168,168,168,182,195,195,195,182,182,196,210,210,210,208,224,224,224,224,238,255,238,255,238,272,272,288,270,288,272,306,288,324,304,323,340,340,360,380,378,378,378,418,399,418,418,418,460,460,460,483,460,504,504,504,550,550,598,648,648,648,700,696,725,725,780,837,837,864,896,924,1020,1050,1085,1116,1184,1258,1292,1326,1435,1470,1591,1710,1794,1920,2058,2193,2288,2538,2585,2842,3120,3402,3762,3944,4200,4588,5005,5494,6035,6586,7392,8364,9768,10672,12125,14144,16688,20088,24254,30044,37620,50463,66435,92112,105328,112091,110058,108135,103530,83440,0,0,0,0,0,0,0,0,0,0,0,0,0,0,0,0,0,0,0,0,0,0,0,0,0,0,0,0,0,0,0,0,0,0,0,0,0,0,0,0,0,0,0,0,0,0,0,0,0,0,0,0,0,0,0,0,0,0,0,0,0,0,0,0,0,0,0,0,0,0,0,0,0,0,0,0,0,0,0,0,0,0,0,0,0,0,0,0,0,0,0,0,0,0,0,0,0,0,0,0,0
72,81,81,81,99,90,99,99,90,120,120,120,120,108,132,143,143,143,132,143,156,168,168,168,168,168,168,168,168,195,168,168,168,168,195,195,195,195,208,240,208,210,240,240,224,255,255,270,255,255,272,255,306,306,306,306,306,306,323,342,360,360,380,399,380,380,378,420,420,440,440,418,462,483,483,504,483,528,575,598,575,624,648,648,648,700,725,780,754,810,837,864,896,957,1020,1085,1152,1188,1221,1292,1365,1476,1476,1634,1710,1840,1968,2058,2236,2376,2585,2736,3009,3172,3640,3886,4200,4588,4928,5576,6106,6570,7566,8446,9460,10948,12672,14946,17980,21844,26827,34008,44678,59682,79200,98470,109504,107010,104148,97526,75400,33924,0,0,0,0,0,0,0,0,0,0,0,0,0,0,0,0,0,0,0,0,0,0,0,0,0,0,0,0,0,0,0,0,0,0,0,0,0,0,0,0,0,0,0,0,0,0,0,0,0,0,0,0,0,0,0,0,0,0,0,0,0,0,0,0,0,0,0,0,0,0,0,0,0,0,0,0,0,0,0,0,0,0,0,0,0,0,0,0,0,0,0,0,0,0,0,0,0,0,0,0,0,0,0,0,0,0,0,0,0,0,0,0,0,0,0,0,0,0,0,0,0,0
90,80,90,81,90,90,120,110,130,120,120,132,132,143,143,143,120,120,143,154,154,154,154,156,168,168,168,168,180,180,180,180,195,195,195,195,195,195,208,224,210,210,210,224,224,255,255,255,270,255,255,288,272,288,288,288,288,323,323,323,360,360,399,360,378,378,399,418,418,418,440,440,460,480,504,504,525,572,572,598,621,648,672,700,700,780,783,837,864,896,924,924,1050,1085,1120,1221,1254,1254,1360,1512,1591,1672,1755,1880,1960,2142,2288,2430,2688,2900,3172,3402,3696,4200,4453,4928,5427,6020,6570,7392,8446,9831,11067,13100,15336,18564,22880,28908,37290,51324,68547,88464,110908,108864,106912,102114,87912,0,0,0,0,0,0,0,0,0,0,0,0,0,0,0,0,0,0,0,0,0,0,0,0,0,0,0,0,0,0,0,0,0,0,0,0,0,0,0,0,0,0,0,0,0,0,0,0,0,0,0,0,0,0,0,0,0,0,0,0,0,0,0,0,0,0,0,0,0,0,0,0,0,0,0,0,0,0,0,0,0,0,0,0,0,0,0,0,0,0,0,0,0,0,0,0,0,0,0,0,0,0,0,0,0,0,0,0,0,0,0,0,0,0,0,0,0,0,0,0,0,0,0,0,0,0,0
96,96,108,108,120,120,120,120,132,143,143,143,143,143,143,143,154,182,168,168,168,182,195,180,210,168,182,195,195,210,210,224,224,224,224,210,224,224,224,255,272,272,288,272,289,306,306,306,323,323,342,342,342,360,378,399,399,399,440,440,440,460,460,504,483,483,528,550,572,575,598,648,648,672,700,725,810,754,810,868,928,957,986,1020,1120,1152,1221,1292,1326,1400,1512,1634,1755,1840,2058,2150,2340,2484,2632,2850,3172,3410,3819,4140,4526,4928,5508,5950,6660,7663,8820,10080,11495,13596,16498,20049,25071,32186,41760,58464,79552,99992,114954,113750,112194,107400,80295,0,0,0,0,0,0,0,0,0,0,0,0,0,0,0,0,0,0,0,0,0,0,0,0,0,0,0,0,0,0,0,0,0,0,0,0,0,0,0,0,0,0,0,0,0,0,0,0,0,0,0,0,0,0,0,0,0,0,0,0,0,0,0,0,0,0,0,0,0,0,0,0,0,0,0,0,0,0,0,0,0,0,0,0,0,0,0,0,0,0,0,0,0,0,0,0,0,0,0,0,0,0,0,0,0,0,0,0,0,0,0,0,0,0,0,0,0,0,0,0,0,0,0,0,0,0,0,0,0,0,0,0,0,0,0,0,0
1184,1221,1254,1221,1254,1292,1330,1365,1365,1400,1400,1440,1404,1440,1476,1476,1554,1517,1554,1591,1638,1716,1716,1755,1755,1755,1840,1880,1840,1880,1927,1927,2064,2064,2107,2064,2200,2200,2200,2244,2340,2340,2438,2438,2484,2538,2640,2688,2793,2793,2900,2900,2950,3009,3009,3180,3233,3348,3456,3520,3696,3762,3944,3944,4012,4140,4270,4392,4464,4599,4662,4864,5082,5214,5360,5508,5508,5727,6035,6177,6336,6586,6750,6900,7469,7663,8019,8200,8466,8652,9010,9592,9968,10170,10829,11186,11712,12250,13029,13493,14280,14873,15873,16464,17632,18720,19520,20790,22100,23718,25254,26980,28762,30247,32494,34980,37848,40698,44322,48024,52496,57000,63000,68766,76461,84700,93357,102795,106596,109593,111910,109161,106733,105258,104004,99775,96068,93072,87880,81699,74774,66105,55778,45073,29391,14508,0,0,0,0,0,0,0,0,0,0,0,0,0,0,0,0,0,0,0,0,0,0,0,0,0,0,0,0,0,0,0,0,0,0,0,0,0,0,0,0,0,0,0,0,0,0,0,0,0,0,0,0,0,0,0,0,0,0,0,0,0,0,0,0,0,0,0,0,0,0,0,0,0,0,0,0,0,0,0,0,0,0,0,0,0,0,0,0,0,0,0,0,0,0,0,0,0,0,0,0,0,0,0,0,0,0,0,0,0,0,0,0,0,0,0,0,0,0
990,1023,1054,1023,1088,1088,1120,1120,1120,1152,1184,1152,1152,1152,1152,1224,1258,1292,1330,1365,1365,1365,1400,1480,1517,1554,1558,1596,1638,1596,1677,1760,1720,1760,1804,1845,1886,1886,1974,1974,1974,2021,2064,2156,2156,2300,2346,2346,2397,2544,2592,2592,2695,2695,2744,2900,2850,3009,3016,3127,3127,3294,3410,3410,3648,3705,3828,3953,4012,4080,4140,4270,4331,4599,4736,4940,5148,5293,5440,5589,5810,6048,6264,6512,6675,7007,7347,7600,7938,8118,8484,8755,9222,9810,10101,10810,11210,11737,12276,13056,13596,14416,15400,16240,17168,18326,19557,20790,22532,23718,25530,27504,29452,31824,34069,37228,40698,44322,48732,53900,59364,66528,73872,83040,93585,97378,101885,102416,99456,97148,93274,90601,86944,82384,77724,72540,66243,57783,48336,36875,20445,72,72,72,80,72,80,80,80,90,90,90,90,90,80,80,80,80,80,90,80,72,80,90,90,99,90,90,99,99,90,99,110,110,90,90,100,100,90,100,100,100,100,100,100,100,100,110,110,110,110,110,110,110,110,110,110,110,110,110,110,110,110,110,99,110,108,99,90,99,99,90,99,90,90,110,110,110,132,132,120,120,120,130,130,130,130,130,130,130,130,143,143,143,143,143,143,143,130,130,130,130,130,130,130,130,130,110,132,120,0,0,0,0,0,0,0,0,0,0,0,0,0,0
675,700,725,728,728,754,754,754,728,783,783,810,810,868,868,840,899,868,899,896,899,896,896,957,990,990,1023,1054,1054,1085,1054,1054,1120,1120,1120,1152,1152,1188,1188,1221,1188,1258,1292,1258,1330,1365,1365,1404,1440,1440,1480,1558,1558,1558,1596,1677,1716,1716,1800,1800,1840,1886,1927,1886,1974,1974,2064,2107,2107,2200,2200,2244,2295,2392,2392,2491,2491,2592,2688,2744,2744,2793,2958,3068,3009,3233,3286,3348,3465,3584,3640,3762,3762,3886,4071,4130,4260,4464,4599,4725,4928,5070,5214,5293,5508,5796,5880,6106,6336,6660,7007,7161,7584,7760,8036,8466,8840,9222,9592,9968,10580,10998,11834,12250,12800,13596,14280,15012,15840,16724,17980,19080,20460,21844,23318,25160,26880,28855,31350,33790,36774,40222,43824,47763,52525,58491,65296,73248,81310,91500,103622,117040,116809,114912,111940,108543,104894,101277,96552,91504,85143,78285,69689,58006,45105,29493,12152,0,0,0,0,0,0,0,0,0,0,0,0,0,0,0,0,0,0,0,0,0,0,0,0,0,0,0,0,0,0,0,0,0,0,0,0,0,0,0,0,0,0,0,0,0,0,0,0,0,0,0,0,0,0,0,0,0,0,0,0,0,0,0,0,0,0,0,0,0,0,0,0,0,0,0,0,0,0,0,0,0,0,0,0,0,0,0,0,0,0,0,0,0,0,0,0,0
506,528,528,528,528,528,528,552,552,575,575,575,598,624,624,624,624,624,648,675,675,675,700,700,728,783,756,783,783,783,783,783,756,783,812,812,810,810,868,868,928,928,928,990,990,1020,1023,1023,1054,1054,1088,1088,1120,1088,1155,1188,1221,1221,1258,1292,1292,1292,1330,1365,1365,1404,1482,1520,1634,1596,1634,1716,1716,1800,1760,1890,1932,1932,2021,2064,2112,2156,2156,2250,2295,2392,2438,2438,2438,2538,2640,2688,2744,2958,3009,3060,3120,3286,3348,3520,3640,3762,3819,3944,4012,4200,4331,4599,4662,5005,5148,5148,5440,5589,5822,6120,6278,6600,6916,7254,7505,7760,8118,8925,9222,9612,10101,10695,11115,11737,12726,13416,14204,15290,16272,17516,18480,20250,21801,23232,25715,27599,29547,32648,36349,39950,44571,49707,56200,63388,71008,82080,93585,107712,125965,133504,130065,126721,124542,123322,118184,112607,107575,99384,89244,75632,59248,39130,0,0,0,0,0,0,0,0,0,0,0,0,0,0,0,0,0,0,0,0,0,0,0,0,0,0,0,0,0,0,0,0,0,0,0,0,0,0,0,0,0,0,0,0,0,0,0,0,0,0,0,0,0,0,0,0,0,0,0,0,0,0,0,0,0,0,0,0,0,0,0,0,0,0,0,0,0,0,0,0,0,0,0,0,0,0,0,0,0,0,0,0,0,0,0,0
504,483,483,483,483,504,504,528,575,575,552,575,575,575,624,624,600,624,624,624,675,675,675,675,675,728,700,754,780,756,728,756,783,783,810,810,810,868,868,868,868,928,957,1020,1054,1054,1054,1085,1085,1116,1152,1184,1221,1254,1254,1326,1360,1360,1435,1440,1476,1517,1554,1634,1677,1755,1800,1760,1800,1840,1886,1968,2009,2150,2200,2244,2340,2392,2484,2585,2632,2688,2688,2793,2958,3009,3172,3224,3392,3510,3520,3696,3886,4002,4189,4260,4453,4788,4928,5070,5293,5644,6020,6192,6570,6956,7161,7488,8000,8549,8820,9374,9968,10580,11280,12125,12900,13802,14734,16095,17365,18802,20418,22575,24156,26496,29232,32680,35708,40729,46003,51597,58893,68040,77860,90282,106000,120096,120497,118256,113460,109120,104927,98515,88452,78960,64874,47250,23220,0,0,0,0,0,0,0,0,0,0,0,0,0,0,0,0,0,0,0,0,0,0,0,0,0,0,0,0,0,0,0,0,0,0,0,0,0,0,0,0,0,0,0,0,0,0,0,0,0,0,0,0,0,0,0,0,0,0,0,0,0,0,0,0,0,0,0,0,0,0,0,0,0,0,0,0,0,0,0,0,0,0,0,0,0,0,0,0,0,0,0,0,0,0,0,0,0,0,0,0,0,0,0,0,0,0,0,0,0,0,0,0,0,0,0
506,506,506,528,552,552,552,552,575,575,575,624,624,624,624,600,650,650,650,675,675,675,702,728,728,754,728,754,783,810,810,840,840,899,928,899,928,960,960,990,1023,1054,1085,1120,1152,1120,1188,1188,1188,1258,1258,1292,1295,1330,1365,1440,1440,1517,1596,1634,1677,1760,1760,1804,1886,1932,2021,2064,2156,2250,2300,2295,2444,2544,2640,2695,2750,2850,2907,3127,3180,3286,3465,3465,3705,3944,4020,4140,4331,4526,4875,5016,5226,5508,5893,6336,6438,6992,7176,7600,8217,8670,9240,9810,10509,11115,12078,12954,14231,15290,16675,18088,19964,21970,24344,26741,29800,33496,37909,43076,49140,57449,67710,78588,93912,112518,126576,123136,119498,116270,110048,104160,97328,86449,72276,53320,24582,0,0,0,0,0,0,0,0,0,0,0,0,0,0,0,0,0,0,0,0,0,0,0,0,0,0,0,0,0,0,0,0,0,0,0,0,0,0,0,0,0,0,0,0,0,0,0,0,0,0,0,0,0,0,0,0,0,0,0,0,0,0,0,0,0,0,0,0,0,0,0,0,0,0,0,0,0,0,0,0,0,0,0,0,0,0,0,0,0,0,0,0,0,0,0,0,0,0,0,0,0,0,0,0,0,0,0,0,0,0,0,0,0,0,0,0,0,0,0,0,0,0,0,0,0,0,0
483,483,462,528,528,504,504,528,506,528,528,528,528,552,552,575,575,600,624,624,624,624,624,675,700,675,725,700,754,754,754,780,754,754,783,810,810,837,896,896,896,928,957,990,990,1020,1085,1054,1085,1120,1120,1152,1184,1216,1254,1287,1326,1330,1365,1400,1435,1512,1548,1591,1672,1672,1716,1800,1800,1886,1927,2016,2058,2107,2244,2244,2340,2438,2484,2585,2632,2744,2793,2842,3060,3172,3224,3456,3640,3696,3876,4060,4260,4392,4588,4864,5148,5293,5508,5865,6192,6512,7050,7332,7663,8200,8944,9396,9879,10602,11495,12375,13362,14416,15873,17100,18960,20584,23056,25482,28028,31710,35680,41520,47545,54569,64113,75864,90000,106896,124818,122364,119798,116280,111338,105894,99104,89445,74036,54418,26462,270,252,0,0,0,0,0,0,0,0,0,0,0,0,0,0,0,0,0,0,0,0,0,0,0,0,0,0,0,0,0,0,0,0,0,0,0,0,0,0,0,0,0,0,0,0,0,0,0,0,0,0,0,0,0,0,0,0,0,0,0,0,0,0,0,0,0,0,0,0,0,0,0,0,0,0,0,0,0,0,0,0,0,0,0,0,0,0,0,0,0,0,0,0,0,0,0,0,0,0,0,0,0,0,0,0,0,0,0,0,0,0,0,0,0,0,0,0,0,0,0,0,0
323,323,306,306,323,323,323,342,342,342,360,342,342,342,342,360,360,342,380,380,380,399,440,440,440,440,420,462,462,462,483,483,528,506,506,552,552,552,552,550,552,575,600,600,624,624,650,675,700,675,675,700,728,702,728,728,756,756,783,810,810,840,840,840,868,868,928,928,928,990,1020,990,1054,1085,1085,1188,1188,1221,1292,1326,1292,1404,1480,1476,1554,1634,1634,1716,1716,1800,1800,1886,1927,2107,2107,2156,2244,2295,2484,2585,2640,2688,2793,2842,3009,3172,3339,3465,3520,3819,4130,4200,4392,4526,4928,5082,5440,5658,5964,6351,6900,7332,7680,8118,8652,9416,9990,10974,11834,12800,14070,15620,17020,18408,20460,22750,25806,28457,32376,37164,43296,50806,59655,71100,85156,103208,127596,128760,124800,121085,114330,106785,95130,82296,60984,36162,0,0,0,0,0,0,0,0,0,0,0,0,0,0,0,0,0,0,0,0,0,0,0,0,0,0,0,0,0,0,0,0,0,0,0,0,0,0,0,0,0,0,0,0,0,0,0,0,0,0,0,0,0,0,0,0,0,0,0,0,0,0,0,0,0,0,0,0,0,0,0,0,0,0,0,0,0,0,0,0,0,0,0,0,0,0,0,0,0,0,0,0,0,0,0,0,0,0,0,0,0,0,0,0,0,0,0,0
306,360,360,360,360,380,360,380,380,380,380,399,380,380,380,399,380,420,420,420,420,440,440,420,462,462,462,462,483,483,528,528,506,529,529,529,552,575,552,600,600,600,600,600,624,624,675,675,675,700,675,728,728,754,810,810,810,810,840,868,868,928,899,928,990,960,1020,1085,1088,1120,1188,1221,1221,1258,1292,1360,1440,1440,1480,1558,1596,1634,1716,1800,1840,1886,1927,2064,2064,2156,2200,2392,2392,2538,2688,2793,2793,3060,3172,3286,3402,3584,3819,4002,4189,4464,4725,5070,5293,5508,5880,6192,6750,7488,7584,8200,9030,9592,10374,11186,12125,13362,14628,16095,18018,19723,22620,25482,29054,32956,37720,44250,51680,62491,75900,91500,104813,112054,112887,106546,99620,90472,79904,63900,40959,10944,0,0,0,0,0,0,0,0,0,0,0,0,0,0,0,0,0,0,0,0,0,0,0,0,0,0,0,0,0,0,0,0,0,0,0,0,0,0,0,0,0,0,0,0,0,0,0,0,0,0,0,0,0,0,0,0,0,0,0,0,0,0,0,0,0,0,0,0,0,0,0,0,0,0,0,0,0,0,0,0,0,0,0,0,0,0,0,0,0,0,0,0,0,0,0,0,0,0,0,0,0,0,0,0,0,0,0,0,0,0,0,0,0,0,0,0,0,0
240,255,240,240,240,240,240,255,240,240,272,272,289,272,289,306,306,306,306,306,323,323,306,342,342,342,342,342,342,342,342,360,360,378,360,380,380,399,420,420,420,420,420,440,462,441,462,483,504,483,506,528,528,550,550,528,528,550,550,550,575,598,598,598,598,624,648,648,648,648,672,725,700,754,728,754,780,810,840,840,868,896,928,986,957,986,1050,1050,1116,1120,1152,1221,1221,1254,1326,1365,1400,1440,1517,1554,1672,1672,1716,1800,1840,1968,2009,2107,2193,2288,2438,2538,2585,2688,2842,2950,3111,3276,3520,3640,3819,4060,4130,4380,4851,5005,5360,5796,6035,6624,7125,7238,7840,8549,9202,10080,10948,12028,13390,14766,16240,18445,20500,23100,25993,29896,34444,39984,46620,55664,68888,85050,102960,115028,125514,124226,117208,106430,92619,74370,51569,15892,0,0,0,0,0,0,0,0,0,0,0,0,0,0,0,0,0,0,0,0,0,0,0,0,0,0,0,0,0,0,0,0,0,0,0,0,0,0,0,0,0,0,0,0,0,0,0,0,0,0,0,0,0,0,0,0,0,0,0,0,0,0,0,0,0,0,0,0,0,0,0,0,0,0,0,0,0,0,0,0,0,0,0,0,0,0,0,0,0,0,0,0,0,0,0,0,0,0,0,0,0,0
224,224,224,240,240,240,255,255,255,255,255,255,270,255,288,272,272,289,306,306,306,323,306,306,306,342,342,342,342,360,360,360,360,378,420,420,400,420,420,420,420,420,440,462,462,462,462,462,483,506,506,528,506,528,552,529,552,552,552,552,600,600,624,624,600,624,624,648,700,700,700,728,754,812,783,810,837,870,868,928,928,957,990,1054,1054,1085,1085,1120,1188,1188,1221,1292,1365,1365,1440,1554,1554,1596,1677,1800,1840,1968,1968,2058,2107,2250,2295,2438,2538,2695,2793,2900,3050,3224,3286,3584,3819,4002,4071,4392,4650,5005,5360,5589,6035,6750,6916,7505,8118,8755,9416,10396,11210,12500,13755,15260,16905,19276,21801,24840,28665,32760,38701,45933,55200,67847,83349,106080,138260,145860,140822,134520,125628,113590,94500,66066,23460,0,0,0,0,0,0,0,0,0,0,0,0,0,0,0,0,0,0,0,0,0,0,0,0,0,0,0,0,0,0,0,0,0,0,0,0,0,0,0,0,0,0,0,0,0,0,0,0,0,0,0,0,0,0,0,0,0,0,0,0,0,0,0,0,0,0,0,0,0,0,0,0,0,0,0,0,0,0,0,0,0,0,0,0,0,0,0,0,0,0,0,0,0,0,0,0,0,0,0,0,0,0,0,0,0,0,0
210,210,210,210,210,225,225,225,240,240,240,240,240,240,240,240,255,255,272,272,272,272,288,272,272,272,272,288,306,306,323,306,306,323,342,342,360,360,342,360,360,360,380,380,399,399,399,418,418,440,440,440,462,462,483,483,506,506,528,506,529,552,552,552,552,575,624,600,600,624,648,648,700,700,728,754,754,754,810,837,840,899,896,896,896,990,990,1023,1023,1120,1152,1152,1152,1254,1326,1365,1435,1476,1476,1591,1554,1677,1800,1840,1974,2016,2107,2200,2340,2438,2544,2695,2800,3009,3120,3294,3465,3640,3819,4071,4392,4662,5016,5508,5810,6120,6900,7254,7857,8568,9328,10304,11328,12726,13992,15762,17818,20412,23316,27170,31878,37742,45384,55600,69353,88000,115544,136120,136416,128832,119906,108780,91125,62436,19275,0,0,0,0,0,0,0,0,0,0,0,0,0,0,0,0,0,0,0,0,0,0,0,0,0,0,0,0,0,0,0,0,0,0,0,0,0,0,0,0,0,0,0,0,0,0,0,0,0,0,0,0,0,0,0,0,0,0,0,0,0,0,0,0,0,0,0,0,0,0,0,0,0,0,0,0,0,0,0,0,0,0,0,0,0,0,0,0,0,0,0,0,0,0,0,0,0,0,0,0,0,0,0,0,0,0,0,0,0
224,195,224,210,210,225,240,240,240,240,255,240,255,272,272,289,272,288,306,306,306,306,288,288,304,288,306,323,342,342,342,360,342,342,360,360,380,400,400,420,420,420,440,440,462,483,462,483,483,506,506,528,528,550,550,528,575,575,575,624,624,648,624,675,675,728,728,728,728,728,810,868,868,868,928,957,957,1020,990,1020,1054,1116,1152,1184,1254,1326,1326,1440,1440,1554,1677,1716,1755,1800,1927,2016,2058,2193,2288,2385,2585,2640,2793,2950,3120,3348,3575,3819,3886,4200,4464,4800,5214,5440,5810,6336,6825,7410,8019,8925,9900,10904,11956,13755,15540,17969,20160,23182,26790,31365,37516,45250,55919,69394,89142,117162,142040,147132,139129,127723,113781,90119,52780,0,0,0,0,0,0,0,0,0,0,0,0,0,0,0,0,0,0,0,0,0,0,0,0,0,0,0,0,0,0,0,0,0,0,0,0,0,0,0,0,0,0,0,0,0,0,0,0,0,0,0,0,0,0,0,0,0,0,0,0,0,0,0,0,0,0,0,0,0,0,0,0,0,0,0,0,0,0,0,0,0,0,0,0,0,0,0,0,0,0,0,0,0,0,0,0,0,0,0,0,0,0,0,0,0,0,0,0,0,0,0,0,0,0,0,0,0,0,0,0,0
168,168,156,156,195,195,195,195,210,210,210,225,240,240,225,225,240,240,240,240,256,256,256,256,272,272,288,288,288,288,288,306,323,323,323,360,342,342,342,360,360,361,380,380,399,399,440,420,420,420,440,440,483,504,483,504,504,483,504,552,575,624,575,624,624,624,624,675,675,675,700,675,728,728,812,840,840,899,928,957,957,957,1054,1054,1152,1152,1221,1254,1330,1400,1440,1476,1554,1591,1672,1840,1833,1968,2009,2142,2193,2332,2530,2688,2842,3009,3111,3339,3584,3819,4130,4453,4725,5082,5427,5950,6408,6992,7644,8364,9396,10374,11590,13260,15120,17250,20212,23408,27599,32860,39648,48576,61272,79900,97722,107917,118864,104894,92055,74095,51408,0,0,0,0,0,0,0,0,0,0,0,0,0,0,0,0,0,0,0,0,0,0,0,0,0,0,0,0,0,0,0,0,0,0,0,0,0,0,0,0,0,0,0,0,0,0,0,0,0,0,0,0,0,0,0,0,0,0,0,0,0,0,0,0,0,0,0,0,0,0,0,0,0,0,0,0,0,0,0,0,0,0,0,0,0,0,0,0,0,0,0,0,0,0,0,0,0,0,0,0,0,0,0,0,0,0,0,0,0,0,0,0,0,0,0,0,0,0,0,0,0,0,0
156,156,169,169,169,169,182,182,182,182,182,182,195,196,182,196,196,196,210,210,210,210,240,240,240,240,240,256,240,240,256,272,256,272,272,272,272,306,306,289,306,306,323,323,324,342,342,342,360,342,342,342,380,361,380,380,399,420,420,420,441,440,462,462,462,483,506,506,506,528,575,552,600,600,624,675,675,728,728,754,754,756,783,783,840,868,896,928,1020,1020,1023,1054,1152,1152,1258,1292,1330,1404,1480,1440,1596,1677,1755,1840,1927,2016,2107,2250,2346,2444,2640,2688,2958,3120,3286,3584,3762,4071,4331,4800,5082,5508,6048,6512,7254,7938,8652,9592,10788,12054,13832,15620,18207,21082,24660,29400,35360,43050,55242,69836,92710,102762,108851,100206,88320,73290,49392,13776,0,0,0,0,0,0,0,0,0,0,0,0,0,0,0,0,0,0,0,0,0,0,0,0,0,0,0,0,0,0,0,0,0,0,0,0,0,0,0,0,0,0,0,0,0,0,0,0,0,0,0,0,0,0,0,0,0,0,0,0,0,0,0,0,0,0,0,0,0,0,0,0,0,0,0,0,0,0,0,0,0,0,0,0,0,0,0,0,0,0,0,0,0,0,0,0,0,0,0,0,0,0,0,0,0,0,0,0,0,0,0,0,0,0,0,0
143,154,143,156,156,156,143,156,169,169,168,168,168,168,169,195,195,182,182,182,182,195,225,225,225,225,240,225,225,225,255,272,256,256,272,272,272,272,288,288,272,289,255,288,289,306,306,323,306,306,306,323,323,342,342,360,360,361,380,400,420,420,440,462,462,440,460,483,528,506,528,528,528,550,598,575,624,624,650,675,675,675,675,728,754,728,783,812,840,868,928,957,957,990,1085,1120,1152,1188,1221,1292,1326,1365,1400,1512,1512,1628,1665,1833,1920,1960,2100,2193,2484,2484,2632,2784,2950,3172,3520,3696,3933,4200,4526,4992,5494,5880,6586,7068,7663,8549,9570,10556,12152,13802,15696,18096,21125,24605,29725,36869,45390,58692,76152,103350,114639,117992,109695,94340,72216,41520,0,0,0,0,0,0,0,0,0,0,0,0,0,0,0,0,0,0,0,0,0,0,0,0,0,0,0,0,0,0,0,0,0,0,0,0,0,0,0,0,0,0,0,0,0,0,0,0,0,0,0,0,0,0,0,0,0,0,0,0,0,0,0,0,0,0,0,0,0,0,0,0,0,0,0,0,0,0,0,0,0,0,0,0,0,0,0,0,0,0,0,0,0,0,0,0,0,0,0,0,0,0,0,0,0,0,0,0,0,0,0,0,0,0
110,99,99,99,99,110,110,110,110,110,110,121,110,110,132,120,120,120,132,132,143,143,143,132,144,144,132,144,156,156,156,182,182,182,182,182,182,195,195,195,182,182,196,195,210,210,210,210,224,224,210,210,240,240,240,255,255,240,255,255,255,255,255,288,270,288,306,304,288,323,323,342,342,360,342,342,342,360,360,342,360,399,399,418,399,440,440,462,483,483,504,504,504,504,504,528,550,598,598,621,598,648,648,672,700,700,700,725,754,810,896,899,957,957,1020,990,1085,1116,1147,1184,1221,1292,1292,1400,1435,1470,1548,1591,1665,1755,1920,1968,2100,2288,2385,2530,2688,2842,2950,3180,3402,3630,3876,4118,4440,4774,5200,5644,6177,6808,7644,8343,9156,10440,11780,13596,15444,17670,20328,23920,28826,35100,43596,55104,70305,93208,116688,128860,119350,101430,80040,51972,0,0,0,0,0,0,0,0,0,0,0,0,0,0,0,0,0,0,0,0,0,0,0,0,0,0,0,0,0,0,0,0,0,0,0,0,0,0,0,0,0,0,0,0,0,0,0,0,0,0,0,0,0,0,0,0,0,0,0,0,0,0,0,0,0,0,0,0,0,0,0,0,0,0,0,0,0,0,0,0,0,0,0,0,0,0,0,0,0,0,0,0
182,195,182,182,182,182,195,195,210,210,182,195,195,224,224,224,224,240,240,240,240,240,240,256,256,255,255,272,272,288,288,288,323,323,323,360,342,323,323,360,360,342,342,380,360,380,399,418,418,420,440,420,440,460,462,483,483,483,528,528,550,575,600,650,650,675,700,672,648,728,754,780,810,840,896,928,957,960,1020,1054,1120,1184,1221,1221,1292,1326,1400,1435,1512,1591,1628,1755,1880,1880,1968,2142,2288,2484,2585,2736,2891,3162,3445,3630,3876,4260,4526,5135,5427,6020,6497,7238,7821,8904,10057,11400,13130,15087,17632,20584,24388,29841,36547,46440,59590,78547,108272,133560,145080,129058,109620,80136,33908,0,0,0,0,0,0,0,0,0,0,0,0,0,0,0,0,0,0,0,0,0,0,0,0,0,0,0,0,0,0,0,0,0,0,0,0,0,0,0,0,0,0,0,0,0,0,0,0,0,0,0,0,0,0,0,0,0,0,0,0,0,0,0,0,0,0,0,0,0,0,0,0,0,0,0,0,0,0,0,0,0,0,0,0,0,0,0,0,0,0,0,0,0,0,0,0,0,0,0,0,0,0,0,0,0,0,0,0,0,0,0,0,0,0,0,0,0,0,0,0,0,0,0,0,0,0,0,0,0,0,0
99,99,99,99,99,110,110,110,120,120,110,120,120,120,132,143,143,143,143,132,154,154,154,143,154,168,168,168,182,182,182,182,182,182,195,182,196,196,210,210,210,196,210,210,210,196,196,224,224,210,225,240,240,225,240,272,272,272,240,256,272,272,272,288,288,289,306,306,323,323,323,360,361,380,361,380,399,399,399,399,418,418,418,440,483,528,550,528,528,576,576,600,600,600,650,624,624,648,675,700,700,783,783,810,868,868,896,957,990,1085,1085,1120,1221,1330,1330,1440,1480,1554,1634,1716,1794,1880,2016,2107,2244,2385,2530,2688,2900,3111,3402,3575,3886,4260,4800,5226,5508,6035,6586,7410,8160,9095,10440,11685,13668,15696,18252,21971,27072,33325,41310,53654,70720,96900,128896,137506,125315,107514,80373,34133,0,0,0,0,0,0,0,0,0,0,0,0,0,0,0,0,0,0,0,0,0,0,0,0,0,0,0,0,0,0,0,0,0,0,0,0,0,0,0,0,0,0,0,0,0,0,0,0,0,0,0,0,0,0,0,0,0,0,0,0,0,0,0,0,0,0,0,0,0,0,0,0,0,0,0,0,0,0,0,0,0,0,0,0,0,0,0,0,0,0,0,0,0,0,0,0,0,0,0,0,0,0,0,0
144,156,169,169,169,169,182,168,182,182,182,169,196,196,196,169,182,182,182,182,182,196,182,210,195,196,210,210,210,210,224,225,225,240,240,255,255,255,255,288,272,306,306,323,306,323,342,342,342,342,324,342,342,380,361,380,399,399,440,440,462,483,460,483,504,506,528,528,575,600,624,648,650,675,675,728,728,702,783,783,840,840,928,957,990,990,1085,1120,1188,1258,1295,1404,1440,1558,1638,1716,1760,1932,2064,2250,2392,2544,2695,2907,3120,3410,3591,3953,4331,4725,5159,5822,6351,7007,7776,8944,10304,11760,13886,16302,19468,23450,28518,36023,46368,61446,86203,126900,137543,126270,109935,85314,42496,0,0,0,0,0,0,0,0,0,0,0,0,0,0,0,0,0,0,0,0,0,0,0,0,0,0,0,0,0,0,0,0,0,0,0,0,0,0,0,0,0,0,0,0,0,0,0,0,0,0,0,0,0,0,0,0,0,0,0,0,0,0,0,0,0,0,0,0,0,0,0,0,0,0,0,0,0,0,0,0,0,0,0,0,0,0,0,0,0,0,0,0,0,0,0,0,0,0,0,0,0,0,0,0,0,0,0,0,0,0,0,0,0,0,0,0,0,0,0,0,0,0,0,0,0,0,0,0,0,0,0
120,132,132,132,132,132,132,132,132,132,132,132,132,156,156,156,156,144,156,156,144,156,156,156,169,156,169,169,169,169,156,168,182,182,182,182,195,210,196,210,210,210,210,224,224,238,210,224,224,240,255,255,240,255,270,255,272,288,288,288,304,323,342,342,342,342,342,361,380,361,380,380,378,440,440,440,460,483,504,483,528,506,552,575,600,624,650,650,675,702,728,728,756,783,810,840,899,960,1023,1023,1085,1120,1188,1224,1295,1368,1440,1558,1677,1755,1845,1932,2112,2244,2392,2544,2695,2958,3180,3528,3770,4080,4464,4928,5451,5964,6764,7426,8568,9720,10925,12978,15318,17969,22008,27260,33338,43432,58220,81554,119136,140562,129720,114450,90678,48140,0,0,0,0,0,0,0,0,0,0,0,0,0,0,0,0,0,0,0,0,0,0,0,0,0,0,0,0,0,0,0,0,0,0,0,0,0,0,0,0,0,0,0,0,0,0,0,0,0,0,0,0,0,0,0,0,0,0,0,0,0,0,0,0,0,0,0,0,0,0,0,0,0,0,0,0,0,0,0,0,0,0,0,0,0,0,0,0,0,0,0,0,0,0,0,0,0,0,0,0,0,0,0,0,0,0,0,0,0,0,0,0,0,0,0,0,0,0
90,90,90,90,90,90,99,99,99,99,99,99,108,120,120,120,120,120,143,143,132,132,132,143,132,143,143,143,143,143,144,156,156,156,156,168,168,168,168,168,182,182,196,196,196,196,196,210,196,196,210,210,195,210,225,225,255,240,240,255,272,288,272,288,288,272,306,323,323,342,360,360,378,360,378,380,399,399,399,440,460,440,440,483,483,483,528,528,550,550,621,672,648,675,725,783,783,810,868,928,957,957,990,1020,1152,1147,1254,1292,1330,1400,1512,1634,1716,1800,1968,2016,2142,2340,2430,2632,2784,3050,3339,3696,4060,4453,5070,5427,6020,6956,7584,8549,9856,11374,13433,15805,19159,23091,29088,37352,48594,65940,92379,102340,105530,81213,56960,21462,0,0,0,0,0,0,0,0,0,0,0,0,0,0,0,0,0,0,0,0,0,0,0,0,0,0,0,0,0,0,0,0,0,0,0,0,0,0,0,0,0,0,0,0,0,0,0,0,0,0,0,0,0,0,0,0,0,0,0,0,0,0,0,0,0,0,0,0,0,0,0,0,0,0,0,0,0,0,0,0,0,0,0,0,0,0,0,0,0,0,0,0,0,0,0,0,0,0,0,0,0,0,0,0,0,0,0,0,0,0,0,0,0,0,0,0
88,88,88,90,90,80,80,80,88,99,99,99,90,108,108,99,108,110,121,121,132,132,132,132,132,132,156,156,156,156,156,144,168,156,156,156,168,168,169,169,169,196,169,169,182,196,196,210,210,182,182,225,210,210,224,224,224,238,272,272,272,288,288,255,270,288,323,323,340,342,360,380,380,380,399,380,420,440,440,483,462,483,462,506,506,528,528,575,598,624,675,675,700,728,728,810,840,868,928,957,1020,1050,1085,1152,1221,1292,1330,1440,1476,1677,1716,1840,1968,2058,2200,2340,2585,2736,2900,3172,3456,3876,4392,4662,5226,5727,6424,7332,8282,9483,10881,12900,15228,18369,22446,28171,36547,47603,65100,94627,110622,113022,93224,67620,26402,0,0,0,0,0,0,0,0,0,0,0,0,0,0,0,0,0,0,0,0,0,0,0,0,0,0,0,0,0,0,0,0,0,0,0,0,0,0,0,0,0,0,0,0,0,0,0,0,0,0,0,0,0,0,0,0,0,0,0,0,0,0,0,0,0,0,0,0,0,0,0,0,0,0,0,0,0,0,0,0,0,0,0,0,0,0,0,0,0,0,0,0,0,0,0,0,0,0,0,0,0,0,0,0,0,0,0,0,0,0,0,0,0,0,0,0,0,0,0
441,441,441,441,441,462,462,462,483,506,484,484,506,506,506,506,506,506,506,529,552,576,600,576,576,576,600,600,600,600,625,625,650,650,650,676,702,702,729,729,756,756,756,756,756,783,812,840,812,841,812,812,870,840,899,960,930,960,930,990,960,1023,992,992,1054,1054,1056,1122,1122,1155,1122,1155,1190,1258,1224,1330,1330,1330,1365,1404,1404,1440,1443,1480,1517,1517,1554,1596,1677,1716,1720,1760,1800,1886,1886,1974,2016,2064,2150,2295,2156,2254,2346,2397,2496,2544,2646,2646,2695,2800,2907,2958,3120,3180,3240,3355,3472,3591,3648,3894,4020,4080,4209,4473,4536,4672,4884,5016,5226,5520,5740,5893,6364,6600,6916,7007,7663,7680,8036,8585,8858,9434,10010,10509,11020,11543,12300,13184,13992,14933,15904,17052,18207,19434,20955,22572,24344,26696,28959,32085,35098,38243,42834,47656,52416,59276,66650,76257,87840,99840,104067,108962,113750,119652,118584,114639,104400,99552,92877,83096,71625,61936,44840,22260,0,0,0,0,0,0,0,0,0,0,0,0,0,0,0,0,0,0,0,0,0,0,0,0,0,0,0,0,0,0,0,0,0,0,0,0,0,0,0,0,0,0,0,0,0,0,0,0,0,0,0,0,0,0,0,0,0,0,0,0,0,0,0,0,0,0,0,0,0,0,0,0,0,0,0,0,0,0,0,0
625,625,625,625,625,676,702,675,676,650,676,702,729,702,729,729,756,812,784,841,841,841,870,841,870,900,900,900,992,1024,992,1024,1024,1024,1089,1089,1089,1122,1190,1190,1190,1260,1296,1296,1260,1296,1332,1369,1369,1444,1444,1482,1521,1560,1599,1599,1680,1722,1763,1763,1848,1892,1980,1980,1980,2116,2162,2162,2256,2352,2450,2550,2550,2650,2756,2808,2915,2968,3132,3245,3363,3477,3538,3717,3900,4026,4092,4284,4347,4615,4686,4891,5175,5390,5538,5767,6300,6384,6786,7120,7462,7728,8256,8722,9282,9672,10368,10890,11526,12390,13298,14097,14916,16029,17324,18796,20328,22080,24024,26373,29016,31590,35360,39559,43992,49352,56337,64800,74400,86430,100375,118503,136710,146940,147744,147962,147402,147264,147600,146294,143775,140056,103320,0,0,0,0,0,0,0,0,0,0,0,0,0,0,0,0,0,0,0,0,0,0,0,0,0,0,0,0,0,0,0,0,0,0,0,0,0,0,0,0,0,0,0,0,0,0,0,0,0,0,0,0,0,0,0,0,0,0,0,0,0,0,0,0,0,0,0,0,0,0,0,0,0,0,0,0,0,0,0,0,0,0,0,0,0,0,0,0,0,0,0,0,0,0,0,0,0,0,0,0,0,0,0,0,0,0,0,0,0,0,0,0,0,0,0,0,0,0,0,0,0
420,420,420,441,462,484,484,462,462,506,506,506,506,506,506,529,552,552,552,576,600,625,624,625,625,650,625,650,650,650,625,675,676,702,702,756,756,702,756,784,784,784,812,840,812,812,812,840,870,870,870,899,930,961,961,992,1023,1056,1056,1056,1088,1088,1122,1190,1224,1190,1295,1295,1330,1330,1368,1404,1368,1443,1480,1480,1558,1596,1596,1638,1680,1720,1804,1804,1804,1932,1978,2021,2068,2112,2254,2300,2300,2397,2448,2597,2700,2754,2805,2912,3074,3186,3300,3360,3534,3591,3712,3894,4087,4154,4278,4608,4745,4884,5168,5382,5751,5986,6290,6536,7098,7440,7452,7968,8514,8976,9555,10137,10848,11368,12342,13000,13910,15096,16215,17612,19220,20736,22646,24780,27448,30141,33971,37856,41949,47058,54054,61950,71325,83592,97875,111785,118420,125060,129948,125856,121824,116510,111108,103124,89726,74847,54924,28054,0,0,0,0,0,0,0,0,0,0,0,0,0,0,0,0,0,0,0,0,0,0,0,0,0,0,0,0,0,0,0,0,0,0,0,0,0,0,0,0,0,0,0,0,0,0,0,0,0,0,0,0,0,0,0,0,0,0,0,0,0,0,0,0,0,0,0,0,0,0,0,0,0,0,0,0,0,0,0,0,0,0,0,0,0,0,0,0,0,0,0,0,0,0,0,0,0,0,0,0
272,272,289,289,289,289,289,272,272,289,288,306,306,306,306,324,324,342,323,324,361,361,380,361,361,361,400,400,400,400,420,441,420,441,441,441,462,462,462,484,484,506,506,484,506,506,552,552,576,576,600,576,600,624,600,600,650,650,675,675,700,675,728,702,702,702,756,729,756,784,812,784,812,812,840,812,840,840,870,928,930,930,960,990,1023,992,1023,1054,1088,1120,1120,1156,1188,1224,1295,1295,1330,1368,1404,1443,1480,1517,1480,1517,1638,1677,1680,1760,1804,1845,1886,2021,2021,2064,2156,2250,2346,2444,2491,2597,2646,2750,2856,2964,3127,3186,3300,3534,3591,3712,3960,4087,4410,4544,4680,4950,5159,5530,5760,6048,6450,6840,7020,7776,7968,8415,9078,9646,10434,10944,11781,12669,13803,14985,16215,17760,19375,21484,23564,26169,29100,32754,36686,42186,48128,55954,64930,77080,92820,111600,122223,129960,132858,129456,123933,119952,112185,101675,84660,63742,35616,0,0,0,0,0,0,0,0,0,0,0,0,0,0,0,0,0,0,0,0,0,0,0,0,0,0,0,0,0,0,0,0,0,0,0,0,0,0,0,0,0,0,0,0,0,0,0,0,0,0,0,0,0,0,0,0,0,0,0,0,0,0,0,0,0,0,0,0,0,0,0,0,0,0,0,0,0,0,0,0,0,0,0
306,306,324,342,342,342,342,380,380,361,380,380,380,399,380,380,380,400,400,400,420,441,462,441,441,462,462,484,462,506,484,506,506,529,506,552,552,552,600,600,625,625,650,625,625,600,625,625,702,676,729,702,729,729,756,784,756,812,812,812,840,870,900,961,961,961,1024,1056,1056,1056,1089,1122,1190,1156,1190,1225,1296,1260,1296,1369,1406,1369,1444,1521,1560,1599,1681,1763,1763,1892,1892,2024,1980,2115,2162,2303,2350,2448,2652,2650,2754,2860,2964,3132,3245,3416,3534,3654,3960,4026,4087,4347,4544,4891,5244,5460,5760,6142,6545,6853,7200,7626,8245,8800,9464,10260,11200,11832,12932,13970,15295,17061,18625,20567,22770,25665,28539,32562,36936,42456,49392,57814,69084,82668,101283,126000,142695,142675,141282,140130,138263,136374,130572,116896,94620,64148,0,0,0,0,0,0,0,0,0,0,0,0,0,0,0,0,0,0,0,0,0,0,0,0,0,0,0,0,0,0,0,0,0,0,0,0,0,0,0,0,0,0,0,0,0,0,0,0,0,0,0,0,0,0,0,0,0,0,0,0,0,0,0,0,0,0,0,0,0,0,0,0,0,0,0,0,0,0,0,0,0,0,0,0,0,0,0,0,0,0,0,0,0,0,0,0,0,0,0,0,0,0,0,0,0,0,0,0
272,272,256,256,272,289,289,289,288,272,306,289,289,289,289,306,306,306,323,323,342,342,342,361,361,380,380,380,399,420,380,400,380,420,420,420,400,420,441,484,484,484,506,506,484,529,529,552,529,552,552,529,575,576,600,600,600,624,676,650,676,702,702,702,702,756,756,756,783,784,841,840,841,870,870,899,870,960,960,960,960,1024,1024,1056,1056,1188,1188,1221,1258,1258,1330,1295,1330,1404,1440,1520,1558,1558,1638,1638,1720,1763,1845,1890,1932,1974,2112,2160,2300,2346,2496,2544,2646,2750,2800,2964,3074,3245,3360,3534,3712,3835,4020,4216,4544,4680,5025,5382,5600,5904,6300,6853,7110,8036,8051,8686,9450,10028,11040,11564,12648,13886,15318,16560,18392,20412,22743,25480,28860,33022,37742,43011,50730,59655,70914,86730,105179,112048,120935,124488,119833,112424,104490,92035,75810,53704,21976,0,0,0,0,0,0,0,0,0,0,0,0,0,0,0,0,0,0,0,0,0,0,0,0,0,0,0,0,0,0,0,0,0,0,0,0,0,0,0,0,0,0,0,0,0,0,0,0,0,0,0,0,0,0,0,0,0,0,0,0,0,0,0,0,0,0,0,0,0,0,0,0,0,0,0,0,0,0,0,0,0,0,0,0,0,0,0,0,0,0,0,0,0,0,0,0,0
256,256,256,272,289,289,306,306,306,324,324,324,342,342,323,342,342,342,324,400,380,380,380,400,380,380,400,400,400,420,420,420,420,441,462,462,484,483,484,462,483,506,529,552,529,529,552,552,529,576,576,600,600,600,650,676,676,702,702,729,756,756,784,784,784,812,841,841,870,870,900,961,961,992,992,1024,1056,1088,1088,1190,1190,1225,1225,1295,1260,1332,1369,1406,1443,1482,1520,1600,1640,1720,1763,1848,1892,1935,2068,2160,2254,2303,2448,2448,2597,2754,2860,2912,3021,3127,3300,3477,3654,3900,4087,4216,4410,4680,4891,5025,5390,5688,6216,6384,7031,7200,7626,8342,8888,9568,10260,11300,12257,13268,14672,16146,17690,19431,22005,24252,27600,31284,35616,41170,47616,56032,67275,81095,99530,124266,142516,142136,140784,139650,137625,134594,126072,107900,82600,47600,0,0,0,0,0,0,0,0,0,0,0,0,0,0,0,0,0,0,0,0,0,0,0,0,0,0,0,0,0,0,0,0,0,0,0,0,0,0,0,0,0,0,0,0,0,0,0,0,0,0,0,0,0,0,0,0,0,0,0,0,0,0,0,0,0,0,0,0,0,0,0,0,0,0,0,0,0,0,0,0,0,0,0,0,0,0,0,0,0,0,0,0,0,0,0,0,0,0,0,0,0,0,0,0
342,324,361,361,361,361,380,380,380,420,380,380,400,400,420,400,420,420,420,420,441,441,441,462,484,484,484,484,484,484,529,552,529,576,600,625,625,650,650,676,676,676,676,702,729,729,756,756,784,784,756,784,812,870,900,900,961,961,992,1056,1056,1122,1122,1156,1190,1156,1225,1225,1260,1332,1406,1369,1406,1482,1521,1600,1600,1681,1806,1806,1892,1936,2070,2070,2162,2303,2400,2500,2652,2703,2862,2968,3024,3248,3420,3534,3717,3904,4154,4416,4544,4884,5100,5320,5688,5994,6622,6960,7290,7896,8448,9090,9870,10780,11615,12720,13986,15048,16800,19072,21147,23688,26671,30336,35152,40320,47092,55803,67032,82328,101475,127602,147572,147150,147465,145728,145470,142882,135462,116259,85648,0,0,0,0,0,0,0,0,0,0,0,0,0,0,0,0,0,0,0,0,0,0,0,0,0,0,0,0,0,0,0,0,0,0,0,0,0,0,0,0,0,0,0,0,0,0,0,0,0,0,0,0,0,0,0,0,0,0,0,0,0,0,0,0,0,0,0,0,0,0,0,0,0,0,0,0,0,0,0,0,0,0,0,0,0,0,0,0,0,0,0,0,0,0,0,0,0,0,0,0,0,0,0,0,0,0,0,0,0,0,0,0,0,0,0,0,0,0,0,0,0,0,0
196,210,210,196,196,210,210,210,210,210,210,196,210,210,210,225,210,210,240,240,256,256,272,272,272,272,272,272,289,289,306,324,324,306,306,324,324,324,306,289,324,342,324,306,361,342,361,361,361,380,380,400,420,420,420,420,420,420,420,462,462,484,484,484,506,506,506,552,576,552,576,576,600,600,625,625,650,625,650,676,702,702,728,702,728,756,812,784,812,870,841,870,870,870,870,930,960,960,1056,1023,1056,1122,1155,1155,1258,1330,1295,1330,1368,1404,1443,1480,1480,1596,1638,1720,1677,1804,1845,1890,2021,2112,2160,2300,2397,2444,2548,2597,2805,2964,3074,3180,3355,3534,3654,3900,4087,4278,4544,4810,5168,5382,5832,6205,6612,7440,7708,8500,8874,9737,10434,11252,12322,13568,14985,16560,18392,20608,23220,26455,30096,34830,40828,47175,56964,68640,85156,106110,116736,125560,127002,121125,114345,104139,88257,67064,36375,0,0,0,0,0,0,0,0,0,0,0,0,0,0,0,0,0,0,0,0,0,0,0,0,0,0,0,0,0,0,0,0,0,0,0,0,0,0,0,0,0,0,0,0,0,0,0,0,0,0,0,0,0,0,0,0,0,0,0,0,0,0,0,0,0,0,0,0,0,0,0,0,0,0,0,0,0,0,0,0,0,0,0,0,0,0,0
240,256,225,272,272,256,272,289,272,289,288,324,324,342,400,380,380,380,380,400,400,420,400,441,462,441,441,441,441,462,484,484,506,484,506,506,529,552,576,576,600,600,625,625,650,625,625,650,675,702,702,729,702,729,784,784,784,812,870,841,900,900,992,961,1024,1024,1056,1089,1089,1155,1190,1190,1225,1296,1296,1332,1332,1480,1520,1560,1560,1599,1722,1722,1804,1935,1980,2115,2162,2254,2350,2448,2650,2754,2856,3016,3186,3190,3416,3477,3717,3900,4087,4416,4680,4884,5100,5609,5994,6384,6622,7452,7626,8256,8900,9765,10464,11514,12584,13970,15544,17182,19026,21735,24596,27600,32400,37758,44132,52318,62700,77120,97016,124800,140986,141484,141024,138729,135772,131670,119834,92768,56700,0,0,0,0,0,0,0,0,0,0,0,0,0,0,0,0,0,0,0,0,0,0,0,0,0,0,0,0,0,0,0,0,0,0,0,0,0,0,0,0,0,0,0,0,0,0,0,0,0,0,0,0,0,0,0,0,0,0,0,0,0,0,0,0,0,0,0,0,0,0,0,0,0,0,0,0,0,0,0,0,0,0,0,0,0,0,0,0,0,0,0,0,0,0,0,0,0,0,0,0,0,0,0,0,0,0,0,0,0,0,0,0,0,0,0,0,0,0,0,0,0
256,240,240,225,225,195,324,324,361,380,380,400,380,400,400,420,441,441,420,484,484,506,529,552,529,529,552,600,576,600,600,600,600,600,625,676,676,676,676,729,729,729,729,784,784,784,812,870,930,900,930,960,961,1024,1056,1056,1156,1122,1190,1225,1190,1260,1260,1332,1369,1443,1520,1520,1640,1640,1681,1806,1806,1935,1935,2070,2303,2303,2400,2548,2597,2700,2860,3021,3186,3300,3472,3591,3835,4087,4347,4480,4884,5025,5460,5760,6142,6545,7110,7626,8245,8888,9752,10767,11716,12915,14300,15618,17690,19530,22440,25311,29032,33741,39375,46060,55488,67123,82716,104448,133852,139284,137940,136620,133588,128205,116352,93840,60952,132,120,120,156,168,154,0,0,0,0,0,0,0,0,0,0,0,0,0,0,0,0,0,0,0,0,0,0,0,0,0,0,0,0,0,0,0,0,0,0,0,0,0,0,0,0,0,0,0,0,0,0,0,0,0,0,0,0,0,0,0,0,0,0,0,0,0,0,0,0,0,0,0,0,0,0,0,0,0,0,0,0,0,0,0,0,0,0,0,0,0,0,0,0,0,0,0,0,0,0,0,0,0,0,0,0,0,0,0,0,0,0,0,0,0,0,0,0,0,0,0,0,0,0,0,0,0,0,0,0,0,0,0,0,0
169,168,182,169,169,169,169,168,169,182,169,210,225,240,256,256,272,256,272,272,272,289,289,306,324,324,324,324,342,342,342,360,360,361,380,380,400,400,400,400,420,441,420,420,420,420,441,441,462,462,484,462,484,484,484,529,552,552,552,552,576,600,625,625,650,676,625,625,650,702,702,729,756,756,784,784,841,841,841,870,930,961,961,992,992,1024,1088,1122,1156,1225,1225,1295,1260,1369,1406,1406,1482,1560,1640,1722,1806,1848,1848,1980,2024,2256,2352,2401,2600,2652,2809,2970,3080,3190,3416,3538,3840,4087,4278,4480,4891,5106,5390,5760,6308,6794,7380,7905,8439,9384,10476,11424,12733,14000,15561,17608,19781,22494,25900,29830,35190,41724,50200,61539,76230,97648,126880,149310,150682,149891,149556,148960,142298,121673,28917,0,0,0,0,0,0,0,0,0,0,0,0,0,0,0,0,0,0,0,0,0,0,0,0,0,0,0,0,0,0,0,0,0,0,0,0,0,0,0,0,0,0,0,0,0,0,0,0,0,0,0,0,0,0,0,0,0,0,0,0,0,0,0,0,0,0,0,0,0,0,0,0,0,0,0,0,0,0,0,0,0,0,0,0,0,0,0,0,0,0,0,0,0,0,0,0,0,0,0,0,0,0,0,0,0,0,0,0,0
156,156,156,144,156,156,156,169,169,169,169,182,182,182,182,169,196,182,182,182,182,182,195,196,196,196,196,210,210,210,210,240,224,240,240,240,256,272,272,272,272,289,272,289,289,289,306,306,306,342,324,324,324,324,342,342,342,361,380,342,380,361,380,400,380,400,400,380,441,420,441,441,460,440,462,506,506,506,506,506,552,575,552,575,575,624,600,650,675,700,725,728,702,702,756,783,783,812,840,868,868,896,928,928,957,1020,1054,1054,1120,1152,1120,1221,1258,1330,1295,1365,1404,1440,1517,1596,1677,1716,1800,1840,1886,2016,2107,2200,2340,2392,2538,2688,2850,2958,3120,3294,3520,3705,3944,4130,4392,4725,5082,5360,5796,6319,6808,7315,7821,8528,9288,10146,11280,12222,13635,15444,17176,19397,22479,25785,30015,35030,42330,50325,61200,75582,81016,84762,88830,73370,61776,50224,37557,12250,0,0,0,0,0,0,0,0,0,0,0,0,0,0,0,0,0,0,0,0,0,0,0,0,0,0,0,0,0,0,0,0,0,0,0,0,0,0,0,0,0,0,0,0,0,0,0,0,0,0,0,0,0,0,0,0,0,0,0,0,0,0,0,0,0,0,0,0,0,0,0,0,0,0,0,0,0,0,0,0,0,0,0,0,0,0,0,0,0,0
196,196,196,210,180,195,272,272,272,324,289,306,324,324,324,342,324,361,361,361,380,400,400,400,400,400,420,420,400,462,462,484,506,484,506,529,506,529,552,552,576,576,600,625,625,676,676,676,676,729,756,783,784,841,841,870,870,930,961,961,961,1089,1088,1089,1156,1156,1190,1260,1332,1332,1443,1443,1558,1520,1640,1680,1848,1848,1980,2115,2160,2300,2448,2592,2750,2912,3021,3186,3300,3472,3776,4020,4278,4410,4745,5100,5530,6132,6375,7189,7533,8330,9180,10152,11286,12342,13932,15755,17908,20540,23460,27676,31871,38184,46624,57062,71364,91694,121091,136395,134890,132518,128432,119646,99225,64711,0,0,0,0,0,0,0,0,0,0,0,0,0,0,0,0,0,0,0,0,0,0,0,0,0,0,0,0,0,0,0,0,0,0,0,0,0,0,0,0,0,0,0,0,0,0,0,0,0,0,0,0,0,0,0,0,0,0,0,0,0,0,0,0,0,0,0,0,0,0,0,0,0,0,0,0,0,0,0,0,0,0,0,0,0,0,0,0,0,0,0,0,0,0,0,0,0,0,0,0,0,0,0,0,0,0,0,0,0,0,0,0,0,0,0,0,0,0,0,0,0,0,0,0,0,0,0,0,0,0,0,0,0,0,0,0,0,0
143,143,156,156,168,168,154,154,154,154,154,165,150,154,154,154,165,180,165,195,208,210,208,208,224,195,256,256,256,272,272,272,289,289,306,324,306,342,342,342,342,342,342,361,342,380,380,380,400,400,380,400,420,420,441,420,441,441,462,462,483,506,506,483,506,484,529,552,552,600,600,600,625,625,676,650,676,729,729,756,756,812,784,812,812,841,900,930,961,992,1024,1056,1089,1156,1190,1225,1296,1368,1332,1404,1520,1521,1640,1640,1722,1848,1935,2024,2115,2254,2352,2496,2597,2750,2968,3074,3240,3416,3717,3960,4148,4480,4680,5100,5460,5840,6300,7098,7440,8245,9090,10260,11187,12376,13952,16029,17958,20988,24424,28388,33948,40584,50235,62348,80276,105325,142728,142025,139329,136756,133515,120012,87295,0,0,0,0,0,0,0,0,0,0,0,0,0,0,0,0,0,0,0,0,0,0,0,0,0,0,0,0,0,0,0,0,0,0,0,0,0,0,0,0,0,0,0,0,0,0,0,0,0,0,0,0,0,0,0,0,0,0,0,0,0,0,0,0,0,0,0,0,0,0,0,0,0,0,0,0,0,0,0,0,0,0,0,0,0,0,0,0,0,0,0,0,0,0,0,0,0,0,0,0,0,0,0,0,0,0,0,0,0,0,0
132,132,132,143,143,143,143,143,169,156,169,169,182,182,182,169,169,169,182,182,182,182,182,182,196,196,210,225,225,225,210,210,225,210,210,210,240,240,224,240,272,256,256,256,256,272,272,272,272,288,272,306,306,324,324,324,342,324,342,342,342,342,380,380,380,361,380,400,400,420,420,420,441,440,462,462,484,484,506,552,528,552,552,575,575,575,625,625,650,650,702,676,702,702,756,812,812,812,841,870,899,899,899,960,960,1023,1056,1088,1120,1122,1188,1224,1258,1330,1443,1480,1558,1638,1638,1680,1763,1892,2021,2068,2160,2254,2444,2592,2695,2800,2964,3186,3416,3596,3835,4087,4284,4745,5025,5451,5680,6450,7084,7872,8232,9240,10044,11270,12444,13910,15820,18271,20736,24288,28757,34293,41238,50615,64628,84078,110952,124032,131394,124456,115345,102090,76892,39066,0,0,0,0,0,0,0,0,0,0,0,0,0,0,0,0,0,0,0,0,0,0,0,0,0,0,0,0,0,0,0,0,0,0,0,0,0,0,0,0,0,0,0,0,0,0,0,0,0,0,0,0,0,0,0,0,0,0,0,0,0,0,0,0,0,0,0,0,0,0,0,0,0,0,0,0,0,0,0,0,0,0,0,0,0,0,0,0,0,0,0,0,0,0,0,0
224,196,240,240,240,225,240,256,256,256,272,289,272,306,272,272,289,342,380,342,400,400,399,380,380,420,420,420,441,462,462,462,483,506,506,529,529,576,600,600,650,625,625,650,650,676,702,702,756,756,729,784,812,840,870,900,930,992,1024,1024,1089,1089,1190,1225,1225,1296,1296,1369,1482,1482,1560,1599,1764,1849,1978,2070,2162,2208,2303,2499,2650,2912,3021,3186,3416,3596,3712,4087,4347,4615,5025,5382,5913,6384,6873,8051,8342,9373,10464,11628,13038,15048,17040,19608,23074,27118,31840,39072,47864,60562,78166,104880,142896,143208,142538,140068,134895,119679,84042,28002,0,0,0,0,0,0,0,0,0,0,0,0,0,0,0,0,0,0,0,0,0,0,0,0,0,0,0,0,0,0,0,0,0,0,0,0,0,0,0,0,0,0,0,0,0,0,0,0,0,0,0,0,0,0,0,0,0,0,0,0,0,0,0,0,0,0,0,0,0,0,0,0,0,0,0,0,0,0,0,0,0,0,0,0,0,0,0,0,0,0,0,0,0,0,0,0,0,0,0,0,0,0,0,0,0,0,0,0,0,0,0,0,0,0,0,0,0,0,0,0,0,0,0,0,0,0,0,0,0,0,0,0,0,0,0,0,0,0,0,0,0,0,0,0
182,169,196,182,182,168,180,180,210,224,165,272,306,289,289,324,324,306,306,324,324,342,380,400,420,400,400,420,420,400,440,441,484,462,506,506,529,529,576,552,576,576,600,600,650,650,676,702,729,756,784,784,812,870,900,900,930,961,1024,1089,1122,1190,1225,1260,1260,1296,1406,1520,1520,1638,1681,1763,1892,1980,2115,2208,2400,2499,2650,2912,3021,3245,3416,3654,3900,4278,4544,5025,5382,5760,6460,6864,7719,8613,9568,11088,12376,14061,16146,18750,22168,26607,31800,39025,48250,61992,82832,112748,141928,140056,138106,133892,122412,91242,39576,0,0,0,0,0,0,0,0,0,0,0,0,0,0,0,0,0,0,0,0,0,0,0,0,0,0,0,0,0,0,0,0,0,0,0,0,0,0,0,0,0,0,0,0,0,0,0,0,0,0,0,0,0,0,0,0,0,0,0,0,0,0,0,0,0,0,0,0,0,0,0,0,0,0,0,0,0,0,0,0,0,0,0,0,0,0,0,0,0,0,0,0,0,0,0,0,0,0,0,0,0,0,0,0,0,0,0,0,0,0,0,0,0,0,0,0,0,0,0,0,0,0,0,0,0,0,0,0,0,0,0,0,0,0,0,0,0,0,0,0,0,0,0,0,0,0,0,0,0
110,110,121,121,121,121,121,121,121,121,132,144,132,144,144,144,132,144,144,144,144,144,156,156,169,169,169,169,156,156,156,169,169,169,169,169,182,182,196,196,196,210,196,210,210,225,210,210,210,224,240,240,240,272,272,256,272,256,256,272,272,306,289,289,289,306,324,342,342,342,342,361,361,380,361,400,400,420,462,462,462,506,484,506,528,506,528,528,600,576,625,625,650,650,702,702,702,756,784,756,784,840,870,899,870,930,960,1023,1056,1122,1155,1188,1258,1330,1368,1404,1480,1558,1596,1720,1800,1886,1974,2112,2250,2444,2544,2750,2907,3120,3240,3528,3770,3953,4331,4810,5092,5589,6192,6916,7760,8217,9240,10212,11760,13184,15290,17667,20664,24752,29896,36064,45900,58984,77292,98888,108810,116242,97696,83544,62868,28400,0,0,0,0,0,0,0,0,0,0,0,0,0,0,0,0,0,0,0,0,0,0,0,0,0,0,0,0,0,0,0,0,0,0,0,0,0,0,0,0,0,0,0,0,0,0,0,0,0,0,0,0,0,0,0,0,0,0,0,0,0,0,0,0,0,0,0,0,0,0,0,0,0,0,0,0,0,0,0,0,0,0,0,0,0,0,0,0,0,0,0,0,0,0,0,0,0,0,0,0,0,0
182,195,195,182,168,168,195,210,240,240,240,240,255,272,288,324,323,342,342,342,361,361,400,361,380,400,420,420,441,420,420,462,462,462,506,462,483,529,506,552,576,625,625,625,650,702,702,702,756,784,841,841,870,841,900,961,992,1024,1122,1156,1190,1260,1296,1332,1406,1443,1482,1599,1680,1806,1848,2024,2115,2208,2303,2548,2754,3021,3132,3360,3534,3900,4216,4410,4884,5175,5688,6525,7189,7626,8526,9660,10864,12584,14319,16800,19584,23520,28086,34320,42822,55350,73242,99799,142272,140725,137886,134685,124310,94760,0,0,0,0,0,0,0,0,0,0,0,0,0,0,0,0,0,0,0,0,0,0,0,0,0,0,0,0,0,0,0,0,0,0,0,0,0,0,0,0,0,0,0,0,0,0,0,0,0,0,0,0,0,0,0,0,0,0,0,0,0,0,0,0,0,0,0,0,0,0,0,0,0,0,0,0,0,0,0,0,0,0,0,0,0,0,0,0,0,0,0,0,0,0,0,0,0,0,0,0,0,0,0,0,0,0,0,0,0,0,0,0,0,0,0,0,0,0,0,0,0,0,0,0,0,0,0,0,0,0,0,0,0,0,0,0,0,0,0,0,0,0,0,0,0,0,0,0,0,0,0,0,0,0
156,143,143,143,168,182,182,154,154,168,195,210,240,240,240,272,256,272,306,306,306,324,342,361,361,380,361,380,400,400,420,441,441,462,484,441,484,506,506,529,552,529,552,600,625,625,625,676,676,702,728,756,783,812,870,870,961,930,992,1024,1089,1122,1190,1190,1260,1332,1369,1406,1520,1638,1722,1848,1890,2024,2160,2208,2496,2597,2856,3021,3186,3355,3654,4020,4278,4544,4884,5460,6290,6536,7110,8148,9270,10246,11700,13589,15755,18450,22140,26390,32232,40128,51548,67792,91800,130800,135360,133172,128480,116230,83528,33820,0,0,0,0,0,0,0,0,0,0,0,0,0,0,0,0,0,0,0,0,0,0,0,0,0,0,0,0,0,0,0,0,0,0,0,0,0,0,0,0,0,0,0,0,0,0,0,0,0,0,0,0,0,0,0,0,0,0,0,0,0,0,0,0,0,0,0,0,0,0,0,0,0,0,0,0,0,0,0,0,0,0,0,0,0,0,0,0,0,0,0,0,0,0,0,0,0,0,0,0,0,0,0,0,0,0,0,0,0,0,0,0,0,0,0,0,0,0,0,0,0,0,0,0,0,0,0,0,0,0,0,0,0,0,0,0,0,0,0,0,0,0,0,0,0,0,0,0,0,0,0,0
100,100,100,100,100,100,100,121,121,121,121,121,121,132,132,132,132,121,121,121,132,156,156,156,169,156,169,169,169,169,156,156,156,156,169,169,169,169,169,182,182,196,196,210,225,225,196,196,225,225,225,210,210,240,240,240,240,240,256,256,288,289,289,272,289,289,306,324,342,324,361,342,361,361,380,400,420,400,441,441,484,462,462,484,506,529,552,575,600,625,625,650,650,676,676,702,728,756,784,784,841,841,870,899,930,960,1056,1056,1122,1188,1224,1224,1365,1443,1480,1520,1558,1677,1760,1804,1978,2156,2250,2444,2544,2646,2856,3132,3355,3591,3835,4148,4473,5016,5382,5976,6450,7614,8051,9152,10230,11781,13440,15594,18271,21877,26412,32864,41586,52303,70468,97643,118560,128148,119306,107168,83430,43068,0,0,0,0,0,0,0,0,0,0,0,0,0,0,0,0,0,0,0,0,0,0,0,0,0,0,0,0,0,0,0,0,0,0,0,0,0,0,0,0,0,0,0,0,0,0,0,0,0,0,0,0,0,0,0,0,0,0,0,0,0,0,0,0,0,0,0,0,0,0,0,0,0,0,0,0,0,0,0,0,0,0,0,0,0,0,0,0,0,0,0,0,0,0,0,0,0,0,0,0,0,0,0,0,0,0
156,156,240,256,240,272,289,306,306,342,342,361,361,361,380,400,400,420,400,420,420,420,462,462,506,484,506,504,529,552,625,650,625,650,676,729,756,702,729,784,812,841,870,930,961,992,1056,1122,1156,1190,1296,1332,1406,1406,1443,1599,1760,1763,1890,2024,2160,2300,2448,2700,2805,2912,3240,3534,3776,3960,4216,4680,5025,5822,6068,7020,7452,8428,9646,10864,12463,14410,17136,20540,24850,30338,37570,48829,64015,87399,124785,134937,133172,128115,115048,81164,26122,0,0,0,0,0,0,0,0,0,0,0,0,0,0,0,0,0,0,0,0,0,0,0,0,0,0,0,0,0,0,0,0,0,0,0,0,0,0,0,0,0,0,0,0,0,0,0,0,0,0,0,0,0,0,0,0,0,0,0,0,0,0,0,0,0,0,0,0,0,0,0,0,0,0,0,0,0,0,0,0,0,0,0,0,0,0,0,0,0,0,0,0,0,0,0,0,0,0,0,0,0,0,0,0,0,0,0,0,0,0,0,0,0,0,0,0,0,0,0,0,0,0,0,0,0,0,0,0,0,0,0,0,0,0,0,0,0,0,0,0,0,0,0,0,0,0,0,0,0,0,0,0,0,0,0,0,0,0,0,0,0,0,0,0,0,0,0
156,156,168,180,195,210,240,240,256,240,240,289,342,324,324,361,361,361,361,380,380,400,400,420,420,420,440,483,462,506,484,506,552,576,600,625,650,676,702,702,729,784,784,812,812,900,900,930,992,1024,1122,1190,1225,1296,1296,1406,1443,1560,1599,1720,1848,1935,2068,2160,2397,2544,2805,2964,3186,3534,3776,4148,4410,4818,5313,6059,6460,7110,8148,9180,10752,12463,14430,17017,20698,25168,31243,39776,52074,70532,99218,138528,136448,132620,124587,101094,49280,0,0,0,0,0,0,0,0,0,0,0,0,0,0,0,0,0,0,0,0,0,0,0,0,0,0,0,0,0,0,0,0,0,0,0,0,0,0,0,0,0,0,0,0,0,0,0,0,0,0,0,0,0,0,0,0,0,0,0,0,0,0,0,0,0,0,0,0,0,0,0,0,0,0,0,0,0,0,0,0,0,0,0,0,0,0,0,0,0,0,0,0,0,0,0,0,0,0,0,0,0,0,0,0,0,0,0,0,0,0,0,0,0,0,0,0,0,0,0,0,0,0,0,0,0,0,0,0,0,0,0,0,0,0,0,0,0,0,0,0,0,0,0,0,0,0,0,0,0,0,0,0,0,0,0,0,0,0,0,0,0,0,0,0,0,0,0
130,143,140,154,154,210,240,240,272,272,272,306,289,306,324,342,342,342,361,361,399,400,441,440,420,484,506,462,506,506,552,552,576,600,625,650,702,729,756,756,784,841,841,841,900,930,1024,1024,1122,1156,1260,1260,1332,1368,1482,1558,1677,1763,1932,2112,2205,2346,2548,2754,2912,3127,3534,3776,4026,4410,4745,5382,5832,6853,7440,8330,9555,10752,12566,14874,18029,21976,26970,34230,43680,59147,81554,118404,133980,130082,124413,106128,63504,0,0,0,0,0,0,0,0,0,0,0,0,0,0,0,0,0,0,0,0,0,0,0,0,0,0,0,0,0,0,0,0,0,0,0,0,0,0,0,0,0,0,0,0,0,0,0,0,0,0,0,0,0,0,0,0,0,0,0,0,0,0,0,0,0,0,0,0,0,0,0,0,0,0,0,0,0,0,0,0,0,0,0,0,0,0,0,0,0,0,0,0,0,0,0,0,0,0,0,0,0,0,0,0,0,0,0,0,0,0,0,0,0,0,0,0,0,0,0,0,0,0,0,0,0,0,0,0,0,0,0,0,0,0,0,0,0,0,0,0,0,0,0,0,0,0,0,0,0,0,0,0,0,0,0,0,0,0,0,0,0,0,0,0,0,0,0,0,0,0,0
702,702,728,728,756,756,783,783,756,756,783,783,783,810,783,812,841,870,870,870,899,899,870,899,899,899,930,930,930,992,992,1023,1023,1023,1054,1023,1088,1120,1120,1155,1122,1190,1190,1188,1188,1188,1224,1258,1295,1330,1330,1404,1368,1404,1404,1480,1480,1517,1517,1554,1517,1638,1677,1677,1760,1760,1760,1800,1886,1886,1932,1974,1932,2064,2064,2107,2250,2250,2295,2346,2392,2392,2544,2592,2592,2695,2695,2744,2850,2907,3016,3127,3186,3240,3355,3472,3528,3591,3770,3770,3835,4020,4087,4278,4340,4544,4745,4884,5159,5168,5451,5530,5680,5913,5986,6375,6688,6840,6942,7189,7614,7968,8330,8700,8888,9360,9844,10246,10752,11270,11800,12463,13020,13696,14388,15344,16100,16992,18056,19278,20511,22078,23564,25098,26680,28650,31155,33440,36406,39617,43621,47628,53200,57960,64883,72765,81312,91648,103904,119190,122474,121770,121604,120992,120510,120080,119140,118167,116955,115850,114120,108928,103298,95000,83472,67158,50400,25852,0,0,0,0,0,0,0,0,0,0,0,0,0,0,0,0,0,0,0,0,0,0,0,0,0,0,0,0,0,0,0,0,0,0,0,0,0,0,0,0,0,0,0,0,0,0,0,0,0,0,0,0,0,0,0,0,0,0,0,0,0,0,0,0,0,0,0,0,0,0,0,0,0,0,0,0,0,0,0,0,0,0,0,0,0,0
600,600,600,625,625,625,650,650,676,676,702,702,676,676,676,702,702,729,729,729,756,729,756,756,756,783,841,841,812,841,841,870,870,870,870,930,930,930,960,960,930,992,992,1023,1023,1054,1088,1088,1088,1120,1120,1155,1155,1188,1258,1224,1295,1295,1295,1404,1368,1368,1368,1404,1440,1404,1480,1480,1517,1517,1596,1677,1677,1716,1720,1760,1800,1840,1880,1927,1968,2058,2064,2107,2200,2250,2295,2385,2438,2438,2592,2592,2640,2695,2695,2850,3009,3009,3068,3180,3294,3465,3465,3528,3712,3828,4020,4020,4209,4270,4473,4599,4736,5070,5226,5304,5520,5670,5964,6192,6586,6675,7144,7332,7600,7938,8300,8652,9135,9592,10010,10488,11136,11543,12400,13184,13860,14688,15510,16498,17550,18600,20088,21336,23275,24934,26980,28908,31257,34444,37556,41040,45108,50652,56430,63024,70080,79919,90036,103752,110826,112602,111154,109263,108064,105768,104313,102336,99372,94804,88704,80812,70488,57072,41044,21483,0,0,0,0,0,0,0,0,0,0,0,0,0,0,0,0,0,0,0,0,0,0,0,0,0,0,0,0,0,0,0,0,0,0,0,0,0,0,0,0,0,0,0,0,0,0,0,0,0,0,0,0,0,0,0,0,0,0,0,0,0,0,0,0,0,0,0,0,0,0,0,0,0,0,0,0,0,0,0,0,0,0,0,0,0,0,0,0
528,550,550,550,550,550,600,575,624,598,648,650,675,675,675,675,675,675,700,700,700,700,728,754,783,783,783,783,810,810,783,840,868,840,868,868,896,868,899,928,960,928,990,990,990,1023,1054,1054,1054,1085,1085,1120,1120,1152,1221,1254,1258,1292,1258,1292,1365,1365,1365,1365,1440,1476,1440,1476,1554,1517,1634,1716,1716,1716,1755,1755,1840,1840,1880,1927,2016,2016,2058,2058,2193,2193,2340,2295,2340,2538,2538,2688,2688,2793,2900,2958,3009,3068,3180,3294,3348,3465,3575,3762,3828,4002,4130,4331,4392,4453,4725,4940,5214,5280,5508,5727,5880,6192,6424,6660,6992,7392,7742,8019,8282,8755,9202,9680,10170,10788,11400,12054,12700,13464,14280,15478,16206,17214,18683,20172,21546,23187,24975,26966,29580,32314,35168,38868,43000,47077,52452,59103,66044,75258,85432,91615,95495,99648,100165,98172,95788,92335,89920,85086,80919,74120,65856,54579,41500,25452,0,0,0,0,0,0,0,0,0,0,0,0,0,0,0,0,0,0,0,0,0,0,0,0,0,0,0,0,0,0,0,0,0,0,0,0,0,0,0,0,0,0,0,0,0,0,0,0,0,0,0,0,0,0,0,0,0,0,0,0,0,0,0,0,0,0,0,0,0,0,0,0,0,0,0,0,0,0,0,0,0,0,0,0,0,0,0,0,0,0,0,0,0,0
576,576,576,600,650,600,650,625,650,676,676,702,702,675,702,702,702,676,728,702,756,756,784,784,784,784,784,841,841,870,870,870,899,930,960,930,930,930,960,992,992,1023,992,1056,1089,1122,1122,1155,1224,1258,1258,1260,1295,1330,1404,1330,1404,1443,1440,1480,1480,1599,1638,1596,1716,1716,1716,1800,1845,1845,1932,1932,1974,2064,2107,2156,2200,2295,2392,2438,2592,2640,2688,2800,2850,2900,3009,3120,3240,3355,3528,3584,3705,3828,4012,4140,4270,4473,4608,4736,5148,5293,5520,5751,6120,6290,6586,6688,7098,7520,7954,8118,8686,9328,9790,10396,11020,11760,12524,13416,14204,15290,16272,17700,19154,20500,22401,24660,26838,29400,32494,35964,40290,45108,51110,57888,66243,76257,88935,102960,114226,115236,112875,111078,108228,106240,103950,99913,94419,86037,74520,58617,39648,0,0,0,0,0,0,0,0,0,0,0,0,0,0,0,0,0,0,0,0,0,0,0,0,0,0,0,0,0,0,0,0,0,0,0,0,0,0,0,0,0,0,0,0,0,0,0,0,0,0,0,0,0,0,0,0,0,0,0,0,0,0,0,0,0,0,0,0,0,0,0,0,0,0,0,0,0,0,0,0,0,0,0,0,0,0,0,0,0,0,0,0,0,0,0,0,0,0,0,0,0,0,0,0,0,0,0,0,0,0,0
484,484,484,462,462,484,462,484,506,506,529,529,528,506,529,552,552,576,625,600,650,650,650,650,676,625,650,650,676,702,676,702,729,702,702,728,756,783,754,784,812,812,812,840,840,868,928,899,928,960,992,1023,992,1023,1023,1088,1120,1152,1120,1188,1221,1221,1258,1258,1330,1330,1404,1404,1440,1517,1517,1554,1596,1634,1634,1716,1800,1840,1927,1927,2016,2107,2200,2200,2295,2346,2491,2491,2592,2646,2744,2907,3009,3127,3180,3294,3528,3591,3770,3960,4209,4270,4340,4672,4875,5304,5304,5670,5976,6205,6675,7007,7332,7760,8316,8670,9328,10101,10622,11232,12078,13081,14098,15180,16272,17550,19434,21248,23625,25437,28470,31464,35581,39780,45180,52032,59276,68766,82320,94860,110205,113072,111000,108885,106362,104972,102564,98040,91590,81586,66759,48300,23698,0,0,0,0,0,0,0,0,0,0,0,0,0,0,0,0,0,0,0,0,0,0,0,0,0,0,0,0,0,0,0,0,0,0,0,0,0,0,0,0,0,0,0,0,0,0,0,0,0,0,0,0,0,0,0,0,0,0,0,0,0,0,0,0,0,0,0,0,0,0,0,0,0,0,0,0,0,0,0,0,0,0,0,0,0,0,0,0,0,0,0,0,0,0,0,0,0,0,0,0,0,0,0,0,0,0,0,0,0,0,0
380,380,380,400,400,441,441,441,441,441,441,441,441,462,462,484,484,484,484,484,484,484,506,506,576,552,552,552,552,552,576,552,600,625,650,625,650,676,676,676,676,676,729,702,702,702,729,702,728,756,783,756,783,812,840,868,868,870,930,960,960,960,992,992,1023,1054,1023,1088,1120,1152,1120,1188,1221,1254,1258,1292,1292,1330,1404,1404,1440,1517,1517,1554,1634,1677,1677,1760,1845,1880,1927,1968,2016,2150,2200,2250,2392,2392,2491,2544,2695,2744,2907,3009,3068,3233,3348,3465,3648,3770,3960,4209,4270,4536,4736,5082,5293,5372,5893,6035,6351,6764,7084,7426,7938,8484,8840,9612,10304,10925,11760,12852,13624,14796,16046,17284,19154,20828,23142,25437,28275,31464,35581,40290,45900,53268,61594,72475,85668,103488,110398,111228,108116,105987,104313,100696,96383,89056,77826,62304,42160,0,0,0,0,0,0,0,0,0,0,0,0,0,0,0,0,0,0,0,0,0,0,0,0,0,0,0,0,0,0,0,0,0,0,0,0,0,0,0,0,0,0,0,0,0,0,0,0,0,0,0,0,0,0,0,0,0,0,0,0,0,0,0,0,0,0,0,0,0,0,0,0,0,0,0,0,0,0,0,0,0,0,0,0,0,0,0,0,0,0,0,0,0,0,0,0,0,0,0,0,0,0,0
361,380,400,400,420,420,441,441,441,441,462,484,462,462,484,484,484,506,506,484,529,529,529,552,552,552,600,576,625,625,676,650,676,676,676,650,650,676,702,729,756,728,783,756,756,812,840,840,840,840,899,899,899,960,960,1023,1023,1023,1023,1088,1120,1120,1188,1155,1188,1188,1224,1258,1292,1404,1404,1440,1480,1558,1517,1599,1596,1720,1720,1800,1845,1968,2021,2064,2107,2200,2392,2392,2438,2544,2597,2695,2800,2856,3074,3186,3355,3472,3770,3828,4020,4209,4340,4544,4884,5092,5520,5600,5976,6216,6688,7098,7614,7872,8400,9048,9523,10528,11155,12000,13104,14256,15456,17082,18513,20286,22780,25340,28178,31570,35860,41475,47616,55954,64842,77688,92851,114492,116718,115885,113590,111864,110208,106420,101598,92964,78752,56700,28200,0,0,0,0,0,0,0,0,0,0,0,0,0,0,0,0,0,0,0,0,0,0,0,0,0,0,0,0,0,0,0,0,0,0,0,0,0,0,0,0,0,0,0,0,0,0,0,0,0,0,0,0,0,0,0,0,0,0,0,0,0,0,0,0,0,0,0,0,0,0,0,0,0,0,0,0,0,0,0,0,0,0,0,0,0,0,0,0,0,0,0,0,0,0,0,0,0,0,0,0,0,0,0,0,0,0,0,0,0,0,0,0,0,0,0
272,272,272,272,272,272,272,306,288,306,306,306,306,306,342,342,342,360,342,360,342,360,380,380,400,420,400,420,420,420,462,462,462,462,462,483,462,484,506,506,552,529,576,576,576,600,624,624,624,624,650,675,675,675,675,702,728,702,728,783,783,812,840,840,868,868,899,899,930,960,960,960,990,1054,1088,1088,1120,1190,1190,1188,1224,1295,1330,1368,1404,1404,1480,1517,1558,1596,1638,1720,1800,1840,1974,2021,2064,2064,2205,2250,2346,2392,2438,2592,2744,2907,3016,3120,3233,3410,3528,3770,4020,4080,4270,4464,4672,4875,5168,5530,5751,6132,6688,7098,7426,7954,8500,9135,9919,10528,11446,12546,13650,14960,16330,17880,20000,22344,25340,28032,31775,36080,42240,49400,58425,69930,83974,103062,115924,114432,112176,110448,108550,105118,101388,92000,75969,53303,21252,0,0,0,0,0,0,0,0,0,0,0,0,0,0,0,0,0,0,0,0,0,0,0,0,0,0,0,0,0,0,0,0,0,0,0,0,0,0,0,0,0,0,0,0,0,0,0,0,0,0,0,0,0,0,0,0,0,0,0,0,0,0,0,0,0,0,0,0,0,0,0,0,0,0,0,0,0,0,0,0,0,0,0,0,0,0,0,0,0,0,0,0,0,0,0,0,0,0,0,0,0,0,0,0,0
256,289,289,289,289,306,306,306,306,289,306,306,306,323,361,342,342,361,361,380,380,380,399,420,420,400,400,420,529,552,600,600,650,625,650,650,675,676,702,729,702,756,812,812,812,812,840,870,900,899,960,960,990,992,1023,1088,1155,1122,1190,1190,1224,1258,1260,1330,1330,1368,1404,1480,1520,1638,1720,1763,1804,1845,1890,1974,2112,2112,2205,2295,2346,2444,2544,2646,2750,2856,3016,3186,3300,3528,3770,3894,4087,4340,4473,4745,5025,5382,5530,5904,6438,6853,7360,7790,8415,8961,9828,10640,11583,12648,13803,15344,16848,18972,20898,23874,26864,30600,35045,41184,48705,58374,69975,86304,107250,119720,119400,117120,116070,115204,112700,107880,88500,73630,44577,0,0,0,0,0,0,0,0,0,0,0,0,0,0,0,0,0,0,0,0,0,0,0,0,0,0,0,0,0,0,0,0,0,0,0,0,0,0,0,0,0,0,0,0,0,0,0,0,0,0,0,0,0,0,0,0,0,0,0,0,0,0,0,0,0,0,0,0,0,0,0,0,0,0,0,0,0,0,0,0,0,0,0,0,0,0,0,0,0,0,0,0,0,0,0,0,0,0,0,0,0,0,0,0,0,0,0,0,0,0,0,0,0,0,0,0,0,0,0,0,0,0,0,0,0,0,0,0,0
225,210,210,225,210,225,225,240,240,240,225,240,256,256,256,272,289,289,289,289,289,306,306,324,324,324,324,342,361,361,380,361,380,361,484,462,483,506,506,528,528,575,552,575,575,600,598,600,624,650,675,648,728,728,728,754,840,840,840,868,840,899,899,899,992,992,1023,1054,1085,1120,1120,1188,1224,1295,1330,1404,1404,1480,1480,1596,1638,1677,1760,1840,1840,1886,2021,2107,2150,2250,2438,2438,2585,2744,2800,2958,3068,3233,3402,3640,3828,3953,4140,4464,4662,4928,5280,5658,5950,6336,6882,7315,8019,8652,9396,10170,11186,12152,13464,14734,16576,18683,20956,23892,27020,31141,35866,42408,50320,59800,72927,91256,97560,99813,96876,92407,87584,79492,66980,48140,22698,0,0,0,0,0,0,0,0,0,0,0,0,0,0,0,0,0,0,0,0,0,0,0,0,0,0,0,0,0,0,0,0,0,0,0,0,0,0,0,0,0,0,0,0,0,0,0,0,0,0,0,0,0,0,0,0,0,0,0,0,0,0,0,0,0,0,0,0,0,0,0,0,0,0,0,0,0,0,0,0,0,0,0,0,0,0,0,0,0,0,0,0,0,0,0,0,0,0,0,0,0,0,0,0,0,0,0,0,0,0,0,0,0,0,0,0,0,0,0,0,0,0,0
196,196,210,210,210,210,210,240,256,240,256,240,256,272,256,256,272,289,272,306,324,324,324,306,342,342,361,361,361,342,361,361,380,400,400,400,420,400,420,420,420,440,440,440,484,483,484,506,506,552,552,575,575,624,648,624,624,648,648,675,650,675,702,702,702,728,754,812,840,840,840,868,868,960,960,990,1023,1023,1054,1155,1188,1224,1258,1292,1330,1368,1440,1480,1558,1596,1677,1677,1845,1800,1932,1974,2107,2156,2295,2392,2438,2592,2640,2800,2907,3068,3294,3528,3705,3770,4148,4402,4536,4875,5304,5589,5893,6278,6825,7426,7954,8484,9416,10304,11349,12276,13992,15510,17433,19716,22270,25576,29800,34720,40764,49444,60270,73450,93240,111826,109582,107156,103850,100734,95220,81780,61020,0,0,0,0,0,0,0,0,0,0,0,0,0,0,0,0,0,0,0,0,0,0,0,0,0,0,0,0,0,0,0,0,0,0,0,0,0,0,0,0,0,0,0,0,0,0,0,0,0,0,0,0,0,0,0,0,0,0,0,0,0,0,0,0,0,0,0,0,0,0,0,0,0,0,0,0,0,0,0,0,0,0,0,0,0,0,0,0,0,0,0,0,0,0,0,0,0,0,0,0,0,0,0,0,0,0,0,0,0,0,0,0,0,0,0,0,0
196,210,210,210,224,224,224,224,224,240,256,272,272,272,256,289,289,289,306,306,323,306,306,324,324,324,324,342,342,361,380,380,400,380,400,400,420,420,440,440,440,440,483,483,483,483,483,483,506,506,552,552,552,600,624,624,648,650,650,675,700,675,728,756,756,783,784,841,870,899,899,960,960,1056,1088,1120,1155,1188,1190,1224,1292,1404,1365,1476,1520,1560,1680,1677,1760,1845,1890,1974,2021,2205,2250,2392,2544,2597,2750,2907,3180,3240,3472,3712,3894,4148,4410,4810,5159,5382,5760,6216,6764,7189,7968,8514,9450,10434,11682,12669,14148,16100,18271,21060,24464,28459,33390,40020,48830,60979,76610,99375,120640,119200,116815,114840,111547,106856,92872,66420,0,0,0,0,0,0,0,0,0,0,0,0,0,0,0,0,0,0,0,0,0,0,0,0,0,0,0,0,0,0,0,0,0,0,0,0,0,0,0,0,0,0,0,0,0,0,0,0,0,0,0,0,0,0,0,0,0,0,0,0,0,0,0,0,0,0,0,0,0,0,0,0,0,0,0,0,0,0,0,0,0,0,0,0,0,0,0,0,0,0,0,0,0,0,0,0,0,0,0,0,0,0,0,0,0,0,0,0,0,0,0,0,0,0,0,0,0,0,0,0,0,0,0,0
144,144,144,156,156,156,156,156,156,156,196,196,210,210,196,225,225,225,240,225,240,256,256,256,256,272,272,272,289,289,306,324,306,324,324,342,361,380,380,380,400,361,400,400,400,400,420,484,484,484,506,506,506,506,552,575,575,600,624,600,624,624,650,650,675,650,675,728,728,756,783,840,840,840,899,930,930,992,1056,1122,1190,1190,1224,1295,1368,1368,1443,1480,1480,1638,1638,1716,1760,1800,1932,2021,2107,2250,2346,2444,2640,2744,2850,2958,3240,3465,3648,3894,4080,4473,4810,5082,5520,5893,6364,6675,7520,8217,8961,10010,11020,12200,13755,15680,17850,20412,23975,27695,33127,40248,49068,60944,78624,103062,116800,114218,111240,108558,103356,91980,65076,30240,0,0,0,0,0,0,0,0,0,0,0,0,0,0,0,0,0,0,0,0,0,0,0,0,0,0,0,0,0,0,0,0,0,0,0,0,0,0,0,0,0,0,0,0,0,0,0,0,0,0,0,0,0,0,0,0,0,0,0,0,0,0,0,0,0,0,0,0,0,0,0,0,0,0,0,0,0,0,0,0,0,0,0,0,0,0,0,0,0,0,0,0,0,0,0,0,0,0,0,0,0,0,0,0,0,0,0,0,0,0,0,0,0,0,0,0,0,0,0,0,0,0
144,169,169,169,169,182,182,196,210,196,196,196,210,210,210,210,210,210,224,224,240,240,255,255,240,240,255,255,272,272,288,288,272,289,324,306,306,342,306,342,360,380,380,400,400,400,420,400,441,462,484,529,529,529,552,575,600,600,600,624,650,650,650,675,700,702,728,783,756,812,840,868,840,899,930,1023,1023,1088,1120,1224,1224,1260,1368,1368,1406,1443,1599,1599,1677,1720,1845,1886,1932,2112,2156,2346,2392,2491,2700,2907,2964,3127,3416,3591,3894,4080,4402,4608,5092,5451,5822,6364,6853,7440,8148,9064,10028,11155,12546,14017,16215,18392,21320,25200,29550,35588,43318,54128,69130,90468,119966,118400,116205,112890,110175,102003,78496,48576,0,0,0,0,0,0,0,0,0,0,0,0,0,0,0,0,0,0,0,0,0,0,0,0,0,0,0,0,0,0,0,0,0,0,0,0,0,0,0,0,0,0,0,0,0,0,0,0,0,0,0,0,0,0,0,0,0,0,0,0,0,0,0,0,0,0,0,0,0,0,0,0,0,0,0,0,0,0,0,0,0,0,0,0,0,0,0,0,0,0,0,0,0,0,0,0,0,0,0,0,0,0,0,0,0,0,0,0,0,0,0,0,0,0,0,0,0,0,0,0,0,0,0,0,0,0
195,195,195,182,196,210,210,210,210,225,225,240,224,240,240,240,256,256,256,256,272,272,289,306,324,324,306,324,324,324,324,342,342,361,361,361,380,380,380,399,399,420,440,420,440,462,484,484,483,462,506,506,552,575,600,600,600,650,676,702,729,756,783,756,812,812,841,870,899,930,930,992,1056,1056,1088,1155,1188,1224,1332,1368,1406,1443,1520,1596,1720,1760,1845,1932,2112,2160,2300,2444,2538,2695,2850,3016,3300,3477,3717,3960,4347,4680,4958,5236,5600,6300,6786,7371,8064,9064,10044,11270,12444,14410,16215,19000,22078,26390,31512,38872,48132,61846,81496,109089,122688,121394,119735,118192,114162,99298,67340,0,0,0,0,0,0,0,0,0,0,0,0,0,0,0,0,0,0,0,0,0,0,0,0,0,0,0,0,0,0,0,0,0,0,0,0,0,0,0,0,0,0,0,0,0,0,0,0,0,0,0,0,0,0,0,0,0,0,0,0,0,0,0,0,0,0,0,0,0,0,0,0,0,0,0,0,0,0,0,0,0,0,0,0,0,0,0,0,0,0,0,0,0,0,0,0,0,0,0,0,0,0,0,0,0,0,0,0,0,0,0,0,0,0,0,0,0,0,0,0,0,0,0,0,0,0,0,0,0,0,0,0,0
182,196,196,210,210,210,210,224,224,225,225,225,256,256,240,256,272,255,272,272,289,289,289,306,306,306,306,324,324,324,360,361,361,380,380,420,400,400,420,420,440,440,462,462,462,483,483,506,506,528,528,600,624,600,650,625,650,702,728,728,783,783,783,812,840,899,930,960,960,1023,1054,1088,1155,1155,1224,1368,1368,1480,1517,1558,1638,1720,1804,1845,1978,2112,2200,2295,2392,2538,2750,2850,3074,3240,3472,3776,4020,4410,4680,5092,5451,5904,6290,7020,7614,8415,9434,10528,11662,13440,15207,17760,20608,24640,29596,35534,44345,57120,74793,100170,118560,117808,115257,112161,106400,92742,57213,0,0,0,0,0,0,0,0,0,0,0,0,0,0,0,0,0,0,0,0,0,0,0,0,0,0,0,0,0,0,0,0,0,0,0,0,0,0,0,0,0,0,0,0,0,0,0,0,0,0,0,0,0,0,0,0,0,0,0,0,0,0,0,0,0,0,0,0,0,0,0,0,0,0,0,0,0,0,0,0,0,0,0,0,0,0,0,0,0,0,0,0,0,0,0,0,0,0,0,0,0,0,0,0,0,0,0,0,0,0,0,0,0,0,0,0,0,0,0,0,0,0,0,0,0,0,0,0,0,0,0,0,0,0,0,0,0
132,132,144,144,156,169,169,169,196,210,240,240,255,272,272,272,272,289,288,272,289,306,323,342,342,380,462,420,462,441,462,440,460,460,460,504,528,528,528,575,598,624,650,650,675,700,728,728,783,810,899,899,928,960,1023,1023,1088,1188,1221,1292,1330,1330,1404,1440,1480,1596,1720,1760,1890,2021,2156,2295,2392,2491,2640,2850,3068,3355,3591,3835,4148,4473,4884,5236,5751,6364,6853,7520,8316,9434,10622,11979,13860,16046,19065,22610,27072,33549,41001,53508,70560,96750,114168,112776,109386,105589,95850,69200,30268,0,0,0,0,0,0,0,0,0,0,0,0,0,0,0,0,0,0,0,0,0,0,0,0,0,0,0,0,0,0,0,0,0,0,0,0,0,0,0,0,0,0,0,0,0,0,0,0,0,0,0,0,0,0,0,0,0,0,0,0,0,0,0,0,0,0,0,0,0,0,0,0,0,0,0,0,0,0,0,0,0,0,0,0,0,0,0,0,0,0,0,0,0,0,0,0,0,0,0,0,0,0,0,0,0,0,0,0,0,0,0,0,0,0,0,0,0,0,0,0,0,0,0,0,0,0,0,0,0,0,0,0,0,0,0,0,0,0,0,0,0,0,0,0,0,0,0,0,0,0,0,0,0,0,0
144,144,156,210,196,196,210,195,224,224,225,240,256,255,256,256,272,272,272,272,288,306,306,306,324,324,342,360,342,342,380,380,380,380,399,418,420,440,460,462,483,483,483,504,575,550,598,575,598,624,624,648,648,700,754,783,783,783,840,868,928,960,1020,1054,1088,1120,1188,1221,1326,1365,1440,1440,1554,1677,1760,1800,1974,2016,2150,2200,2385,2538,2688,2900,3120,3233,3584,3819,4189,4392,4864,5293,5727,6336,7068,7821,8364,9768,10948,12672,14352,16912,20086,23973,29232,35796,44807,57915,76590,90650,93960,88476,79632,65538,40875,0,0,0,0,0,0,0,0,0,0,0,0,0,0,0,0,0,0,0,0,0,0,0,0,0,0,0,0,0,0,0,0,0,0,0,0,0,0,0,0,0,0,0,0,0,0,0,0,0,0,0,0,0,0,0,0,0,0,0,0,0,0,0,0,0,0,0,0,0,0,0,0,0,0,0,0,0,0,0,0,0,0,0,0,0,0,0,0,0,0,0,0,0,0,0,0,0,0,0,0,0,0,0,0,0,0,0,0,0,0,0,0,0,0,0,0,0,0,0,0,0,0,0,0,0,0,0,0,0,0,0,0,0,0,0,0,0,0,0,0,0,0,0,0,0,0,0,0,0
168,168,196,210,210,224,240,210,225,240,256,240,256,256,256,289,306,289,306,306,324,306,361,361,361,361,380,380,420,400,420,420,420,462,462,506,506,552,552,576,600,624,650,625,676,675,728,728,783,810,868,899,899,990,990,1088,1088,1188,1258,1330,1330,1404,1480,1596,1677,1760,1845,2021,2156,2250,2438,2585,2744,2907,3300,3528,3835,4148,4536,5025,5600,6048,6764,7520,8585,9612,10904,12600,14796,17667,21376,25993,32705,42108,55554,76715,109484,109910,106096,100734,88297,57629,0,0,0,0,0,0,0,0,0,0,0,0,0,0,0,0,0,0,0,0,0,0,0,0,0,0,0,0,0,0,0,0,0,0,0,0,0,0,0,0,0,0,0,0,0,0,0,0,0,0,0,0,0,0,0,0,0,0,0,0,0,0,0,0,0,0,0,0,0,0,0,0,0,0,0,0,0,0,0,0,0,0,0,0,0,0,0,0,0,0,0,0,0,0,0,0,0,0,0,0,0,0,0,0,0,0,0,0,0,0,0,0,0,0,0,0,0,0,0,0,0,0,0,0,0,0,0,0,0,0,0,0,0,0,0,0,0,0,0,0,0,0,0,0,0,0,0,0,0,0,0,0,0,0,0,0,0,0,0,0,0,0
144,144,144,156,182,195,182,240,289,272,289,289,289,306,289,306,306,306,342,342,342,360,378,399,420,440,420,440,483,462,483,483,528,550,550,550,598,621,648,675,675,728,754,780,810,840,868,899,957,1020,1020,1120,1152,1184,1292,1326,1404,1512,1672,1672,1800,1840,2016,2058,2236,2430,2530,2784,2950,3162,3510,3819,4060,4514,4992,5494,6160,6716,7524,8610,9718,11224,13034,15184,17967,21771,26730,33152,42405,56024,73059,77805,82062,65008,51506,33072,0,0,0,0,0,0,0,0,0,0,0,0,0,0,0,0,0,0,0,0,0,0,0,0,0,0,0,0,0,0,0,0,0,0,0,0,0,0,0,0,0,0,0,0,0,0,0,0,0,0,0,0,0,0,0,0,0,0,0,0,0,0,0,0,0,0,0,0,0,0,0,0,0,0,0,0,0,0,0,0,0,0,0,0,0,0,0,0,0,0,0,0,0,0,0,0,0,0,0,0,0,0,0,0,0,0,0,0,0,0,0,0,0,0,0,0,0,0,0,0,0,0,0,0,0,0,0,0,0,0,0,0,0,0,0,0,0,0,0,0,0,0,0,0,0,0,0,0,0,0,0,0,0,0,0,0,0,0,0,0,0,0,0,0,0,0,0,0
210,210,225,240,225,240,255,255,240,255,255,256,272,289,306,306,324,342,324,342,342,360,380,360,399,420,420,440,420,440,483,504,504,525,552,598,598,624,624,675,700,728,783,783,837,840,868,899,960,1020,1054,1085,1155,1221,1330,1365,1480,1591,1634,1800,1800,1927,2058,2200,2385,2530,2632,2950,3224,3456,3762,4200,4650,5070,5712,6408,7068,7900,8632,10235,11904,13872,16650,19992,24816,31244,40344,53669,72546,87720,90480,81056,68355,45360,0,0,0,0,0,0,0,0,0,0,0,0,0,0,0,0,0,0,0,0,0,0,0,0,0,0,0,0,0,0,0,0,0,0,0,0,0,0,0,0,0,0,0,0,0,0,0,0,0,0,0,0,0,0,0,0,0,0,0,0,0,0,0,0,0,0,0,0,0,0,0,0,0,0,0,0,0,0,0,0,0,0,0,0,0,0,0,0,0,0,0,0,0,0,0,0,0,0,0,0,0,0,0,0,0,0,0,0,0,0,0,0,0,0,0,0,0,0,0,0,0,0,0,0,0,0,0,0,0,0,0,0,0,0,0,0,0,0,0,0,0,0,0,0,0,0,0,0,0,0,0,0,0,0,0,0,0,0,0,0,0,0,0,0,0,0,0,0,0,0
110,132,144,144,144,144,156,169,169,182,169,169,182,182,182,195,182,182,195,210,210,210,210,196,225,225,225,225,240,240,240,256,272,288,272,306,306,323,306,342,380,361,380,380,420,440,441,462,462,483,506,550,575,575,600,624,650,650,728,783,783,810,840,840,928,990,1023,1054,1054,1155,1292,1292,1365,1440,1554,1628,1716,1840,1968,2100,2244,2430,2632,2842,3060,3339,3630,4071,4514,4992,5576,6090,6808,7900,9047,10324,12288,14523,17205,21228,26595,34126,44710,61070,67390,72875,60116,48650,31512,0,0,0,0,0,0,0,0,0,0,0,0,0,0,0,0,0,0,0,0,0,0,0,0,0,0,0,0,0,0,0,0,0,0,0,0,0,0,0,0,0,0,0,0,0,0,0,0,0,0,0,0,0,0,0,0,0,0,0,0,0,0,0,0,0,0,0,0,0,0,0,0,0,0,0,0,0,0,0,0,0,0,0,0,0,0,0,0,0,0,0,0,0,0,0,0,0,0,0,0,0,0,0,0,0,0,0,0,0,0,0,0,0,0,0,0,0,0,0,0,0,0,0,0,0,0,0,0,0,0,0,0,0,0,0,0,0,0,0,0,0,0,0,0,0,0,0,0,0,0,0,0,0,0,0
80,88,110,110,110,120,110,121,121,121,121,132,169,169,168,182,182,182,182,169,182,196,196,210,210,210,225,210,240,225,240,225,240,256,256,272,256,272,288,289,306,342,361,361,361,380,399,400,420,400,420,462,483,483,529,552,575,600,624,624,675,702,702,754,868,868,899,899,960,1054,1088,1120,1188,1258,1330,1404,1476,1554,1716,1840,1886,2058,2244,2438,2585,2950,3233,3456,3828,4270,4864,5293,5964,6900,7663,8904,10465,12348,14840,17980,22400,29088,38305,52828,73480,83468,81675,72534,55608,22630,0,0,0,0,0,0,0,0,0,0,0,0,0,0,0,0,0,0,0,0,0,0,0,0,0,0,0,0,0,0,0,0,0,0,0,0,0,0,0,0,0,0,0,0,0,0,0,0,0,0,0,0,0,0,0,0,0,0,0,0,0,0,0,0,0,0,0,0,0,0,0,0,0,0,0,0,0,0,0,0,0,0,0,0,0,0,0,0,0,0,0,0,0,0,0,0,0,0,0,0,0,0,0,0,0,0,0,0,0,0,0,0,0,0,0,0,0,0,0,0,0,0,0,0,0,0,0,0,0,0,0,0,0,0,0,0,0,0,0,0,0,0,0,0,0,0,0,0,0,0,0,0,0,0
345,345,676,676,702,702,702,702,812,756,812,812,784,812,840,840,840,899,870,899,899,899,960,930,930,960,990,990,990,1023,1023,1088,1122,1122,1155,1155,1188,1190,1224,1224,1258,1224,1330,1330,1330,1330,1404,1404,1440,1440,1517,1558,1596,1634,1677,1677,1760,1760,1720,1804,1804,1804,1845,1927,2021,2021,2112,2156,2156,2250,2346,2346,2444,2496,2544,2646,2646,2800,2800,2800,2964,3016,3068,3127,3240,3240,3410,3712,3712,3712,3835,4020,4020,4209,4544,4615,4544,4752,4958,5168,5168,5382,5680,5680,5976,6132,6364,6612,6942,7360,7533,7790,8134,8500,8874,9345,9752,10230,10545,11155,11466,12444,13000,13780,14364,15456,16356,17228,18000,19500,20769,22211,23874,25380,27302,29529,32964,35659,38544,42320,45600,49140,54468,59360,65416,71448,79771,89760,100337,111896,116270,118378,115605,113844,111708,108864,105944,101970,98112,92547,87376,79926,71622,61397,47888,33156,15808,0,0,0,0,0,0,0,0,0,0,0,0,0,0,0,0,0,0,0,0,0,0,0,0,0,0,0,0,0,0,0,0,0,0,0,0,0,0,0,0,0,0,0,0,0,0,0,0,0,0,0,0,0,0,0,0,0,0,0,0,0,0,0,0,0,0,0,0,0,0,0,0,0,0,0,0,0,0,0,0,0,0,0,0,0,0,0,0,0,0,0,0,0,0,0,0,0
676,729,729,729,729,729,756,783,812,812,784,812,812,870,870,899,900,930,930,961,960,992,1023,1023,1054,1120,1088,1120,1152,1188,1258,1224,1258,1295,1330,1295,1330,1404,1368,1404,1480,1517,1480,1517,1554,1558,1677,1720,1720,1760,1845,1886,1932,1974,1974,2068,2112,2160,2250,2250,2397,2448,2496,2496,2646,2750,2750,2750,2856,2958,3074,3240,3355,3355,3472,3591,3776,3900,4154,4148,4216,4473,4608,4745,5016,5016,5304,5530,5600,5913,6216,6536,6776,7020,7452,7614,8148,8428,8961,9152,9936,10450,11058,11700,12120,13000,13824,14874,15732,16731,17908,19096,20800,22244,24047,26064,28350,31284,34736,37714,42136,46080,50745,57181,63002,71764,81840,92224,106680,120497,123635,121660,120000,117572,115456,112216,108192,103929,98136,91332,81190,69498,55404,34983,14152,0,0,0,0,0,0,0,0,0,0,0,0,0,0,0,0,0,0,0,0,0,0,0,0,0,0,0,0,0,0,0,0,0,0,0,0,0,0,0,0,0,0,0,0,0,0,0,0,0,0,0,0,0,0,0,0,0,0,0,0,0,0,0,0,0,0,0,0,0,0,0,0,0,0,0,0,0,0,0,0,0,0,0,0,0,0,0,0,0,0,0,0,0,0,0,0,0,0,0,0,0,0,0,0,0,0,0,0,0,0,0,0,0,0,0,0,0,0,0
352,352,352,352,391,391,391,391,391,414,414,552,576,576,600,552,576,600,650,650,625,650,650,650,675,675,702,702,756,756,729,756,784,784,784,812,812,812,840,812,870,870,899,870,961,961,992,992,992,1024,1024,1089,1089,1122,1089,1122,1190,1156,1190,1225,1260,1332,1520,1558,1599,1596,1677,1677,1760,1800,1800,1890,2064,2112,2156,2392,2444,2544,2597,2597,2750,2856,2907,3068,3127,3240,3186,3416,3477,3712,3835,3894,4020,4209,4464,4599,4745,4745,5032,5382,5530,5600,6132,6205,6536,6864,7505,7802,7790,8148,8787,9256,9844,10434,11058,11700,12322,13104,14040,14985,16100,17520,18848,20382,22275,24220,26607,28728,31840,34650,38850,43005,48057,54264,61411,69690,80115,93545,109252,115500,119355,116768,115204,111890,109158,105264,102080,96302,90272,79860,66946,52699,30797,0,0,0,0,0,0,0,0,0,0,0,0,0,0,0,0,0,0,0,0,0,0,0,0,0,0,0,0,0,0,0,0,0,0,0,0,0,0,0,0,0,0,0,0,0,0,0,0,0,0,0,0,0,0,0,0,0,0,0,0,0,0,0,0,0,0,0,0,0,0,0,0,0,0,0,0,0,0,0,0,0,0,0,0,0,0,0,0,0,0,0,0,0,0,0,0,0,0,0,0,0,0,0,0,0,0,0,0,0,0,0
357,441,441,441,462,462,600,650,676,650,650,650,676,702,729,729,756,729,729,756,784,812,784,812,870,899,899,960,960,960,1023,1023,1023,1023,1054,1085,1088,1088,1120,1155,1188,1224,1295,1260,1295,1330,1368,1368,1404,1443,1443,1480,1517,1596,1634,1677,1720,1804,1804,1845,1932,1932,1932,2068,2112,2205,2205,2303,2300,2448,2496,2597,2597,2750,2805,2964,3016,3240,3245,3300,3472,3534,3840,3900,4216,4020,4340,4608,4672,4745,4958,5159,5451,5680,5986,6225,6622,6942,7110,7533,8064,8342,8989,9450,10044,10545,11155,11918,12669,13696,15008,15985,17280,18300,20096,21648,23769,25740,28388,31641,36081,39917,45076,49949,56970,63869,73160,84672,99280,115735,125513,124110,122682,119232,116820,113565,109782,103059,97461,86508,73278,56416,33220,0,0,0,0,0,0,0,0,0,0,0,0,0,0,0,0,0,0,0,0,0,0,0,0,0,0,0,0,0,0,0,0,0,0,0,0,0,0,0,0,0,0,0,0,0,0,0,0,0,0,0,0,0,0,0,0,0,0,0,0,0,0,0,0,0,0,0,0,0,0,0,0,0,0,0,0,0,0,0,0,0,0,0,0,0,0,0,0,0,0,0,0,0,0,0,0,0,0,0,0,0,0,0,0,0,0,0,0,0,0,0,0,0,0,0,0,0,0,0,0,0
600,625,625,676,650,729,729,756,729,729,756,783,812,870,899,899,900,930,928,960,1023,992,1023,1023,1023,1088,1088,1088,1120,1120,1188,1190,1224,1258,1295,1295,1365,1368,1404,1368,1480,1517,1554,1554,1596,1677,1677,1760,1845,1845,1804,1886,1932,1974,2064,2112,2250,2250,2346,2397,2544,2597,2646,2750,2856,2958,2958,3074,3127,3294,3410,3648,3648,3770,3960,4012,4209,4410,4536,4810,4950,5092,5372,5520,5822,6132,6450,6776,7189,7520,8051,8415,8874,9256,9919,10323,10925,11781,12546,13440,14472,15707,16560,17880,19500,21060,22914,25060,27489,30929,34528,39160,42920,47671,53064,60279,68625,78240,90721,105050,114345,117436,114392,111680,108540,104951,99532,93288,87285,77034,62832,48764,28518,0,0,0,0,0,0,0,0,0,0,0,0,0,0,0,0,0,0,0,0,0,0,0,0,0,0,0,0,0,0,0,0,0,0,0,0,0,0,0,0,0,0,0,0,0,0,0,0,0,0,0,0,0,0,0,0,0,0,0,0,0,0,0,0,0,0,0,0,0,0,0,0,0,0,0,0,0,0,0,0,0,0,0,0,0,0,0,0,0,0,0,0,0,0,0,0,0,0,0,0,0,0,0,0,0,0,0,0,0,0,0,0,0,0,0,0,0,0,0,0,0,0,0,0,0,0,0,0,0,0,0
420,462,460,676,676,702,676,702,702,702,702,702,728,756,812,810,810,812,812,840,870,899,870,899,928,928,928,957,990,1023,1023,1023,1054,1088,1188,1155,1224,1258,1190,1224,1368,1368,1330,1365,1404,1517,1520,1517,1558,1638,1677,1677,1716,1760,1848,1845,1886,1932,1974,2112,2160,2250,2250,2397,2496,2544,2646,2754,2805,2912,3074,3180,3127,3355,3591,3712,3835,3960,4284,4416,4550,4680,4884,5168,5236,5600,5751,6216,6450,6688,7268,7614,8051,8613,9064,9752,10340,11040,11662,12546,13803,14606,16215,17228,18819,20769,22680,24816,27489,30690,35070,39471,44030,50944,58025,66231,77760,91168,106218,111690,112180,109098,105944,102024,97569,91869,85215,74820,61755,44023,21409,0,0,0,0,0,0,0,0,0,0,0,0,0,0,0,0,0,0,0,0,0,0,0,0,0,0,0,0,0,0,0,0,0,0,0,0,0,0,0,0,0,0,0,0,0,0,0,0,0,0,0,0,0,0,0,0,0,0,0,0,0,0,0,0,0,0,0,0,0,0,0,0,0,0,0,0,0,0,0,0,0,0,0,0,0,0,0,0,0,0,0,0,0,0,0,0,0,0,0,0,0,0,0,0,0,0,0,0,0,0,0,0,0,0,0,0,0,0,0,0,0,0,0,0,0,0,0,0,0,0,0,0,0
221,221,234,234,238,238,252,252,252,252,252,252,285,266,300,300,300,340,340,340,340,336,315,315,315,352,336,336,336,336,352,352,352,414,437,460,483,529,552,576,600,600,576,650,650,625,650,676,702,702,676,729,729,756,756,756,784,812,812,812,812,840,900,930,961,992,992,992,1024,1056,1122,1122,1089,1190,1225,1260,1332,1482,1558,1558,1638,1677,1677,1760,1890,2254,2350,2397,2496,2491,2592,2750,2856,2964,3068,3240,3355,3416,3534,3654,3776,4087,4148,4473,4608,4875,5092,5313,5609,5760,6068,6536,6699,7200,8134,8439,8624,9090,9660,10560,11286,12019,13020,13932,15255,16497,18081,19840,22140,24393,27118,29952,34030,37932,42872,49500,56910,66896,77592,94068,115144,124150,122016,119491,116580,114228,109620,105252,98723,88669,73730,55224,27456,0,0,0,0,0,0,0,0,0,0,0,0,0,0,0,0,0,0,0,0,0,0,0,0,0,0,0,0,0,0,0,0,0,0,0,0,0,0,0,0,0,0,0,0,0,0,0,0,0,0,0,0,0,0,0,0,0,0,0,0,0,0,0,0,0,0,0,0,0,0,0,0,0,0,0,0,0,0,0,0,0,0,0,0,0,0,0,0,0,0,0,0,0,0,0,0,0,0,0,0,0,0,0,0,0,0,0,0,0,0,0
216,216,216,216,228,234,266,247,266,266,462,420,841,841,870,870,900,900,930,930,960,992,961,992,1023,1088,1088,1056,1156,1155,1225,1260,1295,1404,1404,1443,1443,1480,1520,1520,1599,1640,1722,1722,1806,1848,1848,1935,2068,2160,2160,2254,2303,2448,2548,2650,2703,2805,3021,3132,3240,3245,3416,3538,3840,3965,4224,4216,4544,4891,5032,5175,5390,5840,6150,6308,6786,7200,7636,8448,9000,9579,10368,11088,11716,12705,13970,15162,16541,17958,19995,22005,24596,27118,30652,35112,40363,46706,54549,63840,76059,91504,111252,127434,125686,123825,121110,117950,114195,109695,101556,89548,71082,47196,0,0,0,0,0,0,0,0,0,0,0,0,0,0,0,0,0,0,0,0,0,0,0,0,0,0,0,0,0,0,0,0,0,0,0,0,0,0,0,0,0,0,0,0,0,0,0,0,0,0,0,0,0,0,0,0,0,0,0,0,0,0,0,0,0,0,0,0,0,0,0,0,0,0,0,0,0,0,0,0,0,0,0,0,0,0,0,0,0,0,0,0,0,0,0,0,0,0,0,0,0,0,0,0,0,0,0,0,0,0,0,0,0,0,0,0,0,0,0,0,0,0,0,0,0,0,0,0,0,0,0,0,0,0,0,0,0,0,0,0,0,0,0,0,0,0,0,0,0,0
255,252,255,270,306,306,323,306,323,304,323,288,304,323,304,323,360,323,323,360,340,360,400,380,420,400,400,400,420,420,420,420,462,462,462,462,483,483,506,483,506,483,483,504,483,506,504,506,550,575,575,624,648,624,624,648,650,675,675,700,754,728,728,754,754,783,810,810,810,868,868,896,896,928,990,960,990,990,1054,1054,1085,1152,1184,1184,1221,1258,1326,1365,1365,1476,1435,1476,1476,1591,1591,1716,1794,1800,1840,1880,1927,2064,2107,2200,2340,2340,2438,2592,2695,2850,2958,3009,3180,3224,3528,3584,3762,4012,4209,4392,4453,4588,4851,5070,5412,5644,5934,6230,6603,7200,7623,8137,8774,9324,10005,10829,11750,12384,13426,14626,16200,17360,19352,21054,23058,25802,28634,32193,36036,41250,48151,55390,60270,61476,63279,64005,63568,47861,42036,37047,31232,23715,12740,0,0,0,0,0,0,0,0,0,0,0,0,0,0,0,0,0,0,0,0,0,0,0,0,0,0,0,0,0,0,0,0,0,0,0,0,0,0,0,0,0,0,0,0,0,0,0,0,0,0,0,0,0,0,0,0,0,0,0,0,0,0,0,0,0,0,0,0,0,0,0,0,0,0,0,0,0,0,0,0,0,0,0,0,0,0,0,0,0,0,0,0,0,0,0,0,0,0,0,0,0
234,234,288,320,380,420,462,729,729,756,784,784,784,812,841,841,870,899,930,930,960,992,1023,1023,1023,1088,1088,1088,1155,1188,1295,1260,1295,1332,1368,1443,1521,1560,1640,1680,1722,1763,1804,1804,1848,1848,1978,2115,2115,2300,2303,2448,2496,2597,2754,2912,2912,3021,3245,3360,3596,3840,3900,4221,4416,4615,4896,5100,5244,5609,6068,6216,6699,7120,7636,8352,8910,9568,10260,11074,12036,13375,14430,16146,17690,19431,21842,24566,27600,31520,36464,42408,49800,59184,70434,85504,106020,124574,122430,120852,118140,114243,109999,103820,92820,77040,53630,19096,0,0,0,0,0,0,0,0,0,0,0,0,0,0,0,0,0,0,0,0,0,0,0,0,0,0,0,0,0,0,0,0,0,0,0,0,0,0,0,0,0,0,0,0,0,0,0,0,0,0,0,0,0,0,0,0,0,0,0,0,0,0,0,0,0,0,0,0,0,0,0,0,0,0,0,0,0,0,0,0,0,0,0,0,0,0,0,0,0,0,0,0,0,0,0,0,0,0,0,0,0,0,0,0,0,0,0,0,0,0,0,0,0,0,0,0,0,0,0,0,0,0,0,0,0,0,0,0,0,0,0,0,0,0,0,0,0,0,0,0,0,0,0,0,0,0,0,0,0,0,0,0,0,0,0,0
176,176,187,192,221,208,238,238,252,252,252,270,323,323,323,320,360,361,361,400,441,420,441,420,420,462,462,484,484,506,506,506,528,552,506,552,552,600,575,600,624,600,600,600,650,650,675,675,675,756,729,756,783,810,840,840,840,868,928,957,928,957,957,1080,1364,1020,1054,1120,1120,1221,1188,1295,1292,1330,1365,1400,1435,1554,1596,1638,1672,1716,1840,1927,2016,2016,2107,2156,2295,2295,2538,2544,2640,2793,2900,3240,3355,3402,3705,3828,4080,4200,4410,4736,5016,5214,5508,5950,6336,6570,7068,7566,8282,9202,9657,10647,11495,12573,13668,15228,16986,19276,21504,23852,27313,31160,35360,40800,47840,57772,68138,77550,82215,86122,87606,81408,62100,54725,47790,36540,16620,0,0,0,0,0,0,0,0,0,0,0,0,0,0,0,0,0,0,0,0,0,0,0,0,0,0,0,0,0,0,0,0,0,0,0,0,0,0,0,0,0,0,0,0,0,0,0,0,0,0,0,0,0,0,0,0,0,0,0,0,0,0,0,0,0,0,0,0,0,0,0,0,0,0,0,0,0,0,0,0,0,0,0,0,0,0,0,0,0,0,0,0,0,0,0,0,0,0,0,0,0,0,0,0,0,0,0,0,0,0,0,0,0,0,0,0,0,0,0,0,0,0,0
160,160,160,176,165,176,176,192,204,204,204,234,234,234,234,234,304,441,462,484,600,650,650,675,729,728,729,728,783,784,812,810,812,840,812,870,928,930,960,990,1023,1054,1085,1120,1120,1155,1155,1190,1295,1330,1404,1443,1517,1558,1599,1720,1720,1845,1845,1890,2021,2064,2205,2346,2397,2544,2700,2805,2964,3016,3233,3410,3591,3835,4154,4416,4473,4745,5092,5372,5670,6120,6600,7007,7776,8232,9064,9919,10602,11760,13208,14715,16588,18544,21060,24186,27824,32522,39559,45067,54468,65560,80676,99999,108275,106155,102399,95518,87579,77634,61721,38880,0,0,0,0,0,0,0,0,0,0,0,0,0,0,0,0,0,0,0,0,0,0,0,0,0,0,0,0,0,0,0,0,0,0,0,0,0,0,0,0,0,0,0,0,0,0,0,0,0,0,0,0,0,0,0,0,0,0,0,0,0,0,0,0,0,0,0,0,0,0,0,0,0,0,0,0,0,0,0,0,0,0,0,0,0,0,0,0,0,0,0,0,0,0,0,0,0,0,0,0,0,0,0,0,0,0,0,0,0,0,0,0,0,0,0,0,0,0,0,0,0,0,0,0,0,0,0,0,0,0,0,0,0,0,0,0,0,0,0,0,0,0,0,0,0,0,0,0,0,0,0,0
208,195,195,208,221,208,221,252,234,221,270,270,288,285,304,270,266,247,285,323,360,420,462,462,484,506,484,506,506,529,576,576,576,575,600,625,625,625,650,702,676,702,728,702,728,756,783,783,783,812,840,840,868,928,960,990,1023,1054,1054,1085,1120,1188,1224,1295,1330,1330,1404,1480,1517,1596,1760,1760,1760,1845,1974,2021,2112,2205,2295,2444,2592,2646,2856,3016,3068,3294,3654,3835,4026,4347,4340,4810,5092,5304,5670,6048,6512,7098,7680,8316,9048,10010,10810,11956,13520,14796,16675,19065,21580,25276,29336,34860,41170,47124,57474,69888,87897,96320,101386,96685,90482,79316,71165,55944,33681,0,0,0,0,0,0,0,0,0,0,0,0,0,0,0,0,0,0,0,0,0,0,0,0,0,0,0,0,0,0,0,0,0,0,0,0,0,0,0,0,0,0,0,0,0,0,0,0,0,0,0,0,0,0,0,0,0,0,0,0,0,0,0,0,0,0,0,0,0,0,0,0,0,0,0,0,0,0,0,0,0,0,0,0,0,0,0,0,0,0,0,0,0,0,0,0,0,0,0,0,0,0,0,0,0,0,0,0,0,0,0,0,0,0,0,0,0,0,0,0,0,0,0,0,0,0,0,0,0,0,0,0,0,0,0,0,0,0,0
192,176,204,221,221,192,204,221,208,221,238,266,304,288,285,323,320,420,420,462,462,462,462,462,529,529,529,552,576,625,600,624,625,676,625,650,650,729,676,702,756,756,756,783,812,870,841,870,930,930,960,990,1023,1088,1088,1120,1155,1188,1295,1368,1368,1404,1480,1554,1558,1634,1760,1800,1932,1974,2064,2156,2300,2346,2548,2646,2907,3068,3180,3180,3528,3900,4148,4410,4608,4950,5226,5589,5810,6600,6992,7680,8400,9030,10080,11328,12276,14098,15933,17969,20574,23528,27783,34155,40002,46065,58311,71820,90321,99705,101725,96338,89100,78240,65268,45592,18135,0,0,0,0,0,0,0,0,0,0,0,0,0,0,0,0,0,0,0,0,0,0,0,0,0,0,0,0,0,0,0,0,0,0,0,0,0,0,0,0,0,0,0,0,0,0,0,0,0,0,0,0,0,0,0,0,0,0,0,0,0,0,0,0,0,0,0,0,0,0,0,0,0,0,0,0,0,0,0,0,0,0,0,0,0,0,0,0,0,0,0,0,0,0,0,0,0,0,0,0,0,0,0,0,0,0,0,0,0,0,0,0,0,0,0,0,0,0,0,0,0,0,0,0,0,0,0,0,0,0,0,0,0,0,0,0,0,0,0,0,0,0,0,0,0,0,0
176,176,160,187,192,204,204,192,204,221,255,288,270,270,270,285,304,342,360,360,441,440,440,462,484,575,576,600,625,650,675,676,702,702,702,728,756,756,783,784,812,840,899,899,928,957,990,990,1023,1120,1085,1152,1224,1258,1330,1365,1443,1480,1558,1596,1638,1716,1800,1890,1978,2064,2156,2250,2397,2496,2646,2750,3016,3127,3348,3472,3900,4221,4278,4608,5025,5304,5589,6048,6586,7254,7872,8568,9720,10396,11543,12978,14960,16965,19220,22512,26169,31641,38544,45496,55284,68544,86750,102674,106107,101761,94900,85067,73997,53935,24565,0,0,0,0,0,0,0,0,0,0,0,0,0,0,0,0,0,0,0,0,0,0,0,0,0,0,0,0,0,0,0,0,0,0,0,0,0,0,0,0,0,0,0,0,0,0,0,0,0,0,0,0,0,0,0,0,0,0,0,0,0,0,0,0,0,0,0,0,0,0,0,0,0,0,0,0,0,0,0,0,0,0,0,0,0,0,0,0,0,0,0,0,0,0,0,0,0,0,0,0,0,0,0,0,0,0,0,0,0,0,0,0,0,0,0,0,0,0,0,0,0,0,0,0,0,0,0,0,0,0,0,0,0,0,0,0,0,0,0,0,0,0,0,0,0,0,0,0,0,0,0,0,0
117,117,117,117,117,130,140,140,140,150,150,165,176,192,192,180,192,192,176,192,176,192,252,266,285,288,342,342,360,360,378,378,420,399,399,418,440,440,462,462,483,529,676,702,676,702,729,729,756,783,812,812,841,870,899,930,928,928,1023,1088,1088,1155,1190,1224,1258,1295,1368,1404,1443,1480,1517,1634,1760,1760,1845,1932,2112,2205,2350,2397,2700,2805,2912,3074,3294,3410,3770,4020,4278,4680,4884,5236,5751,6290,6776,7254,8134,9078,10044,11270,12423,14148,16779,19456,22576,26280,30732,37668,46604,59892,74732,98102,125955,127710,122668,115884,106722,89520,60621,0,0,0,0,0,0,0,0,0,0,0,0,0,0,0,0,0,0,0,0,0,0,0,0,0,0,0,0,0,0,0,0,0,0,0,0,0,0,0,0,0,0,0,0,0,0,0,0,0,0,0,0,0,0,0,0,0,0,0,0,0,0,0,0,0,0,0,0,0,0,0,0,0,0,0,0,0,0,0,0,0,0,0,0,0,0,0,0,0,0,0,0,0,0,0,0,0,0,0,0,0,0,0,0,0,0,0,0,0,0,0,0,0,0,0,0,0,0,0,0,0,0,0,0,0,0,0,0,0,0,0,0,0,0,0,0,0,0,0,0,0,0,0,0,0
88,88,88,88,108,99,99,99,117,117,117,117,117,117,104,104,126,126,160,176,192,192,192,176,176,192,192,192,221,221,247,300,280,280,280,315,336,357,440,420,462,460,437,506,528,676,812,812,841,841,870,961,930,960,992,1054,1122,1190,1190,1260,1330,1368,1443,1480,1558,1596,1634,1760,1845,1932,2021,2160,2254,2496,2646,2750,2964,3074,3300,3472,3770,4080,4340,4680,5025,5460,5822,6364,7110,7600,8585,9630,10848,12221,14148,16380,19026,22440,25955,31284,38628,49053,63109,81016,109921,129422,124875,118674,110716,96831,70848,28210,340,0,0,0,0,0,0,0,0,0,0,0,0,0,0,0,0,0,0,0,0,0,0,0,0,0,0,0,0,0,0,0,0,0,0,0,0,0,0,0,0,0,0,0,0,0,0,0,0,0,0,0,0,0,0,0,0,0,0,0,0,0,0,0,0,0,0,0,0,0,0,0,0,0,0,0,0,0,0,0,0,0,0,0,0,0,0,0,0,0,0,0,0,0,0,0,0,0,0,0,0,0,0,0,0,0,0,0,0,0,0,0,0,0,0,0,0,0,0,0,0,0,0,0,0,0,0,0,0,0,0,0,0,0,0,0,0,0,0,0,0,0,0,0,0,0,0,0,0,0,0,0
135,150,154,204,204,204,187,204,234,234,252,234,266,280,300,315,378,418,460,440,440,483,552,552,552,676,702,729,756,812,812,841,870,870,930,960,960,1023,1088,1088,1120,1190,1295,1295,1404,1404,1480,1517,1634,1672,1755,1800,1974,2064,2205,2346,2544,2646,2800,2907,3186,3472,3770,3894,4270,4672,5082,5520,5893,6351,7084,7857,8961,10120,11466,12875,15120,17640,20480,24288,29294,36022,45140,59001,75840,102102,122240,118548,111150,98982,82125,51684,0,0,0,0,0,0,0,0,0,0,0,0,0,0,0,0,0,0,0,0,0,0,0,0,0,0,0,0,0,0,0,0,0,0,0,0,0,0,0,0,0,0,0,0,0,0,0,0,0,0,0,0,0,0,0,0,0,0,0,0,0,0,0,0,0,0,0,0,0,0,0,0,0,0,0,0,0,0,0,0,0,0,0,0,0,0,0,0,0,0,0,0,0,0,0,0,0,0,0,0,0,0,0,0,0,0,0,0,0,0,0,0,0,0,0,0,0,0,0,0,0,0,0,0,0,0,0,0,0,0,0,0,0,0,0,0,0,0,0,0,0,0,0,0,0,0,0,0,0,0,0,0,0,0,0,0,0,0,0,0,0,0,0,0,0,0,0,0,0,0,0,0
117,117,126,126,112,135,126,120,130,143,154,176,204,221,238,234,234,247,285,285,280,320,336,300,360,294,320,357,336,340,315,374,437,483,504,528,550,552,600,600,650,784,841,870,870,930,960,961,1056,1089,1088,1155,1188,1258,1295,1330,1443,1634,1638,1677,1804,1890,2064,2156,2295,2444,2597,2805,2964,3186,3410,3648,3894,4340,4615,5092,5451,5986,6450,7189,8036,9078,10450,11583,13356,15732,18923,22005,26607,32000,40050,52224,68310,91872,128853,131472,124722,117196,105080,81000,38259,0,0,0,0,0,0,0,0,0,0,0,0,0,0,0,0,0,0,0,0,0,0,0,0,0,0,0,0,0,0,0,0,0,0,0,0,0,0,0,0,0,0,0,0,0,0,0,0,0,0,0,0,0,0,0,0,0,0,0,0,0,0,0,0,0,0,0,0,0,0,0,0,0,0,0,0,0,0,0,0,0,0,0,0,0,0,0,0,0,0,0,0,0,0,0,0,0,0,0,0,0,0,0,0,0,0,0,0,0,0,0,0,0,0,0,0,0,0,0,0,0,0,0,0,0,0,0,0,0,0,0,0,0,0,0,0,0,0,0,0,0,0,0,0,0,0,0,0,0,0,0,0,0,0,0,0,0,0,0,0,0,0,0
108,108,117,117,117,117,117,130,130,221,221,221,252,252,238,270,252,285,266,320,300,300,315,315,336,396,418,676,702,728,756,812,812,900,930,900,992,1056,1056,1122,1190,1224,1260,1295,1404,1443,1517,1596,1677,1760,1890,1932,2021,2205,2300,2597,2750,2964,3074,3355,3712,4020,4480,4686,4950,5451,5976,6600,7347,8217,9345,10961,12200,14410,17136,20382,24220,29722,37107,49647,62985,85598,121500,131781,125625,117613,104228,76912,27360,204,198,0,0,0,0,0,0,0,0,0,0,0,0,0,0,0,0,0,0,0,0,0,0,0,0,0,0,0,0,0,0,0,0,0,0,0,0,0,0,0,0,0,0,0,0,0,0,0,0,0,0,0,0,0,0,0,0,0,0,0,0,0,0,0,0,0,0,0,0,0,0,0,0,0,0,0,0,0,0,0,0,0,0,0,0,0,0,0,0,0,0,0,0,0,0,0,0,0,0,0,0,0,0,0,0,0,0,0,0,0,0,0,0,0,0,0,0,0,0,0,0,0,0,0,0,0,0,0,0,0,0,0,0,0,0,0,0,0,0,0,0,0,0,0,0,0,0,0,0,0,0,0,0,0,0,0,0,0,0,0,0,0,0,0,0,0,0,0,0,0,0,0,0,0
140,140,150,216,247,280,285,280,280,266,300,340,340,320,374,440,460,483,529,756,812,812,870,960,992,1023,1155,1190,1190,1260,1295,1368,1443,1520,1558,1638,1760,1845,1978,2068,2254,2350,2548,2754,2964,3127,3472,3596,3960,4416,4680,5175,5609,6225,6786,7708,8800,9752,11385,13144,15504,18375,22168,26640,33864,42966,57138,77736,110668,141264,136345,131224,120780,99441,55998,0,0,0,0,0,0,0,0,0,0,0,0,0,0,0,0,0,0,0,0,0,0,0,0,0,0,0,0,0,0,0,0,0,0,0,0,0,0,0,0,0,0,0,0,0,0,0,0,0,0,0,0,0,0,0,0,0,0,0,0,0,0,0,0,0,0,0,0,0,0,0,0,0,0,0,0,0,0,0,0,0,0,0,0,0,0,0,0,0,0,0,0,0,0,0,0,0,0,0,0,0,0,0,0,0,0,0,0,0,0,0,0,0,0,0,0,0,0,0,0,0,0,0,0,0,0,0,0,0,0,0,0,0,0,0,0,0,0,0,0,0,0,0,0,0,0,0,0,0,0,0,0,0,0,0,0,0,0,0,0,0,0,0,0,0,0,0,0,0,0,0,0,0,0,0,0,0,0,0,0,0,0,0,0,0,0,0,0,0
120,126,140,234,234,234,285,285,266,320,320,320,357,336,374,378,460,841,870,899,1056,1122,1088,1190,1224,1295,1332,1368,1443,1558,1596,1677,1760,1932,2021,2112,2254,2496,2750,2912,3127,3300,3472,3894,4278,4615,5016,5451,5964,6764,7708,8600,9844,11155,12772,15368,18056,21976,26754,33415,42822,57936,77836,111168,134070,127872,119712,106872,79180,26361,0,0,0,0,0,0,0,0,0,0,0,0,0,0,0,0,0,0,0,0,0,0,0,0,0,0,0,0,0,0,0,0,0,0,0,0,0,0,0,0,0,0,0,0,0,0,0,0,0,0,0,0,0,0,0,0,0,0,0,0,0,0,0,0,0,0,0,0,0,0,0,0,0,0,0,0,0,0,0,0,0,0,0,0,0,0,0,0,0,0,0,0,0,0,0,0,0,0,0,0,0,0,0,0,0,0,0,0,0,0,0,0,0,0,0,0,0,0,0,0,0,0,0,0,0,0,0,0,0,0,0,0,0,0,0,0,0,0,0,0,0,0,0,0,0,0,0,0,0,0,0,0,0,0,0,0,0,0,0,0,0,0,0,0,0,0,0,0,0,0,0,0,0,0,0,0,0,0,0,0,0,0,0,0,0,0,0,0,0,0,0,0,0,0
90,88,88,77,88,77,88,84,96,96,108,108,130,187,204,187,187,204,234,216,234,266,252,252,285,285,300,323,340,399,420,441,484,506,506,529,552,576,576,625,625,625,676,676,728,756,783,812,840,870,899,1015,924,1140,957,1054,1120,1188,1254,1258,1365,1404,1440,1596,1634,1755,1845,1974,2058,2205,2340,2544,2695,2900,3111,3410,3705,4002,4392,4864,5360,5880,6424,7238,8383,9374,10998,12474,14659,17400,20916,25530,32085,41125,52845,70374,97760,106914,102008,81090,66178,38532,0,0,0,0,0,0,0,0,0,0,0,0,0,0,0,0,0,0,0,0,0,0,0,0,0,0,0,0,0,0,0,0,0,0,0,0,0,0,0,0,0,0,0,0,0,0,0,0,0,0,0,0,0,0,0,0,0,0,0,0,0,0,0,0,0,0,0,0,0,0,0,0,0,0,0,0,0,0,0,0,0,0,0,0,0,0,0,0,0,0,0,0,0,0,0,0,0,0,0,0,0,0,0,0,0,0,0,0,0,0,0,0,0,0,0,0,0,0,0,0,0,0,0,0,0,0,0,0,0,0,0,0,0,0,0,0,0,0,0,0,0,0,0,0,0,0,0,0,0,0,0,0,0,0,0,0,0,0,0,0,0,0
165,165,192,192,204,204,204,204,221,221,221,234,234,234,285,304,285,304,340,340,360,357,378,460,440,440,506,576,529,576,625,576,625,625,650,650,675,729,756,784,812,812,841,899,960,990,990,1054,1088,1120,1221,1292,1365,1440,1596,1634,1720,1845,1886,2058,2250,2346,2538,2744,3009,3294,3584,3819,4200,4662,5070,5589,6264,7144,7938,9010,10283,11931,14070,16905,20088,24616,31008,40185,52303,70596,83578,92220,79502,58835,44436,11352,0,0,0,0,0,0,0,0,0,0,0,0,0,0,0,0,0,0,0,0,0,0,0,0,0,0,0,0,0,0,0,0,0,0,0,0,0,0,0,0,0,0,0,0,0,0,0,0,0,0,0,0,0,0,0,0,0,0,0,0,0,0,0,0,0,0,0,0,0,0,0,0,0,0,0,0,0,0,0,0,0,0,0,0,0,0,0,0,0,0,0,0,0,0,0,0,0,0,0,0,0,0,0,0,0,0,0,0,0,0,0,0,0,0,0,0,0,0,0,0,0,0,0,0,0,0,0,0,0,0,0,0,0,0,0,0,0,0,0,0,0,0,0,0,0,0,0,0,0,0,0,0,0,0,0,0,0,0,0,0,0,0,0,0,0,0,0,0,0,0,0,0
192,208,204,204,216,234,252,266,252,234,247,285,300,300,304,340,378,396,357,396,529,529,552,552,600,624,650,676,729,729,729,784,784,812,840,899,899,992,1023,1088,1122,1190,1295,1330,1368,1480,1596,1677,1800,1840,2016,2200,2346,2544,2695,2958,3180,3465,3828,4270,4599,5082,5740,6497,7254,8217,9309,11020,12852,15180,18513,23220,28906,37296,49210,68461,92036,103041,93849,79530,60200,22648,0,0,0,0,0,0,0,0,0,0,0,0,0,0,0,0,0,0,0,0,0,0,0,0,0,0,0,0,0,0,0,0,0,0,0,0,0,0,0,0,0,0,0,0,0,0,0,0,0,0,0,0,0,0,0,0,0,0,0,0,0,0,0,0,0,0,0,0,0,0,0,0,0,0,0,0,0,0,0,0,0,0,0,0,0,0,0,0,0,0,0,0,0,0,0,0,0,0,0,0,0,0,0,0,0,0,0,0,0,0,0,0,0,0,0,0,0,0,0,0,0,0,0,0,0,0,0,0,0,0,0,0,0,0,0,0,0,0,0,0,0,0,0,0,0,0,0,0,0,0,0,0,0,0,0,0,0,0,0,0,0,0,0,0,0,0,0,0,0,0,0,0,0,0,0,0,0,0,0,0,0,0
154,150,176,176,192,204,234,234,234,234,266,285,285,300,304,360,378,336,396,374,374,462,506,552,576,576,625,625,650,675,702,729,784,784,784,870,870,930,930,1023,1054,1152,1353,1400,1295,1406,1517,1558,1720,1800,1886,2016,2250,2392,2640,2850,3068,3402,3762,4140,4526,5082,5740,6336,7238,8200,9504,10881,12827,15400,18997,23541,29800,39377,52768,74100,86075,90763,67637,54416,29992,272,272,306,522,589,570,589,578,612,595,630,735,360,352,400,384,322,308,308,0,0,0,0,0,0,0,0,0,0,0,0,0,0,0,0,0,0,0,0,0,0,0,0,0,0,0,0,0,0,0,0,0,0,0,0,0,0,0,0,0,0,0,0,0,0,0,0,0,0,0,0,0,0,0,0,0,0,0,0,0,0,0,0,0,0,0,0,0,0,0,0,0,0,0,0,0,0,0,0,0,0,0,0,0,0,0,0,0,0,0,0,0,0,0,0,0,0,0,0,0,0,0,0,0,0,0,0,0,0,0,0,0,0,0,0,0,0,0,0,0,0,0,0,0,0,0,0,0,0,0,0,0,0,0,0,0,0,0,0,0,0,0,0,0,0,0,0,0,0,0,0,0,0,0,0,0,0,0,0,0,0,0,0
399,420,420,420,400,400,420,420,420,420,441,441,441,441,441,441,441,462,462,462,483,506,484,483,484,484,484,506,506,529,529,506,529,552,576,576,576,576,552,576,576,576,576,600,576,625,625,650,676,676,676,702,702,756,756,729,729,729,729,729,729,729,729,729,756,784,784,812,784,841,841,841,841,870,900,930,930,960,960,960,930,960,1020,1088,1056,1088,1088,1088,1120,1120,1120,1120,1190,1156,1155,1155,1224,1224,1224,1260,1295,1295,1330,1404,1404,1404,1440,1440,1517,1558,1558,1596,1638,1677,1760,1800,1760,1800,1845,1890,1932,1974,1932,2068,2112,2112,2205,2205,2300,2397,2448,2548,2548,2544,2646,2750,2800,2805,2805,2964,3021,3186,3300,3304,3416,3528,3528,3712,3770,3894,4020,4020,4209,4340,4473,4608,4810,5025,5168,5382,5589,5751,5904,6278,6364,6525,6853,7176,7520,7790,8232,8600,8874,9345,9737,10323,10944,11466,12019,12915,13696,14520,15232,16356,17255,18271,19500,20769,22344,24012,25702,27783,30096,32499,35970,38988,43200,48006,52993,58425,65448,74060,84078,94976,109052,122840,129920,137655,142803,141372,138666,135800,136345,131334,125580,118404,108250,95030,79288,61864,41309,0,0,0,0,0,0,0,0,0,0,0,0,0,0,0,0,0,0,0,0,0,0,0,0,0,0,0,0,0,0,0,0,0,0,0,0,0,0,0,0,0,0,0
462,462,462,483,462,506,506,506,506,529,529,506,506,552,529,529,552,529,529,529,552,552,576,576,576,600,600,576,625,625,625,625,650,676,676,650,702,702,729,702,729,729,756,756,729,756,783,812,812,812,812,868,840,840,870,899,930,930,930,960,990,990,990,960,1024,1056,1088,1120,1088,1088,1120,1188,1224,1190,1224,1224,1258,1260,1295,1330,1330,1365,1365,1400,1400,1480,1480,1517,1596,1638,1677,1716,1716,1845,1845,1886,1932,1978,1978,2021,2064,2156,2156,2254,2300,2346,2397,2444,2544,2597,2646,2646,2856,2805,2964,2964,3127,3186,3240,3355,3472,3584,3705,3835,3894,4020,4278,4340,4473,4536,4745,4950,5016,5226,5451,5670,5810,6048,6278,6600,6840,7176,7347,7954,8217,8670,9152,9630,10137,10622,11385,12019,12546,13230,14017,14985,15820,16704,17731,18942,20608,22044,23701,25662,27216,29353,32499,34937,38930,42416,47244,52724,58140,65056,73644,83386,95604,108654,114366,121220,126170,132830,131196,128688,125258,124642,117334,111904,104408,93041,80640,66400,49320,27813,0,0,0,0,0,0,0,0,0,0,0,0,0,0,0,0,0,0,0,0,0,0,0,0,0,0,0,0,0,0,0,0,0,0,0,0,0,0,0,0,0,0,0,0,0,0,0,0,0,0,0,0,0,0,0,0,0,0,0,0,0,0,0,0,0,0,0,0,0,0
400,400,400,400,420,420,420,400,420,420,441,441,441,462,440,462,483,483,506,506,528,528,528,552,552,600,576,600,625,600,650,625,625,625,625,650,650,650,702,728,728,756,756,784,784,784,784,784,812,812,841,841,841,841,900,870,900,900,930,961,992,992,992,992,1056,1056,1088,1056,1088,1155,1190,1188,1188,1188,1258,1295,1295,1295,1330,1368,1404,1443,1480,1480,1520,1599,1638,1599,1638,1638,1763,1763,1763,1848,1890,1978,2021,2068,2112,2160,2205,2250,2250,2346,2397,2496,2544,2650,2650,2754,2860,2968,3024,3190,3245,3245,3477,3538,3596,3717,3900,3900,4154,4284,4550,4615,4757,5025,5100,5244,5460,5688,5994,6314,6545,6873,7209,7387,7812,8075,8722,9000,9476,10070,10682,11300,11948,12733,13640,14478,15576,16440,17875,18944,20482,22379,24192,26224,28860,31785,34850,38626,42823,47871,53820,60604,69368,80250,92568,108015,127204,147126,157504,154707,154224,154036,153216,151700,150944,147735,143498,131733,116992,98536,71649,0,0,0,0,0,0,0,0,0,0,0,0,0,0,0,0,0,0,0,0,0,0,0,0,0,0,0,0,0,0,0,0,0,0,0,0,0,0,0,0,0,0,0,0,0,0,0,0,0,0,0,0,0,0,0,0,0,0,0,0,0,0,0,0,0,0,0,0,0,0,0,0,0,0,0,0,0,0,0
288,289,306,306,306,306,324,324,324,324,324,342,324,324,324,342,361,361,380,380,380,380,380,420,380,400,400,380,399,420,420,441,462,441,441,462,462,462,462,462,483,483,462,462,484,506,529,529,529,506,484,506,529,576,576,552,552,552,552,600,600,624,600,600,600,650,676,676,676,676,702,702,702,728,756,783,754,812,784,784,812,812,812,812,841,900,900,900,930,930,961,961,992,992,1023,992,1023,1023,1056,1056,1122,1155,1155,1188,1155,1152,1224,1224,1258,1292,1258,1330,1365,1404,1406,1443,1480,1558,1596,1596,1638,1677,1638,1760,1800,1932,1927,1974,1932,1974,2112,2112,2208,2300,2300,2397,2397,2496,2496,2646,2700,2700,2856,2964,3021,3074,3186,3355,3477,3654,3654,3835,3960,4087,4148,4278,4608,4672,4958,5092,5236,5460,5680,5904,5976,6364,6853,7020,7520,7614,8051,8500,8874,9450,10101,10656,11155,11900,12444,13589,14388,14985,16356,17346,18972,20480,22078,24012,25883,27886,30753,33284,37241,41536,46686,52260,58710,66402,75768,88040,103062,119262,127510,136741,143910,142129,138284,135677,133245,127820,122550,111360,96570,79236,58240,34595,0,0,0,0,0,0,0,0,0,0,0,0,0,0,0,0,0,0,0,0,0,0,0,0,0,0,0,0,0,0,0,0,0,0,0,0,0,0,0,0,0,0,0,0,0,0,0,0
360,360,360,380,380,380,380,380,399,399,420,420,420,441,420,441,420,462,462,441,462,484,462,462,484,484,506,506,529,529,552,552,576,576,552,600,600,625,625,625,650,650,650,676,676,702,729,729,728,756,729,756,756,756,784,784,784,784,784,812,812,840,870,870,900,900,930,961,992,961,992,992,1056,1089,1156,1156,1156,1190,1190,1260,1260,1260,1332,1332,1368,1406,1482,1520,1520,1560,1599,1640,1722,1722,1763,1848,1848,1935,1935,2024,2068,2160,2250,2254,2397,2397,2496,2544,2597,2805,2805,2968,3021,3186,3360,3416,3477,3596,3712,3776,3900,4026,4347,4416,4480,4752,5025,5236,5460,5688,6059,6384,6708,6942,7298,7719,8170,8526,9000,9486,10165,10464,11300,12272,13176,14112,15196,16577,17608,19092,20770,22657,24966,27180,30051,33200,37312,41541,46948,53560,61101,71272,83895,98280,117909,142572,158775,158360,156078,156767,156378,154836,153360,147957,140760,126040,102753,78120,0,0,0,0,0,0,0,0,0,0,0,0,0,0,0,0,0,0,0,0,0,0,0,0,0,0,0,0,0,0,0,0,0,0,0,0,0,0,0,0,0,0,0,0,0,0,0,0,0,0,0,0,0,0,0,0,0,0,0,0,0,0,0,0,0,0,0,0,0,0,0,0,0,0,0,0,0,0,0,0,0,0,0,0,0,0
361,380,380,380,380,420,420,441,441,441,462,441,441,441,484,462,462,462,462,484,484,484,484,506,529,506,506,529,529,506,529,529,529,576,600,625,625,625,625,625,650,702,702,676,676,702,702,702,729,729,729,784,784,812,841,841,870,841,870,930,930,961,961,961,961,1024,1024,1056,1089,1056,1089,1190,1190,1225,1260,1225,1296,1332,1406,1406,1482,1482,1443,1482,1560,1640,1640,1680,1722,1848,1848,1890,1935,1980,2070,2115,2208,2303,2397,2448,2496,2597,2754,2703,2860,3024,3135,3363,3363,3480,3599,3717,3840,3965,4026,4221,4480,4620,4896,5100,5390,5538,5920,6232,6545,6800,7290,7644,7990,8536,9009,9682,10176,10682,11413,12296,13420,14478,15458,16851,18304,19950,21804,24215,26274,29600,32702,35984,41070,46648,53456,61716,72782,85211,102366,124218,154350,165020,163064,163114,166000,164000,163924,162987,157379,145859,105300,0,0,0,0,0,0,0,0,0,0,0,0,0,0,0,0,0,0,0,0,0,0,0,0,0,0,0,0,0,0,0,0,0,0,0,0,0,0,0,0,0,0,0,0,0,0,0,0,0,0,0,0,0,0,0,0,0,0,0,0,0,0,0,0,0,0,0,0,0,0,0,0,0,0,0,0,0,0,0,0,0,0,0,0,0,0,0,0,0,0,0,0,0,0,0,0,0
255,289,289,289,289,289,306,361,342,342,360,361,361,361,361,380,380,380,420,400,400,400,462,462,529,529,506,529,529,529,552,552,552,576,575,575,600,600,625,625,650,676,650,676,676,702,729,756,756,784,784,812,784,784,812,841,841,900,841,870,900,930,900,961,1024,1024,1056,1056,1056,1122,1155,1188,1225,1224,1260,1295,1332,1368,1404,1482,1520,1599,1560,1560,1681,1722,1763,1848,1892,1978,2024,2112,2160,2205,2205,2350,2496,2496,2600,2754,2754,2968,3078,3190,3304,3477,3654,3776,3900,4154,4347,4480,4615,4891,5100,5236,5538,5994,6300,6699,7040,7544,7980,8439,9090,9568,10260,11088,11934,13038,13970,15561,17202,18669,20460,22331,24739,27968,31556,35360,40320,45600,53652,62415,74018,88408,107342,133651,147618,149110,148161,145500,141729,139360,135470,123988,106116,81648,0,0,0,0,0,0,0,0,0,0,0,0,0,0,0,0,0,0,0,0,0,0,0,0,0,0,0,0,0,0,0,0,0,0,0,0,0,0,0,0,0,0,0,0,0,0,0,0,0,0,0,0,0,0,0,0,0,0,0,0,0,0,0,0,0,0,0,0,0,0,0,0,0,0,0,0,0,0,0,0,0,0,0,0,0,0,0,0,0,0,0,0,0,0,0,0,0,0,0,0,0,0,0,0,0,0
156,156,156,156,168,168,196,182,182,169,169,182,196,196,182,196,196,196,196,196,210,210,210,225,210,210,225,224,225,240,240,240,240,240,240,240,256,240,256,240,224,255,255,255,272,272,272,272,289,289,289,289,272,289,289,289,289,289,306,289,289,289,288,288,306,306,342,342,342,342,342,361,361,400,420,420,441,420,441,440,462,441,462,440,462,462,462,462,462,506,506,506,529,506,529,552,528,576,576,600,625,625,650,650,676,676,702,702,702,702,729,702,756,729,756,756,812,841,870,870,870,870,900,930,961,961,961,992,1023,1023,1024,1122,1190,1156,1190,1224,1258,1258,1330,1295,1330,1330,1443,1406,1443,1480,1638,1677,1677,1716,1760,1804,1890,1935,2021,2112,2112,2300,2300,2300,2496,2496,2597,2650,2805,2860,3016,3127,3245,3360,3472,3654,3770,3960,4148,4340,4544,4818,5100,5236,5600,5832,6205,6300,6699,7020,7872,7968,8514,9345,9844,10545,11484,12138,13250,14410,15618,17017,18724,20800,22815,25276,28161,31512,35690,41064,47439,54944,63855,76140,91904,112119,127608,140000,142820,140609,137632,135710,132010,121440,105434,83136,56414,0,0,0,0,0,0,0,0,0,0,0,0,0,0,0,0,0,0,0,0,0,0,0,0,0,0,0,0,0,0,0,0,0,0,0,0,0,0,0,0,0
256,240,256,256,289,289,272,272,272,289,306,289,289,323,323,342,361,361,361,361,380,380,399,420,380,399,399,400,400,400,420,420,462,462,484,462,462,462,484,483,528,528,552,484,506,529,576,576,625,625,650,676,650,650,676,702,702,702,756,756,756,756,812,812,841,870,870,870,930,930,930,930,961,1024,1024,1088,1088,1089,1122,1225,1260,1260,1295,1332,1368,1368,1440,1520,1558,1599,1638,1720,1720,1848,1890,1978,2024,2068,2115,2256,2350,2350,2548,2597,2700,2805,2912,3078,3248,3360,3538,3596,3835,3960,4154,4347,4608,4891,5100,5460,5609,5994,6225,6786,7290,7728,8256,8811,9568,10260,11088,12051,13054,14336,15678,17446,19200,21172,23688,26344,30336,33864,38940,44556,52780,62196,75120,90567,112132,138996,153824,151096,149362,147312,144200,141158,132594,114103,86658,0,0,0,0,0,0,0,0,0,0,0,0,0,0,0,0,0,0,0,0,0,0,0,0,0,0,0,0,0,0,0,0,0,0,0,0,0,0,0,0,0,0,0,0,0,0,0,0,0,0,0,0,0,0,0,0,0,0,0,0,0,0,0,0,0,0,0,0,0,0,0,0,0,0,0,0,0,0,0,0,0,0,0,0,0,0,0,0,0,0,0,0,0,0,0,0,0,0,0,0,0,0,0,0,0
208,196,210,196,196,210,210,240,225,225,224,224,224,224,224,224,240,240,240,240,240,240,256,224,240,240,256,256,256,272,272,289,289,306,289,306,306,306,324,342,342,342,342,361,361,342,361,361,361,361,400,380,380,400,400,380,400,400,420,420,441,462,462,484,506,484,484,483,483,484,529,528,552,576,576,576,600,625,650,625,676,702,702,729,756,729,729,729,756,784,784,812,840,870,870,930,900,930,992,992,992,1056,1122,1155,1155,1188,1188,1224,1258,1292,1368,1368,1368,1440,1517,1596,1596,1720,1760,1804,1845,1886,2016,2112,2156,2205,2300,2397,2496,2544,2646,2800,2912,3074,3240,3355,3472,3712,3835,3953,4216,4410,4745,5016,5236,5520,5904,6205,6750,7098,7520,8036,8670,9990,10010,11040,12000,13104,14497,15960,17464,19344,21746,24288,27170,31212,35316,40527,47730,56600,67704,83280,100485,113781,122625,131376,128481,120143,113577,104295,86670,67980,39996,0,0,0,0,0,0,0,0,0,0,0,0,0,0,0,0,0,0,0,0,0,0,0,0,0,0,0,0,0,0,0,0,0,0,0,0,0,0,0,0,0,0,0,0,0,0,0,0,0,0,0,0,0,0,0,0,0,0,0,0,0,0,0,0,0,0,0,0,0,0,0,0,0,0,0,0,0,0,0,0,0
120,144,144,143,156,169,156,156,156,156,156,156,156,168,168,196,196,196,210,196,210,225,225,240,225,225,225,225,240,272,272,272,255,272,256,256,256,272,272,288,288,288,306,306,289,324,306,306,324,324,324,306,342,361,342,361,342,380,400,380,441,420,400,420,420,420,441,441,462,462,483,483,529,529,529,576,600,600,576,576,600,600,625,650,650,676,702,702,729,756,784,756,812,841,841,841,870,841,900,870,930,961,992,992,1023,1056,1122,1155,1156,1190,1260,1260,1295,1368,1406,1443,1480,1558,1638,1720,1720,1720,1848,1848,2021,2068,2068,2254,2350,2397,2496,2650,2650,2808,3021,3186,3245,3416,3534,3835,4020,4148,4410,4752,4958,5313,5609,5913,6308,6699,7520,7708,8428,9256,9951,10767,11716,13054,14430,15732,17255,19125,22110,24992,27972,31775,37518,44044,52866,64152,79200,98845,126352,141780,147568,145542,144000,137780,131120,112585,86130,51240,0,0,0,0,0,0,0,0,0,0,0,0,0,0,0,0,0,0,0,0,0,0,0,0,0,0,0,0,0,0,0,0,0,0,0,0,0,0,0,0,0,0,0,0,0,0,0,0,0,0,0,0,0,0,0,0,0,0,0,0,0,0,0,0,0,0,0,0,0,0,0,0,0,0,0,0,0,0,0,0,0,0
196,196,196,196,210,210,210,225,240,240,240,240,240,256,256,256,256,256,256,272,256,272,272,289,289,289,289,289,272,289,289,306,289,288,306,324,342,342,324,361,361,361,380,380,380,420,400,420,420,420,441,441,462,462,441,484,484,484,506,529,506,529,529,552,552,552,575,552,552,625,625,625,625,650,676,675,676,729,729,729,756,784,812,812,870,841,900,900,930,960,960,992,1056,1056,1089,1122,1122,1190,1190,1224,1295,1330,1330,1440,1443,1520,1558,1677,1677,1716,1845,1932,1932,1978,2112,2254,2254,2397,2548,2650,2700,2860,3074,3127,3300,3477,3596,3776,4020,4347,4608,4818,5168,5538,5832,6142,6699,7452,7719,8787,9270,10044,11088,12036,13500,14896,16756,18450,21252,24080,27676,31714,37570,44528,54069,65700,83300,106425,131252,147864,145512,142715,138651,133797,119515,94128,60060,0,0,0,0,0,0,0,0,0,0,0,0,0,0,0,0,0,0,0,0,0,0,0,0,0,0,0,0,0,0,0,0,0,0,0,0,0,0,0,0,0,0,0,0,0,0,0,0,0,0,0,0,0,0,0,0,0,0,0,0,0,0,0,0,0,0,0,0,0,0,0,0,0,0,0,0,0,0,0,0,0,0,0,0,0,0,0,0,0,0,0,0,0,0,0,0,0
156,156,144,168,169,156,169,169,169,156,182,182,182,182,182,182,195,210,196,196,196,196,196,210,225,225,240,240,240,225,225,240,240,240,255,289,289,272,289,289,289,306,306,306,306,306,324,342,324,342,342,361,342,342,361,361,380,380,400,400,420,441,441,441,441,462,462,506,484,484,484,506,506,528,506,506,529,576,576,600,600,650,625,625,650,676,702,729,756,784,784,812,812,812,841,870,900,900,961,961,1024,1089,1089,1089,1122,1190,1190,1225,1260,1295,1332,1406,1482,1520,1638,1638,1720,1804,1848,1978,1978,2160,2205,2350,2448,2544,2700,2805,2968,3186,3420,3538,3780,3965,4154,4416,4608,5032,5460,5680,5986,6612,7120,7544,8245,8989,9964,10656,11918,13144,14916,16920,18900,21440,24739,28917,33620,39648,46930,57960,72463,92040,120655,142002,148478,144391,140096,135141,124644,100760,67575,0,0,0,0,0,0,0,0,0,0,0,0,0,0,0,0,0,0,0,0,0,0,0,0,0,0,0,0,0,0,0,0,0,0,0,0,0,0,0,0,0,0,0,0,0,0,0,0,0,0,0,0,0,0,0,0,0,0,0,0,0,0,0,0,0,0,0,0,0,0,0,0,0,0,0,0,0,0,0,0,0,0,0,0,0,0,0,0,0,0,0,0,0
121,144,144,144,144,144,132,169,169,182,182,168,182,182,196,196,225,225,210,196,196,225,225,225,225,225,210,225,225,240,240,256,272,255,272,272,272,289,306,289,289,324,306,324,342,361,324,324,342,342,360,380,380,399,420,440,441,441,462,462,462,462,484,484,506,529,506,529,529,576,600,576,600,624,676,702,676,702,729,756,756,756,812,812,841,841,870,930,992,930,992,1056,1056,1056,1056,1122,1190,1224,1258,1330,1368,1404,1404,1517,1558,1638,1677,1720,1800,1927,2021,2068,2160,2300,2346,2496,2544,2700,2856,2907,3074,3355,3534,3776,3960,4148,4410,4680,4958,5382,5600,6059,6688,6916,7440,8330,8874,9936,10925,12000,13589,15120,16704,18942,21580,24920,28518,32705,39270,47685,58140,72094,91364,118976,132731,140208,136800,131738,123849,108864,83300,48204,0,0,0,0,0,0,0,0,0,0,0,0,0,0,0,0,0,0,0,0,0,0,0,0,0,0,0,0,0,0,0,0,0,0,0,0,0,0,0,0,0,0,0,0,0,0,0,0,0,0,0,0,0,0,0,0,0,0,0,0,0,0,0,0,0,0,0,0,0,0,0,0,0,0,0,0,0,0,0,0,0,0,0,0,0,0,0,0,0,0,0,0,0,0,0,0,0,0,0,0,0,0
156,156,156,156,156,156,169,182,182,182,182,169,169,169,196,196,196,210,210,210,196,210,225,225,225,225,256,240,256,240,272,272,272,272,342,361,342,324,361,361,361,380,400,400,400,441,441,420,462,462,462,462,506,506,529,506,576,552,600,600,650,676,676,729,702,729,756,784,784,812,812,841,870,900,900,961,1024,1024,1089,1122,1190,1190,1190,1260,1295,1330,1443,1480,1558,1520,1677,1760,1800,1932,2021,2021,2254,2350,2397,2597,2700,2912,3074,3300,3416,3717,3965,4216,4410,4680,4950,5680,5913,6460,6952,7719,8256,9180,10368,11413,12826,14577,16819,18796,22032,25696,30528,36252,44132,55002,70760,92928,107665,123396,119833,115062,110422,100674,80640,51156,0,0,0,0,0,0,0,0,0,0,0,0,0,0,0,0,0,0,0,0,0,0,0,0,0,0,0,0,0,0,0,0,0,0,0,0,0,0,0,0,0,0,0,0,0,0,0,0,0,0,0,0,0,0,0,0,0,0,0,0,0,0,0,0,0,0,0,0,0,0,0,0,0,0,0,0,0,0,0,0,0,0,0,0,0,0,0,0,0,0,0,0,0,0,0,0,0,0,0,0,0,0,0,0,0,0,0,0,0,0,0,0,0,0,0,0,0,0,0,0,0,0,0,0
108,108,130,130,143,143,143,143,132,156,144,144,144,144,169,169,156,182,169,182,182,182,168,196,196,196,196,196,196,195,195,195,196,210,240,225,240,240,240,256,272,272,272,306,272,289,289,289,288,306,324,324,323,361,361,342,361,361,361,380,400,400,380,380,420,420,420,441,441,462,484,462,484,506,462,506,529,506,529,600,600,600,624,650,675,676,676,676,702,728,729,784,784,812,870,870,870,900,961,992,992,992,1023,1085,1188,1188,1258,1258,1330,1295,1368,1443,1517,1558,1638,1638,1677,1845,1886,2021,2021,2112,2250,2397,2544,2646,2750,2912,3074,3300,3472,3648,3835,4087,4340,4544,4950,5382,5670,6048,6612,7426,7695,8787,9434,10528,11466,13000,14388,16188,18392,21450,24920,28470,33598,40592,49970,61479,79326,103863,122000,136440,134589,127264,118728,102850,75780,38665,0,0,0,0,0,0,0,0,0,0,0,0,0,0,0,0,0,0,0,0,0,0,0,0,0,0,0,0,0,0,0,0,0,0,0,0,0,0,0,0,0,0,0,0,0,0,0,0,0,0,0,0,0,0,0,0,0,0,0,0,0,0,0,0,0,0,0,0,0,0,0,0,0,0,0,0,0,0,0,0,0,0,0,0,0,0,0,0,0,0,0,0,0,0,0,0
169,156,168,156,169,169,169,169,182,210,210,210,196,225,240,240,240,272,272,272,289,289,306,306,306,342,342,342,361,361,361,342,361,380,380,380,400,400,400,441,462,440,441,441,484,484,506,529,529,529,575,600,600,625,625,676,676,729,729,729,729,756,784,812,784,841,841,870,930,961,992,1024,1089,1056,1089,1156,1190,1296,1260,1368,1404,1443,1520,1599,1677,1804,1804,1932,1978,2156,2205,2397,2397,2646,2750,2856,3074,3300,3538,3658,4026,4216,4480,4680,5092,5460,5832,6375,7031,7626,8330,9464,10260,11286,12705,14448,16680,18923,21735,25520,30144,36252,43524,54468,69616,90650,122478,145376,148125,145040,138312,133017,111444,76540,0,0,0,0,0,0,0,0,0,0,0,0,0,0,0,0,0,0,0,0,0,0,0,0,0,0,0,0,0,0,0,0,0,0,0,0,0,0,0,0,0,0,0,0,0,0,0,0,0,0,0,0,0,0,0,0,0,0,0,0,0,0,0,0,0,0,0,0,0,0,0,0,0,0,0,0,0,0,0,0,0,0,0,0,0,0,0,0,0,0,0,0,0,0,0,0,0,0,0,0,0,0,0,0,0,0,0,0,0,0,0,0,0,0,0,0,0,0,0,0,0,0,0,0,0,0,0,0,0,0
132,132,132,143,156,156,144,144,132,144,144,169,156,169,169,169,169,169,182,182,196,196,196,196,225,210,210,225,225,225,210,210,225,240,256,240,256,256,256,272,289,289,324,306,306,342,342,361,361,361,380,361,380,380,420,440,441,441,441,462,462,484,483,506,529,506,552,529,576,552,576,625,625,625,650,650,702,729,729,729,756,812,784,841,870,870,870,930,961,992,1024,1056,1089,1190,1224,1295,1295,1369,1443,1443,1558,1638,1763,1763,1848,1978,2112,2208,2350,2444,2597,2700,2860,3078,3304,3477,3712,4026,4278,4680,4884,5236,5680,6142,6699,7440,8245,9078,10152,11286,12810,14560,16898,19304,22410,26754,31840,37840,46930,59850,76077,101413,129150,144648,138726,133848,124800,106640,75116,0,0,0,0,0,0,0,0,0,0,0,0,0,0,0,0,0,0,0,0,0,0,0,0,0,0,0,0,0,0,0,0,0,0,0,0,0,0,0,0,0,0,0,0,0,0,0,0,0,0,0,0,0,0,0,0,0,0,0,0,0,0,0,0,0,0,0,0,0,0,0,0,0,0,0,0,0,0,0,0,0,0,0,0,0,0,0,0,0,0,0,0,0,0,0,0,0,0,0,0,0,0,0,0,0,0,0,0,0,0,0,0,0,0,0
70,88,88,88,96,88,96,88,96,96,96,88,88,88,88,96,120,120,120,120,120,120,120,120,120,110,120,120,120,120,132,120,120,143,143,143,143,143,143,132,144,144,156,156,156,156,169,169,196,196,196,196,196,196,210,182,182,182,210,210,195,195,224,240,240,256,256,256,272,272,256,272,289,306,272,306,324,306,342,324,324,342,342,324,324,361,324,342,361,361,361,400,441,441,420,462,441,462,462,529,506,506,529,529,552,600,600,625,650,650,650,676,702,702,702,729,784,841,870,870,870,900,930,961,992,1023,1023,1088,1188,1188,1295,1260,1365,1368,1404,1517,1517,1638,1720,1804,1886,2021,2112,2156,2346,2397,2548,2750,2912,2964,3300,3477,3712,3835,4148,4402,4752,5168,5600,5976,6536,7020,7695,8700,9434,10640,11781,13696,15481,17612,20480,24186,28416,34132,41949,51798,66096,88288,118976,135261,140624,133942,127510,113535,83655,41915,0,0,0,0,0,0,0,0,0,0,0,0,0,0,0,0,0,0,0,0,0,0,0,0,0,0,0,0,0,0,0,0,0,0,0,0,0,0,0,0,0,0,0,0,0,0,0,0,0,0,0,0,0,0,0,0,0,0,0,0,0,0,0,0,0,0,0,0,0,0,0,0,0,0,0,0,0,0
80,90,99,117,108,108,140,130,130,130,143,143,143,143,143,130,140,154,154,154,154,168,156,169,169,169,169,182,182,196,182,210,196,196,196,196,210,225,210,210,225,225,210,225,240,225,240,256,289,289,289,306,289,289,306,306,306,306,324,324,342,198,324,342,380,380,380,420,441,462,484,441,462,462,484,529,552,552,576,600,600,625,650,650,650,702,729,756,784,783,841,841,841,900,900,960,990,1056,1120,1120,1155,1190,1295,1330,1368,1443,1443,1520,1638,1677,1760,1840,1927,2016,2064,2250,2444,2496,2597,2805,3021,3240,3355,3591,3894,4087,4480,4745,5159,5530,5976,6450,7347,7968,8772,10283,10810,12322,14256,16188,18942,22176,25986,31059,38136,47288,60152,79665,107190,122362,132848,126207,116718,101260,72975,31200,0,0,0,0,0,0,0,0,0,0,0,0,0,0,0,0,0,0,0,0,0,0,0,0,0,0,0,0,0,0,0,0,0,0,0,0,0,0,0,0,0,0,0,0,0,0,0,0,0,0,0,0,0,0,0,0,0,0,0,0,0,0,0,0,0,0,0,0,0,0,0,0,0,0,0,0,0,0,0,0,0,0,0,0,0,0,0,0,0,0,0,0,0,0,0,0,0,0,0,0,0,0,0,0,0,0,0,0
144,156,156,169,169,169,169,169,182,196,210,225,225,256,225,225,240,256,256,256,289,272,272,272,289,400,400,400,441,441,462,483,462,506,484,529,484,529,576,600,600,600,676,676,676,676,702,702,729,756,756,841,841,900,930,930,961,1024,1056,1122,1155,1224,1295,1368,1368,1443,1558,1638,1638,1720,1890,2021,2112,2205,2346,2444,2592,2856,2964,3186,3416,3654,3960,4278,4536,4800,5313,5751,6384,6864,7695,8600,9752,10848,12342,14040,16614,19250,23153,27380,33372,41064,52205,67710,90932,118902,134589,130875,123556,109880,86736,46648,0,0,0,0,0,0,0,0,0,0,0,0,0,0,0,0,0,0,0,0,0,0,0,0,0,0,0,0,0,0,0,0,0,0,0,0,0,0,0,0,0,0,0,0,0,0,0,0,0,0,0,0,0,0,0,0,0,0,0,0,0,0,0,0,0,0,0,0,0,0,0,0,0,0,0,0,0,0,0,0,0,0,0,0,0,0,0,0,0,0,0,0,0,0,0,0,0,0,0,0,0,0,0,0,0,0,0,0,0,0,0,0,0,0,0,0,0,0,0,0,0,0,0,0,0,0,0,0,0,0,0,0,0,0,0,0,0,0,0,0,0,0,0,0,0,0,0,0,0,0,0,0
121,132,143,132,143,143,156,156,156,156,144,156,156,168,156,156,156,168,156,169,196,196,196,196,240,225,240,272,272,272,272,272,306,306,289,306,324,342,324,342,342,360,380,380,380,420,420,441,441,484,506,506,529,529,552,576,576,576,576,625,625,650,702,729,729,729,756,812,841,900,900,900,961,992,1023,1056,1155,1190,1224,1260,1260,1406,1443,1520,1599,1680,1763,1932,2021,2160,2254,2448,2646,2805,2912,3132,3360,3717,3900,4216,4686,4958,5460,5920,6552,7120,8064,9180,10355,11700,13500,16048,18648,22304,26820,33292,41400,54060,71148,94928,108558,114924,108773,100947,85284,55338,0,0,0,0,0,0,0,0,0,0,0,0,0,0,0,0,0,0,0,0,0,0,0,0,0,0,0,0,0,0,0,0,0,0,0,0,0,0,0,0,0,0,0,0,0,0,0,0,0,0,0,0,0,0,0,0,0,0,0,0,0,0,0,0,0,0,0,0,0,0,0,0,0,0,0,0,0,0,0,0,0,0,0,0,0,0,0,0,0,0,0,0,0,0,0,0,0,0,0,0,0,0,0,0,0,0,0,0,0,0,0,0,0,0,0,0,0,0,0,0,0,0,0,0,0,0,0,0,0,0,0,0,0,0,0,0,0,0
99,99,99,99,99,110,99,99,90,90,90,99,99,108,120,130,110,120,120,132,120,130,130,130,130,130,117,117,140,140,140,140,154,154,154,143,154,143,154,154,168,182,210,195,195,182,168,195,182,126,182,182,210,210,182,196,210,225,240,225,240,240,240,240,256,272,256,289,272,288,288,270,288,306,216,304,209,228,342,380,380,380,420,420,462,441,462,484,484,506,506,506,552,576,600,600,600,675,650,675,729,729,756,756,812,870,870,899,930,961,961,1056,1088,1155,1224,1258,1258,1368,1443,1520,1558,1638,1760,1804,1927,1974,2156,2300,2392,2597,2805,2912,3186,3360,3591,3894,4148,4544,4884,5372,5893,6290,7020,7857,9345,9919,11466,13208,15070,17316,20898,25060,30000,37290,47472,61686,85073,112400,127875,130125,118347,103680,76960,31200,0,0,0,0,0,0,0,0,0,0,0,0,0,0,0,0,0,0,0,0,0,0,0,0,0,0,0,0,0,0,0,0,0,0,0,0,0,0,0,0,0,0,0,0,0,0,0,0,0,0,0,0,0,0,0,0,0,0,0,0,0,0,0,0,0,0,0,0,0,0,0,0,0,0,0,0,0,0,0,0,0,0,0,0,0,0,0,0,0,0,0,0,0,0,0,0,0,0,0,0
156,169,169,169,169,169,196,196,196,196,196,225,240,272,272,272,289,289,361,342,360,380,380,400,420,420,420,420,484,462,484,506,552,529,552,576,625,650,650,702,729,729,756,756,784,812,812,870,961,961,992,1024,1056,1156,1190,1260,1330,1368,1480,1520,1599,1720,1804,1935,2160,2254,2346,2548,2805,2964,3245,3596,3840,4087,4410,4608,5382,5832,6525,7110,8170,9270,10464,12154,14448,17061,20305,24768,30846,38500,51200,69690,97289,112871,117852,110754,103020,84245,48279,0,0,0,0,0,0,0,0,0,0,0,0,0,0,0,0,0,0,0,0,0,0,0,0,0,0,0,0,0,0,0,0,0,0,0,0,0,0,0,0,0,0,0,0,0,0,0,0,0,0,0,0,0,0,0,0,0,0,0,0,0,0,0,0,0,0,0,0,0,0,0,0,0,0,0,0,0,0,0,0,0,0,0,0,0,0,0,0,0,0,0,0,0,0,0,0,0,0,0,0,0,0,0,0,0,0,0,0,0,0,0,0,0,0,0,0,0,0,0,0,0,0,0,0,0,0,0,0,0,0,0,0,0,0,0,0,0,0,0,0,0,0,0,0,0,0,0,0,0,0,0,0,0,0,0,0,0,0,0,0,0,0,0,0,0
77,70,77,84,84,88,88,88,88,88,88,88,88,80,80,80,80,80,90,99,110,99,99,99,120,108,120,120,108,120,110,108,120,120,132,108,132,120,120,108,108,130,130,143,143,143,143,156,156,156,169,169,169,169,169,169,182,196,210,210,196,196,196,210,210,210,195,195,196,240,256,240,256,272,256,272,272,272,306,289,255,289,324,324,324,342,342,380,380,378,420,378,396,273,294,315,294,308,462,483,528,529,576,576,600,600,600,676,676,729,756,756,841,870,900,900,960,961,1023,1056,1122,1155,1225,1295,1368,1404,1558,1599,1680,1760,1804,1978,2160,2205,2350,2544,2700,2912,3021,3300,3596,3894,4148,4473,4891,5530,5680,6460,7098,7790,8874,10028,11583,13230,15456,17850,22110,26718,32913,41300,54526,74151,104372,134136,143888,138873,129895,109750,67308,0,0,0,0,0,0,0,0,0,0,0,0,0,0,0,0,0,0,0,0,0,0,0,0,0,0,0,0,0,0,0,0,0,0,0,0,0,0,0,0,0,0,0,0,0,0,0,0,0,0,0,0,0,0,0,0,0,0,0,0,0,0,0,0,0,0,0,0,0,0,0,0,0,0,0,0,0,0,0,0,0,0,0,0,0,0,0,0,0,0,0,0,0,0,0
143,156,144,144,168,168,156,156,156,169,156,182,182,182,182,195,182,182,182,182,196,225,210,210,210,224,225,240,240,255,272,272,306,306,323,306,306,323,324,361,342,380,361,380,380,400,400,420,484,506,484,529,576,529,576,576,625,600,625,650,675,702,728,784,812,840,841,870,930,992,1023,1088,1155,1190,1258,1295,1368,1480,1558,1638,1804,1932,1932,2156,2250,2444,2640,2850,2958,3180,3534,3894,4209,4599,4950,5751,6132,6930,7954,8961,10323,11662,13780,16472,19625,24288,30294,38025,50759,68820,82998,94400,97356,80619,64261,40608,0,0,0,0,0,0,0,0,0,0,0,0,0,0,0,0,0,0,0,0,0,0,0,0,0,0,0,0,0,0,0,0,0,0,0,0,0,0,0,0,0,0,0,0,0,0,0,0,0,0,0,0,0,0,0,0,0,0,0,0,0,0,0,0,0,0,0,0,0,0,0,0,0,0,0,0,0,0,0,0,0,0,0,0,0,0,0,0,0,0,0,0,0,0,0,0,0,0,0,0,0,0,0,0,0,0,0,0,0,0,0,0,0,0,0,0,0,0,0,0,0,0,0,0,0,0,0,0,0,0,0,0,0,0,0,0,0,0,0,0,0,0,0,0,0,0,0,0
70,72,70,63,80,70,63,80,80,80,90,90,80,99,99,99,99,110,99,99,99,120,120,108,120,120,120,120,120,120,120,120,130,120,132,132,144,121,156,132,132,143,156,156,156,156,169,169,182,182,196,196,196,182,196,182,210,210,210,225,225,225,225,240,272,224,255,240,256,272,289,289,324,324,324,342,361,400,380,380,400,400,380,361,400,441,441,420,441,506,506,506,529,552,552,552,600,625,676,650,676,729,729,729,756,784,812,900,900,930,992,1024,1089,1089,1190,1190,1224,1330,1368,1443,1638,1677,1804,1890,2021,2205,2300,2444,2597,2805,3021,3245,3534,3835,4087,4544,4884,5451,5976,6612,7600,8330,9434,11172,13020,15255,18178,21912,26784,33760,43497,58630,83490,118080,137902,133760,124218,104676,62967,0,0,0,0,0,0,0,0,0,0,0,0,0,0,0,0,0,0,0,0,0,0,0,0,0,0,0,0,0,0,0,0,0,0,0,0,0,0,0,0,0,0,0,0,0,0,0,0,0,0,0,0,0,0,0,0,0,0,0,0,0,0,0,0,0,0,0,0,0,0,0,0,0,0,0,0,0,0,0,0,0,0,0,0,0,0,0,0,0,0,0,0,0,0,0,0,0,0,0,0,0,0,0,0,0
96,104,126,117,130,130,130,120,108,120,143,130,130,144,156,169,144,169,144,144,156,156,156,169,169,169,182,169,182,182,182,196,196,196,196,196,210,210,225,225,240,240,240,256,256,289,289,289,272,288,342,304,360,361,360,340,357,380,380,399,380,380,266,380,441,483,506,506,552,529,576,600,625,650,650,729,729,729,756,784,812,870,900,900,961,1056,1056,1088,1122,1188,1258,1330,1476,1596,1677,1760,1800,1974,2112,2300,2444,2646,2856,3016,3300,3591,3828,4209,4672,4940,5670,6278,7084,7938,9240,10602,12300,14445,17284,21414,26367,33755,43896,59885,85200,110109,125280,109386,95634,70238,16848,0,0,0,0,0,0,0,0,0,0,0,0,0,0,0,0,0,0,0,0,0,0,0,0,0,0,0,0,0,0,0,0,0,0,0,0,0,0,0,0,0,0,0,0,0,0,0,0,0,0,0,0,0,0,0,0,0,0,0,0,0,0,0,0,0,0,0,0,0,0,0,0,0,0,0,0,0,0,0,0,0,0,0,0,0,0,0,0,0,0,0,0,0,0,0,0,0,0,0,0,0,0,0,0,0,0,0,0,0,0,0,0,0,0,0,0,0,0,0,0,0,0,0,0,0,0,0,0,0,0,0,0,0
648,624,650,675,675,675,728,728,702,702,728,728,754,754,754,754,783,810,810,783,810,810,810,837,810,810,868,868,868,896,957,957,957,990,990,1020,1020,1050,1020,1020,1050,1085,1085,1085,1085,1085,1116,1152,1184,1188,1184,1216,1216,1248,1254,1254,1287,1287,1320,1394,1470,1435,1470,1470,1470,1512,1548,1584,1584,1584,1665,1702,1710,1794,1833,1880,1920,1920,1920,2050,2050,2100,2091,2193,2193,2236,2288,2332,2484,2530,2530,2632,2632,2736,2784,2880,2940,2940,3050,3050,3162,3213,3276,3339,3445,3510,3630,3696,3808,3933,4130,4320,4440,4575,4650,4788,4992,5200,5346,5494,5494,5712,5950,6106,6390,6882,7104,7296,7488,7680,8181,8364,8549,8925,9202,9592,9968,10465,10974,11374,12028,12573,13231,13936,14490,15228,15914,16950,18135,19200,20295,21590,23056,24705,26271,28028,30135,32376,34854,37884,40970,44781,49210,54040,59590,65720,73038,79092,82251,86328,90072,95062,99528,103734,102900,101032,99750,97428,95319,92310,89548,86304,81532,75548,67710,58056,46480,34770,23352,12000,0,0,0,0,0,0,0,0,0,0,0,0,0,0,0,0,0,0,0,0,0,0,0,0,0,0,0,0,0,0,0,0,0,0,0,0,0,0,0,0,0,0,0,0,0,0,0,0,0,0,0,0,0,0,0,0,0,0,0,0,0,0,0,0,0,0,0,0,0,0,0,0,0,0
528,552,575,575,552,575,575,575,598,624,624,648,648,624,624,648,648,672,700,700,725,754,728,754,754,754,783,810,810,810,810,837,837,837,837,868,896,924,928,928,928,957,1020,1020,1054,1085,1085,1085,1116,1120,1188,1152,1184,1221,1254,1254,1287,1254,1365,1400,1394,1435,1476,1476,1554,1591,1634,1716,1716,1800,1840,1886,1886,1927,2016,2058,2107,2150,2200,2295,2295,2392,2385,2538,2640,2632,2842,2842,2900,2950,3111,3224,3286,3402,3520,3640,3752,3944,4071,4260,4464,4588,4712,4928,5135,5280,5576,5810,6090,6264,6497,6900,7238,7663,8019,8466,8925,9504,9990,10788,11092,11834,12573,13464,14385,15336,16724,17901,19360,20875,22750,24888,27406,30044,33170,36450,40460,45720,51408,57800,65720,76499,88816,104411,125132,135842,134932,131555,130005,128050,124312,121632,117306,111734,103250,90816,74883,53360,32340,14784,0,0,0,0,0,0,0,0,0,0,0,0,0,0,0,0,0,0,0,0,0,0,0,0,0,0,0,0,0,0,0,0,0,0,0,0,0,0,0,0,0,0,0,0,0,0,0,0,0,0,0,0,0,0,0,0,0,0,0,0,0,0,0,0,0,0,0,0,0,0,0,0,0,0,0,0,0,0,0,0,0,0,0,0,0,0,0,0,0,0,0,0,0,0,0,0,0,0,0,0,0,0,0,0
360,360,360,360,360,360,360,360,360,360,399,380,380,380,399,399,399,399,399,418,440,440,440,460,440,460,460,483,483,462,462,462,483,483,483,483,483,504,504,528,552,552,575,575,575,575,575,625,600,624,650,650,675,675,675,675,702,702,702,702,728,728,728,728,783,783,810,783,783,810,899,899,928,928,928,899,928,960,1020,1020,1020,1020,1023,1054,1054,1085,1120,1120,1120,1152,1184,1216,1254,1254,1254,1287,1360,1394,1360,1400,1476,1512,1517,1591,1634,1672,1672,1672,1794,1840,1840,1927,2016,2016,2150,2150,2244,2244,2340,2392,2530,2585,2632,2736,2793,2900,3000,3111,3162,3224,3339,3520,3575,3696,3944,4002,4071,4402,4828,5110,4992,5214,5360,5360,5576,5810,6177,6570,6975,7410,7584,8000,8383,8568,9135,9523,10235,10602,11210,12078,12954,13624,14472,15510,16644,17818,19434,21120,22704,24840,27027,29800,32813,36244,40655,45384,51145,58581,66660,76986,89712,97560,104370,113100,116280,115240,114450,113564,112112,109740,107540,104538,98853,89892,77164,60021,40392,23268,0,0,0,0,0,0,0,0,0,0,0,0,0,0,0,0,0,0,0,0,0,0,0,0,0,0,0,0,0,0,0,0,0,0,0,0,0,0,0,0,0,0,0,0,0,0,0,0,0,0,0,0,0,0,0,0,0,0,0,0,0,0,0,0,0,0
272,272,272,272,272,272,272,272,272,272,272,288,288,288,288,272,288,272,288,306,306,306,323,323,323,323,323,323,360,340,342,342,342,360,360,360,360,378,360,360,360,378,399,399,399,420,420,440,420,420,441,399,440,462,483,460,483,462,483,483,483,504,528,528,550,550,528,550,550,572,572,598,598,598,598,621,648,624,648,648,648,648,675,675,700,700,725,728,754,754,780,780,780,810,810,837,864,837,864,896,924,957,928,957,990,990,990,1020,1085,1116,1085,1085,1116,1152,1184,1184,1254,1326,1326,1400,1326,1400,1400,1476,1480,1596,1634,1677,1677,1716,1800,1760,1800,1927,1886,2016,2107,2150,2200,2244,2340,2484,2484,2585,2530,2688,2793,2793,2950,3000,3060,3224,3348,3456,3630,3886,3944,4071,4189,4320,4392,4588,4992,5200,5427,5628,5865,6106,6480,6716,6900,7332,7760,8200,8652,9309,9879,10488,10998,11520,12276,13158,14040,15260,16352,17784,19118,20584,22620,24752,27122,30247,33228,37125,41520,46336,53156,60152,68888,80496,95250,112340,134064,136080,133774,132986,130975,128370,125290,123165,117264,111072,100820,85750,65417,41870,21945,0,0,0,0,0,0,0,0,0,0,0,0,0,0,0,0,0,0,0,0,0,0,0,0,0,0,0,0,0,0,0,0,0,0,0,0,0,0,0,0,0,0,0,0,0,0,0
272,288,288,288,304,304,304,304,304,304,320,342,340,323,323,323,340,360,340,360,340,378,378,360,360,378,378,378,378,378,399,399,399,399,418,418,418,440,460,460,440,460,460,460,480,483,483,504,525,528,525,528,550,550,550,572,575,575,598,598,624,624,624,675,675,675,675,675,700,725,754,728,754,754,780,754,780,810,837,837,837,928,957,957,957,957,986,1050,1020,1050,1085,1085,1085,1116,1116,1147,1216,1216,1216,1248,1320,1320,1360,1394,1435,1470,1505,1548,1584,1665,1748,1786,1748,1833,1920,1968,2009,2142,2142,2288,2332,2385,2484,2576,2679,2793,2842,2940,3000,3100,3162,3276,3510,3685,3876,4002,4189,4320,4526,4725,5135,5346,5427,5727,5950,6390,6882,7392,7644,8181,8364,9010,9483,10170,10672,11712,12348,13231,14522,15587,16950,18526,20295,22490,24705,27742,30340,34164,38445,44000,51219,58692,68355,79560,84736,90675,98904,103766,101824,99814,96915,92672,88536,82186,71808,57348,39308,21483,0,0,0,0,0,0,0,0,0,0,0,0,0,0,0,0,0,0,0,0,0,0,0,0,0,0,0,0,0,0,0,0,0,0,0,0,0,0,0,0,0,0,0,0,0,0,0,0,0,0,0,0,0,0,0,0,0,0,0,0,0,0,0,0,0,0,0,0,0,0,0,0,0,0,0,0
320,320,304,304,340,323,340,340,340,340,340,340,340,340,340,360,360,378,399,399,380,378,399,399,399,418,418,418,440,440,460,480,460,460,480,483,483,504,525,525,528,550,550,550,572,550,598,598,575,624,650,675,675,700,700,728,728,754,728,754,754,810,837,810,868,896,928,928,928,1020,1020,1020,1050,1085,1085,1085,1116,1147,1178,1216,1216,1248,1320,1360,1435,1470,1512,1548,1548,1584,1748,1748,1833,1833,1920,2009,2009,2100,2193,2288,2430,2530,2576,2679,2784,2891,2940,3050,3162,3328,3445,3630,3808,4060,4248,4453,4788,5135,5280,5494,6003,6390,6696,6975,7722,8100,8528,9180,9856,10647,11590,12544,13668,14840,16280,17825,19723,21798,24656,27918,31080,35256,41236,48230,56066,66465,76461,81719,87672,95432,98600,95496,89355,84700,78183,68160,57155,38160,17430,54,54,54,54,54,54,54,54,54,63,63,63,54,54,54,54,48,48,48,48,54,54,54,54,54,54,54,60,60,77,88,88,88,77,70,70,70,70,63,63,63,70,70,70,70,70,63,63,70,70,70,70,70,70,70,70,77,77,70,70,70,80,70,70,70,70,70,70,63,88,90,88,80,80,80,80,80,88,99,90,80,99,90,99,99,99,99,99,99,110,100,110,88,110,110,110,120,110,110,120,120,130,130,143,120
255,270,270,270,255,270,255,270,270,270,285,285,285,285,304,320,323,323,304,320,304,320,320,320,340,357,357,378,360,360,378,378,360,378,378,378,378,396,399,399,396,418,418,460,418,460,460,483,483,504,483,504,504,525,525,504,550,550,572,572,575,572,598,624,650,675,648,700,728,700,754,754,754,754,780,780,810,837,864,924,896,957,957,957,1020,1050,1020,1050,1085,1085,1147,1147,1184,1216,1248,1248,1280,1287,1353,1435,1470,1548,1548,1620,1620,1702,1748,1833,1872,1920,2050,2050,2142,2236,2279,2385,2484,2530,2632,2726,2832,2989,3038,3213,3276,3510,3685,3920,4047,4248,4575,4836,4914,5200,5561,5848,6210,6390,7178,7372,8058,8528,8798,9546,10208,10829,11780,12740,13974,15264,16720,18170,20449,22833,25192,28341,31820,35880,41416,48870,56356,67089,72822,77559,82524,88992,93564,89784,78324,74025,66660,57225,48138,31314,11660,119,144,112,112,112,126,144,144,152,144,119,162,144,0,0,0,0,0,0,0,0,0,0,0,0,0,0,0,0,0,0,0,0,0,0,0,0,0,0,0,0,0,0,0,0,0,0,0,0,0,0,0,0,0,0,0,0,0,0,0,0,0,0,0,0,0,0,0,0,0,0,0,0,0,0,0,0,0,0,0,0,0,0,0,0,0,0,0,0
462,504,504,504,525,528,528,575,575,572,598,550,598,598,598,648,672,696,672,672,725,725,750,750,837,806,806,837,864,864,924,924,924,952,980,980,952,1015,1015,1044,1044,1147,1147,1178,1209,1178,1320,1360,1394,1435,1470,1584,1584,1584,1665,1665,1748,1794,1833,1920,1960,1960,2091,2091,2236,2376,2376,2520,2565,2622,2784,3000,3050,3100,3328,3380,3672,3740,3920,4176,4320,4636,4851,5120,5412,5712,6248,6497,6808,7392,8080,8549,9222,9990,10890,11253,12222,13231,14595,16095,17595,19764,21717,24339,27020,30429,35168,39840,46719,54626,65104,79116,88395,95288,102231,110446,108064,100920,96205,88784,78980,70122,51392,28200,160,0,0,0,0,0,0,0,0,0,0,0,0,0,0,0,0,0,0,0,0,0,0,0,0,0,0,0,0,0,0,0,0,0,0,0,0,0,0,0,0,0,0,0,0,0,0,0,0,0,0,0,0,0,0,0,0,0,0,0,0,0,0,0,0,0,0,0,0,0,0,0,0,0,0,0,0,0,0,0,0,0,0,0,0,0,0,0,0,0,0,0,0,0,0,0,0,0,0,0,0,0,0,0,0,0,0,0,0,0,0,0,0,0,0,0,0,0,0,0,0,0,0,0,0,0,0,0,0,0,0,0,0,0,0,0,0,0,0,0
238,270,252,270,238,238,234,252,252,252,270,270,270,288,306,323,323,323,323,340,304,340,320,340,340,336,340,340,357,357,378,378,378,378,396,418,440,440,462,440,460,460,440,460,506,506,528,528,550,550,525,575,550,575,600,600,598,600,624,648,675,700,675,728,728,754,780,783,810,837,837,868,899,928,928,928,957,1020,1020,1050,1085,1116,1116,1147,1152,1184,1216,1254,1287,1353,1470,1470,1470,1548,1584,1628,1710,1794,1880,1920,2009,2100,2193,2236,2332,2484,2538,2585,2784,2891,2989,3111,3276,3392,3564,3933,3990,4320,4514,4914,4992,5346,5644,6003,6532,6900,7623,7920,8364,9095,9968,10974,11808,12900,14144,15552,17063,19320,21375,24522,28314,31800,36640,43500,51786,62418,75710,81826,89077,97295,99864,96466,92133,87242,79704,68080,49932,28518,0,0,0,0,0,0,0,0,0,0,0,0,0,0,0,0,0,0,0,0,0,0,0,0,0,0,0,0,0,0,0,0,0,0,0,0,0,0,0,0,0,0,0,0,0,0,0,0,0,0,0,0,0,0,0,0,0,0,0,0,0,0,0,0,0,0,0,0,0,0,0,0,0,0,0,0,0,0,0,0,0,0,0,0,0,0,0,0,0,0,0,0,0,0,0,0,0,0,0,0,0,0,0,0,0,0
224,224,224,224,221,240,255,255,255,270,270,270,270,270,285,285,320,320,320,340,357,483,504,550,552,575,575,598,598,598,648,624,648,648,648,672,672,725,725,725,725,754,754,780,810,837,868,868,896,924,924,924,957,957,986,1015,1050,1085,1085,1120,1152,1152,1184,1254,1326,1400,1400,1435,1476,1512,1548,1672,1710,1748,1794,1927,2009,2100,2100,2193,2332,2430,2530,2576,2736,2784,3000,3172,3224,3575,3630,4002,4392,4307,4514,4788,5226,5576,5727,6205,6525,7007,7347,8036,8484,9768,10010,10810,12100,12750,14098,15707,17168,19344,21543,24840,28077,32548,37856,44164,52724,63558,78684,96940,117412,130220,129058,127794,126636,123279,121482,112884,98328,72568,38989,171,0,0,0,0,0,0,0,0,0,0,0,0,0,0,0,0,0,0,0,0,0,0,0,0,0,0,0,0,0,0,0,0,0,0,0,0,0,0,0,0,0,0,0,0,0,0,0,0,0,0,0,0,0,0,0,0,0,0,0,0,0,0,0,0,0,0,0,0,0,0,0,0,0,0,0,0,0,0,0,0,0,0,0,0,0,0,0,0,0,0,0,0,0,0,0,0,0,0,0,0,0,0,0,0,0,0,0,0,0,0,0,0,0,0,0,0,0,0,0,0,0,0,0,0,0,0,0,0
270,288,288,323,304,288,306,306,288,323,323,323,360,340,360,360,323,380,342,360,380,380,399,399,399,399,440,440,440,440,483,460,440,440,460,460,483,504,504,504,525,525,528,550,575,575,598,624,624,648,648,700,700,700,725,700,700,728,754,754,780,780,810,837,837,896,896,924,960,990,1054,1085,1085,1152,1221,1221,1184,1221,1254,1254,1287,1360,1476,1512,1596,1638,1677,1800,1845,1932,1974,2064,2156,2250,2340,2484,2538,2585,2688,2842,3009,3172,3233,3402,3630,3944,4012,4270,4464,4662,4864,5280,5658,6090,6438,6750,7254,7857,8300,8944,9900,10716,11543,12400,13992,15290,17168,19032,21248,24208,27550,31980,37074,43318,52065,62540,76191,96460,124912,146598,145027,143550,141456,139494,135324,128412,116688,91780,54150,0,0,0,0,0,0,0,0,0,0,0,0,0,0,0,0,0,0,0,0,0,0,0,0,0,0,0,0,0,0,0,0,0,0,0,0,0,0,0,0,0,0,0,0,0,0,0,0,0,0,0,0,0,0,0,0,0,0,0,0,0,0,0,0,0,0,0,0,0,0,0,0,0,0,0,0,0,0,0,0,0,0,0,0,0,0,0,0,0,0,0,0,0,0,0,0,0,0,0,0,0,0,0,0,0,0,0,0,0,0,0,0,0,0,0
168,168,182,168,168,168,195,195,195,195,180,192,195,208,208,208,224,208,208,221,221,221,224,255,255,270,255,255,255,255,255,255,270,270,270,270,304,304,323,342,340,342,323,323,361,361,380,380,380,380,380,380,399,420,420,440,440,460,483,462,462,483,483,483,480,504,504,550,528,528,550,550,598,575,575,621,598,648,672,672,700,700,700,700,700,725,754,754,780,806,837,864,924,986,957,1020,1020,1054,1085,1120,1152,1221,1221,1254,1292,1326,1400,1476,1554,1591,1672,1716,1794,1880,1927,2016,2150,2150,2288,2340,2530,2632,2632,2842,2950,3111,3224,3339,3575,3876,4060,4320,4526,4725,5135,5346,5796,6106,6660,6992,7840,8484,9030,9968,10998,11834,12800,14385,16095,18018,20172,22880,26132,30396,35581,41934,50463,60885,75818,97536,126440,133764,130790,128304,123504,118332,110176,93881,68799,34798,0,0,0,0,0,0,0,0,0,0,0,0,0,0,0,0,0,0,0,0,0,0,0,0,0,0,0,0,0,0,0,0,0,0,0,0,0,0,0,0,0,0,0,0,0,0,0,0,0,0,0,0,0,0,0,0,0,0,0,0,0,0,0,0,0,0,0,0,0,0,0,0,0,0,0,0,0,0,0,0,0,0,0,0,0,0,0,0,0,0,0,0,0,0
180,180,195,208,192,208,221,208,208,224,221,221,221,238,238,238,238,238,238,238,238,270,270,270,285,288,288,306,323,323,323,323,340,323,340,340,360,360,399,399,380,380,378,399,378,440,418,418,418,460,460,483,504,483,483,504,504,528,550,550,525,572,621,598,621,624,648,648,648,700,700,725,725,725,780,806,837,837,837,864,891,924,957,1020,1050,1050,1120,1147,1216,1254,1292,1326,1360,1400,1435,1512,1596,1672,1716,1755,1833,1927,2058,2150,2193,2288,2385,2538,2632,2784,2950,3060,3224,3339,3520,3808,4002,4248,4514,4851,5056,5427,5780,6319,6716,7392,8080,8610,9350,10440,11562,12513,13872,15660,17556,19965,22656,26167,30368,35256,42408,50325,62014,78176,100044,115588,122223,115440,110346,103986,94188,78540,54416,25515,0,0,0,0,0,0,0,0,0,0,0,0,0,0,0,0,0,0,0,0,0,0,0,0,0,0,0,0,0,0,0,0,0,0,0,0,0,0,0,0,0,0,0,0,0,0,0,0,0,0,0,0,0,0,0,0,0,0,0,0,0,0,0,0,0,0,0,0,0,0,0,0,0,0,0,0,0,0,0,0,0,0,0,0,0,0,0,0,0,0,0,0,0,0,0,0,0,0,0,0,0,0,0,0,0,0,0,0,0,0
140,140,150,135,150,98,160,135,192,192,224,221,238,238,204,204,204,238,234,252,252,270,255,270,270,270,288,285,304,360,360,323,323,304,300,300,300,320,320,340,357,357,357,357,357,378,396,418,399,418,418,460,460,462,483,506,528,528,525,525,575,575,598,575,598,598,648,624,648,700,728,728,754,754,783,837,864,868,928,899,928,924,986,1015,1050,1116,1147,1147,1248,1216,1254,1360,1353,1435,1470,1548,1548,1665,1748,1833,1920,1960,2100,2236,2332,2484,2484,2632,2784,2940,3038,3162,3392,3685,3990,4130,4440,4851,4992,5494,5780,6279,6935,7296,7900,8715,9570,10530,11685,12900,14456,15914,18170,20449,23973,27720,32550,38718,47256,58212,71613,78616,86032,95081,93296,83081,76275,65960,53200,29997,0,0,0,0,0,0,0,0,0,0,0,0,0,0,0,0,0,0,0,0,0,0,0,0,0,0,0,0,0,0,0,0,0,0,0,0,0,0,0,0,0,0,0,0,0,0,0,0,0,0,0,0,0,0,0,0,0,0,0,0,0,0,0,0,0,0,0,0,0,0,0,0,0,0,0,0,0,0,0,0,0,0,0,0,0,0,0,0,0,0,0,0,0,0,0,0,0,0,0,0,0,0,0,0,0,0,0,0,0,0,0,0,0,0
210,195,192,192,238,240,255,238,255,288,288,272,288,306,288,304,323,342,342,342,342,361,360,360,360,380,399,399,418,399,399,399,441,441,440,440,440,462,483,504,506,506,506,504,550,528,504,528,550,552,575,598,598,648,675,675,675,700,700,700,725,725,780,780,837,837,868,896,957,957,986,1050,1050,1152,1184,1152,1221,1292,1292,1360,1400,1435,1512,1591,1672,1755,1800,1880,1968,2150,2244,2250,2385,2484,2585,2736,2900,3111,3224,3392,3575,3819,4002,4392,4588,4928,5135,5644,6035,6660,7161,7840,8466,9396,10170,11280,12573,13905,15730,17864,20130,23628,27406,32436,38280,45824,57024,71720,94376,122836,128856,126643,121550,115884,107046,92728,67507,32512,0,0,0,0,0,0,0,0,0,0,0,0,0,0,0,0,0,0,0,0,0,0,0,0,0,0,0,0,0,0,0,0,0,0,0,0,0,0,0,0,0,0,0,0,0,0,0,0,0,0,0,0,0,0,0,0,0,0,0,0,0,0,0,0,0,0,0,0,0,0,0,0,0,0,0,0,0,0,0,0,0,0,0,0,0,0,0,0,0,0,0,0,0,0,0,0,0,0,0,0,0,0,0,0,0,0,0,0,0,0,0,0,0,0,0,0,0,0,0,0,0,0,0,0,0,0
91,91,96,96,108,104,104,104,117,117,117,96,104,130,104,104,126,112,112,112,112,150,165,165,180,192,176,165,180,165,176,192,192,176,204,176,224,240,255,238,238,255,270,270,285,285,285,304,304,304,288,270,320,304,320,320,304,340,320,340,360,340,360,378,378,378,378,399,399,418,418,418,418,483,483,504,483,504,504,550,528,550,575,575,598,650,624,648,675,675,728,700,783,756,783,810,810,896,896,896,957,986,986,1020,1054,1116,1184,1184,1216,1287,1320,1360,1394,1470,1548,1665,1702,1748,1920,1960,2009,2193,2288,2385,2530,2679,2784,2940,3050,3213,3564,3630,4060,4307,4650,4992,5346,5848,6230,6935,7238,8100,8820,9879,10672,12250,13832,15194,17595,20130,23760,28028,33264,39746,49765,63232,79665,88617,99540,101618,98631,92160,84898,70125,44622,15420,0,0,0,0,0,0,0,0,0,0,0,0,0,0,0,0,0,0,0,0,0,0,0,0,0,0,0,0,0,0,0,0,0,0,0,0,0,0,0,0,0,0,0,0,0,0,0,0,0,0,0,0,0,0,0,0,0,0,0,0,0,0,0,0,0,0,0,0,0,0,0,0,0,0,0,0,0,0,0,0,0,0,0,0,0,0,0,0,0,0,0,0,0,0,0,0,0,0
143,168,156,168,168,182,182,182,168,180,195,192,180,180,168,195,195,208,224,224,210,224,238,224,224,238,255,255,255,255,255,270,270,270,272,306,288,306,289,288,306,288,304,304,323,342,342,361,360,342,360,380,380,380,399,399,399,399,420,418,462,440,462,483,483,528,506,528,528,525,575,550,575,598,621,624,624,598,675,648,700,700,725,810,754,780,837,837,896,896,928,928,957,986,1054,1120,1152,1184,1254,1254,1330,1365,1440,1554,1554,1634,1716,1794,1840,1974,2107,2200,2385,2385,2484,2585,2793,2950,3111,3276,3520,3819,3944,4331,4526,4992,5200,5727,6090,6660,7332,8200,8840,9900,10998,12152,13699,15620,17936,20460,23852,28565,34128,41520,51570,64777,85555,117320,133964,130790,127530,122356,114426,98412,68688,27956,0,0,0,0,0,0,0,0,0,0,0,0,0,0,0,0,0,0,0,0,0,0,0,0,0,0,0,0,0,0,0,0,0,0,0,0,0,0,0,0,0,0,0,0,0,0,0,0,0,0,0,0,0,0,0,0,0,0,0,0,0,0,0,0,0,0,0,0,0,0,0,0,0,0,0,0,0,0,0,0,0,0,0,0,0,0,0,0,0,0,0,0,0,0,0,0,0,0,0,0,0,0,0,0,0,0,0,0
120,99,143,143,132,130,130,96,112,117,117,117,143,143,130,130,143,140,154,154,140,143,130,154,154,154,182,195,195,195,195,224,176,256,255,256,289,289,306,306,324,324,324,324,342,342,342,360,360,360,342,380,380,380,380,400,400,420,420,440,440,462,441,462,484,483,506,506,506,552,575,575,575,575,598,624,624,650,675,700,725,754,754,754,810,810,837,810,868,896,990,1050,1020,1020,1085,1116,1221,1224,1258,1292,1365,1476,1517,1554,1596,1672,1800,1927,1974,2107,2200,2244,2340,2484,2592,2744,2950,3111,3286,3520,3819,4071,4260,4526,5056,5280,5810,6177,6750,7410,8200,9030,9990,11092,12276,13832,16016,18172,20916,24752,29400,35259,43188,54096,68670,91750,127455,135564,132342,129752,124890,116350,98092,64148,22325,0,0,0,0,0,0,0,0,0,0,0,0,0,0,0,0,0,0,0,0,0,0,0,0,0,0,0,0,0,0,0,0,0,0,0,0,0,0,0,0,0,0,0,0,0,0,0,0,0,0,0,0,0,0,0,0,0,0,0,0,0,0,0,0,0,0,0,0,0,0,0,0,0,0,0,0,0,0,0,0,0,0,0,0,0,0,0,0,0,0,0,0,0,0,0,0,0,0,0,0,0,0,0,0,0,0,0,0,0
104,91,104,84,91,84,84,91,84,84,84,91,91,91,104,108,96,108,117,112,112,104,140,126,126,126,126,112,104,150,140,150,165,165,176,192,192,210,180,192,208,224,224,238,255,240,240,255,255,270,270,285,270,270,304,304,304,285,304,304,320,336,340,340,378,360,378,378,378,378,378,418,418,418,437,437,437,460,460,480,480,480,525,550,525,550,550,572,624,648,648,700,700,728,725,783,810,810,864,896,896,957,986,1085,1054,1085,1116,1184,1216,1287,1320,1360,1470,1512,1548,1665,1739,1833,1920,2009,2100,2279,2376,2475,2622,2832,3000,3100,3264,3564,3808,4234,4453,4914,5280,5780,6090,6862,7722,8383,9202,10057,11374,13000,14734,16650,19440,22833,27495,33048,40080,50778,65100,79826,89238,101565,98728,92576,85045,71955,48620,17340,0,0,0,0,0,0,0,0,0,0,0,0,0,0,0,0,0,0,0,0,0,0,0,0,0,0,0,0,0,0,0,0,0,0,0,0,0,0,0,0,0,0,0,0,0,0,0,0,0,0,0,0,0,0,0,0,0,0,0,0,0,0,0,0,0,0,0,0,0,0,0,0,0,0,0,0,0,0,0,0,0,0,0,0,0,0,0,0,0,0,0,0,0,0,0,0,0,0,0,0,0,0
110,110,108,120,120,88,120,120,130,130,130,144,156,120,104,117,130,130,130,130,130,140,140,140,154,130,130,156,130,154,168,154,154,168,195,180,195,195,210,224,160,208,208,224,255,255,255,270,255,272,272,272,306,306,306,306,306,324,324,342,324,342,360,380,380,380,342,380,380,420,420,400,420,441,462,462,483,462,483,506,506,529,552,575,575,575,575,575,624,648,675,700,700,754,754,754,810,837,837,837,896,896,990,1020,1020,1050,1080,1184,1221,1258,1292,1365,1476,1476,1591,1591,1672,1840,1927,2016,2107,2150,2288,2385,2484,2679,2891,2950,3286,3402,3696,4002,4260,4588,4928,5280,5712,6336,6825,7760,8383,9288,10374,11616,13000,14734,17100,19886,23628,27690,33852,41624,52525,67940,91390,123552,128330,126153,120120,113202,99684,73593,33540,0,0,0,0,0,0,0,0,0,0,0,0,0,0,0,0,0,0,0,0,0,0,0,0,0,0,0,0,0,0,0,0,0,0,0,0,0,0,0,0,0,0,0,0,0,0,0,0,0,0,0,0,0,0,0,0,0,0,0,0,0,0,0,0,0,0,0,0,0,0,0,0,0,0,0,0,0,0,0,0,0,0,0,0,0,0,0,0,0,0,0,0,0,0,0,0,0,0,0,0,0
88,108,96,108,108,120,120,120,120,120,143,130,130,117,108,130,144,144,144,143,143,143,130,143,154,154,154,154,168,168,156,168,168,168,168,168,182,168,182,195,210,224,224,240,240,240,240,240,272,272,272,289,289,289,306,306,306,306,306,323,323,323,320,336,320,340,340,340,360,380,380,360,399,420,440,440,440,440,483,483,483,504,504,528,550,550,550,598,575,624,675,650,675,728,754,754,810,837,864,864,924,924,957,1050,1050,1050,1116,1292,1292,1292,1400,1440,1512,1596,1716,1716,1800,1927,2016,2107,2150,2332,2430,2632,2842,2950,3162,3456,3640,3876,4200,4588,4864,5427,5865,6552,7161,7840,8568,9720,10881,12276,14204,16240,19118,22663,27170,33127,41001,51840,67392,93104,134994,136395,134136,130315,123552,110292,77631,29400,0,0,0,0,0,0,0,0,0,0,0,0,0,0,0,0,0,0,0,0,0,0,0,0,0,0,0,0,0,0,0,0,0,0,0,0,0,0,0,0,0,0,0,0,0,0,0,0,0,0,0,0,0,0,0,0,0,0,0,0,0,0,0,0,0,0,0,0,0,0,0,0,0,0,0,0,0,0,0,0,0,0,0,0,0,0,0,0,0,0,0,0,0,0,0,0,0,0,0,0,0,0,0,0
108,110,120,130,130,130,130,120,130,130,143,130,154,140,130,130,130,130,140,140,126,117,154,130,154,168,154,126,140,140,154,154,180,195,168,180,180,182,195,208,224,210,240,240,255,255,255,255,272,272,270,288,288,306,323,323,306,306,323,342,360,360,342,360,380,399,380,380,399,378,378,418,418,437,418,460,483,483,483,483,528,550,528,550,598,621,621,672,700,700,725,754,754,754,810,837,837,896,896,924,1050,1050,1116,1147,1188,1292,1326,1400,1400,1512,1591,1634,1672,1840,1927,1968,2142,2244,2430,2530,2688,2842,3060,3224,3445,3685,4060,4320,4575,5184,5628,6020,6586,7644,8181,9010,10283,11374,13130,15228,17480,20418,24705,29896,36838,45645,58600,79576,110559,129861,126630,121875,115599,102550,76272,0,0,0,0,0,0,0,0,0,0,0,0,0,0,0,0,0,0,0,0,0,0,0,0,0,0,0,0,0,0,0,0,0,0,0,0,0,0,0,0,0,0,0,0,0,0,0,0,0,0,0,0,0,0,0,0,0,0,0,0,0,0,0,0,0,0,0,0,0,0,0,0,0,0,0,0,0,0,0,0,0,0,0,0,0,0,0,0,0,0,0,0,0,0,0,0,0,0,0,0,0,0,0,0,0,0,0,0,0
96,108,108,108,108,108,99,108,108,108,120,120,120,120,130,130,143,143,143,143,143,130,143,143,154,154,154,154,168,168,168,168,168,180,180,180,135,180,192,192,192,192,204,204,204,112,112,234,304,360,399,418,437,462,483,483,504,483,528,504,550,550,525,550,575,572,598,621,644,672,725,700,754,780,780,837,837,924,918,952,986,1015,1080,1080,1147,1216,1248,1360,1360,1470,1591,1665,1748,1794,1880,2009,2142,2332,2430,2520,2668,2820,3100,3264,3510,3808,4118,4440,4928,5427,6248,6586,7505,8200,9546,10488,11712,13362,15478,18408,21546,25893,32072,40222,52440,69760,93330,109120,115218,110572,101936,90171,64500,22304,0,0,0,0,0,0,0,0,0,0,0,0,0,0,0,0,0,0,0,0,0,0,0,0,0,0,0,0,0,0,0,0,0,0,0,0,0,0,0,0,0,0,0,0,0,0,0,0,0,0,0,0,0,0,0,0,0,0,0,0,0,0,0,0,0,0,0,0,0,0,0,0,0,0,0,0,0,0,0,0,0,0,0,0,0,0,0,0,0,0,0,0,0,0,0,0,0,0,0,0,0,0,0,0,0,0,0,0,0,0,0,0,0,0,0,0,0,0,0,0,0,0,0,0,0,0,0,0,0,0
96,108,108,108,108,96,96,108,120,120,120,130,130,130,154,154,156,143,143,143,154,154,154,154,154,165,154,168,168,195,195,180,210,208,224,224,224,252,238,238,272,270,270,255,255,270,288,288,270,306,306,306,323,342,360,342,323,342,378,378,380,399,399,440,420,440,440,460,483,462,483,504,550,572,572,594,621,648,672,675,728,700,754,780,780,837,837,864,896,957,1020,1050,1116,1221,1254,1292,1360,1400,1512,1591,1716,1800,1840,1968,2100,2193,2279,2530,2736,2842,3060,3339,3564,3808,4248,4514,5056,5494,6160,6660,7722,8364,9592,10647,12250,14385,16837,19723,24206,29694,37098,47520,62730,87600,121695,124836,121338,113202,100499,74592,30345,0,0,0,0,0,0,0,0,0,0,0,0,0,0,0,0,0,0,0,0,0,0,0,0,0,0,0,0,0,0,0,0,0,0,0,0,0,0,0,0,0,0,0,0,0,0,0,0,0,0,0,0,0,0,0,0,0,0,0,0,0,0,0,0,0,0,0,0,0,0,0,0,0,0,0,0,0,0,0,0,0,0,0,0,0,0,0,0,0,0,0,0,0,0,0,0,0,0,0,0,0,0,0,0,0,0,0,0,0,0,0,0,0,0,0,0,0,0,0,0,0,0,0
120,120,120,120,130,130,143,143,143,143,132,132,143,143,143,143,143,156,154,168,182,182,156,143,168,168,182,195,195,195,210,210,210,225,225,225,224,240,240,255,238,255,272,255,255,270,288,288,304,306,306,323,323,340,361,360,380,399,378,420,420,440,440,460,483,483,504,504,528,550,572,598,648,598,648,675,675,672,728,725,783,780,837,864,896,924,986,1015,1080,1116,1184,1216,1254,1320,1435,1512,1591,1710,1794,1833,1920,2100,2236,2376,2520,2679,2880,3100,3328,3618,3976,4307,4774,5265,5544,6210,6912,7700,8774,9804,11439,13068,15264,17898,21452,26634,32616,41666,53295,72792,102465,119560,118374,108568,96383,74648,34968,0,0,0,0,0,0,0,0,0,0,0,0,0,0,0,0,0,0,0,0,0,0,0,0,0,0,0,0,0,0,0,0,0,0,0,0,0,0,0,0,0,0,0,0,0,0,0,0,0,0,0,0,0,0,0,0,0,0,0,0,0,0,0,0,0,0,0,0,0,0,0,0,0,0,0,0,0,0,0,0,0,0,0,0,0,0,0,0,0,0,0,0,0,0,0,0,0,0,0,0,0,0,0,0,0,0,0,0,0,0,0,0,0,0,0,0,0,0,0,0,0,0,0,0,0,0,0
104,108,117,120,104,117,117,165,180,165,192,165,150,180,180,160,176,192,204,192,418,418,399,528,528,528,528,525,572,572,598,598,648,700,725,754,754,780,840,837,896,986,980,1015,1015,1080,1110,1184,1216,1287,1394,1505,1591,1748,1748,1880,2009,2142,2236,2430,2565,2773,2989,3213,3445,3685,3990,4440,4992,5561,5950,6992,7584,8904,9968,11160,13231,15730,18802,22446,28116,35392,46102,62424,88088,101378,111780,102018,93330,77568,39809,0,0,0,0,0,0,0,0,0,0,0,0,0,0,0,0,0,0,0,0,0,0,0,0,0,0,0,0,0,0,0,0,0,0,0,0,0,0,0,0,0,0,0,0,0,0,0,0,0,0,0,0,0,0,0,0,0,0,0,0,0,0,0,0,0,0,0,0,0,0,0,0,0,0,0,0,0,0,0,0,0,0,0,0,0,0,0,0,0,0,0,0,0,0,0,0,0,0,0,0,0,0,0,0,0,0,0,0,0,0,0,0,0,0,0,0,0,0,0,0,0,0,0,0,0,0,0,0,0,0,0,0,0,0,0,0,0,0,0,0,0,0,0,0,0,0,0,0,0,0,0,0,0,0,0,0,0,0,0,0,0,0,0,0,0,0,0,0,0,0,0,0,0
90,90,90,90,90,90,90,99,99,99,99,99,88,99,88,77,88,88,110,99,99,99,96,108,108,99,99,99,99,120,108,108,99,120,120,120,110,143,143,132,120,120,143,143,154,140,154,180,165,165,154,168,195,195,195,195,208,208,208,208,208,224,240,255,255,255,255,288,288,272,288,288,288,304,304,304,323,342,360,342,360,399,399,399,418,420,420,440,462,483,528,506,504,483,528,550,575,575,624,624,650,700,725,728,754,754,810,837,864,896,986,1020,1020,1116,1116,1188,1254,1326,1400,1512,1634,1672,1794,1880,2058,2150,2288,2430,2585,2842,2950,3162,3510,3752,4189,4636,4836,5280,6020,6734,7566,8652,9856,11400,13068,15369,18252,22016,27456,34008,43750,58600,82368,123388,143880,139932,131976,118174,88200,32696,0,0,0,0,0,0,0,0,0,0,0,0,0,0,0,0,0,0,0,0,0,0,0,0,0,0,0,0,0,0,0,0,0,0,0,0,0,0,0,0,0,0,0,0,0,0,0,0,0,0,0,0,0,0,0,0,0,0,0,0,0,0,0,0,0,0,0,0,0,0,0,0,0,0,0,0,0,0,0,0,0,0,0,0,0,0,0,0,0,0,0,0,0,0,0,0,0,0,0,0,0,0,0,0
99,117,108,108,108,108,108,130,130,143,143,154,154,176,150,150,180,180,192,192,192,204,204,221,418,418,440,483,483,483,504,504,528,525,550,572,572,598,648,648,672,700,725,780,806,837,864,924,952,1015,1015,1044,1080,1147,1248,1280,1394,1470,1628,1748,1748,1920,2009,2142,2236,2430,2520,2820,2989,3213,3498,3864,4234,4774,5412,5780,6570,7584,8736,9968,11374,13332,16170,19159,23349,29376,38318,50416,70620,89436,104646,105600,87770,74970,45804,0,0,0,0,0,0,0,0,0,0,0,0,0,0,0,0,0,0,0,0,0,0,0,0,0,0,0,0,0,0,0,0,0,0,0,0,0,0,0,0,0,0,0,0,0,0,0,0,0,0,0,0,0,0,0,0,0,0,0,0,0,0,0,0,0,0,0,0,0,0,0,0,0,0,0,0,0,0,0,0,0,0,0,0,0,0,0,0,0,0,0,0,0,0,0,0,0,0,0,0,0,0,0,0,0,0,0,0,0,0,0,0,0,0,0,0,0,0,0,0,0,0,0,0,0,0,0,0,0,0,0,0,0,0,0,0,0,0,0,0,0,0,0,0,0,0,0,0,0,0,0,0,0,0,0,0,0,0,0,0,0,0,0,0,0,0,0,0,0
