0.009859751,0.012318585,0.014936405,0.016108617,0.01627437,0.016689144,0.01660814,0.015418052,0.015274086,0.014402033,0.014616738,0.015615167,0.016752811,0.017611725,0.018536987,0.018237276,0.017872075,0.01772122,0.016347636,0.015791085,0.015268436,0.01612421,0.017431885,0.018030329,0.018611992,0.01941855,0.018611819,0.01938636,0.020919329,0.019902954,0.020765886,0.020339979,0.020306857,0.021997638,0.021822661,0.022156985,0.022785472,0.022008251,0.023012966,0.024198178,0.023771796,0.02456382,0.024498446,0.023482459,0.026088795,0.026513906,0.027319936,0.02945783,0.028549999,0.029507292,0.029687956,0.029516516,0.029717887,0.030584943,0.03243664,0.03463468,0.03534507,0.035629336,0.035432104,0.034453314,0.034680746,0.03372843,0.03332618,0.032152027,0.033913214,0.036805175,0.041282598,0.04285827,0.04560853,0.045141913,0.04403625,0.045008674,0.0448336,0.05004,0.049928308,0.05375771,0.055956937,0.053236607,0.053283863,0.053984012,0.049647085,0.051871438,0.05315345,0.050359465,0.05602934,0.059165224,0.062685624,0.06508913,0.06308538,0.061974112,0.06419754,0.065445945,0.066529006,0.06589212,0.06360804,0.068222836,0.07325342,0.07427692,0.07485395,0.0755751,0.0775878,0.08191157,0.0850724,0.084962144,0.08548098,0.0854795,0.08459262,0.082754485,0.078208245,0.07461974,0.07256674,0.070759,0.07066414,0.07327298,0.07406104,0.07651111,0.07844636,0.07502999,0.07917956,0.072193384,0.0664228,0.06332986,0.05435183,0.055743232,0.0533226,0.05401167,0.049884453,0.047930695,0.047538638,0.042571727,0.04095216,0.039076947,0.038763627,0.039897908,0.04067351,0.040164195,0.03846035,0.037692074,0.03608455,0.03603668,0.033557583,0.030893322,0.029546926,0.02692263,0.027560329,0.026790489,0.025509119,0.025337107,0.024475379,0.02396,0.022861373,0.022620372,0.021864487,0.022226753,0.02273349,0.022126246,0.021865994,0.02083151,0.020516563,0.02060196,0.020544916,0.01984059,0.01923539,0.018880408,0.018148953,0.018170271,0.01808055,0.018160544,0.01811031,0.017455347,0.016680628,0.013824359,0.011203236
0.010276061,0.013161274,0.014491845,0.015246022,0.014782709,0.014596415,0.015585225,0.014476744,0.015102778,0.014108593,0.013118917,0.013728255,0.013229048,0.013163584,0.013120111,0.012465451,0.012483291,0.012612746,0.0123707,0.012441102,0.013586208,0.013732876,0.020164406,0.021287346,0.021802826,0.022405265,0.017842274,0.024301585,0.02629695,0.033049908,0.033862967,0.030232973,0.027895568,0.019279977,0.018333755,0.018114716,0.022517165,0.02440705,0.03459376,0.03698063,0.0355822,0.03452172,0.024916792,0.02057688,0.019507755,0.021228056,0.021078248,0.02205037,0.022779413,0.025489265,0.026382893,0.02804193,0.032668084,0.03628802,0.037995033,0.039550737,0.039933845,0.03897082,0.038152076,0.045372605,0.045222525,0.043012463,0.043842144,0.033832144,0.031207832,0.036779996,0.03797786,0.03927931,0.039735954,0.036841236,0.037007544,0.041039873,0.041943755,0.042627323,0.04568429,0.04514449,0.047588248,0.051906742,0.050958004,0.054301497,0.057573296,0.05674635,0.06170628,0.061080527,0.060661417,0.06040699,0.059802398,0.0649287,0.07208067,0.077538185,0.08274321,0.079820365,0.07861081,0.082006924,0.0797899,0.08008338,0.07712167,0.0699113,0.068563014,0.06926073,0.06906063,0.07391037,0.07498536,0.076986484,0.07626703,0.072643615,0.070383444,0.06811961,0.068270914,0.06350833,0.057467356,0.055258572,0.054036133,0.05395445,0.05828859,0.05634172,0.056689642,0.057581313,0.05679688,0.055038497,0.051018722,0.04873408,0.042997528,0.04258311,0.042071722,0.04169806,0.041867085,0.03985862,0.03617848,0.03415883,0.03319624,0.033096325,0.03255595,0.03208275,0.03142239,0.031923622,0.031030018,0.030861361,0.03005548,0.030647738,0.03165724,0.030187137,0.030520683,0.028428884,0.02831673,0.02846531,0.026575008,0.025509138,0.025037538,0.025341304,0.025416033,0.027057888,0.04006152,0.03961513,0.039916083,0.03864432,0.022848705,0.021611832,0.020609472,0.01946847,0.018533118,0.017859612,0.017472617,0.02505775,0.026745498,0.026372176,0.025378242,0.018712828,0.014980535,0.015202188,0.015769307,0.012990831,0.011187647
0.012950392,0.016086832,0.018277489,0.018470356,0.01856954,0.017875453,0.018070508,0.017849555,0.01725543,0.017059755,0.016238404,0.01623126,0.016539574,0.01866765,0.019493803,0.019672906,0.019809697,0.019218048,0.019926425,0.01943203,0.019809363,0.019437844,0.020440148,0.021772519,0.022003131,0.022563297,0.022022715,0.022037432,0.022519838,0.023144169,0.024397163,0.024352763,0.0245641,0.024945917,0.024610277,0.024947448,0.024892725,0.023337768,0.022143882,0.024615817,0.025897231,0.027098194,0.027417103,0.025232578,0.026730482,0.027946891,0.03124144,0.03235839,0.032465495,0.033610407,0.03260282,0.033931613,0.03422599,0.0361882,0.03702886,0.03624256,0.037148986,0.03613897,0.037934437,0.042326868,0.044609692,0.04816127,0.051533956,0.050761737,0.051390555,0.05111334,0.04744,0.046771176,0.045703575,0.04546414,0.047450133,0.049961716,0.05213981,0.056175567,0.061500456,0.06515368,0.069405034,0.07098822,0.06882737,0.0683606,0.07193207,0.07266726,0.07785718,0.08105127,0.07967776,0.080101386,0.07947099,0.07782846,0.08388784,0.09182348,0.09979594,0.11004347,0.108199455,0.11136013,0.113882184,0.113914184,0.11349405,0.10981616,0.10866673,0.107602365,0.11849988,0.118193634,0.11259023,0.11217115,0.106322326,0.10729868,0.108512335,0.10626289,0.100133,0.095334366,0.090737745,0.09002463,0.087545194,0.08395399,0.08520027,0.0820271,0.08143795,0.079250336,0.07366048,0.06845757,0.06420912,0.06439204,0.06287614,0.059807166,0.057891455,0.054539923,0.051898923,0.047580637,0.044900812,0.04640467,0.04690442,0.045360904,0.045868505,0.04223678,0.040532243,0.039590053,0.03663016,0.033501524,0.032997653,0.032488555,0.033286233,0.03305065,0.029867005,0.02772213,0.024294177,0.025104314,0.025996953,0.026257759,0.02738134,0.025539258,0.026807884,0.026992038,0.025765168,0.026017299,0.022794979,0.022241224,0.02230903,0.020811291,0.021073002,0.020275855,0.019288845,0.01840215,0.018064182,0.01844222,0.017702376,0.017282676,0.017171085,0.015188482,0.014711092,0.015132967,0.013897627,0.012834105,0.010784277
0.011793028,0.014291922,0.016547766,0.016585264,0.016580176,0.016879745,0.016157882,0.016826533,0.018114993,0.018910335,0.019446356,0.019845776,0.01917412,0.019369032,0.021231132,0.020344097,0.02045889,0.020657362,0.020076083,0.02012911,0.020738035,0.021302668,0.021843325,0.022727704,0.024025174,0.023797916,0.023498947,0.024948163,0.02495321,0.026747132,0.026661843,0.02646186,0.02652057,0.025869893,0.027765097,0.0269877,0.028266398,0.027934173,0.027808594,0.029735012,0.029636223,0.03064784,0.0307488,0.031031396,0.03242058,0.03297678,0.03395407,0.03519548,0.034594618,0.034700193,0.03392667,0.033670545,0.03652321,0.035599712,0.03665521,0.036435664,0.035956286,0.04045872,0.043103795,0.04499866,0.044200964,0.042362582,0.042080067,0.044478647,0.046792757,0.04837588,0.0506084,0.049816083,0.05287406,0.057287294,0.05931231,0.06473505,0.065674596,0.06361086,0.065857664,0.06326703,0.06819701,0.07158117,0.07495138,0.0771778,0.074866824,0.078409806,0.078044295,0.079351656,0.08364228,0.0859268,0.09352801,0.101787746,0.10136013,0.10799847,0.10790937,0.1049333,0.116023295,0.11281112,0.11739657,0.117962964,0.11304543,0.1163764,0.11127305,0.11737037,0.117527075,0.11553052,0.12156332,0.11349877,0.11090707,0.11077846,0.10743008,0.10847376,0.1065915,0.10288218,0.09373995,0.08827925,0.086916625,0.08457255,0.08486307,0.08570952,0.080741085,0.07636666,0.07097853,0.06732643,0.06433798,0.0609338,0.060265727,0.06229978,0.062215332,0.06127329,0.05831088,0.052869517,0.049843945,0.05018089,0.049239032,0.046611026,0.046775766,0.044589326,0.043024004,0.044474013,0.041984193,0.038809087,0.03789487,0.03681446,0.03668602,0.036452208,0.034649394,0.03200112,0.03130678,0.030472731,0.031012598,0.030272458,0.02803436,0.027082657,0.0260299,0.02617276,0.026322495,0.026795775,0.026846137,0.025814965,0.025538689,0.024241619,0.022219716,0.021948226,0.021973891,0.021048727,0.021467775,0.020547317,0.019658497,0.019918615,0.018899834,0.018567536,0.01721193,0.01674246,0.015541132,0.013064988,0.011022288
0.013034491,0.015852349,0.018784707,0.01911224,0.019143198,0.01931362,0.01988378,0.019968692,0.020088734,0.02052467,0.020011164,0.020268738,0.020606918,0.020476924,0.020567704,0.021044895,0.020779278,0.02163731,0.02230069,0.02208561,0.023079209,0.022576924,0.022477875,0.02300068,0.022332551,0.022660447,0.022008263,0.022858122,0.023492344,0.025203574,0.027012758,0.027107503,0.02786874,0.028326102,0.028603299,0.030150821,0.030996423,0.031219028,0.031372685,0.03264403,0.033618286,0.03298704,0.033590607,0.032587886,0.0329619,0.034619134,0.036239646,0.037533518,0.035680376,0.037195936,0.03783786,0.039774552,0.043420993,0.042655412,0.04121146,0.042301264,0.04273226,0.043161593,0.046092793,0.046078265,0.046241745,0.04798383,0.046415336,0.045729302,0.046734177,0.04539626,0.04839469,0.049740355,0.050990134,0.05965622,0.061226603,0.06459456,0.06646469,0.062120017,0.0627346,0.06468774,0.072724365,0.08079222,0.08678225,0.08823177,0.08782548,0.08907815,0.09448016,0.09465805,0.09868994,0.10147038,0.100124374,0.10657093,0.111315966,0.11237393,0.11618009,0.11673781,0.11326092,0.112222075,0.114615485,0.11604239,0.1179535,0.11795152,0.11886999,0.12275423,0.12678103,0.12842013,0.12491369,0.12026603,0.11763521,0.11966737,0.1171067,0.115866095,0.11125303,0.103623174,0.101044,0.10382241,0.10174387,0.10334637,0.09990621,0.0875306,0.08301939,0.07600262,0.07346916,0.072943404,0.073437266,0.07211646,0.07175382,0.07049985,0.065217905,0.061948013,0.060162492,0.056464832,0.054461256,0.054911666,0.053765185,0.054356083,0.051735967,0.04894583,0.045692705,0.044010367,0.043862138,0.04063671,0.03875844,0.03697373,0.03428131,0.03570102,0.035353303,0.0344442,0.035835546,0.03297812,0.029303616,0.029208466,0.02609679,0.026549868,0.026790118,0.025283143,0.02502407,0.02466257,0.024767235,0.025588004,0.024714606,0.024068264,0.024135303,0.023040922,0.022487685,0.022395946,0.022066383,0.021748286,0.021052154,0.02114457,0.019486472,0.017987786,0.018021157,0.016978998,0.01674105,0.015404231,0.01156955
0.01271501,0.017444938,0.020485742,0.02089015,0.020663096,0.019100742,0.018846696,0.01966173,0.021231962,0.023079008,0.024165059,0.026841242,0.027071733,0.02746719,0.028383711,0.02806525,0.028734747,0.029035298,0.02899936,0.027624588,0.027548647,0.027931929,0.026664766,0.027862383,0.027474444,0.028680166,0.03013014,0.030794034,0.03261035,0.030785881,0.03298679,0.0329171,0.03295743,0.03456007,0.032776777,0.03266933,0.03304292,0.034537267,0.03804107,0.041654482,0.041938916,0.040759508,0.041465607,0.040179186,0.040378805,0.04381538,0.043002944,0.045548715,0.04834395,0.049181405,0.050339583,0.05273709,0.056523282,0.0547592,0.06044035,0.06448425,0.06418586,0.067593455,0.067726135,0.06358396,0.0619554,0.06269664,0.06389988,0.06825453,0.07414162,0.07915063,0.08633088,0.08924387,0.09331587,0.09829913,0.09551365,0.0971855,0.100210056,0.094926015,0.101404995,0.10009526,0.10072779,0.11455422,0.11949329,0.12419977,0.1258783,0.12091673,0.11680817,0.12611261,0.13547131,0.14742869,0.15093437,0.15013656,0.14920145,0.14752482,0.16362563,0.16958578,0.17154585,0.16937377,0.17022021,0.16488488,0.1642932,0.16773887,0.16027348,0.16128655,0.16302499,0.16087027,0.15940312,0.1552627,0.15636705,0.15721826,0.14780867,0.14310293,0.13068566,0.11529879,0.10732795,0.10339127,0.0966309,0.09868605,0.09416568,0.09301296,0.09670787,0.08833654,0.08742451,0.08144489,0.06674175,0.065519884,0.06551102,0.065661326,0.066935815,0.06519213,0.061094776,0.059237655,0.057481665,0.054274514,0.05258643,0.049720027,0.04666383,0.044589743,0.04178582,0.044041723,0.040814377,0.040262833,0.041266136,0.036294624,0.03741434,0.037551347,0.035506472,0.03475193,0.03489097,0.031767655,0.031511232,0.033065446,0.031997614,0.03180992,0.03217224,0.030599074,0.029528227,0.029245721,0.026853094,0.023692017,0.021851001,0.02123421,0.020738866,0.021878928,0.023217741,0.023880813,0.024090976,0.023643566,0.022976698,0.021890262,0.021500835,0.021068871,0.019917289,0.019580694,0.020080743,0.018274557,0.015797317
0.0166654,0.021138748,0.024851918,0.025507404,0.026617473,0.025288142,0.025181156,0.025074324,0.02581369,0.026877424,0.026899429,0.026721133,0.025562182,0.026308093,0.027007695,0.02930506,0.031894717,0.033231966,0.033621076,0.03387693,0.03312864,0.032102305,0.03422123,0.034708112,0.03592427,0.03699055,0.035404682,0.033900153,0.033121612,0.035215188,0.03520044,0.037275434,0.037697945,0.036518786,0.037989568,0.036105856,0.03605422,0.03770159,0.03764813,0.037955746,0.041303433,0.04089732,0.04233145,0.045608226,0.044403344,0.04495294,0.046152797,0.046810854,0.04860436,0.049953535,0.05078962,0.05412092,0.055932134,0.056819156,0.05603294,0.056607153,0.056214977,0.059445005,0.059693027,0.060142837,0.06279766,0.06336423,0.06796342,0.071475394,0.07149723,0.07656115,0.07775606,0.07575151,0.0799265,0.07804533,0.07948622,0.08042202,0.08760656,0.09701162,0.10072149,0.112425,0.11157704,0.108562715,0.112066865,0.10799151,0.10990433,0.11456905,0.123757616,0.1374207,0.14609468,0.14835067,0.14588164,0.14575829,0.15045002,0.16350932,0.17247474,0.17418897,0.16974837,0.16766018,0.16729897,0.16338958,0.16900465,0.17167021,0.16536985,0.16669096,0.16386752,0.14781752,0.15301274,0.15220034,0.1478174,0.14847808,0.13468245,0.12362266,0.11643127,0.109521456,0.11076709,0.1091144,0.104922116,0.10208954,0.09479441,0.09021685,0.082889214,0.08370093,0.07997326,0.07819651,0.081535235,0.07743735,0.07440518,0.0708943,0.06377771,0.060292963,0.060525782,0.055478305,0.052678026,0.052077617,0.049661472,0.04933512,0.051466495,0.049880303,0.048051193,0.04636371,0.043047145,0.040668126,0.03894534,0.03763446,0.03466546,0.032988288,0.03217868,0.03068787,0.028879127,0.029322919,0.028271778,0.027449004,0.028477795,0.025872128,0.025763461,0.024575938,0.022536375,0.021131944,0.020922588,0.020469284,0.020272437,0.020832991,0.02058895,0.020878872,0.019933237,0.019056689,0.01900482,0.01848055,0.018303422,0.0184625,0.019869573,0.020748388,0.02204203,0.021995082,0.019684194,0.01735007,0.013894472
0.01338424,0.017579637,0.020542953,0.021446459,0.021551298,0.021428186,0.022384645,0.022612007,0.022424089,0.022169791,0.021871727,0.022518035,0.022741225,0.024385806,0.024675548,0.025482668,0.026899895,0.028577574,0.029418757,0.029497506,0.030301737,0.030210778,0.030890627,0.03022799,0.030777818,0.030593475,0.029814102,0.030423446,0.030834695,0.031252593,0.033503678,0.033840436,0.035683617,0.03779532,0.038922943,0.04074881,0.039145395,0.038098373,0.03884012,0.039499987,0.039768063,0.041473642,0.043771897,0.044067696,0.047658585,0.046685405,0.04430116,0.04393391,0.044020385,0.04509248,0.04527192,0.051799692,0.052784253,0.05185055,0.05270808,0.05082737,0.05524119,0.057024445,0.05878232,0.061481036,0.058189783,0.060976394,0.062464222,0.06241351,0.064731725,0.0678136,0.071006544,0.07592015,0.08040469,0.082842514,0.08394118,0.085982904,0.08507076,0.09030529,0.095096424,0.096746825,0.104162075,0.10484047,0.103722855,0.11248652,0.11114401,0.114913315,0.12296049,0.1246723,0.13345338,0.14301401,0.14807443,0.1502052,0.1522275,0.15448007,0.15766615,0.15577216,0.16338348,0.16175112,0.15938428,0.15648724,0.1434884,0.14565857,0.14063235,0.14280811,0.14693683,0.14868018,0.14578733,0.14411598,0.13683674,0.119000115,0.119822614,0.11584977,0.111649245,0.10910127,0.10236222,0.097223826,0.09275935,0.091264285,0.08860167,0.08695556,0.09097417,0.086873926,0.08365129,0.08346546,0.07680601,0.07372634,0.0712701,0.06591953,0.06564518,0.06142931,0.05902663,0.054956082,0.051405247,0.053478446,0.05450762,0.05440148,0.050934177,0.05108253,0.050615814,0.04954116,0.05052248,0.045950364,0.04060077,0.03809359,0.03745699,0.039059572,0.043483645,0.043206677,0.043287143,0.048748225,0.04725134,0.04595113,0.04332089,0.03474373,0.029782282,0.02928591,0.026945904,0.028205922,0.027531756,0.028183924,0.02760448,0.024076656,0.022883033,0.021428771,0.022230051,0.024002546,0.02443559,0.023473706,0.02247931,0.019416692,0.018703653,0.018994752,0.017246835,0.017036324,0.01611099,0.013253585,0.010524893
0.015397386,0.018647738,0.020722957,0.019716587,0.02060672,0.020375993,0.021541964,0.022529904,0.022788467,0.023380332,0.024277346,0.024144214,0.024616847,0.024392687,0.023901751,0.026249845,0.027310347,0.029016005,0.02909427,0.027139643,0.025513688,0.025658563,0.027829198,0.028984012,0.030462567,0.0308731,0.031732276,0.03379766,0.035937343,0.03744655,0.038775634,0.03969528,0.03905622,0.040474433,0.040012147,0.039005544,0.039785177,0.040168546,0.04427741,0.046612367,0.048008557,0.047313895,0.04495734,0.044748783,0.04697742,0.049566664,0.052834827,0.054558154,0.05722405,0.060675643,0.06051684,0.060609337,0.061023366,0.06082453,0.06292855,0.0664296,0.06581497,0.06637734,0.06573274,0.07022264,0.07168443,0.07567255,0.08049957,0.081546694,0.08668801,0.088773325,0.088794805,0.09098661,0.094116904,0.100332126,0.1105375,0.11391484,0.12206526,0.12077179,0.11905914,0.11960464,0.122418836,0.12692286,0.13582078,0.14135166,0.14392574,0.15228504,0.15128885,0.1575617,0.15555802,0.16129178,0.16879614,0.16491085,0.16787331,0.16402328,0.16422309,0.17243068,0.17098682,0.17474015,0.16759564,0.16902354,0.16533117,0.15991838,0.15706055,0.14553694,0.14662535,0.14184901,0.14333881,0.14199574,0.13510205,0.12389078,0.111616604,0.096031345,0.08877601,0.084773555,0.07881636,0.07592785,0.072463855,0.06881706,0.068201214,0.06774298,0.06539357,0.06472292,0.06594433,0.06451849,0.06585204,0.061854407,0.054103635,0.053144593,0.04740587,0.048573952,0.052482143,0.05031743,0.05403076,0.053194523,0.04868047,0.050338283,0.046716128,0.04744254,0.048470173,0.046832915,0.048031025,0.044902228,0.04370105,0.04298096,0.039332647,0.038692426,0.039099246,0.037864618,0.035118088,0.03343871,0.030413726,0.02720989,0.030584352,0.030653654,0.029578347,0.029816192,0.030967198,0.03034537,0.03088144,0.031468954,0.028551802,0.029211262,0.028955102,0.027754866,0.027479306,0.02590418,0.025966058,0.026778463,0.025948752,0.025804045,0.024543576,0.022109153,0.022993311,0.023006141,0.023111718,0.021262154,0.016687915
0.021726096,0.025464203,0.029869271,0.029288972,0.028689109,0.028311355,0.027226746,0.027264157,0.027691245,0.02928054,0.02962885,0.03126536,0.032085583,0.032055352,0.033270676,0.033773594,0.036142007,0.03775057,0.036231723,0.034580622,0.035449214,0.03673812,0.04031409,0.041731704,0.03902124,0.039578695,0.039212488,0.04138204,0.04406497,0.043345217,0.043340184,0.044666238,0.04625326,0.048425045,0.049720988,0.051072415,0.051954757,0.051192325,0.051419448,0.0496653,0.05191642,0.05638169,0.062306684,0.0635475,0.0627514,0.060123358,0.062170245,0.06825501,0.06835072,0.07282967,0.071770966,0.07558114,0.07746394,0.07967285,0.08053366,0.07862167,0.079718806,0.079799145,0.07655819,0.078148186,0.08090366,0.08765377,0.09498905,0.09628103,0.09834286,0.095526166,0.0959746,0.09721391,0.09746753,0.097825825,0.10269789,0.103323005,0.10680588,0.113606595,0.11632473,0.11998144,0.12668861,0.1296492,0.13390769,0.13932341,0.14226297,0.14750217,0.15718792,0.16233993,0.1634196,0.16800414,0.16928732,0.17359427,0.17443602,0.17411892,0.16568165,0.15982673,0.15640822,0.15509447,0.15439652,0.15693589,0.16121188,0.15961964,0.16601928,0.16181226,0.15739523,0.14823721,0.13709337,0.12579387,0.11734741,0.117457755,0.11171114,0.106028475,0.10270127,0.0984212,0.09371326,0.097496256,0.09765495,0.09276079,0.0863025,0.082504295,0.07547069,0.06986633,0.072515026,0.07015025,0.06858532,0.06803195,0.06202107,0.06256827,0.06188583,0.057388812,0.05739409,0.053120337,0.051612303,0.05020265,0.05176727,0.049714644,0.047493543,0.04573069,0.04342749,0.041282564,0.039419018,0.040307034,0.037241567,0.035410766,0.034800045,0.031544887,0.030117484,0.030694243,0.03205868,0.03220166,0.03227981,0.03134394,0.029727597,0.029233165,0.029868262,0.02904974,0.027889978,0.028305147,0.027260488,0.027732344,0.02838673,0.028901791,0.02773408,0.026451107,0.0250839,0.02294108,0.022197196,0.021730822,0.020918962,0.02121515,0.021650176,0.02129663,0.020587886,0.020125339,0.019817045,0.01802662,0.01560846
0.022157243,0.042483702,0.08251973,0.1003979,0.10110747,0.09480829,0.06710662,0.05896539,0.05603987,0.05906414,0.07090348,0.059568666,0.0808714,0.09251605,0.08197451,0.07668207,0.054213442,0.048304025,0.064375624,0.06491622,0.06482205,0.049931426,0.025304385,0.026563725,0.027827797,0.028176427,0.029954098,0.02901353,0.02925618,0.07336138,0.107115835,0.1336371,0.15185472,0.14499713,0.12489694,0.115663186,0.1122541,0.10927552,0.12023533,0.111827746,0.09462773,0.09227753,0.08447404,0.08102217,0.08834289,0.08205996,0.084246084,0.07607479,0.065779984,0.07204905,0.078576624,0.08127839,0.08938262,0.08371726,0.06495058,0.06794125,0.05897471,0.07197431,0.08446161,0.08050911,0.0771279,0.06602878,0.047433216,0.055388626,0.057959545,0.063818,0.079261,0.07888587,0.08168944,0.08404798,0.075274244,0.07285947,0.07317461,0.07200346,0.080703996,0.088137,0.09643712,0.105152555,0.108347766,0.115475886,0.12317855,0.13369526,0.14596902,0.15650542,0.15149827,0.14372952,0.13910948,0.13792007,0.14156921,0.15327859,0.1494951,0.1451812,0.14825343,0.14784636,0.15188496,0.14661771,0.14936703,0.13672435,0.13432808,0.13542806,0.12806582,0.13124308,0.1204151,0.11032455,0.1042709,0.093650706,0.0934659,0.09170379,0.09175058,0.09707299,0.09946259,0.10291411,0.09944394,0.091556676,0.081758484,0.07625368,0.07992237,0.086798176,0.088451944,0.08499517,0.07478545,0.06019148,0.055333305,0.052961875,0.04682466,0.045103338,0.05177067,0.053043284,0.056777086,0.057273775,0.048581284,0.044214733,0.046403166,0.044618253,0.045932133,0.044580463,0.041220654,0.04181272,0.042042315,0.042376753,0.039392937,0.03822237,0.033841807,0.03337482,0.03632618,0.033086095,0.034266498,0.03429307,0.0264473,0.02720722,0.039162226,0.040978014,0.05391586,0.066122755,0.071799584,0.08698242,0.08862417,0.08951941,0.08480183,0.07593297,0.06802445,0.055597313,0.07497803,0.0666013,0.06309161,0.061450645,0.021061549,0.024940103,0.028390897,0.031231962,0.03260996,0.028086757,0.02350638
0.015005913,0.02096537,0.024986256,0.026611334,0.027521541,0.027904961,0.028020795,0.030788079,0.030669149,0.03000388,0.03131789,0.028907334,0.028770888,0.029681664,0.02842067,0.028289873,0.029179435,0.030412905,0.032580856,0.035156522,0.036410168,0.039881226,0.038574688,0.041424494,0.041131426,0.037620436,0.038322553,0.034183923,0.03580401,0.03803185,0.038850807,0.0418152,0.04412699,0.04293061,0.045576297,0.047301818,0.045916885,0.04843933,0.047200307,0.045871533,0.048396178,0.048539683,0.0526546,0.055979062,0.05786644,0.06052757,0.06042941,0.060157906,0.061893445,0.066727005,0.06929597,0.07613167,0.07798857,0.07750034,0.083917506,0.08193921,0.08316927,0.08615263,0.08516902,0.08558043,0.0878386,0.08770937,0.09143192,0.10132824,0.10598716,0.109803826,0.114349686,0.11384675,0.118633926,0.12598063,0.13264595,0.14292529,0.14771202,0.15009367,0.15671282,0.15601403,0.15560903,0.15644923,0.15095428,0.14572018,0.14473721,0.14632078,0.14711897,0.15768616,0.17760824,0.18657432,0.1989853,0.20150441,0.19325186,0.194393,0.1929374,0.19312765,0.18868695,0.1830725,0.1791424,0.17626001,0.17991549,0.17791289,0.1765196,0.17422684,0.1659919,0.16298491,0.15113564,0.13831733,0.13440454,0.12612736,0.12176428,0.12211185,0.11215404,0.10939038,0.09847851,0.08916654,0.08774174,0.0767716,0.078386635,0.08089814,0.07663466,0.07835187,0.076449454,0.07069453,0.075796,0.072184466,0.074504994,0.07687686,0.07111271,0.07114134,0.0684403,0.06621958,0.066195436,0.062087573,0.059617285,0.054933306,0.05703296,0.058053214,0.05293843,0.050039552,0.04138794,0.037238102,0.039286647,0.04011057,0.04074064,0.04256813,0.03988416,0.039453544,0.039405566,0.036446895,0.038527377,0.037195697,0.035670172,0.0350459,0.03284778,0.03249329,0.0313998,0.03138708,0.029011197,0.028083727,0.02713392,0.025973108,0.025543332,0.023890179,0.024926847,0.024716418,0.0253482,0.025085833,0.022867644,0.021792352,0.020879868,0.021511534,0.022370432,0.02276851,0.021711348,0.018706476,0.015354186
0.021581946,0.029093098,0.032809503,0.034049846,0.034432158,0.032649428,0.033661462,0.033282354,0.03135399,0.032854997,0.03296651,0.035378437,0.036887735,0.036414348,0.040593315,0.040190622,0.04141362,0.042964105,0.040635273,0.042482927,0.046110827,0.04660955,0.046145514,0.046024363,0.04420903,0.04515844,0.04511061,0.04408757,0.043678515,0.045314863,0.046208996,0.04736083,0.049124092,0.050569896,0.05339672,0.054665644,0.057412833,0.05824476,0.060997374,0.063131176,0.06263909,0.06275754,0.06356834,0.064141184,0.06536854,0.071488746,0.073202856,0.077443525,0.082057655,0.081376955,0.08869803,0.09100431,0.09724701,0.09887058,0.09396424,0.09090606,0.088713385,0.089065686,0.09324682,0.106653415,0.11161369,0.1156209,0.12007419,0.113500334,0.11388269,0.11604237,0.1137097,0.12269847,0.12841451,0.13616076,0.14942522,0.14686546,0.15056884,0.15086342,0.14876476,0.1550065,0.15376738,0.1553389,0.16571625,0.17047301,0.17296153,0.17953677,0.17527032,0.18679592,0.19436534,0.2010225,0.20886569,0.2053271,0.205225,0.20474888,0.20722671,0.20494111,0.20584793,0.20172977,0.19355129,0.1828928,0.17737423,0.1780119,0.17488167,0.18111213,0.17385314,0.15837121,0.14796676,0.13294087,0.12822178,0.12607126,0.11970756,0.12071444,0.11345919,0.113386974,0.11545792,0.10987749,0.11216977,0.10691696,0.09851796,0.095515564,0.08850199,0.081328005,0.07712481,0.07445484,0.0695922,0.07112657,0.0725421,0.07403305,0.07411248,0.07096182,0.06913181,0.06544687,0.06541582,0.067343205,0.06437391,0.061442774,0.05858114,0.05125948,0.04914903,0.047662996,0.04777457,0.049191747,0.04777229,0.047082316,0.04448915,0.043085024,0.043317348,0.04524203,0.044942666,0.04530565,0.045726206,0.04586807,0.044904307,0.043752186,0.044114478,0.040110167,0.04305552,0.03959994,0.035698187,0.03630405,0.030284092,0.03167267,0.032616667,0.030862324,0.03115391,0.030340103,0.02906786,0.028723277,0.027668191,0.024978256,0.02355355,0.022767184,0.022596247,0.02284879,0.022552693,0.020836605,0.016924022
0.017775582,0.023428708,0.027082972,0.030287873,0.03252575,0.032660928,0.032797236,0.03147286,0.030701341,0.030383773,0.031767927,0.033002593,0.033747945,0.034819506,0.03392584,0.03235742,0.033180375,0.033240892,0.033198956,0.0332093,0.03261034,0.03443012,0.03562782,0.036524467,0.03805725,0.03730583,0.038872264,0.042443797,0.044341918,0.04370468,0.043699667,0.046316054,0.043882467,0.048413694,0.049425293,0.04650573,0.04984489,0.04842253,0.05334135,0.059685387,0.061366543,0.0644819,0.06492699,0.0636485,0.068703115,0.069423236,0.07437723,0.081828766,0.08474406,0.08662802,0.08796543,0.08932656,0.08972525,0.09313558,0.09364382,0.09355724,0.096976586,0.10161542,0.10294084,0.10573026,0.11117267,0.111159205,0.11111922,0.10932547,0.10611299,0.11281578,0.117010206,0.12319969,0.12688643,0.12772891,0.13859174,0.13923416,0.14440495,0.14058048,0.14156872,0.14939849,0.15033802,0.15868568,0.15688671,0.16022274,0.16997932,0.18253316,0.17978816,0.18226747,0.17972133,0.17867729,0.18677689,0.18782224,0.19708201,0.19468217,0.19696984,0.19680543,0.18107054,0.17821522,0.17916131,0.17674202,0.18656395,0.18322742,0.17810588,0.17128924,0.15089129,0.13944517,0.12689857,0.11529045,0.111863025,0.10743935,0.097925894,0.09326696,0.094862185,0.087901056,0.08605249,0.07887465,0.06948904,0.06742847,0.062015623,0.06317011,0.06204622,0.056247808,0.05439632,0.052651193,0.055204276,0.05983398,0.05765016,0.059463568,0.055875864,0.05204531,0.056033485,0.057201795,0.05874558,0.05717159,0.053564765,0.0464739,0.04187448,0.04265484,0.04174744,0.04148348,0.042209372,0.040277705,0.040160432,0.03930621,0.03923832,0.042936936,0.041584402,0.04260715,0.042147234,0.044280544,0.043971166,0.04523275,0.044267353,0.039970573,0.04071413,0.037301846,0.037615675,0.035088625,0.0338762,0.034296367,0.03178237,0.032267004,0.030829074,0.03003314,0.028465027,0.026501697,0.025023831,0.023522224,0.023308013,0.023537613,0.024778863,0.024016868,0.023714906,0.023529273,0.022468606,0.020544127,0.017487695
0.020860069,0.023890356,0.02824482,0.028252779,0.029112343,0.031592,0.032817457,0.034750167,0.034812886,0.034477342,0.03396977,0.03246068,0.034987427,0.036356423,0.03806061,0.040368423,0.03935126,0.04048155,0.040557392,0.04057058,0.04328057,0.04388766,0.04348809,0.043761518,0.045152154,0.045463324,0.049846094,0.050587293,0.05064603,0.050555132,0.049958512,0.052526496,0.05392027,0.06311499,0.065356806,0.068494424,0.071527496,0.06425135,0.06707639,0.06789509,0.06545612,0.070710205,0.06997329,0.073624074,0.07707952,0.0783398,0.083407216,0.08357789,0.084697224,0.08695722,0.08470048,0.081326135,0.08542931,0.08632753,0.0920586,0.09559192,0.09312319,0.09510813,0.097537555,0.10522485,0.10827619,0.11391542,0.11102269,0.10341119,0.11403831,0.1143045,0.12593533,0.13854237,0.13669816,0.13884383,0.13782805,0.13972136,0.14250176,0.1509605,0.15300693,0.15022457,0.15539154,0.16240571,0.16875476,0.17788464,0.18002383,0.17741758,0.18443248,0.18723008,0.19294044,0.20229149,0.2048515,0.19863406,0.20071846,0.19618843,0.1976015,0.19503771,0.18738967,0.1887082,0.17932513,0.18946107,0.18158734,0.17183845,0.15558974,0.14595215,0.1468349,0.14147401,0.14164782,0.13078353,0.12433288,0.11126021,0.10642376,0.10047528,0.09338693,0.09203715,0.09365712,0.09169894,0.089011006,0.0847046,0.07529826,0.071359895,0.070473224,0.068195835,0.06899955,0.06437284,0.062105387,0.060279768,0.05751576,0.055470504,0.050719116,0.04677262,0.047045354,0.048050847,0.04945848,0.04759347,0.042803116,0.0403667,0.03830292,0.037361685,0.035965364,0.033373494,0.030439323,0.032063954,0.033182528,0.036232736,0.03894394,0.037515838,0.04034323,0.0388715,0.036067825,0.036013197,0.031433366,0.033405494,0.033817917,0.033515792,0.032819577,0.030469975,0.028553868,0.028422147,0.028959418,0.02846655,0.029586228,0.030005993,0.029756876,0.029643646,0.030893408,0.031339336,0.033035856,0.04342913,0.04120767,0.038727608,0.035775054,0.01771373,0.017430646,0.016441446,0.016305463,0.014367009,0.011291659
0.02466918,0.03018606,0.03532208,0.036670536,0.039072923,0.039764702,0.03988331,0.039553154,0.0386479,0.03972464,0.039980244,0.041778594,0.041471094,0.04140306,0.04372603,0.042610787,0.042668413,0.041406136,0.042909596,0.043848906,0.046163063,0.048673723,0.04869894,0.050134774,0.054280844,0.059372462,0.061246652,0.062123686,0.060691334,0.06620973,0.06623249,0.06605803,0.06879192,0.06515538,0.06328579,0.06458621,0.064261444,0.06254875,0.06497824,0.063657604,0.06369831,0.06849164,0.07044268,0.07195393,0.07700031,0.07247606,0.07308713,0.08461132,0.08964031,0.09509619,0.09721486,0.098777145,0.095718734,0.09600817,0.102749325,0.10364826,0.10408231,0.1106033,0.10830441,0.10337796,0.1056092,0.10707735,0.10776196,0.12006847,0.13376907,0.13566597,0.13877161,0.13736087,0.13344353,0.1378263,0.14177817,0.14448667,0.14688459,0.15020119,0.15426943,0.1564032,0.16091003,0.172444,0.17822264,0.17615081,0.17955278,0.17838125,0.18613169,0.1996077,0.20230594,0.2027507,0.20523375,0.21036138,0.21451843,0.2124566,0.20259349,0.19616796,0.187426,0.18412255,0.18136072,0.18041033,0.1720595,0.1722642,0.17108431,0.15753886,0.15902309,0.14356278,0.13500169,0.12551475,0.11530666,0.1155431,0.110969,0.11310596,0.11683819,0.10964615,0.11688336,0.10922599,0.09619404,0.097196154,0.08174118,0.08487336,0.092229575,0.08630568,0.08346039,0.077582255,0.06873961,0.07085495,0.06815474,0.07228815,0.07426434,0.07455383,0.07434353,0.066007264,0.06025605,0.05369742,0.05073912,0.048577398,0.04397393,0.043727435,0.042419128,0.04378,0.04437932,0.04314633,0.042017855,0.03937758,0.038402632,0.037130617,0.0372798,0.037685737,0.037815694,0.036388125,0.03410293,0.035094976,0.033104073,0.033812866,0.034616396,0.032661,0.033178736,0.031624213,0.031494245,0.03015382,0.027513288,0.02629667,0.025450332,0.024332624,0.024759732,0.024399484,0.023333844,0.022240633,0.022722809,0.021932459,0.022479953,0.02460859,0.02456307,0.024488589,0.02337231,0.020000461,0.015805805
0.023971684,0.028633364,0.032954916,0.034204304,0.03418842,0.03419109,0.034682672,0.033631567,0.033682067,0.03520352,0.035293363,0.034403637,0.034721617,0.033054475,0.031899106,0.032032244,0.032696158,0.03460647,0.03613578,0.03579829,0.03351752,0.034856945,0.034186732,0.036063164,0.039768893,0.03869743,0.040423017,0.039354913,0.03930649,0.041750073,0.04139957,0.043359213,0.04478468,0.04455557,0.045959637,0.047895234,0.04725933,0.047392037,0.04772625,0.048928455,0.050524764,0.04985098,0.049423303,0.04933631,0.051376525,0.056999438,0.063409284,0.064372845,0.06931079,0.07321239,0.0741162,0.0769899,0.08216816,0.084225155,0.086534254,0.093940645,0.09308861,0.09807696,0.09808859,0.094960965,0.09564114,0.091210924,0.097709335,0.09825804,0.10460244,0.10950174,0.11087806,0.117070116,0.1141092,0.1192412,0.12068376,0.122667395,0.13793647,0.1402619,0.14708658,0.14976825,0.14805324,0.1524996,0.15791455,0.16594367,0.16509551,0.17221616,0.17948018,0.18251574,0.19474411,0.18896237,0.19341466,0.19758525,0.19886874,0.20991854,0.20006645,0.20092922,0.19771935,0.18715939,0.18859074,0.18268763,0.18160899,0.17978309,0.16786288,0.16446656,0.1449762,0.14033712,0.13833277,0.11849388,0.11082441,0.09285846,0.0830412,0.07705755,0.07447652,0.07103716,0.066788085,0.06571894,0.0597175,0.057189118,0.053658124,0.049220096,0.047519747,0.046089582,0.042895854,0.043700255,0.041926283,0.041384857,0.041351482,0.040791217,0.0418455,0.041525617,0.0399579,0.038414914,0.03720485,0.040164102,0.039296616,0.036341533,0.03532614,0.038482156,0.039767694,0.039601333,0.038994905,0.029580181,0.026337925,0.025092745,0.023643458,0.0236889,0.023900704,0.02792984,0.03321967,0.032607947,0.033681717,0.03046525,0.025092801,0.025667965,0.024469776,0.02499582,0.024335157,0.023489395,0.023134654,0.021614853,0.021678727,0.021109682,0.019400634,0.02021564,0.01881811,0.01944843,0.019817533,0.017865974,0.01704146,0.015588966,0.015619071,0.01659964,0.017235162,0.01714454,0.017077344,0.015276103,0.012679165
0.019893387,0.023191554,0.027101198,0.027624616,0.025772048,0.02761846,0.02764154,0.028502064,0.029501054,0.028422743,0.026807731,0.027106373,0.0269359,0.02747726,0.029442294,0.02994463,0.032413132,0.034256708,0.036120217,0.038056504,0.037336677,0.039153457,0.03752405,0.03517725,0.03568127,0.03385665,0.037903212,0.03925949,0.041902766,0.043270618,0.04208803,0.044050198,0.04220295,0.046134435,0.046904303,0.048267953,0.050712753,0.04841291,0.047996752,0.048295457,0.048688877,0.0529443,0.057149477,0.05614835,0.056934796,0.060370795,0.061069228,0.06538838,0.06710932,0.07168118,0.07936175,0.08636979,0.09692362,0.09726881,0.09957454,0.10829854,0.11017075,0.11974029,0.12674384,0.12195684,0.12544501,0.12600653,0.12373627,0.13445069,0.14698468,0.14810574,0.15242767,0.15714742,0.15715909,0.15921348,0.1671238,0.17141762,0.1709156,0.1772905,0.18162961,0.17888206,0.17950058,0.1817594,0.1878413,0.19146985,0.1925677,0.19232786,0.19295049,0.19834903,0.20136827,0.20812814,0.20288835,0.20060961,0.20245618,0.19364984,0.1952986,0.19621623,0.19097647,0.19271782,0.18807895,0.18412077,0.18668853,0.17852652,0.17446496,0.16706572,0.15415019,0.15134609,0.13667682,0.12657209,0.119525075,0.118664265,0.114929125,0.10984349,0.117734626,0.10582494,0.10814939,0.10380907,0.0947914,0.09976825,0.09364937,0.08894893,0.078530625,0.068265036,0.068819165,0.07107029,0.07225052,0.07436945,0.07111455,0.06550473,0.056589205,0.048130415,0.04443111,0.042811986,0.04071951,0.038002227,0.03612574,0.036771595,0.03935324,0.039317492,0.039882477,0.041074406,0.03701232,0.035501566,0.033207517,0.033515133,0.033443548,0.033487022,0.034523025,0.030510252,0.031536132,0.03157483,0.030339392,0.029745828,0.028843379,0.029847475,0.030841542,0.030100625,0.034076307,0.033757538,0.033062093,0.034345403,0.028375823,0.026875924,0.027201863,0.028214583,0.0344641,0.04120617,0.04628105,0.047005944,0.042845927,0.05320615,0.05002256,0.047563966,0.047143552,0.026372936,0.019977368,0.017159501,0.01386781
0.006245004,0.007724659,0.008988111,0.009230034,0.009052176,0.00875912,0.008699177,0.008742232,0.008709971,0.00913126,0.009373892,0.010458184,0.010547213,0.010599278,0.010705906,0.010223636,0.011026117,0.011546961,0.011854292,0.011825421,0.011433432,0.011285665,0.010673042,0.010645224,0.011379411,0.011209852,0.011817555,0.012238515,0.01159501,0.011778358,0.011967764,0.011609498,0.012434667,0.013186495,0.013413821,0.014396306,0.015075,0.015452016,0.0152408,0.014357429,0.013938546,0.013967673,0.01464695,0.01514033,0.015216623,0.015508515,0.015538332,0.015792023,0.016042924,0.016193822,0.01681877,0.01697358,0.0174469,0.016772553,0.01687205,0.017985351,0.01806736,0.018673714,0.02132679,0.022264173,0.02257215,0.022931952,0.020907294,0.019924708,0.020597367,0.020524103,0.021225955,0.022417195,0.02226534,0.023692515,0.023978814,0.023730744,0.023751348,0.024168111,0.024865123,0.0255051,0.027121443,0.02695584,0.027653774,0.030291043,0.031435642,0.032066677,0.033531263,0.033269424,0.03418225,0.03550779,0.03571964,0.03625725,0.038011655,0.039995663,0.039412107,0.040336043,0.0403184,0.039827116,0.041844573,0.04171445,0.041195087,0.040248327,0.039970614,0.040165313,0.0412463,0.042181797,0.04385209,0.046531282,0.045898624,0.04711127,0.045198917,0.04117731,0.04130865,0.040351655,0.040465165,0.042760786,0.043035794,0.042160895,0.040771265,0.04019902,0.042451594,0.04233143,0.043818526,0.043168068,0.040498864,0.04055725,0.040496796,0.038408805,0.03634784,0.03500554,0.0330423,0.033723798,0.031780332,0.029822009,0.031764627,0.02993834,0.02995789,0.030082632,0.026535876,0.02606657,0.02503177,0.025323639,0.023415735,0.022599753,0.02265045,0.021520913,0.022115402,0.02185576,0.021170655,0.020198748,0.019107858,0.019098539,0.018834615,0.018426204,0.018371746,0.01699734,0.018810464,0.018866133,0.018470412,0.018628597,0.016184978,0.0158646,0.015654817,0.016284063,0.016238714,0.01585434,0.015528581,0.014724509,0.013920899,0.013940185,0.013752802,0.012955923,0.012774196,0.011806508,0.011582778,0.010549619,0.008898142
0.006470169,0.008415516,0.009724814,0.009705616,0.009854913,0.009366998,0.009118612,0.009121742,0.009242075,0.009499235,0.010325247,0.011163291,0.011558633,0.01154267,0.010972411,0.010682549,0.010830758,0.010958968,0.011061986,0.010972041,0.011319306,0.011413385,0.011772673,0.011685759,0.011060113,0.01160783,0.01170734,0.01253889,0.012691714,0.012949208,0.013442806,0.013095921,0.013552551,0.01326199,0.013683537,0.014448349,0.014858292,0.015149985,0.015075447,0.015169449,0.014775088,0.015572756,0.015413597,0.01611538,0.017325843,0.017803665,0.017926624,0.018468149,0.018942157,0.01847294,0.018888216,0.017995797,0.017433994,0.018861009,0.020081129,0.019959424,0.020000003,0.019700693,0.01992201,0.021805946,0.022015696,0.021773357,0.021612365,0.020613408,0.021276778,0.02190732,0.023269812,0.023941372,0.025273917,0.02509056,0.023532791,0.025333688,0.026528869,0.027617274,0.029003348,0.028883811,0.027879557,0.028561184,0.02850737,0.02791442,0.028240968,0.028049406,0.030387342,0.03104111,0.03398772,0.03684962,0.038166348,0.040424697,0.041252874,0.04094194,0.042517215,0.04150144,0.04205693,0.042821664,0.042076744,0.044286594,0.042916987,0.042594716,0.04159472,0.0417857,0.0431054,0.046570994,0.046741225,0.047571745,0.04814481,0.04733051,0.047628008,0.04685635,0.04783458,0.047139112,0.047101513,0.047839276,0.045674324,0.04364779,0.04522026,0.043654665,0.042607512,0.043116048,0.04014283,0.038133167,0.036694314,0.03409826,0.033724237,0.033414766,0.033570696,0.032848887,0.030627254,0.03006633,0.029084831,0.028954469,0.029494088,0.028106028,0.026490187,0.025519433,0.025628429,0.024505826,0.025313735,0.024958594,0.024039345,0.024533872,0.024013469,0.023018574,0.022552384,0.021939987,0.020551795,0.020796515,0.019803634,0.01972779,0.0201486,0.019374514,0.018768061,0.017699286,0.01671947,0.01629032,0.015816744,0.016214862,0.017111178,0.016729321,0.017049178,0.01693812,0.016256174,0.016424185,0.016929695,0.016173603,0.014882563,0.014811751,0.013314362,0.012934411,0.013072424,0.013084701,0.013022673,0.012239409,0.010833569
0.007796153,0.009369005,0.011216711,0.011763129,0.011894801,0.012013945,0.012604936,0.012687634,0.012536877,0.01306951,0.01201525,0.011802635,0.011933861,0.012100231,0.013075564,0.013498443,0.014483813,0.014242148,0.014150539,0.014272974,0.013649637,0.014111263,0.015193572,0.015798949,0.016502632,0.016790962,0.016113138,0.015814437,0.016959162,0.017324014,0.018582968,0.018982144,0.01833825,0.018715158,0.018113859,0.019162698,0.019877657,0.02117884,0.021887079,0.021429457,0.02087028,0.02058102,0.0197826,0.020481236,0.021993808,0.021246707,0.021719564,0.02113197,0.020117532,0.020776452,0.020634104,0.021805365,0.02247862,0.022565063,0.023875829,0.023459122,0.02498429,0.026252413,0.02620887,0.026217394,0.024560627,0.024974175,0.024976231,0.027632302,0.030451471,0.03168891,0.033400614,0.033354167,0.033862703,0.03391706,0.03292326,0.033487383,0.033700764,0.034423407,0.03693615,0.03771894,0.037963614,0.038459312,0.038358465,0.042177424,0.045371987,0.048032563,0.050563164,0.049996506,0.049649294,0.0534628,0.056040917,0.05872236,0.058825716,0.057370655,0.056773756,0.057532206,0.058428284,0.059526406,0.062480148,0.06700304,0.06953508,0.07194901,0.07075535,0.067156605,0.06854063,0.06600136,0.06450114,0.06497581,0.06346181,0.06731275,0.069177926,0.06447045,0.063724935,0.059538558,0.058923326,0.06148739,0.058032375,0.054138593,0.052135427,0.048869308,0.050087556,0.049485754,0.045831524,0.044874664,0.041932967,0.04104355,0.038970992,0.03930787,0.037341993,0.036024567,0.03561173,0.033927113,0.033461884,0.035379965,0.03487763,0.032089017,0.030436682,0.024052737,0.022540193,0.022624947,0.02243917,0.022718841,0.021506414,0.020776315,0.020432718,0.020254638,0.020271402,0.020065645,0.019864766,0.01930095,0.019083794,0.018054372,0.017230948,0.016672077,0.015549419,0.015522261,0.015106885,0.014818987,0.015018261,0.016274786,0.01590141,0.015723977,0.015509563,0.013383484,0.014193686,0.014961662,0.015454081,0.015654147,0.014366472,0.013253161,0.011952676,0.011060925,0.011277216,0.01125923,0.01126133,0.01049666,0.008623154
0.007202756,0.00897884,0.010814176,0.011034338,0.011305526,0.011450272,0.011558261,0.012086759,0.012012666,0.012594026,0.012798987,0.012660372,0.012864631,0.012768379,0.012467137,0.012757117,0.012849227,0.01374945,0.013618796,0.013823902,0.014560732,0.013749256,0.013777631,0.01495838,0.014529938,0.015178089,0.01577822,0.015120626,0.015332401,0.014939887,0.015436507,0.015881596,0.016602047,0.017386641,0.017186556,0.016916664,0.01835606,0.01855448,0.020055564,0.020898735,0.02000116,0.01998677,0.019864665,0.020128952,0.020563126,0.02114429,0.022040224,0.02338275,0.023117272,0.022396745,0.022881884,0.02146257,0.022602854,0.02417687,0.023601038,0.026640754,0.028036084,0.028239049,0.0287694,0.02670309,0.025657786,0.026710557,0.02977638,0.032546237,0.034232993,0.03399718,0.032263696,0.030838177,0.03262151,0.035164542,0.036424782,0.037362516,0.035891607,0.035339873,0.03591837,0.03947329,0.041504268,0.041752167,0.04296449,0.042044077,0.044401713,0.04917256,0.054688785,0.056036625,0.05735659,0.0578105,0.05539283,0.056961264,0.057528082,0.056871217,0.057877723,0.060406365,0.06442147,0.066696145,0.06947679,0.07131385,0.07346507,0.075808726,0.08248299,0.085204564,0.0840785,0.08392567,0.0770355,0.07405978,0.072231874,0.07319129,0.080000885,0.08204144,0.083323546,0.082939215,0.077880904,0.07350689,0.073381774,0.06767296,0.061075322,0.060066838,0.055085685,0.055209048,0.055397034,0.049159694,0.045914825,0.043015808,0.04133978,0.042230137,0.041864134,0.041067336,0.040154774,0.04075181,0.039137248,0.038603302,0.03593908,0.033855908,0.032495018,0.030945266,0.03173485,0.030904368,0.029406969,0.028994648,0.027515728,0.026962982,0.025749806,0.024797257,0.023052664,0.022994636,0.022964312,0.02330703,0.025070203,0.023677556,0.02229838,0.020796085,0.018706387,0.018965801,0.020153914,0.019146534,0.019261628,0.018137999,0.017496396,0.0178557,0.017079094,0.01841368,0.017599834,0.017311158,0.016914662,0.015066905,0.014760912,0.014314023,0.014804757,0.015082187,0.015031097,0.014706335,0.014011929,0.011939047,0.009443902
0.007601037,0.009425356,0.011276253,0.012552363,0.012895133,0.013200336,0.013302365,0.013251014,0.014386506,0.014603427,0.014960035,0.014412133,0.013820753,0.013787237,0.014121268,0.014669374,0.01529633,0.015906973,0.016229216,0.016505584,0.016256666,0.016950998,0.016348412,0.016902126,0.01689658,0.017035503,0.017711157,0.017938437,0.017840618,0.017337238,0.018158473,0.019655837,0.019727144,0.019969206,0.019156912,0.017364008,0.018565385,0.018738661,0.019865898,0.019543272,0.01998714,0.020971816,0.02159588,0.022813248,0.023820441,0.022701701,0.023905838,0.02421778,0.023425624,0.025512885,0.025302503,0.025670212,0.026881302,0.027452482,0.029024618,0.029216107,0.030028448,0.030460205,0.02827775,0.029176822,0.029123874,0.029491046,0.032585762,0.032876972,0.03389345,0.03488547,0.034107164,0.03578301,0.03610973,0.038164563,0.0419446,0.0403448,0.041465346,0.040901463,0.04257897,0.04603232,0.046016112,0.04903493,0.047108613,0.04827787,0.050898787,0.052304707,0.053482704,0.055540707,0.05747642,0.057736035,0.059980124,0.064804725,0.06511767,0.06484589,0.06748122,0.06685678,0.073308595,0.08317544,0.08630483,0.08902725,0.08793882,0.086855546,0.08864446,0.087472446,0.0889919,0.08992752,0.09296421,0.09534324,0.094813675,0.09352148,0.087625764,0.083294205,0.07841039,0.07138518,0.06694292,0.065446466,0.064620264,0.06405289,0.062209744,0.060694892,0.059238914,0.05675252,0.05425874,0.05845372,0.05749892,0.056704048,0.05601086,0.047284424,0.04511145,0.043449737,0.042468697,0.03936794,0.038418557,0.03631014,0.035481628,0.03506424,0.03355034,0.031380735,0.03066915,0.029334234,0.027808513,0.02806564,0.026524998,0.026142461,0.025491452,0.02367367,0.02333676,0.02294086,0.022234263,0.02129104,0.020972889,0.019081213,0.019009883,0.018903425,0.018009886,0.01816472,0.01769131,0.017537786,0.017133467,0.016631966,0.01632877,0.016127083,0.016989172,0.01696858,0.016375719,0.017665032,0.016265167,0.01669509,0.016188301,0.014634036,0.015017537,0.014456921,0.015169792,0.014717697,0.014198127,0.012558799,0.009630877
0.009359391,0.011341357,0.013295455,0.014172403,0.014173635,0.014683301,0.014181186,0.014369591,0.014899605,0.015475095,0.016532967,0.016400658,0.01640142,0.016168622,0.016691048,0.016589008,0.016671197,0.017820213,0.018106142,0.018735768,0.01996685,0.019439604,0.018818114,0.019840695,0.018558213,0.018536529,0.018792577,0.017650155,0.018463796,0.018894145,0.019051649,0.01953336,0.019264355,0.01927634,0.020265264,0.022453984,0.023138985,0.023514224,0.023507316,0.022434931,0.023064764,0.023815576,0.023854887,0.024045605,0.02357758,0.023905648,0.024801353,0.025952416,0.027530583,0.031165784,0.031340424,0.032485005,0.033908278,0.03150935,0.03400741,0.034136325,0.03375603,0.0354503,0.034003787,0.034679208,0.03684072,0.038054198,0.039735787,0.04092076,0.041224815,0.04415634,0.04558515,0.04596061,0.046115972,0.04431297,0.04558939,0.04858236,0.049486905,0.0521982,0.05455243,0.05466835,0.057941448,0.059458584,0.062431175,0.06708135,0.06770846,0.07068703,0.07168525,0.07226413,0.07900726,0.08211995,0.08521469,0.08525356,0.086996175,0.0871761,0.09251072,0.0933204,0.09624537,0.09607993,0.0957875,0.10162661,0.09789659,0.10007073,0.09421369,0.0925521,0.09421186,0.09766672,0.10171501,0.101605505,0.10128876,0.09616661,0.090324596,0.08520646,0.07735026,0.074262604,0.07154026,0.06863593,0.06807076,0.0649489,0.063762486,0.060205244,0.05630816,0.05639129,0.05390668,0.052042983,0.050982647,0.04249264,0.040677313,0.039742813,0.037128452,0.03908678,0.037636824,0.03529864,0.03513099,0.031783286,0.030974014,0.029907512,0.02805881,0.027913794,0.02612163,0.026299685,0.025824971,0.023586398,0.022856612,0.021440158,0.020835517,0.021323584,0.02080233,0.021729734,0.02181742,0.021321248,0.02118339,0.019195143,0.018372823,0.017906304,0.01735514,0.016901324,0.01627204,0.01534428,0.015149551,0.01470027,0.014716467,0.01469501,0.015047337,0.015505556,0.01604961,0.016012298,0.01602805,0.015097634,0.014690677,0.014831484,0.014317212,0.015251298,0.014969622,0.014593967,0.015395267,0.013742453,0.011871561
0.009804428,0.012425208,0.014249363,0.014884967,0.014953082,0.014652485,0.014685035,0.01420759,0.014992979,0.015410171,0.015622531,0.01554055,0.015467397,0.01637947,0.017165234,0.01767993,0.017674403,0.016846454,0.016973699,0.018102217,0.018229166,0.018893734,0.02050745,0.020534432,0.0209805,0.021617012,0.01967583,0.019808503,0.020440537,0.022430373,0.023886986,0.024994275,0.026746228,0.02523917,0.025233787,0.025629593,0.024572214,0.026405577,0.027915224,0.027514476,0.02803283,0.029540036,0.029931655,0.030936668,0.03216811,0.02969271,0.03087269,0.031118242,0.033176128,0.034395482,0.035158977,0.03694135,0.035273563,0.03517943,0.03523522,0.034578647,0.037592012,0.039281525,0.040025774,0.03937023,0.037795726,0.037977334,0.038820334,0.043653157,0.04542251,0.04890444,0.05224278,0.050013684,0.052032363,0.05526638,0.05589485,0.057815287,0.059104763,0.05651193,0.05950667,0.060738664,0.059477136,0.061562557,0.06525996,0.06912821,0.07450366,0.07817907,0.08230358,0.080948025,0.0809602,0.08551508,0.08515423,0.08998622,0.09765472,0.09726545,0.09689929,0.103750594,0.106875144,0.10977126,0.11787037,0.11649871,0.11667195,0.11599962,0.11122772,0.11362457,0.10918678,0.10815254,0.1114472,0.10876518,0.10805329,0.10701307,0.097531,0.09050186,0.084674895,0.07884052,0.07781201,0.07659441,0.07328202,0.06948893,0.06475435,0.062406786,0.06298406,0.06402684,0.062945254,0.057532676,0.051904067,0.04961094,0.046396025,0.046429735,0.045587912,0.041818388,0.041237358,0.040178675,0.03972228,0.039581448,0.0361804,0.03654641,0.037085157,0.03490523,0.034079637,0.031782724,0.029437477,0.02919883,0.028847434,0.027343113,0.02573991,0.025122577,0.025505196,0.025671711,0.025211422,0.025852961,0.024650428,0.023381693,0.026285138,0.026072698,0.025930023,0.024896247,0.02238021,0.02090337,0.01943778,0.01884782,0.01765183,0.017368378,0.018837221,0.018383741,0.018036025,0.017252859,0.016374016,0.016073726,0.01495738,0.015175357,0.013939499,0.015131232,0.015604905,0.01581053,0.016881354,0.014644757,0.012397208
0.010868705,0.013042141,0.014854732,0.0139803,0.014494163,0.014016003,0.014772156,0.015536962,0.015568066,0.016912296,0.017316747,0.018721113,0.019247964,0.01905814,0.018615343,0.016779207,0.016267376,0.016904835,0.017803228,0.019196521,0.019575588,0.018776737,0.01867431,0.01959361,0.019661404,0.021240562,0.020759342,0.019886145,0.021688394,0.020739378,0.022206884,0.023693092,0.023669615,0.024889965,0.024955135,0.02418488,0.024181908,0.024436193,0.024070483,0.025060108,0.025305593,0.02550476,0.025758626,0.02643223,0.026716648,0.02663461,0.027552912,0.028373213,0.031226583,0.032061398,0.03383925,0.03382978,0.031744696,0.03254075,0.03354186,0.03372267,0.03732485,0.039590586,0.039432954,0.040338513,0.038291868,0.03952318,0.041263994,0.043016125,0.046520878,0.045745913,0.046737593,0.04744766,0.04655049,0.05362296,0.05519824,0.05670917,0.059512004,0.056296997,0.058635335,0.059653316,0.06391705,0.07155546,0.0721094,0.07669482,0.072502375,0.07111151,0.07669284,0.08290812,0.090670094,0.09287835,0.09747934,0.09908866,0.10377832,0.10954269,0.10992803,0.10968062,0.1147937,0.116553366,0.11642348,0.116783544,0.11112239,0.1083426,0.105464764,0.10548266,0.108897604,0.11066133,0.11399789,0.114412054,0.10808747,0.10412864,0.098446466,0.09143585,0.08800001,0.08318915,0.079863496,0.08037608,0.07701959,0.07187263,0.06802634,0.0602241,0.05612266,0.053111847,0.05101434,0.04885142,0.046693247,0.043928895,0.042124756,0.04043228,0.039393865,0.03697284,0.03444021,0.03148014,0.02936871,0.028104099,0.026137829,0.024790097,0.024095401,0.023327626,0.02260937,0.022654884,0.021298757,0.01968004,0.020479582,0.01994284,0.018922156,0.01839995,0.018191623,0.017961184,0.017995965,0.017657693,0.016836684,0.016246472,0.016205298,0.016661566,0.016483316,0.01708052,0.016355798,0.01504325,0.014803293,0.014266311,0.014446973,0.015252988,0.015450521,0.01533537,0.014380556,0.013098557,0.011876842,0.01164572,0.011864759,0.012969222,0.012901119,0.012741433,0.01328152,0.013345718,0.013594376,0.011894129,0.00961659
0.010109925,0.012336466,0.014595565,0.015241807,0.015924789,0.017028823,0.017407002,0.017671,0.016911652,0.016063182,0.016349636,0.016011773,0.017111031,0.018668408,0.02023174,0.021792201,0.021195954,0.02114366,0.019842,0.018664451,0.019867525,0.019627318,0.01950766,0.019710332,0.019965177,0.021279821,0.022192989,0.023539167,0.02391598,0.023460688,0.023842486,0.023153223,0.024094338,0.024575008,0.024581967,0.02506287,0.025465954,0.025354397,0.027112372,0.027394213,0.028036168,0.030265132,0.032899108,0.03420567,0.034430917,0.033972718,0.03254877,0.033236876,0.034399733,0.034521066,0.035794795,0.037527844,0.037632365,0.03966117,0.03978649,0.041181386,0.04135371,0.040960472,0.044627637,0.044701163,0.04766125,0.051036075,0.04936045,0.050225362,0.05064636,0.0522452,0.055436738,0.05972014,0.061580867,0.0626081,0.06437269,0.06175091,0.06433873,0.06661355,0.06571274,0.07099914,0.07295492,0.07789992,0.087794736,0.09080254,0.09602709,0.09864231,0.1008545,0.107802674,0.114973925,0.119625,0.12017859,0.12659852,0.12769184,0.12795658,0.12948012,0.12700799,0.13400719,0.14523236,0.15042008,0.15281245,0.14678326,0.1372648,0.13188905,0.12769488,0.13738976,0.13584219,0.13302827,0.13167286,0.11507181,0.10975719,0.108942434,0.10062468,0.09868674,0.09547415,0.09579762,0.09329708,0.083779804,0.07653439,0.062112562,0.058919083,0.062227596,0.06070144,0.058367833,0.0514941,0.044816583,0.045646206,0.045519803,0.0449811,0.043234106,0.03899654,0.03693947,0.036138933,0.03528709,0.03517422,0.03283271,0.031518202,0.028688185,0.026127722,0.024242833,0.024785249,0.02429938,0.023431163,0.023020988,0.02041114,0.01945311,0.019026969,0.018121095,0.018863348,0.018229114,0.018536301,0.018312648,0.01718107,0.01655174,0.016846254,0.01796717,0.017216569,0.017998932,0.017587608,0.016671252,0.016897544,0.016111085,0.015412278,0.014647311,0.015763089,0.015292859,0.016033212,0.016017046,0.014098702,0.014311711,0.012467202,0.012160974,0.012003521,0.011867967,0.011671774,0.011644973,0.01075343,0.009072835
0.012574548,0.015244301,0.01753202,0.017663611,0.017788738,0.019131076,0.020879524,0.022644497,0.02316295,0.022573445,0.021270161,0.019901846,0.01993444,0.020905374,0.022699364,0.025161883,0.026462298,0.026209993,0.026321506,0.025575133,0.02497633,0.025017526,0.023786098,0.024940852,0.02504623,0.026408734,0.029300826,0.028382348,0.02908891,0.029749457,0.029000692,0.029883727,0.030767106,0.030440366,0.030343141,0.030008392,0.031284288,0.03269575,0.032498386,0.033143293,0.03186972,0.02935498,0.029055761,0.030262614,0.03153551,0.034884036,0.036866404,0.035090584,0.037647676,0.03808343,0.04073089,0.044898987,0.044491414,0.045957025,0.045273535,0.047609918,0.04852089,0.047694277,0.04993277,0.049689535,0.051331565,0.055688143,0.060182016,0.064491674,0.068370685,0.06687164,0.0648135,0.06440064,0.066367626,0.0716972,0.0771311,0.07971039,0.08268162,0.086257875,0.09352479,0.09741868,0.09956782,0.10024254,0.09532152,0.101618916,0.0996637,0.104072444,0.11429484,0.117851004,0.123740084,0.12917687,0.12940837,0.13199751,0.14330356,0.14983425,0.15205388,0.15609525,0.15245128,0.15257505,0.15386316,0.1535638,0.15475036,0.14884761,0.14311984,0.14822388,0.14048485,0.13904257,0.14522378,0.12518445,0.12498437,0.1261963,0.12048825,0.120086364,0.12006703,0.109372534,0.10127375,0.097469956,0.08922052,0.08855273,0.08300155,0.08421376,0.08047018,0.07731387,0.07380348,0.070782445,0.06807172,0.063669056,0.06261388,0.059193604,0.059082564,0.05506152,0.051006794,0.046925664,0.040864576,0.0403384,0.04219064,0.04042148,0.039010055,0.03754331,0.032959867,0.03153702,0.0295876,0.027457625,0.027005652,0.024906717,0.022891711,0.023452608,0.022842234,0.023290044,0.02468975,0.023803258,0.022443384,0.021874787,0.021188997,0.019598968,0.019699937,0.019869238,0.01886834,0.018795183,0.019665342,0.018932031,0.01867166,0.020080788,0.018698573,0.018170767,0.018552296,0.018542966,0.018648678,0.020201227,0.019427188,0.017276924,0.015996436,0.013667078,0.012910182,0.013565778,0.013427416,0.011888951,0.010155568
0.012884825,0.016750919,0.018974548,0.01884876,0.017929232,0.017179647,0.017482273,0.017901665,0.019306766,0.019590868,0.020531345,0.020348147,0.0202783,0.020830909,0.021025546,0.0213283,0.021774506,0.021888051,0.02138655,0.022882957,0.022724144,0.023833936,0.02430596,0.023638254,0.024772702,0.025086364,0.026140988,0.027647603,0.027621485,0.026997466,0.027903063,0.027976356,0.028929617,0.029152421,0.026874077,0.028096028,0.028799986,0.029782074,0.0333277,0.032094557,0.033601508,0.035262927,0.03392482,0.038444355,0.038498927,0.037332185,0.03928786,0.03785452,0.03923704,0.041659296,0.04124451,0.04317677,0.04215871,0.044819415,0.044508923,0.04369485,0.04635576,0.04539496,0.052582793,0.05424342,0.05621237,0.05787268,0.057552546,0.058949497,0.06552923,0.06697106,0.0709774,0.07208104,0.07037419,0.07418254,0.071942344,0.07829806,0.081199296,0.081633046,0.08522756,0.09091756,0.09224266,0.10389448,0.10631767,0.10873283,0.1152621,0.112235606,0.11483886,0.12253278,0.1271947,0.13902646,0.14654672,0.14408132,0.14323641,0.13366392,0.14481385,0.1470086,0.15598892,0.16762793,0.16027212,0.16126512,0.15760124,0.1500737,0.14996538,0.1489383,0.14667207,0.14639749,0.14096412,0.13494733,0.12377809,0.1125387,0.10326451,0.09345558,0.085968606,0.07966089,0.07289477,0.0665574,0.06256801,0.055203035,0.048627187,0.045108315,0.041965663,0.040245093,0.039357852,0.036761444,0.036050897,0.035767563,0.033498254,0.03312571,0.031382736,0.029854365,0.029107017,0.02786236,0.02605166,0.022852195,0.020432802,0.019365743,0.019802505,0.020256795,0.020781688,0.020416463,0.020596933,0.020107927,0.020580448,0.020397456,0.018336354,0.017460158,0.016650438,0.016311312,0.016201613,0.016141651,0.015544356,0.015570938,0.016579688,0.01726784,0.017134199,0.016198456,0.015274619,0.014619741,0.015033338,0.015656186,0.016154325,0.01610045,0.01515272,0.015157552,0.015291967,0.015684118,0.015845189,0.015036823,0.014654431,0.014286364,0.013863668,0.01500799,0.015378144,0.015490125,0.015139989,0.013318652,0.010313369
0.012565995,0.015028213,0.016825158,0.017366545,0.018227302,0.018798133,0.019879129,0.018455071,0.018800678,0.01917877,0.019985046,0.022468211,0.021673054,0.022740664,0.022750905,0.021385655,0.022792963,0.024314675,0.024846163,0.024834024,0.025734311,0.024573458,0.025623575,0.026124522,0.026598103,0.027243236,0.027474465,0.02835661,0.029837593,0.0327177,0.03214846,0.032461338,0.030871848,0.02863443,0.02933615,0.031325612,0.032352485,0.03258791,0.03338797,0.0333878,0.033835337,0.033883687,0.033686493,0.03529208,0.03848198,0.03995838,0.043616123,0.04241301,0.040148027,0.041159604,0.04163097,0.04807861,0.051424738,0.051889744,0.05380169,0.05338725,0.055540852,0.060316436,0.05888286,0.05928581,0.058153894,0.057257753,0.059541136,0.059393883,0.06080329,0.06657408,0.06767687,0.0698271,0.07471431,0.076615565,0.083869874,0.09148278,0.09222342,0.09146828,0.09071619,0.09088352,0.105736345,0.1091739,0.115169294,0.11626932,0.10969444,0.1174531,0.12080653,0.12635171,0.13762651,0.14371984,0.14685303,0.14950259,0.14514422,0.14251435,0.14448753,0.1491165,0.15494119,0.16017811,0.16664705,0.16356392,0.16186665,0.15907481,0.15525398,0.15053302,0.14766861,0.1485724,0.14122663,0.14124559,0.13411681,0.12386634,0.11755363,0.112670206,0.10855392,0.10276687,0.09621271,0.0913026,0.094069235,0.09133059,0.09207779,0.08996294,0.08218111,0.07637577,0.07116126,0.06933514,0.0644693,0.061494734,0.058828227,0.055192288,0.053600788,0.054331742,0.053186547,0.050317995,0.04731353,0.04407928,0.04191017,0.03967981,0.038276546,0.039085574,0.03849837,0.039037403,0.039480086,0.036992386,0.03611857,0.036087606,0.033550177,0.032363888,0.03157665,0.029195912,0.030166863,0.029013982,0.028292656,0.028056303,0.027078899,0.027515411,0.026241984,0.027014507,0.025961833,0.0257661,0.026967388,0.026082328,0.025753353,0.025671795,0.025358446,0.024241233,0.028205192,0.027754607,0.0275407,0.02776169,0.02366311,0.02322163,0.022574574,0.022115238,0.02024032,0.02006736,0.019735878,0.017940503,0.016499734
0.010447916,0.013171162,0.0150786,0.015035505,0.01534591,0.014949391,0.015667645,0.01564727,0.017734064,0.019461965,0.020041976,0.021555394,0.020153373,0.021060884,0.021389004,0.02140608,0.02252027,0.02342009,0.023111137,0.022770373,0.022970108,0.023094753,0.024331152,0.024904612,0.02454237,0.025772661,0.027114952,0.027271245,0.03138214,0.029911036,0.030110385,0.031371955,0.03134689,0.033615757,0.03561793,0.03677502,0.03544802,0.036177192,0.03443002,0.035528846,0.036979318,0.03623351,0.036195736,0.0355082,0.03676557,0.039513197,0.04098187,0.043948114,0.042553853,0.044313632,0.046043828,0.044542804,0.04708892,0.044463724,0.044287,0.046433125,0.050993808,0.054116704,0.06014993,0.066402,0.066219874,0.066835985,0.06302729,0.059063558,0.061483067,0.065273255,0.07252715,0.07259784,0.07628046,0.08220216,0.079650074,0.08675542,0.084746145,0.082717516,0.08936793,0.09344423,0.09966812,0.10384435,0.10514658,0.10553312,0.11078541,0.117122166,0.1283285,0.13538896,0.13502674,0.13936141,0.13546033,0.14134413,0.14981283,0.15223113,0.1567302,0.15797365,0.16018331,0.16600339,0.16396523,0.16094157,0.15676504,0.15399928,0.15388235,0.15421622,0.14891776,0.13949823,0.13269849,0.1244354,0.12292744,0.11590227,0.11357589,0.103120655,0.09972664,0.09494319,0.09020217,0.09137222,0.08193391,0.07924327,0.07422962,0.073572986,0.071038246,0.06699588,0.064764164,0.05552183,0.05417163,0.051834904,0.053971834,0.054876253,0.053533155,0.053089883,0.049073964,0.047650218,0.04611723,0.04343193,0.04375021,0.041656557,0.04122261,0.041744996,0.038329363,0.037908766,0.037845027,0.035640676,0.0353288,0.036396127,0.035383,0.036552086,0.036746398,0.034948245,0.032712635,0.032892216,0.031762574,0.031469166,0.03338373,0.032452438,0.03192688,0.030848997,0.028634902,0.027631791,0.026381038,0.025167312,0.025968984,0.025336599,0.025298627,0.025850605,0.024860531,0.025941981,0.026690625,0.028058251,0.028525263,0.027491769,0.027800243,0.026583819,0.025246587,0.024210708,0.023648728,0.021460012,0.018013338
0.013798214,0.016284585,0.01825141,0.01701308,0.01673044,0.017269537,0.018769577,0.019504467,0.020912455,0.022339297,0.02192457,0.022034906,0.022031428,0.021758337,0.024287056,0.025538012,0.02670822,0.026661744,0.024609348,0.025286743,0.024260893,0.024181059,0.024594463,0.024431122,0.026786506,0.029230375,0.030154463,0.03126863,0.029895088,0.02928426,0.030396726,0.029703435,0.030929567,0.032741033,0.03253124,0.032784637,0.033428926,0.03324478,0.034478217,0.036937162,0.037238363,0.0355204,0.03545792,0.03377709,0.033718985,0.03829745,0.040971614,0.0453099,0.047478285,0.047465984,0.047661647,0.04582222,0.044597577,0.04546722,0.04970776,0.051973928,0.05593907,0.05564273,0.054769948,0.059448384,0.06293102,0.0660237,0.065952666,0.06286501,0.06782396,0.07194513,0.076698795,0.081362695,0.08060568,0.08169867,0.08466292,0.09026309,0.09432623,0.097876675,0.10323175,0.10290264,0.10364804,0.10498504,0.10521645,0.10624363,0.10884803,0.11686603,0.117578626,0.13291031,0.1455393,0.14978392,0.16069615,0.15871792,0.1598948,0.15702197,0.15210296,0.15953305,0.160801,0.16662072,0.16774452,0.16209015,0.15995608,0.16197093,0.15944442,0.15753321,0.15385526,0.1422981,0.14278287,0.13527106,0.12685429,0.12120678,0.10970389,0.10393943,0.09400052,0.0895619,0.08714597,0.078496255,0.07426106,0.06812062,0.061282787,0.057969574,0.056180663,0.053610686,0.048503652,0.048267666,0.042909205,0.04062328,0.039147522,0.035958827,0.038100593,0.036323983,0.033829488,0.03096269,0.027501896,0.024774697,0.024770692,0.024291547,0.024368212,0.024506532,0.02431992,0.023113923,0.022471106,0.022154348,0.021660848,0.023189887,0.023529354,0.02347002,0.024122814,0.022707526,0.022244928,0.02099594,0.020267418,0.02001611,0.018752778,0.020115407,0.019992957,0.020405566,0.021208977,0.020592887,0.020547837,0.02051593,0.020360725,0.019373743,0.018418575,0.017934415,0.01771766,0.0177668,0.017697934,0.017574953,0.017828543,0.01726698,0.018218722,0.017274851,0.015531572,0.015379695,0.014933636,0.014617763,0.012883
0.012775437,0.015038884,0.017479831,0.01723683,0.01741208,0.017193956,0.017776731,0.018811513,0.018972708,0.019279728,0.01912983,0.017857645,0.017981179,0.01909608,0.019065244,0.020461882,0.020978643,0.021296278,0.022269763,0.02382486,0.024577543,0.026046474,0.02624639,0.024813822,0.024825016,0.023797294,0.02612187,0.026433572,0.027436716,0.029537108,0.028040672,0.029118137,0.030309608,0.031721283,0.033354096,0.033782054,0.03360797,0.033328217,0.03279549,0.034621943,0.03398642,0.03363636,0.036387026,0.039515026,0.04167811,0.04403214,0.044157706,0.044002,0.04574543,0.047242984,0.052130986,0.05157039,0.052534733,0.052737884,0.051107652,0.054564305,0.055721153,0.059425622,0.05947877,0.062462106,0.06248842,0.064622015,0.06582785,0.06625524,0.06922327,0.0680074,0.07028597,0.07162916,0.073062964,0.07700015,0.082249776,0.08624312,0.09695905,0.09601042,0.09602526,0.09700243,0.10119071,0.107980706,0.11518669,0.123806655,0.12288679,0.13103186,0.13192457,0.13611999,0.1406451,0.1447389,0.1519213,0.16043542,0.15866902,0.16096409,0.1597485,0.15156671,0.15802598,0.15792036,0.16057596,0.16500965,0.16680953,0.16026857,0.15907069,0.15022905,0.1406514,0.14381911,0.13714771,0.13457172,0.13101362,0.12171322,0.1135286,0.107344195,0.09934519,0.09157698,0.09502049,0.09356151,0.09123879,0.091461554,0.08051931,0.074813806,0.06963631,0.062165957,0.058138557,0.05543268,0.05682122,0.05464547,0.05555873,0.05313994,0.05043139,0.050317023,0.048054945,0.048223253,0.04630021,0.042817637,0.04101965,0.037312802,0.036642753,0.034851413,0.03511311,0.035314754,0.037014116,0.03710038,0.035825484,0.035016555,0.033794567,0.03434543,0.03676904,0.036663193,0.034848318,0.03493801,0.033470567,0.032733757,0.03436376,0.032604173,0.031424236,0.032915063,0.03135794,0.03241694,0.031616613,0.031533606,0.029545277,0.028117046,0.028135337,0.027195109,0.027504858,0.028345888,0.031328347,0.031124663,0.031329546,0.031358607,0.027718766,0.028238846,0.027250204,0.026055446,0.025880741,0.02158192,0.018972853
0.01567004,0.019229278,0.02262204,0.023130817,0.023232587,0.023947006,0.024651704,0.024289152,0.026895283,0.027190547,0.026234036,0.026665388,0.024996717,0.025167992,0.025100965,0.02520583,0.02457944,0.024440002,0.026301423,0.03030979,0.033903383,0.035184834,0.03571113,0.034242168,0.03307451,0.034068204,0.034296624,0.032866172,0.033810444,0.03468817,0.034361403,0.03777603,0.03586982,0.03451473,0.037442375,0.038037222,0.0424586,0.044804037,0.04326871,0.04198229,0.041271567,0.04011132,0.042118262,0.044029195,0.048671935,0.04972573,0.050793458,0.055138912,0.051924907,0.057654962,0.058674283,0.05752996,0.059207972,0.06033334,0.06050299,0.059372045,0.060987256,0.056393925,0.060076762,0.067837484,0.07227358,0.07553488,0.07930527,0.07815998,0.08341055,0.087703966,0.09326607,0.0996112,0.1014299,0.09923675,0.09873889,0.09746659,0.09986683,0.10844279,0.11744061,0.122679256,0.12207619,0.119877644,0.121488,0.123890534,0.13497762,0.14618789,0.15383415,0.15817028,0.16346827,0.16416273,0.16740586,0.17331514,0.17105429,0.1731447,0.17233188,0.17412919,0.17426941,0.17509462,0.17202567,0.17069502,0.1682492,0.1672219,0.15923914,0.14722514,0.1378141,0.12675133,0.12204971,0.11636398,0.1123687,0.10612375,0.101821765,0.10378674,0.10673217,0.1021713,0.09724262,0.08384257,0.07317589,0.074576825,0.07533693,0.07868607,0.07639787,0.07286286,0.070992775,0.06788534,0.068626374,0.06400087,0.059454627,0.058448862,0.05164423,0.052113187,0.052601885,0.05077406,0.053485516,0.05245189,0.05169839,0.048878938,0.04366307,0.042240247,0.039245,0.042402763,0.04533932,0.045914344,0.044014845,0.040276874,0.03715062,0.03420631,0.035070818,0.035755318,0.036157332,0.037219256,0.040563606,0.039960843,0.03978707,0.038363945,0.036207385,0.035548933,0.033851337,0.033638142,0.029622141,0.029744647,0.03249357,0.032897748,0.035747178,0.038691882,0.036440585,0.036211796,0.033440217,0.02916841,0.028251614,0.028185291,0.027832001,0.02694668,0.028223297,0.025612865,0.024264975,0.02247897,0.01650063
0.013787041,0.016759643,0.020179728,0.020238899,0.020263415,0.020513004,0.019659763,0.020287499,0.021017378,0.0202738,0.021398079,0.022268532,0.021861842,0.023227967,0.023488244,0.02373297,0.02500697,0.025924036,0.02531924,0.023980249,0.024087135,0.023165196,0.025711257,0.027463712,0.027409527,0.028619468,0.02867067,0.03012037,0.030856624,0.03166742,0.032719254,0.03206465,0.033214945,0.034671452,0.034237105,0.035338607,0.03515033,0.03567744,0.037230257,0.03759471,0.038425095,0.038232867,0.037548896,0.037944917,0.040586162,0.04280562,0.043344688,0.045927662,0.048708566,0.05068903,0.054397866,0.053414628,0.05101181,0.054697994,0.056064416,0.06125754,0.062117137,0.061335977,0.06041627,0.060607195,0.06325985,0.06848549,0.073879205,0.07900829,0.08460605,0.085563615,0.091481954,0.08984478,0.09777604,0.09972278,0.10168452,0.11029967,0.10704144,0.11633825,0.12459613,0.12476528,0.1314963,0.12892528,0.13023192,0.13550508,0.14290226,0.14841376,0.15336232,0.16064325,0.15799324,0.16930714,0.1684012,0.17241374,0.17643169,0.17507496,0.18839383,0.18454494,0.19396187,0.19700755,0.1810561,0.17815189,0.16793887,0.16306482,0.16563387,0.16653208,0.16299942,0.1510759,0.1446088,0.13246855,0.12129287,0.113947675,0.10649825,0.10411338,0.10342115,0.101937376,0.09986506,0.09236917,0.0812364,0.07507447,0.06937854,0.06899046,0.072427526,0.069758184,0.06535103,0.06537761,0.06215462,0.06132432,0.05965693,0.057005912,0.051494982,0.049184464,0.051042557,0.049272984,0.050406195,0.051537517,0.04795131,0.046812035,0.04636516,0.0436849,0.04232591,0.04142231,0.039368343,0.03590274,0.036266487,0.03656873,0.03798103,0.037746776,0.0386841,0.038541287,0.037189808,0.038325924,0.03628435,0.03475076,0.033384174,0.036343757,0.037427336,0.0395239,0.03995494,0.036774963,0.036177788,0.035335638,0.034233037,0.034505453,0.034268714,0.03301745,0.03261108,0.035597805,0.037041824,0.03652655,0.03760609,0.03437463,0.03354303,0.03343054,0.034755427,0.033706397,0.031252243,0.028135182,0.020253273
0.016960239,0.020351082,0.023729723,0.023682693,0.02446038,0.024849039,0.026568172,0.027545275,0.028344655,0.030214613,0.029503029,0.03048483,0.029547462,0.028371124,0.028643541,0.02919261,0.031967256,0.034276903,0.035011347,0.03470231,0.033047482,0.032732718,0.036108408,0.0369538,0.038679756,0.038069025,0.035146557,0.03669415,0.03708221,0.03752136,0.03789496,0.036585942,0.03846192,0.040878918,0.04421949,0.04843683,0.05025902,0.049443383,0.049952045,0.04889826,0.050124615,0.053685036,0.052931644,0.051972307,0.053275388,0.053277716,0.05707672,0.05955583,0.05644279,0.058706075,0.058530517,0.06881839,0.072676055,0.07673196,0.08048454,0.07583133,0.07323675,0.076110095,0.07727806,0.07655897,0.08078677,0.07848848,0.0836093,0.09000076,0.096609704,0.10519732,0.10380808,0.10477996,0.107042566,0.10640761,0.11463455,0.11900439,0.123574436,0.12865077,0.13217857,0.13932653,0.1413206,0.14246969,0.14350007,0.14254001,0.14186235,0.14922653,0.15971085,0.1705808,0.18005936,0.18268096,0.18681291,0.17727555,0.17909077,0.18353833,0.17614156,0.18025826,0.17212906,0.16885847,0.16401926,0.16556731,0.16605942,0.15175568,0.15570296,0.14527205,0.13934906,0.1380613,0.12603916,0.12522264,0.12019409,0.11399909,0.10988436,0.10073367,0.09982384,0.09772019,0.09575906,0.098439716,0.09799636,0.09629153,0.08979584,0.0812945,0.072555274,0.07377146,0.07210135,0.07026884,0.06580813,0.06120512,0.060311463,0.06155522,0.06265162,0.062464353,0.06117726,0.05911164,0.05751307,0.052945558,0.05304118,0.052984346,0.05320465,0.0528722,0.048268087,0.043189555,0.039225057,0.03876941,0.038521837,0.03884093,0.038313158,0.042040985,0.046207912,0.048153073,0.04885009,0.047869682,0.045150682,0.04606767,0.04527328,0.042226743,0.040388815,0.036731657,0.03761013,0.035642132,0.03762226,0.037808936,0.03571432,0.040310174,0.03902536,0.03905709,0.04216394,0.042162962,0.041675296,0.04450844,0.043184727,0.0420038,0.040774655,0.036829747,0.033285063,0.029965932,0.031331368,0.02682538,0.023803238
0.017206263,0.02019758,0.024635408,0.025075654,0.025993947,0.026936311,0.024945855,0.02344976,0.023847742,0.024937829,0.026280235,0.027987715,0.02845362,0.028017862,0.028076494,0.028932897,0.027082315,0.02776635,0.02906284,0.028790774,0.030722456,0.03106939,0.031066094,0.031596582,0.033396494,0.035307735,0.03508102,0.037386358,0.03791852,0.03841242,0.038708143,0.03929125,0.038844142,0.037689857,0.042095274,0.039340254,0.039736096,0.044307183,0.040873658,0.041789632,0.04253047,0.038691424,0.04384495,0.044418056,0.044783108,0.04716382,0.044384878,0.046975296,0.048877724,0.053398535,0.058602426,0.058631763,0.060135983,0.057071045,0.057721503,0.063973024,0.06557045,0.069750965,0.069983274,0.0691005,0.07159578,0.07428998,0.07755773,0.0811496,0.0868444,0.09132562,0.098523445,0.10133749,0.102549054,0.10261848,0.09630459,0.10265114,0.10276961,0.10584079,0.11254219,0.10791228,0.11831586,0.12325052,0.13010821,0.14110802,0.1433702,0.1469216,0.15260565,0.1554252,0.161081,0.1702572,0.18260159,0.19011495,0.1951688,0.19013959,0.18798842,0.18820557,0.18211195,0.1859714,0.18074411,0.17081015,0.17026849,0.17475721,0.1672612,0.16653593,0.16065934,0.14715193,0.14190438,0.13719214,0.12474331,0.115074076,0.10815053,0.097019084,0.1011803,0.09694076,0.09470227,0.09108504,0.08414242,0.079780996,0.076786585,0.07504103,0.07418631,0.07821754,0.07292663,0.071335845,0.06834417,0.059142843,0.058963776,0.060961995,0.05986077,0.058878634,0.054943092,0.05102972,0.05291636,0.055802673,0.057206128,0.057292834,0.056409847,0.052321788,0.05233456,0.050933912,0.046991955,0.04822795,0.047443938,0.049315155,0.05083399,0.04879926,0.04691611,0.044047453,0.043152902,0.042692028,0.044732317,0.045088496,0.04535049,0.04475106,0.040809885,0.038961243,0.040052738,0.040299658,0.04106971,0.04041622,0.03700078,0.036354467,0.035912458,0.036484417,0.040388957,0.040339313,0.04081607,0.039652344,0.03799523,0.03800188,0.037988167,0.04110955,0.03912255,0.038673084,0.036739424,0.0303926,0.024971243
0.008929734,0.010831975,0.013185404,0.013432859,0.013724729,0.013860831,0.013130175,0.013552381,0.013181206,0.013998059,0.01481867,0.015888888,0.016814975,0.017047232,0.017267939,0.016473198,0.017589929,0.01814892,0.01869441,0.01960316,0.020335581,0.021239808,0.023161579,0.023716168,0.023737097,0.024787664,0.024144515,0.023899259,0.025602147,0.027342651,0.027789125,0.029856402,0.030691044,0.03095826,0.032484524,0.033503078,0.034111217,0.034146994,0.034131497,0.036969557,0.03621766,0.03805319,0.03993802,0.037979223,0.042285122,0.043094598,0.046846952,0.048859697,0.047492966,0.04929253,0.047664665,0.050787367,0.05342539,0.057046108,0.058755632,0.057489812,0.058780003,0.059808582,0.06334106,0.06648004,0.06690744,0.06697661,0.07081461,0.07908679,0.08550002,0.09387965,0.09970945,0.09860968,0.10690756,0.10475384,0.104216725,0.10830134,0.111324646,0.117093585,0.122083284,0.13400307,0.13864143,0.14552696,0.1549624,0.1587811,0.1587414,0.16240318,0.17028326,0.17074317,0.18302247,0.19793156,0.19437134,0.19779983,0.1958228,0.19395262,0.19575325,0.19628818,0.19307312,0.17930342,0.1807441,0.18206944,0.17357479,0.16999692,0.165267,0.14792743,0.14742711,0.14483672,0.12583147,0.12221352,0.11557879,0.103355944,0.10488525,0.099407695,0.08995639,0.0931361,0.0852812,0.08406111,0.08139144,0.07677681,0.075406566,0.07327199,0.07142989,0.065914854,0.063863665,0.05968205,0.060666613,0.05923834,0.05776972,0.055753265,0.054493662,0.05265347,0.054603048,0.058470502,0.058384195,0.062283438,0.062311783,0.058772992,0.0599534,0.054601613,0.051068272,0.050273944,0.050043665,0.049766973,0.048020404,0.04793313,0.04563545,0.044140127,0.045520402,0.04216824,0.0397168,0.041560806,0.038251724,0.037690137,0.035306334,0.036077607,0.036501534,0.036099188,0.036766205,0.032223504,0.03282299,0.03458353,0.034650777,0.035160672,0.034102965,0.031117624,0.029241487,0.029938793,0.02875909,0.030596612,0.032591213,0.0322934,0.030623833,0.028292837,0.02766436,0.026617603,0.026775599,0.025450133,0.02048398
0.013074423,0.015755378,0.017967418,0.017697634,0.019262787,0.019609498,0.020008331,0.021562265,0.021133147,0.021121286,0.021633187,0.021770502,0.022307824,0.022979446,0.023373168,0.023431085,0.022115413,0.022965617,0.0220615,0.021795316,0.02261285,0.023830103,0.025324,0.026318109,0.027979504,0.02835552,0.027698537,0.02668039,0.02726667,0.028430546,0.029091502,0.029665947,0.028791888,0.028808275,0.029914118,0.03251875,0.034301795,0.03496268,0.03608232,0.03719547,0.03856419,0.04158359,0.043335456,0.043332145,0.042719033,0.039341897,0.041437343,0.042687304,0.04627868,0.05067721,0.0488652,0.049885295,0.04912359,0.051681448,0.05758017,0.060630973,0.066098735,0.06523237,0.067329586,0.07091601,0.07351537,0.07618292,0.08180593,0.08346068,0.089517616,0.09229347,0.09089852,0.10209848,0.10005415,0.10929478,0.11831358,0.12006677,0.12262115,0.12621497,0.12551488,0.13430572,0.14750482,0.14938784,0.15962893,0.15722053,0.16316761,0.16705935,0.17200361,0.1771451,0.1848066,0.1925661,0.19396101,0.19334207,0.190862,0.1898903,0.1899748,0.18309699,0.18476427,0.1830337,0.18082951,0.18908073,0.172601,0.16483891,0.15253852,0.14646631,0.13951822,0.13366,0.1286016,0.11498249,0.113828756,0.10904565,0.110066295,0.10725464,0.10567152,0.097803,0.08589776,0.080451645,0.07350183,0.072291456,0.072279096,0.07217104,0.07197889,0.06928171,0.06669505,0.06308622,0.058549933,0.059413634,0.058946084,0.059896335,0.059705228,0.05973732,0.05663226,0.057077922,0.059685357,0.058259003,0.0596887,0.05741726,0.051521286,0.04808666,0.048264943,0.047629174,0.049154345,0.052925512,0.050326757,0.049107987,0.046798732,0.04014444,0.039473806,0.03805022,0.0380695,0.03637596,0.035853844,0.035168372,0.033360355,0.034317154,0.0329482,0.03302144,0.03307321,0.032643896,0.03236854,0.030088983,0.030404594,0.028951887,0.0278707,0.027389215,0.025962733,0.027741315,0.027585898,0.028480439,0.030115902,0.027701072,0.02854568,0.028062068,0.025732534,0.028026178,0.02729135,0.024727814,0.021483062
0.011369179,0.013008958,0.015267966,0.016183117,0.017699108,0.019254414,0.019586718,0.021172369,0.021633688,0.022655802,0.023293734,0.022419557,0.022467617,0.021685265,0.022164661,0.023181897,0.025148802,0.02527044,0.025674203,0.025449732,0.024663916,0.024892515,0.024964608,0.024974529,0.024141822,0.026032876,0.02875291,0.030338103,0.032890495,0.0343492,0.03583408,0.035703946,0.037427597,0.039604414,0.039253723,0.040237945,0.041377228,0.039285406,0.03835397,0.03962073,0.03866456,0.0389636,0.03955368,0.040472675,0.044185042,0.04562914,0.04551835,0.04470575,0.044030946,0.048847966,0.05360549,0.057528432,0.059363134,0.05946111,0.06124669,0.06272094,0.06618038,0.06810514,0.07052758,0.07941403,0.07947963,0.083739124,0.085484676,0.08587814,0.09456237,0.09962828,0.105286285,0.10931441,0.1113446,0.121514864,0.12773134,0.12782298,0.13567768,0.13603343,0.13949156,0.1414909,0.14769194,0.14998008,0.15865114,0.16515683,0.16568924,0.17379406,0.17456196,0.18432328,0.18995017,0.1961023,0.19472969,0.19154525,0.18907748,0.18420798,0.18548194,0.179664,0.17818682,0.17392282,0.16581343,0.1606782,0.15727189,0.15132563,0.14970692,0.15090474,0.14609513,0.13379394,0.1271331,0.11609989,0.105392165,0.109948374,0.099899806,0.09831525,0.09150397,0.07919246,0.07923195,0.07562933,0.0702539,0.06909019,0.06632319,0.0646714,0.06260942,0.059809227,0.058223367,0.05204395,0.051435858,0.056021225,0.058505975,0.062206157,0.05909835,0.052549835,0.054046106,0.05305969,0.055826206,0.05872051,0.056303795,0.055340525,0.05511105,0.050977424,0.049959097,0.047314525,0.04653653,0.04652846,0.043067537,0.04460457,0.043452743,0.04113297,0.044287745,0.044048883,0.04321806,0.043302014,0.040972523,0.042692542,0.042366225,0.0421576,0.044074714,0.043381844,0.04256244,0.041836433,0.03878787,0.034801066,0.035258852,0.034332395,0.0335683,0.033095494,0.030488707,0.03378927,0.032624695,0.03525724,0.036027707,0.0322889,0.03355642,0.030672334,0.030689908,0.03194284,0.030402081,0.027182536,0.022050306
0.013174535,0.015834821,0.018782688,0.018834246,0.018746275,0.018800173,0.017799683,0.017777381,0.018344017,0.018983195,0.020287147,0.019765442,0.020681953,0.020877881,0.021889362,0.02302649,0.022672433,0.023123212,0.022672746,0.024340002,0.026910147,0.02838151,0.028933888,0.028582778,0.026143279,0.027673194,0.028937036,0.027726024,0.030750984,0.029562734,0.029575285,0.030753115,0.029131418,0.028713549,0.027751025,0.029925635,0.032586325,0.03490946,0.037080064,0.037275832,0.036041178,0.037092995,0.036442086,0.03905985,0.041404326,0.0417212,0.04460423,0.04472709,0.045195993,0.045388933,0.044469204,0.047242705,0.049126808,0.052972566,0.05491732,0.056809157,0.061343938,0.06503013,0.06955633,0.07817939,0.08616958,0.08861257,0.09195529,0.09025028,0.08869953,0.09274274,0.10162741,0.10494869,0.10956976,0.11281326,0.11632709,0.1176166,0.12642361,0.13739681,0.13973036,0.15380947,0.15595599,0.15947405,0.16081649,0.16443454,0.16769944,0.17468733,0.17784148,0.17757252,0.18332705,0.18922336,0.19946048,0.20142382,0.20103031,0.19886884,0.19855253,0.19210956,0.18920067,0.18762642,0.18208326,0.17923518,0.17149341,0.1545615,0.13696282,0.13514964,0.132681,0.12692928,0.13048545,0.12476458,0.118624255,0.11132683,0.09931595,0.093488395,0.08627597,0.08753845,0.08833643,0.08220127,0.07618323,0.06964113,0.0619922,0.06147165,0.06247682,0.06306611,0.06323951,0.0607945,0.061691247,0.058758937,0.05953128,0.05929334,0.055754833,0.05970251,0.061741617,0.061012097,0.061511442,0.05889235,0.057011165,0.056991003,0.05561605,0.052755922,0.05191602,0.048750017,0.04693345,0.046483837,0.041536976,0.04053178,0.040414568,0.038456794,0.037867025,0.036465276,0.03576371,0.035391893,0.03394094,0.033902787,0.03402163,0.03278909,0.031645715,0.03109389,0.03227214,0.03559798,0.037239738,0.038847316,0.036944617,0.034013335,0.03195314,0.030442445,0.030178335,0.030050369,0.031145604,0.030352436,0.030804867,0.03197886,0.033050723,0.033209275,0.032188226,0.030973582,0.027948465,0.02427869,0.019267911
0.011070976,0.015362346,0.017199732,0.016071362,0.018355258,0.017590614,0.018621495,0.019448275,0.0195629,0.019721666,0.020704402,0.022579772,0.022158656,0.022807142,0.023786992,0.02304245,0.023808472,0.026180176,0.025824659,0.026657214,0.027505022,0.02545986,0.025661325,0.02597088,0.025230845,0.026023503,0.02565025,0.027068684,0.027503816,0.028990896,0.031024499,0.030362025,0.032959834,0.033691786,0.033737686,0.03619402,0.03775069,0.040226474,0.040597543,0.041045032,0.038911283,0.03628735,0.038225755,0.038188227,0.03809884,0.043527916,0.045395363,0.046991795,0.04878074,0.046832394,0.047789153,0.04696829,0.048848517,0.05375236,0.054566313,0.057600807,0.059222862,0.060392156,0.06145044,0.06765602,0.07052547,0.07216842,0.07944195,0.08047056,0.0832657,0.08471744,0.09381461,0.098801166,0.10644055,0.1132322,0.114611275,0.121953964,0.13129963,0.13706127,0.13730942,0.13460316,0.13124605,0.14136708,0.14996596,0.1633004,0.16928814,0.17251982,0.17064619,0.17009667,0.17831618,0.18567394,0.18862984,0.1849577,0.18407431,0.17662488,0.17677118,0.17547008,0.17160697,0.16788691,0.16519453,0.16052374,0.15095805,0.1370402,0.1258006,0.12701908,0.11896014,0.114320345,0.10983515,0.10127442,0.09322927,0.09000055,0.087790884,0.08240343,0.08062301,0.075679265,0.07181729,0.062367693,0.060247477,0.057148863,0.05257525,0.050014373,0.047510862,0.04865493,0.045071706,0.047541495,0.048512407,0.049305137,0.051034357,0.050784107,0.052397877,0.052548476,0.05194004,0.051373605,0.048582517,0.051931135,0.055093884,0.05544107,0.057178363,0.05464373,0.051347457,0.0497241,0.045398433,0.041435327,0.038998853,0.037800413,0.03686224,0.038901746,0.038796823,0.039073013,0.038430236,0.034358695,0.033617463,0.03227632,0.03380471,0.03403249,0.03466654,0.035324164,0.034186147,0.03648804,0.037582103,0.036931343,0.035642307,0.031501632,0.029763883,0.02991911,0.03169122,0.03375096,0.03521833,0.034778092,0.034171924,0.033346646,0.033327375,0.032799322,0.033547085,0.03307027,0.032721873,0.03019974,0.02533685
0.007470469,0.009917366,0.011300288,0.012064531,0.012225108,0.011966937,0.012527569,0.013056744,0.015014713,0.016726905,0.017929876,0.018385723,0.017858809,0.016810669,0.015322655,0.014566783,0.015268192,0.015420803,0.017322771,0.018701144,0.0203488,0.021121206,0.021831114,0.022391286,0.022317586,0.022607801,0.02400389,0.02397436,0.024564559,0.028433686,0.028253276,0.02798829,0.027653677,0.024675103,0.025219295,0.027185535,0.02854008,0.03088277,0.033170942,0.034079317,0.03313676,0.034496177,0.034624364,0.034468494,0.036520593,0.03694948,0.038971804,0.039877813,0.044573333,0.045262463,0.04451517,0.045444198,0.0459973,0.045636337,0.05010371,0.052633114,0.050938673,0.053010423,0.051295865,0.057625793,0.060050517,0.0649889,0.06913298,0.071525864,0.07919407,0.07853524,0.082533754,0.091154665,0.09943703,0.1075726,0.11706089,0.12516621,0.12770008,0.13217224,0.1334346,0.13550635,0.1388824,0.15284216,0.16230847,0.16640742,0.17329372,0.1712674,0.17500946,0.17580208,0.18610504,0.18695521,0.19036396,0.18538369,0.17923197,0.1877491,0.180414,0.19141033,0.18436922,0.17620192,0.17291738,0.15681602,0.14600742,0.13467595,0.12348577,0.117699675,0.11525285,0.1060452,0.10070444,0.0959451,0.08707202,0.07879219,0.07780403,0.07388649,0.075333886,0.076795466,0.074297704,0.07532093,0.07434295,0.070438065,0.06640329,0.061754342,0.060509343,0.05972955,0.060730215,0.059834618,0.057395037,0.055382397,0.052306235,0.04939744,0.05007027,0.0497083,0.047953855,0.04716446,0.04416487,0.04580811,0.046657186,0.048977196,0.049874313,0.04668709,0.04298184,0.043345135,0.048244365,0.049939923,0.05376984,0.05317608,0.052453738,0.05240279,0.05242509,0.051955245,0.054044295,0.05465493,0.051589295,0.052268166,0.050251693,0.05006953,0.048867133,0.046579182,0.0413953,0.03979394,0.04015466,0.040059038,0.039705977,0.040442236,0.042924397,0.046742957,0.04905714,0.049190607,0.050230283,0.047580667,0.046929423,0.044712458,0.04696869,0.04770469,0.047987036,0.048382036,0.044133727,0.038974952,0.032068036
0.008772949,0.011306619,0.013532737,0.013901506,0.015721075,0.016542723,0.016400183,0.01677111,0.016392637,0.017389791,0.018153982,0.01907688,0.018884523,0.018741865,0.0205623,0.020488024,0.02199268,0.0226806,0.02216228,0.023336727,0.022542449,0.024088118,0.025303673,0.02553367,0.027359843,0.028088719,0.029746147,0.032894537,0.03394429,0.035803616,0.03644675,0.037041377,0.038705796,0.039300002,0.041121967,0.042011157,0.041717634,0.041110955,0.042495098,0.04221642,0.045459934,0.048831757,0.048181307,0.053082403,0.05488237,0.055499148,0.056674235,0.05665584,0.060882527,0.061513755,0.06371385,0.064554214,0.059120882,0.06089883,0.062419686,0.061822746,0.07040126,0.0744692,0.08516145,0.09084721,0.08978942,0.09219212,0.08794542,0.09319451,0.097238526,0.10045061,0.10631752,0.11202426,0.11652653,0.11808317,0.12281902,0.12005977,0.12811837,0.14449784,0.15043621,0.1582343,0.16386229,0.16793586,0.17056659,0.18689767,0.19048281,0.18726404,0.19829632,0.19606234,0.20362256,0.21694204,0.21251191,0.20924217,0.20033687,0.18999317,0.18759808,0.18753444,0.19027874,0.18010363,0.18342938,0.16863784,0.16095959,0.1586365,0.13872617,0.13783145,0.12661918,0.11992197,0.11688817,0.10653671,0.10495713,0.09905108,0.09115273,0.094049945,0.08591161,0.083287805,0.08398765,0.07921894,0.07721088,0.07570856,0.07069855,0.06735473,0.062259767,0.058667224,0.057435643,0.05775561,0.06178645,0.059289534,0.059420638,0.054812305,0.048873994,0.048558548,0.049805097,0.051868495,0.05031208,0.051230337,0.04766178,0.04627024,0.045166556,0.04514255,0.04457064,0.044711646,0.049236603,0.049425863,0.049001873,0.048190482,0.047012623,0.047327243,0.04719115,0.045939792,0.046400413,0.046698898,0.045355894,0.045566306,0.049962863,0.04971609,0.04981576,0.05075426,0.043282747,0.041259293,0.04258312,0.040514957,0.040179677,0.0400861,0.039299462,0.038470995,0.038331263,0.03783687,0.037527155,0.03818964,0.036262117,0.03453274,0.03428223,0.03735201,0.03767194,0.038897034,0.037116896,0.029333571,0.024824167
0.007594825,0.009114612,0.01052503,0.010363143,0.010200609,0.010384953,0.010656988,0.011371341,0.011463972,0.01152617,0.011957611,0.011575274,0.011610085,0.011487813,0.011294166,0.011130732,0.011226223,0.011578606,0.010964217,0.011494431,0.011892808,0.012181464,0.012654408,0.012433869,0.01249137,0.01235118,0.011828003,0.011817,0.012056453,0.011941513,0.013499042,0.01372075,0.013330715,0.013527151,0.012386217,0.013012178,0.013780238,0.013654726,0.013978039,0.013938773,0.013752959,0.013972933,0.014932449,0.014599271,0.014787984,0.015148378,0.015609998,0.015843652,0.016172146,0.01604409,0.015508555,0.016208375,0.01613488,0.016700685,0.016034093,0.015961584,0.01690564,0.016244328,0.01710688,0.017282803,0.016429313,0.01817724,0.018784426,0.019093638,0.01963396,0.019253828,0.019191846,0.019811088,0.020430183,0.020919593,0.021608558,0.022382146,0.022704272,0.022776859,0.022575373,0.022494996,0.023147635,0.024119698,0.024015708,0.023886198,0.024337202,0.02599204,0.028117144,0.029361265,0.02967003,0.029625755,0.02982233,0.031252883,0.031458504,0.03265246,0.032352675,0.032689616,0.03632963,0.035787437,0.036892515,0.03731282,0.036832497,0.03709901,0.03732708,0.036553998,0.03555277,0.037031993,0.038388897,0.038860418,0.039652873,0.040144973,0.039234225,0.03885869,0.037615214,0.035909563,0.036153894,0.037358206,0.03536515,0.035542373,0.035131752,0.032726873,0.037194867,0.038316175,0.036574148,0.036605924,0.032702982,0.029606024,0.030110193,0.029922122,0.029532254,0.028803002,0.026802016,0.025542144,0.02564576,0.025345972,0.024906445,0.023938395,0.022877764,0.021203792,0.02167455,0.02253651,0.022009987,0.021791099,0.021830065,0.021313472,0.022690946,0.023838213,0.023171293,0.022295052,0.019984115,0.018722488,0.018934105,0.019370465,0.019442623,0.018902741,0.018093208,0.016727125,0.015865471,0.016010271,0.015151181,0.015547074,0.015763361,0.014640706,0.015528578,0.015259642,0.014145201,0.014067686,0.013393425,0.012689952,0.012930315,0.013064115,0.01293715,0.012810124,0.012488346,0.012290856,0.011601317,0.010684404,0.008846398
0.00773417,0.009707735,0.0107441,0.011259263,0.011249791,0.01123257,0.011583728,0.011332712,0.011096159,0.011359443,0.011454702,0.01169286,0.01182092,0.01153167,0.01196534,0.011792277,0.011423607,0.011442857,0.011034611,0.010786604,0.011620599,0.012003013,0.012173543,0.012286524,0.012147696,0.011825285,0.012096328,0.012380176,0.013050773,0.013105484,0.013379089,0.013550371,0.013624736,0.013682384,0.013853396,0.014146734,0.013548275,0.014174785,0.014999222,0.015431478,0.015942791,0.015885474,0.01490622,0.014769925,0.014825989,0.015318637,0.01586446,0.01616658,0.017176604,0.016947458,0.018053822,0.018394664,0.018440213,0.019346932,0.018952357,0.019231636,0.020093638,0.02013067,0.020136066,0.020365112,0.019747237,0.019025799,0.019605154,0.019839559,0.020731853,0.023334807,0.024082646,0.024878467,0.025798714,0.025305824,0.02624771,0.0272926,0.026742069,0.027316049,0.028180713,0.027546117,0.030740606,0.033254534,0.034160513,0.035785943,0.035167485,0.03570694,0.03634479,0.039331082,0.040299036,0.04144944,0.042007778,0.04170282,0.042708065,0.04589727,0.049804162,0.053206977,0.05386922,0.053198744,0.04946308,0.047660735,0.04931247,0.051446922,0.057407614,0.057196032,0.05630859,0.053258054,0.04788116,0.046848577,0.045558047,0.045552187,0.04644418,0.045503344,0.047154047,0.04690775,0.04677844,0.04932893,0.047124434,0.045844205,0.043056738,0.03909697,0.037864387,0.034933828,0.03389121,0.030992392,0.02989479,0.028893111,0.029141078,0.029248884,0.03037947,0.032005623,0.030920142,0.031392228,0.030661177,0.02817406,0.027346574,0.027056456,0.024131492,0.0242066,0.02330998,0.02088683,0.020174118,0.02130311,0.020670934,0.020182064,0.02090833,0.019155465,0.02020794,0.020317512,0.019458223,0.019823443,0.019506011,0.019842856,0.01957697,0.01843916,0.0178311,0.017422073,0.017240614,0.016895322,0.016619498,0.015829068,0.015453563,0.016072955,0.015942225,0.016543463,0.016226009,0.01551169,0.014857773,0.014548639,0.015168472,0.01614895,0.016483674,0.015883258,0.015031715,0.013936237,0.013861817,0.012796621,0.011010448
0.01175078,0.014217988,0.016174989,0.015706427,0.015339888,0.015105957,0.015484658,0.016180368,0.017234918,0.01753805,0.017226778,0.01714146,0.01638564,0.016661173,0.016998082,0.016807409,0.01813425,0.018568702,0.018403362,0.018189967,0.017392786,0.017164467,0.017885152,0.018889312,0.019016158,0.018965017,0.018822372,0.01970869,0.020226581,0.020219546,0.020852374,0.019914327,0.020564575,0.020991834,0.021401785,0.021258265,0.020456959,0.02057736,0.019848187,0.021515407,0.021770379,0.02311142,0.023211738,0.023591114,0.023142569,0.022323921,0.022604916,0.02200173,0.022377271,0.02248458,0.022504108,0.023369716,0.023750143,0.023478424,0.025061043,0.023730384,0.023849614,0.024714222,0.024102913,0.02431798,0.02534474,0.025371943,0.02530461,0.025378015,0.026101347,0.025667427,0.027510451,0.028564777,0.028412072,0.03122534,0.031148255,0.032553688,0.032648336,0.033383667,0.034104165,0.035428528,0.03881817,0.041153643,0.04351403,0.043753766,0.042757742,0.044331826,0.044878364,0.047778785,0.050456066,0.051131617,0.055077814,0.0593292,0.06316954,0.06554714,0.068181045,0.06696677,0.068460874,0.068707034,0.06681307,0.07074798,0.07498118,0.07787518,0.082858995,0.08284552,0.07732085,0.07734086,0.07297362,0.07187386,0.073828965,0.06873287,0.06554504,0.063425444,0.062599726,0.0653034,0.06661132,0.06509453,0.06240637,0.059076793,0.05733772,0.05579772,0.05449054,0.05226019,0.049639314,0.0471685,0.044776578,0.043969907,0.042836674,0.04356383,0.04395872,0.04348799,0.04331842,0.042957157,0.042099178,0.042335108,0.043414436,0.042391233,0.04152408,0.041480042,0.039474998,0.039088525,0.037286926,0.036978092,0.037970513,0.03732136,0.03674615,0.03530743,0.033962544,0.03469104,0.035348356,0.034135904,0.0335749,0.03205576,0.029998317,0.029676367,0.028684834,0.026859188,0.027727818,0.028381491,0.028690621,0.029043542,0.028346682,0.027077988,0.026250752,0.024770072,0.024503296,0.023779433,0.02351914,0.023629515,0.023934018,0.02474051,0.024143638,0.02507472,0.02455691,0.024279704,0.02524997,0.022547988,0.019190539
0.012468591,0.015144864,0.018056301,0.01823039,0.01854011,0.018500788,0.017750807,0.017329337,0.017239077,0.017768433,0.018766532,0.019316288,0.019316625,0.019029044,0.018626135,0.018588444,0.01914944,0.01908231,0.019157933,0.01902293,0.01879953,0.019070035,0.01887926,0.019302437,0.019549044,0.020171897,0.021483049,0.021272745,0.021553904,0.021516506,0.021177046,0.02211018,0.022645887,0.02306057,0.022859441,0.022163473,0.021820366,0.021567054,0.021924475,0.022156525,0.021479974,0.021240618,0.02070506,0.02071798,0.023091003,0.024744995,0.02521684,0.026723985,0.025641458,0.02500736,0.026523208,0.025550706,0.027639272,0.027500993,0.026905883,0.028511522,0.028726792,0.029089535,0.0303731,0.029607126,0.028894225,0.030165793,0.030907124,0.032524325,0.034035135,0.034687363,0.034869358,0.034481775,0.03419153,0.034512725,0.03516478,0.03967066,0.042064495,0.045426626,0.047802176,0.050108243,0.049920637,0.049424626,0.051281363,0.049585856,0.052972697,0.0525391,0.051240526,0.052142136,0.0502449,0.05319001,0.05677202,0.057379786,0.060699377,0.060924415,0.061476227,0.064440764,0.06364557,0.066922456,0.07132279,0.076657936,0.08103798,0.08176787,0.07847073,0.07331237,0.069751225,0.06866754,0.06702795,0.068470456,0.06755087,0.06613572,0.06962281,0.06705181,0.06620659,0.063045226,0.05559742,0.051309858,0.050551914,0.050253678,0.048998483,0.04975414,0.046541248,0.044709697,0.0487261,0.04520797,0.044651303,0.043646347,0.038103733,0.04091903,0.040134083,0.039700262,0.040148407,0.035278257,0.03332793,0.032395303,0.030751804,0.03134913,0.030844849,0.030668996,0.028123273,0.026893828,0.027445845,0.025904091,0.027437719,0.027463956,0.025875505,0.0252709,0.024113487,0.023643235,0.023334278,0.023854231,0.02324276,0.02261511,0.023385528,0.022404449,0.022734001,0.02401855,0.024096819,0.024730323,0.02490719,0.024036575,0.023650948,0.022552041,0.02153454,0.021585524,0.020523297,0.021429664,0.021765487,0.021129688,0.020974074,0.01988723,0.02034903,0.02084215,0.021296794,0.022079315,0.021099458,0.018937945,0.015519241
0.012295976,0.015180176,0.018075904,0.018497355,0.018533962,0.018372186,0.018341873,0.018214017,0.01830827,0.018493429,0.018313292,0.018054768,0.018389855,0.019406168,0.02010214,0.02059332,0.02056835,0.019716421,0.01888503,0.01872994,0.019072479,0.020026729,0.01994729,0.020544427,0.019968435,0.019168051,0.019332848,0.019945225,0.020460019,0.02084837,0.020592796,0.020389965,0.021365603,0.021827022,0.023108315,0.023303729,0.023923278,0.02358464,0.023847304,0.024297826,0.024088508,0.025537085,0.025453927,0.025653925,0.025070975,0.026437864,0.026863083,0.026552116,0.028543428,0.027314162,0.028033061,0.029417835,0.028869454,0.02930527,0.029525377,0.028591666,0.028368922,0.028805017,0.029158143,0.029215818,0.029370498,0.029063737,0.030501205,0.032154772,0.033778798,0.03373678,0.03267928,0.032837838,0.033052567,0.03521503,0.0371107,0.03840568,0.03837238,0.039341856,0.04029848,0.042377688,0.04783421,0.049606122,0.0543307,0.05482957,0.056014303,0.056479618,0.055318672,0.06187099,0.06321277,0.06499863,0.068312414,0.06707816,0.06899901,0.07730671,0.07923288,0.08255086,0.08476897,0.08816451,0.08613739,0.09088589,0.090365335,0.081820734,0.0841966,0.0799019,0.07881491,0.08184505,0.0839702,0.08449571,0.08879295,0.08469143,0.08129412,0.07981787,0.07065456,0.07021675,0.064185165,0.055684842,0.05704265,0.05510694,0.054828234,0.055519298,0.051288884,0.049998734,0.047778975,0.043142468,0.0408099,0.03710263,0.03630126,0.03619116,0.03607389,0.03680559,0.035557177,0.033823915,0.03141224,0.02871952,0.02968754,0.02950749,0.029521225,0.029509991,0.02808958,0.026482379,0.027543511,0.02621271,0.025366876,0.024341064,0.021412106,0.021515368,0.021943187,0.022687173,0.02267809,0.022682551,0.022316007,0.021282366,0.020813892,0.020739991,0.020288197,0.020532925,0.020184338,0.018876465,0.017982895,0.018297471,0.018220924,0.01909491,0.019317035,0.019082226,0.018947007,0.018879058,0.019391213,0.019085273,0.020708464,0.020625716,0.02010775,0.019304931,0.017800491,0.017534813,0.017691892,0.016591923,0.013963155
0.010994743,0.013766501,0.015974551,0.016398389,0.014807557,0.013936576,0.013905416,0.014027266,0.01489176,0.014943964,0.014455304,0.015102401,0.015108019,0.015326106,0.01546866,0.015010533,0.015008227,0.015474787,0.015627123,0.015896311,0.016360994,0.017145727,0.017115353,0.017452851,0.01734556,0.016942928,0.017521225,0.017121399,0.017321356,0.017157583,0.017520064,0.017137438,0.017106961,0.0167267,0.016378088,0.017374272,0.01696553,0.01736212,0.017432177,0.017670898,0.018212711,0.019103402,0.018974187,0.01902945,0.019458052,0.020260349,0.02104436,0.022334464,0.024086755,0.024557622,0.02604761,0.025722781,0.025245003,0.025754636,0.024593584,0.024080873,0.025092421,0.025813835,0.02723922,0.028623639,0.030020226,0.030820025,0.0319551,0.031777356,0.032324564,0.032734122,0.032752078,0.035968576,0.035751563,0.03729742,0.03775619,0.03947306,0.040740315,0.04247191,0.04490125,0.04428109,0.04997208,0.052861888,0.05540615,0.058307827,0.057175025,0.0553621,0.06129437,0.06655727,0.07439123,0.07693826,0.083270326,0.08867868,0.09485437,0.10263204,0.10300116,0.104617365,0.102366894,0.1047032,0.10477649,0.101316184,0.10006502,0.09404426,0.09242534,0.09652152,0.094618686,0.09419619,0.09010951,0.09270375,0.092054725,0.09025257,0.08815607,0.07805025,0.07502384,0.07096128,0.06710411,0.06130139,0.05542579,0.050666507,0.051835097,0.049110055,0.04634619,0.046610475,0.043880362,0.03996463,0.038150497,0.036311287,0.033832118,0.03428781,0.033956137,0.033146545,0.031760912,0.030995212,0.030144025,0.030040894,0.029069878,0.027478721,0.02726375,0.026761511,0.025791792,0.02615406,0.024979392,0.024915235,0.024253536,0.023899762,0.022983296,0.021532703,0.021507928,0.019786963,0.019693628,0.019811096,0.020299507,0.020270951,0.019526646,0.018755762,0.017679183,0.0179222,0.018405547,0.01840212,0.018427197,0.018642332,0.019289564,0.018651098,0.018079745,0.01732825,0.015815282,0.015855933,0.016246853,0.016114239,0.015769826,0.016817486,0.016482312,0.018171819,0.018088173,0.016770778,0.016998675,0.013554993,0.011770591
0.010154542,0.013184695,0.01468889,0.014886183,0.015157316,0.014477065,0.014982244,0.014931658,0.015002559,0.015329897,0.015619441,0.015781628,0.015737891,0.015966456,0.015809473,0.015116178,0.015133101,0.0146576,0.014361194,0.015303589,0.016897565,0.016995704,0.017481053,0.017455412,0.016759248,0.0172053,0.017049542,0.017431168,0.017547263,0.017679188,0.01932101,0.019711327,0.019369362,0.019240629,0.018712567,0.018805608,0.018897086,0.019865897,0.02004417,0.019438121,0.021196676,0.021588894,0.022744277,0.023341738,0.02260591,0.02220335,0.022583874,0.02415838,0.02411902,0.024808219,0.024074087,0.023903795,0.025039207,0.027386857,0.028737199,0.02815076,0.028117595,0.02674145,0.027105207,0.028737672,0.031057462,0.03191383,0.032716855,0.033474196,0.033407718,0.03387598,0.03590311,0.0386699,0.038879894,0.041271243,0.04282709,0.044529445,0.046963226,0.051328484,0.052716985,0.052345354,0.05293826,0.05104871,0.0524591,0.057735406,0.06506575,0.067373276,0.07062737,0.07064295,0.07490633,0.08382464,0.09041947,0.1026707,0.10792152,0.10954483,0.112592466,0.11704382,0.1159688,0.11853872,0.11984066,0.10921749,0.10735804,0.101743035,0.097818285,0.102186084,0.105996676,0.10941494,0.10694209,0.10033571,0.09469075,0.08774836,0.081289485,0.07979115,0.072337195,0.06694323,0.06450747,0.059918515,0.055839885,0.05664509,0.05509651,0.057220373,0.0565275,0.05565441,0.05580475,0.05005503,0.047555923,0.04259958,0.04094867,0.039160714,0.037916034,0.034473743,0.03283517,0.032711383,0.032586847,0.031867165,0.029547676,0.027908009,0.02669576,0.0267289,0.026526596,0.025952794,0.025714286,0.02469264,0.02442542,0.023571836,0.0229794,0.022186624,0.022087045,0.021691706,0.021439552,0.02239467,0.021814434,0.021292014,0.02024548,0.020339137,0.02026507,0.020380085,0.020606535,0.019106109,0.019538306,0.019327916,0.019915322,0.020147786,0.01956735,0.01913061,0.018616723,0.018394886,0.0180274,0.018036311,0.017568132,0.018191926,0.017839339,0.017085236,0.017269125,0.01610915,0.015834523,0.014746375,0.011726406
0.009247115,0.012365937,0.014794782,0.014811836,0.015715288,0.015035659,0.014791229,0.014948568,0.01453465,0.014768485,0.01485004,0.015414821,0.015397861,0.015518746,0.015743071,0.014934218,0.015265962,0.016613131,0.01646098,0.017537374,0.017261703,0.016178178,0.01660221,0.016438339,0.016865723,0.016858375,0.017430536,0.017145755,0.016910072,0.017224783,0.017384356,0.018403279,0.018815404,0.0192442,0.018615756,0.019107671,0.019874528,0.020180149,0.021246184,0.021188568,0.020909354,0.021146255,0.021644926,0.022334969,0.024566684,0.025454137,0.026125204,0.02676994,0.025565393,0.025403539,0.024828885,0.024541885,0.026194088,0.027786434,0.028951528,0.030139891,0.0318209,0.031126564,0.032139186,0.03331435,0.03186112,0.033923432,0.034823734,0.034682613,0.036310043,0.036541454,0.037527114,0.040940534,0.04232807,0.04504553,0.046233285,0.046840884,0.046581797,0.04713899,0.04912438,0.050943498,0.053666707,0.056141466,0.06288463,0.06612717,0.075892545,0.08189923,0.082812406,0.081703685,0.07741255,0.08482108,0.09061163,0.098491244,0.101731986,0.10019988,0.10505808,0.10881468,0.11322974,0.114908285,0.116004944,0.119135134,0.121108174,0.12192014,0.11668808,0.11629779,0.110956736,0.11081345,0.11325455,0.10875694,0.115297794,0.107218914,0.100983515,0.09341389,0.08339652,0.083002485,0.07769186,0.07915871,0.074105404,0.06808088,0.069838546,0.061528534,0.055178884,0.054153416,0.046035793,0.04451423,0.044357426,0.042831592,0.041186895,0.038667765,0.03640719,0.036464814,0.034643922,0.032521877,0.031310905,0.029558023,0.029179526,0.029225405,0.028747559,0.03057384,0.03010459,0.030124217,0.028420053,0.024578303,0.024071189,0.024284625,0.024166286,0.022805309,0.02186529,0.020355353,0.021534378,0.021519331,0.021491233,0.020048678,0.019339861,0.0207687,0.02002241,0.020111784,0.01912528,0.018051203,0.017565338,0.0193045,0.019610818,0.019307006,0.019331086,0.01782644,0.016985055,0.016666843,0.016501773,0.016771019,0.016565755,0.017143834,0.016720792,0.015871461,0.015843758,0.015108797,0.015014382,0.013484031,0.011022572
0.010908014,0.013042429,0.014507498,0.013932475,0.013856191,0.0139125,0.014125817,0.014577976,0.014579803,0.014261738,0.014615989,0.014730549,0.01469926,0.01571712,0.016204698,0.016691484,0.016561097,0.016970167,0.016431313,0.016135782,0.016262881,0.01587177,0.018001905,0.018416442,0.018839989,0.019536361,0.017510481,0.01789189,0.01816175,0.01772965,0.01856952,0.0187603,0.018836897,0.019138489,0.019775197,0.021022141,0.022315294,0.022430124,0.0232802,0.024256295,0.024178294,0.02488732,0.02558295,0.02515383,0.025326904,0.02562167,0.024700763,0.024965368,0.025678677,0.02633506,0.028311184,0.02934257,0.029582852,0.02944149,0.029243967,0.029681986,0.030583408,0.032738063,0.03386613,0.033651177,0.033829752,0.033533517,0.035203382,0.0374406,0.039605215,0.04170207,0.044250127,0.044562273,0.045028627,0.043178793,0.04322863,0.046440635,0.04939243,0.054548174,0.05700878,0.059274476,0.060701717,0.061456636,0.061638277,0.06307984,0.06421024,0.06557749,0.070890605,0.07234455,0.08015765,0.0837268,0.088496685,0.09824926,0.10231434,0.112396516,0.11533817,0.11851865,0.12741883,0.12742543,0.13270062,0.1330483,0.12788436,0.12287881,0.11998333,0.11860207,0.11632847,0.120188124,0.11704816,0.114266716,0.11596665,0.10982694,0.10440756,0.09800894,0.08861541,0.08776066,0.08286413,0.08197708,0.08015498,0.0746993,0.07805426,0.073689066,0.0640628,0.0616614,0.053286914,0.05151869,0.05256657,0.05093001,0.050517425,0.04701738,0.04442555,0.040754043,0.037207577,0.035759952,0.036382224,0.03435634,0.034745414,0.033582434,0.031697903,0.031826243,0.028829625,0.027735146,0.026567837,0.025017133,0.023648992,0.022116413,0.021209586,0.020346722,0.019720046,0.017889053,0.017452838,0.016392266,0.016379153,0.01621791,0.016820636,0.017075434,0.017826643,0.01797448,0.0172546,0.017524293,0.016393654,0.016701616,0.016286617,0.015358185,0.015834786,0.015142498,0.014785748,0.015151325,0.014160732,0.014622473,0.014473217,0.014022523,0.014258391,0.013559453,0.014080135,0.013881534,0.01345617,0.012346948,0.009597455
0.00944703,0.012090378,0.014568835,0.014874632,0.0155595,0.015547089,0.015212664,0.015303786,0.016059507,0.016066534,0.016552,0.016596658,0.01592756,0.016319022,0.015857713,0.016283719,0.016219402,0.016140899,0.01722097,0.017233407,0.01729775,0.017836448,0.017162517,0.017296595,0.017755656,0.017420478,0.017814847,0.018235158,0.017988978,0.018809428,0.019340156,0.019374171,0.020071657,0.020935569,0.020883195,0.021779241,0.022941543,0.02163585,0.02202084,0.021883845,0.02152148,0.023780882,0.023253309,0.022767069,0.023818133,0.022970412,0.025969237,0.028465692,0.030201029,0.031897806,0.03154431,0.03128547,0.029615697,0.028588014,0.029623395,0.029185861,0.030467471,0.03176014,0.03348235,0.036081944,0.03649189,0.037546594,0.039514236,0.04197936,0.043356456,0.044693787,0.04450611,0.04427268,0.04730988,0.04754547,0.0494616,0.05032459,0.049532406,0.056017514,0.058313195,0.059664518,0.06126156,0.059796978,0.06162433,0.067313604,0.07527782,0.07922895,0.08186929,0.09455264,0.09873575,0.10670567,0.11182755,0.11254986,0.11514539,0.11890367,0.12521918,0.12884851,0.13012813,0.13155036,0.13895579,0.13757476,0.14328618,0.14359808,0.13782921,0.13992138,0.13459827,0.12940833,0.12864591,0.123603344,0.11756838,0.1123404,0.09782559,0.08474754,0.08500655,0.08382696,0.08268552,0.081324674,0.075957164,0.071264885,0.06784425,0.06551078,0.05960536,0.05653525,0.053601407,0.049085997,0.04468373,0.040123224,0.040197723,0.042014137,0.041104592,0.039576806,0.036646307,0.03242111,0.030726416,0.02987522,0.03192922,0.034233753,0.03372093,0.032831296,0.029219154,0.023749596,0.022774432,0.022792274,0.022564422,0.023429258,0.023712924,0.023147516,0.024014542,0.023351805,0.023014413,0.023313198,0.022115404,0.020590346,0.019619664,0.01912139,0.019361693,0.019713975,0.019934751,0.01944479,0.01879374,0.019324146,0.018488545,0.021084718,0.021781525,0.021703998,0.021459945,0.01811944,0.017112687,0.016479993,0.016894188,0.01718307,0.018114492,0.018243939,0.017803302,0.017217267,0.01622866,0.014256567,0.011693117
0.01283953,0.015703391,0.01750791,0.017421173,0.016951041,0.01690936,0.017843591,0.018555647,0.018416598,0.018746689,0.01814016,0.017741008,0.017809357,0.017637204,0.018798662,0.018679734,0.018833308,0.019608349,0.019274333,0.019558895,0.020197589,0.020151494,0.02034328,0.021490205,0.021197492,0.020998426,0.020507261,0.021088779,0.020899331,0.021294756,0.021424562,0.021665277,0.022630261,0.022911564,0.023642562,0.02285279,0.023580646,0.023898095,0.024695935,0.025402552,0.025122575,0.025734827,0.025920376,0.02657906,0.027706262,0.0274072,0.027811527,0.028608447,0.027705358,0.028640727,0.030437073,0.031325273,0.0336018,0.03427725,0.033868294,0.035396487,0.034932036,0.03482453,0.03519786,0.035378642,0.0403616,0.04203313,0.043066103,0.04417547,0.04575498,0.048077084,0.049792137,0.049928844,0.051187944,0.051060613,0.05472914,0.058874585,0.062158074,0.06527095,0.06722177,0.06870352,0.06708085,0.07067786,0.07393542,0.07684669,0.08313584,0.09048453,0.09590682,0.10484736,0.11140733,0.112709984,0.11364027,0.11756966,0.121711135,0.13045524,0.13961276,0.14234361,0.14462274,0.14394219,0.13962449,0.13626078,0.13863666,0.14210625,0.14147183,0.1402201,0.13741523,0.13042483,0.12608168,0.12128005,0.11072637,0.10507993,0.099471696,0.09787982,0.0939623,0.08551636,0.08588561,0.07698653,0.07033433,0.06589809,0.059878048,0.056667317,0.05238976,0.04988489,0.04524558,0.044378817,0.04304558,0.040731207,0.03721052,0.036607385,0.037048012,0.03440477,0.032343533,0.028461535,0.026889041,0.026263984,0.02633746,0.027579725,0.026193095,0.02689633,0.027502494,0.025936754,0.025620006,0.024475,0.022854265,0.023064777,0.023442136,0.022833351,0.022436978,0.02166599,0.02058396,0.020874018,0.020833211,0.020655876,0.020861328,0.019873546,0.020138865,0.019891853,0.019653413,0.01935659,0.018722126,0.018414082,0.017417705,0.017463334,0.017097896,0.017099943,0.017189516,0.016788287,0.01655597,0.016194249,0.015354926,0.015128225,0.016304951,0.016428918,0.016715111,0.016302306,0.015803732,0.014264004,0.012103586
0.012485891,0.015436569,0.01829823,0.018654633,0.018836336,0.01832974,0.018966349,0.018174076,0.017728081,0.018755531,0.017829258,0.018946812,0.02069772,0.020651532,0.020396242,0.019852687,0.019646429,0.019258002,0.020427052,0.021196583,0.020328153,0.02086523,0.020083984,0.018905396,0.01914798,0.019562105,0.021135047,0.0225023,0.024046242,0.023342922,0.022143742,0.022338884,0.021912368,0.023762772,0.024983998,0.02473517,0.024773607,0.025972845,0.025764205,0.028036427,0.02856735,0.028340608,0.029196413,0.029207783,0.031307355,0.03241807,0.03464038,0.036432028,0.03561411,0.034914926,0.036184326,0.034506146,0.03688862,0.03884945,0.03766153,0.03953876,0.039426334,0.041095026,0.042529598,0.044164088,0.04502437,0.044568308,0.048092905,0.048680045,0.049406417,0.053604998,0.054795563,0.057050038,0.062357478,0.0660383,0.06641823,0.067010224,0.07097618,0.073625684,0.08203113,0.083571896,0.083486,0.082451716,0.08027674,0.0889649,0.09393191,0.098931834,0.10979172,0.116468996,0.12776072,0.13137205,0.13657868,0.1497566,0.14674026,0.154164,0.15491171,0.15040074,0.15631312,0.15713741,0.15899779,0.15330851,0.14921488,0.14738072,0.14808217,0.14753771,0.14423764,0.13572009,0.12322399,0.113756336,0.10727173,0.10600091,0.09912332,0.09679055,0.09418852,0.08633448,0.07790352,0.074147366,0.06404856,0.059476316,0.061705425,0.05591578,0.053136356,0.051919,0.04949621,0.048471227,0.04832696,0.045399964,0.041569248,0.040735144,0.039633144,0.03743162,0.037339985,0.0333847,0.033076376,0.03209487,0.032001615,0.031838838,0.029137826,0.029180711,0.027408399,0.026320005,0.026379647,0.025536682,0.026765483,0.026401693,0.02678254,0.026958449,0.025071329,0.025022833,0.022550065,0.022146353,0.021582041,0.020733358,0.0210705,0.020339005,0.020584999,0.020257788,0.019384766,0.019068362,0.017395196,0.018552683,0.018936574,0.018712673,0.019402185,0.017589666,0.016920507,0.016025243,0.015726112,0.015451052,0.015498437,0.015835378,0.016097633,0.016113842,0.015442834,0.014982007,0.013948477,0.012279619,0.010124125
0.01194798,0.015322826,0.018181726,0.018541725,0.018838545,0.018648002,0.018834906,0.019351644,0.019904498,0.020905403,0.020804508,0.020399401,0.020217372,0.018811183,0.019034501,0.020380067,0.019967798,0.022009088,0.02375827,0.023240943,0.024322193,0.023897463,0.022808785,0.021910993,0.022466896,0.023635197,0.02616247,0.026948031,0.027419697,0.026701733,0.024592534,0.025428327,0.024974577,0.026737077,0.026793469,0.027643397,0.029161144,0.02849533,0.030402295,0.030167554,0.030124988,0.031530302,0.031316962,0.033093788,0.03430809,0.03383316,0.03384317,0.03465616,0.036095336,0.03714576,0.04013102,0.04103774,0.039353386,0.040787067,0.039741088,0.03999123,0.04290503,0.04258364,0.043957755,0.044277173,0.046754632,0.048161007,0.048931994,0.050588295,0.04929896,0.05078328,0.052459024,0.054181233,0.05746523,0.06238475,0.06599199,0.06795832,0.07284082,0.07475899,0.07514737,0.08001468,0.0848226,0.08781015,0.094434135,0.09561327,0.09574954,0.10286942,0.10984522,0.12364826,0.13704754,0.14862803,0.14968552,0.15335841,0.16315566,0.15857197,0.16393556,0.16481201,0.16022298,0.16341151,0.1668813,0.16378106,0.15856986,0.15644898,0.15203702,0.14893252,0.14328097,0.13815418,0.1334419,0.12911883,0.12547258,0.1148374,0.10098491,0.09386043,0.08379232,0.08292798,0.07940207,0.073139414,0.07014814,0.06491531,0.06464876,0.059252977,0.056692366,0.05317273,0.048747934,0.048283074,0.044293977,0.043526154,0.042591315,0.04154,0.041508995,0.04169565,0.04202503,0.04176368,0.039462395,0.03976901,0.03804711,0.036353625,0.03659879,0.03572739,0.033790957,0.03264687,0.030413527,0.026671853,0.027653433,0.027766716,0.027843786,0.02704483,0.02520455,0.022747492,0.023294186,0.022232074,0.02242274,0.022705091,0.02163747,0.023259515,0.023130195,0.021538593,0.020380354,0.019660799,0.019127266,0.020591173,0.021703178,0.021325469,0.022573497,0.022454932,0.023849787,0.02416877,0.023838433,0.023413492,0.022488693,0.023056708,0.022132402,0.022523392,0.022531522,0.023213971,0.02355597,0.021872478,0.01814418
0.013875728,0.01717086,0.019735843,0.020196449,0.019992659,0.019586835,0.019886285,0.019711083,0.019406147,0.020696275,0.021163544,0.022092765,0.021731043,0.021107472,0.020832093,0.021178948,0.021702463,0.021426065,0.021235444,0.020505436,0.02099399,0.02201573,0.0224071,0.022842553,0.02273857,0.021966072,0.02185468,0.022665504,0.023793608,0.026330303,0.027220022,0.027070835,0.027974611,0.0276188,0.029157598,0.03273698,0.03226071,0.03122407,0.02979983,0.02602214,0.027236644,0.030562399,0.032145273,0.03331255,0.033766177,0.03161758,0.03248038,0.032347932,0.03308553,0.03458523,0.036498174,0.03786956,0.03871005,0.041805495,0.043141987,0.04416678,0.04499951,0.046548393,0.047722343,0.049485914,0.05321536,0.051545743,0.050437525,0.049797,0.04902322,0.05462603,0.056710236,0.06219232,0.064428,0.06641909,0.071313344,0.071175225,0.07806426,0.07941221,0.08211915,0.08845614,0.09039755,0.09478888,0.09702944,0.10590474,0.11447075,0.1175679,0.1263663,0.1298497,0.13813233,0.15500817,0.16150396,0.16470295,0.17272186,0.17067881,0.17065375,0.17505494,0.17277199,0.16669668,0.16538534,0.16091424,0.15735836,0.16122463,0.15541655,0.14768197,0.1331781,0.11878446,0.117093585,0.10986938,0.10390817,0.09782339,0.08639252,0.085485205,0.08159843,0.08197063,0.0816657,0.07735426,0.07481641,0.06917318,0.06104268,0.059501484,0.0575514,0.05539982,0.05548802,0.049285647,0.046601642,0.046785984,0.043654718,0.043253165,0.041869354,0.03680712,0.03674742,0.036679566,0.03661319,0.036924914,0.035845753,0.03588904,0.0345434,0.034479152,0.035102617,0.033715703,0.03458365,0.035284553,0.033042837,0.031939153,0.032646623,0.03058208,0.030364817,0.029820189,0.027169641,0.025864052,0.027307682,0.027154274,0.025919998,0.02537836,0.022858532,0.021605203,0.021703435,0.021905826,0.023513002,0.024185322,0.025163934,0.024870455,0.024505004,0.026191277,0.025965493,0.025836352,0.025292763,0.024290033,0.023781128,0.024816364,0.024418248,0.024641726,0.024409924,0.02418266,0.025306901,0.023453154,0.020562613
0.014703648,0.017974049,0.019903708,0.019310372,0.018876115,0.018985072,0.020981893,0.020870516,0.021266988,0.020744285,0.020380372,0.021270107,0.021800674,0.022864675,0.021841059,0.022325942,0.022413671,0.022000564,0.022380544,0.022961719,0.022131488,0.021737631,0.02205462,0.022281095,0.023237474,0.024102686,0.024910375,0.023450512,0.025475826,0.026359227,0.026272468,0.025901018,0.02511405,0.026087655,0.026724748,0.029701931,0.031256463,0.030788656,0.030966967,0.032116577,0.031160604,0.031371415,0.033304542,0.032191034,0.033442475,0.034225028,0.036359917,0.036961317,0.03894916,0.040616088,0.041096732,0.04111472,0.040706426,0.04133827,0.042305198,0.043893795,0.045355663,0.047728095,0.048268434,0.050162256,0.053229686,0.053683303,0.054545365,0.0564375,0.056862246,0.05893353,0.06117677,0.067427665,0.07013924,0.07313622,0.07431542,0.07916775,0.08085268,0.08695771,0.09332134,0.09653434,0.09893453,0.10139986,0.10507821,0.103589326,0.108308695,0.11697664,0.12305464,0.13113973,0.13899763,0.14262474,0.15441473,0.1647919,0.1760471,0.18484999,0.18491693,0.18291695,0.17972915,0.17224644,0.16777295,0.1640447,0.15781571,0.15668875,0.15155342,0.15075314,0.14490028,0.13533506,0.13212146,0.11948572,0.116097435,0.10990302,0.099835366,0.09190766,0.08016604,0.08093333,0.07622017,0.07607229,0.07636636,0.066663295,0.063421935,0.060564082,0.055496335,0.055873256,0.05249854,0.049044054,0.047650825,0.044305455,0.043366294,0.0434663,0.03942174,0.037788715,0.03704292,0.034894176,0.03613872,0.03587771,0.034540065,0.033018965,0.03103595,0.029321348,0.028815586,0.03003732,0.030650308,0.030742452,0.030337472,0.030234525,0.027851282,0.025728585,0.0243239,0.024228973,0.025041245,0.025135739,0.025657874,0.02419163,0.02450838,0.02425416,0.023768632,0.023892017,0.022843527,0.024596287,0.024299596,0.024873815,0.025261298,0.02424546,0.025870506,0.025803566,0.02563309,0.02830406,0.027123416,0.026678996,0.025721064,0.022513786,0.022658575,0.021251881,0.021885656,0.021456767,0.021036146,0.01942237,0.015985608
0.012835064,0.015757518,0.01808956,0.018243622,0.018448116,0.019452725,0.020445278,0.020696705,0.02068358,0.019661443,0.019121373,0.019218214,0.019241553,0.020243114,0.020379229,0.020360257,0.020916488,0.020661479,0.021577159,0.02224088,0.02277126,0.023690222,0.024059089,0.024037592,0.024204671,0.024219701,0.024535805,0.025629671,0.025779665,0.026642147,0.027310947,0.027171168,0.028760511,0.028771218,0.02904914,0.028199337,0.02765361,0.02769988,0.028383486,0.029899837,0.030373272,0.031198213,0.032430895,0.033559274,0.034721248,0.036667522,0.03587834,0.036562465,0.03660037,0.03492682,0.035564743,0.03622881,0.03847022,0.039968744,0.039424818,0.04095989,0.04448154,0.049819347,0.056862112,0.05773893,0.059000332,0.0577724,0.05824481,0.06089666,0.062261682,0.06405512,0.065419525,0.067933366,0.06935335,0.074434094,0.07779118,0.08119177,0.08403817,0.084899895,0.08682087,0.08575552,0.08507301,0.090476006,0.09844876,0.112135194,0.11995273,0.12237179,0.13042256,0.13715772,0.14196402,0.16388516,0.16212313,0.16221347,0.16886902,0.1627226,0.17285538,0.18376032,0.18695019,0.18144335,0.17541891,0.16309404,0.15930425,0.1552433,0.15030238,0.15323435,0.14332807,0.13830726,0.1332596,0.11690978,0.109051704,0.10528862,0.09690331,0.095375456,0.099022955,0.094883256,0.09260596,0.0842376,0.07093511,0.065255634,0.06556968,0.06533298,0.06295634,0.06313361,0.05554933,0.049822662,0.049537215,0.0468038,0.04629441,0.044904318,0.042549342,0.037579674,0.035697423,0.03537476,0.033434,0.03177281,0.03144694,0.029804943,0.030763378,0.030935802,0.029504608,0.029478505,0.027317178,0.026056435,0.02606902,0.025355527,0.024123352,0.022957204,0.022120535,0.022670012,0.024311295,0.024952706,0.025864143,0.025738845,0.026154714,0.027732637,0.026252441,0.02620194,0.024816098,0.022815546,0.023480259,0.02103854,0.020505406,0.020590615,0.019697603,0.020936312,0.020541193,0.021516483,0.021775631,0.021616075,0.022280887,0.021123886,0.02312744,0.022367582,0.02180395,0.021801453,0.019895477,0.018336609,0.015452935
0.011669995,0.014937818,0.01725975,0.018576337,0.019647127,0.018936997,0.019181078,0.018727317,0.018947992,0.02024394,0.020648928,0.020476442,0.020811455,0.021188151,0.023120016,0.023868773,0.02487796,0.024767935,0.023273025,0.023266224,0.022901539,0.023500282,0.025062053,0.025556512,0.024957644,0.024959503,0.024593353,0.025870163,0.02658436,0.027318116,0.027228141,0.02669984,0.027785663,0.028396945,0.030984178,0.031998552,0.0322482,0.03281102,0.032448083,0.033380702,0.034646377,0.036125623,0.036928646,0.036747817,0.03666763,0.036282804,0.03595057,0.039068967,0.0404221,0.041256133,0.04399316,0.04209959,0.043001175,0.044864353,0.045629095,0.047729976,0.047124952,0.04753615,0.050695334,0.053787936,0.05728796,0.064528786,0.06477218,0.06577145,0.07036961,0.06800391,0.068361,0.07093771,0.07336263,0.07621972,0.080412604,0.08377844,0.08341782,0.087603584,0.092972964,0.09839266,0.102553815,0.106963225,0.10918759,0.110214435,0.11524841,0.12306706,0.13028961,0.1396779,0.14809206,0.15128961,0.1579164,0.16842578,0.17639391,0.17745665,0.18143536,0.17599769,0.17062742,0.17788768,0.17583004,0.17605121,0.16709358,0.1599835,0.14920843,0.14824575,0.14845365,0.13758709,0.13360846,0.114247255,0.10945615,0.10314657,0.09591394,0.090634696,0.08174651,0.0753002,0.071094885,0.06970774,0.0656355,0.063249215,0.05804626,0.058499243,0.058809306,0.05932781,0.060526572,0.05533115,0.051948946,0.048572037,0.044216376,0.044032395,0.042407006,0.041425563,0.040647935,0.0388592,0.038317367,0.035146043,0.035279345,0.03502027,0.032971412,0.03254466,0.031298485,0.029080255,0.028843552,0.026101427,0.025060132,0.024679115,0.024058204,0.026213987,0.024806328,0.023721723,0.0241086,0.023028083,0.023033379,0.02477786,0.02347187,0.023074191,0.024255391,0.022650506,0.022719342,0.022048136,0.021829706,0.022662302,0.02247983,0.022394609,0.022323724,0.020604815,0.020536851,0.02080153,0.019968092,0.020955026,0.01987756,0.01949747,0.01883151,0.019517427,0.020093055,0.019897647,0.01983055,0.016737748,0.013560443
0.013798514,0.017842721,0.020289646,0.020968614,0.020639079,0.020336214,0.02114467,0.02100235,0.022066463,0.022651326,0.024206243,0.026012175,0.02585636,0.02808524,0.028780865,0.02803697,0.029809138,0.02768561,0.02630888,0.02654404,0.027111026,0.027796218,0.028232418,0.02932203,0.02761562,0.028486606,0.0293169,0.02894739,0.029726548,0.031199131,0.03118393,0.032726184,0.03441688,0.033090726,0.033972807,0.033814646,0.0330088,0.03529337,0.036547303,0.038413584,0.040304314,0.040228736,0.039535068,0.037044894,0.037330523,0.037328605,0.037691534,0.041365623,0.045438662,0.04656689,0.047501996,0.04692506,0.044499487,0.04705734,0.047299873,0.05003885,0.051654972,0.05258293,0.055511102,0.056640718,0.055985674,0.05950654,0.06400282,0.065440394,0.07146814,0.073515594,0.0740096,0.07903289,0.08475986,0.08750541,0.093419686,0.097896986,0.09719131,0.10189314,0.10481201,0.11047516,0.118139654,0.11832608,0.12271651,0.1303162,0.13688721,0.14634278,0.1515731,0.1458233,0.1569803,0.16275522,0.170889,0.18774107,0.18883334,0.19501024,0.19640675,0.18751925,0.18546772,0.18371287,0.18034872,0.18743137,0.18399827,0.17715065,0.17135543,0.15645173,0.14278783,0.12962614,0.11801468,0.11080597,0.10522945,0.101894,0.096755356,0.089164026,0.0809172,0.078014106,0.07321429,0.06901569,0.06753215,0.057270277,0.05836224,0.056423984,0.055709597,0.053514596,0.045134503,0.044682544,0.044043224,0.044410266,0.044505175,0.042379104,0.040520407,0.03969466,0.038782563,0.03728695,0.037001856,0.035530042,0.033538543,0.033360556,0.031756908,0.030887183,0.03276919,0.03470951,0.033548094,0.03235488,0.030294098,0.027663546,0.029841995,0.028758263,0.029643117,0.027912792,0.029580427,0.029973984,0.027702883,0.030089807,0.027981628,0.028894857,0.030703641,0.02897929,0.030498775,0.0291574,0.028522542,0.028657965,0.025889838,0.02730765,0.02861917,0.02897881,0.029632932,0.028295396,0.02668827,0.026558513,0.026094208,0.027579468,0.028334979,0.02785192,0.027420525,0.027161118,0.02586411,0.023248274,0.01917713
0.01620913,0.018433006,0.021177584,0.020905787,0.020670133,0.022156537,0.022946578,0.023236943,0.023280973,0.023502456,0.023154998,0.021748213,0.02371861,0.023757229,0.027320888,0.029063188,0.028491464,0.02942179,0.02787872,0.028167851,0.029277418,0.029014187,0.028377397,0.029293453,0.029076423,0.029597592,0.029864302,0.02869138,0.028471382,0.02819052,0.029141534,0.030505896,0.030902728,0.030670106,0.030557668,0.031029487,0.031516965,0.03246306,0.032488525,0.033475377,0.0362855,0.037833925,0.03900762,0.040201947,0.039858155,0.041073628,0.040963855,0.040740702,0.03936214,0.04060166,0.042817928,0.04339448,0.04498778,0.04717395,0.049207345,0.051729005,0.053621843,0.054148693,0.05435189,0.055587083,0.05932975,0.060329538,0.06354298,0.064228415,0.06660411,0.07015502,0.0752766,0.07928728,0.08311727,0.08341584,0.083147265,0.086914435,0.092388496,0.10444742,0.10776356,0.11418844,0.11663164,0.12143111,0.12907743,0.13056481,0.1396004,0.14108656,0.14827989,0.1649625,0.17065422,0.17601572,0.17747954,0.18276475,0.18484342,0.18223582,0.1896374,0.18541712,0.18341522,0.18825823,0.18745822,0.17767945,0.17029576,0.16096354,0.14514004,0.13677219,0.12816638,0.120589115,0.10958194,0.10161722,0.0952413,0.083938606,0.078158066,0.07217619,0.06960961,0.07020891,0.06684411,0.06501821,0.05782284,0.052269157,0.04877515,0.043925274,0.043146238,0.04095189,0.039364275,0.03929116,0.040378746,0.04091174,0.041859865,0.043133557,0.04157485,0.038471073,0.038670532,0.03947897,0.036895968,0.037943244,0.038742352,0.03443646,0.036345128,0.036030725,0.034918904,0.035981573,0.03476846,0.03398209,0.032075685,0.030751754,0.029553808,0.029323088,0.028646974,0.028133232,0.02696008,0.02891898,0.0337571,0.033318885,0.0337034,0.031167911,0.027624948,0.027845517,0.028421191,0.032630034,0.031978916,0.031632088,0.031916734,0.028513977,0.03118871,0.031670053,0.029943107,0.030122098,0.02597931,0.02669474,0.027608924,0.026830804,0.026907913,0.026985478,0.025978234,0.027148025,0.027235659,0.023328776,0.019670248
0.016305836,0.01899588,0.022031518,0.021908553,0.021004364,0.021297397,0.020931533,0.020844117,0.021060938,0.022767229,0.02314338,0.022933096,0.023858922,0.022678513,0.022928411,0.02437958,0.024533141,0.025494289,0.026095813,0.025360484,0.027807571,0.028186562,0.029388342,0.030360326,0.029026534,0.030115575,0.029452374,0.029337969,0.02952804,0.028772876,0.029548852,0.030930975,0.03233036,0.033347268,0.03378241,0.032979824,0.034096014,0.03421698,0.033747304,0.03537362,0.03367385,0.03394444,0.03585485,0.03675474,0.039891068,0.04210535,0.041734282,0.042856533,0.04141706,0.043621495,0.04533554,0.046642713,0.0497561,0.051337846,0.0528092,0.051737335,0.05391697,0.051001467,0.059840154,0.06322785,0.063627064,0.06790653,0.06751605,0.072943054,0.07688497,0.07851485,0.076545425,0.08064371,0.08736187,0.09146313,0.09744521,0.09561066,0.09525073,0.10114416,0.10300476,0.11190713,0.11971732,0.12464722,0.13404812,0.13413389,0.13335176,0.14319183,0.15148704,0.16086698,0.16746819,0.16962186,0.16956787,0.17221704,0.17893054,0.18447733,0.18898527,0.19308622,0.19497259,0.19189824,0.18050158,0.1739924,0.17175229,0.16940157,0.16594552,0.15864967,0.14038444,0.11874788,0.11189734,0.10584904,0.10118333,0.098836936,0.09444374,0.08135659,0.07252537,0.063765526,0.056001477,0.052969225,0.049123038,0.047581244,0.046567556,0.046807952,0.044371996,0.043190233,0.041418634,0.03727899,0.037950564,0.037658792,0.03820214,0.039090626,0.040879294,0.04094541,0.039572075,0.039285854,0.03541819,0.032895233,0.032797497,0.030716373,0.032187022,0.032376543,0.03221781,0.031431906,0.030868554,0.032094855,0.031274837,0.030028548,0.02881224,0.025719007,0.024902668,0.02487781,0.02581329,0.027567854,0.028528117,0.029266668,0.028809816,0.029061455,0.030727899,0.030940609,0.032277033,0.035105944,0.034968313,0.03511513,0.03319375,0.032204036,0.031170122,0.030441878,0.031164823,0.028095707,0.028827095,0.032457616,0.032443937,0.0339215,0.032597784,0.034020025,0.036027,0.034084737,0.03654784,0.02951461,0.023059536
0.014140016,0.018243589,0.020884607,0.021190802,0.020890512,0.01978073,0.019842796,0.019010847,0.0194435,0.0204847,0.02131844,0.022595668,0.023539146,0.024367785,0.024970395,0.025261035,0.025768628,0.025805347,0.026249006,0.027473113,0.027533446,0.028343445,0.027944405,0.02684914,0.027020374,0.028937545,0.030214356,0.031568617,0.032518815,0.03160193,0.032154754,0.03267427,0.03281908,0.034011967,0.035127103,0.034389805,0.035529334,0.036105584,0.03462841,0.035942093,0.034718916,0.037018176,0.03918906,0.039354563,0.04102901,0.03961422,0.040076908,0.048068922,0.049734738,0.051985957,0.05399676,0.04967368,0.051838618,0.050936583,0.05097533,0.05393558,0.05598719,0.057642017,0.05895268,0.06168921,0.060419083,0.062057555,0.06429596,0.06496989,0.0695027,0.072320834,0.07608573,0.07742099,0.08144492,0.094413996,0.09614968,0.09895119,0.10668644,0.10232263,0.10970861,0.11784728,0.11746341,0.12641051,0.12766138,0.13761352,0.14559594,0.1509539,0.15648742,0.16211341,0.16257653,0.16862479,0.17997819,0.18018101,0.18868591,0.19028895,0.19014968,0.19364767,0.18738821,0.19198768,0.18918136,0.17745732,0.17520422,0.15955271,0.14742088,0.1390878,0.13260354,0.12294444,0.112094596,0.112675816,0.10241651,0.09434134,0.0927415,0.0894467,0.08524654,0.08043855,0.07439443,0.063697785,0.05985786,0.05955017,0.057654254,0.053430457,0.0511274,0.050699916,0.05200689,0.053554364,0.052794475,0.04985577,0.049963985,0.04664972,0.04639548,0.050418325,0.046316158,0.046834644,0.04875551,0.04322657,0.04356689,0.041917555,0.03806625,0.04215957,0.045170393,0.045165427,0.04477689,0.04129707,0.035025254,0.032040395,0.03250346,0.03218939,0.03407021,0.03539365,0.03567727,0.03534544,0.033328388,0.03338075,0.032371107,0.031711154,0.035180666,0.03461733,0.03597163,0.03674235,0.034054376,0.03319373,0.031192109,0.030856501,0.030111218,0.031278547,0.03175228,0.0318606,0.030838177,0.02875943,0.027621403,0.025006924,0.024679622,0.024227824,0.02198566,0.023735726,0.023327235,0.020464553,0.01832625
0.014951517,0.018514391,0.020882014,0.022169294,0.021571299,0.022148015,0.02233573,0.020845706,0.021885466,0.021116827,0.021669416,0.022568874,0.02244841,0.022352336,0.021875152,0.021297019,0.021267096,0.022316577,0.022670904,0.024419446,0.02464219,0.02421529,0.02541929,0.02475051,0.02692709,0.02750151,0.027573315,0.027074903,0.027689587,0.028014224,0.029204678,0.031190665,0.02962802,0.03011768,0.029762449,0.03099011,0.032189727,0.034096953,0.03497871,0.03510521,0.03830938,0.03857121,0.041357756,0.042833116,0.042499416,0.04469262,0.044130664,0.045719232,0.047357745,0.047492485,0.05037613,0.050225694,0.04969456,0.05150891,0.052231018,0.054243363,0.057008747,0.06141663,0.060913872,0.061192676,0.061884977,0.059825,0.061651815,0.06451838,0.06962341,0.0805773,0.08533795,0.09058656,0.092545055,0.087328,0.08920152,0.08972915,0.09270204,0.09846388,0.10899521,0.1164568,0.12269473,0.12959677,0.13271622,0.13818683,0.14165592,0.14277324,0.1524438,0.16022123,0.17005782,0.18284325,0.19385283,0.19871517,0.20671311,0.2083825,0.19392608,0.19694853,0.1901048,0.20081326,0.20713873,0.20039706,0.19605127,0.17096332,0.15916643,0.14363675,0.13033825,0.12761594,0.12038598,0.114862934,0.10878241,0.09711928,0.089255296,0.0840661,0.07728408,0.069484845,0.061394796,0.057401992,0.05389728,0.061109524,0.06294709,0.06026639,0.058559217,0.04930236,0.046981145,0.049947012,0.049724977,0.049510613,0.048306733,0.047561847,0.04618494,0.04404138,0.041414525,0.03662182,0.03737109,0.038896758,0.039191145,0.037786856,0.037065484,0.034001976,0.032805834,0.033606164,0.031283595,0.027880168,0.026667211,0.027264247,0.028451107,0.029768579,0.030593595,0.030652925,0.03080625,0.029695502,0.028883893,0.02834229,0.02673109,0.028431378,0.028587183,0.027492784,0.02876582,0.028440412,0.026696134,0.025428778,0.023637097,0.022831252,0.022393739,0.022257151,0.023131782,0.021106578,0.021591088,0.021309609,0.02081153,0.021252261,0.022781154,0.022675999,0.022009013,0.022957152,0.020483576,0.018803652,0.016146433
0.012617068,0.016101602,0.019858226,0.02065467,0.021601008,0.022504266,0.02265208,0.02282373,0.023181748,0.022711983,0.022934543,0.023120109,0.023306588,0.023877725,0.0231873,0.023859013,0.023946006,0.023902174,0.025293984,0.02689574,0.027021425,0.028550789,0.02894748,0.028293222,0.029020188,0.029432362,0.029237036,0.028597137,0.029223021,0.028249575,0.029056894,0.030893207,0.030060142,0.030969633,0.032255497,0.035204615,0.036965813,0.038398493,0.039689124,0.0377254,0.03921195,0.041546512,0.04206422,0.042474918,0.043911457,0.04367808,0.043789577,0.043850884,0.043992344,0.045170244,0.04858825,0.051346116,0.05154332,0.054313954,0.05333186,0.05426117,0.06350502,0.063113734,0.065198675,0.06654467,0.06153543,0.06562614,0.071221486,0.07458577,0.07507878,0.078598216,0.08223156,0.08744696,0.092578106,0.09671808,0.09677949,0.09771455,0.10195013,0.109722376,0.11372721,0.117369115,0.12225155,0.12178121,0.13223636,0.13768937,0.14003927,0.1500934,0.15550217,0.16244887,0.17102814,0.17461368,0.176135,0.18417235,0.18169011,0.18743728,0.1819909,0.17937198,0.17854686,0.171552,0.17499603,0.16207244,0.15882845,0.15299518,0.14036769,0.13669382,0.12961052,0.118484214,0.11543014,0.10899701,0.101750195,0.08939023,0.07905056,0.07297499,0.0699037,0.06885304,0.066771604,0.06292743,0.056006458,0.05272965,0.051483966,0.049379777,0.04847318,0.047699977,0.046787802,0.047332745,0.04740158,0.045886118,0.046208043,0.04524462,0.04325973,0.044467878,0.043635096,0.046853498,0.049902517,0.0506171,0.049850713,0.04617119,0.047524806,0.044403642,0.042836625,0.04112074,0.034636967,0.03541439,0.037960596,0.03848364,0.038146492,0.038579453,0.038434252,0.041342594,0.041810233,0.04276301,0.042262632,0.03905994,0.03800676,0.035924256,0.033044647,0.032396898,0.032591317,0.030591713,0.030576993,0.030547963,0.02996405,0.029430235,0.028316632,0.026374111,0.024922512,0.02426254,0.022519333,0.023087624,0.025738837,0.02576815,0.026552748,0.02657051,0.023571812,0.023341944,0.025314158,0.023098106,0.02039099
0.013097631,0.016602203,0.019500485,0.020566141,0.021309616,0.022295546,0.022296548,0.022216685,0.02279046,0.023128364,0.023174576,0.023833739,0.024264546,0.024065582,0.026006576,0.027091514,0.026515864,0.027060982,0.02794503,0.02656896,0.026483921,0.025892168,0.02587619,0.027822861,0.031383973,0.031951,0.03192611,0.03102511,0.030027458,0.03186251,0.032293785,0.03227105,0.033718493,0.033934727,0.03535572,0.039890245,0.038025737,0.037146773,0.036959793,0.03702869,0.039011203,0.043384783,0.04317456,0.042673282,0.043959938,0.042839196,0.04515612,0.045700748,0.046360675,0.047460705,0.048115514,0.05108131,0.052626435,0.054377526,0.05604791,0.058371473,0.060052615,0.06553928,0.067790724,0.073346846,0.07400843,0.074356586,0.07884434,0.0767665,0.07999865,0.08456083,0.08532583,0.08864171,0.093614064,0.096335895,0.09853073,0.1012319,0.10540669,0.10997251,0.11964431,0.12392025,0.12742625,0.13393864,0.13486025,0.14306808,0.14811473,0.15349272,0.1650939,0.17120107,0.17594174,0.17477249,0.1783098,0.18545564,0.19169214,0.20217569,0.19554402,0.18410613,0.17255554,0.16420203,0.16400445,0.15684582,0.15888192,0.14869545,0.14605542,0.14989199,0.14635392,0.13798894,0.12611029,0.115890935,0.104168266,0.10266297,0.098202266,0.08951448,0.08179208,0.0756707,0.06715655,0.067448474,0.066362195,0.062151294,0.05951926,0.05730307,0.052511048,0.049656346,0.048189193,0.044146415,0.046292003,0.047242038,0.046785638,0.051505256,0.051635575,0.05374533,0.05657918,0.055687718,0.0571562,0.057191383,0.055991355,0.054407082,0.05273377,0.050192352,0.05193223,0.05187306,0.049085923,0.047839437,0.042846892,0.040738482,0.04057367,0.041096684,0.03969931,0.038453408,0.037780076,0.0381324,0.0377576,0.036008596,0.038184352,0.036749143,0.03885017,0.04081194,0.03908241,0.040334463,0.037870187,0.035869397,0.035216756,0.036644533,0.038158607,0.03874724,0.037488867,0.03458077,0.03297426,0.033028003,0.0344372,0.03337626,0.032630343,0.030778194,0.028930834,0.030892376,0.03521678,0.03379162,0.029839635
0.011913453,0.015258404,0.017379533,0.018113453,0.019025259,0.019604586,0.019928252,0.019275332,0.01962736,0.019433856,0.02017509,0.020979518,0.020971054,0.021570338,0.021631233,0.022782797,0.023682585,0.024413677,0.025271006,0.026345594,0.028114816,0.029553728,0.030497724,0.0311171,0.031114258,0.030374998,0.03101028,0.030948998,0.031472035,0.03281697,0.031571202,0.031520296,0.02966814,0.029566498,0.030248772,0.03233716,0.034698386,0.034509245,0.03732125,0.037693586,0.042323723,0.04385933,0.04475005,0.04884442,0.048385486,0.056578867,0.059345476,0.059768777,0.06018534,0.05675709,0.05828642,0.061150804,0.06297972,0.0640755,0.064217485,0.06279183,0.06780616,0.069761075,0.07466215,0.07798421,0.08035946,0.08486838,0.08755416,0.09098886,0.089872874,0.088959344,0.08992481,0.0927124,0.09571833,0.09767523,0.103121944,0.10517949,0.113609605,0.11981184,0.12646092,0.13151756,0.13415433,0.14124379,0.14800541,0.16111998,0.16658764,0.16696492,0.17000155,0.16634451,0.17171022,0.18208773,0.18049453,0.19407716,0.19559504,0.19762075,0.19969435,0.1934899,0.19517736,0.18610038,0.18124594,0.17287147,0.15756363,0.15195554,0.14111428,0.13355458,0.12952122,0.1266066,0.12817036,0.11663277,0.11049772,0.09896786,0.08597815,0.08163558,0.07665431,0.07134767,0.06819105,0.06397693,0.055877768,0.05509159,0.05308328,0.05434595,0.057018947,0.057213675,0.056702636,0.055669427,0.054447375,0.052657224,0.051769506,0.050582737,0.054593116,0.052533172,0.056659006,0.06425187,0.06512851,0.06439681,0.060933936,0.053036198,0.04790419,0.050437614,0.05096983,0.050702997,0.05153798,0.049097255,0.04683905,0.04575218,0.043695938,0.042377915,0.04177592,0.04059662,0.03790076,0.03788936,0.037605125,0.039148718,0.04225139,0.042513214,0.04469189,0.04464488,0.041844063,0.041806005,0.04122672,0.041562717,0.04207726,0.041251555,0.0401583,0.039701577,0.038027145,0.037744686,0.03661701,0.0329776,0.034866575,0.034457278,0.03453609,0.03603445,0.033574615,0.032005474,0.032584235,0.028969228,0.025259009
0.014834632,0.018635904,0.021688676,0.022801405,0.023769204,0.023843262,0.025180338,0.026140565,0.027869608,0.028287645,0.027759818,0.02712645,0.026624829,0.02721011,0.02879844,0.03046906,0.030215396,0.031061994,0.03261819,0.0327807,0.032643884,0.033897847,0.033441436,0.032578267,0.033097353,0.031698268,0.029756678,0.030818902,0.03333548,0.033771247,0.035555825,0.035043847,0.03386332,0.035897885,0.03518037,0.035823375,0.03801078,0.039361257,0.0443051,0.046418406,0.047325917,0.04815296,0.047789887,0.050561562,0.052384164,0.05240384,0.052555773,0.052069075,0.051140573,0.05721242,0.059585642,0.063459285,0.06716008,0.06381903,0.06614621,0.06435975,0.067172594,0.07019844,0.0693424,0.070433825,0.07242209,0.07690816,0.08552166,0.087756895,0.09070805,0.09417005,0.09443593,0.09985704,0.1001606,0.104998976,0.107171066,0.1122972,0.120231315,0.12175113,0.12943648,0.13317178,0.13427007,0.1485502,0.15969625,0.16352494,0.1674341,0.16539784,0.16192102,0.16895925,0.17557761,0.17763625,0.18926413,0.19838095,0.20376633,0.19892764,0.19833094,0.19001867,0.19075653,0.19836351,0.19317003,0.18840447,0.17946537,0.16760963,0.15571758,0.14932054,0.13540252,0.12705171,0.11676137,0.107494414,0.100665405,0.09534706,0.087969676,0.07961175,0.074221514,0.06809058,0.06484192,0.059863422,0.056503817,0.056136,0.05001277,0.050091665,0.049273066,0.04597876,0.04524426,0.042054374,0.038426403,0.035813604,0.037663683,0.036362734,0.036490485,0.03868925,0.036667354,0.03674958,0.037039086,0.035202935,0.0346463,0.03386166,0.03355805,0.035146244,0.034599125,0.03465127,0.035062395,0.034015603,0.035026606,0.033817157,0.032468256,0.030444516,0.029325726,0.030880852,0.030129578,0.029958826,0.03049667,0.038570777,0.038122904,0.038011003,0.03467173,0.02268212,0.024071129,0.024160381,0.0251922,0.025913786,0.024469787,0.023154527,0.023546278,0.022630101,0.022628764,0.023395456,0.022331163,0.025991214,0.025655108,0.025952136,0.026082154,0.022273622,0.022369029,0.022336887,0.021517895,0.018754108,0.01566178
0.011588941,0.014749635,0.017403442,0.017977744,0.018301843,0.017425053,0.017622411,0.017777503,0.018432325,0.019295631,0.020137643,0.019512588,0.020099925,0.020262118,0.019282686,0.02047289,0.021250159,0.023162596,0.02324315,0.023092056,0.023531375,0.02263145,0.022845365,0.024774805,0.02432532,0.025564179,0.02602296,0.024419155,0.023571234,0.022194007,0.02354613,0.024636298,0.025559142,0.025598312,0.02463626,0.023784919,0.025613673,0.026884614,0.028029751,0.029030615,0.028566562,0.029023355,0.029771889,0.029761652,0.030120887,0.03138334,0.032492314,0.03329952,0.03532719,0.036008343,0.036224447,0.038793575,0.038453408,0.040105596,0.041261304,0.041774366,0.042831324,0.04222834,0.041993007,0.041878298,0.043599565,0.04460696,0.04823793,0.048560742,0.049036358,0.049493402,0.0508988,0.05331972,0.0535203,0.05485603,0.05532166,0.061610185,0.065246195,0.06879107,0.072433,0.06874666,0.07143032,0.07380471,0.072911456,0.07560588,0.079302855,0.08321093,0.08520655,0.09033242,0.09299791,0.09340501,0.09275244,0.09223371,0.089651026,0.091787115,0.098306336,0.09948602,0.10599548,0.10762079,0.1074383,0.11310674,0.11056378,0.11278452,0.11687217,0.11467835,0.111782625,0.11004476,0.10788707,0.11139641,0.111494996,0.10678937,0.10260391,0.10478155,0.107588,0.11081058,0.113683924,0.10784129,0.105012804,0.09995305,0.09221814,0.08541223,0.08786312,0.09158918,0.0944639,0.09086252,0.08236792,0.07599975,0.07001312,0.070041366,0.06910833,0.06885698,0.06880988,0.06588121,0.06242753,0.06085471,0.06072483,0.059011053,0.058498904,0.053135347,0.04977236,0.04827292,0.045844264,0.044367086,0.039142955,0.038795594,0.0382315,0.036279313,0.037510436,0.036474884,0.036967646,0.037368495,0.03458829,0.033640172,0.033879586,0.0322226,0.031429075,0.03027996,0.02813169,0.028319223,0.028373402,0.027456112,0.028646145,0.028372038,0.02848323,0.02911806,0.026700573,0.02536265,0.024741488,0.023137541,0.024246585,0.024600782,0.023765184,0.023731602,0.021077292,0.019907843,0.020926438,0.018583283,0.016935837
0.007907486,0.010145794,0.011610317,0.012419784,0.013051005,0.012949229,0.013504337,0.013559993,0.012513634,0.012627543,0.012243381,0.01230492,0.013857269,0.014039625,0.015344262,0.016046729,0.01586124,0.016039314,0.015556,0.01634759,0.016167786,0.017135056,0.0170832,0.017071422,0.018170005,0.018608442,0.018927224,0.019607482,0.019551974,0.020198384,0.020685714,0.020636981,0.020261563,0.0185994,0.018612415,0.018522356,0.019513829,0.01977944,0.02059179,0.022209158,0.023710709,0.025492704,0.026094595,0.025093501,0.024702132,0.0242064,0.024018317,0.023877801,0.022973716,0.023959883,0.025081865,0.026861595,0.027443198,0.025725028,0.02650349,0.02566984,0.026969941,0.029920334,0.028537326,0.02970833,0.03224143,0.033520076,0.03857134,0.038993392,0.038720846,0.039366934,0.037581492,0.038968135,0.038158435,0.042148963,0.04416626,0.04627824,0.04888574,0.04843068,0.051133987,0.052428037,0.052655987,0.055817615,0.055821087,0.056358527,0.056539107,0.05449088,0.057321016,0.062178977,0.06665744,0.069210015,0.07030126,0.067501776,0.066217825,0.07087969,0.070486635,0.076659285,0.07813915,0.07931622,0.083215974,0.0805455,0.086755775,0.087018065,0.08905191,0.09173057,0.08534539,0.08376507,0.079335995,0.076763466,0.07442581,0.06782307,0.072131835,0.07438096,0.081986606,0.08580528,0.08388112,0.08198022,0.08386033,0.08358304,0.085890725,0.08265576,0.074331075,0.073606305,0.06326758,0.062006835,0.059285544,0.057637975,0.059595436,0.061234184,0.06038151,0.05601308,0.051480204,0.044272386,0.04621823,0.044701293,0.04214196,0.043105014,0.039041366,0.037639804,0.037629686,0.036429208,0.033639133,0.03328683,0.03212647,0.033596203,0.033856504,0.03207636,0.032526914,0.029113071,0.029186198,0.028156206,0.02744807,0.026656715,0.02619327,0.026702378,0.026378294,0.027072238,0.026544496,0.02675131,0.026586404,0.025097227,0.0247535,0.023445481,0.023152865,0.023851613,0.024532614,0.025760412,0.025250591,0.025843484,0.024482029,0.023159783,0.022684682,0.022365311,0.0226703,0.022984268,0.024343291,0.020756487,0.017735455
0.011793201,0.014986407,0.016867934,0.016279757,0.016469985,0.015759438,0.017176505,0.018044788,0.017848944,0.017970985,0.017122352,0.016884906,0.018648917,0.019769099,0.020815907,0.021427738,0.021057995,0.020978162,0.020808807,0.020933596,0.020649914,0.021185987,0.021311924,0.02149655,0.023462646,0.025132513,0.026660303,0.027612217,0.025954874,0.025322642,0.023159124,0.022310147,0.023668934,0.023131019,0.02501977,0.025818035,0.025812842,0.026779642,0.02826185,0.028483478,0.02925182,0.031175872,0.031629156,0.03324643,0.034859363,0.03485126,0.036818653,0.039401192,0.039773528,0.041003734,0.041124832,0.039524537,0.03880687,0.038710278,0.037999038,0.037741352,0.039582226,0.04040692,0.04340654,0.04406193,0.046675142,0.049710553,0.050391752,0.054097112,0.05568348,0.053634662,0.05399387,0.053857554,0.05636316,0.057974678,0.05982399,0.060860135,0.060367264,0.065093175,0.06998495,0.07480273,0.078467146,0.08449784,0.08578037,0.09835578,0.103710696,0.10887909,0.114095196,0.11065635,0.11154268,0.11165045,0.11350292,0.11622864,0.1218189,0.12156855,0.12040398,0.11953291,0.11941164,0.12576963,0.1325634,0.13710374,0.13427982,0.12953119,0.12502302,0.12082419,0.12626544,0.1277711,0.12204394,0.12049355,0.11615102,0.11529267,0.12096054,0.121874526,0.11923973,0.10953847,0.099787556,0.09259366,0.08093781,0.08201665,0.080772944,0.07252286,0.07168016,0.06527952,0.060573798,0.062075492,0.06213897,0.06080776,0.060005832,0.05739822,0.051923268,0.05075187,0.05186606,0.047994442,0.04847331,0.045971956,0.040550046,0.040048223,0.03943631,0.039220165,0.038540017,0.038644567,0.038599644,0.036526743,0.03605027,0.0354927,0.03414516,0.033785377,0.033833466,0.032403067,0.033347692,0.03344236,0.03241541,0.031142727,0.029326065,0.028528845,0.02796005,0.027086576,0.025626704,0.024022395,0.023464583,0.02336903,0.022770023,0.02460187,0.02407139,0.025060168,0.025444064,0.02411536,0.024218863,0.02185192,0.021856582,0.021812908,0.020934105,0.02195222,0.020598896,0.019360047,0.019114895,0.017003188,0.014005844
0.01677688,0.01998753,0.0229791,0.022035517,0.024178343,0.024387628,0.02478124,0.026861088,0.025888454,0.025443653,0.025403356,0.024837106,0.02537729,0.02755689,0.028635979,0.028895885,0.029418264,0.02919108,0.030248052,0.031639095,0.031881906,0.032174848,0.031860113,0.03206215,0.032256383,0.032465987,0.03284301,0.031452317,0.031402547,0.030813597,0.031889763,0.03209801,0.0328323,0.03519077,0.032873146,0.033673346,0.034142584,0.033892706,0.03630685,0.037897974,0.040475022,0.04099692,0.040839784,0.04000979,0.035763893,0.034128208,0.033036247,0.030990394,0.032806285,0.033779334,0.03434122,0.036714215,0.036047757,0.03669338,0.036155265,0.03619979,0.038468584,0.037763596,0.038296163,0.03744993,0.038381062,0.039604086,0.039970875,0.04407337,0.043488838,0.04687463,0.049391445,0.0491116,0.05000238,0.05250721,0.055052243,0.056314044,0.058236394,0.056556683,0.05547904,0.055632815,0.055131998,0.056348033,0.061981622,0.070102215,0.08285164,0.08952952,0.091235,0.09158696,0.09116706,0.08929094,0.09486546,0.1054683,0.107740365,0.10891693,0.10691972,0.11098437,0.11407401,0.12332586,0.12606049,0.12549886,0.124716364,0.121742606,0.12173436,0.11082641,0.1142372,0.11025345,0.11829355,0.12080812,0.113078505,0.116468176,0.10384057,0.10327683,0.10277392,0.09739165,0.09778552,0.09867613,0.09590653,0.09496003,0.091318384,0.08452478,0.081392184,0.07639103,0.07621614,0.07429091,0.074344315,0.07069807,0.06670567,0.064097725,0.05808595,0.0609666,0.058883566,0.055431467,0.056343157,0.049370438,0.04854412,0.04646472,0.04362922,0.045996677,0.045474313,0.044245422,0.042220943,0.03781319,0.03489925,0.033368565,0.033606753,0.033046573,0.03177885,0.030425658,0.028764332,0.02806645,0.029393552,0.029044496,0.029623907,0.029203372,0.026877189,0.026308121,0.02375498,0.023284879,0.022562811,0.022793574,0.022344874,0.02200143,0.022450076,0.020139165,0.019461853,0.018868387,0.018354777,0.01903091,0.018000022,0.01825021,0.017242251,0.016704973,0.01653427,0.015836217,0.01579585,0.01370704,0.011938289
0.013529344,0.018019278,0.020529421,0.02095987,0.022131618,0.02213824,0.022621633,0.022676561,0.022121135,0.020862894,0.021065462,0.023084043,0.024094623,0.026305066,0.026106281,0.025790563,0.025715254,0.024294442,0.025478676,0.025182465,0.024912493,0.026295636,0.025616964,0.025335642,0.025136635,0.024973832,0.025114514,0.025966257,0.026488695,0.027254015,0.02843906,0.029079275,0.029371427,0.028571801,0.028319733,0.028714804,0.029906046,0.031431284,0.03341403,0.03405843,0.03468599,0.03692336,0.03618557,0.036605768,0.036614165,0.036298558,0.037030615,0.036491323,0.039176516,0.040675752,0.04269524,0.04535211,0.04650592,0.045870747,0.045634966,0.044586666,0.042508643,0.04943355,0.049683403,0.05109479,0.052721582,0.04760885,0.04994114,0.056940917,0.05818743,0.058987487,0.0602419,0.05789908,0.06249803,0.066333085,0.0734115,0.078928225,0.07918755,0.088442646,0.0855362,0.08759301,0.09322629,0.09286822,0.10188677,0.105536334,0.109171584,0.10961224,0.106824175,0.11923403,0.11818628,0.123862326,0.1331855,0.13959782,0.1429477,0.14653468,0.15405719,0.15536754,0.15944855,0.16180353,0.16156918,0.15792729,0.16085537,0.17004201,0.17094612,0.1703884,0.1687803,0.15897074,0.15958716,0.15832907,0.15362164,0.14795606,0.1342893,0.12721834,0.13186541,0.13028224,0.13009197,0.12830082,0.11844537,0.11559883,0.10816468,0.1004448,0.09684766,0.09192584,0.08975335,0.08867892,0.08289694,0.08175506,0.08037376,0.075644985,0.07882185,0.07625678,0.07353712,0.07424268,0.06958611,0.064887755,0.06379515,0.058319803,0.05637479,0.05382225,0.05191134,0.051265325,0.0507327,0.051304724,0.05110884,0.04975063,0.046866048,0.04653387,0.042851843,0.04099877,0.043650277,0.04249327,0.042113733,0.04087902,0.03657215,0.034408387,0.03370629,0.0340975,0.035798438,0.035700366,0.035970062,0.03565598,0.0353878,0.03535314,0.03715236,0.036537502,0.034917053,0.033158846,0.03238879,0.032921538,0.031992383,0.032350782,0.030859854,0.031078506,0.033297393,0.03304255,0.03265233,0.02816122,0.021605168
0.017119322,0.020018734,0.022999821,0.022504585,0.022990206,0.023442792,0.022664255,0.02366671,0.02276832,0.023717659,0.026053881,0.024868723,0.02482501,0.024878407,0.024364928,0.024218991,0.026347503,0.02631376,0.02671613,0.028725522,0.027296396,0.02865494,0.02882166,0.028560607,0.029510818,0.029089503,0.030515043,0.030234078,0.030651057,0.030248294,0.028312033,0.030547068,0.0316714,0.032594997,0.035326626,0.03536952,0.034843024,0.033796117,0.03173886,0.031755276,0.033140775,0.035657406,0.039348297,0.041072857,0.04161082,0.044332195,0.04261347,0.042133987,0.044346843,0.042855904,0.046675913,0.04842155,0.048259564,0.051659625,0.051088214,0.055663794,0.060527373,0.058956847,0.062252343,0.063660055,0.061414655,0.06622896,0.070710644,0.0704509,0.07567316,0.07769716,0.07570829,0.07948481,0.08692912,0.09268022,0.09674264,0.10015876,0.099192835,0.098914124,0.09802689,0.1023618,0.103052765,0.10781105,0.11402033,0.115935095,0.1207042,0.13335891,0.1365228,0.13960235,0.14366375,0.14797634,0.15463404,0.15969032,0.16630848,0.16783482,0.1675045,0.17079918,0.17501289,0.16663499,0.163001,0.158092,0.14634012,0.14688572,0.14722475,0.14997765,0.14983752,0.15396255,0.1572776,0.15099683,0.14755002,0.14357379,0.13599189,0.1316702,0.12795444,0.11500437,0.10798547,0.10133234,0.096663505,0.09242784,0.09377169,0.09447491,0.09141603,0.09193506,0.084622964,0.07917839,0.077479474,0.06973194,0.068959825,0.07040433,0.07061253,0.07034171,0.06768216,0.06211705,0.057942856,0.059556324,0.060562428,0.06010533,0.0582132,0.054610793,0.05274473,0.052272,0.05095835,0.051636104,0.05085269,0.04911396,0.05075321,0.047876846,0.04518933,0.04402848,0.039551727,0.039952546,0.037903544,0.037688076,0.037533537,0.036253273,0.036556806,0.035541482,0.035086285,0.034490813,0.034136694,0.03206336,0.031289697,0.030546216,0.029540299,0.028418543,0.028245302,0.026561473,0.0261742,0.02718259,0.027332086,0.02747455,0.02650726,0.024910714,0.023275467,0.023607485,0.024717454,0.022956366,0.020398797
0.015551238,0.01824272,0.020641517,0.02119896,0.020404097,0.020610478,0.020838775,0.02112224,0.021769555,0.021997936,0.023611473,0.024127692,0.024246499,0.02463805,0.024332525,0.023505423,0.025456397,0.02598125,0.026325412,0.026646974,0.026886478,0.027586479,0.027097082,0.0272003,0.027174266,0.027255075,0.027174177,0.028276663,0.02699716,0.027234988,0.028771922,0.02836771,0.029646818,0.029644236,0.030161595,0.03015974,0.03158511,0.03303377,0.032897267,0.033976287,0.03340391,0.034502055,0.03555157,0.037479457,0.042960487,0.042890448,0.044440284,0.04708096,0.044347923,0.046179537,0.047068357,0.045301154,0.04657453,0.047927175,0.047128618,0.049493108,0.04986568,0.051545568,0.053130724,0.06036687,0.06082508,0.06261038,0.0649679,0.062795326,0.06586455,0.06514073,0.067110576,0.06404062,0.06664464,0.06671934,0.06738947,0.07481532,0.077010475,0.08205106,0.08877355,0.08983156,0.098928295,0.10197019,0.108963564,0.11264883,0.112833925,0.119652644,0.12151042,0.13305251,0.13886693,0.14133559,0.14764154,0.15216678,0.15196541,0.15955232,0.15811193,0.16085446,0.16581795,0.168339,0.17366216,0.17329879,0.16985032,0.16526252,0.15631178,0.16044222,0.16051343,0.16215394,0.16381392,0.1515054,0.14670888,0.14173481,0.13705301,0.13241258,0.12999378,0.1301186,0.13161193,0.12560609,0.12452964,0.11357112,0.10515511,0.1053756,0.100604534,0.09761814,0.098233975,0.095297255,0.09324404,0.08999217,0.08826175,0.08523073,0.081215315,0.07854618,0.074082896,0.07309801,0.0751987,0.07343698,0.06882232,0.06501407,0.060245898,0.05795226,0.05595995,0.055590533,0.05656542,0.0582051,0.0580909,0.055058077,0.05163032,0.048214633,0.044777546,0.044992857,0.043271586,0.043446753,0.048423525,0.049629156,0.05019456,0.04842183,0.043696042,0.04009192,0.041150257,0.0422622,0.040354423,0.04038262,0.037131734,0.036682237,0.037130192,0.036531147,0.037302006,0.03571589,0.035980508,0.034651663,0.032851014,0.03315639,0.03320281,0.03387407,0.033692457,0.031903554,0.029953225,0.027403302,0.022495123
0.015620598,0.018354373,0.021072773,0.022204103,0.022107868,0.023212112,0.023623038,0.022659887,0.025115551,0.026881585,0.026821878,0.02675032,0.025244517,0.025277749,0.026036631,0.02820275,0.032750312,0.031596083,0.03210762,0.032948498,0.029389692,0.030430103,0.031653967,0.031398244,0.032427005,0.035511453,0.035925504,0.036838546,0.03715622,0.034283098,0.034194086,0.034339286,0.036102,0.03784451,0.03981859,0.04184189,0.042098083,0.0465272,0.047164332,0.046403434,0.046445586,0.04559311,0.045526892,0.046839837,0.048299257,0.045804203,0.048318304,0.051090162,0.055849127,0.059434403,0.06277649,0.064484276,0.06601357,0.06639129,0.06683196,0.06788822,0.06753506,0.07130111,0.07125528,0.071682625,0.07444468,0.07837336,0.081532024,0.084335625,0.08790291,0.08785183,0.091552906,0.102973424,0.10159596,0.109245576,0.11063914,0.10826185,0.11091429,0.10848998,0.11455901,0.11507119,0.12113372,0.122272134,0.13152349,0.13963394,0.14258884,0.14563553,0.14711876,0.14992185,0.15274777,0.16208446,0.16252092,0.16085859,0.17604133,0.17859285,0.18309407,0.18669134,0.1759794,0.17131533,0.1632453,0.1674109,0.16770758,0.17553446,0.17115611,0.161026,0.16324833,0.15083505,0.15011483,0.14776455,0.13501571,0.12654334,0.12433876,0.12580146,0.12560974,0.13065277,0.13888808,0.1354234,0.13156603,0.12278403,0.11003672,0.10292301,0.102913715,0.105943,0.10806102,0.106639475,0.10192386,0.098245755,0.08656227,0.08563506,0.08242553,0.082112946,0.08549086,0.08055448,0.08293672,0.08650279,0.084872074,0.08370867,0.0783322,0.06779708,0.06404569,0.06315853,0.060967997,0.06030539,0.06282585,0.058869954,0.057927087,0.058823913,0.05563218,0.058988314,0.05738692,0.05267537,0.05238513,0.051012512,0.05039484,0.049793757,0.046700504,0.043222286,0.042818993,0.041406255,0.04216779,0.04126763,0.041718896,0.04123836,0.038371343,0.040865242,0.03973891,0.040518664,0.038676277,0.0373708,0.03805479,0.036509212,0.03916398,0.03532134,0.03278667,0.03206797,0.026892116,0.024209483,0.019641303
0.01596237,0.019769909,0.022373399,0.024142414,0.024633607,0.024352688,0.026199626,0.026031986,0.025406228,0.027464768,0.025523892,0.024933241,0.02545367,0.02385695,0.026282083,0.027632987,0.028004158,0.02897926,0.029057544,0.029991783,0.029617509,0.028809695,0.02848084,0.02849292,0.03343505,0.03454623,0.034452893,0.034959212,0.031155206,0.030291717,0.032258276,0.029974807,0.032022737,0.034686267,0.03496095,0.0376196,0.03762075,0.03760265,0.037742507,0.036100324,0.0356822,0.036444817,0.035452418,0.037901625,0.039626542,0.04065707,0.042774398,0.04325138,0.04396307,0.04378666,0.045951575,0.047269158,0.047959186,0.048956867,0.050340082,0.050802898,0.055776495,0.058660444,0.060610637,0.06339598,0.06285757,0.066698104,0.06728242,0.070046045,0.07236946,0.074193075,0.07773151,0.08319551,0.086773686,0.08876006,0.09122748,0.092846975,0.09336407,0.096944705,0.10343881,0.10612582,0.10986003,0.11289811,0.118344225,0.11772487,0.12233187,0.13146156,0.12823609,0.13733733,0.14718471,0.14957553,0.15995911,0.16864994,0.16607949,0.16822162,0.17612919,0.17546,0.18759522,0.19115491,0.18381464,0.18542044,0.17557676,0.17261867,0.1782359,0.17148986,0.17341205,0.16872165,0.153778,0.15666698,0.1434212,0.14208347,0.14219396,0.12913553,0.13415104,0.124982454,0.11880386,0.114711165,0.10343326,0.1047736,0.11269955,0.10853629,0.1064969,0.101205215,0.08698545,0.084638394,0.08342462,0.08179965,0.0786833,0.08671559,0.08755479,0.08275126,0.082529835,0.07030953,0.06702074,0.06814914,0.071723275,0.07556893,0.07375876,0.07042265,0.067260996,0.06688097,0.065873906,0.06450363,0.06120287,0.05748621,0.056850735,0.05620697,0.053033642,0.049010757,0.049019363,0.0526083,0.054268464,0.054449152,0.04923504,0.046338845,0.046168707,0.049013205,0.050376613,0.047767594,0.045432582,0.04448842,0.046990205,0.04747246,0.049718075,0.046047475,0.04089747,0.040680245,0.037317056,0.038980555,0.043649804,0.044240627,0.04552867,0.047222182,0.044786885,0.043500923,0.04160191,0.036310162,0.029649023
0.015774611,0.021676479,0.024432274,0.024157219,0.024335615,0.023875916,0.023726007,0.023998251,0.02388485,0.022166533,0.024062213,0.025766151,0.026658995,0.028002042,0.027699037,0.028170321,0.028925274,0.029278446,0.02988776,0.03038019,0.030472957,0.030683693,0.03135696,0.031701148,0.033896513,0.03483287,0.03597529,0.036220625,0.037184484,0.038112495,0.038197286,0.037892506,0.03615047,0.03656454,0.03722845,0.03807886,0.040433742,0.04243719,0.042113725,0.041415006,0.04134813,0.040841766,0.04244323,0.045378655,0.047205307,0.046417058,0.047014367,0.04813564,0.047835678,0.05132732,0.05316296,0.054491766,0.056901738,0.05663312,0.0573441,0.062460255,0.06417671,0.06762171,0.06990967,0.07251927,0.07502011,0.07921379,0.07987515,0.079129644,0.08094243,0.07805954,0.084200725,0.08590256,0.086311944,0.09190487,0.09314429,0.10263312,0.110026136,0.11495493,0.12319609,0.12896025,0.12990259,0.13553378,0.14478424,0.1473016,0.15753824,0.16170174,0.15346682,0.15639192,0.16448662,0.17250726,0.18670115,0.1953105,0.19394146,0.20154308,0.19654971,0.19034547,0.19651711,0.1811907,0.17866817,0.18640469,0.18168019,0.19010545,0.19535877,0.18111907,0.17275056,0.16438021,0.15556414,0.15028806,0.14362603,0.13688836,0.12810369,0.12754121,0.11815207,0.11144402,0.1130174,0.10856448,0.10866424,0.10497849,0.09434591,0.095441155,0.095112644,0.092591,0.09295297,0.08405794,0.078333646,0.07822493,0.0767844,0.08200479,0.083941214,0.07824322,0.08098446,0.07726042,0.07791851,0.078776516,0.07316801,0.070767194,0.06605022,0.06955906,0.07076372,0.07296719,0.07694117,0.0752299,0.07477467,0.0717073,0.06609227,0.064984426,0.06308877,0.06323547,0.06768141,0.069017924,0.066859014,0.066178665,0.06481843,0.059464794,0.057486985,0.057361305,0.052696522,0.05920266,0.05950237,0.057982042,0.056250155,0.051328238,0.056874964,0.05683901,0.0557924,0.054715812,0.049889293,0.04826763,0.046877705,0.043218385,0.03956981,0.03986579,0.03931084,0.03859728,0.038065366,0.0313787,0.026352474
0.01758699,0.021302564,0.026800256,0.026617305,0.02710498,0.027720038,0.026559804,0.027484404,0.029258426,0.031207113,0.031125776,0.03037524,0.028362615,0.026714489,0.026786635,0.02694944,0.030191498,0.030313231,0.030059256,0.032585658,0.029999148,0.029786197,0.031100787,0.028271038,0.029484963,0.02932652,0.029192498,0.030226223,0.029175593,0.030323895,0.03244517,0.03457953,0.03863508,0.041293953,0.04185084,0.04292047,0.04486716,0.045194935,0.04658683,0.05309938,0.054644573,0.060233887,0.06405169,0.06132845,0.06140454,0.057545103,0.055017896,0.054769173,0.055470943,0.058015537,0.0601918,0.06358321,0.06357317,0.06651968,0.06893373,0.069993734,0.074366,0.07304212,0.07975304,0.088368796,0.09104272,0.09378831,0.09219327,0.0861093,0.08722098,0.09192888,0.09465903,0.10022455,0.10393278,0.11234858,0.11853079,0.118972756,0.12173042,0.12661764,0.12953968,0.14183521,0.14856672,0.15307091,0.15546435,0.15335383,0.16125223,0.15655878,0.16026984,0.16742912,0.17327154,0.18171267,0.1866487,0.19745068,0.19516164,0.19677849,0.19307718,0.17987707,0.17167202,0.17326927,0.18220986,0.18218286,0.1839877,0.1792503,0.17016472,0.17193376,0.16857854,0.16202651,0.15662561,0.14392294,0.1375257,0.13304263,0.13495658,0.13307592,0.12864363,0.12160381,0.10590904,0.10689942,0.104781635,0.102402635,0.10112928,0.09198215,0.087320425,0.08185912,0.079325,0.08138965,0.07838138,0.07852875,0.07842458,0.06983428,0.07306642,0.07544127,0.0729066,0.0742849,0.070563525,0.06527373,0.061896615,0.065621264,0.0696509,0.07262593,0.07319508,0.06803732,0.06934212,0.06680703,0.0679043,0.06762013,0.06210979,0.06164101,0.05980559,0.062906906,0.061562125,0.061883476,0.061050277,0.057275202,0.056188133,0.053830285,0.05730869,0.057871435,0.060940396,0.061300825,0.057802208,0.055910304,0.051873248,0.04743438,0.046100497,0.043198142,0.044371508,0.048272174,0.047992796,0.049448192,0.049937584,0.049813975,0.052402414,0.052049547,0.04902455,0.046874654,0.042624664,0.039247043,0.032846525
0.019150535,0.023323674,0.027994001,0.02750825,0.026811745,0.030607244,0.029458338,0.031577133,0.033780076,0.030590791,0.032714844,0.032466136,0.033539113,0.035509516,0.036322262,0.035926856,0.035025105,0.0358313,0.036069274,0.03708524,0.036766116,0.036052044,0.035707615,0.03582141,0.037039813,0.038376063,0.038863085,0.041048855,0.043160714,0.043571834,0.044595916,0.0474824,0.045243777,0.04682455,0.050020162,0.04838292,0.053069923,0.05552931,0.05374304,0.055270307,0.05333509,0.05182458,0.053029653,0.054825444,0.05558854,0.057216577,0.056894884,0.057105385,0.059877023,0.060412627,0.06389243,0.06527171,0.06963799,0.070635654,0.07007406,0.071781136,0.071401134,0.071962066,0.07131379,0.068153806,0.06727409,0.07037732,0.072347246,0.07816457,0.084496476,0.08776426,0.10013168,0.10393056,0.109745234,0.11444823,0.111765735,0.11904644,0.11671999,0.117541894,0.12998953,0.13663368,0.14161609,0.14863628,0.14700186,0.14683521,0.15679741,0.15864296,0.16204514,0.17126292,0.17441367,0.18794358,0.19336432,0.20191205,0.19722874,0.19070388,0.1883073,0.1791903,0.19311263,0.19637045,0.19744343,0.19763008,0.19358087,0.18699181,0.17956835,0.17351522,0.16187578,0.15848243,0.153892,0.14492258,0.13732009,0.12900299,0.125259,0.11485274,0.10928293,0.10081123,0.09800016,0.09985437,0.096487254,0.09549246,0.08860091,0.08166764,0.07810254,0.07700095,0.08259391,0.0837588,0.08016754,0.07668041,0.07190851,0.073419236,0.07482939,0.07982566,0.08010137,0.08152743,0.08521384,0.07995666,0.07920727,0.075329006,0.068096824,0.073402,0.075962715,0.07898674,0.07998164,0.08283217,0.07912695,0.07740312,0.07656174,0.06731392,0.06688684,0.0712667,0.070419386,0.073993385,0.07305766,0.066753276,0.06661591,0.064575374,0.0657738,0.067724966,0.0757456,0.07696469,0.077133834,0.08059299,0.07423758,0.07734647,0.07915626,0.0722778,0.07521963,0.06871974,0.0712844,0.07455848,0.07260402,0.07278469,0.066995956,0.063331366,0.062225927,0.059893273,0.05588984,0.050054427,0.03745776
0.02229752,0.030050226,0.03553772,0.036814477,0.037835833,0.035954498,0.03553221,0.036615584,0.034442924,0.03664563,0.035573855,0.035195522,0.038583618,0.038803067,0.038810316,0.039918646,0.038488057,0.038401645,0.040743697,0.042379677,0.04182626,0.040210236,0.040343292,0.03796471,0.039212782,0.0415993,0.04112925,0.04119765,0.042188738,0.042498957,0.044583034,0.047680847,0.04896276,0.051326707,0.05192965,0.055848554,0.056753043,0.05788845,0.061889343,0.05702463,0.06016412,0.06031993,0.056528725,0.062339444,0.065919615,0.06610869,0.068865485,0.06631362,0.06471839,0.06924718,0.07306346,0.08095542,0.08804885,0.08763955,0.0949482,0.092463516,0.09272316,0.09191915,0.09589176,0.103084326,0.10098668,0.104997486,0.110311255,0.11447645,0.118459485,0.12732142,0.12834573,0.13130966,0.1442676,0.14274712,0.14607859,0.15142147,0.14927116,0.1531164,0.15099761,0.15353513,0.1607062,0.16747774,0.17677952,0.17483309,0.17312624,0.17785437,0.17285214,0.17226252,0.17618185,0.18228446,0.18727754,0.18817258,0.1959236,0.18454887,0.18104117,0.19092521,0.17230073,0.16874757,0.16666612,0.15591332,0.16215321,0.16552074,0.17109723,0.16872902,0.16337083,0.16073488,0.14969702,0.14704409,0.14879976,0.14448614,0.1407302,0.13012555,0.117445275,0.1126735,0.10077653,0.09676335,0.09352516,0.0905697,0.09057687,0.08749631,0.08745895,0.07952796,0.07730686,0.08440655,0.07777778,0.0768345,0.07351172,0.063606575,0.058620263,0.050532047,0.047276337,0.045048185,0.045274917,0.044574764,0.04882955,0.04831128,0.0483096,0.04908238,0.053529277,0.054784786,0.06305119,0.0664698,0.06935257,0.07120235,0.0644847,0.058530897,0.047523443,0.040791355,0.037411306,0.037901714,0.037602015,0.035432108,0.034906257,0.03603104,0.033241432,0.035441536,0.037719026,0.037115756,0.03742146,0.03862679,0.037241284,0.03567995,0.036430012,0.037378214,0.041057475,0.04381336,0.04740724,0.048227236,0.046761326,0.04797606,0.04719671,0.04757903,0.04591832,0.04269558,0.04082191,0.03418722,0.029053533
0.021452844,0.027585952,0.031250045,0.032245666,0.032866083,0.033194296,0.033687714,0.03155943,0.031097727,0.0309495,0.03000228,0.034962583,0.03976434,0.040567435,0.043433577,0.041818365,0.040164176,0.039460484,0.040983368,0.040777326,0.04229661,0.042980585,0.040852953,0.043089207,0.042799834,0.043324783,0.04463989,0.045271024,0.046928067,0.04841606,0.050086338,0.049368214,0.04919827,0.04842005,0.04833659,0.04781564,0.049019825,0.050504085,0.053818677,0.05973696,0.058535557,0.058469415,0.056469064,0.053312693,0.057905726,0.061024353,0.059821982,0.06049786,0.05793088,0.059389576,0.06586823,0.07052131,0.07782339,0.079598814,0.08329265,0.086346716,0.08732767,0.089814484,0.090066254,0.08994388,0.090038344,0.09236811,0.096977316,0.102564655,0.10537598,0.10227607,0.105868414,0.10466283,0.106972784,0.11460378,0.11725365,0.12955908,0.13014437,0.13119644,0.14096522,0.14504942,0.15803799,0.1648616,0.17442915,0.17364915,0.18065113,0.18907341,0.19022316,0.19422671,0.19203715,0.19548859,0.19368246,0.20052211,0.20679788,0.20542333,0.19493589,0.19216895,0.18477021,0.18699136,0.20034562,0.19748783,0.19949749,0.19274491,0.17476325,0.16627845,0.15933885,0.14981009,0.15253675,0.14443713,0.1310549,0.122382335,0.113742195,0.11317365,0.10872631,0.103604496,0.098410085,0.09727347,0.09252671,0.099364065,0.09834759,0.0890251,0.088312335,0.079690605,0.07921866,0.07625217,0.07228731,0.07483731,0.069421604,0.071357265,0.07252014,0.06713397,0.06783796,0.067678,0.073485196,0.07490242,0.07317776,0.07482969,0.07440791,0.07188619,0.08113742,0.081969276,0.07756336,0.078824446,0.06988802,0.06845295,0.066976726,0.06476098,0.06511235,0.065435134,0.0669999,0.06795725,0.08023165,0.079977766,0.08886202,0.09431725,0.090719916,0.092192404,0.08843592,0.08775422,0.083563596,0.08557758,0.08653126,0.08527402,0.08909418,0.08551691,0.08797773,0.08275998,0.0771406,0.07582474,0.06588191,0.065919586,0.064447954,0.0658688,0.06456582,0.0652498,0.065825835,0.056679524,0.047091678
0.018725106,0.021997768,0.024944076,0.023404371,0.021666134,0.023524472,0.024186077,0.025546331,0.028316386,0.029400783,0.03029746,0.032413427,0.032182284,0.031293217,0.0331625,0.031846248,0.031255983,0.03371401,0.03396916,0.035536665,0.040287543,0.039925035,0.038947202,0.038901865,0.036330793,0.036373783,0.039166495,0.039660778,0.04115406,0.042376228,0.040680688,0.04227904,0.04259875,0.04284735,0.043497335,0.04220489,0.046106964,0.04685857,0.048182845,0.052584246,0.050310716,0.053740863,0.05578241,0.057100285,0.05794254,0.057166714,0.059065446,0.067607984,0.078504674,0.084026605,0.0866074,0.08628844,0.08269308,0.08212568,0.08867537,0.09562917,0.09900482,0.10303929,0.09934712,0.096896425,0.0968924,0.09758942,0.10265559,0.10358671,0.104161866,0.106162764,0.102994755,0.09953465,0.09700497,0.094522126,0.096783675,0.09798249,0.109643646,0.11214587,0.11901276,0.12686448,0.12861797,0.13115776,0.13186109,0.13014147,0.13847306,0.14475189,0.15146348,0.1620902,0.16251339,0.16541491,0.17622721,0.18296279,0.18572009,0.18689232,0.18155445,0.17816792,0.17445862,0.17307767,0.16939001,0.161895,0.16086547,0.16187322,0.16100922,0.1550262,0.14737718,0.14132376,0.13114613,0.1324429,0.12982163,0.1220636,0.11877585,0.1090738,0.10147797,0.09555475,0.08732656,0.08108001,0.07713186,0.072662964,0.07233146,0.07335291,0.07162488,0.0707878,0.06759347,0.06909785,0.066795595,0.06713914,0.06655845,0.060263347,0.061772928,0.061661363,0.061112348,0.063288234,0.0631237,0.06197752,0.06318151,0.063712925,0.0629665,0.063878484,0.063803986,0.064430244,0.0639072,0.060197365,0.061776124,0.06225292,0.06522536,0.06706117,0.06542034,0.064544044,0.0632846,0.062308207,0.06659601,0.06724072,0.064351834,0.06617437,0.06603385,0.066969916,0.06690236,0.06722953,0.059843827,0.05307508,0.055901766,0.055979185,0.055237643,0.05340796,0.05044696,0.04900175,0.05205339,0.052744705,0.04893958,0.042087823,0.038102757,0.037244275,0.039949242,0.03931553,0.038769092,0.035093423,0.027606282
0.022288486,0.027519837,0.031332653,0.032388046,0.0338475,0.035550885,0.036524378,0.036441498,0.037355784,0.03658243,0.037624836,0.04067331,0.038085487,0.03836578,0.03779962,0.03707993,0.04336585,0.04353876,0.04566666,0.046335667,0.043016944,0.043246917,0.043558575,0.0408836,0.04070377,0.044787645,0.0496991,0.05898512,0.06364356,0.06551788,0.06434907,0.061962314,0.063395,0.065164454,0.064124465,0.06268839,0.061794285,0.061503116,0.068574496,0.070595294,0.07300084,0.07589567,0.07518237,0.080393754,0.08466728,0.08652829,0.08818701,0.08765038,0.088464156,0.09089129,0.090829104,0.09343901,0.09490381,0.092482574,0.09617289,0.10270723,0.10223343,0.109175414,0.10885495,0.111519635,0.11501547,0.11503754,0.12307597,0.12322455,0.12602991,0.13356559,0.14262334,0.14505441,0.15335272,0.15349075,0.15468396,0.15707114,0.16016605,0.16425566,0.16083156,0.1701551,0.17346911,0.18237595,0.18283108,0.1848407,0.1845013,0.18827966,0.20118992,0.20167992,0.20900348,0.19560312,0.1980644,0.2069083,0.20459464,0.21534045,0.20295466,0.1919361,0.1959167,0.1967012,0.20406324,0.20386776,0.1858517,0.18487242,0.17475131,0.16153981,0.16777132,0.14909598,0.14073728,0.14830372,0.1372594,0.14232929,0.14430654,0.13237305,0.12679787,0.119565696,0.1117522,0.10532308,0.10398151,0.092136204,0.08550503,0.082147494,0.08089288,0.07924523,0.07781546,0.07657924,0.06887156,0.06666593,0.06280429,0.058175232,0.058165055,0.058688894,0.057007007,0.05823436,0.06300988,0.0575253,0.05852348,0.059731048,0.05383599,0.06027869,0.059926637,0.059466038,0.060420945,0.0566045,0.05756682,0.056845672,0.06527705,0.071307085,0.074529044,0.07665785,0.07078919,0.06623185,0.068883546,0.07140865,0.07096812,0.06879923,0.06307117,0.060104597,0.059045546,0.060447752,0.06502385,0.06536349,0.068544604,0.0745198,0.072922744,0.07351196,0.070336,0.06521395,0.06436416,0.05907911,0.062079545,0.063942574,0.061248723,0.06601954,0.06450631,0.06355891,0.062348668,0.054831434,0.04508304
0.018422185,0.024456564,0.029007068,0.029800821,0.030801369,0.033027,0.03305465,0.033797327,0.034719568,0.031460658,0.031449765,0.033004638,0.033888694,0.040011827,0.041987866,0.04261912,0.042495426,0.041590255,0.04192934,0.042277068,0.04337411,0.044861197,0.048066773,0.051766645,0.05308933,0.053274393,0.05060568,0.049316294,0.048998427,0.046088055,0.04612184,0.047137696,0.047758292,0.049453855,0.05298036,0.054261476,0.056525987,0.059266634,0.060250513,0.06024156,0.06107333,0.06127568,0.061368145,0.06229902,0.06554697,0.07078029,0.073659725,0.07691772,0.07497541,0.07143022,0.077410996,0.0791504,0.08590813,0.08922442,0.08693371,0.08974947,0.09098123,0.09414684,0.09655101,0.097575255,0.096882336,0.10026881,0.10717146,0.107084006,0.10954454,0.10836153,0.1077018,0.11582818,0.121185586,0.12694564,0.13040826,0.13301554,0.143088,0.15008375,0.15911411,0.16242261,0.1671641,0.17036226,0.17256524,0.1820784,0.18722136,0.19803528,0.21550599,0.22005701,0.21965833,0.22559161,0.21418336,0.2117359,0.21709932,0.20981795,0.20744935,0.20978637,0.2034016,0.20506898,0.20721324,0.19893737,0.19424762,0.18476403,0.17633173,0.17700289,0.17134717,0.16473718,0.15744819,0.14449997,0.13991551,0.13269635,0.12399392,0.11873447,0.10708114,0.102742925,0.10201869,0.09457565,0.093252055,0.085772865,0.08332128,0.08148442,0.07935659,0.077577,0.07580186,0.07682496,0.076537885,0.07823368,0.079881564,0.08209148,0.080482356,0.07644592,0.07332623,0.06878292,0.06776269,0.066871546,0.06808384,0.064932905,0.0712798,0.076781675,0.072758384,0.07880315,0.07561785,0.07552624,0.0758354,0.10152885,0.10235602,0.10160212,0.10799506,0.08744594,0.09191162,0.09463171,0.09735453,0.10559221,0.10657138,0.10779249,0.10368357,0.09307316,0.09438239,0.0892465,0.0862798,0.08443594,0.08031643,0.08650182,0.087514706,0.092674345,0.08552766,0.08254567,0.083971985,0.08717841,0.089390546,0.089459874,0.08813583,0.0848718,0.0834185,0.077284284,0.074809805,0.059876684,0.050746005
0.0203448,0.024325576,0.027230825,0.02584114,0.027390933,0.02839238,0.03014951,0.03094643,0.0313946,0.031344123,0.031917576,0.031888053,0.03205083,0.03191634,0.030195342,0.030765485,0.031217702,0.03236702,0.03568318,0.0361379,0.038581073,0.038995944,0.03892074,0.040946797,0.039336655,0.039561052,0.041621927,0.04473351,0.048735417,0.051317386,0.055494938,0.056104735,0.05538441,0.056034796,0.053013228,0.05705521,0.06007458,0.059020914,0.06280283,0.05999877,0.056324843,0.056835696,0.054301858,0.05720548,0.062217224,0.067996725,0.07358957,0.072350845,0.074879035,0.07639785,0.075856805,0.08295983,0.08557032,0.08813703,0.09242495,0.093192875,0.096872896,0.101911716,0.104772136,0.1077132,0.10932416,0.1124968,0.12571146,0.13464382,0.14302175,0.14609234,0.14399838,0.14340185,0.1449366,0.15012966,0.15541483,0.15906912,0.16129583,0.16406037,0.1692963,0.17378423,0.17787172,0.18144825,0.18397789,0.18840808,0.18785532,0.19283271,0.19223805,0.19264789,0.19627884,0.1983019,0.19251269,0.19025436,0.1962416,0.19524023,0.20587021,0.20583314,0.20169915,0.2109825,0.20652574,0.21320373,0.20751968,0.19257516,0.18180807,0.17417899,0.16600324,0.15910877,0.16262983,0.14825968,0.14675243,0.14126943,0.12998116,0.1227472,0.1187409,0.106280565,0.09965694,0.095373966,0.09077728,0.0941954,0.09078194,0.09082333,0.0913836,0.085461535,0.083180726,0.07997419,0.073075466,0.07208172,0.06875935,0.07052889,0.06614466,0.06584042,0.07409829,0.07245086,0.077649266,0.07762359,0.075747214,0.07620455,0.07397604,0.07261672,0.0699536,0.07127392,0.071386285,0.079384886,0.080351606,0.07876131,0.08013585,0.07717245,0.07573438,0.0772406,0.07575948,0.07895498,0.07596213,0.07796372,0.07615685,0.06831684,0.07320045,0.07437078,0.07236359,0.07180866,0.06973322,0.06698809,0.06987513,0.07069106,0.06809871,0.06567287,0.06603308,0.06368382,0.06556039,0.061013106,0.05940038,0.060238313,0.058239914,0.058595333,0.05769345,0.054976344,0.052549183,0.051947456,0.043381557
0.018251278,0.021984277,0.02481508,0.02354016,0.0252764,0.026309429,0.030100511,0.035528973,0.03416665,0.03537697,0.033031147,0.028884832,0.031402983,0.030507056,0.031556096,0.034666367,0.036018822,0.037730113,0.039014798,0.03916874,0.037662644,0.037238866,0.036825486,0.03472104,0.03519495,0.036046818,0.035312988,0.036751907,0.03661695,0.035498265,0.03583943,0.03860448,0.03923201,0.038776673,0.04004454,0.03978791,0.04195904,0.04118804,0.042491,0.043742273,0.042462345,0.043782834,0.0455019,0.044584423,0.04697502,0.050583802,0.051023092,0.05364712,0.056180265,0.057945535,0.06138482,0.06544454,0.06560132,0.07045442,0.06746106,0.06533016,0.06963304,0.06817913,0.074204855,0.07979422,0.08453642,0.085428715,0.09339544,0.095182925,0.09633393,0.10469119,0.106179096,0.11429747,0.119641595,0.11592318,0.11928722,0.1196658,0.12349806,0.13785508,0.1482441,0.1520386,0.15869473,0.16196816,0.16627063,0.17456535,0.17036806,0.16962194,0.17771493,0.18676822,0.19966528,0.20606273,0.20196962,0.19719931,0.19591548,0.18969767,0.18936244,0.1908341,0.18685414,0.19338572,0.19050197,0.18476899,0.18378948,0.18123487,0.17571658,0.17083602,0.15628988,0.14498119,0.13860974,0.13384114,0.14614482,0.13864236,0.13161531,0.12624335,0.109076746,0.109987035,0.11413781,0.107225366,0.10579515,0.09750839,0.08823259,0.08662735,0.08355055,0.08514717,0.08012719,0.07606589,0.07198471,0.06931538,0.07045218,0.06934034,0.06511878,0.06305983,0.062213752,0.06359537,0.06782208,0.07091984,0.066876575,0.06144054,0.057050858,0.047435924,0.05242504,0.05644385,0.05722703,0.060309812,0.058355745,0.057390932,0.061638717,0.066040255,0.06742523,0.06931286,0.068611115,0.06232269,0.062424283,0.060697522,0.05751476,0.061813507,0.06307481,0.06356268,0.06520191,0.06658956,0.06335204,0.06399734,0.065503456,0.06264921,0.06759862,0.07636428,0.078121714,0.07903556,0.07836723,0.07484633,0.07445816,0.07349465,0.07366573,0.070486,0.07372346,0.073843755,0.07068963,0.06649934,0.050484564
0.010427768,0.012715531,0.015376275,0.016634546,0.016189935,0.016864205,0.016994778,0.017149806,0.01720591,0.01721731,0.017917981,0.017754877,0.018685495,0.01897581,0.01816012,0.01771798,0.017786996,0.018244615,0.019155212,0.02172672,0.02329265,0.024509268,0.026047697,0.025573554,0.02712857,0.0278145,0.029063936,0.030010706,0.02909204,0.029931962,0.030864859,0.031782545,0.034051377,0.03565018,0.036618035,0.039392296,0.04275934,0.04266884,0.047289584,0.04701538,0.04605455,0.04796141,0.047214683,0.04832629,0.047810506,0.049096785,0.04833568,0.05320321,0.0544975,0.05630223,0.058878142,0.05703486,0.05745131,0.05991695,0.06189416,0.062078703,0.06702088,0.06870357,0.07463132,0.078019574,0.084636986,0.08553206,0.082459494,0.092723146,0.09327078,0.09842819,0.10963306,0.111883245,0.12177108,0.12759374,0.12963864,0.13210343,0.13342118,0.14138135,0.1443787,0.14893436,0.15212071,0.15114263,0.15980901,0.16011225,0.16317782,0.16905536,0.17234777,0.17980479,0.19383378,0.19782853,0.20312038,0.20281795,0.19463888,0.19339404,0.18985204,0.18674564,0.19103695,0.18820117,0.18324515,0.17821163,0.16303423,0.15495564,0.14327608,0.13898662,0.1366097,0.1318882,0.12400538,0.12239174,0.112506166,0.10438805,0.10209828,0.0984065,0.09300284,0.09274071,0.08993819,0.08377937,0.08042247,0.07224347,0.0741853,0.06917332,0.069711454,0.07106695,0.06284446,0.06100645,0.059255503,0.053825136,0.0511229,0.049069747,0.048958424,0.04880488,0.050786193,0.049515884,0.045910977,0.046266235,0.043480244,0.04316603,0.04585667,0.047366507,0.049384873,0.04927791,0.049126726,0.048458852,0.052296154,0.054037333,0.052013144,0.05257275,0.0484656,0.04498143,0.041735414,0.037308563,0.035601392,0.03527802,0.036312103,0.0343368,0.031424526,0.02852947,0.028727487,0.03091985,0.030250622,0.032796394,0.031316955,0.03188911,0.032657478,0.029463293,0.031096434,0.028763724,0.02652123,0.026074274,0.023060622,0.02197295,0.023487879,0.023211857,0.022932239,0.022138909,0.020384846,0.017968101,0.014048413
0.020772796,0.026108379,0.030595543,0.031272016,0.030681778,0.030646218,0.031024382,0.03207777,0.034102913,0.035617813,0.037765626,0.037658274,0.037363455,0.03783154,0.037894472,0.039916888,0.04179195,0.042991165,0.044228416,0.046193164,0.046905447,0.046097446,0.04880536,0.047760457,0.049864076,0.04990113,0.048056006,0.05083203,0.050206214,0.053853348,0.054549605,0.052201353,0.052075412,0.05437303,0.055212036,0.057483688,0.058153335,0.056148086,0.06147624,0.06303441,0.066459686,0.06843838,0.07002981,0.07739947,0.08149714,0.083823055,0.08461348,0.09096976,0.092403136,0.0988391,0.10251812,0.10056,0.10613337,0.109932944,0.114309736,0.112867355,0.112187855,0.105926625,0.10423314,0.1108186,0.11405045,0.12407838,0.13149945,0.1329845,0.136557,0.13362914,0.14203764,0.14664128,0.15276931,0.15555584,0.15196872,0.1571488,0.16629821,0.17145674,0.18026485,0.18052614,0.16734256,0.17646627,0.17777914,0.18318367,0.20017791,0.19931582,0.20199874,0.20265321,0.20634776,0.21467179,0.22283566,0.22936869,0.22772308,0.22155946,0.20375733,0.19794072,0.19073434,0.19447385,0.2031732,0.20473011,0.2096875,0.20720083,0.20068751,0.19377004,0.18032175,0.17269443,0.16684924,0.15885477,0.15875553,0.1533532,0.14396894,0.13946274,0.1258808,0.11222117,0.11209082,0.1010907,0.10089334,0.09956832,0.09799779,0.10496128,0.10434148,0.10246648,0.10160813,0.09285148,0.086651325,0.093922116,0.08980407,0.09130152,0.09407873,0.082399525,0.08787926,0.08945128,0.08423057,0.08277691,0.076043844,0.08071352,0.087881856,0.0928107,0.09605807,0.09393065,0.09209298,0.09178266,0.09337162,0.107753225,0.11476721,0.11908482,0.11983971,0.1093456,0.10253493,0.098454386,0.09495809,0.08985747,0.08528474,0.08718768,0.08716386,0.087804444,0.09564999,0.09926652,0.10323244,0.10393712,0.103480406,0.099090405,0.09620459,0.09686757,0.10243524,0.09696578,0.092947006,0.093160376,0.08269414,0.086083174,0.08710312,0.08194848,0.08145225,0.08320854,0.084727176,0.07881003,0.06556398
0.034367952,0.041867927,0.046723325,0.048004027,0.0505695,0.04906679,0.050070092,0.04434881,0.044753026,0.049471322,0.050207175,0.054216884,0.05905794,0.056569457,0.058771517,0.055835772,0.0516139,0.05313645,0.057629608,0.063145004,0.06537763,0.069406345,0.06859156,0.07194564,0.07047703,0.07492267,0.0723961,0.06524852,0.070077546,0.06345911,0.0665118,0.074590266,0.072368346,0.072931185,0.07251969,0.06997105,0.071445554,0.07803413,0.08031581,0.08072417,0.08290342,0.08175339,0.081481405,0.08454724,0.08376946,0.08475205,0.08673532,0.09049254,0.09658701,0.09643616,0.0979417,0.096780136,0.10552918,0.10969198,0.11783495,0.1245119,0.12199721,0.12528968,0.12848803,0.12965782,0.13361004,0.13558982,0.14117877,0.1455108,0.15146537,0.15658584,0.1566381,0.16075324,0.1579558,0.16544709,0.1679151,0.17227204,0.18254015,0.18273966,0.18501556,0.18390897,0.16971183,0.16622525,0.17126456,0.16717705,0.18154223,0.18831044,0.19102122,0.19898628,0.19945559,0.2057086,0.21091187,0.21593447,0.21445858,0.20859554,0.19897422,0.19504943,0.1945821,0.19403486,0.18926696,0.17929448,0.1808014,0.17202027,0.17157969,0.17055091,0.15129659,0.14376077,0.13553981,0.12382581,0.11999602,0.11482876,0.10633438,0.10290017,0.100338146,0.09743316,0.09845937,0.09895539,0.09563902,0.08977956,0.08440419,0.0756921,0.07503082,0.07396202,0.06540359,0.06319789,0.06413515,0.062171027,0.06952772,0.07293715,0.071676455,0.069999054,0.059261646,0.057960726,0.05689992,0.060788363,0.06667902,0.06786472,0.069418944,0.07123612,0.070236966,0.06783691,0.0722803,0.073321074,0.07986002,0.08075868,0.08643734,0.09253798,0.09143973,0.10061675,0.10127212,0.1089739,0.11004155,0.10616498,0.10049964,0.093266346,0.09234527,0.09376785,0.09722306,0.096502595,0.09844453,0.10050536,0.10307118,0.10326446,0.10374715,0.098076865,0.09410662,0.08812983,0.0877014,0.088680685,0.09946187,0.10578268,0.10338523,0.10641585,0.10449905,0.10598491,0.10898043,0.09978166,0.07994749
0.0250128,0.029114535,0.034033936,0.03312188,0.031406716,0.031125652,0.031924747,0.033545602,0.036869537,0.0384731,0.038449682,0.038299464,0.035904218,0.03565314,0.03598497,0.036310114,0.038684405,0.038784023,0.037208274,0.04043754,0.04082886,0.04242306,0.04528888,0.04429571,0.044483807,0.044505794,0.043615956,0.045410417,0.046846256,0.04989992,0.051908154,0.05581972,0.061149098,0.0633571,0.07309494,0.07694372,0.077999316,0.083663724,0.08561018,0.08570533,0.09000111,0.08975692,0.087880835,0.08684179,0.08653745,0.09083471,0.09595814,0.09981698,0.101081625,0.09614785,0.09178615,0.09188592,0.08726506,0.09440482,0.09942231,0.10420904,0.10793398,0.11679676,0.115524136,0.117430754,0.12253666,0.12062498,0.1255421,0.12666546,0.13320862,0.13624585,0.14323846,0.15486029,0.16253395,0.16522448,0.1693777,0.16697316,0.16165353,0.16298223,0.16842125,0.17236032,0.18329915,0.18219452,0.17942499,0.18106793,0.17906159,0.18959473,0.19318083,0.20615998,0.2147117,0.22078544,0.2227354,0.2219027,0.21143264,0.19745053,0.19579439,0.18087399,0.18574624,0.19147366,0.18865703,0.18762165,0.18283127,0.17969576,0.17275374,0.16166288,0.14139287,0.122609265,0.10749907,0.100727186,0.100346,0.09346407,0.088737585,0.081261806,0.08132278,0.07710121,0.07486232,0.07436565,0.07430744,0.074271895,0.07163075,0.07207793,0.06332489,0.05997474,0.056067847,0.05453235,0.057570413,0.057445675,0.058327157,0.058081027,0.05806264,0.061249103,0.062225092,0.06183246,0.075972155,0.081656456,0.081156224,0.08346005,0.07111977,0.06489933,0.066067755,0.06533981,0.06268819,0.062328137,0.061887685,0.060665403,0.062730476,0.063645326,0.065221176,0.07008719,0.068949044,0.07200284,0.071223386,0.069417216,0.07280788,0.0686459,0.066674136,0.06730482,0.06145361,0.0634456,0.06295978,0.058679547,0.06366001,0.059206028,0.058586426,0.058090627,0.05163324,0.048701122,0.04924132,0.046516676,0.045715638,0.048222616,0.04647702,0.045002464,0.04542745,0.048214763,0.04970977,0.046262007,0.04052904
0.032734174,0.041360896,0.04864135,0.04643042,0.047083218,0.04522803,0.044946916,0.04706196,0.047105525,0.046834555,0.044529825,0.049080554,0.047257796,0.048484407,0.05121004,0.045606434,0.04603728,0.050529968,0.049354028,0.053153746,0.053775065,0.04905179,0.050719067,0.050350625,0.05124111,0.057146013,0.06049265,0.061481193,0.063155465,0.063196085,0.06449351,0.06421279,0.068700425,0.069266774,0.06839603,0.0708455,0.07038428,0.07438559,0.07863614,0.08214819,0.08621343,0.0941324,0.09468046,0.1019909,0.1042009,0.10085136,0.104689285,0.10292508,0.10376065,0.1057086,0.10495916,0.107154526,0.106736094,0.105097644,0.112555936,0.110274605,0.113096274,0.11684378,0.11940787,0.12490566,0.13394429,0.13556537,0.13020036,0.13847972,0.15094021,0.15502593,0.16792265,0.16807257,0.16156447,0.17145194,0.16932693,0.17459695,0.18476106,0.18711121,0.18241255,0.18415475,0.17771782,0.18145318,0.20411867,0.21012464,0.21246776,0.21455622,0.20976213,0.20977548,0.22437528,0.22748926,0.2321369,0.23487294,0.22802807,0.23040503,0.22262596,0.21313787,0.20463325,0.19615726,0.19281858,0.1944121,0.18619162,0.17127396,0.16895407,0.15778108,0.15365438,0.15040565,0.1323948,0.12241363,0.11309239,0.10173449,0.090531565,0.08337138,0.07579227,0.071182966,0.07134102,0.06860041,0.06525046,0.06374009,0.06458378,0.063426755,0.06585332,0.06382273,0.0605058,0.061455704,0.06069454,0.062118404,0.06430152,0.06685585,0.06488148,0.07368037,0.085430555,0.08416454,0.089128256,0.08587296,0.07625382,0.076160744,0.07760283,0.07832991,0.084095456,0.082346976,0.077596,0.07662829,0.07266736,0.07862012,0.08361031,0.07830379,0.073281415,0.07114563,0.06468327,0.07041588,0.07528419,0.07161696,0.07888409,0.07926234,0.076347895,0.08517358,0.08319119,0.08042234,0.084554665,0.07515911,0.07226797,0.074067995,0.06408621,0.06683951,0.06352784,0.060287025,0.06934276,0.06702124,0.07504772,0.07724715,0.0722558,0.073435344,0.06783045,0.06683162,0.06611539,0.05706775,0.045745187
0.012579212,0.015196828,0.018490046,0.017186074,0.018097052,0.018140329,0.017252076,0.017330142,0.017059622,0.017017802,0.016654817,0.017515332,0.018298315,0.018827893,0.020359043,0.020385765,0.019977506,0.019928241,0.018770095,0.018634891,0.018615127,0.018914616,0.020049771,0.020191511,0.020287793,0.020207759,0.020942459,0.021291176,0.02199669,0.021904485,0.022227017,0.022913158,0.023351936,0.025138024,0.024315337,0.024240702,0.025171455,0.024603438,0.023512585,0.023816923,0.025434833,0.025817644,0.028778335,0.028818795,0.027064186,0.02739054,0.026049891,0.027327161,0.027398437,0.028003823,0.028834866,0.029571781,0.031329736,0.034251936,0.035661463,0.03460211,0.03570863,0.03610708,0.03815007,0.039549906,0.039803907,0.036881536,0.03546468,0.03520911,0.034613628,0.037826926,0.03978632,0.040081415,0.03992592,0.039491534,0.037531227,0.04033492,0.041493896,0.042247903,0.044829547,0.045834735,0.04766967,0.049589366,0.04876846,0.049712595,0.049630962,0.04875752,0.049918063,0.05223109,0.05586228,0.061475247,0.064121716,0.06558964,0.067830056,0.06801494,0.068392895,0.068220906,0.070371576,0.07171934,0.07583191,0.075070485,0.073324464,0.0719009,0.07098533,0.0807343,0.07886897,0.07672523,0.073265225,0.062002767,0.06227525,0.06454944,0.06448455,0.06871098,0.06758586,0.06533043,0.064430885,0.058096368,0.057442818,0.053595778,0.051323656,0.05079761,0.048416227,0.050882395,0.051232643,0.04958065,0.048665322,0.045340974,0.04597501,0.044729017,0.042239994,0.042663664,0.037703402,0.038050547,0.040142387,0.0404349,0.04102882,0.040675376,0.039452665,0.03675289,0.036352634,0.035679683,0.03486195,0.03408114,0.0335809,0.032130633,0.03072975,0.030764587,0.028091095,0.025752807,0.025410857,0.02479138,0.024702597,0.024628725,0.02389459,0.022418668,0.022661231,0.022078875,0.021792172,0.023482827,0.023365773,0.02386216,0.023714535,0.022442749,0.021995746,0.021761075,0.02006448,0.018904889,0.019057652,0.017712364,0.019250238,0.01926904,0.01848321,0.018190213,0.017331183,0.016438369,0.01660073,0.015202548,0.012389525
0.012489155,0.015941922,0.018946657,0.019413257,0.019255698,0.019099725,0.018371392,0.01824003,0.017752167,0.018164286,0.018135505,0.018061997,0.018608201,0.017993174,0.018752394,0.019073443,0.019224713,0.019395998,0.01869414,0.01951225,0.019883556,0.020545311,0.020822601,0.021922309,0.022609305,0.022678966,0.024741082,0.024527857,0.024898948,0.024482265,0.024677178,0.025442565,0.025338016,0.026306858,0.024640195,0.024684109,0.024724873,0.026591722,0.029543506,0.029819435,0.030088643,0.02777218,0.027612912,0.027331369,0.027495805,0.029362572,0.030301401,0.030183632,0.031584818,0.032110658,0.031982936,0.032871064,0.03347365,0.034707695,0.035513178,0.037970405,0.040172826,0.0405199,0.040154044,0.03980148,0.037196506,0.037159946,0.037729125,0.03813338,0.04014145,0.04437993,0.04495572,0.04558647,0.044992376,0.04694335,0.04758755,0.04947854,0.05329108,0.049804755,0.05144178,0.05245694,0.053029686,0.057035856,0.060622822,0.06485612,0.06842978,0.06950408,0.07376838,0.07395329,0.07643903,0.07624996,0.07375929,0.0784068,0.08331849,0.084403396,0.08681043,0.08729314,0.08676152,0.08731367,0.089017,0.08719466,0.08213986,0.08168351,0.07646926,0.0732455,0.07110466,0.07185002,0.07549814,0.076078475,0.08064851,0.08003083,0.07687791,0.07420623,0.067308865,0.06498038,0.061071075,0.058180735,0.056552686,0.058399335,0.059029035,0.058091655,0.058332384,0.052843478,0.05089656,0.050872035,0.048576728,0.04716452,0.04490718,0.04525149,0.044580236,0.044766624,0.04477938,0.04277614,0.040790856,0.039912757,0.039194077,0.03873554,0.0386259,0.040219773,0.039142855,0.03867632,0.038850002,0.035140693,0.03446608,0.033486962,0.03129888,0.030074079,0.030599285,0.02860166,0.028363507,0.02962259,0.029145412,0.028916601,0.028578343,0.02610559,0.023634396,0.023178795,0.022013802,0.023109095,0.023413213,0.023864176,0.023060232,0.022385318,0.022910425,0.022426143,0.023179917,0.022125807,0.021565638,0.021297328,0.020483244,0.020369533,0.01976961,0.020577785,0.020788006,0.021195112,0.021962507,0.019018894,0.016413406
0.013486321,0.01684981,0.01889409,0.018610079,0.019145595,0.01906457,0.0198275,0.021382477,0.021355815,0.021891965,0.021865672,0.021580458,0.021181263,0.021457558,0.022572747,0.022680802,0.022588264,0.02249122,0.022229094,0.021311294,0.023913067,0.024009652,0.023971839,0.02668979,0.025102807,0.027628,0.0282326,0.027502688,0.027649852,0.025173305,0.025940435,0.026935406,0.028360326,0.030290863,0.030970385,0.03014188,0.030399682,0.029838966,0.031357493,0.03413331,0.034403324,0.036212943,0.035505936,0.034037746,0.03420373,0.03390174,0.034675565,0.03700687,0.040004592,0.042161487,0.043412387,0.04290684,0.042335566,0.0408767,0.040193114,0.0423809,0.04266,0.04288621,0.04385276,0.044950977,0.046085056,0.05372932,0.057305265,0.057868548,0.058588304,0.05528956,0.05144648,0.048685826,0.053906057,0.05629512,0.061284363,0.06554497,0.065257445,0.06676427,0.069950975,0.07550674,0.074682534,0.07486101,0.07339892,0.0719965,0.074699715,0.07579571,0.07808562,0.080302514,0.08616663,0.09605224,0.0995091,0.101478465,0.10319933,0.101050295,0.10062311,0.10613301,0.10560792,0.10591823,0.113790125,0.11472211,0.11575844,0.11316642,0.1026753,0.099725224,0.096961565,0.097768106,0.10495215,0.10416166,0.10486396,0.10469753,0.09615963,0.093566656,0.08996535,0.083903916,0.08754535,0.08230144,0.0777817,0.07681036,0.070671596,0.065162994,0.063985035,0.061748937,0.06061812,0.062011875,0.05991771,0.05864845,0.055197727,0.04921384,0.047912084,0.04574816,0.04318047,0.04251207,0.04284337,0.041217573,0.04107373,0.044230673,0.040450297,0.037980855,0.03617921,0.03086044,0.029473979,0.029071366,0.029172793,0.028066957,0.027502934,0.027759414,0.025975704,0.025411652,0.025583897,0.023876354,0.02245999,0.02270569,0.020918576,0.020381892,0.021555409,0.020175906,0.020287007,0.018855043,0.017528484,0.017288923,0.01772092,0.017866328,0.017124105,0.016881015,0.015119645,0.01602829,0.016109759,0.016850172,0.017296074,0.016971827,0.0167382,0.016115168,0.01577367,0.014604636,0.014485844,0.012583372,0.010290914
0.010831875,0.013125214,0.015405976,0.016034847,0.016095513,0.016628154,0.017144756,0.01707646,0.018088583,0.020250695,0.020881994,0.021514755,0.021982288,0.020215906,0.019920638,0.0198833,0.020150105,0.020870926,0.020864509,0.020583654,0.020187924,0.02172216,0.023265235,0.023855964,0.024497109,0.023437228,0.023118518,0.023290023,0.024888378,0.026010957,0.026281359,0.02735544,0.026352521,0.026373506,0.026719896,0.028134476,0.02956199,0.030189231,0.03159472,0.031868722,0.032334145,0.033675287,0.0347579,0.036872048,0.03873186,0.0395734,0.04116741,0.040027402,0.039977614,0.04024728,0.038027924,0.03848134,0.037568457,0.036548577,0.036535803,0.03986486,0.04207086,0.043858964,0.045251038,0.045250375,0.044882927,0.045514695,0.046586145,0.043899134,0.044766985,0.045854386,0.047480743,0.051271245,0.056792933,0.056992944,0.06049399,0.062458284,0.06427259,0.0684116,0.06779987,0.06999396,0.07125395,0.076150544,0.07626527,0.07678999,0.07851977,0.080299355,0.087658994,0.091765456,0.09368491,0.09395304,0.09377362,0.098828726,0.1022854,0.108805984,0.10876605,0.11045159,0.10973471,0.10431186,0.103849225,0.09860497,0.095932655,0.094895825,0.1000011,0.10155479,0.10121634,0.10141459,0.09540397,0.089749694,0.08653923,0.08144581,0.07944879,0.07764351,0.07803388,0.07611772,0.0744412,0.07536914,0.072786346,0.07453616,0.07062556,0.06832599,0.065053,0.059297085,0.057123832,0.051591035,0.050774336,0.053080615,0.056040492,0.056117225,0.05348376,0.048404817,0.046158794,0.045972425,0.045732312,0.04646697,0.042912703,0.040476177,0.039202075,0.03805408,0.038974594,0.03722335,0.036635567,0.03686825,0.035884533,0.03553415,0.035967942,0.0337546,0.0319137,0.03091023,0.031337287,0.032182246,0.03226237,0.03434061,0.032622572,0.030971307,0.030668141,0.029236212,0.028748026,0.028619919,0.0276893,0.028632268,0.029109554,0.030706609,0.03054816,0.02940127,0.027642475,0.025231658,0.025538694,0.024507282,0.023725023,0.02417104,0.02547705,0.026076913,0.025846582,0.024253586,0.024388805,0.021414872,0.019497626
0.014058137,0.01664413,0.018519789,0.018545864,0.018625425,0.018434454,0.020949092,0.020348873,0.020714609,0.022183064,0.021952406,0.023184832,0.024125021,0.024780823,0.02464757,0.025248297,0.024603656,0.02464252,0.024179254,0.023501076,0.023142558,0.022512874,0.02536277,0.027906502,0.029191332,0.03040096,0.028561251,0.027344389,0.028474538,0.028195795,0.027850356,0.027938444,0.027663453,0.02870797,0.030528817,0.030512715,0.03112663,0.030643752,0.031169306,0.034288876,0.0342749,0.03487426,0.035765518,0.03414894,0.034253027,0.035795357,0.03522742,0.03652738,0.03678077,0.035905443,0.038576934,0.039450828,0.039895024,0.042856365,0.04242763,0.043175768,0.04521818,0.047053132,0.04825084,0.048759058,0.048913337,0.05024008,0.053030238,0.056556474,0.062106486,0.063821375,0.06714555,0.067452975,0.06672468,0.06596066,0.062702775,0.06774902,0.069904044,0.07043713,0.07412207,0.07240522,0.076104835,0.08085171,0.08411495,0.08678337,0.08924298,0.092755936,0.09193609,0.09914247,0.10080459,0.09812126,0.102706,0.097903855,0.10252875,0.111081906,0.1124479,0.11841217,0.118635945,0.11201167,0.11204248,0.114261985,0.10969423,0.110025026,0.114009105,0.10415456,0.10523435,0.10697885,0.10340472,0.10472703,0.10025443,0.09832492,0.09043705,0.08844195,0.087456524,0.08203127,0.07915998,0.07811433,0.07235366,0.07003423,0.07058087,0.06408495,0.064427905,0.062530115,0.057275098,0.06076613,0.05874958,0.058822628,0.058134697,0.052684695,0.053873375,0.052933678,0.051645424,0.049778566,0.04558324,0.04370775,0.044494677,0.042309877,0.04448708,0.04178135,0.03979421,0.040207013,0.03549353,0.03714871,0.035065953,0.034655083,0.03394979,0.031304255,0.032195248,0.029811386,0.029429363,0.030105863,0.029502343,0.030438907,0.030163875,0.029596835,0.02913321,0.030637585,0.030209955,0.031454053,0.031649165,0.030378344,0.030301787,0.028033286,0.028913433,0.027222717,0.02655145,0.02651693,0.02363329,0.024251813,0.023848677,0.023363134,0.023373049,0.022085816,0.021700773,0.021534745,0.021080714,0.01894922,0.016069949
0.016366675,0.018800825,0.022496222,0.022062432,0.021755075,0.024236796,0.024658108,0.024501575,0.024855526,0.023791688,0.024407698,0.027527222,0.027888808,0.02854281,0.028787676,0.025901688,0.027240038,0.027139958,0.026474446,0.027927259,0.028397592,0.02872259,0.0298127,0.030467032,0.029671213,0.03102792,0.03296723,0.034400027,0.035090253,0.034708276,0.034436803,0.03601915,0.036836624,0.038347952,0.036133777,0.033598315,0.03587428,0.037766565,0.03888324,0.043242298,0.041359633,0.04010177,0.04262905,0.042765353,0.045239374,0.044882886,0.048587803,0.04729459,0.04630152,0.0487829,0.045919135,0.047475867,0.05230743,0.05258728,0.053131185,0.052837063,0.04951475,0.050244972,0.05084326,0.05538103,0.060452167,0.06445816,0.06632034,0.066011444,0.06577219,0.06705267,0.07248079,0.07260226,0.07694641,0.07493839,0.07336291,0.07408282,0.073246084,0.077371016,0.08135625,0.087932765,0.08728158,0.09163188,0.095643505,0.0938203,0.09780194,0.10028533,0.10073269,0.10833879,0.114698075,0.118528254,0.1278412,0.13842729,0.14116625,0.14391808,0.14146288,0.13680913,0.13604432,0.13429336,0.137775,0.13745175,0.13637142,0.13148627,0.1216272,0.11931248,0.124059826,0.14004143,0.14125209,0.13379735,0.12783498,0.108759366,0.104051426,0.103286125,0.09877608,0.099992484,0.09590819,0.09523247,0.09134482,0.08301327,0.08408056,0.08262734,0.078360535,0.07761691,0.073346116,0.06928043,0.06602958,0.06778108,0.067143194,0.061589714,0.060245935,0.052488428,0.04748798,0.046381697,0.047190852,0.045391798,0.04592684,0.045597184,0.044196907,0.044687606,0.045010343,0.046224497,0.04353437,0.043691505,0.04183327,0.03848668,0.037702277,0.034346245,0.032967545,0.034050085,0.032788746,0.03328576,0.031690396,0.030326152,0.029091967,0.0281952,0.028776353,0.027762813,0.028470598,0.028062772,0.026766827,0.026408568,0.026123703,0.024298187,0.02436646,0.023958998,0.022730615,0.023576729,0.023143006,0.022824107,0.02167681,0.020123111,0.019576928,0.018568683,0.019761724,0.019320786,0.01988616,0.018147442,0.014494835
0.014600434,0.016964333,0.019663893,0.0191421,0.019276958,0.02032328,0.02106067,0.02303248,0.023747677,0.023811514,0.024205476,0.023019612,0.023365118,0.024236169,0.024428139,0.025159592,0.025968285,0.02565485,0.025435166,0.02610598,0.026689898,0.026688006,0.027454415,0.027459012,0.027019016,0.02764994,0.03073478,0.03280345,0.032329593,0.034138292,0.03255982,0.030948617,0.03485631,0.036493033,0.037397698,0.03944762,0.037022207,0.035990864,0.036325194,0.037237585,0.038419817,0.03845579,0.04205283,0.041128766,0.043582987,0.04578025,0.043444972,0.04309738,0.042791165,0.041731242,0.042363707,0.04491875,0.045308676,0.049435217,0.050587162,0.052309066,0.055895835,0.057011865,0.060623437,0.063196294,0.06156782,0.06096647,0.062182304,0.06400181,0.06703816,0.06858225,0.07188602,0.07129097,0.07089387,0.073908955,0.08050219,0.08665287,0.08968476,0.09169109,0.08689846,0.08538378,0.087096296,0.09172342,0.092001274,0.10050279,0.10752194,0.108720206,0.11286841,0.11258747,0.11423729,0.12044944,0.122961186,0.12319434,0.12722453,0.12475,0.12632483,0.12677206,0.1244921,0.12628667,0.12273416,0.12211986,0.12282769,0.12214423,0.12396372,0.118441686,0.111823246,0.10708352,0.10229095,0.10360836,0.10082124,0.094985135,0.093551904,0.09546818,0.09217095,0.0882093,0.08489127,0.07694914,0.07515906,0.077035524,0.07296547,0.07285478,0.07186892,0.07164613,0.07322091,0.067718856,0.06328128,0.058562666,0.05641566,0.057088975,0.055865113,0.053541653,0.050924446,0.04923477,0.049711544,0.04827486,0.04802138,0.044148996,0.04208113,0.042590287,0.039307036,0.040416908,0.04019457,0.0363569,0.035375353,0.035942595,0.03602687,0.03718721,0.037620403,0.034180325,0.032586206,0.030448146,0.030265411,0.030125933,0.029947275,0.031115498,0.030646637,0.030284785,0.029109318,0.026998311,0.02627713,0.024858583,0.024823798,0.02545341,0.025375556,0.025703814,0.025402142,0.025390605,0.024370246,0.026279502,0.025140021,0.024640454,0.023956386,0.021109555,0.021576231,0.021808844,0.021873882,0.02010581,0.016918475
0.0175206,0.02049608,0.024455117,0.023967499,0.022513166,0.022324799,0.021695921,0.022438793,0.024376016,0.024505476,0.024632635,0.025427895,0.025226442,0.025989225,0.026006775,0.025905946,0.026961546,0.027788125,0.027760968,0.027575424,0.027336363,0.028297447,0.029655945,0.032929856,0.034394074,0.035080045,0.035026446,0.031813867,0.030656533,0.028610887,0.031425327,0.035622135,0.03803196,0.039627917,0.038492028,0.037130177,0.036294796,0.03897218,0.040034562,0.041803215,0.04147484,0.042010274,0.042155273,0.042950965,0.044719905,0.04513241,0.04589438,0.04541824,0.04697114,0.04638228,0.049008906,0.04862084,0.051843315,0.05489565,0.053893726,0.05991781,0.057349704,0.05491869,0.056048688,0.055284683,0.06235073,0.065337315,0.06611632,0.0656219,0.06283954,0.06554732,0.06834974,0.07113549,0.07491933,0.07895584,0.08280011,0.08453357,0.092122465,0.0918833,0.09339394,0.0965427,0.09314793,0.09627243,0.10534001,0.10887723,0.112724364,0.1162067,0.11666827,0.117896564,0.120536275,0.12172977,0.122876145,0.1229451,0.12706004,0.13368097,0.13380107,0.13342823,0.12835895,0.12731414,0.12613359,0.13243216,0.1330925,0.13362035,0.1305563,0.12981261,0.12664539,0.12092934,0.13130678,0.12424284,0.12405748,0.12296567,0.105533876,0.10064863,0.09523224,0.088019185,0.08508546,0.087329805,0.08316623,0.07986824,0.082701616,0.07684588,0.08056368,0.08058643,0.078203276,0.07608195,0.07130015,0.06668918,0.06044936,0.059044953,0.057650484,0.05340917,0.05361385,0.050634496,0.04913582,0.049312986,0.04721344,0.04763341,0.04729304,0.045102302,0.04551403,0.043684043,0.040705316,0.04218687,0.04185312,0.042513404,0.04236818,0.041894052,0.039445087,0.036966477,0.03710954,0.036766153,0.036794115,0.037753772,0.03786528,0.034898188,0.032684553,0.03100958,0.033063434,0.03482867,0.03521854,0.03477253,0.029676817,0.027248105,0.027499614,0.026752187,0.026813552,0.026869005,0.024775172,0.023494639,0.022339012,0.021990478,0.022785008,0.022570329,0.021732777,0.021818943,0.022376612,0.02090773,0.018392429
0.014985061,0.018355193,0.022028817,0.022271767,0.022260457,0.022768283,0.021564206,0.0220819,0.021568554,0.023095118,0.024675192,0.025572017,0.027146006,0.02579113,0.02440741,0.024356864,0.023534123,0.024232544,0.02465596,0.02575581,0.026225287,0.027451573,0.028953401,0.030157259,0.03148684,0.03130461,0.03191518,0.03014359,0.030619582,0.029585939,0.029483927,0.030773297,0.02975195,0.031379238,0.031336382,0.031121803,0.033423245,0.036846038,0.038301982,0.040335927,0.040459197,0.038980465,0.039887387,0.040956624,0.04354219,0.044787176,0.04531669,0.044789597,0.044234116,0.04465737,0.04695277,0.04810513,0.050883744,0.053692047,0.054745834,0.056774728,0.0577292,0.05857739,0.05829867,0.05873957,0.059684105,0.060542125,0.06470678,0.067481615,0.07449065,0.07756348,0.0766249,0.08337464,0.08383583,0.08378022,0.08767009,0.08635341,0.092238925,0.09516432,0.09700146,0.098002076,0.09806006,0.10109379,0.11076694,0.11299187,0.11720714,0.12230896,0.11975609,0.12910882,0.123964,0.12549254,0.1309601,0.12839715,0.13523868,0.13464512,0.1365549,0.13401389,0.13907251,0.139422,0.13649517,0.14458269,0.14198786,0.14009604,0.14356579,0.13464534,0.13423519,0.1362688,0.12986405,0.13298473,0.1265851,0.12349521,0.120294765,0.1104264,0.10379712,0.09727699,0.094901666,0.0939234,0.09179247,0.09148827,0.09058239,0.09258093,0.09397977,0.09102306,0.08603301,0.0812519,0.07664677,0.07295266,0.069329225,0.06666968,0.064054385,0.06362549,0.059440654,0.056934502,0.053308714,0.050716426,0.049534354,0.047455505,0.047914382,0.04605057,0.045177016,0.04413591,0.041872352,0.04177294,0.040031184,0.03812269,0.038001414,0.03771699,0.037896197,0.037183996,0.038399693,0.037057318,0.037642002,0.037549116,0.037583705,0.03642783,0.03484508,0.034901157,0.03261176,0.03558865,0.036829036,0.03714721,0.036304284,0.03315277,0.032175615,0.037060916,0.03765943,0.037892163,0.036201082,0.028499985,0.026774988,0.027955635,0.028752362,0.029790778,0.031474676,0.030173646,0.029468987,0.026244992,0.020519285
0.014449195,0.019599613,0.022958506,0.023247773,0.023200793,0.022440089,0.022220135,0.024143869,0.027324678,0.02867638,0.029250009,0.02971472,0.027364919,0.026390117,0.026075799,0.024931172,0.025000628,0.027686879,0.029326366,0.031117296,0.032273106,0.032336302,0.032707833,0.032428578,0.03347151,0.031925034,0.030985022,0.032407735,0.03254254,0.03472544,0.037366137,0.037048087,0.03748619,0.037323218,0.03603963,0.036372807,0.036038496,0.038563367,0.040849064,0.043087207,0.046291664,0.046467796,0.046891633,0.045557257,0.046592966,0.045967888,0.04862521,0.051067427,0.053495202,0.05593236,0.053567093,0.057766594,0.055475157,0.05727001,0.059033237,0.06077413,0.06743791,0.068600796,0.07199881,0.07200874,0.076305166,0.079617806,0.08319396,0.08417181,0.08400938,0.086061426,0.08953264,0.09409491,0.090375386,0.096255265,0.09928984,0.09696534,0.1038621,0.102826305,0.10194755,0.10825243,0.11734445,0.1256656,0.13392627,0.13825642,0.14019774,0.14241886,0.13810408,0.14250126,0.1371103,0.13931409,0.14788154,0.15214229,0.16424869,0.16607936,0.16512777,0.16362563,0.15753725,0.15592498,0.15724571,0.16038893,0.15936199,0.16156028,0.15709426,0.14745997,0.14349559,0.13138126,0.1262691,0.12419499,0.11683542,0.11898764,0.11531271,0.109635115,0.107367404,0.0996857,0.099918924,0.09655773,0.097906254,0.092193656,0.088612065,0.08735066,0.08097578,0.08130551,0.07656363,0.07180906,0.06845167,0.06697539,0.06596353,0.06318052,0.06287587,0.06053729,0.05701538,0.05708074,0.055171527,0.05267981,0.050999157,0.051000234,0.052970663,0.05469068,0.053956345,0.051133286,0.050258588,0.045208894,0.04297787,0.041348707,0.03817195,0.036502253,0.036669344,0.03784803,0.037372652,0.037615266,0.035685472,0.033944935,0.033982337,0.032701693,0.034129657,0.032685988,0.02989683,0.030015007,0.02866667,0.030936688,0.0311622,0.030081118,0.030575756,0.02886755,0.029087512,0.028933598,0.02724867,0.026898755,0.027248448,0.03063763,0.030734029,0.031228684,0.030327417,0.027904162,0.02785374,0.025287177,0.02160744
0.024522334,0.0303219,0.033048883,0.031987444,0.031882733,0.031587657,0.03412678,0.03564294,0.034873977,0.033703215,0.032096773,0.031893868,0.032048874,0.033048872,0.033458084,0.03716775,0.038364977,0.03872961,0.040590957,0.038342107,0.040221058,0.042893343,0.04286075,0.04114571,0.041301444,0.039532043,0.03986732,0.043646462,0.044455413,0.043270346,0.043912955,0.043274965,0.04116347,0.04456879,0.044952475,0.042471316,0.045312867,0.047294237,0.048860203,0.052083444,0.055476572,0.05403871,0.052737102,0.05591875,0.051669333,0.051917788,0.056389164,0.058795765,0.06598635,0.07209238,0.07348093,0.07205014,0.07094469,0.06931619,0.07490548,0.07730783,0.07927427,0.08090406,0.0762629,0.08005062,0.0803225,0.0808693,0.08490401,0.08537187,0.09011867,0.09363591,0.09866366,0.10039682,0.101218075,0.1035605,0.10248424,0.1122499,0.11916202,0.121638045,0.12850864,0.13579744,0.14062384,0.15208104,0.15010913,0.15011632,0.1465145,0.15270253,0.16283436,0.15962979,0.16359018,0.16646254,0.16298284,0.16794208,0.16935872,0.16083826,0.16688356,0.16385466,0.17088184,0.16902186,0.15928495,0.16119348,0.15554976,0.14672959,0.14617647,0.13244852,0.12567171,0.12837511,0.12194245,0.11827349,0.10593485,0.0955233,0.08974322,0.091660984,0.089093015,0.08988931,0.091295846,0.08687464,0.089544125,0.08442548,0.08031354,0.08229294,0.07749133,0.074105464,0.068662226,0.06367682,0.058366507,0.061043452,0.06252971,0.057666447,0.05570646,0.050338313,0.049870905,0.049958672,0.046734948,0.046927437,0.04319903,0.040035535,0.043449692,0.04256202,0.045451157,0.046733987,0.044497237,0.043058567,0.0425902,0.041170694,0.041160937,0.04506274,0.04270028,0.04400807,0.043239895,0.041222516,0.038481135,0.037404176,0.03739099,0.035926394,0.036664806,0.03609609,0.034621313,0.033007428,0.031577233,0.02875439,0.026418718,0.025174139,0.024880532,0.026008988,0.027323054,0.027774006,0.029084038,0.028815368,0.029682202,0.030718304,0.031362392,0.030384505,0.02924977,0.028638508,0.02560026,0.022969488,0.01834522
0.017153995,0.020467719,0.024075482,0.026385607,0.026146073,0.026413454,0.026744634,0.023872294,0.024852498,0.026655523,0.026818952,0.029130926,0.029150916,0.028349923,0.030120935,0.02918593,0.03056567,0.033215262,0.031139052,0.032728493,0.031718884,0.029469742,0.03140765,0.031176865,0.034622632,0.03553173,0.03774481,0.039558157,0.038737092,0.041397545,0.04128719,0.041339796,0.04111923,0.041150562,0.040581435,0.039041746,0.040642567,0.043985624,0.04502731,0.04718871,0.048725627,0.04771068,0.04816184,0.050235156,0.052665636,0.0546903,0.05827865,0.060999364,0.06011867,0.061062366,0.061608884,0.06291747,0.06661127,0.06691514,0.071745194,0.073873915,0.07297793,0.074976176,0.07931265,0.0821576,0.087374575,0.0913788,0.09062484,0.09398568,0.092720136,0.09372023,0.10155623,0.10087649,0.10919843,0.11762313,0.12266858,0.12903999,0.12955679,0.13360725,0.12854174,0.12958679,0.1320575,0.13142006,0.13921204,0.14668778,0.1441828,0.15014032,0.15267986,0.15588412,0.16172001,0.16431442,0.17354898,0.17151053,0.18581267,0.1806532,0.1779795,0.16804324,0.1595817,0.16464224,0.15440927,0.17257452,0.16179928,0.15111299,0.15691267,0.13763508,0.13905944,0.1426261,0.1291862,0.13023853,0.12572515,0.11781182,0.11734756,0.116670154,0.115638636,0.11144133,0.10987093,0.10252383,0.10009512,0.09726284,0.090302624,0.09046698,0.0828538,0.08175922,0.078027464,0.071857005,0.071345106,0.07010796,0.06930706,0.06795733,0.06632336,0.06373237,0.062105145,0.059550952,0.05636224,0.05525881,0.056008007,0.05388598,0.05486233,0.0528825,0.049721334,0.050842453,0.05090252,0.05121274,0.051738072,0.05368889,0.053822353,0.05169203,0.049270064,0.046054024,0.040751953,0.039420757,0.039181776,0.038049918,0.037280213,0.038739443,0.037216857,0.035706006,0.036579322,0.034322653,0.03604313,0.036096033,0.035933778,0.03453039,0.031607397,0.031861294,0.032028522,0.03369913,0.037403855,0.036321938,0.03442414,0.034295205,0.030709421,0.030096397,0.029536825,0.029617112,0.03075012,0.028083157,0.024725292
0.021489799,0.026548158,0.031735625,0.03227643,0.033078913,0.03307635,0.03208188,0.035474,0.03514512,0.037229877,0.038143408,0.036439657,0.038973924,0.038946018,0.039387498,0.039225403,0.04049885,0.04055783,0.040836908,0.04131599,0.040372122,0.04175766,0.042448726,0.04475438,0.04732594,0.048386153,0.047983132,0.048064053,0.044597313,0.044934057,0.04569968,0.042997662,0.046209995,0.047356106,0.052629847,0.054704063,0.054651763,0.053964127,0.05039516,0.053155594,0.054534536,0.054040626,0.055137556,0.055328555,0.059560664,0.06598443,0.07235186,0.07753123,0.07525898,0.07098911,0.06604705,0.06369095,0.06618448,0.0741693,0.07625756,0.07882252,0.08346342,0.08609043,0.088871494,0.088051766,0.0958155,0.09804463,0.10411417,0.105361104,0.10203899,0.1009575,0.09762517,0.1061557,0.105581574,0.10909522,0.114055306,0.115394704,0.11704397,0.11670535,0.11468331,0.11730423,0.12962894,0.14013802,0.14691243,0.15819897,0.15869913,0.1585786,0.15455917,0.15540726,0.15655497,0.1636234,0.17407784,0.16493364,0.16395599,0.16613004,0.15776636,0.16736484,0.16302201,0.15459262,0.15461661,0.15480745,0.15580833,0.15538438,0.15790269,0.14219956,0.14194886,0.13151258,0.12383953,0.12570652,0.117350444,0.1150468,0.111093394,0.10691481,0.10888661,0.103029095,0.10021688,0.09405403,0.08654017,0.08658968,0.08886647,0.09008702,0.08639993,0.087994896,0.082661144,0.07847102,0.07613204,0.07404,0.07082948,0.069026016,0.069365814,0.065338954,0.068291724,0.06625921,0.062332895,0.059637047,0.051965903,0.04817859,0.048075594,0.047440477,0.047335315,0.046939466,0.045181304,0.043713186,0.042791877,0.03970307,0.03987291,0.038515862,0.038181633,0.0370118,0.034135558,0.032620784,0.032662284,0.03371001,0.033622805,0.03259182,0.031653404,0.029920127,0.028574057,0.027797807,0.027098058,0.026368119,0.025441758,0.023866927,0.023173315,0.02367605,0.0221891,0.0234612,0.023101676,0.021607967,0.022135628,0.022155058,0.021927541,0.022943517,0.02343239,0.021427816,0.021318868,0.019032575,0.014932583
0.020929243,0.026232779,0.031519327,0.032140665,0.03307994,0.033674084,0.032970227,0.035668667,0.03579093,0.03613223,0.03713006,0.035740145,0.037730638,0.03882626,0.039248843,0.04050688,0.039872885,0.039197788,0.038395856,0.039976213,0.039857525,0.042118296,0.044510193,0.04282919,0.04608117,0.046368144,0.046285037,0.04765418,0.049425915,0.050906677,0.054384876,0.055762883,0.054470234,0.05276257,0.052285362,0.0502262,0.054030936,0.05757294,0.056283586,0.058485597,0.059175372,0.061509196,0.06328826,0.06986602,0.06905113,0.068543,0.07302828,0.072851904,0.074389406,0.07745069,0.079353705,0.08145048,0.0836359,0.08857725,0.0899578,0.09352142,0.09657446,0.095040776,0.09772735,0.09911374,0.101826794,0.105479464,0.10518603,0.10701235,0.10881456,0.10766524,0.11533972,0.11384218,0.11557415,0.12213521,0.11931416,0.13072754,0.13272,0.1301939,0.13243417,0.13652879,0.14238262,0.15656345,0.16359954,0.16239157,0.1683531,0.16899095,0.17102794,0.17422296,0.1712264,0.16785453,0.17215401,0.1821445,0.17480037,0.17305225,0.17052528,0.15563273,0.16469207,0.17204808,0.16725118,0.16277714,0.1588454,0.14375006,0.13678046,0.13353124,0.12785515,0.12529844,0.12235072,0.11746883,0.10921926,0.103079066,0.09927536,0.10084137,0.10387901,0.10304436,0.09796495,0.093037084,0.08346664,0.082559,0.08051999,0.074450314,0.077772975,0.07925868,0.080511026,0.08277346,0.078082226,0.070279226,0.065648295,0.060413554,0.059178494,0.058544308,0.058183733,0.05749845,0.058943648,0.055978592,0.05339996,0.049801845,0.04527769,0.048258957,0.050376024,0.05008752,0.04949107,0.046625823,0.049142197,0.049741533,0.04881699,0.047424305,0.040324032,0.039339308,0.03779335,0.036518827,0.0361555,0.03520837,0.033373084,0.03136509,0.030028315,0.028082887,0.027369356,0.029557241,0.030472117,0.030203348,0.03052417,0.027541814,0.025805466,0.02685522,0.026205508,0.026775569,0.026166948,0.024694892,0.025796391,0.02552845,0.02687562,0.026423894,0.02639438,0.025492832,0.024358517,0.02215393,0.01728091
0.018682446,0.021922316,0.02533894,0.025881233,0.024913687,0.025603889,0.025798572,0.025600431,0.02588715,0.026399808,0.027889922,0.02815764,0.028886631,0.02857935,0.028388996,0.030894972,0.03219947,0.033749584,0.033545543,0.032451283,0.032690357,0.033712037,0.034270637,0.034877006,0.036293108,0.038087275,0.04065109,0.041590594,0.04206582,0.04257691,0.0456733,0.05028992,0.050905026,0.05322386,0.052877154,0.048714153,0.04967286,0.04639385,0.044242833,0.04793913,0.05069646,0.05026543,0.049535695,0.050943367,0.049715172,0.052182786,0.05551298,0.0574993,0.058687206,0.059096318,0.06349934,0.060925994,0.060927168,0.06480417,0.066044405,0.06998005,0.07444881,0.07741253,0.08146335,0.08446211,0.08739559,0.09361106,0.09429772,0.09489954,0.101407796,0.10417001,0.111398324,0.12082203,0.12315613,0.129141,0.12835813,0.13165472,0.13667765,0.13378799,0.13878155,0.13723649,0.13582306,0.1409397,0.14778353,0.15450063,0.15722437,0.15708995,0.15933895,0.16521858,0.17780437,0.19046733,0.18892822,0.18864742,0.18155558,0.17316607,0.17352428,0.16945833,0.17467785,0.17498484,0.17637204,0.17092405,0.1599009,0.15366408,0.14591403,0.14708436,0.14252485,0.1323502,0.12118048,0.11420832,0.11143976,0.1172692,0.12223206,0.117099196,0.11018827,0.110146984,0.106532075,0.10611952,0.1114285,0.104473665,0.100232795,0.09991896,0.09857522,0.09523752,0.09711922,0.09318306,0.085177295,0.08539155,0.08760346,0.08570516,0.086598895,0.081704885,0.0683929,0.0672554,0.06402993,0.0639888,0.06280859,0.059236847,0.055537038,0.053275723,0.054466777,0.053732246,0.056183353,0.056365296,0.055502743,0.052698113,0.046064734,0.04397932,0.041278318,0.043905284,0.04577033,0.04512751,0.045254823,0.042354524,0.040144727,0.043019824,0.04189491,0.042953383,0.04462479,0.04286515,0.042740177,0.041691102,0.04249076,0.040543687,0.041639116,0.0441694,0.04148332,0.043788854,0.04649942,0.045076363,0.055510413,0.054199997,0.052768905,0.05438767,0.044131733,0.044250358,0.043184627,0.036146767,0.030181471
0.02603485,0.030080246,0.034471683,0.03417958,0.03520306,0.035480972,0.037698597,0.03777526,0.038943343,0.03913387,0.038354103,0.04173126,0.040112447,0.041043308,0.040263254,0.038177535,0.039880343,0.044453632,0.04861284,0.051376745,0.05600047,0.055926282,0.054732576,0.05377782,0.051240835,0.053844936,0.0568979,0.059014358,0.058214746,0.0538397,0.054885212,0.053357467,0.05687094,0.06108731,0.06095774,0.062017947,0.05993123,0.059889153,0.060309637,0.060827944,0.06299024,0.06495904,0.06569005,0.07322062,0.08008824,0.07959185,0.08260053,0.080852866,0.08209013,0.085803494,0.08938802,0.091404535,0.089008845,0.09274772,0.09278993,0.092957854,0.101296484,0.10083915,0.10184778,0.101570085,0.09760557,0.10262295,0.1065525,0.108603165,0.115128644,0.12053988,0.12210794,0.12558979,0.13056019,0.12832987,0.13439164,0.14766683,0.15366781,0.15363115,0.16144599,0.1609807,0.15198697,0.16441597,0.16815694,0.16669135,0.17424335,0.17448546,0.1771386,0.18619785,0.19158472,0.1865632,0.18621367,0.1792071,0.18457073,0.1839703,0.17672388,0.17292778,0.16136117,0.16841546,0.16703974,0.16806537,0.1674429,0.15396658,0.15015307,0.14526051,0.13452888,0.1331264,0.1291124,0.12646407,0.116292976,0.1156768,0.1115612,0.106126554,0.10919,0.10147612,0.09237137,0.08588753,0.08615544,0.08618499,0.08662455,0.08365144,0.07976183,0.076064765,0.073715284,0.0739089,0.07181391,0.07149746,0.069083504,0.06620251,0.06754418,0.06778152,0.06546594,0.06473566,0.061714113,0.055256918,0.055501677,0.054260314,0.051844705,0.052757096,0.048232928,0.04637562,0.04180516,0.04042633,0.042860936,0.04410676,0.045948904,0.046382464,0.04478262,0.044693414,0.0446626,0.042227052,0.04012616,0.04204551,0.04114861,0.043505657,0.044706527,0.041971616,0.043748252,0.043549825,0.041931365,0.043059345,0.042025078,0.04189756,0.04379753,0.042366702,0.042021696,0.040689867,0.042990617,0.0422317,0.042739943,0.044931706,0.041702226,0.04191794,0.042177226,0.040148616,0.041339096,0.03834052,0.030560339
0.031068815,0.03410639,0.042054087,0.040142253,0.04217642,0.043996383,0.040297017,0.04054962,0.03981103,0.040694587,0.04152484,0.04426167,0.04120271,0.04069591,0.0413788,0.039976455,0.03977613,0.04129811,0.04132841,0.04525514,0.046721548,0.047120836,0.05034313,0.049472705,0.05215921,0.054453615,0.0573303,0.05794588,0.057671454,0.058161184,0.056943256,0.05697164,0.061264712,0.06015772,0.060982417,0.06344769,0.061138812,0.06281705,0.061538957,0.06166041,0.064873755,0.067660935,0.07571901,0.077421695,0.076613426,0.07841185,0.07589235,0.07669533,0.085833676,0.09049635,0.09177685,0.0958331,0.093147814,0.09972287,0.102483995,0.09908301,0.09722769,0.094715744,0.10031491,0.10925874,0.12183441,0.12428984,0.13552436,0.13542879,0.13826051,0.1429206,0.13767895,0.14816913,0.14346378,0.14414199,0.14303903,0.14237387,0.14861725,0.14955692,0.15558891,0.15754628,0.16494332,0.16818048,0.16942358,0.17063813,0.16334547,0.16427186,0.16835485,0.16968325,0.18234341,0.18170434,0.17904413,0.1804302,0.17937373,0.18178819,0.18266393,0.18137912,0.17751378,0.17065297,0.17190969,0.17260243,0.16442892,0.16388327,0.15646143,0.14723392,0.14361651,0.14658795,0.13921663,0.13692446,0.13069369,0.120262615,0.11828946,0.115280904,0.11384106,0.11624213,0.11288594,0.10477669,0.10042848,0.0888449,0.08965382,0.08811175,0.086486526,0.08650731,0.078942135,0.07362814,0.06843327,0.06193702,0.062133938,0.06314902,0.067013204,0.06881469,0.067142636,0.06658171,0.062308937,0.058417503,0.055403132,0.052288886,0.05045957,0.048982322,0.04956946,0.049688715,0.048587315,0.051363327,0.050786976,0.050262917,0.048267715,0.047625024,0.046162236,0.044329565,0.04701474,0.04514148,0.044386886,0.04404665,0.042812765,0.046194665,0.04522056,0.04554898,0.04407833,0.040587526,0.040262826,0.043771613,0.0435736,0.043386005,0.045009963,0.04176084,0.04226109,0.04212176,0.042743728,0.0409629,0.043643557,0.044107173,0.044689197,0.04757343,0.045444485,0.045683876,0.043824986,0.038656164,0.032487378
0.018570023,0.02344928,0.026839063,0.028402157,0.029513717,0.029949617,0.031802416,0.031665847,0.03209086,0.0332393,0.032265626,0.035230126,0.035492018,0.03560079,0.036280233,0.03586817,0.0360826,0.038245175,0.042111132,0.041804716,0.042857,0.043214932,0.041655816,0.04548383,0.0488486,0.048668213,0.0498541,0.045663945,0.044818785,0.047161274,0.045938767,0.049464915,0.047997184,0.0463748,0.049505465,0.050194856,0.05221154,0.054948058,0.054063253,0.05396944,0.053076893,0.052136097,0.052607946,0.059117813,0.06408431,0.06559697,0.067963704,0.06843757,0.06861461,0.07145462,0.07678562,0.07645441,0.07617145,0.07839896,0.073684454,0.07748201,0.08324862,0.09042433,0.096171275,0.097864375,0.09871704,0.09423109,0.09803404,0.102664895,0.10685434,0.10981665,0.11911427,0.12190932,0.12532122,0.13090922,0.13492323,0.13602847,0.1394004,0.14541234,0.14478084,0.15492369,0.15720832,0.15952285,0.16235551,0.16940837,0.1789638,0.18768443,0.19691586,0.19848435,0.20187148,0.20255673,0.2016048,0.204279,0.20391065,0.19504212,0.19278051,0.18621947,0.1835487,0.19544074,0.19052055,0.18702327,0.18008797,0.17196089,0.16805314,0.16452539,0.1578746,0.1551244,0.15253156,0.15252791,0.14891142,0.1367426,0.13140921,0.11303382,0.1101895,0.10446759,0.09689098,0.10101231,0.097400814,0.0926535,0.09276099,0.084682845,0.08290618,0.07852267,0.07127985,0.072841056,0.06961199,0.07133025,0.077545695,0.07545641,0.07323781,0.07479147,0.07106023,0.07629289,0.076733835,0.077912085,0.07723463,0.071954675,0.07245089,0.06823546,0.063016415,0.05961192,0.05895193,0.05784796,0.058380578,0.06034773,0.058426432,0.056081858,0.055645637,0.051442407,0.05209435,0.053777628,0.056495067,0.062211916,0.060915254,0.06076475,0.05977379,0.055558737,0.05377731,0.050601132,0.04595332,0.042256966,0.040006805,0.040371843,0.04131807,0.041839786,0.04250921,0.04003439,0.038550306,0.035766564,0.033530667,0.032727543,0.03037194,0.031882912,0.03219577,0.031120794,0.030826418,0.026299916,0.01986016
0.030641228,0.03708356,0.043308903,0.042809103,0.042352192,0.04167078,0.044279892,0.043284055,0.045693535,0.049096517,0.047546547,0.053740274,0.052823406,0.053541914,0.054572415,0.055970132,0.058414854,0.060119435,0.05920179,0.055519275,0.057623517,0.055509422,0.058163032,0.060195927,0.058950134,0.06021061,0.0611545,0.0643722,0.06519702,0.06732715,0.06705891,0.063741855,0.065255836,0.06466897,0.067600496,0.07479228,0.07495416,0.07680924,0.07579999,0.0752733,0.07597782,0.07289924,0.07380067,0.07427533,0.0779991,0.08394293,0.08352334,0.082899235,0.080724664,0.0843839,0.09438172,0.096135914,0.09466327,0.093744405,0.090767756,0.091852956,0.104666926,0.10663771,0.11415882,0.11923707,0.11918384,0.11911018,0.11705474,0.1170116,0.117536984,0.124695085,0.12508813,0.13233371,0.14347117,0.1447323,0.15332903,0.15521866,0.14807165,0.15984425,0.15934569,0.16445656,0.1803174,0.17466226,0.18118623,0.18796462,0.17746748,0.1890811,0.19277395,0.17885177,0.18377523,0.1833851,0.18335178,0.19246952,0.18102525,0.16901174,0.16512102,0.17015707,0.18798241,0.18569426,0.18592438,0.170818,0.15390842,0.1519683,0.13711768,0.13886635,0.13570389,0.1327375,0.12907937,0.13005906,0.12971161,0.12533402,0.12189082,0.11284635,0.11103453,0.112513274,0.10913763,0.10444963,0.098732635,0.09086378,0.0905744,0.09302133,0.09095004,0.0925804,0.09345183,0.08578556,0.085036,0.07922754,0.07454972,0.0723494,0.06872445,0.068251185,0.067774676,0.06458565,0.05951678,0.056287862,0.054143917,0.05605177,0.055848427,0.05581734,0.052791398,0.051812273,0.052694052,0.0548891,0.055633564,0.05468281,0.056258906,0.054776195,0.054684456,0.05391832,0.052006863,0.050995275,0.051754806,0.05416166,0.055294838,0.054925468,0.052976854,0.048731517,0.04884217,0.04990557,0.049813367,0.054668292,0.05351513,0.052207325,0.054190587,0.050199308,0.048458517,0.050855227,0.04793073,0.048304327,0.04601833,0.04014961,0.04242117,0.043683324,0.042443726,0.043049023,0.041061424,0.03351671,0.029911224
0.020670041,0.02378787,0.027123889,0.026782786,0.025750434,0.027697366,0.029347934,0.030940779,0.03077036,0.031922035,0.033123035,0.032919683,0.033469167,0.03203798,0.031082014,0.030754898,0.03285658,0.035011444,0.03554028,0.03599587,0.03556455,0.036137186,0.036687687,0.03771358,0.037232585,0.03606659,0.035038445,0.036666304,0.04055826,0.043226097,0.04617313,0.045686334,0.044770688,0.04464042,0.045070246,0.04625211,0.04662773,0.04759651,0.049162675,0.05176237,0.054881364,0.058085322,0.057971653,0.058642525,0.060184203,0.061932124,0.065921985,0.06724733,0.06664657,0.068604216,0.07143341,0.07642315,0.081339,0.07891481,0.07606852,0.07516025,0.075553305,0.08077826,0.08416837,0.09216989,0.09691059,0.105990954,0.10796794,0.108912915,0.11456052,0.12161602,0.13790406,0.14065532,0.14610496,0.14417136,0.13690303,0.1449515,0.1475677,0.15293139,0.15034102,0.15233888,0.15911098,0.16998354,0.18024573,0.18558016,0.184106,0.18933594,0.1986405,0.2036737,0.20721787,0.20075,0.20162284,0.20282096,0.20916106,0.20312093,0.19436428,0.1886067,0.17790261,0.18678299,0.17796172,0.16867991,0.16373692,0.14184111,0.14835393,0.14934605,0.140194,0.14416955,0.13709584,0.1263602,0.12726164,0.12544955,0.118484326,0.11424493,0.10801551,0.09828673,0.09450554,0.093233,0.08645741,0.09217215,0.0890194,0.08817538,0.08839483,0.082748905,0.0843986,0.07727749,0.078516014,0.07206317,0.072579734,0.07583804,0.07425775,0.074723326,0.07040677,0.07092735,0.070480146,0.072524056,0.07278778,0.06966932,0.070689015,0.06545183,0.06451139,0.063013695,0.056649536,0.057325523,0.054429505,0.05384614,0.055213943,0.054959312,0.056271676,0.05789868,0.058738485,0.057518415,0.062126715,0.0634815,0.061047766,0.06532124,0.061079506,0.06023524,0.062350973,0.058997132,0.05916197,0.06143337,0.06139685,0.05853435,0.058361024,0.052639764,0.050876193,0.053843595,0.051844954,0.051228862,0.051723994,0.048344538,0.046672046,0.043514036,0.03890545,0.03932139,0.03827114,0.03576453,0.030755479
0.02800345,0.034596182,0.04158629,0.043145463,0.042083967,0.043506403,0.04207381,0.04325517,0.044564154,0.04407657,0.04319786,0.04491708,0.04795357,0.051569533,0.054101616,0.05238062,0.050045304,0.048172966,0.048761934,0.050587337,0.0529966,0.05263027,0.052712265,0.058207147,0.060343646,0.06721192,0.07076167,0.06853822,0.06801473,0.06444903,0.064494684,0.0683487,0.06734461,0.06743374,0.07233418,0.07190185,0.077564254,0.08116554,0.08234084,0.08165196,0.08013944,0.08159504,0.080573194,0.08116071,0.08395923,0.086350024,0.09011322,0.092038386,0.089928366,0.08836498,0.08212892,0.0883914,0.09180463,0.095105164,0.0989147,0.09325415,0.10112638,0.10387568,0.11342669,0.11886078,0.11944851,0.12148769,0.12591843,0.13447323,0.1414713,0.1474316,0.15408213,0.15664177,0.15599611,0.15972508,0.15897317,0.16176997,0.16510828,0.16410957,0.1639118,0.1655286,0.17433688,0.18179318,0.18938045,0.19032405,0.18926525,0.19001924,0.1879239,0.19414721,0.19734055,0.19790012,0.19583462,0.19958887,0.19562612,0.18465759,0.18475595,0.16463678,0.15708837,0.15557747,0.15391794,0.15716414,0.15166757,0.14795193,0.13806584,0.13357458,0.1310492,0.1313562,0.12884553,0.1232885,0.12127653,0.12145183,0.11441733,0.116250545,0.11064504,0.10553792,0.10376713,0.097692356,0.09478082,0.093361355,0.0885739,0.08915227,0.09069643,0.08255105,0.081703804,0.07698446,0.07294907,0.07667946,0.07545753,0.07543021,0.07287139,0.067544825,0.06513668,0.059229195,0.06008059,0.05817116,0.057108358,0.056829628,0.050838947,0.05033895,0.049220085,0.047469776,0.050691154,0.05015908,0.05338998,0.052079372,0.04871512,0.050171316,0.04695657,0.04754402,0.048263475,0.056211866,0.05599533,0.056134313,0.055808213,0.050209753,0.05202752,0.05561938,0.053640317,0.049409363,0.046656705,0.039608642,0.04325482,0.045200076,0.04611449,0.047966227,0.0452925,0.04243135,0.043015175,0.03958189,0.038419157,0.038390845,0.035930358,0.040086694,0.04138152,0.0433031,0.042648137,0.037694536,0.031858567
0.015076517,0.018035054,0.020631224,0.0203335,0.02095911,0.021283617,0.020942641,0.020380056,0.020285964,0.02284417,0.023870595,0.025787601,0.026362896,0.02670777,0.02694474,0.02775234,0.027690053,0.027948616,0.029083688,0.030470869,0.032315366,0.03171611,0.033479176,0.034437582,0.035992127,0.03681789,0.035655558,0.038625605,0.03879956,0.0402533,0.04289652,0.041411724,0.042047452,0.042628277,0.04429928,0.044055283,0.044814125,0.046284612,0.044639356,0.04555444,0.047684982,0.049155228,0.05177152,0.057782784,0.061232574,0.06496014,0.06974459,0.07400359,0.07470624,0.07925577,0.08018826,0.07762636,0.078991786,0.07435308,0.07796965,0.08395968,0.08926872,0.09367574,0.09724587,0.10146468,0.10171233,0.114847176,0.12141787,0.1251169,0.1352404,0.13502355,0.1402987,0.15214916,0.16269033,0.16409121,0.17441183,0.16661122,0.16970219,0.17736399,0.17299883,0.17446312,0.16502467,0.16850503,0.1670697,0.17284173,0.18342951,0.19013628,0.19343904,0.2048471,0.20763542,0.20274955,0.20564128,0.20709844,0.2052437,0.19980477,0.18994415,0.17289928,0.16142516,0.16741845,0.16515347,0.15841378,0.15698437,0.1412354,0.1430222,0.13989675,0.13345423,0.13194916,0.123032354,0.12283294,0.12151565,0.11417289,0.10875248,0.10998881,0.10662249,0.10730641,0.10865114,0.10407583,0.09378962,0.084834054,0.07795641,0.07469966,0.072856665,0.0724048,0.0693919,0.062314063,0.06627549,0.0665313,0.06819056,0.07044573,0.06671242,0.06657872,0.06875532,0.07044792,0.07545746,0.077342756,0.07788268,0.076076165,0.07283356,0.07169092,0.06910858,0.068461165,0.06764191,0.06496783,0.06696995,0.06350252,0.06231584,0.066580966,0.06329052,0.06441499,0.070438646,0.06724783,0.07739652,0.07743194,0.07264799,0.07258307,0.06365799,0.062291477,0.061601516,0.061681904,0.060220838,0.059333976,0.058519542,0.061066855,0.06397529,0.06425322,0.06458144,0.06302085,0.058826096,0.062242817,0.06429511,0.06270877,0.05888216,0.05250733,0.04637887,0.046255954,0.044736166,0.040544756,0.033365607
0.015106608,0.018083496,0.020815544,0.021081565,0.020888785,0.021359332,0.021869628,0.022304859,0.02270273,0.02250081,0.022508858,0.023417268,0.023285331,0.024214597,0.025668819,0.025830742,0.026665362,0.027321111,0.026793966,0.027319182,0.027297357,0.027577605,0.029098898,0.029406875,0.03192474,0.033306297,0.032996997,0.033935,0.033870984,0.035158392,0.03805329,0.039411917,0.04026722,0.041637708,0.041765027,0.046081953,0.047820073,0.046473995,0.046197947,0.044267427,0.04644802,0.051017087,0.054963548,0.06015772,0.06984666,0.07383891,0.07891007,0.079043776,0.08166507,0.0849417,0.088865764,0.09640725,0.09689086,0.09572493,0.09561104,0.09606016,0.093365796,0.09728379,0.10104725,0.106419384,0.10883482,0.116234906,0.12722597,0.13306905,0.14256433,0.14517757,0.14799441,0.15496677,0.16085652,0.1688781,0.17450939,0.17174126,0.17299339,0.17317525,0.16722625,0.17259888,0.1718914,0.17421402,0.17559707,0.18033914,0.18531121,0.1838183,0.20115595,0.2000961,0.20365238,0.20849529,0.20068166,0.19977286,0.1938511,0.1969256,0.20228854,0.1994363,0.20020117,0.19783095,0.1808095,0.17295347,0.16931419,0.15075196,0.14664418,0.14358652,0.1280571,0.12275839,0.11930114,0.11529265,0.11712006,0.11698617,0.11071798,0.10610067,0.09837895,0.09272327,0.088358805,0.08434044,0.081683405,0.08371813,0.086498946,0.08566402,0.08419688,0.08849482,0.08328013,0.08444566,0.08321022,0.07420995,0.07311014,0.07486506,0.08308128,0.08550105,0.08814442,0.0789875,0.072666496,0.06723981,0.06058479,0.06320753,0.062082008,0.066562764,0.06520508,0.0645987,0.06156144,0.057921857,0.06099498,0.061618317,0.06676288,0.06475627,0.06648357,0.067762665,0.06336322,0.062884204,0.055480532,0.053867467,0.05065513,0.0501077,0.05011246,0.047021724,0.048297584,0.044393595,0.04577393,0.04411363,0.042245932,0.04238635,0.04160202,0.040292967,0.038008608,0.036384627,0.034654167,0.033379763,0.033898275,0.032455668,0.033750594,0.035297737,0.034282874,0.0367389,0.033858463,0.029655922,0.02555557
0.019779,0.023376549,0.027133958,0.024608735,0.025348272,0.025099417,0.024066752,0.024072142,0.024093913,0.024756646,0.026494117,0.027020847,0.02872425,0.028181177,0.026287435,0.02629731,0.02750503,0.030182771,0.032963485,0.03403423,0.03291087,0.0327154,0.032126624,0.031260036,0.034707744,0.03673314,0.03756077,0.04062518,0.03941072,0.038721338,0.040603742,0.039914947,0.039436754,0.039140746,0.041206095,0.043440416,0.046700202,0.049021628,0.04700725,0.045527432,0.046956137,0.053148795,0.05877339,0.06199994,0.062474053,0.07001857,0.07353399,0.07862053,0.08230316,0.082953945,0.08787171,0.08850638,0.091935046,0.09313462,0.09189669,0.094501264,0.098707564,0.10077741,0.102693245,0.108621255,0.111833856,0.110247284,0.1129962,0.118251465,0.1201441,0.13206169,0.14207877,0.14211842,0.14943591,0.15396166,0.16357385,0.16141541,0.17629486,0.17308918,0.16293448,0.17819437,0.16784915,0.17789173,0.19011496,0.18749808,0.19328201,0.19998369,0.20584506,0.20991859,0.20769855,0.19408712,0.18374296,0.17563559,0.17826816,0.18966696,0.1908962,0.1966148,0.19377331,0.186658,0.18538035,0.17224404,0.16689269,0.15553892,0.14004059,0.14412734,0.13429649,0.13196498,0.13368809,0.12426123,0.12260634,0.11654718,0.1114723,0.10728342,0.10386151,0.10625603,0.10331282,0.102850854,0.09641978,0.09348933,0.09262186,0.0944027,0.09592019,0.093948156,0.09479866,0.08698194,0.091194704,0.090116635,0.083263,0.08299562,0.07543725,0.074361354,0.0707077,0.069539405,0.06278218,0.057433546,0.06434468,0.06500817,0.0657104,0.06442578,0.056441825,0.05548242,0.05829036,0.06293593,0.06327405,0.067373596,0.065676734,0.06666376,0.074166745,0.07311645,0.07638208,0.072995305,0.06655627,0.065545954,0.06490523,0.06826114,0.06760744,0.07002144,0.067713246,0.06360721,0.06225445,0.056042824,0.055255227,0.05674804,0.057663538,0.05371078,0.051663764,0.047099546,0.041660745,0.04310096,0.04012287,0.037678503,0.04292764,0.04490726,0.045368053,0.048360877,0.04688531,0.042605862,0.037374835
0.017016517,0.022022067,0.026712399,0.028223144,0.030542301,0.031076325,0.030455893,0.030948786,0.029309144,0.028292913,0.028112307,0.026729118,0.02706744,0.028472425,0.029876254,0.032324214,0.034374345,0.035180837,0.0363445,0.038553182,0.039491557,0.040037032,0.040964223,0.043141507,0.045980986,0.050825514,0.05269616,0.053900592,0.05533136,0.052741695,0.055365156,0.05427125,0.052522592,0.05721593,0.058600295,0.062689535,0.06636798,0.07007762,0.07349127,0.07232614,0.07170448,0.06847376,0.06693208,0.07322585,0.07897417,0.07990347,0.079140715,0.075547345,0.075292215,0.07719588,0.08459429,0.0882731,0.088677466,0.09533498,0.09603495,0.10053954,0.10480561,0.10721432,0.11517554,0.11700605,0.124290735,0.12664676,0.1225268,0.13363554,0.13339882,0.13581255,0.14684242,0.14747758,0.15473369,0.1672167,0.17479825,0.18351188,0.19374034,0.19465671,0.20003018,0.2052931,0.20613526,0.20663181,0.20379156,0.20537032,0.21248566,0.21136099,0.21007842,0.20779717,0.19939661,0.21394314,0.21718965,0.21964328,0.21708965,0.20983656,0.2070918,0.19741625,0.1973663,0.18896024,0.18430255,0.1723739,0.16343303,0.15329257,0.14266036,0.14922762,0.14781503,0.14554173,0.14431076,0.13681324,0.12971868,0.12390608,0.12589327,0.11929454,0.11697632,0.11812229,0.11023741,0.114927635,0.110070206,0.1041483,0.101850025,0.09946137,0.09794288,0.09858246,0.09145572,0.0825056,0.07908533,0.070849925,0.06957113,0.066438995,0.060747854,0.06365389,0.06056672,0.058113266,0.05843377,0.05598611,0.06000099,0.06463991,0.06636041,0.06787272,0.06656223,0.07298376,0.0736642,0.07758464,0.08326972,0.07644996,0.07993663,0.075107224,0.07182061,0.07169393,0.06405514,0.061381344,0.05305353,0.051251136,0.051397458,0.05311202,0.052728754,0.04861094,0.04562737,0.044974376,0.045573045,0.050053272,0.05139083,0.049131278,0.048369586,0.043205526,0.042702142,0.041460466,0.041840147,0.044051427,0.044842824,0.045980267,0.046552632,0.048976243,0.048423555,0.045660887,0.045598872,0.0371857,0.029779116
0.019049754,0.023024445,0.027024107,0.027555598,0.027244523,0.029313138,0.029366363,0.030836185,0.032596897,0.034984898,0.035740223,0.03633186,0.037024613,0.038064227,0.040411018,0.041850418,0.043461688,0.04446667,0.043312177,0.04207717,0.04332973,0.04516089,0.048270434,0.052152082,0.053943843,0.052760154,0.05169772,0.052678812,0.05107382,0.05318468,0.056064438,0.0570529,0.058516264,0.061989132,0.06523562,0.06528311,0.06601759,0.06825417,0.07366753,0.07670808,0.085064724,0.08754945,0.0840132,0.09030779,0.09134935,0.0907625,0.0941071,0.09066647,0.09159627,0.09366958,0.09717223,0.09987336,0.09618556,0.09453324,0.09289627,0.10042228,0.108334556,0.11965493,0.13001473,0.12773941,0.12661237,0.13531654,0.13521227,0.14064942,0.14649874,0.1527758,0.1639277,0.17105319,0.18066166,0.17796446,0.17388423,0.18037823,0.18508163,0.19406836,0.19922982,0.19713728,0.1976112,0.19379921,0.20297909,0.21010596,0.21607034,0.21836393,0.2103761,0.21119389,0.19868332,0.20021746,0.2007062,0.19775121,0.20060202,0.19941564,0.19582665,0.18884112,0.18364969,0.16458076,0.15706038,0.15402219,0.14651708,0.146709,0.1415796,0.13745259,0.14000049,0.14184012,0.14018619,0.13318712,0.13092384,0.12155098,0.11687685,0.107479,0.098669134,0.10188625,0.104546465,0.107200496,0.102352306,0.1036686,0.09696827,0.09228744,0.090804376,0.081030436,0.07975611,0.076924674,0.07102946,0.06536162,0.060167965,0.054555982,0.060889967,0.06427517,0.063403234,0.06945355,0.06641834,0.06727097,0.068960376,0.06899084,0.070185766,0.067946,0.072123304,0.075014256,0.07794846,0.08331218,0.08858934,0.08523494,0.08095994,0.08540217,0.080166824,0.08210959,0.08699122,0.078976095,0.078925356,0.076650225,0.0745216,0.07287889,0.067766376,0.06833298,0.06473524,0.06056401,0.05895875,0.055793643,0.053550836,0.059677467,0.06104499,0.060768023,0.05888593,0.05540154,0.051330175,0.049041685,0.054245945,0.051947247,0.053246647,0.054715153,0.0531264,0.051717184,0.0500613,0.043519747,0.0327997
0.018038131,0.022821402,0.026584016,0.026336009,0.026408523,0.027052436,0.027637906,0.030401304,0.030813143,0.031762928,0.032039486,0.03182589,0.033173412,0.033785954,0.034300942,0.034819577,0.03631728,0.04033726,0.041140843,0.04190988,0.042063843,0.040085457,0.040037107,0.046733744,0.047972504,0.049749035,0.053061716,0.05092212,0.052946307,0.051650986,0.054077588,0.05553298,0.057702594,0.0656614,0.0652809,0.0634458,0.06340712,0.063133374,0.0641218,0.06743762,0.06900955,0.07097364,0.07662882,0.080265716,0.08273372,0.08306939,0.086792566,0.090718664,0.09320968,0.09457896,0.09593246,0.09762597,0.10250368,0.10995361,0.11121471,0.111391425,0.116561726,0.12303824,0.13165869,0.1324849,0.1336326,0.1357462,0.13402386,0.14159518,0.14190955,0.1424976,0.14465266,0.14740926,0.15384516,0.15860866,0.17772444,0.18995436,0.19544141,0.19337405,0.19115908,0.18850644,0.18909478,0.1950533,0.19362646,0.18896686,0.19484259,0.20615223,0.20546573,0.2144012,0.21949627,0.21755537,0.22642621,0.22499406,0.21712112,0.20860729,0.18827283,0.17794561,0.17773293,0.16751464,0.17755781,0.17446561,0.15795736,0.15758285,0.14793156,0.1479608,0.15231612,0.14647499,0.13766491,0.1315161,0.1286423,0.12660147,0.12620443,0.12019566,0.11228892,0.11202522,0.10562144,0.10540227,0.10143686,0.10364588,0.102561675,0.09915732,0.09754242,0.09307431,0.08827277,0.085362464,0.08134993,0.0700548,0.065570004,0.06551184,0.06509813,0.06687981,0.0683851,0.064485654,0.06265066,0.06767667,0.06838548,0.07245228,0.075960614,0.075566255,0.07840119,0.082978055,0.08122756,0.08127931,0.08050488,0.07859155,0.07924237,0.078994215,0.08158828,0.077014655,0.077714816,0.0745313,0.07377473,0.07050479,0.06840789,0.06669624,0.062094256,0.060377683,0.06350782,0.06217785,0.06119788,0.06465349,0.059138875,0.060297053,0.058242045,0.060269166,0.060084876,0.058510065,0.05605544,0.054153826,0.0541366,0.0526679,0.053640377,0.050727703,0.048657224,0.04531467,0.043149386,0.03691221,0.028452551
0.008192926,0.009843254,0.01114185,0.010733534,0.011038518,0.011598493,0.01211732,0.01274919,0.013461342,0.013264773,0.013354213,0.012945223,0.012791262,0.013269069,0.013072506,0.013563393,0.013673443,0.014194091,0.015040337,0.015515776,0.016720327,0.016435796,0.01645084,0.016569229,0.015412459,0.016833967,0.017460337,0.017526412,0.018348971,0.017694134,0.018241992,0.018607454,0.018226527,0.018560085,0.018161342,0.017652951,0.018870436,0.0195101,0.019838272,0.021924457,0.021583775,0.021939367,0.022384752,0.020937102,0.02082004,0.021777652,0.021634491,0.025620863,0.026270036,0.026069492,0.025776587,0.022059144,0.022142233,0.023666635,0.02494369,0.026703877,0.027009431,0.02630653,0.02729614,0.027898554,0.029912347,0.031112242,0.0336011,0.035808675,0.03605402,0.03550198,0.03465619,0.033054832,0.033095583,0.035305552,0.03566719,0.036589447,0.04117862,0.043398794,0.044942163,0.04563943,0.04444457,0.044039335,0.046211213,0.05058413,0.05155241,0.052509047,0.05184546,0.054334935,0.058626205,0.061796334,0.0651277,0.06982984,0.068451144,0.06878018,0.07151579,0.07496517,0.08281665,0.09167025,0.096203156,0.09533776,0.09372387,0.09058118,0.087723546,0.08791703,0.08285706,0.08001911,0.07917851,0.07440275,0.07714042,0.07456206,0.07423009,0.07645214,0.07789855,0.081834726,0.07922091,0.07677473,0.0751473,0.06966733,0.06859416,0.064373784,0.060285714,0.05812096,0.05353145,0.05159812,0.04812745,0.045899894,0.044733256,0.0441121,0.042529803,0.041554492,0.042220358,0.039985355,0.038239032,0.036520172,0.033552155,0.033012424,0.032328885,0.03149004,0.030470371,0.029589267,0.029377654,0.0273303,0.025734114,0.023817945,0.021177799,0.019485133,0.020741608,0.020580193,0.020872733,0.020670194,0.019287942,0.018546062,0.019076698,0.019099463,0.019128093,0.018959748,0.01787417,0.017145079,0.016267719,0.015848601,0.015017777,0.015024822,0.014972592,0.014609027,0.01469414,0.01406655,0.013796751,0.013557546,0.012774207,0.012653854,0.012863059,0.012105147,0.012335924,0.012435387,0.011905257,0.011067553,0.009141101
0.008678138,0.010914572,0.012744556,0.012477008,0.012220991,0.01209508,0.011573726,0.011694124,0.012057249,0.012390671,0.012574028,0.01269193,0.013064656,0.013471042,0.013815681,0.014251277,0.013782964,0.01303526,0.01315989,0.013554382,0.014029225,0.014640242,0.01507942,0.014677746,0.015593734,0.015535634,0.016006736,0.016502323,0.016236102,0.016828436,0.016723746,0.01702713,0.017438658,0.017582612,0.017109206,0.01790972,0.018280502,0.019530315,0.022210399,0.0222279,0.02248742,0.021407412,0.02048422,0.020317232,0.021717193,0.023441609,0.023154404,0.024764376,0.025165377,0.024778387,0.024682643,0.02633662,0.027491126,0.029217819,0.030826142,0.029133452,0.027618159,0.02843534,0.029985417,0.032868385,0.033984356,0.033875022,0.03460253,0.032176815,0.033720914,0.03568214,0.03557318,0.03895638,0.039585806,0.0398579,0.043139294,0.043055188,0.044255625,0.044279937,0.044285655,0.045458607,0.04704855,0.05065476,0.049116205,0.0513877,0.054871604,0.054380238,0.061051525,0.06562838,0.06734168,0.070263326,0.06937522,0.06611379,0.06296364,0.066946805,0.073258,0.08121601,0.090120606,0.09266355,0.09239178,0.08962419,0.0844021,0.08540683,0.08463971,0.08144537,0.083151564,0.07840685,0.08198139,0.08394547,0.08572843,0.08395889,0.07701167,0.07812323,0.07349954,0.07735969,0.07668048,0.07523203,0.071955115,0.06606716,0.06523629,0.0581137,0.05624797,0.051993515,0.046946738,0.04747,0.0449999,0.04441536,0.0429895,0.03996189,0.039472837,0.0384348,0.04062684,0.04051968,0.038860895,0.036901,0.030964727,0.029115003,0.028834157,0.027604153,0.02804437,0.026907565,0.025170177,0.02544589,0.023122039,0.023994152,0.024163324,0.022235492,0.021477379,0.02010158,0.019143354,0.019031279,0.019144738,0.019069377,0.019328719,0.018432166,0.017914135,0.017168488,0.01585054,0.015144798,0.014955895,0.014463957,0.013874709,0.014298317,0.013528497,0.01381581,0.013199557,0.013102395,0.013005406,0.013043753,0.0123601,0.011606574,0.011760028,0.011408801,0.011937523,0.01236217,0.01200244,0.010407549,0.00886125
0.007093469,0.008689321,0.009912214,0.010335809,0.010878806,0.010998345,0.012218238,0.012357542,0.012571021,0.012701507,0.012094564,0.012827032,0.012704955,0.014303174,0.014433431,0.014638614,0.014873058,0.014979432,0.016365096,0.016409889,0.016777948,0.016819058,0.016005347,0.016273826,0.01658847,0.016364617,0.016941328,0.016440269,0.016647192,0.016665632,0.016822426,0.01759884,0.01829299,0.01860467,0.020503344,0.020550892,0.02108029,0.022273688,0.020847943,0.021718951,0.021056326,0.021744747,0.022732623,0.023810951,0.024247639,0.024542509,0.025737496,0.024690079,0.025748722,0.024761613,0.025974771,0.028184285,0.030738704,0.0308994,0.029921245,0.030053195,0.030518098,0.032268632,0.033997014,0.03563822,0.03605836,0.035470452,0.038494397,0.03891731,0.042191915,0.044861343,0.045206666,0.04526213,0.043566078,0.044151906,0.044923212,0.045986123,0.04574798,0.048875347,0.052027382,0.054845482,0.05673409,0.062324654,0.062301677,0.06511125,0.06704797,0.07105325,0.07088653,0.07113294,0.07430817,0.06939691,0.07705484,0.080462635,0.083042294,0.08763018,0.086779654,0.09313426,0.096159525,0.099339165,0.10442186,0.110818245,0.110815726,0.10772855,0.108135976,0.10146479,0.09922659,0.10295685,0.09992158,0.09928246,0.09917474,0.098805934,0.10248255,0.09961062,0.09902713,0.092246786,0.08118854,0.076050185,0.07404594,0.07009569,0.068434015,0.06596966,0.061280105,0.061226837,0.057401784,0.053753976,0.0494247,0.04427941,0.04438732,0.042417854,0.041304078,0.04169688,0.03853276,0.03693838,0.037646823,0.03718759,0.036709707,0.035082255,0.032164384,0.029091585,0.0269337,0.026717901,0.024513867,0.025553854,0.02453392,0.0231101,0.02243136,0.019373098,0.019314032,0.019101335,0.01947568,0.018986227,0.018318284,0.017705938,0.016524618,0.016368741,0.016681902,0.015664956,0.015742993,0.015509659,0.014630212,0.015204638,0.015203134,0.014716356,0.014521593,0.013927746,0.013386864,0.013893424,0.01372151,0.013359416,0.013268291,0.012428173,0.012137833,0.012431571,0.012929538,0.013546414,0.013730745,0.012691977,0.010325315
0.008377187,0.010040997,0.01164062,0.011634009,0.011990045,0.012403972,0.012307122,0.01288445,0.01323269,0.013223709,0.01383418,0.012863,0.013151451,0.013681049,0.013860504,0.014903769,0.014842798,0.015015797,0.015296316,0.0154501,0.016606558,0.01629412,0.016297206,0.01662349,0.016166538,0.016220242,0.016706407,0.01606125,0.016857058,0.01722976,0.017071692,0.01870642,0.018622905,0.01982672,0.0206649,0.020991843,0.02283822,0.022909282,0.023612533,0.023474678,0.022480428,0.024067715,0.024344433,0.025219517,0.025346575,0.024784543,0.024885714,0.02428522,0.025179572,0.025859531,0.027883714,0.029126646,0.030787291,0.033623945,0.032694146,0.033534165,0.033246912,0.031876698,0.03449724,0.036388893,0.037652552,0.038695987,0.03918525,0.03989931,0.04170948,0.042723745,0.044359174,0.046466816,0.048009224,0.04911871,0.04972771,0.055220272,0.056166653,0.05620565,0.05679337,0.05517504,0.053523503,0.056223165,0.058556143,0.057462662,0.061104104,0.06260621,0.06443854,0.072119564,0.07915588,0.085040964,0.0893895,0.09011813,0.08769734,0.08838952,0.08533343,0.0928157,0.10861692,0.11790338,0.12532656,0.12473205,0.11666205,0.11020737,0.10762486,0.10577185,0.10376967,0.1015389,0.10402076,0.10690491,0.106465675,0.10604011,0.10311735,0.096870825,0.09147675,0.08706152,0.08336277,0.078529075,0.07867798,0.077869475,0.07344107,0.068395324,0.06685679,0.06433925,0.058637388,0.060130637,0.055094663,0.051130768,0.050952714,0.04515005,0.042465538,0.03926842,0.037109833,0.036465477,0.035146356,0.03429006,0.03125661,0.029010406,0.027632847,0.026755301,0.026611652,0.025857402,0.025783643,0.02523517,0.024271533,0.023646215,0.02341038,0.022185951,0.021876797,0.022123246,0.02097464,0.021111516,0.020503365,0.018609827,0.017327229,0.015705314,0.01593151,0.016294595,0.016665692,0.016634092,0.016280936,0.016471367,0.016012155,0.016119884,0.015486143,0.015103732,0.014145379,0.014154706,0.014133774,0.013355637,0.013162648,0.0117276,0.010899269,0.011809709,0.011955995,0.011952683,0.011785421,0.009825767,0.007979181
0.008631409,0.010767959,0.012039101,0.01287282,0.013095405,0.0129024,0.013812186,0.01354159,0.014672176,0.01615953,0.01609333,0.01642566,0.015835831,0.015730958,0.016799197,0.017047174,0.017740764,0.017269323,0.016307034,0.017430337,0.018286332,0.019209873,0.020052318,0.019636383,0.019670809,0.020005135,0.021128336,0.021582382,0.021922424,0.022045624,0.02143819,0.021061094,0.021969339,0.021866027,0.022325149,0.023260182,0.02254578,0.02448519,0.025835836,0.029261192,0.03053471,0.029777056,0.030130887,0.028578343,0.029033422,0.030035261,0.030217072,0.029480685,0.028958267,0.029940272,0.03576083,0.038239326,0.040382653,0.041056953,0.0364733,0.037658144,0.038141105,0.039487753,0.042315267,0.040747575,0.039918147,0.03941662,0.03989511,0.043680266,0.0479575,0.05152935,0.05330597,0.053884212,0.05598798,0.060982496,0.06116962,0.061315324,0.05929058,0.057667196,0.05981432,0.06491557,0.0719392,0.0691101,0.0733968,0.07179929,0.07338222,0.07843744,0.08049113,0.08909088,0.0949064,0.10083007,0.105721235,0.107323594,0.106886216,0.10713649,0.111680046,0.11262658,0.114472724,0.115932055,0.11460951,0.12419869,0.1276608,0.13177632,0.1283335,0.12303165,0.12026847,0.11926228,0.123469144,0.12357633,0.11979016,0.11725126,0.11480714,0.10517208,0.1056307,0.10249181,0.09775131,0.095434755,0.09017428,0.08051146,0.08393647,0.081574425,0.077972956,0.07704032,0.0667883,0.06625179,0.06035502,0.060008116,0.05375116,0.048239507,0.04914771,0.044735193,0.042138614,0.04023423,0.037834655,0.03719657,0.035244763,0.032924917,0.031001905,0.029276324,0.028816542,0.029224014,0.028798055,0.027264737,0.027591173,0.025117772,0.026437797,0.027015887,0.024708768,0.024539033,0.022357881,0.021179128,0.02044081,0.01943137,0.018969025,0.017436946,0.017865798,0.018287735,0.017593307,0.017438525,0.016484652,0.0162707,0.01602912,0.015873058,0.015639171,0.014700116,0.014759956,0.015103489,0.016106097,0.015997015,0.016180621,0.015826471,0.014941837,0.015252453,0.015858669,0.016095724,0.015369969,0.014035655,0.010918845
0.008848241,0.010949491,0.012889412,0.012844945,0.012841742,0.013049061,0.0135248,0.01393427,0.013861219,0.013570222,0.013404388,0.013486101,0.014245714,0.014984334,0.015635768,0.016250897,0.01665986,0.016868064,0.017676815,0.0175956,0.017088411,0.017592274,0.017156893,0.016941188,0.018801926,0.019575935,0.01925928,0.020628342,0.019411948,0.018601205,0.020338615,0.021211991,0.02163524,0.021978883,0.02122976,0.021348093,0.023299027,0.023186585,0.023785884,0.024030456,0.023670984,0.025881609,0.025816092,0.026512736,0.026652161,0.026799412,0.02728433,0.028112492,0.029300878,0.029020362,0.031654306,0.03143643,0.034734957,0.03519013,0.03327133,0.03260103,0.03357762,0.033697356,0.036794633,0.037590533,0.03587734,0.037821114,0.0379087,0.041610062,0.041430518,0.044561114,0.047529917,0.04787811,0.052171145,0.053581197,0.054200403,0.057036825,0.0624993,0.06377802,0.06585842,0.06561985,0.06222764,0.06405763,0.06531664,0.06890422,0.07595342,0.07902727,0.08108374,0.08276098,0.07785639,0.08015946,0.08458238,0.09565833,0.106032066,0.11009287,0.115390755,0.11707184,0.120483205,0.122981004,0.11706798,0.115622595,0.11138949,0.112749375,0.11924398,0.119190946,0.11923656,0.112284295,0.10946695,0.10337121,0.09922616,0.097017,0.09321969,0.08708229,0.080131344,0.08111446,0.0746812,0.074419156,0.074834965,0.070107654,0.071005926,0.06955262,0.06606179,0.06322727,0.060663156,0.062213983,0.060379535,0.0573204,0.053117998,0.04614279,0.043736976,0.04423599,0.042097792,0.04172913,0.041985247,0.03847796,0.03922889,0.03815248,0.036415134,0.03769967,0.038670715,0.03727879,0.037128504,0.034598887,0.029698182,0.028003115,0.027251743,0.026523972,0.027012514,0.026925808,0.02565144,0.02533568,0.024794765,0.023817465,0.023175329,0.023244984,0.021495694,0.02084715,0.02104507,0.019556299,0.020516118,0.020876365,0.020961266,0.02273007,0.027260471,0.029103601,0.032762118,0.0365396,0.033448204,0.031732064,0.027865674,0.021380685,0.021121718,0.020096248,0.01881685,0.017848564,0.01705326,0.015159843,0.013004845
0.008674362,0.011002565,0.012964778,0.013203348,0.01354341,0.01352232,0.013564969,0.013323257,0.013185712,0.01356272,0.014013063,0.014686001,0.015652787,0.017381616,0.017586518,0.018740976,0.019027183,0.019526169,0.02043936,0.02000256,0.020300178,0.018632254,0.017525898,0.017661199,0.017338995,0.019196011,0.019441845,0.020124748,0.020760601,0.019955581,0.021752814,0.02244871,0.02332783,0.02407013,0.023752252,0.025109233,0.02475826,0.026854763,0.02690907,0.025955861,0.028433682,0.031870026,0.033046503,0.034303755,0.033949643,0.03175687,0.033216543,0.034324,0.036958877,0.037138667,0.036248334,0.03647701,0.036048286,0.037562538,0.041664246,0.041472152,0.044011615,0.04437322,0.04553417,0.04996203,0.048797183,0.04899534,0.049302433,0.048620142,0.049779877,0.049877387,0.054118875,0.055154197,0.054384183,0.06103652,0.059850108,0.06041273,0.06245925,0.06383072,0.0666194,0.0729229,0.082772374,0.084869,0.082780376,0.08361114,0.083319254,0.08602294,0.090084344,0.09744483,0.10659496,0.10853943,0.1211717,0.12431026,0.12531352,0.1287246,0.12862697,0.13164996,0.13465168,0.137248,0.14473604,0.14617924,0.14555329,0.14353906,0.13566853,0.13331096,0.12867574,0.12946486,0.12837557,0.12499899,0.11962778,0.11787741,0.11307946,0.10555521,0.10311615,0.09651726,0.09257968,0.09168377,0.09152317,0.08833239,0.08132098,0.0759535,0.07033535,0.06802405,0.0699842,0.06960116,0.068908766,0.06884782,0.06277335,0.057909146,0.054117374,0.04681023,0.047862794,0.049270686,0.04588934,0.046991024,0.04096845,0.036907453,0.03655382,0.031879507,0.033024605,0.03368045,0.033521947,0.032780267,0.0318576,0.031315353,0.03225237,0.03188921,0.030812904,0.029097596,0.026388863,0.025606427,0.024258876,0.023152946,0.023176113,0.023489596,0.022674976,0.024433084,0.024281608,0.02334919,0.02413731,0.022438206,0.0211428,0.021994896,0.02168508,0.021970838,0.022815404,0.022115774,0.022578232,0.022124402,0.021048635,0.021832962,0.021458205,0.021321256,0.022055987,0.021026405,0.020293107,0.01823091,0.014899153
0.008697278,0.010869615,0.012450701,0.012674405,0.012900963,0.015966209,0.016185557,0.01686547,0.017022273,0.014401095,0.015111432,0.014704106,0.01627368,0.018428613,0.018962706,0.019595727,0.018503968,0.016318293,0.016004136,0.01749788,0.018542906,0.019579189,0.01942495,0.01817086,0.019055476,0.019325234,0.020815952,0.02236086,0.021812672,0.021977993,0.02337342,0.02463691,0.02562595,0.025739001,0.024771191,0.024063343,0.023813754,0.025630796,0.028831255,0.028811704,0.029870883,0.029003646,0.026548464,0.028893888,0.027765442,0.030308638,0.032250337,0.03182063,0.03411271,0.03293526,0.032111213,0.032097027,0.03307613,0.03392152,0.035362646,0.038092468,0.038378093,0.040890884,0.046042185,0.045619953,0.047153834,0.049210753,0.053047262,0.05598144,0.05981358,0.05929358,0.056516953,0.055129785,0.053073943,0.059254926,0.061070476,0.06485393,0.0685992,0.06989638,0.07063831,0.075887,0.078270905,0.07996008,0.08848312,0.091484465,0.09257077,0.09484811,0.09568601,0.09864381,0.10560749,0.11506435,0.119048715,0.1251748,0.13242126,0.13752498,0.14328395,0.15133831,0.15352532,0.15661888,0.16294062,0.15493552,0.15069573,0.152151,0.14718437,0.15109625,0.150708,0.1373745,0.13793369,0.1339586,0.1294176,0.1269277,0.11584113,0.11348001,0.11212319,0.10931486,0.10505519,0.09188957,0.08222289,0.07684184,0.06389353,0.063376695,0.061962936,0.064793214,0.06700839,0.063047424,0.061641045,0.05433771,0.050304096,0.04833968,0.042837568,0.039026108,0.03598055,0.0346022,0.034048375,0.033445958,0.032806102,0.031417616,0.030769955,0.029348189,0.029668916,0.02721053,0.02520691,0.025533717,0.024528557,0.026504083,0.02706501,0.025747843,0.024743574,0.023421863,0.0223096,0.02427505,0.023789596,0.02275397,0.022313667,0.020398965,0.022106828,0.022112321,0.022912528,0.022166535,0.020505976,0.020272931,0.019369468,0.020245593,0.02019743,0.020291816,0.020174574,0.01941173,0.019228788,0.018148057,0.018720537,0.018563062,0.018716585,0.018128777,0.017645927,0.017467208,0.017400805,0.016651487,0.013535646
0.012318338,0.015002746,0.016784355,0.016221803,0.017835768,0.017014945,0.01709737,0.017693054,0.015847942,0.01863849,0.019169156,0.01907525,0.019340297,0.019374706,0.01942648,0.020602413,0.022136189,0.021199744,0.021672036,0.022364942,0.021470917,0.022381157,0.022925913,0.022861427,0.023349022,0.024317017,0.025376815,0.024975745,0.026245268,0.026602412,0.026971534,0.02721684,0.02798872,0.029157074,0.028272448,0.02924002,0.029477522,0.027972076,0.029312339,0.029589133,0.032738008,0.033692777,0.034431707,0.035956625,0.034553804,0.035402883,0.034608684,0.03438544,0.034743354,0.035301,0.037656248,0.039105736,0.038724735,0.039359372,0.039106317,0.04165045,0.04449259,0.047725346,0.05003731,0.04971942,0.05087824,0.050139423,0.050864417,0.053024285,0.053617466,0.05685088,0.05789052,0.06380303,0.06545875,0.0644793,0.06718827,0.06609612,0.07004421,0.07063373,0.07768572,0.08075149,0.08284952,0.08917364,0.09302805,0.10110892,0.10541115,0.113840275,0.12265541,0.12034425,0.12743367,0.1345107,0.13634948,0.14546725,0.15459599,0.15304096,0.15509003,0.15570226,0.15867192,0.15876086,0.16430621,0.16271888,0.15105256,0.1512551,0.14598952,0.14682823,0.14963932,0.14640996,0.13468975,0.13021743,0.11900709,0.11033119,0.110697135,0.10114466,0.10237508,0.10101159,0.09759702,0.093636945,0.08600286,0.08316668,0.0763479,0.07725451,0.07475557,0.06749107,0.06537262,0.063468084,0.063577205,0.0646406,0.059718676,0.051379632,0.04441068,0.042143475,0.041410267,0.04255231,0.041488312,0.03853656,0.036837626,0.03276879,0.03225436,0.032694202,0.033204928,0.034346685,0.034790747,0.034035526,0.03228546,0.030798605,0.029716576,0.028982762,0.029218774,0.02916708,0.0271562,0.025457615,0.024436448,0.023573173,0.023715634,0.02412624,0.023073655,0.023713568,0.023637751,0.023885494,0.025113303,0.025855094,0.028109772,0.027857868,0.027529089,0.026826935,0.024459867,0.0245697,0.024149375,0.02403757,0.02343284,0.021853982,0.022078438,0.021277288,0.021665052,0.022149744,0.02271092,0.020626407,0.017420553
0.010104915,0.011583641,0.013604161,0.013750447,0.013396787,0.013623145,0.014053038,0.015451725,0.015908364,0.016846258,0.018036993,0.016994566,0.017380953,0.017747516,0.017168947,0.016916096,0.017139873,0.017887758,0.017965637,0.018959666,0.020930352,0.019832384,0.021255028,0.02212406,0.021716835,0.024111709,0.02443419,0.026206896,0.026444193,0.026158191,0.026916917,0.026772529,0.027466245,0.02875948,0.027675118,0.028800748,0.028565904,0.027098825,0.029913552,0.030155351,0.031035336,0.031209162,0.03069329,0.030250367,0.030650934,0.03529933,0.036816362,0.037428685,0.038245026,0.03612614,0.038576696,0.040644802,0.041053668,0.043540966,0.04152293,0.04417038,0.04696026,0.048391763,0.051813122,0.055503573,0.061771248,0.06430898,0.06766178,0.06563199,0.06035401,0.05853566,0.0603353,0.071270354,0.07765696,0.08475156,0.086762145,0.08520437,0.086219236,0.08644729,0.08938331,0.09063948,0.100386694,0.10509673,0.111582376,0.11830656,0.115682,0.11476472,0.11346097,0.112558685,0.1195005,0.12721226,0.14285614,0.15447977,0.15911774,0.16410756,0.16073598,0.16838656,0.16525267,0.16964541,0.17230636,0.16627651,0.16386284,0.15589656,0.16013972,0.15019965,0.14912039,0.1527281,0.13494705,0.1338622,0.12979144,0.11924646,0.11892399,0.113403015,0.11673385,0.109534346,0.102466814,0.09662611,0.08903476,0.09016584,0.087663636,0.084105074,0.07668366,0.06956715,0.06611238,0.06647871,0.06507658,0.061688915,0.05890992,0.0581871,0.058403004,0.058416054,0.056034155,0.050219383,0.045914732,0.043504853,0.043606184,0.045701977,0.046176843,0.043479066,0.03966094,0.03796191,0.034050018,0.033994325,0.034318484,0.03202722,0.032480665,0.03196705,0.032009196,0.030456519,0.03052406,0.029457608,0.029269027,0.030772408,0.030843126,0.031112261,0.0324853,0.032334853,0.03334354,0.033731014,0.034642212,0.03473427,0.03188864,0.033896573,0.030911354,0.02965455,0.031297293,0.02941403,0.030333811,0.030006835,0.028595056,0.026941082,0.024918087,0.024210708,0.024871618,0.027109245,0.02804763,0.02526405,0.021132467
0.0084974,0.010355581,0.011705796,0.012868356,0.013306622,0.013766078,0.014479728,0.014225271,0.014040136,0.015599341,0.016139762,0.016547143,0.016795507,0.0158535,0.016739754,0.016626472,0.017105902,0.01730851,0.016054533,0.017794514,0.018695058,0.01971612,0.021019723,0.021256994,0.021204816,0.021089582,0.023767257,0.025809104,0.026509024,0.02723185,0.026103564,0.02546331,0.026181066,0.028846405,0.029586958,0.029055884,0.029402984,0.02859688,0.030062513,0.03253028,0.032864433,0.032349136,0.0322878,0.031079682,0.032653525,0.035332177,0.037106376,0.0401129,0.04102373,0.04078655,0.04034867,0.04155121,0.043093134,0.047091205,0.05085968,0.050564498,0.05428432,0.053677235,0.052831426,0.054948725,0.055507176,0.059093963,0.06316602,0.06476877,0.06252744,0.061135843,0.05970652,0.06988873,0.0772291,0.084563546,0.08967198,0.087206684,0.09016597,0.09172772,0.09117474,0.09883976,0.106213234,0.109914474,0.11710823,0.12147534,0.12016778,0.124630034,0.13314629,0.14180191,0.15273024,0.16131276,0.16367385,0.16129996,0.16390577,0.17316443,0.1788377,0.1803776,0.17150168,0.1630655,0.166601,0.1691982,0.17799917,0.17400208,0.16549067,0.16556239,0.15347414,0.15353297,0.14523566,0.13157025,0.13203841,0.120300576,0.11419686,0.11377024,0.11030597,0.10669883,0.108159915,0.10643155,0.097932376,0.09642379,0.08914671,0.07703912,0.075337924,0.07091846,0.063492015,0.06005913,0.057274528,0.052731436,0.05340687,0.052976593,0.051864773,0.04978903,0.04708656,0.043660093,0.040496487,0.03990882,0.040949143,0.040796485,0.039793517,0.037789356,0.032847624,0.030192554,0.030226845,0.030928697,0.03066566,0.030213669,0.032320183,0.030065546,0.029243482,0.030376645,0.028807072,0.028894722,0.0295667,0.029761845,0.028828617,0.028367668,0.02782168,0.026879085,0.026406381,0.02759069,0.02736255,0.027771203,0.02722754,0.026598904,0.026672836,0.025651483,0.02574091,0.024380248,0.022912199,0.023481037,0.025506921,0.027887076,0.028009888,0.027605878,0.026111139,0.0244942,0.024625696,0.02177341,0.017842006
0.009313295,0.01197686,0.013964119,0.013731439,0.014027176,0.013378765,0.01412145,0.015226286,0.015903153,0.016650386,0.01625446,0.015689189,0.015841337,0.015217586,0.016630594,0.017316613,0.017530575,0.018505376,0.018271994,0.018026778,0.017988497,0.017592505,0.019879317,0.021365177,0.0223544,0.023659155,0.022451358,0.02178108,0.020957509,0.024145735,0.025317268,0.027672367,0.02995844,0.028756147,0.030028734,0.031031327,0.032030452,0.033540014,0.034365535,0.03411259,0.033713285,0.034332525,0.035013013,0.036093343,0.036892302,0.03704003,0.03674317,0.03946099,0.0403705,0.045575947,0.046146408,0.04599686,0.047819067,0.04758095,0.0514608,0.052588977,0.055748437,0.054208957,0.052055176,0.054487243,0.059133295,0.06381097,0.06844786,0.07168211,0.068726964,0.06625784,0.06936217,0.07232937,0.07640611,0.08915492,0.092327796,0.10031846,0.10675031,0.103132434,0.111594886,0.11063246,0.11575208,0.12105421,0.12146297,0.12552127,0.12964039,0.14111173,0.13933834,0.150782,0.1582309,0.16119261,0.17727217,0.17843877,0.17944567,0.18323134,0.17796719,0.16793427,0.17603935,0.16870546,0.16929942,0.1728201,0.15738086,0.15572357,0.15702996,0.1531879,0.14777882,0.14681517,0.13569029,0.13112187,0.13228413,0.121382624,0.114933535,0.11421448,0.10438876,0.103310704,0.098424286,0.09052412,0.0885316,0.08356965,0.08180481,0.08448608,0.08166953,0.07573213,0.06944246,0.06110677,0.0573085,0.057935853,0.057176046,0.052660253,0.050050404,0.048450537,0.047822997,0.050565653,0.051134992,0.049173836,0.047183987,0.043646522,0.041253768,0.03989121,0.03826991,0.038503412,0.039967082,0.03932705,0.040159162,0.040477972,0.04160952,0.04222999,0.042476468,0.044068497,0.041801598,0.04328063,0.044022962,0.044345953,0.04543157,0.046344895,0.044963427,0.04277444,0.043336626,0.041358076,0.039406706,0.039000243,0.034966584,0.03324798,0.032805175,0.031149179,0.03288023,0.030347373,0.029854396,0.029884033,0.02846471,0.030245839,0.03129884,0.033774227,0.03341,0.03241627,0.031525653,0.026196903,0.021705762
0.011181005,0.014095013,0.017777085,0.01771535,0.01938963,0.02045638,0.019517392,0.020890186,0.019684047,0.019960389,0.022219704,0.02159976,0.023319598,0.023579808,0.023126705,0.0227618,0.021923788,0.022022882,0.022486866,0.025127534,0.026146555,0.025968775,0.02642224,0.027394444,0.031974297,0.033915356,0.034231875,0.0341275,0.032648634,0.036161516,0.040097743,0.04046698,0.04071258,0.038646005,0.034555424,0.037287507,0.03590693,0.039218914,0.040821806,0.039914355,0.04577749,0.046047643,0.04685256,0.046102475,0.04401857,0.049254123,0.054109998,0.057698052,0.059370857,0.056727216,0.054288566,0.059805203,0.060377914,0.06316808,0.069120236,0.071399,0.077359155,0.08042391,0.0791736,0.08066623,0.08334129,0.08323354,0.08823822,0.086501636,0.08559678,0.089258574,0.09129433,0.09762479,0.10036601,0.106005795,0.107807145,0.11103361,0.1136676,0.11448609,0.1255522,0.13258247,0.13500571,0.14128463,0.14077887,0.14277847,0.1532713,0.16317981,0.17230518,0.17202997,0.17622498,0.16998623,0.1699241,0.17691314,0.17182057,0.16875008,0.16943143,0.16341847,0.16474465,0.16888914,0.15964185,0.15661612,0.15183987,0.15260585,0.14942382,0.14804593,0.14559169,0.13329679,0.1321574,0.12499431,0.11654703,0.1132181,0.10466755,0.105448835,0.10275357,0.10046496,0.09856384,0.09451339,0.091855295,0.087079756,0.08173809,0.07601444,0.072693095,0.0729026,0.077798106,0.07640046,0.07385658,0.069324955,0.061473466,0.05761241,0.05976471,0.062231448,0.06535231,0.067450404,0.06680213,0.0627424,0.059501693,0.054261737,0.050285056,0.050762415,0.04771369,0.047556344,0.04756543,0.047909483,0.045821622,0.044671904,0.042178668,0.03947631,0.04028432,0.040374264,0.04240981,0.04276862,0.040427554,0.04188215,0.0409167,0.040565882,0.041091446,0.038902882,0.03654072,0.03731467,0.0416755,0.041957628,0.04303297,0.04072569,0.035419423,0.033963855,0.033700455,0.035897847,0.038437784,0.038284916,0.037916742,0.03682434,0.032260504,0.032392666,0.030405348,0.028172852,0.02990797,0.026485525,0.0222337
0.010139933,0.013036707,0.014699891,0.014252719,0.014204496,0.013857124,0.014010102,0.014729455,0.014653164,0.015501412,0.018450344,0.018747488,0.019562148,0.019798901,0.018237708,0.018994968,0.018704427,0.019905329,0.019947272,0.020569462,0.0229228,0.022856776,0.024813622,0.025359808,0.024899766,0.024706557,0.026153369,0.028567426,0.028598143,0.031147689,0.031432454,0.029786063,0.03201287,0.032682687,0.03285427,0.03536333,0.038842667,0.042002883,0.04212236,0.04261672,0.042807017,0.042490907,0.043523323,0.045326874,0.042822573,0.045525618,0.046353277,0.044956993,0.048916947,0.048407555,0.047773007,0.049269967,0.050572056,0.053193588,0.05546635,0.056496758,0.06015791,0.058518723,0.06514711,0.066115916,0.06525782,0.07682517,0.078453824,0.08299866,0.0863315,0.07932919,0.076444186,0.08034243,0.08958375,0.10448973,0.112865984,0.1111893,0.11711209,0.11721782,0.11536235,0.120801196,0.12449936,0.11942019,0.12745927,0.1337048,0.13462844,0.14445813,0.15168175,0.1676912,0.1782688,0.17631465,0.18228361,0.18160388,0.17778377,0.1850999,0.18436438,0.17833894,0.17574275,0.1640913,0.16089182,0.16313198,0.15565692,0.1666744,0.16505602,0.15945895,0.16346365,0.15425801,0.14531592,0.13676994,0.1241164,0.12196887,0.118739635,0.11695212,0.11650394,0.11299602,0.11028742,0.09990368,0.09663072,0.08924603,0.07994495,0.07919154,0.07164433,0.068150476,0.061587516,0.05940601,0.060593285,0.057845894,0.061657343,0.05802158,0.057717517,0.05550956,0.05128628,0.053955425,0.04947216,0.04984411,0.047072712,0.04486631,0.043832343,0.041221846,0.041003726,0.041840967,0.04321499,0.045020632,0.047552507,0.04740546,0.045156293,0.043251876,0.043897998,0.042190906,0.044131182,0.04467673,0.040801764,0.04178231,0.040345885,0.03855677,0.04277705,0.0417834,0.041852422,0.041130494,0.037186652,0.041542586,0.04189757,0.044769607,0.046664156,0.04250544,0.042174343,0.041030075,0.040951703,0.03911007,0.038972978,0.03870865,0.037772045,0.03860064,0.038286988,0.037668403,0.036438677,0.034685906,0.028992204
0.012543273,0.014863201,0.017694768,0.017884938,0.017373193,0.01811083,0.018509764,0.019479848,0.019584991,0.019271279,0.018791474,0.01834538,0.019748304,0.02014337,0.020522576,0.020724682,0.019687887,0.020835372,0.021021299,0.022297127,0.022406226,0.021325083,0.021380534,0.020780781,0.022490727,0.023827372,0.02519801,0.025773663,0.031089172,0.033561368,0.03476822,0.035806824,0.036069438,0.035094365,0.036326375,0.03732931,0.03611496,0.03809798,0.038445514,0.03780566,0.03833543,0.038180474,0.03976287,0.04233387,0.04224112,0.042365775,0.043881357,0.045928504,0.046031438,0.0491944,0.048601586,0.04907978,0.051739987,0.052820884,0.055127524,0.059731957,0.0628831,0.06250291,0.06773074,0.07425172,0.074685104,0.07874181,0.0820051,0.08300905,0.0928927,0.100070715,0.096128285,0.095214985,0.09405249,0.09315868,0.10296102,0.10667759,0.10873958,0.11141238,0.11762582,0.12754911,0.12996954,0.13773301,0.1411216,0.13809782,0.15049084,0.15323839,0.15905632,0.16622296,0.17233273,0.17729485,0.17790444,0.17669179,0.18030924,0.18089119,0.17950153,0.17914855,0.16832131,0.16209158,0.16608366,0.1718514,0.16369258,0.16040084,0.15080848,0.1356077,0.13273945,0.12493388,0.1178181,0.11381939,0.11360778,0.10981223,0.10363474,0.09872038,0.09071893,0.090661936,0.085839756,0.08122833,0.07820254,0.07084349,0.066157885,0.06331547,0.05979967,0.05884982,0.057163678,0.05736828,0.05365155,0.050936006,0.05249771,0.05115732,0.053997263,0.054074924,0.04947909,0.049108785,0.04689607,0.04514901,0.048731077,0.046452694,0.043644622,0.045473393,0.0412874,0.038642153,0.038037248,0.034115303,0.03385355,0.036075987,0.037960224,0.039822433,0.0391045,0.04127172,0.04007539,0.038136836,0.042063486,0.039601877,0.03898898,0.041748654,0.03883203,0.04613801,0.04552973,0.04506442,0.05343796,0.055424903,0.05649446,0.05753023,0.050237052,0.048360698,0.04757011,0.04361714,0.04417136,0.034439925,0.032110617,0.030858053,0.029936928,0.028030347,0.028366953,0.027839161,0.021838447,0.019193605,0.014362973
0.010701858,0.013047862,0.015146784,0.01607202,0.017072344,0.018289406,0.018320763,0.017392533,0.01788406,0.019774301,0.022474153,0.02328179,0.023425166,0.022205332,0.020776257,0.020863043,0.020610012,0.020443738,0.021723147,0.022996977,0.023288824,0.025209056,0.025132308,0.02491902,0.027844606,0.027470365,0.027098738,0.027122559,0.026614847,0.0258088,0.028281761,0.029223738,0.03528173,0.03815305,0.037746843,0.039682988,0.036029086,0.03620848,0.038922783,0.040604427,0.041036125,0.040155493,0.0403732,0.04047174,0.04635727,0.047583546,0.04897038,0.055546947,0.053795952,0.05570203,0.05678685,0.052609574,0.05500604,0.058046088,0.063862726,0.06436994,0.06625092,0.06777972,0.06789665,0.07060043,0.07333616,0.07967238,0.079974465,0.08151388,0.081937104,0.07883,0.0867177,0.097442,0.103280805,0.11314653,0.11343758,0.112176545,0.11574319,0.115862265,0.12229501,0.1315727,0.14673473,0.15176153,0.1589493,0.16182904,0.15718417,0.16017969,0.1633622,0.16384651,0.17841536,0.18680097,0.19413552,0.19540411,0.18784504,0.1831985,0.17557521,0.18432218,0.18479712,0.18092868,0.18053474,0.17315862,0.17021233,0.17328495,0.16865368,0.16197056,0.15503186,0.1447578,0.14098266,0.13311021,0.12298205,0.11559902,0.10535565,0.10606551,0.102139495,0.10246392,0.09785356,0.089977026,0.08506139,0.075533934,0.0723807,0.06639921,0.064326875,0.06395058,0.060394045,0.05637364,0.05680727,0.05483667,0.05642297,0.058515564,0.055683784,0.054116428,0.051477917,0.04948286,0.05066542,0.0531198,0.05444963,0.054812208,0.052323848,0.05056942,0.047078203,0.043634154,0.04670921,0.048013855,0.047500074,0.050365984,0.04628181,0.04588116,0.047222406,0.046948336,0.04918549,0.046928402,0.045816354,0.04334357,0.04359121,0.052456502,0.05273332,0.055395994,0.056386564,0.04867327,0.04741714,0.046406306,0.043874905,0.04430355,0.045217447,0.043094378,0.04334715,0.040867586,0.03933629,0.039527964,0.036687322,0.037576403,0.040124338,0.040121313,0.03995025,0.03922989,0.034344602,0.028733239,0.023327805
0.009208163,0.011839882,0.013672036,0.014658201,0.01519606,0.014676963,0.014432099,0.013261582,0.013239048,0.014550518,0.015453736,0.015829626,0.01667337,0.016913692,0.01781767,0.019949293,0.019814238,0.019521495,0.01947205,0.018919082,0.019239606,0.019788673,0.020917203,0.020712836,0.021001026,0.021306725,0.02178031,0.022854332,0.024335941,0.025908072,0.025187392,0.024945073,0.023840941,0.03054771,0.032755807,0.035213012,0.03718324,0.033591855,0.032852054,0.036488604,0.037852384,0.03911136,0.040694304,0.03900024,0.038491577,0.041986663,0.043013107,0.045729503,0.04931451,0.05058984,0.05613752,0.05792128,0.059676606,0.059566297,0.058088966,0.068011306,0.06749292,0.069283366,0.070795864,0.06429579,0.07086619,0.07200085,0.076716974,0.083017826,0.08456656,0.093310975,0.09449502,0.10478767,0.11489524,0.12771675,0.13487297,0.1334267,0.12823607,0.12461728,0.12485256,0.13180327,0.14803988,0.15810023,0.1666563,0.17183952,0.16972381,0.17025945,0.17764576,0.18231788,0.18519542,0.18782271,0.18408103,0.18504202,0.19133554,0.19291113,0.1942432,0.19025382,0.18408525,0.17857954,0.17559302,0.16978568,0.16765462,0.16203034,0.15384261,0.15142484,0.1398548,0.12833865,0.12985708,0.12374185,0.12032496,0.12422813,0.11958209,0.12204575,0.11976159,0.11537648,0.10553877,0.09454307,0.08777711,0.08033639,0.083488815,0.076700605,0.07610333,0.07543571,0.06727003,0.06692771,0.06594522,0.062387135,0.060782783,0.05941164,0.059383176,0.05778526,0.05645209,0.055158027,0.053279433,0.051646415,0.04920896,0.04901226,0.046611737,0.047711063,0.048182722,0.05670078,0.058426492,0.057024293,0.056689586,0.050265465,0.052809678,0.053561606,0.05413755,0.052310463,0.049444,0.046563704,0.04674436,0.0501767,0.04914456,0.050833885,0.0519933,0.047337744,0.048640992,0.047578014,0.042352874,0.042072088,0.043449756,0.04448169,0.046804324,0.045504883,0.042388827,0.04066479,0.039274257,0.037690006,0.035445094,0.035680056,0.031723168,0.033579387,0.031780966,0.028923502,0.028396033,0.023153925,0.019960081
0.009962584,0.012367768,0.01444382,0.014397466,0.01605859,0.01604672,0.016104609,0.016064892,0.015206916,0.01508408,0.016281769,0.016750202,0.016940033,0.018159302,0.017011058,0.0182382,0.018661648,0.018717198,0.019726202,0.018370578,0.019060079,0.018990507,0.01981115,0.020291662,0.02051493,0.021488022,0.020568075,0.02161012,0.02108888,0.020697469,0.021543905,0.022255234,0.024190908,0.025397284,0.026464796,0.028490756,0.03353417,0.034713488,0.03751632,0.038919043,0.03723044,0.04056156,0.042177893,0.041962087,0.043862473,0.04328027,0.042983398,0.04558612,0.044956304,0.048005898,0.051236816,0.052278712,0.054928068,0.064387016,0.06707677,0.07090692,0.07195422,0.07041405,0.0743841,0.082692936,0.092554465,0.09216897,0.09395974,0.09284421,0.092580415,0.10081189,0.10978089,0.11176562,0.11254232,0.119054936,0.11790028,0.12668814,0.13898294,0.13773878,0.1432992,0.14382923,0.14685512,0.1556825,0.16313864,0.17038186,0.17741747,0.17767467,0.17217371,0.18296078,0.1843305,0.18964083,0.20606439,0.19841444,0.1947643,0.19364741,0.17653888,0.17769337,0.17752662,0.17490664,0.17758343,0.16978693,0.16563039,0.16464126,0.15828419,0.15043932,0.14517237,0.13284376,0.1304371,0.13010842,0.12563331,0.1187021,0.11033478,0.10802904,0.096643895,0.09591094,0.093021624,0.083978206,0.079720356,0.07442294,0.076259874,0.07537703,0.07349222,0.0724264,0.063043915,0.065958135,0.06588628,0.062453683,0.06297726,0.0560976,0.054978568,0.05814515,0.05778346,0.05687028,0.057315346,0.05482421,0.056279063,0.0561737,0.057253543,0.058792707,0.05936738,0.060992643,0.060369756,0.060517605,0.059337687,0.05861484,0.053551964,0.057377484,0.057744473,0.059514362,0.060371935,0.05378454,0.05710978,0.05984232,0.062236004,0.06496754,0.06475044,0.060826294,0.060844846,0.05927624,0.055819616,0.05240363,0.049483486,0.044796817,0.042224225,0.042685818,0.045838173,0.045566462,0.045111418,0.04385849,0.03801595,0.036281176,0.032607745,0.033146396,0.032545585,0.032903045,0.032239154,0.030196775,0.026326777
0.01188874,0.013926104,0.016623395,0.01700929,0.016770951,0.017842392,0.017293468,0.018074397,0.018691447,0.018539913,0.019378534,0.018184293,0.018053709,0.017990204,0.01847103,0.019992786,0.021961842,0.022203147,0.022255007,0.021653831,0.01939897,0.021644183,0.022566192,0.022958945,0.023796694,0.023282902,0.023158316,0.025068184,0.025974767,0.026385339,0.026382959,0.027292388,0.02716586,0.02791786,0.028147124,0.029104052,0.03215399,0.032623038,0.037974283,0.038904212,0.041261204,0.042869397,0.04096224,0.04307834,0.044653937,0.046374243,0.051243085,0.05483277,0.056375656,0.058826875,0.058730062,0.059217565,0.062123235,0.06471912,0.066122085,0.069086626,0.07342272,0.080631144,0.09125204,0.094761185,0.09842853,0.101364575,0.09680752,0.10897206,0.11371748,0.11404862,0.12375197,0.12928264,0.13303114,0.1401303,0.14293335,0.1389296,0.1427902,0.1449365,0.1521188,0.1705809,0.17338544,0.18062136,0.1919536,0.17868692,0.18624751,0.19398257,0.19488136,0.20990233,0.20652165,0.2097311,0.21197209,0.22142543,0.23060076,0.22120011,0.2186571,0.1970272,0.18625243,0.18964021,0.17078751,0.17454535,0.17001091,0.15895721,0.16927268,0.15306912,0.150438,0.14399485,0.12634748,0.12958376,0.12374726,0.12073389,0.12055088,0.11168122,0.10109357,0.09249803,0.08201627,0.077341884,0.07540318,0.07475787,0.0701685,0.06844715,0.0653394,0.0603089,0.05898704,0.05888372,0.05377881,0.052396405,0.05334467,0.05053306,0.05071725,0.05006125,0.046091594,0.045597844,0.047188677,0.050554197,0.05064686,0.05389712,0.056918785,0.05763126,0.06331306,0.061883397,0.059640933,0.057181664,0.06277705,0.0638037,0.061684757,0.06069486,0.05211299,0.050874982,0.05646841,0.060234085,0.058634873,0.060643274,0.056814823,0.055252,0.05936532,0.057877425,0.05537282,0.0528369,0.04970159,0.048918363,0.05151772,0.052818406,0.051295187,0.05137328,0.04877558,0.047190364,0.045708053,0.043279003,0.04464669,0.044020697,0.04404913,0.04162412,0.038327623,0.03916776,0.038081884,0.036309626,0.03214076
0.011052315,0.013949357,0.01720469,0.017703488,0.018210609,0.018023338,0.017679071,0.018434916,0.018583879,0.018892616,0.019190785,0.018495338,0.01925759,0.020504061,0.020259438,0.020593116,0.020602021,0.02024748,0.021138055,0.022859048,0.023758924,0.025459388,0.02575815,0.027894035,0.02763735,0.028090725,0.029565988,0.028419243,0.029803408,0.029574556,0.031654324,0.03287687,0.032634165,0.032209337,0.031136187,0.031188326,0.031707466,0.03408145,0.034624994,0.036964957,0.03852191,0.03946345,0.04420974,0.0452605,0.049177572,0.054581635,0.05459273,0.058295865,0.058622673,0.05971167,0.063528985,0.0640759,0.0673226,0.06813974,0.070039466,0.078237034,0.08511872,0.0932277,0.098387696,0.101558916,0.101582624,0.098779045,0.1095695,0.11665564,0.121099435,0.12600514,0.12303462,0.120712586,0.12251196,0.1338336,0.1338827,0.13770227,0.14885074,0.14014459,0.14571977,0.15153006,0.15577447,0.16552709,0.17238201,0.17898236,0.17558315,0.17874895,0.1921096,0.20072378,0.20468543,0.21014197,0.2051396,0.19801393,0.19554086,0.19401895,0.1851797,0.18328732,0.17827041,0.16901235,0.1783757,0.17921323,0.18390025,0.18296108,0.16527838,0.14984947,0.14301087,0.13892844,0.13984676,0.14450462,0.13542381,0.12453691,0.117884554,0.102453955,0.10384769,0.10475324,0.098613046,0.097330324,0.08811728,0.08136522,0.0780977,0.07353156,0.069104776,0.069389835,0.062763646,0.06067887,0.058458153,0.056454636,0.068308644,0.06941097,0.06999306,0.06576058,0.061863527,0.058321785,0.06569454,0.07116334,0.065363996,0.06701041,0.06092944,0.060932215,0.07312725,0.07950547,0.08008926,0.08565512,0.080010936,0.075249046,0.07417241,0.06837577,0.06845346,0.06963935,0.07193838,0.07341396,0.0696238,0.06807775,0.06774365,0.07112031,0.074893944,0.076394044,0.07619912,0.06967906,0.06844652,0.06503384,0.06315596,0.064883225,0.058860954,0.055880405,0.051613856,0.044614602,0.043330196,0.041832656,0.042309355,0.04186047,0.042862505,0.04426102,0.046227362,0.046909552,0.048023038,0.043581534,0.034843724
0.020341944,0.02505007,0.028259546,0.026681973,0.026338818,0.026389228,0.028787918,0.031074548,0.030902572,0.03160299,0.0307267,0.03193971,0.03252383,0.032201007,0.032804117,0.033177227,0.03655704,0.03796742,0.04008357,0.04011763,0.03867931,0.041818332,0.039947,0.040931944,0.04052298,0.036951564,0.037764553,0.041220225,0.0462939,0.05176747,0.053714994,0.0544224,0.05064112,0.047879037,0.047940783,0.04515384,0.048023924,0.04904112,0.051663447,0.055056896,0.05650303,0.05682295,0.057946377,0.060167007,0.05963929,0.06347022,0.06470664,0.06860362,0.07188303,0.0748872,0.077893436,0.07453084,0.07651862,0.07856541,0.08374179,0.09072978,0.101190075,0.10247235,0.10144528,0.10666784,0.10439007,0.10879546,0.115933895,0.121332236,0.12672444,0.13311124,0.13539144,0.12862542,0.13500781,0.14106843,0.14371036,0.15576175,0.15736923,0.15720907,0.17054848,0.1736292,0.18017177,0.18880065,0.18711025,0.18445317,0.18031505,0.18564671,0.19274575,0.19777037,0.20181137,0.1993613,0.19956532,0.20755163,0.20610166,0.20353758,0.20217143,0.1978504,0.19594353,0.19257711,0.18390971,0.17053543,0.16224433,0.15478118,0.14487256,0.13686979,0.1287457,0.11947117,0.113358885,0.111672685,0.10833885,0.09788065,0.09034148,0.082498856,0.08041129,0.081799805,0.074328594,0.07225949,0.068701014,0.06386505,0.06875693,0.06717761,0.06764967,0.06758467,0.064405434,0.06639262,0.06516227,0.06396699,0.06539111,0.06154694,0.05928402,0.061219096,0.057236902,0.055881906,0.056290865,0.053687748,0.056163717,0.056857396,0.057852708,0.058158766,0.058263622,0.059902858,0.05910607,0.05771154,0.055981256,0.055740263,0.054821547,0.059167344,0.059058554,0.062856294,0.06510994,0.06244252,0.061106347,0.061037432,0.058166757,0.059001524,0.059442166,0.05800346,0.05522822,0.05162448,0.050306767,0.047169432,0.048122823,0.04757309,0.04596648,0.04445512,0.04380558,0.04267021,0.03978489,0.039417684,0.040776446,0.040073767,0.040774424,0.037948318,0.033982385,0.033765648,0.031689737,0.027882546,0.023910204
0.013239347,0.017075052,0.02017176,0.020631514,0.020531898,0.019357495,0.018833498,0.017857919,0.017825333,0.018947056,0.020056468,0.021863349,0.022756703,0.02446854,0.02485463,0.02427337,0.025154838,0.024206312,0.02340142,0.024521377,0.02658146,0.02647739,0.02809983,0.028082201,0.026593933,0.030151252,0.030515978,0.033857256,0.03760198,0.03684736,0.037351217,0.03828909,0.03657232,0.036408745,0.038716603,0.038858164,0.041884147,0.04557891,0.04998965,0.05232579,0.051851023,0.0556419,0.057178833,0.05732386,0.05819606,0.055847827,0.061109193,0.06430204,0.069179945,0.0746339,0.073085904,0.07573723,0.07946858,0.07670883,0.08050403,0.089589454,0.09435214,0.10334631,0.1053911,0.11049341,0.111740135,0.11401534,0.12459537,0.123648226,0.12643215,0.13062915,0.13579118,0.14363095,0.14913425,0.15402097,0.16209985,0.16404256,0.16812891,0.17271954,0.16707566,0.1711429,0.17272049,0.17580332,0.18222518,0.1828958,0.19909373,0.1990203,0.19884577,0.20444472,0.19432198,0.20305125,0.19805662,0.20070839,0.19145837,0.18350865,0.19331716,0.19207029,0.21079339,0.20617141,0.1992029,0.19575079,0.1783841,0.17713265,0.16528219,0.1460431,0.13213448,0.11719287,0.11411674,0.105191156,0.10499972,0.097141534,0.09131272,0.08992159,0.0852155,0.08713718,0.08114158,0.08174797,0.075083,0.06974865,0.06764495,0.063183315,0.062521264,0.064441,0.06417751,0.060165115,0.06481615,0.062481325,0.063297935,0.06238883,0.054121617,0.053747218,0.051910814,0.055884853,0.058995105,0.05799232,0.060963396,0.062271167,0.06341971,0.069751956,0.0730341,0.07078188,0.07224981,0.06541878,0.05904208,0.05918086,0.055080686,0.05659444,0.054551505,0.05270657,0.053935383,0.053008948,0.054076143,0.05257814,0.049983237,0.049130213,0.04590694,0.04567002,0.04559438,0.04312421,0.044191103,0.04436156,0.040154252,0.04164639,0.04008606,0.039689254,0.04391287,0.042992983,0.04317419,0.043622144,0.041605,0.042119734,0.04400344,0.046736382,0.048875533,0.045581266,0.044021264,0.03636833,0.02568588
0.013044163,0.016713327,0.020375252,0.02121432,0.021393673,0.021758609,0.021879219,0.021095295,0.021253468,0.020620078,0.020177016,0.020149196,0.02194195,0.022746889,0.02186293,0.025372978,0.025714712,0.026249763,0.027166381,0.02660976,0.02821136,0.02924102,0.031814132,0.03165099,0.030032713,0.031622913,0.030928316,0.03304647,0.035026412,0.037619814,0.037951436,0.03804065,0.038027704,0.037367914,0.03800048,0.03728717,0.0380029,0.035064843,0.03897489,0.042668466,0.04582869,0.048756916,0.04796515,0.04598713,0.048065137,0.051854596,0.054990113,0.0575367,0.060835563,0.065692075,0.06616669,0.068113975,0.069492064,0.068685405,0.07136831,0.07324515,0.0785923,0.08000354,0.08501837,0.090143465,0.09851887,0.106730536,0.116618566,0.122910686,0.1268189,0.13280848,0.13709602,0.14156297,0.1451762,0.14834042,0.15114138,0.15436734,0.15844102,0.16283314,0.16531748,0.16970503,0.17571977,0.18255462,0.18768676,0.1915038,0.1903802,0.19306956,0.19530044,0.1952359,0.20605911,0.19832717,0.20370294,0.2044661,0.19004187,0.19549298,0.19070908,0.19203602,0.19525455,0.19779605,0.18392,0.16672978,0.15910827,0.139873,0.13668993,0.13582216,0.13117424,0.121869005,0.11409856,0.11465887,0.10474627,0.10369894,0.102106,0.093308575,0.086287916,0.07966601,0.072294705,0.06802602,0.07309529,0.07073203,0.07038865,0.06753905,0.057329614,0.055507064,0.058285173,0.06155515,0.0629058,0.062578395,0.06111931,0.06299414,0.062469028,0.062977314,0.06311742,0.058733262,0.05501124,0.056310046,0.054826118,0.056576647,0.0578704,0.056460414,0.055462766,0.05374968,0.056087315,0.054970343,0.054266162,0.054248985,0.051169056,0.054450594,0.055448517,0.0538873,0.05387145,0.053194206,0.05157041,0.056046084,0.05312232,0.049531434,0.049429562,0.042676568,0.04162616,0.0408376,0.04040571,0.039062507,0.040597405,0.038424414,0.037458852,0.040068883,0.038324587,0.03977462,0.039310582,0.0340502,0.038515642,0.038822614,0.039146025,0.04040218,0.039182637,0.041469548,0.043095104,0.03983012,0.03317459
0.009195583,0.010936326,0.012916252,0.013011616,0.01290368,0.013338205,0.012922945,0.013867586,0.013802931,0.014468769,0.015766298,0.015769446,0.016113825,0.016029883,0.015353636,0.014435908,0.014710268,0.015044059,0.014907356,0.01629326,0.016518438,0.016618831,0.016946416,0.016096985,0.016206022,0.017775837,0.018521613,0.019957924,0.020373955,0.018951928,0.018609947,0.017707933,0.018382458,0.019168625,0.019617746,0.019884182,0.020365842,0.020319099,0.02159931,0.022970278,0.023639644,0.024599183,0.025609387,0.026428891,0.025881669,0.026226107,0.026760535,0.02556977,0.026491528,0.026476135,0.025611404,0.026790155,0.02705118,0.027766315,0.027884454,0.03033241,0.030064605,0.030810239,0.031719666,0.030925833,0.032453716,0.034514908,0.034744553,0.033988878,0.034134213,0.034981064,0.03590662,0.038137544,0.03800877,0.039594594,0.039980184,0.04037591,0.04303524,0.044312675,0.04897331,0.051224068,0.054338433,0.053166956,0.050548457,0.05156761,0.05049262,0.051691756,0.056536037,0.05951553,0.06385796,0.06808947,0.06903316,0.07729744,0.07586599,0.08016201,0.08716144,0.08478961,0.08795737,0.09042951,0.0914519,0.09025289,0.090618774,0.08683607,0.08267635,0.0828989,0.0834205,0.08348628,0.08267589,0.08220779,0.08158171,0.08260866,0.08466228,0.08337664,0.08288211,0.08368132,0.08099641,0.07938859,0.076763764,0.0743111,0.06937921,0.06821057,0.06609086,0.06046226,0.061075434,0.061109215,0.060354304,0.059653856,0.056245215,0.05259592,0.05049468,0.05029678,0.050689552,0.048194982,0.047309328,0.041696846,0.039010853,0.03905301,0.037901968,0.039651785,0.038352963,0.036691885,0.03689179,0.035822447,0.034645125,0.03456906,0.031220382,0.029648667,0.029647833,0.027839068,0.027755963,0.025901342,0.02496,0.025512813,0.024282858,0.023172729,0.022078993,0.020998104,0.021243615,0.021390328,0.02100045,0.019749619,0.01911854,0.018292328,0.01784066,0.018866332,0.018121477,0.017295951,0.017029023,0.015598029,0.01531652,0.014964602,0.014583673,0.014054813,0.014211135,0.014711867,0.014246635,0.012991202,0.010656023
0.009689237,0.011776783,0.014105965,0.014355092,0.014863365,0.01586654,0.016017074,0.016103093,0.01597671,0.01572717,0.01638231,0.016295701,0.017121382,0.018127289,0.017818073,0.018402485,0.018584626,0.018445201,0.018519148,0.02010278,0.02124359,0.02114572,0.021034122,0.01949389,0.020489816,0.021866567,0.023134563,0.024064425,0.023674613,0.024224045,0.024821376,0.026022842,0.025034383,0.024073178,0.02435647,0.023411235,0.024563618,0.02572314,0.02636937,0.028072631,0.030046161,0.028921656,0.02917651,0.02951429,0.029759798,0.031879395,0.031184008,0.03250578,0.031712256,0.03306287,0.038507536,0.03814717,0.040291607,0.041087475,0.039011594,0.040167212,0.040314525,0.04302227,0.044455517,0.04664532,0.048447944,0.047658827,0.047863763,0.046481308,0.046374287,0.046258885,0.051873755,0.054853637,0.055920977,0.05803432,0.05575933,0.06008116,0.061580144,0.06533917,0.07052059,0.07003007,0.07390524,0.072853886,0.07339815,0.0703785,0.07239598,0.07590796,0.07702966,0.08270195,0.08411657,0.08735336,0.097134426,0.10354882,0.11058671,0.109883115,0.10349605,0.10128547,0.09750735,0.10355295,0.10415937,0.106129415,0.104287855,0.0972648,0.0935614,0.09150413,0.09409596,0.09780093,0.10215953,0.102981485,0.09955886,0.09915774,0.09569536,0.09202925,0.086032525,0.07741275,0.07575386,0.06874333,0.07306627,0.075739495,0.074832015,0.072378345,0.06540222,0.06546545,0.060370114,0.05994078,0.05999125,0.05316828,0.048630856,0.04831275,0.04625315,0.04317714,0.04749668,0.047749117,0.047873285,0.049345735,0.046381634,0.045001365,0.042296562,0.038993478,0.036602084,0.033798028,0.03291583,0.033846222,0.033277884,0.034605723,0.03416389,0.031447303,0.030893307,0.028680867,0.029037135,0.028746324,0.028270649,0.027892698,0.026261143,0.02558379,0.026149979,0.024181163,0.02415818,0.025016882,0.024678994,0.024313519,0.024486493,0.025689844,0.023930408,0.025124526,0.025796235,0.025373956,0.025167795,0.023623213,0.022812508,0.021686414,0.021804929,0.022320244,0.02241441,0.022308849,0.021651616,0.019572636,0.015613394
0.011122139,0.013635474,0.015481842,0.014911145,0.014897293,0.01526858,0.015417078,0.015600632,0.016113902,0.015337324,0.015409541,0.016875187,0.01747914,0.01825737,0.018797284,0.018393354,0.018059842,0.018256834,0.018750673,0.018228836,0.018010974,0.019168254,0.019208396,0.02005672,0.021577135,0.021518786,0.021836637,0.022106133,0.022041952,0.02278735,0.023798862,0.02368786,0.023910064,0.023757607,0.024924934,0.025559695,0.026105257,0.026774922,0.025541043,0.02669177,0.027232965,0.027645908,0.029282143,0.029269386,0.029153356,0.028322384,0.028553728,0.031035084,0.032302335,0.036260474,0.03851498,0.039272662,0.041601207,0.04086606,0.039914064,0.041519094,0.04260765,0.041485082,0.04255621,0.040717684,0.041742757,0.047263775,0.050810426,0.051923636,0.052667104,0.05453698,0.055905886,0.056706846,0.059952002,0.05905231,0.059032105,0.06321229,0.062806144,0.0679341,0.07075696,0.07498715,0.08069474,0.07953341,0.08000311,0.07901421,0.085098475,0.08979465,0.09501154,0.09930988,0.1025119,0.10258433,0.10700771,0.1122925,0.10964169,0.112176746,0.11309984,0.117239304,0.11486985,0.11504144,0.11258721,0.10487959,0.10874618,0.10741672,0.10672839,0.10997367,0.1105561,0.11342349,0.11772289,0.1151423,0.111922055,0.107879594,0.1005705,0.093221426,0.08700529,0.08704472,0.08498227,0.083952345,0.08497932,0.080121644,0.07280961,0.07507946,0.06992823,0.06519475,0.064727195,0.058348965,0.05826829,0.059712864,0.0594077,0.059508115,0.057292294,0.05456593,0.055688933,0.054130767,0.053469162,0.05137251,0.047469683,0.04474418,0.042135175,0.04207825,0.04309313,0.041931413,0.04080312,0.038827434,0.03663997,0.0366371,0.037422415,0.036968585,0.036620684,0.035474613,0.03309095,0.03178397,0.030295564,0.029424418,0.028739188,0.02861158,0.028735993,0.028124977,0.028185567,0.02870753,0.027209274,0.026474595,0.027932879,0.026848182,0.027118936,0.028067233,0.026687581,0.027281577,0.027229575,0.026202302,0.025306571,0.023980847,0.02217241,0.024413127,0.025048422,0.025440145,0.0280917,0.02367109,0.020048184
0.01166118,0.016420001,0.018882688,0.019090831,0.019489285,0.017873805,0.018064843,0.019025953,0.019867456,0.020748505,0.021830952,0.021828858,0.02220989,0.022737416,0.02392639,0.02479834,0.024433633,0.024143431,0.024031213,0.025102088,0.025196219,0.026328862,0.026374932,0.025320275,0.025622256,0.02516572,0.026222363,0.026128836,0.02828909,0.028920876,0.030611716,0.03443229,0.033664916,0.03412204,0.031482946,0.028238684,0.028331956,0.031938933,0.031834334,0.032637205,0.034204755,0.030049762,0.03427435,0.039079685,0.039223097,0.04032535,0.03922375,0.03551731,0.036241855,0.037518177,0.0380964,0.042762157,0.042931452,0.04422806,0.04623408,0.04483839,0.048476018,0.04890821,0.05012214,0.05246021,0.053168386,0.055947825,0.05552366,0.06164201,0.06781285,0.068566374,0.07218964,0.070635654,0.06883937,0.07099472,0.07361725,0.07805874,0.077286385,0.087391034,0.09509518,0.09916315,0.10661213,0.10440111,0.10449432,0.111528106,0.11093247,0.10874322,0.10985424,0.10980294,0.11961924,0.1278014,0.13533936,0.13797158,0.13720132,0.1410577,0.13605744,0.13346642,0.13233933,0.12874377,0.12895134,0.12567218,0.11933972,0.114344224,0.111800835,0.109444425,0.11452595,0.11162514,0.10561105,0.10410498,0.09644328,0.09647993,0.094103076,0.08928377,0.09116153,0.086398296,0.083591014,0.08072936,0.07293733,0.071857214,0.073174186,0.07109697,0.06358471,0.06033829,0.058314208,0.057739276,0.057938606,0.0540748,0.050298356,0.046561617,0.04534086,0.045815676,0.04453175,0.04537678,0.047705147,0.04671973,0.0456179,0.043765187,0.03994033,0.039703634,0.039941,0.03888797,0.04024272,0.039459392,0.03978365,0.038415935,0.035804164,0.03420995,0.030717608,0.030687759,0.030414356,0.030367479,0.030440005,0.028532386,0.02614844,0.025510171,0.025554324,0.027476972,0.027596409,0.027077924,0.02615709,0.026538705,0.026570613,0.027599214,0.028863333,0.027408283,0.027629405,0.027374621,0.02577128,0.024154738,0.022648443,0.021461353,0.020949071,0.021923335,0.022504127,0.023317123,0.023685366,0.02111748,0.018072242
0.011395833,0.014340657,0.01782823,0.018940033,0.019446386,0.01940837,0.019390645,0.019473253,0.019192584,0.01956833,0.019114193,0.020312613,0.020251686,0.01996606,0.0193724,0.019203104,0.021152036,0.022742055,0.0246724,0.02478505,0.023952702,0.025261369,0.02659045,0.02757466,0.029152334,0.02836303,0.026756044,0.027931137,0.027893966,0.028830409,0.03068168,0.03172102,0.032776132,0.03188361,0.03461653,0.033594426,0.03407182,0.03529101,0.032511055,0.033157103,0.03312074,0.036714714,0.03750564,0.037701342,0.03807582,0.035187565,0.03614622,0.03674428,0.0393039,0.04250884,0.044053994,0.04520733,0.045794405,0.044256315,0.04526148,0.047099132,0.05020964,0.05221121,0.053906556,0.059438825,0.05819403,0.057456683,0.060811535,0.05825129,0.063786626,0.07195006,0.0736127,0.07883221,0.07503719,0.07212076,0.0696338,0.071151905,0.07704292,0.08902318,0.0990487,0.10214329,0.10410377,0.10021165,0.09887103,0.094620965,0.09910627,0.10071904,0.10535921,0.11384168,0.12325325,0.12830432,0.13482384,0.1398822,0.14115249,0.1455085,0.14693052,0.14659567,0.1425558,0.14018363,0.14397137,0.14196843,0.13688797,0.1375397,0.13259012,0.13221872,0.13717778,0.13604474,0.1284051,0.12846649,0.11854663,0.11486273,0.113313876,0.106935695,0.10777525,0.09866755,0.092682235,0.08458326,0.07808765,0.07328765,0.06427756,0.05709017,0.05438146,0.05379201,0.05127983,0.05178974,0.052337382,0.049591545,0.04833385,0.04775936,0.043354847,0.039830297,0.04087876,0.03969217,0.04217448,0.043726403,0.04347428,0.04246674,0.039704002,0.03895171,0.037443675,0.038294595,0.038525976,0.036839988,0.03563835,0.03232418,0.030732289,0.030296538,0.032199617,0.032250095,0.032161664,0.031607516,0.029839473,0.030249177,0.028291598,0.027877623,0.026120542,0.025039686,0.02638222,0.027517708,0.02812249,0.03062847,0.030335376,0.030380182,0.029154321,0.025660615,0.024896633,0.022307867,0.022015212,0.022252612,0.023627954,0.023638941,0.024125826,0.023976507,0.022589324,0.022309972,0.023508338,0.021854179,0.018564302
0.012379257,0.014852493,0.016861262,0.01722678,0.017495465,0.018497312,0.019269546,0.02022951,0.021394366,0.021580841,0.021834008,0.021764511,0.020270232,0.020396277,0.020532599,0.020917688,0.023452332,0.025194962,0.0251872,0.025532635,0.02551016,0.02409154,0.024991184,0.02492391,0.024066579,0.025039323,0.02534648,0.025646355,0.026013868,0.026677541,0.027575566,0.029736698,0.031129023,0.03128565,0.032007396,0.030925889,0.03200119,0.030869385,0.030425882,0.032968145,0.032707095,0.034559626,0.035661314,0.035315745,0.03571053,0.037757844,0.03916048,0.04084319,0.044668905,0.04373845,0.044901777,0.045977138,0.04325457,0.045567304,0.048264734,0.05080464,0.052480485,0.0542137,0.05636979,0.059578337,0.060692217,0.06331343,0.064498395,0.06777368,0.07347106,0.07613233,0.075432114,0.07642181,0.07547118,0.0748523,0.07932161,0.07592504,0.07536768,0.075835645,0.081709474,0.09282028,0.107375495,0.1120808,0.11185592,0.109789886,0.10044892,0.102342896,0.10283696,0.10953567,0.11176781,0.12291486,0.12905279,0.13459022,0.13860379,0.13711582,0.13849384,0.13404764,0.13525514,0.1355263,0.13109164,0.12857008,0.12779908,0.12345987,0.12323157,0.12798974,0.12780346,0.124872,0.12575811,0.115852445,0.11307531,0.10599047,0.1014376,0.09597106,0.086839765,0.08520098,0.07896753,0.0770376,0.07245862,0.06842638,0.064982474,0.06474022,0.06338287,0.061759785,0.057497423,0.052701727,0.05147793,0.049339633,0.048086833,0.049474552,0.048070963,0.048456777,0.046993814,0.041653384,0.039029453,0.037133187,0.036130566,0.037517127,0.03979041,0.039882287,0.041091274,0.039949,0.035894066,0.035003014,0.031021232,0.03139614,0.03199822,0.03186288,0.032989245,0.031503256,0.03178979,0.030611753,0.02912335,0.028384885,0.028022135,0.026112707,0.025764706,0.025214799,0.025463678,0.024701271,0.024632644,0.02446567,0.024541955,0.02454128,0.023577148,0.023630349,0.022130242,0.023001218,0.023975717,0.024261385,0.024532264,0.024352623,0.041858647,0.042913564,0.058990035,0.06184764,0.055865947,0.055209346,0.035498254
0.010468077,0.01434507,0.016890386,0.017648248,0.018782362,0.018328186,0.018197877,0.018470667,0.018064588,0.017842367,0.018033365,0.018436866,0.01779687,0.01833574,0.018839996,0.019302068,0.020155357,0.020082623,0.021057459,0.022782203,0.023072341,0.024229812,0.024898833,0.02390658,0.024642762,0.025288997,0.024116542,0.024070017,0.023789087,0.023160135,0.024972057,0.024310533,0.027427427,0.029028632,0.029638685,0.03210305,0.031258937,0.03076036,0.031918515,0.031896424,0.032777794,0.03303339,0.033463236,0.035906322,0.03699702,0.03783788,0.04071214,0.04120814,0.040872607,0.04285887,0.0412947,0.039646074,0.045177374,0.047709342,0.05071853,0.055011258,0.05683272,0.05979173,0.061477613,0.06491091,0.06529608,0.06449309,0.06796812,0.06744339,0.066604115,0.07087502,0.073850416,0.08330684,0.08812449,0.087947525,0.0887297,0.08419326,0.086860895,0.09299117,0.092311814,0.09939683,0.10932291,0.10686112,0.10943693,0.1146215,0.11592126,0.12355979,0.1240225,0.12287199,0.12314348,0.1325513,0.14311527,0.14989136,0.14877585,0.14634427,0.14552638,0.13741936,0.13683946,0.14126,0.14088127,0.144581,0.14488557,0.13407913,0.13390215,0.13288926,0.135083,0.13337995,0.1277982,0.11851989,0.11038526,0.102508076,0.09189703,0.087238,0.07706146,0.074429914,0.07326765,0.07298353,0.07440648,0.07631466,0.07587109,0.07474225,0.070281565,0.064327754,0.06466261,0.06182435,0.059575133,0.060494583,0.05455491,0.053739805,0.05368095,0.051368322,0.05059969,0.048056398,0.0495013,0.04955422,0.051725093,0.052247874,0.05014909,0.051408377,0.050863568,0.0498348,0.05380068,0.055361286,0.054713007,0.05577019,0.053548556,0.052106954,0.051181853,0.051745664,0.05152708,0.049375143,0.04928941,0.046266675,0.043129276,0.044055894,0.042430956,0.042953648,0.04303911,0.04000762,0.040259,0.040108565,0.040144283,0.042691585,0.04316988,0.043413214,0.04183834,0.043314725,0.04272523,0.04435022,0.045415778,0.042295523,0.04066408,0.039311796,0.039200336,0.0377335,0.039559547,0.034711037,0.028834412
0.013219152,0.016426174,0.017924989,0.01757513,0.018255102,0.018454403,0.019895365,0.019509817,0.019483361,0.018907715,0.018450314,0.019661177,0.01990099,0.02050006,0.021810073,0.021407695,0.022567818,0.023777252,0.023770226,0.024135405,0.02358629,0.022327812,0.023130562,0.025407366,0.02567667,0.028401274,0.02869518,0.02790872,0.02868047,0.028168986,0.031394806,0.032276783,0.033742137,0.035170317,0.033436343,0.034351423,0.035485134,0.03545523,0.037020363,0.036719926,0.03666925,0.041759428,0.04242406,0.04297639,0.044228625,0.043983087,0.04473827,0.048343953,0.048124854,0.050286904,0.051288627,0.051878896,0.053925004,0.05515131,0.05689669,0.056788135,0.060626186,0.06036757,0.062019683,0.06564566,0.060965728,0.06263922,0.066453554,0.068743035,0.07932148,0.07861107,0.07731427,0.0820011,0.085365966,0.09239161,0.09814767,0.10422819,0.10869648,0.11038781,0.115576595,0.1170685,0.12070398,0.125667,0.12111874,0.11921397,0.1104198,0.10954405,0.11942238,0.12211072,0.12620102,0.13067544,0.1301852,0.13173173,0.13762891,0.13770287,0.13429078,0.13230632,0.13108996,0.13162263,0.13350454,0.13433854,0.12817726,0.122949414,0.115976654,0.11454875,0.1214696,0.12519771,0.12539479,0.117208116,0.10617554,0.093242735,0.09004489,0.08865309,0.084980644,0.08147334,0.077415936,0.07477116,0.075040765,0.07589783,0.07679464,0.08005811,0.07763259,0.07441915,0.07382975,0.07099681,0.06752797,0.06443037,0.062239554,0.05981018,0.06457153,0.06619855,0.06419121,0.062443398,0.057296716,0.054342143,0.053855587,0.053698327,0.05145066,0.050333686,0.05042903,0.05462499,0.055308342,0.059910428,0.059180673,0.058300268,0.061440878,0.05935539,0.06065509,0.05823932,0.052832495,0.052274298,0.051489923,0.04952893,0.052152727,0.056980252,0.05787479,0.05922773,0.06233154,0.060907368,0.057901107,0.059264585,0.05483285,0.051955786,0.053689007,0.05007331,0.0501172,0.048722018,0.047446,0.04803264,0.046633612,0.04533937,0.044820175,0.043679014,0.04509737,0.043660875,0.043824982,0.039625484,0.031778436
0.011997896,0.01618371,0.01807805,0.018933075,0.02042832,0.02048005,0.02117132,0.021668894,0.021689663,0.021429557,0.023482151,0.023221573,0.02230736,0.023599744,0.022533465,0.02354315,0.024460593,0.023405913,0.024262153,0.024360545,0.025384817,0.026884617,0.027384536,0.030041145,0.031681713,0.032163184,0.03300719,0.031024942,0.029843679,0.030360483,0.031188894,0.03361117,0.033538666,0.034520894,0.034473844,0.03422504,0.037012096,0.038960222,0.039380103,0.03959536,0.040066242,0.03967642,0.039862003,0.04309143,0.04380038,0.0445848,0.046838786,0.04812829,0.04724475,0.049737684,0.054197665,0.05279034,0.058773495,0.059411813,0.062206853,0.06487955,0.065272525,0.06819049,0.06692534,0.066741586,0.070952766,0.07176735,0.07288321,0.08430721,0.084102124,0.08552665,0.08895638,0.092981644,0.10143554,0.10971298,0.11355674,0.11214096,0.11229455,0.10700539,0.11568593,0.11898178,0.12718852,0.13927507,0.1430465,0.14420827,0.14159557,0.15046807,0.16175392,0.16545904,0.17213973,0.17447858,0.16500045,0.16426109,0.16740221,0.16537747,0.17751445,0.18621781,0.18034768,0.17820106,0.1654924,0.16283575,0.16609913,0.16249639,0.16625774,0.16257204,0.16096051,0.15677111,0.14633831,0.13748322,0.12473638,0.12354949,0.12522997,0.12192139,0.1192974,0.11180517,0.09919857,0.09408745,0.08960602,0.08013153,0.08185531,0.08310325,0.08268539,0.08114694,0.0747082,0.068682775,0.064778715,0.06579606,0.064552344,0.063610524,0.063213654,0.06387126,0.06463208,0.06410688,0.06493769,0.06264761,0.059479173,0.056216855,0.056828737,0.059038274,0.06260396,0.06470745,0.06432083,0.05954349,0.056365803,0.05502063,0.054289572,0.056231048,0.05750777,0.05646033,0.055447962,0.055903826,0.05472319,0.05490596,0.055279724,0.055719305,0.054543238,0.05379565,0.050257947,0.04691662,0.047782514,0.04660534,0.047592398,0.04784456,0.04748636,0.046827514,0.044403344,0.04438207,0.04287605,0.04021819,0.04159595,0.04005942,0.03950411,0.04279662,0.04202479,0.042452283,0.04322794,0.037399817,0.031443227
0.015424362,0.020159984,0.022205178,0.022138208,0.02283457,0.022739751,0.024075685,0.025806814,0.026272338,0.028037926,0.029404595,0.027715577,0.029615,0.02853868,0.027627265,0.028329613,0.02904073,0.030412652,0.031043762,0.032054607,0.031507783,0.03154783,0.0305879,0.031501602,0.032562535,0.032775737,0.03400676,0.033026617,0.0327996,0.032335322,0.032592587,0.0331225,0.03524192,0.040965866,0.04042623,0.04224253,0.04183548,0.037916064,0.040524747,0.04173337,0.04180745,0.043888383,0.044279303,0.045527525,0.048383683,0.04734289,0.049542446,0.05125009,0.05496029,0.057247248,0.06093469,0.062802725,0.060912147,0.0623963,0.06318698,0.071465135,0.076593064,0.07870851,0.08007236,0.07445185,0.07862577,0.08620216,0.09449751,0.102663375,0.10112301,0.10455409,0.10752811,0.10763433,0.1164585,0.11586755,0.11708357,0.1234538,0.12661698,0.12816854,0.12560482,0.12830085,0.12906152,0.13849905,0.14760627,0.15770778,0.16653316,0.1645033,0.16078757,0.15590209,0.14671162,0.15836208,0.16917884,0.17002362,0.18436567,0.19495775,0.1891312,0.19395994,0.18307161,0.16672078,0.17129944,0.16102971,0.16512308,0.16364591,0.15680757,0.16185817,0.14886768,0.13775568,0.12962219,0.11467119,0.11677491,0.111814715,0.10860315,0.10293544,0.099288605,0.10244007,0.10425817,0.10788869,0.1059547,0.10371514,0.098123044,0.09077854,0.08702252,0.07756417,0.07725945,0.074424036,0.067745686,0.073421724,0.06821775,0.06624324,0.06542115,0.060471103,0.05986559,0.061494052,0.0666031,0.06439504,0.070394166,0.06797671,0.068196334,0.07487933,0.068853304,0.07250352,0.070806555,0.0646032,0.06473854,0.063995115,0.06724159,0.06559881,0.06770884,0.06466986,0.059582148,0.05845442,0.05781846,0.0561371,0.05267564,0.05259641,0.049374904,0.048986536,0.050748963,0.05809684,0.060936503,0.06303599,0.06178771,0.053926058,0.05071062,0.052833937,0.051379927,0.05055656,0.04973385,0.045133743,0.044438303,0.047466412,0.0483404,0.050265033,0.048570108,0.047912106,0.047633957,0.041135363,0.036366355
0.014719356,0.017471684,0.01991752,0.020103062,0.020095881,0.021316336,0.022479406,0.023061281,0.022870822,0.023522213,0.023541197,0.024555076,0.025418803,0.025022749,0.029208686,0.02974754,0.031608574,0.031792626,0.031131957,0.03212288,0.032599885,0.036515992,0.037645016,0.037017185,0.03497385,0.034223225,0.03466612,0.036797315,0.03984614,0.043422837,0.043345395,0.04387168,0.043832816,0.04030206,0.03920992,0.03991042,0.04283969,0.047331832,0.04862724,0.049961057,0.048940454,0.04684845,0.051157407,0.0558768,0.05604912,0.0583755,0.05705579,0.052566838,0.05356236,0.05351535,0.058601853,0.060944088,0.06524281,0.0652573,0.06283843,0.06847772,0.06807583,0.075623214,0.08354633,0.08767817,0.09341674,0.09717436,0.093989104,0.094467655,0.0933025,0.10050921,0.111392565,0.111461826,0.12488661,0.13297483,0.133343,0.15210167,0.14699335,0.13726647,0.14240725,0.13684937,0.14420003,0.15276024,0.15217163,0.15705821,0.1619819,0.16323037,0.16743186,0.16507754,0.17183916,0.17711422,0.18250595,0.1856854,0.17729539,0.16923577,0.16934434,0.16873993,0.17149681,0.1801496,0.17079584,0.16685706,0.16822602,0.16428943,0.1598941,0.1534686,0.13842559,0.13109255,0.13023312,0.1258003,0.12471662,0.11193576,0.105822094,0.10958922,0.10559724,0.107930884,0.10743506,0.09224112,0.08522016,0.07646153,0.06890198,0.06886993,0.07020762,0.076210976,0.0737254,0.06955638,0.07131796,0.06360857,0.068201005,0.07310795,0.06929099,0.07335829,0.071001165,0.068479404,0.06898332,0.06692865,0.06296844,0.061242875,0.05875119,0.05604391,0.059799664,0.059959974,0.060136274,0.056900263,0.05603319,0.055474132,0.05861468,0.059940282,0.06458305,0.06453844,0.064834535,0.06673447,0.064341314,0.063104995,0.06435466,0.062990576,0.060733084,0.061276134,0.05369651,0.053718127,0.053254165,0.05271511,0.055952564,0.055797577,0.051641747,0.05364281,0.050460126,0.04478516,0.0481599,0.04440314,0.047077496,0.0492498,0.045075513,0.04660227,0.044638373,0.043124042,0.042610995,0.03847066,0.0303961
0.017143302,0.019828662,0.02225815,0.020035917,0.020378163,0.021838248,0.024288371,0.026343804,0.025025709,0.025616108,0.025600534,0.025764607,0.02803149,0.028158242,0.028773235,0.028905494,0.029523239,0.030602662,0.03133,0.032612056,0.033326752,0.033251654,0.035086814,0.037059825,0.038214233,0.03820825,0.03671453,0.03617622,0.037222873,0.03906777,0.041850194,0.042398304,0.0416088,0.04299655,0.04139418,0.042338304,0.044239968,0.047185395,0.050484776,0.053924885,0.061712924,0.059472866,0.057939902,0.05822824,0.05234132,0.055449564,0.058982138,0.059932232,0.0654915,0.067801476,0.0688547,0.06988988,0.06434571,0.06589918,0.07252553,0.07588321,0.08172824,0.08590823,0.085141465,0.09105735,0.09793683,0.09609933,0.10039329,0.09879893,0.09952805,0.110188685,0.11925271,0.12525684,0.13804123,0.13947925,0.13758764,0.14538245,0.13732173,0.14236523,0.14746134,0.15044987,0.15744682,0.16129188,0.17134134,0.165321,0.17164002,0.18135437,0.18086427,0.18974547,0.18919714,0.18806729,0.18293373,0.1834369,0.18385835,0.18017611,0.18422757,0.18437003,0.17537695,0.1662488,0.16553296,0.16458303,0.17522177,0.17895913,0.17055966,0.16485846,0.14889798,0.13736255,0.12847772,0.11756509,0.119534,0.11840006,0.11512469,0.10931871,0.094762444,0.085358836,0.081518166,0.07549239,0.074406765,0.07126818,0.0682637,0.066397905,0.061959524,0.059424292,0.056239862,0.052480828,0.05475849,0.052164163,0.052818324,0.054008506,0.054113742,0.056583494,0.055635363,0.056998156,0.054894205,0.05233159,0.05316319,0.050681517,0.049471002,0.05283879,0.0509396,0.05036613,0.05375766,0.05071842,0.053304814,0.055190317,0.05392787,0.054106876,0.054288827,0.053887866,0.055212036,0.05597211,0.053878967,0.05539554,0.054943666,0.05463742,0.054596175,0.050357454,0.04743379,0.045107476,0.04231046,0.04100127,0.038860295,0.037063245,0.037860133,0.03818379,0.041374795,0.042451445,0.04156782,0.04200536,0.039408997,0.03799477,0.037591644,0.03639365,0.03587566,0.03706271,0.037782013,0.03429004,0.029118218
0.01555778,0.018837115,0.021253055,0.022406328,0.026386384,0.027731229,0.028358497,0.028308105,0.025132911,0.025169598,0.026809592,0.028310388,0.028443577,0.030212529,0.029910311,0.029448649,0.030188072,0.029780123,0.031090518,0.032705378,0.0345557,0.034991935,0.03743185,0.0387978,0.041221667,0.04034599,0.041038677,0.041513473,0.042229492,0.047330387,0.045856457,0.046593327,0.044698752,0.041085765,0.039571237,0.03808492,0.04177727,0.04543325,0.04819755,0.052712467,0.05639157,0.058694135,0.05923363,0.055640258,0.05093862,0.050438084,0.052656043,0.05845965,0.0614234,0.0651718,0.06943787,0.07059758,0.0742761,0.07224248,0.07431307,0.07757545,0.08072237,0.08947532,0.08968086,0.09779374,0.09557348,0.09587452,0.10176229,0.10185603,0.1154974,0.12062005,0.12288511,0.12305909,0.11741901,0.12812743,0.13506912,0.1441338,0.15349407,0.14912808,0.1510511,0.15532382,0.15598348,0.15589459,0.1614773,0.15675059,0.16267268,0.17149872,0.17306735,0.17709567,0.17173332,0.17426041,0.18013048,0.17970386,0.18128198,0.1734823,0.16537423,0.16336235,0.16713855,0.16970108,0.16525012,0.16696167,0.16581242,0.16285631,0.1670234,0.1631644,0.15189497,0.1533609,0.13791014,0.13418268,0.12677869,0.1131734,0.111479856,0.09513581,0.088968195,0.07534386,0.063053794,0.06171762,0.057376947,0.052691557,0.05123294,0.045968704,0.04599091,0.05019176,0.04911907,0.049388308,0.05023607,0.044232305,0.04381224,0.043097265,0.041397367,0.041117474,0.039710164,0.03989515,0.038167927,0.039001532,0.041921876,0.043217864,0.043025155,0.04121539,0.03760702,0.03681311,0.037390165,0.038402904,0.03786524,0.036453906,0.03687691,0.037144728,0.039252482,0.038213115,0.037730824,0.03937587,0.038427044,0.037966117,0.03961722,0.039310236,0.03920909,0.040308274,0.038546707,0.038451415,0.037345223,0.036272354,0.036816046,0.035548806,0.03553777,0.035011414,0.034842048,0.03493925,0.03535412,0.03519744,0.0328228,0.031694803,0.030972457,0.031059142,0.031275716,0.030017335,0.029545031,0.026456548,0.02236727
0.015940774,0.018951079,0.023614718,0.024918146,0.025173252,0.024837404,0.024622876,0.024865314,0.026557084,0.027788656,0.027679365,0.027303701,0.027577784,0.027786672,0.027562063,0.028130624,0.029333355,0.03040271,0.031183984,0.030674295,0.028072177,0.027360909,0.028968353,0.028391447,0.029612446,0.031159386,0.030706717,0.032074198,0.035428707,0.033499025,0.033766523,0.03842116,0.04054288,0.043222945,0.044402964,0.046177536,0.043374892,0.046191648,0.050238963,0.045990974,0.049839135,0.04928541,0.04931354,0.054485966,0.053717203,0.05735549,0.059771992,0.059581637,0.0669881,0.07068439,0.075298406,0.07744794,0.077052854,0.08034844,0.07828801,0.08099885,0.09428957,0.09619981,0.106346965,0.114282236,0.11222232,0.111665174,0.11021935,0.11701183,0.11639701,0.12552619,0.12816592,0.12919353,0.13507408,0.14601955,0.15086593,0.15069532,0.1556498,0.15794443,0.16691582,0.1739394,0.17388408,0.17343181,0.1734799,0.16978507,0.17806113,0.17782964,0.18095754,0.186891,0.18396375,0.19046843,0.18937561,0.19079138,0.19286527,0.18542776,0.19240734,0.1827275,0.18093939,0.17825298,0.16345896,0.17135589,0.17242198,0.16963536,0.16748291,0.16230105,0.15260331,0.14981507,0.14965342,0.14386454,0.13730411,0.1325275,0.12057498,0.10868525,0.102860294,0.09524743,0.09017148,0.09025091,0.08480582,0.079562165,0.07497157,0.07410694,0.07803411,0.07694462,0.082108214,0.081901856,0.07686871,0.07886152,0.07970999,0.0775727,0.0799546,0.080258064,0.08312865,0.0827074,0.08342037,0.084745884,0.0785304,0.07865799,0.080122806,0.08254112,0.08448594,0.09456936,0.09208143,0.09329176,0.09315156,0.09369382,0.09272187,0.09375899,0.0926766,0.08666651,0.089644305,0.08632926,0.08645102,0.08600635,0.08019342,0.07685945,0.07449741,0.06819476,0.07711362,0.07983379,0.08554038,0.091670334,0.09165711,0.0894088,0.08740412,0.088146634,0.08454255,0.08736808,0.083819814,0.076350026,0.08027219,0.07690587,0.07649141,0.0769665,0.06849656,0.06401821,0.06286277,0.053194385,0.04292355
0.019561406,0.026196813,0.029936267,0.03114444,0.031016761,0.029080657,0.0288044,0.029321827,0.02973959,0.030604567,0.030512886,0.031052534,0.033301648,0.036013946,0.03720196,0.037162,0.038467217,0.036642052,0.04025562,0.0413782,0.040369112,0.04388724,0.040644437,0.04285986,0.04510385,0.043035936,0.044149093,0.046181418,0.046208017,0.04685614,0.049348533,0.046304595,0.0472052,0.04827929,0.049030818,0.05133975,0.05116036,0.05296895,0.05448821,0.058517504,0.060761392,0.060608234,0.06007773,0.057955485,0.063441075,0.065389566,0.07107076,0.068775125,0.066223815,0.0673358,0.06892371,0.075391464,0.08101315,0.086100616,0.08997109,0.0964187,0.09843782,0.10206723,0.11255168,0.110310376,0.1104839,0.11123061,0.103341125,0.10925901,0.11697406,0.11515708,0.12561595,0.1288486,0.13550118,0.14641793,0.14676856,0.15317547,0.15211236,0.16027993,0.16989414,0.16807197,0.17504354,0.17419378,0.17144531,0.19046833,0.1947105,0.2007519,0.21097106,0.20352258,0.21087727,0.20817469,0.19639757,0.19304866,0.17655645,0.17732334,0.17843819,0.1809383,0.18267404,0.17896041,0.17998573,0.17181347,0.1757185,0.17418675,0.17091046,0.16580868,0.16024481,0.15301304,0.14356467,0.14550956,0.13587447,0.12644792,0.121545464,0.10528209,0.093688436,0.09091555,0.08232817,0.08076299,0.07468674,0.06591605,0.058566377,0.05689785,0.053707235,0.052940626,0.054354712,0.052186444,0.050981157,0.0466964,0.046829406,0.045596268,0.04749115,0.05557082,0.054681197,0.058781583,0.05737146,0.05153455,0.052642085,0.0538572,0.05474604,0.058734987,0.05922998,0.060299285,0.06300301,0.062405426,0.06736188,0.06820293,0.06871167,0.07367248,0.07074582,0.07211721,0.072590835,0.06677726,0.06771081,0.06288504,0.05932638,0.058845054,0.054024126,0.053739015,0.05436948,0.053498514,0.054644383,0.053311303,0.052669853,0.050136752,0.051504143,0.05042068,0.050712653,0.054277502,0.05238012,0.050765797,0.04928869,0.050722677,0.049159978,0.05018831,0.049631905,0.051382963,0.055301894,0.050837748,0.04653457
0.016195893,0.020108439,0.023221072,0.024277532,0.02415451,0.02602763,0.027038414,0.028153796,0.030079082,0.029808538,0.030183423,0.032284595,0.0311584,0.031602174,0.032311082,0.033370353,0.03484956,0.03612002,0.036849182,0.03555418,0.035631847,0.036557466,0.037492137,0.038866837,0.039688323,0.040798437,0.043307982,0.043365806,0.043469265,0.04244354,0.040123105,0.039246053,0.0402195,0.042428736,0.043105815,0.044525914,0.044552814,0.046711244,0.049307793,0.049289875,0.051515605,0.052383848,0.052351262,0.054789256,0.05400125,0.053545296,0.057873227,0.060812056,0.06272828,0.068767235,0.0662639,0.06875431,0.071169026,0.0759051,0.08596629,0.088073224,0.091801144,0.09138934,0.086637236,0.09585008,0.10089694,0.10657358,0.11255269,0.1092743,0.11368108,0.10584588,0.109612375,0.12089576,0.123824894,0.14263816,0.15173967,0.15579619,0.16438533,0.16317719,0.15990566,0.16135556,0.16729404,0.17339987,0.1858697,0.19169217,0.19343726,0.19993971,0.1954337,0.19991949,0.20808199,0.2051946,0.21498932,0.21037416,0.20887469,0.20814984,0.2050319,0.20005155,0.19599864,0.19701025,0.18460532,0.18687382,0.17970432,0.177035,0.17638123,0.1697691,0.15785281,0.14691621,0.13732214,0.12787065,0.12197127,0.11305065,0.11193676,0.1151267,0.11135879,0.10164252,0.09603823,0.085997395,0.078992896,0.078670815,0.077200055,0.076743886,0.07808948,0.08059202,0.08297338,0.07984649,0.078169644,0.077735744,0.079670876,0.08070172,0.08320456,0.08027216,0.07193322,0.069278,0.069652595,0.07087556,0.07025493,0.07005593,0.07477376,0.07858189,0.081641115,0.08859284,0.084059864,0.08352849,0.08280834,0.08262135,0.08792868,0.087381005,0.089621074,0.08662965,0.08386751,0.081002265,0.0781926,0.07338081,0.06705045,0.06915967,0.066378966,0.06560495,0.07036554,0.071585834,0.069035254,0.072918445,0.07040203,0.065996625,0.07289804,0.06771544,0.06874412,0.069439985,0.06342865,0.06324986,0.06984296,0.065569654,0.066211045,0.069721036,0.063709356,0.06810975,0.07080851,0.063180365,0.051649064
0.022615308,0.028069742,0.031429328,0.030449022,0.0313693,0.032060154,0.033167284,0.03319088,0.032500137,0.03359114,0.03406075,0.034868415,0.036368404,0.03490999,0.037013125,0.035905298,0.03876157,0.040868133,0.0431376,0.045515753,0.042233173,0.04168192,0.038096547,0.037138984,0.039335415,0.039970566,0.044177797,0.046097234,0.046717215,0.047059707,0.04404008,0.043210104,0.043223288,0.043725967,0.04566211,0.047872115,0.05155407,0.05194825,0.054768994,0.05642979,0.059055578,0.061195202,0.061149765,0.061261438,0.058624763,0.0584469,0.06347366,0.064380325,0.0657179,0.0695676,0.06725811,0.07182577,0.075963534,0.086382546,0.08744981,0.08904089,0.09469095,0.09006971,0.09534802,0.09820443,0.10184359,0.10983296,0.11415199,0.11798047,0.12355627,0.12311355,0.12897986,0.12941359,0.124968596,0.12894194,0.13468489,0.14476965,0.15563712,0.1648282,0.16829298,0.17271155,0.176778,0.17718104,0.1796559,0.1825035,0.1808869,0.18400167,0.18380976,0.18186317,0.18111075,0.18994325,0.19412872,0.19739425,0.2059642,0.18966144,0.18698595,0.1852465,0.17868033,0.18067679,0.17970158,0.18199688,0.17810237,0.17851457,0.16980049,0.15655845,0.151124,0.1426129,0.1354776,0.12579681,0.11671934,0.1053675,0.10321963,0.10447831,0.09712455,0.09671909,0.0870673,0.0763153,0.072459646,0.06737335,0.0647798,0.062840916,0.06053581,0.05860674,0.05683325,0.058818176,0.060816575,0.06114881,0.06505342,0.065819666,0.06589892,0.07212238,0.06827603,0.06438446,0.064619005,0.059816763,0.064668894,0.06698585,0.066528216,0.06702951,0.065108225,0.06651354,0.07197093,0.07182194,0.072803944,0.0700983,0.07134231,0.072636314,0.074089184,0.08074364,0.074210234,0.07644765,0.080600865,0.08299016,0.08605318,0.084218785,0.07815562,0.0782091,0.07968235,0.07910488,0.08142906,0.07364842,0.0713329,0.07469957,0.06869333,0.06808662,0.06424397,0.05723432,0.0631298,0.06540804,0.06393495,0.06394162,0.06148246,0.057787266,0.061952975,0.067002185,0.06661831,0.060093775,0.049049504
0.01690304,0.022954522,0.02700523,0.027793797,0.026878757,0.025671152,0.026046257,0.025984433,0.027252689,0.028409312,0.028597947,0.03031093,0.030428138,0.03082922,0.029951643,0.029879492,0.031339116,0.031904884,0.03350704,0.033949178,0.032622688,0.034198325,0.037226472,0.039950393,0.041256875,0.03986981,0.03842572,0.039124575,0.040638953,0.042626128,0.044203334,0.04409495,0.045558225,0.046619203,0.04877017,0.049912114,0.049901783,0.05150231,0.048909586,0.04781986,0.046455186,0.046008598,0.04890477,0.048909664,0.053749908,0.054867182,0.05409882,0.05644316,0.05591949,0.05949254,0.06638628,0.069316946,0.07475848,0.079621986,0.08353652,0.08719081,0.0877719,0.08769993,0.0851469,0.0878124,0.08914835,0.09553706,0.104555435,0.10908938,0.10967774,0.11240551,0.114553496,0.1194706,0.12730345,0.13496414,0.1391351,0.14320098,0.1460352,0.14741103,0.1560263,0.16507852,0.17583077,0.18168014,0.17954807,0.17996559,0.17496075,0.17126763,0.17719942,0.18411215,0.19315386,0.19701788,0.19818003,0.19187836,0.1971063,0.20294912,0.20259614,0.20416787,0.19516738,0.19186114,0.19032748,0.18429746,0.18658137,0.17046678,0.16614515,0.15792395,0.14579096,0.15248348,0.14283283,0.14360815,0.13880871,0.128116,0.12192365,0.118811555,0.10589325,0.09966841,0.09534874,0.08196347,0.08334042,0.08838075,0.0842129,0.09020408,0.0876075,0.080594234,0.08136538,0.08058107,0.08682379,0.092316724,0.09870838,0.096180476,0.09277652,0.091944635,0.08797734,0.08477336,0.0868857,0.08748463,0.08529561,0.09377346,0.099379286,0.109294415,0.11302645,0.10804015,0.111238964,0.109284066,0.11233736,0.115237206,0.11243743,0.10853763,0.10736983,0.10220027,0.098294355,0.09063013,0.09259681,0.10119721,0.09557823,0.10405045,0.099990286,0.1062259,0.11009007,0.10768205,0.10536146,0.093054734,0.09456705,0.090144336,0.09549433,0.10282777,0.09753215,0.09775066,0.09794136,0.096781164,0.10335702,0.10425528,0.10324139,0.09521684,0.088147454,0.09182619,0.08601874,0.079162836,0.06982538
0.018224645,0.022603324,0.028538274,0.028501188,0.029690234,0.030280571,0.029141776,0.030043721,0.030700283,0.031007124,0.031047866,0.030947328,0.029653024,0.0306706,0.030787548,0.030046022,0.03018503,0.03173402,0.032965675,0.0354045,0.035821892,0.03654799,0.0374735,0.040319607,0.04468307,0.045157004,0.044927765,0.04382072,0.041678317,0.041140024,0.041122098,0.04248735,0.04504108,0.04677354,0.054450054,0.055836048,0.055631794,0.055358063,0.048786927,0.04921547,0.051528346,0.056177035,0.058240376,0.058082767,0.05870752,0.060744543,0.065709844,0.068485446,0.071051635,0.06956431,0.06814011,0.07235995,0.07708411,0.079672195,0.08567255,0.09347622,0.09260552,0.09660015,0.10257033,0.10176233,0.1112493,0.11555133,0.12602943,0.12446983,0.123789154,0.12780893,0.11586768,0.12793288,0.13224997,0.13448687,0.14575084,0.16161388,0.170575,0.1823927,0.19016886,0.18717565,0.19541219,0.20163104,0.19990423,0.20088087,0.20482238,0.1926504,0.19547628,0.19776754,0.18689696,0.20312107,0.2022114,0.19497044,0.20167267,0.19229701,0.18714765,0.19197904,0.18806918,0.18758272,0.1946731,0.19040439,0.19118038,0.18185252,0.17296782,0.16674092,0.15748271,0.1569176,0.1497369,0.1443213,0.13630886,0.12886703,0.12536274,0.12392823,0.12210192,0.12370432,0.11335369,0.10373172,0.09705636,0.08387189,0.085340805,0.086447306,0.08022821,0.0861452,0.0905173,0.08954143,0.09077095,0.08759403,0.08912472,0.090885706,0.10266982,0.10684424,0.10765477,0.109181,0.10594349,0.10326268,0.11329081,0.116453014,0.11454171,0.11982894,0.11401797,0.111950055,0.111966915,0.11306186,0.11769789,0.11725331,0.11536723,0.11448392,0.107213706,0.111152075,0.10990666,0.116722375,0.117881924,0.11982462,0.12774892,0.117998526,0.12082306,0.11321457,0.10310184,0.10725375,0.10291068,0.1044103,0.11236519,0.107707605,0.10952836,0.111416556,0.104988396,0.11228416,0.10914355,0.10819439,0.10851609,0.09590534,0.09397625,0.090244,0.086842716,0.08775127,0.08380328,0.07393918,0.059275005
0.012654843,0.015803676,0.01826744,0.01728278,0.018861257,0.018374093,0.018779512,0.019523527,0.018780285,0.019557789,0.018334446,0.018872678,0.019585053,0.019376637,0.022103308,0.02229378,0.02286947,0.023019968,0.023239747,0.023880387,0.024305392,0.025103366,0.0247408,0.025774164,0.026440443,0.027808372,0.02934249,0.029507207,0.029906118,0.029518342,0.028365038,0.029364167,0.029686855,0.03233056,0.033865526,0.036598507,0.0381139,0.039918844,0.042986795,0.044427022,0.044771053,0.044450987,0.043665405,0.043017067,0.04445243,0.049924612,0.05106779,0.05889748,0.06167729,0.058851957,0.062766604,0.06669644,0.06777506,0.07451459,0.079241596,0.0814724,0.09385694,0.09895153,0.09807072,0.09734293,0.095299736,0.10221845,0.11484484,0.11927128,0.12783438,0.12793708,0.12880093,0.14374292,0.14759275,0.15981333,0.16237786,0.16501683,0.16967736,0.16448765,0.17084154,0.17756167,0.18352368,0.19109327,0.19590335,0.19915184,0.1917532,0.19216315,0.20051557,0.18902186,0.19083494,0.19830036,0.19581488,0.20888951,0.21529613,0.21186048,0.199073,0.18339899,0.1793949,0.18058346,0.17954622,0.18384503,0.17680581,0.1613575,0.16570257,0.15477078,0.14588505,0.1487806,0.14073038,0.13399473,0.1332334,0.11896688,0.11009519,0.113583826,0.11241814,0.10995426,0.105350204,0.0957864,0.0921221,0.09434849,0.09400854,0.09479796,0.10030266,0.09952929,0.10105482,0.10597677,0.09911081,0.09927912,0.102234714,0.09948587,0.103035256,0.10553949,0.10596579,0.11064512,0.10924711,0.108691394,0.107493125,0.10709779,0.11548117,0.11363102,0.11483911,0.10761225,0.09805185,0.1001674,0.09644842,0.10063949,0.09929074,0.104124546,0.106339894,0.11108447,0.11349077,0.103984155,0.117310226,0.11556822,0.11324993,0.12273668,0.10697314,0.099765174,0.098220505,0.09455114,0.09642046,0.10490247,0.10596946,0.09764399,0.09701867,0.096614175,0.09614263,0.09567434,0.093555905,0.08466959,0.08285473,0.08373082,0.08201622,0.08152545,0.083884254,0.080254935,0.07660138,0.0688407,0.051969923
0.018218562,0.021335794,0.02463963,0.024142599,0.024470929,0.026673311,0.027264094,0.028264564,0.031298425,0.031379085,0.033033077,0.033945132,0.03438056,0.036401723,0.035564296,0.03522198,0.034289565,0.03390076,0.03669661,0.037205476,0.03815197,0.03662245,0.04084765,0.043783043,0.044526275,0.04669572,0.046392906,0.047743928,0.048798528,0.05008168,0.04998541,0.053771492,0.05900114,0.061758533,0.06617576,0.068146855,0.06578587,0.07327755,0.07584296,0.07172495,0.07732578,0.073050156,0.068441875,0.07134265,0.06816399,0.06743381,0.07417506,0.077144034,0.08049565,0.09294432,0.09447336,0.100908644,0.10457935,0.10068826,0.09788374,0.09825748,0.10324886,0.10550958,0.1120269,0.11146086,0.11403911,0.11804727,0.11954858,0.118975356,0.12747492,0.13366282,0.14449903,0.15162046,0.15517789,0.16310014,0.16869764,0.17535385,0.1789923,0.17233463,0.174631,0.18491957,0.18971427,0.20653637,0.20350564,0.20135546,0.20451598,0.19847359,0.20395195,0.20672947,0.20613863,0.20440753,0.20907502,0.19943018,0.18919173,0.19449802,0.1982688,0.20708267,0.2026397,0.19397542,0.18544377,0.18600716,0.18913417,0.18080188,0.17322388,0.15860125,0.15015961,0.15291935,0.14063628,0.13761081,0.13753834,0.12761377,0.12113845,0.1133519,0.10797083,0.10496117,0.10602335,0.09909879,0.09880732,0.10134153,0.10123371,0.10481481,0.09711547,0.09271864,0.08475949,0.08281227,0.0816742,0.083632775,0.09109812,0.086202145,0.086696625,0.08122318,0.07956343,0.085890844,0.091043025,0.10200492,0.10767927,0.1101696,0.114039786,0.11054666,0.11044527,0.11067185,0.107954666,0.10403869,0.095077716,0.0899155,0.09306905,0.09227977,0.09533456,0.10295399,0.10158945,0.109579176,0.10848293,0.10639608,0.11076689,0.10978364,0.11372011,0.11533779,0.10917646,0.12340427,0.11949598,0.11612287,0.11926386,0.10085887,0.114787154,0.11078159,0.1123798,0.110903375,0.09472208,0.093557574,0.08263692,0.08334446,0.084007055,0.08092045,0.07892721,0.069872916,0.06269468,0.054747596,0.043205384
0.016920662,0.020366298,0.024072656,0.024694063,0.025393924,0.025890619,0.026183687,0.025758117,0.028491821,0.029300757,0.029268784,0.031493668,0.02893402,0.028608259,0.027874561,0.026594903,0.028318891,0.0283412,0.03085659,0.033115495,0.03261396,0.03310661,0.034479078,0.03343929,0.035046153,0.03598474,0.036222905,0.03845415,0.03930575,0.041814663,0.04212836,0.0439907,0.045788724,0.048647273,0.05255036,0.052553494,0.052224435,0.050601237,0.049527057,0.051347647,0.055087756,0.0585485,0.059313193,0.058724746,0.05896699,0.06112594,0.06141136,0.0689064,0.069225065,0.06781845,0.06988539,0.06482997,0.06912727,0.07579745,0.079471685,0.0830084,0.089078635,0.08988359,0.09882402,0.10283997,0.10628525,0.116993874,0.12934636,0.13508408,0.13861477,0.14378579,0.13884537,0.14853053,0.15621226,0.15713811,0.16639492,0.17649937,0.18647356,0.1967845,0.19966415,0.20596248,0.2003123,0.1948378,0.20587514,0.19821544,0.2010646,0.21026404,0.20537454,0.20496137,0.2060479,0.20705919,0.21075632,0.21261938,0.20784357,0.20392527,0.19425938,0.19045179,0.19506879,0.18865865,0.18779624,0.18448493,0.17566763,0.17154615,0.16189738,0.15401646,0.14929484,0.13635328,0.12262444,0.11546301,0.10296642,0.10000726,0.10263059,0.09339408,0.09132524,0.08741993,0.082719244,0.08526219,0.088231385,0.088231415,0.08962542,0.089192,0.088657364,0.08671098,0.08224559,0.086976066,0.089779936,0.093157075,0.09498822,0.091124274,0.09171182,0.09449929,0.10423966,0.11352378,0.11680899,0.12582996,0.12727109,0.12311876,0.124570146,0.11518674,0.11301248,0.11786625,0.111121565,0.11614704,0.11112042,0.10818702,0.11150617,0.10796382,0.10534604,0.10031438,0.09987614,0.09762508,0.10834063,0.10478213,0.10434654,0.11124439,0.11177432,0.12011293,0.122985266,0.12536815,0.12412744,0.12666558,0.11883279,0.103992455,0.1031721,0.094723746,0.099588014,0.1061281,0.10452414,0.10769968,0.10821644,0.105537385,0.09875516,0.094101444,0.08752776,0.08922279,0.086665116,0.073840715,0.06354952
0.006994784,0.008556885,0.009466084,0.009899346,0.010217265,0.010684852,0.011464974,0.01182386,0.011318312,0.010869469,0.010400788,0.009614647,0.009915217,0.01013804,0.010697843,0.011409947,0.011840801,0.011836484,0.011535458,0.010999504,0.010544147,0.010482939,0.010681408,0.011068599,0.011533401,0.012135095,0.012756755,0.013232048,0.013143507,0.013428904,0.013738455,0.013295495,0.013549488,0.01312354,0.012603043,0.013664518,0.014317652,0.014696181,0.014504938,0.013751598,0.013290681,0.013260268,0.014003142,0.014337318,0.014351206,0.014941787,0.014748214,0.015945068,0.016510593,0.016594429,0.017214984,0.01684503,0.017505256,0.017767062,0.018030923,0.01819352,0.01850257,0.018851507,0.019160833,0.020084888,0.019820001,0.02001882,0.020460362,0.020898202,0.021752687,0.021796765,0.021507427,0.021344481,0.021334773,0.021813117,0.02265793,0.023780178,0.024964895,0.025443114,0.026437309,0.026198853,0.026750335,0.027709201,0.028592778,0.02952234,0.030427305,0.030277802,0.029839719,0.030311642,0.030315794,0.03239902,0.033439923,0.035390925,0.036074404,0.036582228,0.038145993,0.039193626,0.03986015,0.04212229,0.041700695,0.04332185,0.045828853,0.045490097,0.04587949,0.04501794,0.0435852,0.042963378,0.04529955,0.044939224,0.04497176,0.04407106,0.042538796,0.041596472,0.041208208,0.04083432,0.040598687,0.039809544,0.03969229,0.0397681,0.03782942,0.037692893,0.036380064,0.03754044,0.036981627,0.036930196,0.037147213,0.035470195,0.03546978,0.034408357,0.03247767,0.033039656,0.032424666,0.031706866,0.031872198,0.029220993,0.028056413,0.028609412,0.027208187,0.025866954,0.025186306,0.022424642,0.020701502,0.020472858,0.020748464,0.020242298,0.021322336,0.021572988,0.021476882,0.02142,0.021432536,0.020497967,0.018809171,0.01931816,0.01839854,0.017479,0.017057344,0.015407456,0.014081801,0.014581539,0.014855905,0.015593963,0.015594703,0.015103765,0.014797279,0.013297338,0.01315098,0.012635408,0.012401738,0.013621426,0.013632952,0.014252248,0.01385293,0.012426476,0.012009216,0.011389213,0.011992249,0.010942603,0.009371041
0.007655854,0.009247358,0.010510624,0.01057971,0.010730771,0.011028434,0.012086026,0.01203919,0.012634532,0.012638838,0.012544078,0.01253371,0.011958157,0.01283628,0.012425982,0.012686387,0.012806184,0.012343301,0.012830244,0.012767971,0.013396855,0.013468747,0.013433117,0.01376879,0.013879355,0.014456683,0.014032564,0.014522892,0.01434899,0.013522109,0.014222113,0.014325945,0.014285775,0.014924892,0.015072406,0.015065286,0.015627034,0.016209474,0.015804403,0.015368313,0.015541107,0.015016833,0.01567277,0.0160088,0.01608519,0.016477335,0.017268857,0.01761331,0.0178439,0.018171217,0.0184015,0.018849524,0.020143677,0.020036792,0.019685097,0.019609936,0.01941412,0.020123947,0.020684334,0.021789754,0.021901794,0.022857282,0.023694072,0.024528977,0.025594274,0.025388997,0.026109943,0.025525771,0.02587281,0.026775056,0.026804237,0.028723065,0.029158521,0.030350981,0.030848697,0.030124785,0.03173294,0.033238422,0.03431317,0.03595585,0.035856415,0.036109436,0.036799796,0.038703453,0.03991916,0.040473007,0.04385339,0.044008326,0.045790825,0.048494678,0.04898734,0.051479854,0.05137123,0.05187999,0.052517187,0.053094514,0.054787353,0.055266783,0.05898876,0.060305938,0.06288219,0.061130412,0.058884967,0.059018683,0.055113528,0.05467316,0.054453686,0.049238287,0.04874437,0.049868777,0.04578815,0.046808783,0.04493132,0.042639736,0.04116897,0.039414022,0.041970555,0.04109386,0.042532604,0.043212887,0.04034077,0.040908635,0.038431723,0.03594397,0.03522792,0.03449873,0.034240186,0.033572137,0.031922463,0.029153032,0.028351817,0.028310265,0.02821901,0.028245473,0.027188282,0.027708812,0.027936788,0.02866954,0.028297003,0.027625654,0.026205383,0.024214694,0.024057064,0.02231171,0.031591322,0.03275982,0.062171984,0.07010156,0.06746525,0.06669389,0.04041967,0.023779517,0.019318443,0.018881897,0.01723448,0.016677668,0.015986867,0.014821446,0.014511541,0.013476717,0.012861117,0.013016554,0.01339918,0.013572254,0.013477028,0.013718187,0.013187059,0.012647631,0.012448695,0.011844517,0.011262651,0.010132569,0.008222927
0.006889698,0.009024829,0.010579946,0.010988648,0.011281214,0.01107654,0.011304663,0.011410301,0.011862474,0.012290025,0.012434639,0.012577899,0.012867091,0.01290828,0.012726773,0.012970128,0.013366108,0.013337206,0.014166566,0.014089563,0.013888687,0.014346122,0.013579421,0.013854068,0.014545609,0.014631556,0.015678693,0.015773537,0.014940949,0.015212807,0.015081122,0.01608139,0.016658569,0.016769564,0.016529754,0.015340355,0.015571779,0.015671844,0.015982311,0.018161245,0.018078415,0.018145526,0.01871878,0.01791569,0.018592453,0.019510208,0.020118859,0.020690897,0.021177856,0.02167456,0.021736028,0.02170405,0.022710592,0.022815509,0.023353865,0.024298737,0.024873449,0.026198601,0.027129961,0.027490595,0.027700821,0.027260857,0.027364835,0.028126784,0.027893221,0.028532894,0.029689139,0.02990961,0.031108724,0.030854555,0.030043915,0.030368095,0.032489207,0.032987628,0.034279913,0.036690086,0.037192356,0.039656244,0.0401305,0.04082765,0.040120345,0.043453805,0.04742534,0.04843861,0.04869269,0.049430452,0.051018476,0.053174026,0.058130752,0.059999827,0.060196064,0.059910297,0.058770902,0.05559684,0.05995707,0.06138164,0.059899658,0.060045723,0.055564124,0.05466678,0.054742675,0.05327688,0.05012878,0.046927728,0.04672479,0.047907017,0.048688877,0.050130673,0.049721126,0.051602356,0.05135413,0.048367303,0.048201207,0.04598165,0.043786317,0.043663222,0.040096533,0.037306774,0.036430325,0.035979684,0.037305087,0.037335407,0.035980675,0.034766562,0.034014057,0.03177066,0.031532455,0.03153089,0.029698934,0.030344307,0.029677225,0.028879154,0.028632343,0.026992664,0.02699153,0.026060589,0.025800565,0.025539674,0.0252757,0.024998361,0.02526345,0.024202555,0.023759022,0.022799447,0.020524565,0.02032199,0.019111797,0.020142851,0.020198055,0.019249417,0.018760726,0.017382273,0.016478382,0.016945362,0.01634847,0.015134512,0.015188234,0.014871683,0.014878404,0.015449078,0.015380866,0.015269147,0.015144729,0.014300965,0.013601643,0.013668897,0.013307173,0.012934837,0.013476636,0.012165754,0.012380959,0.011820715,0.009256696
0.008114414,0.010072093,0.01186084,0.011986548,0.012537094,0.012480002,0.012638042,0.013181533,0.013123491,0.013852532,0.014442507,0.014157349,0.014460973,0.014506359,0.014319547,0.014987803,0.014565899,0.014583178,0.014959476,0.015453482,0.016531894,0.016693428,0.01630726,0.015351144,0.015089255,0.015877908,0.017267106,0.01780211,0.018309016,0.01822497,0.017551325,0.017975591,0.017847594,0.01825873,0.019197324,0.020138515,0.021281982,0.020892417,0.020668793,0.020014448,0.01971799,0.02002146,0.020177566,0.022002123,0.022350192,0.023440532,0.024537746,0.024408286,0.024535526,0.02443471,0.023982462,0.02377937,0.023723647,0.023636222,0.024516584,0.026200721,0.027289758,0.02972391,0.02995281,0.029131973,0.029878207,0.028229853,0.030501343,0.03151999,0.032418188,0.03422957,0.034530696,0.035428874,0.035314057,0.035317983,0.036320195,0.03731109,0.038847387,0.039926827,0.03958613,0.040152263,0.042909894,0.04471718,0.047830734,0.050345823,0.05210004,0.05351815,0.054570116,0.060470387,0.06132057,0.065596275,0.06755602,0.06581975,0.068290636,0.068597555,0.074987754,0.079696536,0.080630764,0.08507297,0.08338209,0.07875022,0.08127251,0.077726655,0.080008686,0.08076885,0.076879464,0.075172275,0.06789175,0.06658252,0.06566528,0.06634135,0.06681327,0.06709141,0.06616428,0.06384835,0.061187215,0.058978945,0.056807425,0.055190936,0.052195244,0.048732452,0.045602947,0.04053434,0.040068977,0.040720195,0.041166577,0.04234839,0.042189144,0.039420716,0.03773747,0.035589155,0.038388476,0.03834079,0.03883246,0.038217258,0.03511702,0.03420591,0.03222531,0.03293862,0.030308945,0.029233618,0.030664554,0.029482288,0.02973132,0.030070238,0.028600724,0.027535647,0.028376602,0.027589014,0.026561152,0.026297005,0.023931852,0.022942606,0.022809964,0.021776373,0.022550775,0.02374302,0.023078552,0.022909036,0.022726018,0.022293773,0.021982683,0.021631913,0.019690482,0.018913848,0.017433826,0.016751563,0.016364977,0.015368412,0.015901463,0.016215123,0.016394915,0.016410315,0.016094271,0.01565429,0.015597786,0.013486804,0.011193317
0.009922425,0.011657962,0.013866966,0.013965671,0.013741694,0.013808316,0.013400371,0.013102993,0.01340496,0.013397888,0.013239692,0.013488129,0.013298716,0.014102744,0.014363064,0.014596501,0.014938101,0.014618424,0.014668357,0.015788794,0.015780909,0.016894683,0.017119396,0.01662528,0.016710918,0.01649861,0.016726978,0.016446017,0.016250802,0.015365116,0.01582129,0.016722528,0.01718362,0.017792534,0.017495964,0.017259749,0.018278489,0.018806485,0.019763783,0.020459857,0.020463545,0.019733455,0.01998369,0.020218125,0.020203492,0.021697944,0.021732764,0.022528732,0.023225438,0.023495339,0.024210911,0.024379916,0.023952635,0.024294566,0.024239693,0.023810642,0.024630725,0.025595224,0.025400674,0.02562966,0.027253201,0.02753666,0.029326973,0.030970642,0.029968735,0.032594647,0.03216848,0.03417373,0.037355676,0.037543908,0.039451487,0.039766822,0.03890927,0.037985265,0.038470343,0.039385565,0.041549478,0.04516307,0.04638496,0.046498038,0.047185536,0.04641053,0.04906304,0.05311119,0.055855677,0.05717431,0.05791767,0.063204594,0.064260006,0.06854521,0.071013846,0.070241064,0.07210356,0.07072626,0.07110932,0.07028777,0.07695703,0.07960282,0.08039576,0.079870336,0.072574385,0.07144417,0.07025006,0.07393789,0.075119,0.07433302,0.077956446,0.07387938,0.070054434,0.0665619,0.058923174,0.053258013,0.05272154,0.05064033,0.04834389,0.05009669,0.050395716,0.05140047,0.05159488,0.049472958,0.04607989,0.04356261,0.044130333,0.04162949,0.039235685,0.037277028,0.031315684,0.03213789,0.033871893,0.034031708,0.03472607,0.033987034,0.03422628,0.033583157,0.031898804,0.032789715,0.02920035,0.027944319,0.028275635,0.02459441,0.024965702,0.024833772,0.02420248,0.026935305,0.026492842,0.026254548,0.026425287,0.02375269,0.022435833,0.0224042,0.022558108,0.021863809,0.023339551,0.021954274,0.021288594,0.02221745,0.020721333,0.021105003,0.019236675,0.018051922,0.017733112,0.018146088,0.018538225,0.017801477,0.01791509,0.017533021,0.016403142,0.016900826,0.016534988,0.016430272,0.017342266,0.015309579,0.013348341
0.007723126,0.009690997,0.011295762,0.01181679,0.011965529,0.01227534,0.012389082,0.012330025,0.012542821,0.01253937,0.012416859,0.013020587,0.013257731,0.012904618,0.01369346,0.013271727,0.012830052,0.013495932,0.013926287,0.014643929,0.014815405,0.014949888,0.014714801,0.014731468,0.015334583,0.015174568,0.0146057,0.014500383,0.014928704,0.015285601,0.016584452,0.017938849,0.017907636,0.017829714,0.01777991,0.01681376,0.017182656,0.018215047,0.018479666,0.018799676,0.019012343,0.019252777,0.020155817,0.020547358,0.021774516,0.022445608,0.022413863,0.023516761,0.023650829,0.023328815,0.023772553,0.023942754,0.023901584,0.025698738,0.026960317,0.028048435,0.027761312,0.02753281,0.02789756,0.029242612,0.03021694,0.03154659,0.03441062,0.034479793,0.038583413,0.040558606,0.03921287,0.039965928,0.040339787,0.04143639,0.043239404,0.043967377,0.043042965,0.044176325,0.045411523,0.04734921,0.050491944,0.04989817,0.051584676,0.05336992,0.05862654,0.061806142,0.06308852,0.06721601,0.06768082,0.072005674,0.07967076,0.08252826,0.08224578,0.08505069,0.08346336,0.087316364,0.09317777,0.09765588,0.09940218,0.09971655,0.10282155,0.09994971,0.097274795,0.09137332,0.085431464,0.08295916,0.081814006,0.085586056,0.08570174,0.08901167,0.088634804,0.08224963,0.077198856,0.07140683,0.06886242,0.06879476,0.065969355,0.05934845,0.057816,0.05482034,0.052922178,0.05390455,0.05150498,0.049017917,0.047539353,0.042975124,0.039843034,0.04077551,0.03934444,0.037586555,0.038932797,0.039115436,0.03883735,0.03690743,0.03472985,0.032212865,0.029782075,0.02921117,0.028761527,0.02642486,0.02562318,0.025705777,0.023629783,0.022817632,0.021439355,0.019816456,0.019134104,0.018798135,0.019960092,0.021247135,0.020520775,0.020891057,0.019846335,0.018565577,0.019802457,0.019653423,0.018931963,0.018752852,0.017681843,0.016624916,0.017123688,0.01766319,0.016330408,0.016853381,0.016390832,0.01499316,0.015989255,0.015297291,0.015406507,0.01573056,0.014649341,0.01400659,0.012920069,0.012636625,0.012538338,0.011338441,0.009672901
0.00759926,0.00932996,0.010914749,0.011351693,0.011805157,0.011765678,0.012191358,0.012002694,0.011981331,0.012467536,0.012226198,0.012816275,0.01266545,0.012198442,0.012618715,0.013065643,0.013398512,0.01442788,0.015012668,0.01457167,0.015089824,0.015407677,0.015478068,0.015976293,0.015714647,0.014996604,0.015473403,0.016002592,0.0168003,0.017865568,0.018177219,0.018780127,0.019743344,0.019918831,0.019981347,0.019272123,0.018253744,0.018549228,0.018635415,0.019643186,0.020439636,0.02135416,0.022502298,0.022416726,0.022173803,0.022399677,0.022749348,0.024295934,0.025285343,0.02554893,0.026033292,0.02597232,0.026873035,0.02803215,0.02802621,0.027030906,0.026839582,0.025800992,0.026720481,0.028154789,0.02907229,0.030663764,0.031222599,0.03258425,0.033742342,0.034908872,0.037381217,0.038286634,0.038759742,0.040032633,0.039931417,0.040476773,0.042684965,0.043124143,0.044333603,0.049703695,0.051008265,0.05405967,0.056898683,0.05428962,0.05527018,0.058904745,0.05976884,0.066970535,0.07308402,0.076958485,0.07998443,0.078964874,0.07822249,0.07305447,0.0809062,0.08376969,0.091610946,0.100492515,0.09801384,0.101953536,0.09855344,0.096437864,0.096705586,0.09585518,0.094577,0.091896765,0.08737536,0.083118856,0.08282324,0.086126894,0.08886489,0.08453121,0.07848603,0.068858124,0.05905056,0.059038218,0.060233258,0.0612401,0.06287923,0.06366112,0.060285002,0.057499316,0.05605495,0.049977176,0.051322892,0.051110283,0.050220065,0.050673284,0.046823584,0.04355579,0.04061632,0.042682048,0.042026173,0.041091967,0.040827397,0.03634925,0.035550207,0.03505969,0.034637928,0.032825433,0.032981474,0.031089,0.0294199,0.029780263,0.026397651,0.027476322,0.027771002,0.026631493,0.026531743,0.023622902,0.023098588,0.023208095,0.023552874,0.024997702,0.025673272,0.025840871,0.02581993,0.024293913,0.023027929,0.022490727,0.022953399,0.022936936,0.022131085,0.021216813,0.019747833,0.019798534,0.019309487,0.019173443,0.019393934,0.020845786,0.021643434,0.022807708,0.021949362,0.019465512,0.018023435,0.014105048,0.011591068
0.010645841,0.012129277,0.014146945,0.014124042,0.013984053,0.014751279,0.014704205,0.01467355,0.014964476,0.016132593,0.016722934,0.017937927,0.018130371,0.017087486,0.017566685,0.01699623,0.016782776,0.016844714,0.015758498,0.015784133,0.017132994,0.017680356,0.018995687,0.019650336,0.018195853,0.018319951,0.017505534,0.016871642,0.017129172,0.017571507,0.0180985,0.019637626,0.020975482,0.021422656,0.022743288,0.022413664,0.022342162,0.022712488,0.022943111,0.023437798,0.023535691,0.02455596,0.025677003,0.025598263,0.026520006,0.026565598,0.025654675,0.026800182,0.027244149,0.027225493,0.027781432,0.026936427,0.027991785,0.028692074,0.030864997,0.033059675,0.034130283,0.036099426,0.036238253,0.03755677,0.038457543,0.03935725,0.040141854,0.041811634,0.04158422,0.04167492,0.04417522,0.045011394,0.04783846,0.050546404,0.052074887,0.052019037,0.05272394,0.054446366,0.05634044,0.062041197,0.06403527,0.06402158,0.066618405,0.066660285,0.067523666,0.07242819,0.07433069,0.08207755,0.08511059,0.08628549,0.08958775,0.0875736,0.09397921,0.10316584,0.10582213,0.10831305,0.10654586,0.101087414,0.10355088,0.10445427,0.10784006,0.11141712,0.11229782,0.11042127,0.10611301,0.10131916,0.09498827,0.090937,0.08888943,0.08497013,0.08187922,0.080475904,0.07949763,0.080381975,0.07831083,0.076016895,0.07207926,0.066710174,0.061867036,0.05818649,0.055452775,0.055171557,0.055071183,0.054860234,0.053900734,0.0492029,0.04676916,0.04375969,0.041398402,0.04096147,0.039369684,0.038501956,0.038515836,0.036939282,0.035293136,0.035951752,0.034009557,0.035413995,0.036494114,0.0371328,0.03808273,0.0350514,0.03278442,0.02931328,0.025527284,0.026753427,0.027331788,0.027830811,0.027093237,0.025108794,0.024044229,0.022336824,0.023050562,0.023813188,0.023737654,0.024981193,0.025744032,0.024349283,0.023919387,0.022871833,0.021669788,0.021689592,0.021024307,0.020560171,0.022183163,0.022041278,0.02142042,0.02213452,0.020068578,0.020486102,0.022576798,0.020370053,0.019710433,0.019430691,0.017763002,0.017367074,0.014545776
0.010432409,0.01296412,0.0149564,0.015374825,0.014902277,0.014602042,0.014680827,0.014331983,0.015320285,0.01591083,0.01630186,0.016942259,0.017205242,0.017837245,0.017769681,0.017642269,0.017443562,0.016834235,0.017074538,0.017400889,0.017161725,0.017500786,0.017808644,0.018230721,0.018752422,0.018987907,0.019346822,0.019359095,0.019516097,0.020230265,0.020378252,0.020513307,0.021019448,0.020340972,0.020490905,0.021039674,0.021348786,0.021947011,0.023595281,0.023826547,0.02476819,0.027093867,0.026933834,0.027695514,0.027335063,0.02555353,0.026543954,0.027222384,0.028037988,0.029101335,0.029034698,0.029589528,0.030685525,0.031364515,0.033204682,0.032240823,0.033527166,0.034216624,0.03366499,0.036317904,0.036588356,0.03790488,0.040272973,0.041365676,0.043017726,0.047318935,0.04787943,0.048438188,0.049447782,0.04806883,0.048836425,0.049750365,0.049466006,0.04990998,0.049832214,0.05203671,0.05473356,0.06286396,0.06978313,0.07278321,0.0768022,0.07487576,0.07485424,0.07898408,0.08232049,0.08455161,0.08811793,0.088763624,0.08698638,0.08777329,0.088258155,0.09811217,0.108860195,0.11711962,0.12493566,0.12301122,0.11855123,0.11730427,0.10765073,0.100542344,0.101943724,0.10496521,0.109464616,0.11764717,0.11433281,0.10322775,0.09467946,0.08216332,0.07562096,0.075136185,0.07619104,0.07301463,0.07081135,0.06720404,0.064982355,0.06345027,0.06286555,0.058465958,0.055329543,0.051984068,0.04730025,0.046978194,0.042867877,0.041447036,0.039566398,0.03661836,0.03466412,0.032733712,0.03175894,0.031307753,0.032959495,0.033733662,0.03238163,0.030356422,0.027552033,0.026109105,0.02695111,0.028641883,0.028746177,0.026843704,0.025457492,0.024350978,0.0238391,0.024683936,0.026180655,0.025186963,0.024770744,0.024677433,0.023385577,0.023723653,0.024043612,0.023002643,0.021405715,0.01968212,0.017723281,0.01687863,0.017222688,0.018209342,0.018977556,0.018347109,0.018172942,0.017080905,0.016778287,0.017962342,0.01799181,0.017858382,0.017998304,0.0175764,0.017111652,0.017389191,0.0166603,0.014813581,0.012358788
0.006230194,0.007597712,0.008834541,0.009417309,0.009577104,0.009670493,0.009606684,0.009300337,0.009277101,0.009415655,0.009634106,0.010509615,0.011519042,0.011657975,0.011906037,0.012309274,0.012578021,0.01362117,0.014353636,0.014534047,0.014361094,0.014291561,0.014110659,0.013955266,0.01448944,0.014478604,0.016141651,0.016635202,0.017250823,0.018519808,0.018316487,0.018831266,0.019554108,0.020362101,0.02104651,0.02146613,0.021635061,0.023055345,0.023040494,0.023700416,0.024385396,0.022993319,0.024604676,0.026664319,0.028001472,0.028947292,0.029221702,0.027710227,0.026636578,0.025703939,0.025584286,0.027231412,0.02932389,0.03248694,0.033999357,0.034491643,0.034138527,0.033815954,0.034131292,0.0359004,0.03634583,0.03810489,0.038546916,0.03936634,0.04071142,0.040400747,0.043633927,0.0484498,0.050557874,0.051200517,0.05665173,0.053857528,0.054743335,0.061487272,0.06136249,0.065933034,0.07105058,0.07439571,0.0739225,0.07801296,0.079190984,0.080378525,0.08668611,0.09524865,0.10006491,0.10777439,0.11499618,0.111881725,0.11179281,0.116774514,0.11818017,0.11880427,0.11972466,0.11901063,0.12173043,0.12085047,0.124789424,0.12349648,0.11795841,0.1225106,0.12212795,0.1197728,0.11687133,0.11386808,0.11131549,0.108252935,0.104299806,0.09961685,0.09361015,0.08753765,0.08440737,0.080884576,0.074366584,0.06717382,0.06454199,0.05918136,0.057102427,0.05449596,0.055329766,0.05364332,0.05245299,0.052088417,0.044500437,0.043685142,0.043011006,0.040468022,0.037874687,0.03492677,0.03109527,0.03089557,0.032089755,0.032662727,0.03477643,0.03433244,0.03275985,0.030262105,0.029059589,0.028248334,0.028481074,0.028252635,0.027092965,0.02674277,0.025800616,0.024727209,0.02469147,0.023283226,0.022964098,0.021516576,0.02000072,0.02054268,0.019762415,0.022075964,0.02125511,0.020751074,0.020903071,0.018850703,0.019600004,0.018918568,0.020055862,0.020215897,0.019368488,0.018838009,0.01713205,0.017077735,0.016679825,0.01692239,0.016536381,0.016122296,0.016146991,0.01568471,0.015752269,0.013570996,0.010775563
0.009393132,0.012072655,0.014280331,0.014921308,0.015492706,0.015808519,0.016045405,0.016127838,0.01601726,0.015704945,0.016434696,0.016772905,0.016904514,0.017536066,0.017268347,0.018101411,0.018964676,0.019260017,0.019538509,0.01941164,0.01932134,0.019489305,0.019922115,0.02063039,0.021036215,0.021382306,0.021223284,0.021972926,0.021059362,0.021440806,0.022765538,0.022179853,0.02305704,0.02276667,0.022320041,0.022973636,0.024754586,0.026407212,0.027700039,0.02813956,0.02798824,0.028107675,0.02876956,0.028795192,0.02964214,0.03034371,0.029821694,0.031749267,0.03261662,0.03232712,0.033326313,0.03504508,0.035414156,0.038228143,0.039137326,0.038575687,0.041377675,0.04067753,0.042260766,0.043704852,0.044530615,0.049448844,0.050264213,0.051725045,0.05200604,0.049356222,0.051877785,0.057327073,0.0621885,0.06421495,0.06542173,0.063983165,0.06378027,0.07203711,0.07623198,0.07890587,0.08121918,0.07813034,0.08502534,0.08705909,0.09559341,0.09903783,0.101683125,0.11316541,0.11210005,0.11798401,0.117368385,0.11237907,0.124879174,0.13023058,0.13528842,0.14419714,0.13539366,0.13476521,0.13067764,0.13038868,0.13409987,0.13092194,0.14214277,0.13543844,0.12841795,0.12986383,0.112359256,0.10610519,0.10590281,0.09347042,0.09198155,0.090829626,0.08442876,0.08141784,0.07664368,0.07068269,0.06783495,0.06512063,0.06470756,0.061395083,0.058115143,0.055901527,0.04925768,0.045990847,0.045859113,0.043541495,0.042458683,0.040488835,0.03801595,0.03664442,0.03668427,0.03561421,0.034043256,0.034305785,0.033318657,0.03351267,0.034484178,0.033290233,0.03326868,0.032090217,0.030488681,0.029428564,0.028399128,0.027302634,0.026675304,0.025911681,0.024686527,0.026911952,0.026270451,0.026073473,0.026186258,0.024137655,0.023871753,0.024333358,0.024637338,0.023734123,0.023794066,0.02337345,0.021943908,0.021401724,0.020991296,0.0213755,0.021925742,0.022622047,0.022369731,0.022021884,0.023206962,0.022183988,0.021955945,0.021854285,0.021884877,0.023471555,0.022906842,0.0231024,0.021006733,0.017746687,0.015331011
0.009836895,0.012006968,0.013951265,0.01486456,0.014507318,0.014353141,0.014740559,0.014968525,0.016539149,0.016980385,0.01735652,0.01742535,0.017527765,0.017656786,0.017511683,0.017558664,0.017838743,0.018117227,0.018660966,0.018879918,0.018654464,0.018960902,0.01924548,0.019081691,0.019575402,0.020692674,0.020299416,0.02154214,0.0221769,0.022648634,0.02364098,0.023915298,0.023957763,0.024865663,0.025595153,0.026082953,0.025876436,0.026216736,0.026695691,0.027044212,0.02951169,0.029645173,0.03132331,0.031892013,0.032172848,0.033507958,0.03324163,0.03418352,0.03403038,0.034064796,0.035227243,0.037391108,0.038498227,0.040233664,0.040390644,0.040035337,0.040847056,0.040756315,0.045810007,0.046765853,0.047318224,0.05019965,0.048329573,0.051652264,0.05485431,0.05593373,0.059039053,0.058336493,0.060353633,0.067486815,0.07031513,0.076864764,0.078761816,0.0772381,0.078452274,0.07928275,0.082112,0.08591522,0.093983546,0.10242382,0.106671184,0.11563087,0.11832346,0.12007015,0.12677422,0.12605487,0.13162544,0.13818227,0.14354806,0.1461364,0.1459213,0.14752474,0.14312114,0.14063013,0.14380118,0.14402586,0.14254953,0.14801992,0.1442522,0.13385303,0.13443945,0.12842764,0.11800013,0.11456226,0.1059979,0.09396049,0.087978944,0.08174415,0.0761277,0.078576386,0.07851161,0.077447936,0.072868675,0.06523542,0.063769266,0.057375856,0.056226175,0.053792823,0.04980254,0.051491357,0.048274558,0.046131074,0.04627509,0.04397176,0.04313823,0.041485485,0.038898367,0.036455505,0.036079675,0.03643259,0.037181742,0.03677393,0.03651325,0.034404475,0.03094302,0.029501991,0.029914094,0.03176674,0.031769436,0.031391744,0.028319143,0.026117409,0.025940359,0.026300788,0.026774872,0.025835872,0.02524863,0.023764204,0.023243124,0.023346663,0.02555801,0.025361225,0.024831822,0.024756253,0.021273598,0.021762302,0.021346252,0.020698657,0.02070861,0.019624917,0.020660648,0.020639466,0.020524453,0.021407774,0.020172212,0.019670885,0.019682007,0.01975261,0.019798331,0.019478396,0.020295458,0.017784916,0.015248011
0.011052989,0.013921957,0.016071882,0.016559197,0.016569579,0.016556116,0.016523065,0.016778275,0.016871786,0.016568635,0.017308593,0.01901607,0.019429816,0.021235108,0.022588734,0.021840801,0.022930577,0.021741336,0.021153295,0.021327395,0.022297168,0.022941208,0.024266472,0.024455728,0.022680975,0.023338407,0.023142377,0.02329897,0.024824556,0.02585818,0.024862854,0.0258256,0.026586896,0.025734318,0.026807362,0.027420985,0.02680408,0.02788142,0.029871933,0.030320944,0.0316516,0.031831507,0.03288875,0.033809382,0.036030058,0.037741415,0.036524214,0.038738947,0.03719275,0.03848087,0.04094862,0.04006852,0.04025711,0.039511256,0.03980706,0.041344322,0.043461166,0.048019487,0.04833827,0.05013541,0.053512666,0.052291844,0.052758764,0.05161612,0.055156752,0.056769818,0.060871385,0.06384319,0.064485155,0.06781918,0.07143548,0.07580471,0.07764287,0.080969356,0.08724252,0.09062725,0.09988801,0.10361357,0.104718246,0.10787451,0.11036149,0.11870014,0.12055117,0.12970862,0.13183157,0.1400403,0.1460367,0.15333974,0.15285452,0.15068874,0.15386932,0.1503465,0.15629554,0.14951254,0.15609398,0.15959832,0.15846638,0.16066547,0.15275419,0.14914863,0.14739636,0.14411306,0.13270801,0.11744007,0.10945332,0.11007242,0.10993943,0.11217369,0.10634484,0.093845494,0.08935662,0.083063066,0.07481782,0.072496824,0.07474597,0.0654694,0.06527981,0.06511218,0.057969827,0.062462874,0.06451619,0.063005015,0.060281187,0.056602694,0.05629137,0.054039247,0.052276473,0.052009583,0.04743873,0.048759364,0.04993058,0.04768049,0.046323452,0.0424345,0.04101973,0.039762318,0.03861885,0.038349602,0.036142353,0.03595189,0.03795007,0.038158994,0.038202573,0.039049637,0.037043914,0.0348978,0.03425875,0.034336254,0.032181673,0.032126293,0.031948358,0.029195728,0.029181993,0.029145805,0.027751531,0.027324378,0.02633968,0.026723407,0.027226076,0.027901132,0.026589612,0.025127336,0.024490876,0.022281297,0.023786018,0.025437512,0.025608458,0.025366232,0.024141546,0.023808718,0.023985663,0.02151533,0.0186095
0.012266465,0.015198384,0.017387599,0.017433658,0.017607339,0.018218596,0.020012628,0.020875592,0.021407604,0.0214843,0.020538582,0.020174406,0.020066937,0.01929085,0.01846475,0.018466387,0.01882127,0.019987226,0.021493776,0.02197511,0.022563897,0.022390684,0.022495652,0.022242907,0.023459315,0.024186078,0.024645291,0.025561718,0.025339127,0.0259263,0.02782849,0.029424218,0.031381983,0.03271568,0.031672895,0.032500654,0.031540588,0.03422468,0.035431787,0.034213074,0.034710035,0.032345943,0.032650433,0.034424942,0.03401163,0.034479428,0.03655438,0.036569376,0.03821495,0.040533647,0.04158666,0.04359097,0.04511623,0.046150394,0.046254974,0.048596393,0.049500775,0.052068602,0.053801462,0.056192633,0.060681835,0.06266192,0.06397643,0.064292066,0.068521656,0.06846925,0.07052164,0.072002456,0.07360679,0.075142235,0.077092215,0.083511494,0.082735285,0.084623285,0.098595746,0.10055786,0.105588846,0.1107194,0.11082567,0.11463568,0.11985121,0.1278304,0.133277,0.13910393,0.14625208,0.15158409,0.15814495,0.16011883,0.16340278,0.16398896,0.1602835,0.16781174,0.16687332,0.16992971,0.17209615,0.16457032,0.16369271,0.16163236,0.14917375,0.14713182,0.1403022,0.12600268,0.13021511,0.12590927,0.11710798,0.11362929,0.104701616,0.101561196,0.10283602,0.10124253,0.10161724,0.092922576,0.08505396,0.08650006,0.08017556,0.07803794,0.07747972,0.0674838,0.062320177,0.057252854,0.05402302,0.05744375,0.058517773,0.057455372,0.05568024,0.051806156,0.05004291,0.049182042,0.04875839,0.046321996,0.04574807,0.04839367,0.045912452,0.04625342,0.046973977,0.045660753,0.045420177,0.043644227,0.04015522,0.036451723,0.037096526,0.0369304,0.036488928,0.035740826,0.03356549,0.03290505,0.03396323,0.034872588,0.034768727,0.0341167,0.034479715,0.03344637,0.034453634,0.034415264,0.031219125,0.030311972,0.02762171,0.028189752,0.027710782,0.027917344,0.031317934,0.03092248,0.032250073,0.033167455,0.029179687,0.02808962,0.025565796,0.02324619,0.025142174,0.02468272,0.025064763,0.022307528,0.017142102
0.012464009,0.016017525,0.018198702,0.018511524,0.01794797,0.017594185,0.018170722,0.019177182,0.019723317,0.019297069,0.01902789,0.018199036,0.017927414,0.019034334,0.019495893,0.019209096,0.019470045,0.019611672,0.019727746,0.020902392,0.021301176,0.02181166,0.022562224,0.022485448,0.023021601,0.023648312,0.023864722,0.02473482,0.02556363,0.024579221,0.024609448,0.025045484,0.025900856,0.027539006,0.029927356,0.030167717,0.029873902,0.03080668,0.029875148,0.030490281,0.03215051,0.03176388,0.03239862,0.033210192,0.033178233,0.035001144,0.035400756,0.035066206,0.037030514,0.03731763,0.03848206,0.039922196,0.03892864,0.03944788,0.041064445,0.04409873,0.047935586,0.04996873,0.052672755,0.052958556,0.053580455,0.055989996,0.055647768,0.056643926,0.05851083,0.058579315,0.060610134,0.06386546,0.06505081,0.06874422,0.069351114,0.07084202,0.07196221,0.071984515,0.078120306,0.07862192,0.084987655,0.09019891,0.096078664,0.10108446,0.1075844,0.11621751,0.12143359,0.1280167,0.1327157,0.13460495,0.14063029,0.15468964,0.15605676,0.16226594,0.15977055,0.15403566,0.16244137,0.16265438,0.1650048,0.15938777,0.15512325,0.14981619,0.14399745,0.13761546,0.1333272,0.12747405,0.12344496,0.12176156,0.107388616,0.10112208,0.092521496,0.09196451,0.08764455,0.08020886,0.081820525,0.075398795,0.07475675,0.08639929,0.083070464,0.082397126,0.08125366,0.06818696,0.06370849,0.066610515,0.06324993,0.059937086,0.059074588,0.049276385,0.04684126,0.046036553,0.04479983,0.04380223,0.045293603,0.042965867,0.04348848,0.043154925,0.041030653,0.040567145,0.041520912,0.041284364,0.040936843,0.040453866,0.036552474,0.036314093,0.034011226,0.036469918,0.036487967,0.03545262,0.034439497,0.031203121,0.031588133,0.030641086,0.031837508,0.032611374,0.032475207,0.03352462,0.035021976,0.03569305,0.03468263,0.03468744,0.033440948,0.032672863,0.032856148,0.031835582,0.030618489,0.029775608,0.0295303,0.029886916,0.029843746,0.028621357,0.026947832,0.024759334,0.024046015,0.024553806,0.024528805,0.022355422,0.018356873
0.012220638,0.015290784,0.017604781,0.018176261,0.018129708,0.0183923,0.017990217,0.017299319,0.017299175,0.016593933,0.016812723,0.017880987,0.017238135,0.018368926,0.019405533,0.0199311,0.021216026,0.020979838,0.021222873,0.020865595,0.020302575,0.02045222,0.020694934,0.0214296,0.021684721,0.023628011,0.02399979,0.025182787,0.026317468,0.026680654,0.026334919,0.027496694,0.027034367,0.025211943,0.029385809,0.028668495,0.030149411,0.032482017,0.029605594,0.031634085,0.03261093,0.03368864,0.037590545,0.038767446,0.037581403,0.040711086,0.039256394,0.039375454,0.041501272,0.03980276,0.04392387,0.04403927,0.0457049,0.04555689,0.04314338,0.04369481,0.042591415,0.046668712,0.048093393,0.05251806,0.056916937,0.057724994,0.059668984,0.06533711,0.0626192,0.06649397,0.06835827,0.07188205,0.07947892,0.081408426,0.08582345,0.08830615,0.089074075,0.09658232,0.10209075,0.104744844,0.10803125,0.107708804,0.11198833,0.108552955,0.11004423,0.116540946,0.1151828,0.13322899,0.14040653,0.14932089,0.15419486,0.15852952,0.16311008,0.16669677,0.18464023,0.17968854,0.18049872,0.1723986,0.16042267,0.15674032,0.1532568,0.15476595,0.14824434,0.14988364,0.14644794,0.14040506,0.130318,0.11836906,0.11150891,0.10164531,0.0976918,0.09159336,0.08426976,0.08207301,0.08153419,0.078225315,0.07330728,0.07354849,0.065551154,0.06384268,0.06444472,0.056538995,0.056414723,0.054198135,0.05040715,0.046803225,0.046865843,0.045813043,0.044874363,0.044036098,0.03957155,0.038687192,0.03511294,0.03503798,0.035112735,0.0325914,0.032324582,0.030643776,0.028742664,0.030594546,0.031273935,0.031410005,0.033841636,0.032672018,0.034602385,0.03501588,0.033432797,0.033356894,0.031678498,0.031614967,0.031453606,0.030792285,0.03008853,0.028957749,0.029659213,0.028147034,0.026546413,0.027670937,0.02543548,0.026037678,0.02595899,0.024200853,0.025590481,0.02441203,0.025236702,0.024372695,0.0234589,0.023559656,0.022680225,0.023240464,0.023535546,0.023059396,0.023012208,0.023003403,0.022288652,0.020107554,0.016411988
0.01376393,0.017789932,0.020652713,0.021105168,0.02062476,0.019405162,0.018240452,0.017498193,0.01842723,0.01880424,0.019348098,0.02007421,0.020756362,0.020673018,0.02300637,0.023329323,0.023489831,0.024936307,0.023582106,0.02528007,0.025463952,0.025855798,0.028581072,0.027246619,0.026809106,0.027587274,0.025912391,0.026504649,0.02824977,0.028580157,0.029513175,0.029487198,0.030827748,0.030332232,0.029860867,0.032041963,0.030961748,0.031767536,0.03279376,0.03162428,0.03195553,0.032655716,0.03445644,0.035315245,0.03697754,0.038286317,0.03792863,0.040651504,0.04281834,0.04241209,0.04229052,0.04086135,0.040357463,0.040906712,0.04284548,0.044804998,0.044522956,0.04545263,0.04883296,0.050476864,0.051993765,0.056129016,0.056813743,0.059440844,0.0608559,0.06442515,0.0684092,0.06977488,0.07285496,0.070999764,0.072808914,0.07638715,0.0853025,0.09204831,0.09678463,0.10312555,0.10340573,0.10477127,0.103541166,0.1060014,0.1138523,0.12501559,0.1347131,0.14434429,0.15121058,0.15732193,0.16470015,0.16560474,0.16879414,0.169476,0.16900975,0.1771359,0.16798523,0.1649836,0.16507512,0.1567487,0.1646571,0.15876856,0.15424187,0.15062717,0.13772666,0.13686138,0.12670422,0.11912957,0.114990346,0.1058048,0.1003615,0.095004864,0.09315484,0.089222595,0.087964125,0.07773163,0.073004454,0.067548364,0.06233491,0.061099138,0.0574908,0.056035884,0.05647623,0.055950314,0.054626625,0.055306904,0.05080635,0.04923486,0.047440823,0.046942674,0.047334976,0.045354936,0.043973476,0.04310156,0.040020242,0.04278547,0.04484658,0.045447256,0.047323618,0.047172982,0.044964943,0.044541307,0.04325061,0.041200727,0.040924955,0.039305877,0.03878359,0.03788385,0.03937791,0.03772507,0.037154682,0.036658987,0.034181576,0.033226684,0.03265396,0.032383777,0.03283954,0.0347143,0.033144712,0.031313542,0.030114077,0.027119724,0.027166504,0.027303627,0.027987523,0.029058801,0.029905444,0.029334472,0.028625494,0.026893348,0.025779173,0.026460866,0.026227212,0.026024992,0.025673566,0.021990094,0.017473888
0.014390252,0.016924871,0.019697353,0.019303499,0.01803284,0.019481538,0.019293934,0.020286733,0.020430619,0.018676877,0.019445708,0.019576622,0.021272661,0.021801284,0.021928858,0.022964492,0.021993648,0.022890681,0.022643829,0.022463901,0.022620529,0.023130225,0.02341184,0.023656188,0.024514278,0.025036022,0.025107453,0.025788385,0.0268423,0.027413076,0.02847597,0.028778348,0.029178575,0.02963423,0.031087048,0.032474678,0.03276198,0.03344737,0.033353496,0.032926906,0.03443619,0.034678236,0.034915574,0.035377577,0.035609618,0.035921067,0.03674691,0.038566664,0.040917013,0.04384782,0.045224547,0.045915343,0.04477631,0.045046736,0.047979955,0.051271126,0.05286347,0.055202898,0.056518625,0.058259416,0.06084398,0.06459977,0.06958883,0.071119644,0.077280074,0.07667569,0.07858317,0.08229284,0.08272961,0.089481175,0.09269345,0.09528723,0.1000495,0.10462613,0.10665618,0.11308693,0.12117391,0.12424668,0.12848042,0.13164905,0.13268837,0.1336506,0.13799612,0.14303665,0.14512022,0.1586189,0.17147042,0.18317296,0.19766718,0.20238027,0.19484879,0.1791217,0.17001896,0.16098443,0.16303337,0.17296356,0.16860032,0.16174176,0.148478,0.14021637,0.13047822,0.12584212,0.12216218,0.110481195,0.10606292,0.10106815,0.10015269,0.09667074,0.089742415,0.083550856,0.08778321,0.08345444,0.0815125,0.078825,0.070467636,0.07016883,0.0685661,0.069436744,0.06638708,0.065761924,0.064771354,0.0583785,0.057951156,0.05500879,0.05175076,0.050248973,0.04793278,0.045895517,0.045853812,0.04492779,0.042424165,0.042887375,0.043891072,0.04578097,0.0461447,0.047035117,0.04431093,0.042282395,0.04023708,0.040209353,0.039347675,0.03871321,0.039338697,0.037390206,0.041087873,0.04044772,0.04129282,0.04042389,0.03652023,0.038209535,0.039133582,0.03972624,0.038799737,0.037844297,0.034559757,0.036162153,0.03732775,0.036259834,0.03642244,0.033666216,0.032964773,0.03321925,0.035128403,0.0343546,0.0331258,0.03100151,0.027945999,0.027659863,0.027739981,0.028002258,0.02665845,0.02302727,0.018092534
0.01074114,0.014895736,0.018326413,0.01934717,0.019936945,0.019892102,0.01929108,0.018838428,0.01947457,0.019482536,0.019710463,0.020190997,0.020490166,0.02062752,0.021254774,0.022152025,0.02247924,0.023121232,0.022967989,0.023155252,0.025170045,0.02479372,0.024668286,0.024775805,0.022802478,0.023697173,0.024313707,0.024429165,0.025218973,0.02742821,0.028313266,0.029063568,0.02942564,0.02773339,0.029497586,0.029699113,0.0330421,0.034205377,0.03408304,0.03518023,0.03365626,0.03552111,0.03761681,0.0374468,0.037586708,0.036751643,0.036789402,0.03853134,0.040056124,0.041398045,0.042559877,0.042964086,0.044019874,0.045331225,0.044616446,0.04847292,0.051685367,0.055409957,0.058429684,0.05907704,0.05787601,0.057472933,0.061711513,0.064622045,0.06663645,0.06929273,0.067330256,0.06805909,0.07093511,0.07516795,0.07867269,0.0850856,0.09003181,0.09552091,0.104612,0.11209643,0.114736706,0.11947439,0.1221364,0.13085416,0.14049566,0.1443492,0.14918959,0.15026605,0.1508088,0.15780984,0.16753756,0.17331469,0.18255585,0.18846413,0.18632989,0.18378162,0.18209882,0.17242314,0.16734287,0.1649193,0.14965379,0.14446354,0.13532847,0.1228516,0.123282276,0.11613984,0.11001221,0.10484818,0.099104896,0.09382931,0.09051406,0.08481598,0.07833635,0.07837359,0.077707365,0.07593507,0.07472867,0.07356403,0.073142305,0.074759446,0.073282875,0.06798875,0.06574432,0.06596892,0.0627924,0.061119214,0.058327183,0.053224996,0.055078026,0.054413915,0.05277152,0.051203318,0.048726104,0.051841088,0.051432133,0.05020399,0.05434188,0.052216858,0.051450253,0.052454602,0.047512747,0.043435216,0.04357596,0.039981503,0.038015556,0.039207403,0.03886412,0.03819432,0.03918116,0.037358373,0.03519711,0.034738477,0.033932917,0.03273039,0.03151526,0.031611588,0.03127065,0.03170774,0.031870678,0.030290753,0.029332757,0.0309772,0.031948246,0.03254846,0.032604627,0.03279745,0.030261267,0.028837062,0.028442796,0.025636813,0.026249189,0.025421888,0.02421702,0.024593733,0.023060588,0.021089882,0.017144214
0.013993371,0.017037433,0.019470723,0.019426037,0.019538574,0.019395782,0.019597108,0.019924853,0.01956387,0.020137904,0.020666257,0.02088437,0.022150226,0.022269519,0.02227716,0.022807417,0.022663651,0.023096845,0.024728758,0.025322003,0.025479551,0.026874738,0.025605943,0.025291163,0.02590807,0.024427036,0.025471006,0.026699048,0.028143765,0.029314525,0.030837767,0.03184933,0.03179631,0.03370543,0.033879936,0.03478503,0.034345116,0.033824857,0.034364488,0.033551328,0.03579927,0.03688973,0.037182767,0.037533205,0.04118017,0.042003136,0.04442156,0.04799854,0.046846934,0.04934277,0.052318867,0.0523894,0.055346183,0.055516873,0.053165816,0.054232188,0.05544746,0.05689478,0.061147712,0.06397895,0.06578447,0.06769094,0.06940076,0.07219248,0.07474932,0.07897739,0.08349574,0.083307095,0.08567642,0.08406811,0.08088668,0.086557485,0.08740673,0.09492904,0.10876613,0.115866795,0.12266064,0.12935154,0.1334118,0.13985148,0.14700387,0.15373911,0.16069539,0.17061889,0.17207812,0.18167779,0.19259183,0.19040179,0.19449304,0.19763157,0.18522264,0.1881153,0.18814448,0.18233185,0.18267757,0.18337324,0.17878124,0.16890375,0.16424118,0.14571713,0.13731888,0.12946028,0.11454002,0.106012955,0.09630362,0.08624199,0.08587301,0.08062121,0.07442423,0.07061558,0.06578091,0.064449616,0.064529546,0.061804675,0.06279459,0.06539693,0.06504541,0.067470476,0.065697856,0.06925155,0.07088031,0.06953146,0.06847963,0.059710223,0.06222807,0.059088487,0.05733567,0.059781753,0.051613647,0.05303134,0.05194067,0.046885025,0.04555736,0.04618871,0.045279432,0.045881577,0.04575629,0.04260058,0.045129836,0.048115496,0.051106643,0.052727092,0.050102837,0.04694171,0.046083942,0.04191076,0.041510694,0.04277758,0.04049478,0.04732909,0.0467462,0.0441786,0.043823052,0.03756741,0.0371256,0.037421945,0.034327768,0.033931382,0.031727683,0.032560606,0.03282935,0.031551447,0.032826543,0.030164583,0.0310997,0.032334585,0.031123843,0.03109655,0.0296081,0.027342692,0.026292939,0.023557816,0.019569274
0.012396388,0.015900474,0.017898612,0.017586285,0.017317869,0.01803519,0.01909971,0.020097423,0.020014843,0.01934626,0.018887935,0.019112881,0.020010484,0.020516181,0.02191574,0.022885753,0.024320362,0.025764836,0.025807403,0.02547585,0.024791677,0.026495628,0.028534796,0.028858226,0.02956224,0.028846124,0.028411664,0.028870951,0.029116703,0.027847392,0.026952079,0.027911251,0.028212175,0.029109288,0.031009123,0.03135336,0.032956146,0.03499681,0.03537372,0.036706425,0.037649885,0.04000088,0.042840313,0.045649808,0.0463646,0.046574354,0.0468467,0.04580517,0.05090767,0.053053062,0.053478032,0.056725692,0.055410348,0.056311067,0.055978846,0.054240126,0.057534438,0.05826335,0.063318364,0.067126356,0.068071604,0.0700585,0.070842594,0.07407598,0.07706513,0.08536935,0.08766578,0.089863405,0.09340307,0.08960934,0.09200822,0.09749135,0.1055386,0.11310048,0.121870615,0.12497849,0.1279914,0.12998854,0.13420947,0.14188552,0.146894,0.15299067,0.16328074,0.18010822,0.18837133,0.1977122,0.19787195,0.1915077,0.18229052,0.18226303,0.18684605,0.18337359,0.18666728,0.17986071,0.16888642,0.1649548,0.16034666,0.149175,0.13543236,0.11954619,0.10475413,0.09826527,0.09061959,0.08227658,0.07590699,0.06954286,0.06676083,0.0632355,0.058967166,0.05276533,0.05243079,0.051063195,0.051185984,0.05360504,0.054615498,0.053960703,0.054965857,0.05401504,0.05070597,0.053952742,0.051503494,0.051344007,0.053461727,0.049640674,0.04719165,0.045375302,0.039285235,0.03784336,0.037736468,0.03955881,0.04095719,0.04286078,0.043422505,0.03717011,0.03577356,0.03252846,0.032224495,0.03614046,0.036626767,0.03852713,0.037547722,0.03490806,0.036285423,0.03391844,0.031981524,0.03153337,0.029506149,0.029110847,0.030192016,0.028135912,0.028388718,0.026921213,0.026422337,0.028552016,0.02870028,0.029306395,0.028804323,0.028217552,0.026351986,0.025580367,0.026047809,0.024008697,0.025199642,0.0272742,0.026679525,0.02591464,0.02354151,0.02072601,0.018509205,0.020810727,0.020480974,0.018310465,0.016345741
0.008602671,0.011268455,0.012580926,0.013282961,0.013205756,0.013747784,0.014460929,0.015090054,0.015362745,0.015272422,0.016217096,0.016388468,0.017539337,0.017520297,0.017755592,0.018711653,0.019838903,0.021477781,0.021755256,0.021861378,0.021795273,0.021802956,0.022998476,0.02368602,0.024425711,0.025680903,0.026082143,0.027069772,0.026969783,0.02708536,0.026678717,0.026379658,0.028856123,0.02980012,0.03159805,0.03366155,0.034084667,0.03500395,0.034506734,0.03424823,0.0367454,0.036762025,0.037388217,0.038140513,0.03816187,0.038390387,0.04190404,0.04395969,0.044496275,0.04579944,0.045223035,0.047034908,0.0447097,0.045876283,0.049644075,0.048520565,0.052558225,0.05517719,0.054980446,0.059716165,0.059184104,0.06266532,0.062415633,0.06517358,0.06991509,0.07016151,0.07811294,0.0801568,0.08662462,0.08929847,0.091075726,0.09852881,0.09775772,0.10887562,0.118630365,0.12546922,0.13310279,0.13620007,0.1352418,0.13648535,0.1435224,0.14995307,0.15630133,0.17029884,0.17156556,0.18432355,0.18991353,0.18564586,0.1997931,0.18937603,0.19033694,0.18491195,0.17169769,0.17372346,0.16977377,0.1755579,0.17568786,0.16774952,0.16007645,0.1515622,0.1466257,0.13737805,0.12534903,0.11971431,0.102873676,0.103417374,0.10521318,0.095482245,0.09766514,0.09171874,0.08980155,0.08991318,0.082026504,0.082383655,0.082176164,0.07375153,0.07534567,0.07061325,0.06425796,0.06371109,0.056925967,0.05895086,0.060133725,0.058939066,0.059774738,0.05453222,0.0518024,0.05123754,0.0492897,0.048997246,0.04735112,0.0467917,0.046890464,0.05011861,0.052559067,0.053624287,0.05210809,0.05011336,0.050066143,0.047630496,0.048634548,0.044921506,0.042986,0.043650124,0.04158228,0.041310303,0.04168564,0.04328006,0.04238149,0.04311841,0.041704014,0.038412094,0.039221592,0.037964992,0.037254047,0.037283592,0.03529004,0.035944164,0.03384825,0.032207023,0.03297865,0.031970475,0.03162822,0.030493587,0.030617822,0.030069457,0.030646212,0.030461513,0.029897515,0.030135822,0.02894839,0.027236369,0.022910839
0.012021945,0.014903682,0.017647948,0.018782832,0.018684601,0.018994924,0.019001814,0.018868586,0.019209601,0.019434065,0.019542113,0.020004865,0.020615548,0.02030823,0.02029461,0.02019912,0.021694107,0.023027958,0.025383694,0.026190763,0.027552612,0.028194066,0.02738265,0.02752762,0.026444443,0.026939612,0.027412646,0.028107593,0.02982755,0.030121496,0.029791992,0.0300881,0.029586963,0.0299638,0.031135697,0.03233807,0.033603285,0.035592973,0.03641448,0.0370322,0.037733566,0.03625436,0.03669845,0.03752458,0.03971868,0.04329148,0.044866458,0.046767518,0.04497887,0.04263299,0.043274898,0.045306962,0.04919405,0.0556353,0.057041205,0.058198716,0.061751213,0.060917977,0.06698229,0.07257212,0.07198007,0.07655154,0.078139596,0.07945905,0.08195779,0.08188642,0.081755586,0.08926369,0.09134141,0.09910339,0.11160593,0.10958326,0.12007574,0.12056258,0.11688099,0.12460014,0.12436437,0.13294,0.14667721,0.15092184,0.15730715,0.16431285,0.16946074,0.1780951,0.18757057,0.19161382,0.18892223,0.18661481,0.18157391,0.17614219,0.17506114,0.17468989,0.16993412,0.17659263,0.17057616,0.15999024,0.1542029,0.14024173,0.13120654,0.13030185,0.12630779,0.112120904,0.11113449,0.10165687,0.092570655,0.09406234,0.08756027,0.082259946,0.08493933,0.07963829,0.07648051,0.07573973,0.06913988,0.06343446,0.060152087,0.057189982,0.05417333,0.05188121,0.0497793,0.05284856,0.05362615,0.05425583,0.053203,0.04438482,0.03810932,0.033760928,0.03645838,0.03861853,0.04072544,0.042283848,0.04035767,0.043284237,0.042497132,0.041025385,0.038686607,0.03854312,0.040134136,0.043381076,0.04532642,0.042701907,0.04344532,0.04412001,0.04574365,0.048458286,0.047070004,0.04492349,0.041989833,0.036969196,0.03405619,0.032459304,0.031665754,0.032527234,0.032687873,0.031392235,0.03003359,0.031721663,0.03248775,0.033460937,0.035365466,0.034397658,0.03425916,0.033730455,0.032215293,0.032827575,0.032851286,0.032043513,0.03165061,0.029453658,0.02753338,0.028770838,0.02708404,0.0236156,0.01941776
0.008688673,0.010378219,0.012186327,0.012132063,0.011598444,0.012524117,0.013130029,0.013692909,0.014172065,0.014292513,0.013735017,0.014092842,0.01403647,0.013506212,0.014539913,0.014272984,0.013845573,0.0145639,0.013440498,0.013716083,0.014536696,0.013944091,0.016593646,0.016408157,0.017085439,0.019228216,0.017976234,0.0195606,0.020629061,0.020170985,0.02062237,0.02028053,0.018864203,0.018296635,0.020015368,0.019616272,0.021710781,0.022337778,0.021160305,0.022053173,0.02112884,0.02063547,0.02124487,0.023463566,0.024554828,0.026158545,0.027549597,0.026768383,0.026467437,0.026161667,0.02510598,0.02404504,0.026205821,0.024816245,0.025075026,0.028250389,0.02894668,0.030457791,0.030640159,0.029604662,0.029054232,0.031808056,0.034005333,0.03644601,0.036713213,0.037907593,0.041039698,0.04345142,0.046350636,0.046788454,0.04889322,0.047977023,0.04814535,0.049681656,0.047051515,0.048457775,0.048741553,0.04750831,0.04992827,0.048124254,0.05004517,0.052065264,0.05331609,0.05586829,0.058694895,0.061021235,0.0627154,0.06341283,0.06444169,0.06712402,0.07005496,0.07286834,0.071030475,0.068167165,0.065812625,0.06278245,0.06480445,0.06711815,0.0673999,0.07311261,0.07123088,0.0684123,0.06561104,0.060310464,0.0585425,0.056319904,0.05737125,0.0548135,0.058422066,0.061808508,0.06022904,0.06178557,0.06026224,0.05654611,0.058155328,0.054693203,0.05012713,0.05003347,0.04506029,0.044119515,0.043396804,0.041453276,0.040089536,0.038345665,0.03792928,0.036358833,0.034778997,0.033770133,0.031076945,0.029255722,0.027554965,0.02834081,0.027996792,0.028534336,0.028818015,0.027314972,0.02650204,0.024799239,0.023845589,0.022571959,0.021920174,0.022635125,0.022949897,0.024124328,0.023927644,0.024163194,0.02373082,0.02274682,0.022275632,0.022047479,0.021737924,0.021601118,0.02340527,0.022765303,0.023282535,0.023222573,0.022333847,0.022175325,0.02295438,0.023928514,0.023024838,0.023874957,0.024019118,0.024831118,0.0261893,0.026090743,0.027418822,0.02887235,0.028229784,0.027799277,0.026219314,0.021222591,0.017842028
0.009382281,0.013038415,0.01424812,0.014528646,0.014913674,0.013832933,0.014100957,0.014599713,0.014259755,0.015152382,0.01664847,0.017976627,0.018183693,0.018190097,0.019155907,0.01812463,0.01855784,0.019015715,0.017326828,0.018486092,0.02518879,0.025213066,0.025352642,0.025158199,0.021172384,0.026137637,0.02646041,0.026287159,0.024458906,0.018894237,0.019075695,0.019433243,0.019831128,0.021058556,0.02271179,0.02327496,0.024090799,0.025695652,0.024124812,0.023588434,0.023956379,0.021944957,0.023465974,0.023802115,0.022504825,0.024500808,0.025355909,0.028204061,0.031354968,0.030164348,0.030806756,0.03174371,0.031028654,0.033371385,0.033929188,0.034241594,0.038624585,0.039606653,0.039196104,0.038869,0.039149877,0.04228607,0.044343326,0.044197977,0.043125093,0.041902807,0.042615734,0.04628628,0.046203967,0.048988804,0.04916264,0.0500535,0.050760727,0.04906665,0.054360505,0.058917664,0.06402551,0.06751068,0.06999888,0.06880492,0.069619246,0.07017529,0.07174974,0.077785484,0.0788991,0.0854924,0.09014863,0.091970794,0.09930288,0.10248104,0.10463456,0.104710326,0.10670718,0.10741844,0.10903173,0.1128954,0.11241911,0.11505368,0.11175585,0.11103426,0.11026653,0.10147672,0.09938938,0.09797111,0.09439018,0.09595249,0.092853606,0.08920381,0.0878455,0.08477262,0.081989236,0.076028466,0.06491201,0.057091683,0.053898353,0.04747988,0.04445586,0.042470668,0.039462525,0.037218973,0.038714163,0.036131226,0.03335291,0.03044702,0.027094508,0.025769843,0.024568914,0.02390738,0.0222721,0.021681927,0.020556567,0.020075222,0.02121267,0.020550473,0.02120995,0.022152472,0.020687304,0.019471286,0.017331146,0.015492098,0.015032749,0.015155258,0.015238393,0.015320929,0.015315047,0.015346046,0.014498436,0.013963338,0.013590966,0.013023089,0.013243608,0.012239454,0.012037348,0.012066612,0.012435406,0.012750944,0.013035976,0.012789637,0.01279453,0.013260958,0.013422743,0.013313584,0.01264234,0.011610827,0.010446115,0.010013743,0.009470903,0.010129797,0.009995141,0.01143294,0.012069621,0.010742167,0.009646449
0.005742037,0.021645073,0.021834861,0.021778343,0.021749992,0.007160137,0.007834097,0.007998737,0.008215193,0.008464507,0.009004504,0.009092907,0.019517986,0.036720052,0.036746126,0.036910586,0.032949694,0.011786714,0.012501077,0.011934513,0.011560966,0.013235114,0.01276231,0.013501473,0.014909917,0.013271028,0.013440139,0.013297564,0.011609716,0.022059249,0.02304332,0.03406971,0.035180595,0.030465307,0.029623022,0.015663171,0.012857592,0.01070518,0.011500767,0.025134442,0.025285535,0.025491022,0.025512526,0.012055599,0.012535641,0.01278296,0.012622616,0.01363328,0.014434841,0.015711093,0.01653401,0.017160183,0.021410346,0.020989653,0.022395229,0.023779111,0.020516733,0.022128318,0.028294979,0.028456995,0.030304562,0.030404838,0.025389902,0.026580457,0.02761612,0.029252877,0.030450298,0.029761849,0.02960524,0.03154505,0.031738486,0.033853047,0.036154203,0.0382161,0.041475795,0.042112224,0.04217716,0.045043964,0.04690284,0.055075683,0.05840045,0.05987472,0.061718054,0.060948316,0.0664675,0.07184277,0.076613955,0.082560845,0.08735123,0.08808155,0.09260258,0.0906838,0.086495906,0.08341123,0.079257764,0.07845023,0.07563189,0.077250965,0.07362345,0.07204091,0.07203695,0.072163425,0.07112512,0.06836242,0.07305628,0.071329094,0.072208785,0.07178634,0.0652428,0.062778234,0.057802796,0.057634536,0.05581361,0.05481845,0.054754402,0.06255678,0.061241303,0.058115706,0.05681266,0.043355938,0.042614635,0.041149497,0.03923688,0.037162803,0.035338715,0.03953435,0.03935457,0.03909729,0.03664929,0.028505823,0.029069243,0.026932139,0.027858065,0.027506925,0.02445767,0.024115125,0.023934804,0.034850217,0.037629828,0.040521428,0.03931856,0.029559515,0.026324622,0.021941196,0.024510432,0.025805138,0.025687302,0.025136482,0.023797376,0.022553321,0.02192244,0.023223346,0.023870036,0.028687289,0.0341296,0.035215955,0.03736057,0.05398279,0.052970856,0.052427758,0.052296445,0.035178002,0.03452148,0.034023605,0.04077789,0.0424704,0.042594902,0.042561106,0.033767235,0.02739524,0.023109576,0.020144235,0.016082032
0.015330204,0.018712718,0.02260488,0.02482305,0.025441423,0.025688881,0.025575453,0.024297781,0.023631526,0.025092566,0.026586086,0.026238367,0.025859838,0.023602558,0.022368096,0.022215318,0.023400594,0.023824716,0.02335769,0.022995336,0.022890437,0.024525143,0.025933329,0.02789319,0.028384507,0.02785463,0.027356092,0.026640646,0.02777022,0.028149232,0.02883019,0.03019999,0.030099971,0.030914938,0.030159982,0.029213406,0.029375961,0.030689126,0.033299047,0.03398379,0.034945447,0.036038734,0.035403147,0.0370965,0.03938773,0.03825108,0.043792997,0.044555116,0.045742456,0.049671743,0.04870121,0.05137672,0.053389218,0.053707942,0.054335658,0.058766395,0.057365805,0.059061907,0.061015677,0.061044537,0.0636629,0.06971361,0.07269212,0.07066125,0.07337102,0.0730236,0.072147444,0.07782493,0.08538022,0.08472618,0.088780515,0.09543868,0.09215307,0.09526284,0.09774863,0.09410506,0.09806986,0.099224016,0.102030225,0.108606145,0.12024547,0.122418,0.12708786,0.13000457,0.12371451,0.13694206,0.13310958,0.13566549,0.13437025,0.13146026,0.137158,0.1506569,0.15245026,0.14881165,0.14403504,0.12144929,0.12800957,0.12663448,0.12802956,0.1304107,0.12380846,0.11795022,0.112512454,0.1084856,0.10585318,0.107728116,0.10700166,0.10621148,0.10111878,0.092443116,0.08980878,0.08485652,0.081207894,0.0873772,0.08821204,0.08662584,0.08713984,0.07863351,0.0766369,0.07482062,0.073518716,0.072860956,0.06954622,0.06767325,0.061169136,0.059464823,0.057641033,0.05555016,0.055176694,0.052782275,0.051451802,0.05195862,0.04990758,0.050731663,0.047795888,0.045555353,0.046434365,0.046228338,0.04564748,0.044983786,0.043617547,0.043650266,0.045036968,0.045397665,0.0470311,0.044794988,0.041738015,0.042081535,0.038255174,0.037109904,0.035695426,0.034361314,0.032815773,0.034286533,0.03570192,0.033563484,0.033910394,0.03166044,0.03126656,0.030536817,0.02937957,0.028997075,0.027712213,0.027061021,0.02927997,0.02865423,0.02770152,0.026918044,0.024127282,0.02454577,0.024417117,0.02223857,0.017903997
0.012952121,0.015461309,0.018628377,0.018183466,0.018886352,0.01919138,0.01973794,0.019612096,0.019868013,0.020932125,0.019526431,0.021128304,0.020941932,0.020980153,0.02149018,0.021505233,0.022046603,0.02299069,0.02481454,0.02409553,0.025194978,0.024052626,0.022825256,0.02348546,0.022000836,0.022118157,0.02270493,0.022190472,0.023178669,0.024103334,0.024277274,0.024719657,0.0258367,0.026434422,0.027681565,0.029189294,0.030254168,0.030491209,0.031083321,0.033201136,0.032777928,0.033404104,0.03281836,0.030007489,0.030707963,0.030809311,0.03741774,0.03921422,0.041393295,0.042389262,0.03909881,0.040748,0.040196374,0.040216997,0.042734362,0.04735415,0.048805863,0.051221363,0.051180206,0.050303027,0.05350517,0.055918593,0.05831735,0.059811257,0.06361396,0.06838958,0.07373805,0.0760989,0.074555166,0.074511215,0.07689811,0.08081828,0.09251164,0.0946074,0.09487342,0.095010094,0.09625882,0.10402663,0.11320433,0.119197,0.13037676,0.13639039,0.14013849,0.15033692,0.14979444,0.15813799,0.15680884,0.1639383,0.16776659,0.15858993,0.16877104,0.15746458,0.15631796,0.15907726,0.15442073,0.15947932,0.15999883,0.16486825,0.16222231,0.16714619,0.1642924,0.15254758,0.14337899,0.1295533,0.11952554,0.12667683,0.1269971,0.12464675,0.12135564,0.10739894,0.10369934,0.09348673,0.08593301,0.08154974,0.07505086,0.06902293,0.06527415,0.06518114,0.06159081,0.059702225,0.05727557,0.05323323,0.051300324,0.0487612,0.044430103,0.040773164,0.03915643,0.038595762,0.04161993,0.041058086,0.038514655,0.039045677,0.035453793,0.035172522,0.03569727,0.03508783,0.035337307,0.033675164,0.033999078,0.03312086,0.03220734,0.032910332,0.031384762,0.031113511,0.030239396,0.030479245,0.029685922,0.028693974,0.028908882,0.02670712,0.026378842,0.025464058,0.024698611,0.027129726,0.027445108,0.028398909,0.029139223,0.02675205,0.029039618,0.029282758,0.030198207,0.03325102,0.031618536,0.03112426,0.030189022,0.026927935,0.026559066,0.026394343,0.025413984,0.024829065,0.023424007,0.019285873,0.015601848
0.012906765,0.017036408,0.018952802,0.019562839,0.019753588,0.018228075,0.019788196,0.019997053,0.022837942,0.024453081,0.024967473,0.025378615,0.024213297,0.02369365,0.024257543,0.024387676,0.025547868,0.02708996,0.028855838,0.028457263,0.027855773,0.026392907,0.02462868,0.024914833,0.026030727,0.03135009,0.03130958,0.031461995,0.03073703,0.027775655,0.029141223,0.031503662,0.032957718,0.03472147,0.035819612,0.038795747,0.039551456,0.04126182,0.04283476,0.042293202,0.041984472,0.03935031,0.041642293,0.04122752,0.04524499,0.04656927,0.044793528,0.04682073,0.048004903,0.051585887,0.056718305,0.0568636,0.056207452,0.054927003,0.052945435,0.055299137,0.060353886,0.062336713,0.063036166,0.06589627,0.06444025,0.06826094,0.07086262,0.07131393,0.07593499,0.07678179,0.07581737,0.077448174,0.078166366,0.078696676,0.08042646,0.0769621,0.07684672,0.080085956,0.08357687,0.09262728,0.09117517,0.09808299,0.107987486,0.108301565,0.11427622,0.114533216,0.11360311,0.11513906,0.12073308,0.12596336,0.12520023,0.12901387,0.12637849,0.12180507,0.12254219,0.12049567,0.123461165,0.123217836,0.12522626,0.13270085,0.1299165,0.13257915,0.13359278,0.1276365,0.122857586,0.114921585,0.10696155,0.10404791,0.10901432,0.11181942,0.112671755,0.10779428,0.10371368,0.100782156,0.094366714,0.09436413,0.086094655,0.077519104,0.07529835,0.06735995,0.06666535,0.068717435,0.06513575,0.06395528,0.06300435,0.060487185,0.05949136,0.057967328,0.054935794,0.05156546,0.049204197,0.04891012,0.048979316,0.049968317,0.051236693,0.048286933,0.048183553,0.046677776,0.04258585,0.04548198,0.04454717,0.043902464,0.045105033,0.041718785,0.041165743,0.04257545,0.041539177,0.040300477,0.04009744,0.037360366,0.038403973,0.04012297,0.03997632,0.03955348,0.039850183,0.03650356,0.034335583,0.032164477,0.030585628,0.032419793,0.03387651,0.03525335,0.032184005,0.030237827,0.029066857,0.026015073,0.026153874,0.024911283,0.02401007,0.024263691,0.024377266,0.027427554,0.027877785,0.029532786,0.02918717,0.025482755,0.02127605
0.015288017,0.018961474,0.02088641,0.01973043,0.020420734,0.019631548,0.020882914,0.02243657,0.02382204,0.024125258,0.02624601,0.026843762,0.026249718,0.026725573,0.026155736,0.025207713,0.025737697,0.02729194,0.027923822,0.029401464,0.030591585,0.03099229,0.030817067,0.030150518,0.030425673,0.03198135,0.031737253,0.03282051,0.036206853,0.034993347,0.03514996,0.03518976,0.031172538,0.03133962,0.033779062,0.035320323,0.037579797,0.04035439,0.039841127,0.038304836,0.0399583,0.040205445,0.043113608,0.045031235,0.042972766,0.046530444,0.045684412,0.04944449,0.050609685,0.049417675,0.052448176,0.051586293,0.053689074,0.052532747,0.052711852,0.056085724,0.061411455,0.06677892,0.06924224,0.06974946,0.06914276,0.06830365,0.06990151,0.072299376,0.072203115,0.07258927,0.076470636,0.082941405,0.08826726,0.09275893,0.09976238,0.09717363,0.09469365,0.10014921,0.10113208,0.11218427,0.12134201,0.12808858,0.13342907,0.13350825,0.13234986,0.13520777,0.13768187,0.14544508,0.15729503,0.16168134,0.1686312,0.16946603,0.16628438,0.17102224,0.16279218,0.16377033,0.16038132,0.14872317,0.16039002,0.15899782,0.15915821,0.16242434,0.15558316,0.15168105,0.15468822,0.15810652,0.1540179,0.14598091,0.13613188,0.12883125,0.116730906,0.11408987,0.11509935,0.104180485,0.10157924,0.09563622,0.08275697,0.07530276,0.07255208,0.070820585,0.070865676,0.068414986,0.06446142,0.06615562,0.064861745,0.06318816,0.065511435,0.064128816,0.065495625,0.062148828,0.057717767,0.055913445,0.05254801,0.057876054,0.05950848,0.057078164,0.05740484,0.052201733,0.05010701,0.05060609,0.049297526,0.0504922,0.051300213,0.052198675,0.05198921,0.049607426,0.047075108,0.046361513,0.04372497,0.04344826,0.04445447,0.0394462,0.041251443,0.042263832,0.042255092,0.04554103,0.04405254,0.041302107,0.040344343,0.037387475,0.03699697,0.039119784,0.038557623,0.040955424,0.04132662,0.03932934,0.03814047,0.037154116,0.03738926,0.038281877,0.038382757,0.035889413,0.03449674,0.034750808,0.03414242,0.030401642,0.025955753
0.013486317,0.016575493,0.020293899,0.020873915,0.021055255,0.022058323,0.022140842,0.023236772,0.024585107,0.026889432,0.028058289,0.028669808,0.0284447,0.026896572,0.02680114,0.025054865,0.026446378,0.02867979,0.028803417,0.029972607,0.032058492,0.030846387,0.034261428,0.035669755,0.036535732,0.036590416,0.037304256,0.037083376,0.03605913,0.03727484,0.03543029,0.037347898,0.037899464,0.03931124,0.0408283,0.040508963,0.04072881,0.039652176,0.03886673,0.040420756,0.045072254,0.046859976,0.04872598,0.050115194,0.048080407,0.04923604,0.047724288,0.047928873,0.050097637,0.053079087,0.05450011,0.055380687,0.05778812,0.0600629,0.062306322,0.063008234,0.06461875,0.06319997,0.06464457,0.06927651,0.07047476,0.07414224,0.07712151,0.08189523,0.07935383,0.0791325,0.07848679,0.07649233,0.087883905,0.095490925,0.100819245,0.10174339,0.09949952,0.1016723,0.10604874,0.11589336,0.121696495,0.1206033,0.1335186,0.13728802,0.14428715,0.15718038,0.15459579,0.15836847,0.16133596,0.16443901,0.17230159,0.16492419,0.16093253,0.15524128,0.14818719,0.1585656,0.16140983,0.16393581,0.16854621,0.16587426,0.16599661,0.15762848,0.15037926,0.14401314,0.13952754,0.1345971,0.13278216,0.13403483,0.12787287,0.12416834,0.107473806,0.092708945,0.08163416,0.07459252,0.0705489,0.061288487,0.051445607,0.04723442,0.046856306,0.044738866,0.042833857,0.042019166,0.038059056,0.036818024,0.036650915,0.034997523,0.03363062,0.034590542,0.03340783,0.031346824,0.03161222,0.0287391,0.02827605,0.031906076,0.031105956,0.033099677,0.034889575,0.033210948,0.03320492,0.03177039,0.030891322,0.029408297,0.029589312,0.029023591,0.029807353,0.030454805,0.02987716,0.029339563,0.02764176,0.027614435,0.02767654,0.02824262,0.026257109,0.02470312,0.023448274,0.022005035,0.02500593,0.026849087,0.028901355,0.03001681,0.027957289,0.026149414,0.03062946,0.040765658,0.041147202,0.046981025,0.042597067,0.031659234,0.03177827,0.032591697,0.038758464,0.048552018,0.04800617,0.04461751,0.038866274,0.026810488,0.024791196
0.013964555,0.01756573,0.020675806,0.020820681,0.021422582,0.022569278,0.022944145,0.023729412,0.024702441,0.024695637,0.025926031,0.029869601,0.029260544,0.028321242,0.02788591,0.02470407,0.02610859,0.028495789,0.029970644,0.03047868,0.0308869,0.029942932,0.03091491,0.033022176,0.0324053,0.03218522,0.033226747,0.03143752,0.03351188,0.035917137,0.036809776,0.038918447,0.039573338,0.039462514,0.038607676,0.04044617,0.041534215,0.043427225,0.0441475,0.042723592,0.043690607,0.044610962,0.044931166,0.044228133,0.045866184,0.048254382,0.04942387,0.052190136,0.05460622,0.05212459,0.05654223,0.057270363,0.059543204,0.06282449,0.06311362,0.06540244,0.062518075,0.06626953,0.06726484,0.068504,0.082997546,0.08578617,0.08690204,0.08678917,0.08160889,0.0836466,0.08713115,0.100694716,0.10565501,0.105525225,0.10795576,0.10303187,0.09921467,0.108235165,0.11269743,0.11500294,0.124461286,0.12844571,0.1318315,0.13921367,0.13818741,0.13662684,0.14281029,0.14979854,0.15437977,0.15916626,0.15650223,0.15899749,0.15920575,0.16075656,0.1569384,0.14496101,0.14302285,0.13230251,0.12963887,0.121920474,0.11806998,0.11506582,0.115252115,0.11955387,0.11285558,0.1110307,0.10947042,0.10380925,0.097489305,0.09262135,0.08498143,0.078693636,0.073795855,0.06931567,0.063645996,0.05912202,0.05918058,0.05567315,0.051028512,0.04839715,0.044593938,0.04317315,0.042884536,0.041461375,0.03926443,0.0371359,0.03580221,0.036100075,0.03595903,0.03703468,0.035915438,0.036199678,0.03649203,0.035048004,0.03538961,0.034537096,0.03407999,0.035008006,0.035004437,0.03449156,0.033191975,0.029932264,0.02818202,0.026729152,0.02763297,0.03081759,0.03042539,0.030838393,0.030307475,0.027499566,0.028542422,0.028683728,0.028350145,0.028398307,0.0268729,0.024897812,0.024337076,0.023579713,0.022321895,0.021954654,0.020963645,0.019749992,0.02024537,0.019901985,0.019858846,0.019603716,0.01969561,0.01869761,0.019745283,0.019868772,0.01887344,0.020941187,0.021392766,0.022282947,0.022560587,0.020118287,0.015802296
0.014378754,0.018771078,0.02273703,0.023235884,0.024192935,0.024468817,0.024442203,0.023415059,0.02433817,0.024721557,0.02591962,0.026776245,0.026699163,0.026442513,0.025068276,0.02452088,0.024108885,0.0246692,0.025702123,0.026427802,0.02662554,0.026688894,0.02830729,0.02900712,0.030961657,0.03241832,0.030768536,0.03300147,0.034122795,0.03371368,0.035098054,0.034539502,0.034429893,0.03482764,0.035288393,0.03518715,0.03794153,0.03936622,0.039537888,0.03899946,0.035505787,0.034838304,0.034853015,0.03919033,0.043020684,0.04446154,0.049130034,0.050498255,0.049821462,0.05016826,0.04841077,0.046819165,0.050536588,0.053797416,0.054312393,0.055315904,0.053495705,0.057878472,0.060737807,0.070565365,0.07608788,0.076363884,0.07948465,0.08027364,0.079719216,0.08271877,0.08240343,0.08293917,0.0916013,0.089830175,0.09842196,0.09550502,0.09625933,0.11104194,0.1092518,0.11734394,0.1237845,0.117100246,0.12620172,0.13448933,0.1346762,0.14664082,0.1464492,0.14945856,0.15247518,0.15087184,0.16121314,0.1729457,0.1766867,0.18462406,0.17560995,0.17515528,0.17551066,0.16288845,0.16448511,0.14593942,0.14536048,0.14332391,0.14441997,0.14181101,0.1375136,0.13808897,0.13201651,0.13063362,0.120687276,0.116612375,0.11255432,0.10357714,0.091779344,0.081324756,0.06862941,0.06487972,0.06393782,0.05922427,0.055200934,0.050234333,0.04621249,0.042516403,0.03847216,0.03833375,0.03954736,0.040823955,0.040504433,0.038121853,0.03564724,0.033285175,0.033824507,0.034433514,0.035368677,0.034251194,0.031681463,0.031778045,0.029999038,0.030534973,0.029693402,0.028173646,0.027064182,0.026495054,0.026881512,0.025854105,0.026640521,0.024706399,0.025790224,0.025016423,0.024119375,0.024397913,0.021402942,0.022387126,0.023302624,0.022595387,0.023726387,0.0235241,0.022102717,0.022278506,0.021881226,0.021090845,0.020526474,0.020331588,0.019562794,0.018841244,0.018539034,0.018753204,0.018632127,0.019167185,0.019509494,0.018758256,0.017826645,0.017636247,0.017726226,0.017072503,0.017923169,0.016345441,0.013314522
0.012610634,0.014892435,0.016999682,0.018095843,0.017338224,0.017491594,0.017821826,0.016762106,0.018043512,0.018853182,0.019330624,0.020400502,0.019952668,0.021249384,0.021293653,0.022507371,0.02329183,0.021511843,0.022539023,0.023103781,0.02372655,0.025589952,0.02501566,0.024895398,0.024631899,0.026478201,0.029878763,0.029211668,0.032264132,0.030632423,0.028947886,0.033048574,0.033053994,0.036544975,0.036076237,0.033603206,0.032854196,0.030710762,0.031154351,0.032379966,0.034501754,0.034065,0.034300324,0.033402264,0.032952882,0.038076155,0.041998528,0.044293325,0.045276593,0.04378183,0.04577271,0.04579708,0.048727047,0.052608177,0.052666593,0.05592885,0.058806222,0.059091695,0.06126624,0.06413905,0.06787582,0.072129466,0.07559617,0.08190906,0.08309319,0.084970504,0.09591181,0.09851045,0.10716806,0.11374041,0.1140936,0.12128114,0.12488952,0.12964134,0.13184725,0.13754873,0.14491159,0.15261509,0.1598444,0.16198897,0.15941648,0.16917989,0.16953626,0.17535315,0.18700852,0.1836434,0.18678872,0.18944517,0.1909894,0.18107775,0.18627575,0.1817213,0.17758782,0.1908021,0.18336318,0.17526127,0.16200249,0.15225607,0.14476486,0.1506696,0.15033948,0.14192136,0.13627736,0.12126567,0.11604493,0.1017092,0.09830251,0.08992174,0.07908904,0.0770915,0.06768318,0.065110736,0.058953904,0.058719255,0.055345822,0.053325646,0.05417329,0.057154585,0.057733487,0.05641039,0.05671447,0.05111653,0.050978553,0.05110677,0.051590048,0.050079837,0.048821453,0.047727965,0.044913072,0.046264056,0.046015255,0.04758248,0.045574106,0.044363365,0.044068974,0.042231128,0.044706084,0.044791758,0.044435356,0.042940874,0.03874046,0.035418153,0.033658613,0.03301045,0.033695955,0.034985844,0.034630243,0.034107406,0.03472996,0.033555295,0.033557408,0.03429199,0.034727536,0.035004858,0.03446592,0.032739267,0.031377833,0.031248014,0.032589104,0.034536738,0.034411352,0.033001594,0.031832457,0.030213624,0.031834524,0.033550818,0.03265374,0.03315983,0.03258629,0.032278556,0.032178972,0.028706418,0.022984557
0.013130697,0.016210305,0.018844005,0.01870483,0.019149238,0.019346269,0.018995488,0.019225705,0.018020172,0.018001158,0.018727714,0.019191727,0.020250393,0.020815823,0.020801585,0.021657564,0.020903226,0.020983921,0.02212646,0.023231206,0.023859328,0.024406664,0.024861895,0.024674645,0.025281157,0.026714664,0.028209625,0.027852755,0.028329892,0.027949676,0.026708627,0.028900752,0.030630717,0.032048833,0.034030758,0.034344878,0.03483047,0.034986842,0.03326118,0.032205936,0.032140516,0.033093873,0.035491295,0.038688324,0.038448934,0.040903427,0.04202544,0.041759517,0.042749975,0.045285337,0.046972636,0.049716618,0.05229226,0.05297659,0.055043597,0.05476056,0.06130937,0.06151676,0.0628909,0.06563525,0.06152419,0.062372845,0.06612206,0.06693533,0.07224694,0.07919931,0.08354344,0.09016442,0.091248654,0.08780963,0.09084013,0.094207436,0.09554605,0.09931138,0.098516025,0.098591276,0.10557867,0.11843907,0.12968983,0.14375998,0.1503707,0.16073675,0.15936203,0.1607277,0.16625941,0.17478012,0.19370237,0.19729352,0.20277096,0.19389814,0.18216896,0.17611346,0.1671759,0.16325451,0.15954973,0.16499738,0.1651253,0.16905254,0.1663275,0.15737882,0.15348035,0.13956636,0.13093019,0.12120861,0.10977832,0.10270033,0.09583028,0.09119416,0.083568394,0.076096654,0.076578975,0.07220753,0.0703236,0.07084855,0.06509039,0.062074076,0.063313395,0.062131274,0.05993014,0.05836369,0.052393746,0.04901046,0.047760367,0.0429717,0.0453527,0.04660221,0.045170695,0.047707073,0.04398365,0.04230593,0.042503163,0.038543917,0.039922114,0.03873271,0.036570225,0.036729205,0.037943035,0.03733403,0.0369352,0.03814601,0.03523923,0.03549393,0.036476914,0.03409017,0.033216335,0.032888114,0.029667815,0.03194701,0.032465708,0.03050523,0.030958096,0.030012282,0.028063988,0.028131092,0.027997896,0.027743235,0.029463908,0.029018736,0.030303089,0.029644059,0.029838488,0.031001817,0.032338526,0.03326017,0.032433406,0.034229916,0.035762135,0.033862032,0.03576033,0.033987768,0.03008265,0.027980544,0.020795263
0.012673925,0.0158982,0.01795399,0.017775955,0.01801411,0.016990572,0.01645787,0.017186644,0.016653068,0.018470963,0.020299908,0.021981694,0.023500085,0.02489402,0.028206432,0.027389472,0.02687165,0.027212085,0.026094351,0.026971947,0.028103575,0.028086765,0.02778701,0.030792389,0.032354455,0.034478653,0.034546793,0.035641886,0.035997476,0.037484497,0.03816038,0.03820302,0.039225228,0.042207625,0.04433132,0.043735515,0.043734964,0.043350205,0.041797664,0.04522822,0.050852362,0.050758954,0.055452753,0.055596843,0.051834207,0.051361576,0.049565528,0.050803598,0.052694242,0.056306083,0.062253818,0.0645527,0.06777377,0.070906326,0.0706432,0.070033364,0.072280124,0.076727144,0.07584029,0.077522606,0.07710386,0.07864554,0.084299296,0.09103268,0.09869112,0.09791081,0.10257131,0.110119745,0.11012927,0.11210379,0.10775685,0.10398313,0.107491806,0.11126386,0.12044965,0.12542002,0.12768894,0.13152684,0.13248615,0.135724,0.14013585,0.14106444,0.14329293,0.14144374,0.1469263,0.15867274,0.16555525,0.17741302,0.18114698,0.17788206,0.17564964,0.16894683,0.16740306,0.16244614,0.15889831,0.15313704,0.14797692,0.14330411,0.1379911,0.13633072,0.12685494,0.12461076,0.1257051,0.1225506,0.12804954,0.12382667,0.118119664,0.11118909,0.10071471,0.09558147,0.09337116,0.09288749,0.08894122,0.086796634,0.08389682,0.07997322,0.07510056,0.07885381,0.07752273,0.074828245,0.07350017,0.067879245,0.061686873,0.063060984,0.058126636,0.059913713,0.060123343,0.05951579,0.06129465,0.058557525,0.057836235,0.057325527,0.05515826,0.052582238,0.05223637,0.049063507,0.04746672,0.04671129,0.042944442,0.041749373,0.046049435,0.04460752,0.044709627,0.04371892,0.038872164,0.040538613,0.03993978,0.039890528,0.040733986,0.04109662,0.041002866,0.041573517,0.03849383,0.035651743,0.032506637,0.029236367,0.030877098,0.030271376,0.03343716,0.035727862,0.038549293,0.03891428,0.039331164,0.038446933,0.038244177,0.04223127,0.04253377,0.044069283,0.04147997,0.039250627,0.036348592,0.030710498,0.02525204
0.015184493,0.01873879,0.022483295,0.022918597,0.023488522,0.02432771,0.025487931,0.025454227,0.02459411,0.02408079,0.022732861,0.023628008,0.024460273,0.025518479,0.025561603,0.027151246,0.02885179,0.029457282,0.030825287,0.030924244,0.031632416,0.03467602,0.03628641,0.035267897,0.03535111,0.036026645,0.035423517,0.037540887,0.03714803,0.03641193,0.038317285,0.038764387,0.041524366,0.04452244,0.044300284,0.045039196,0.046427034,0.04442294,0.045646984,0.047377504,0.045289956,0.049552348,0.05201264,0.054070715,0.058334008,0.055997733,0.057935987,0.060990386,0.059861727,0.062148176,0.06143848,0.06513667,0.07139851,0.07673476,0.081273235,0.08631538,0.087463446,0.0865595,0.08846317,0.08691849,0.086626284,0.09121569,0.09678116,0.096917816,0.107727334,0.111544475,0.11602012,0.12419173,0.12244798,0.11528325,0.11551476,0.11474292,0.113428906,0.12288673,0.12574221,0.12583597,0.13273077,0.14339596,0.14681306,0.15769342,0.16712855,0.17203295,0.1739976,0.18038733,0.17794636,0.17888428,0.18785313,0.18400194,0.18263553,0.17850909,0.18084975,0.17374085,0.17739394,0.17884302,0.16880335,0.1684638,0.1645425,0.16108961,0.15826356,0.1621891,0.1639862,0.15725183,0.15625349,0.1434297,0.1310584,0.12389326,0.1083526,0.10901003,0.09969711,0.09664579,0.09702954,0.089431785,0.08806944,0.08551953,0.08231671,0.081700005,0.07930504,0.07726605,0.07308187,0.07007343,0.06821246,0.068973795,0.06598088,0.06449667,0.06328679,0.06575136,0.069946274,0.06690647,0.06484538,0.05417983,0.046269786,0.05020808,0.051548537,0.055770516,0.05461825,0.05275141,0.052949674,0.051589206,0.052087754,0.04985647,0.045200676,0.04370101,0.042326108,0.04335435,0.045633215,0.049025983,0.05044992,0.0517122,0.05307752,0.048434515,0.048757706,0.049374674,0.04626148,0.047529418,0.047937468,0.043989595,0.04313084,0.04423266,0.042547148,0.0448797,0.046182342,0.044559255,0.043122854,0.038523298,0.039305832,0.040399645,0.04182719,0.04221181,0.04082184,0.038763285,0.03862576,0.037021115,0.0313635
0.010792318,0.013295112,0.01666672,0.01772626,0.018289303,0.018525418,0.017927634,0.018419074,0.018889513,0.020020759,0.020224212,0.020210413,0.020503674,0.020141577,0.020990623,0.021701237,0.022662386,0.023606293,0.023876958,0.024112916,0.026179891,0.027672393,0.030320521,0.031340323,0.030583143,0.030544307,0.028875712,0.03010375,0.032338973,0.034618463,0.0361837,0.036725327,0.036036752,0.03740989,0.03924655,0.039737217,0.04482393,0.04675155,0.0485721,0.049153414,0.0469149,0.045881364,0.04828922,0.053688254,0.05757565,0.058489427,0.05667415,0.055196244,0.054961007,0.05548762,0.059520725,0.061542567,0.06367641,0.06702191,0.0688433,0.07203783,0.071785554,0.084094375,0.08462137,0.08844935,0.09328825,0.08914157,0.09054892,0.09052713,0.09485795,0.09497011,0.10113989,0.10812867,0.112749204,0.12295111,0.12808691,0.13375281,0.14220724,0.13869709,0.14086029,0.15263213,0.1486483,0.15746938,0.16334942,0.15393548,0.16382462,0.17043772,0.18050906,0.19071163,0.20034862,0.20273781,0.20297837,0.20375775,0.19651845,0.19762295,0.1949893,0.19111219,0.19423847,0.18931288,0.19109027,0.17935027,0.16435486,0.15843442,0.15055059,0.15382384,0.15235832,0.14997257,0.13965572,0.14056045,0.13620995,0.12864456,0.11821786,0.10646549,0.09542724,0.08550011,0.0874424,0.08164498,0.08438402,0.07984004,0.074964836,0.07877368,0.07852134,0.076922566,0.073182866,0.063837886,0.06322764,0.06653615,0.06482982,0.062098697,0.056273546,0.05353555,0.054586615,0.056877073,0.059263423,0.06313573,0.06318691,0.06493198,0.06506243,0.06180575,0.06091472,0.06369025,0.060606956,0.059249904,0.058760963,0.053995434,0.05263237,0.049706206,0.049593803,0.048113286,0.046151374,0.046013087,0.043649092,0.045776222,0.04585956,0.049232155,0.051595684,0.050249174,0.051598992,0.047577728,0.043672845,0.039678793,0.03794869,0.04016431,0.042509973,0.04244781,0.04397647,0.04201582,0.040023014,0.040955737,0.038367443,0.036770433,0.036276266,0.036011927,0.035859745,0.034965836,0.03463851,0.030530028,0.024743622
0.014883876,0.018512232,0.020683948,0.020371163,0.020498391,0.022282185,0.022458395,0.023415605,0.023413138,0.021703728,0.023472505,0.02423438,0.026030468,0.027682219,0.03030613,0.03212748,0.03154863,0.032276276,0.033052135,0.03468881,0.03629072,0.03639212,0.03405184,0.031306595,0.030024936,0.03056169,0.03132197,0.032684557,0.03514446,0.035752404,0.037337482,0.03604229,0.033761542,0.034004167,0.035857536,0.036572672,0.039049942,0.03902368,0.03583605,0.036430616,0.034643646,0.033462424,0.035813004,0.039246857,0.04008962,0.04094655,0.042828068,0.040682577,0.042433143,0.04463277,0.044275586,0.046084106,0.04653231,0.04977508,0.05364345,0.054534666,0.05670272,0.056791537,0.057166666,0.060641047,0.06282785,0.06119036,0.06378817,0.06547961,0.06948631,0.077180795,0.07956157,0.078381166,0.0816942,0.08262014,0.08635342,0.09703949,0.099304244,0.10336415,0.108076245,0.10902822,0.11373376,0.12001731,0.12540208,0.12663205,0.12949541,0.13312146,0.13641512,0.14792687,0.15398923,0.15839139,0.16263115,0.15928228,0.1601993,0.15480258,0.14820279,0.1479405,0.14305285,0.14954749,0.15284121,0.14984371,0.14943713,0.14009872,0.13128504,0.12702239,0.1268266,0.12874977,0.12762658,0.12806302,0.124406435,0.11715565,0.11064526,0.10317648,0.09182578,0.08635852,0.08376897,0.07595735,0.0702759,0.063575216,0.06065559,0.060308803,0.05776099,0.054303136,0.051170498,0.046970163,0.045564637,0.046148784,0.046196695,0.04704294,0.046214778,0.046152987,0.043968208,0.04393481,0.045546334,0.04495175,0.048210494,0.04777671,0.04663195,0.049221665,0.045277163,0.04254634,0.04284971,0.036358554,0.034813676,0.035077345,0.03245253,0.032497033,0.03202748,0.030321367,0.027424263,0.026112221,0.025920965,0.029569184,0.030630546,0.0320794,0.03305404,0.03134126,0.031941384,0.031274367,0.031270634,0.030009659,0.03192273,0.038057007,0.03749207,0.03779449,0.03509646,0.026700614,0.024572177,0.022951748,0.022344422,0.020783957,0.02026732,0.021788651,0.02268629,0.02607888,0.032320634,0.030668676,0.028025407
0.013780101,0.017543595,0.021200169,0.020827873,0.021338549,0.020974668,0.020504579,0.021477116,0.021471897,0.02236564,0.022436108,0.023486808,0.022710763,0.0225547,0.02251915,0.022802161,0.023615235,0.025229504,0.027499268,0.02794836,0.029158052,0.02962074,0.030952137,0.031978656,0.0320747,0.031011354,0.030116642,0.031438455,0.03277198,0.034234803,0.03727424,0.037997942,0.03826897,0.03940156,0.03811081,0.04016262,0.04114531,0.04203537,0.044753343,0.044624433,0.04864489,0.052922204,0.053574834,0.051881257,0.05468548,0.053496808,0.051153168,0.053373348,0.0513823,0.058077067,0.064375564,0.06992264,0.07240145,0.06842146,0.06827588,0.07196406,0.075460054,0.082185715,0.08889481,0.089717284,0.09095341,0.09248062,0.09208693,0.09027253,0.090950124,0.09827006,0.109316565,0.11210452,0.12221088,0.12258081,0.11970373,0.1280517,0.1326918,0.13324387,0.14023909,0.142552,0.14982902,0.15282279,0.1578411,0.16306959,0.15831244,0.17105582,0.1723633,0.17464367,0.18486615,0.18213348,0.18320487,0.18563353,0.17605792,0.17852461,0.17845336,0.17533506,0.17816049,0.17531896,0.17541677,0.16893429,0.16696702,0.16310968,0.15245084,0.15188806,0.14120765,0.13678366,0.13401163,0.1253887,0.11776558,0.10808377,0.10225479,0.097589344,0.09913199,0.096931905,0.09009314,0.088635646,0.08251416,0.07739772,0.074237496,0.07159762,0.071339995,0.06703402,0.07630094,0.07766891,0.07768124,0.07552002,0.065157644,0.06280457,0.06309958,0.064989,0.069325306,0.07137496,0.072945215,0.0705111,0.06800745,0.066819325,0.06744724,0.06826784,0.0738535,0.0768426,0.07643813,0.083179675,0.081726916,0.08144388,0.08188205,0.07516174,0.06990826,0.07122808,0.069964044,0.07457943,0.07386741,0.070723176,0.06794341,0.061011445,0.06299786,0.059517484,0.06243809,0.070796795,0.069852136,0.070395544,0.06964845,0.059535928,0.06374399,0.06302763,0.060705386,0.06283132,0.057516534,0.0568727,0.059171245,0.057593983,0.054884985,0.05435859,0.05011937,0.050267532,0.05552639,0.050001908,0.043424636
0.01036639,0.012396688,0.014658553,0.015167141,0.015522573,0.015986698,0.01570487,0.016530726,0.016785705,0.017223278,0.017981408,0.017881272,0.017731076,0.01948855,0.020076595,0.020022096,0.020545542,0.0197753,0.020268295,0.021375924,0.022945926,0.024891535,0.024584554,0.024523389,0.023601782,0.022050409,0.023994587,0.024296293,0.025203642,0.026623935,0.027503567,0.028245235,0.028816067,0.029475423,0.030733315,0.031115724,0.031505097,0.032206785,0.034864042,0.037292533,0.038975485,0.039721645,0.04041706,0.039798383,0.043955192,0.045754194,0.046282828,0.047748446,0.04544555,0.0438597,0.043126207,0.04537844,0.046362493,0.04777114,0.049757462,0.049610704,0.053863294,0.060706206,0.06434796,0.06745668,0.06947953,0.07133369,0.070834085,0.07639697,0.0849114,0.08684003,0.09083084,0.096033275,0.097898535,0.107389994,0.11434297,0.11789609,0.12023786,0.12379309,0.133672,0.13897665,0.1452986,0.15014502,0.14940059,0.15604122,0.15958333,0.16956425,0.17441784,0.1804066,0.19032274,0.19306079,0.19990921,0.20608285,0.20604154,0.19665214,0.1948143,0.18655047,0.18003292,0.18714435,0.18476665,0.17486183,0.17689861,0.16678923,0.15621854,0.1558024,0.15074104,0.1455611,0.14316332,0.1393817,0.12707007,0.11944735,0.10893875,0.09910897,0.09235267,0.08899987,0.09178069,0.08848213,0.082228996,0.079595014,0.07647209,0.090955704,0.09427476,0.09918692,0.09677046,0.08296767,0.083662905,0.08512541,0.09212859,0.100353144,0.09862268,0.100307986,0.09331997,0.088524364,0.093178876,0.08531141,0.087856896,0.087057546,0.08600465,0.09273268,0.090421416,0.08488101,0.08123795,0.071003996,0.07504267,0.07720184,0.06935526,0.07081076,0.07088195,0.07292829,0.07736061,0.08031474,0.081051715,0.08112204,0.08128106,0.075777374,0.07123761,0.06934517,0.069244504,0.07210226,0.071453206,0.07116689,0.0708444,0.06641126,0.061676282,0.064320184,0.061999593,0.06466507,0.06988413,0.06501071,0.063622296,0.061704285,0.05526253,0.054974098,0.055825103,0.057059407,0.058565743,0.053652793,0.0451299
0.017888824,0.021563973,0.024479112,0.02495247,0.024624716,0.025345093,0.026408311,0.025700428,0.027654609,0.028813872,0.030011375,0.032602288,0.034575563,0.036215313,0.036805887,0.036013484,0.033645317,0.03302131,0.033762753,0.03719972,0.04107915,0.043897465,0.042966366,0.045436468,0.044628464,0.048246823,0.051116306,0.05654429,0.06158443,0.061235532,0.0628607,0.056387752,0.060919978,0.060528446,0.06563099,0.0691698,0.064131185,0.06505329,0.06767704,0.06662648,0.07106514,0.07063192,0.06199655,0.06594629,0.0620044,0.062106185,0.06304113,0.06108289,0.06844133,0.06913922,0.07154415,0.07035626,0.0709504,0.07514629,0.07801374,0.08488485,0.08688911,0.09315078,0.096645914,0.09855229,0.102392375,0.11447797,0.12185162,0.12496803,0.12439869,0.11648171,0.11800686,0.12124047,0.13291982,0.13849051,0.13599576,0.14166749,0.1421247,0.1516807,0.16682272,0.1738119,0.17433538,0.17032649,0.1674795,0.16347481,0.16870728,0.18216604,0.18364859,0.1863682,0.18524426,0.18218537,0.18539654,0.18510693,0.18781559,0.18199952,0.17939422,0.18245356,0.17744267,0.17710431,0.1802674,0.16925018,0.16419418,0.16157109,0.14400756,0.14105801,0.14171349,0.12988211,0.12643088,0.124089025,0.11159072,0.10536749,0.104392916,0.09833947,0.09133638,0.08985793,0.0825984,0.07690045,0.07818522,0.07496634,0.073168725,0.07340802,0.07303014,0.06926118,0.06916258,0.06917418,0.06772444,0.067832164,0.06395878,0.063241825,0.06363519,0.071198575,0.07153056,0.070419185,0.07081357,0.06315626,0.06638486,0.066949084,0.06588169,0.06770373,0.06593255,0.063955404,0.06675566,0.06594894,0.066165216,0.0700341,0.0656527,0.061546355,0.062752284,0.056192853,0.05950906,0.06132484,0.05774925,0.059239876,0.055002104,0.05689069,0.06293225,0.06625189,0.07129616,0.07280794,0.06803924,0.06993116,0.06954907,0.0670216,0.064731166,0.055574387,0.05055903,0.04670721,0.045805737,0.049903166,0.050890416,0.04937442,0.04911878,0.05329331,0.05086626,0.0538312,0.051777873,0.039884593,0.031453673
0.012178397,0.016247055,0.019405618,0.019950725,0.0204064,0.019911844,0.020222744,0.023037976,0.025079647,0.024904829,0.025069851,0.023968628,0.025741026,0.027471164,0.028202375,0.028689044,0.027176335,0.026528597,0.027805433,0.028015237,0.028265826,0.029420989,0.029755617,0.02981657,0.031214863,0.034243546,0.036017366,0.041794688,0.04387603,0.043727595,0.04464079,0.041472442,0.042831134,0.04269124,0.041027073,0.041186012,0.03960781,0.04192827,0.045287292,0.046693526,0.04949615,0.054535195,0.055652644,0.05726925,0.059172932,0.05581686,0.060980346,0.06326314,0.063878834,0.06614872,0.064840294,0.06969266,0.074038416,0.07389708,0.07730869,0.080362916,0.08667348,0.09288627,0.09724756,0.0940475,0.09438666,0.09749835,0.09848243,0.105421096,0.108598866,0.11415774,0.119460486,0.12566517,0.1357225,0.13699023,0.1388987,0.1426619,0.14203988,0.1480008,0.1578526,0.16362849,0.17221443,0.17552096,0.17812456,0.17833927,0.18679538,0.19354784,0.19672348,0.20773286,0.19742084,0.20325637,0.20741986,0.2000832,0.20073894,0.19926196,0.18766198,0.18910697,0.18790478,0.18592075,0.19340548,0.1891502,0.1885035,0.1780632,0.16537243,0.15554509,0.15219605,0.14446957,0.13745293,0.129332,0.11737356,0.108747266,0.102986835,0.09923111,0.092105955,0.08496346,0.08626018,0.08375335,0.08171592,0.08348522,0.07851753,0.08526807,0.08347984,0.0819786,0.08030415,0.07969994,0.08511467,0.08411989,0.086129546,0.08330529,0.07905939,0.081803754,0.0843645,0.08571965,0.08793793,0.08705524,0.08645401,0.08354447,0.082127094,0.08097221,0.091577515,0.0911039,0.091401786,0.09785056,0.08824035,0.08865267,0.0950446,0.09427407,0.09246771,0.09226195,0.090499744,0.09092239,0.09553444,0.09790401,0.09199614,0.09409118,0.10136756,0.09941158,0.099251956,0.0919045,0.078439325,0.07679102,0.07727174,0.0804397,0.07491364,0.07587275,0.07623509,0.075271636,0.08076415,0.07886688,0.07424063,0.07074117,0.07781319,0.07797882,0.079647854,0.07642351,0.06558963,0.058062557,0.048141018
0.015099275,0.017433196,0.020082638,0.01996205,0.022,0.023373669,0.023696061,0.024718018,0.022830745,0.024615495,0.028457304,0.030285256,0.03313608,0.032866534,0.030411525,0.029855134,0.030129783,0.032451387,0.033125497,0.03337582,0.03428698,0.03263314,0.034991797,0.036636967,0.03659599,0.036767,0.036192156,0.0352184,0.03659665,0.039738014,0.041891627,0.045354888,0.047412444,0.047586817,0.050013077,0.05049712,0.050986536,0.052301776,0.053501554,0.055199593,0.057424307,0.0599163,0.058768664,0.062547766,0.064632826,0.063575454,0.06571731,0.066542685,0.06576025,0.07141099,0.076027244,0.07674689,0.08324626,0.085080646,0.08541306,0.08661471,0.09072035,0.09607635,0.10129586,0.10927168,0.109990254,0.10892881,0.11770639,0.11111444,0.1166726,0.1225444,0.1186775,0.123964205,0.12946345,0.13077603,0.133532,0.14313836,0.142986,0.15549025,0.15967377,0.16466394,0.17164537,0.17442562,0.18872137,0.19497205,0.20130734,0.20901361,0.21060875,0.21176803,0.21506439,0.20356368,0.19943029,0.19755647,0.19743212,0.19567409,0.18597001,0.18520212,0.17351924,0.17908566,0.18440501,0.17457645,0.17578185,0.16799839,0.15889308,0.16341646,0.15042728,0.14623931,0.14200792,0.12299387,0.118683405,0.10736802,0.095204204,0.0907538,0.082043394,0.0780351,0.07762871,0.07665138,0.078618705,0.08326678,0.0842822,0.08719526,0.090821736,0.08694188,0.09100448,0.093340695,0.0878,0.087295726,0.08353293,0.07797387,0.0777146,0.08342392,0.083412915,0.08983944,0.091241576,0.09135228,0.09176837,0.090926684,0.090721324,0.087664984,0.08664022,0.08649058,0.08890755,0.08469142,0.08403316,0.085222416,0.091451205,0.09200549,0.092408426,0.091305666,0.09713541,0.103373796,0.103861704,0.10407389,0.0932969,0.08869063,0.08452967,0.08125143,0.0770563,0.079044186,0.08137749,0.0754743,0.07384364,0.06624636,0.06321746,0.06655129,0.06105546,0.06292777,0.06225585,0.05923221,0.068284474,0.06722705,0.068268284,0.0693888,0.06632638,0.06552796,0.060558174,0.0542542,0.041565355
0.011235447,0.014572226,0.016051752,0.015783055,0.01565754,0.015028562,0.016023008,0.01631448,0.017478779,0.017958323,0.019402077,0.020269467,0.020569002,0.020854564,0.021678219,0.022633722,0.024787042,0.026493523,0.028614687,0.03105224,0.032630943,0.033131167,0.034983214,0.03476094,0.034255233,0.0362167,0.034567356,0.035968747,0.03857092,0.040646825,0.04291203,0.04752138,0.047500737,0.047869727,0.04846238,0.046540286,0.048753716,0.049703322,0.051894404,0.05297048,0.056151208,0.058496226,0.06008133,0.05968743,0.057347193,0.060473926,0.062238414,0.06664446,0.06795934,0.07459732,0.07468324,0.07489828,0.08338643,0.08568652,0.090578966,0.09245217,0.08844258,0.0835409,0.08711862,0.09563243,0.1044394,0.11284253,0.11084412,0.11644892,0.1257592,0.12735039,0.1393117,0.1449689,0.14144582,0.14616065,0.14604904,0.14953738,0.15975147,0.16252293,0.17316793,0.17559344,0.17617138,0.18098311,0.1810939,0.18113348,0.18193547,0.18424878,0.18688154,0.19400464,0.20059808,0.1896692,0.19374345,0.1978884,0.19396615,0.20455533,0.19701563,0.183238,0.18104711,0.17839548,0.17457984,0.17108583,0.16930513,0.16714674,0.15541562,0.1548732,0.14160955,0.12815066,0.1255299,0.115194514,0.114825115,0.11315322,0.11070565,0.10427689,0.09418205,0.08606484,0.09068062,0.08969557,0.0876961,0.09294864,0.08831461,0.08829621,0.08619294,0.07739815,0.071074,0.0711192,0.074518204,0.07738501,0.07989576,0.079304025,0.07413852,0.069670506,0.065781154,0.06295647,0.06247344,0.06210415,0.06101161,0.060033813,0.059558846,0.058317732,0.055641226,0.054444626,0.055548977,0.058001332,0.058209825,0.056198213,0.061142936,0.06062395,0.061739884,0.06277604,0.05752385,0.055801272,0.056516644,0.053884167,0.050737735,0.04783502,0.044646148,0.047766935,0.046137124,0.04664345,0.04507279,0.04075329,0.042548224,0.040537942,0.039347194,0.038318656,0.042063095,0.042232655,0.04243197,0.04108899,0.035179663,0.03773486,0.036963142,0.04272776,0.043008942,0.041644797,0.042486407,0.038501594,0.033980135
0.013540006,0.016997539,0.018918362,0.020700438,0.021100374,0.022971237,0.023864968,0.024510581,0.0250503,0.02414284,0.025699163,0.026050214,0.026673041,0.027929852,0.029973317,0.0303727,0.031134443,0.031325325,0.031094005,0.03169728,0.034274366,0.03438297,0.0325531,0.0335402,0.03273429,0.034571778,0.03612115,0.039838523,0.041972946,0.044722456,0.049171504,0.04840072,0.049103174,0.047813274,0.05018329,0.0489565,0.05150275,0.05484054,0.057412162,0.06024403,0.06289519,0.06781149,0.06479825,0.06947033,0.070557795,0.07496493,0.08578463,0.08741341,0.098051,0.09637818,0.091631725,0.09480409,0.09071937,0.09587733,0.10254471,0.10703057,0.10345255,0.10493931,0.104109295,0.10813136,0.11171549,0.11448363,0.115706794,0.12232451,0.12884605,0.13909183,0.14811125,0.1451484,0.14815728,0.14816335,0.14617212,0.1496389,0.15197167,0.1581571,0.15999378,0.16541341,0.17618142,0.16686904,0.17162591,0.17522313,0.17699486,0.19391462,0.190238,0.19109733,0.18612815,0.18401702,0.19748409,0.20166187,0.20107985,0.20282911,0.1890784,0.1833766,0.18895955,0.19001487,0.20299852,0.19943605,0.1935455,0.17385298,0.1568701,0.14716546,0.13602781,0.1282236,0.1214366,0.11382302,0.10181167,0.10274006,0.09496544,0.091256574,0.08994883,0.07901588,0.07543448,0.06833174,0.06663135,0.07525818,0.072261654,0.07323856,0.06846761,0.068916455,0.073165834,0.07630316,0.08030054,0.0788776,0.0795127,0.079340115,0.07884005,0.07527955,0.07267671,0.07117218,0.06856041,0.06678968,0.070413105,0.073390715,0.072031714,0.07842659,0.07684487,0.07337007,0.07546829,0.07060538,0.06854407,0.079796754,0.08979023,0.09337035,0.094383165,0.088401705,0.08279764,0.08371176,0.08288662,0.09175876,0.093490124,0.08878563,0.09026546,0.0799229,0.076137826,0.079530954,0.079147376,0.078412876,0.07724034,0.072051466,0.06978527,0.069025464,0.06704745,0.0706127,0.07189779,0.068853706,0.07062864,0.07043046,0.06845709,0.069466494,0.06480695,0.055903934,0.04979538,0.04287952,0.03234086
0.014846634,0.01763301,0.02130014,0.022750696,0.022922019,0.024658732,0.023876995,0.023653623,0.025339276,0.025326243,0.02665311,0.027319172,0.026868936,0.02898852,0.031951457,0.03512348,0.036055107,0.035167854,0.033925317,0.03495634,0.03737527,0.04020989,0.041063428,0.04141985,0.040699158,0.04024801,0.041668575,0.04028857,0.040577665,0.040888276,0.039556634,0.042295247,0.042804934,0.04459765,0.04913811,0.04972468,0.051858794,0.054181505,0.054385506,0.05516178,0.058329556,0.057861846,0.05716691,0.059353717,0.065922834,0.07244852,0.07740666,0.08118508,0.08158714,0.086191274,0.09316758,0.09196005,0.09232269,0.09356957,0.094521195,0.0977356,0.0981427,0.09776735,0.09795695,0.103839,0.114756346,0.12413638,0.12903647,0.135824,0.13486764,0.13842732,0.14198092,0.13849469,0.13903852,0.14072248,0.1424364,0.14568344,0.15130265,0.14716241,0.14631747,0.15203853,0.15753897,0.16323152,0.17525578,0.17183091,0.16950633,0.17166103,0.1778524,0.19460358,0.2020824,0.2174784,0.21387638,0.20924114,0.20631818,0.19336365,0.19502512,0.1898948,0.1863791,0.19117028,0.18532841,0.18500246,0.1787261,0.16028713,0.15025856,0.13902156,0.13715616,0.13174339,0.1186116,0.109842256,0.10002581,0.09960416,0.099149786,0.09887004,0.094569296,0.08670023,0.08914175,0.08612633,0.08765795,0.08739837,0.082336135,0.07909093,0.083073094,0.08673955,0.08412012,0.08691444,0.08831595,0.08363704,0.0903937,0.08697556,0.07981786,0.084825225,0.08137654,0.08392845,0.08424299,0.08006625,0.07934705,0.07965113,0.07742746,0.07693837,0.076359876,0.07779551,0.084545895,0.088038534,0.0896433,0.08990752,0.08602566,0.082841724,0.078448944,0.07526733,0.07707134,0.080071844,0.08147895,0.078844965,0.07446039,0.07226905,0.07571967,0.07715829,0.078403465,0.076893315,0.0735417,0.07125237,0.0635648,0.063983165,0.06175083,0.061170503,0.06474558,0.067691214,0.067385204,0.06547102,0.066450655,0.058557574,0.054644536,0.054514304,0.04953491,0.04764705,0.048019517,0.04261484,0.03578259
0.009033625,0.012001162,0.014421499,0.01480806,0.015897539,0.015485732,0.015450513,0.015123595,0.014904994,0.01512509,0.015488897,0.017297074,0.017284703,0.019657241,0.02148771,0.022495009,0.024563832,0.024600238,0.025008421,0.024706842,0.025386285,0.028525809,0.027712911,0.029663488,0.029703792,0.028770365,0.030538118,0.03269987,0.03353946,0.03337509,0.036526453,0.037743628,0.03899624,0.0411281,0.039629046,0.039749403,0.040925354,0.040267613,0.041481394,0.042261038,0.043597642,0.046395376,0.05120275,0.050973516,0.05132087,0.053119045,0.05145062,0.05325615,0.056098286,0.05702045,0.059753586,0.061217137,0.06538916,0.06752564,0.06923436,0.07346501,0.08167959,0.083067276,0.08974164,0.09402274,0.08951986,0.09620306,0.101238005,0.10150239,0.10687735,0.11260151,0.10782677,0.11527288,0.12700132,0.12711038,0.13080949,0.137331,0.13304718,0.13421035,0.14446571,0.15066679,0.15703607,0.16535869,0.17085624,0.16942076,0.17345387,0.18565567,0.19588467,0.1964609,0.20912553,0.2070557,0.20263755,0.21020651,0.19849226,0.20023698,0.1944174,0.19834715,0.19198593,0.18611012,0.18454935,0.1633769,0.17048681,0.16166943,0.1540979,0.15194109,0.13472414,0.12323465,0.117932655,0.11193321,0.111557625,0.10978838,0.103715904,0.09737949,0.08747878,0.08064135,0.074934386,0.07591474,0.07718391,0.080353834,0.08893422,0.092712335,0.092100896,0.094761096,0.0876041,0.09189468,0.09454941,0.09255333,0.09990487,0.09781522,0.100540616,0.098156475,0.09791201,0.1051855,0.10891815,0.10947092,0.108452626,0.105290085,0.1056603,0.11144028,0.108779356,0.1075572,0.10695018,0.10612386,0.117213465,0.1107943,0.11512181,0.110220514,0.099089615,0.099044584,0.08610279,0.086511225,0.08636948,0.08541606,0.08342945,0.081379995,0.07579906,0.079613194,0.07789561,0.07913179,0.07508349,0.07228374,0.071272545,0.06830948,0.07163911,0.07087897,0.0741924,0.074704476,0.070803896,0.06853621,0.06450801,0.0638197,0.06632948,0.066600055,0.06495967,0.06179641,0.060986187,0.05278229,0.04413875
0.011959476,0.015199166,0.01756615,0.018351441,0.018524675,0.019102247,0.019721499,0.01980881,0.020140218,0.019818947,0.020016523,0.019387128,0.01971726,0.018781684,0.020148681,0.02047158,0.020565558,0.022152688,0.02184549,0.021778561,0.023491655,0.023846516,0.022599772,0.023791425,0.022486258,0.023640543,0.023882061,0.023575772,0.024814745,0.023990586,0.025280593,0.026550721,0.026776794,0.028608024,0.028286358,0.028174488,0.028914044,0.028492786,0.030400494,0.031178646,0.031184727,0.031059256,0.029373832,0.031199725,0.03040291,0.030299032,0.03226773,0.03156432,0.03328423,0.035299543,0.035137855,0.034776032,0.035876017,0.034638137,0.036066677,0.035613935,0.034555625,0.0361839,0.03736191,0.03930978,0.040576495,0.041701753,0.04200365,0.041780133,0.04378706,0.04505395,0.046022695,0.04970595,0.04968462,0.049970593,0.04952875,0.04842277,0.049405113,0.05316995,0.05489602,0.05580159,0.06095721,0.060987107,0.06534554,0.066140465,0.06848983,0.07279259,0.07321534,0.07540075,0.0739328,0.07340552,0.07696443,0.08470054,0.08787954,0.08814285,0.08764662,0.08296056,0.08835765,0.09481056,0.10130712,0.10572311,0.10138433,0.101385154,0.09667805,0.09555203,0.102704644,0.107217945,0.109310895,0.109543495,0.10564868,0.10161293,0.105175145,0.10939166,0.10860258,0.108318254,0.103181645,0.09888678,0.09998613,0.0917918,0.089604534,0.08439455,0.07580997,0.08061178,0.0831624,0.08455546,0.0850946,0.08589693,0.08041076,0.07664009,0.07649578,0.0681037,0.064733505,0.06317239,0.060062863,0.059555676,0.05816663,0.054145195,0.051954806,0.0495088,0.04738837,0.048099827,0.04462042,0.04138493,0.038519412,0.034391403,0.034220446,0.033154674,0.03225649,0.032277465,0.030559836,0.031527665,0.030302968,0.029428244,0.028918808,0.027218997,0.027790576,0.026930997,0.026557487,0.024365177,0.022425052,0.023073254,0.022708718,0.023028556,0.02278315,0.021123335,0.01915745,0.01800543,0.019154394,0.018355858,0.01805747,0.01738001,0.015840726,0.01561504,0.015771829,0.015815409,0.016072053,0.01525701,0.013101364
0.014105766,0.01767955,0.019915784,0.019375766,0.020300861,0.019768039,0.020575322,0.02169527,0.021046225,0.021434942,0.021681411,0.021387286,0.021772131,0.021781145,0.0222236,0.023449156,0.023492897,0.023937857,0.02446542,0.024207056,0.023604535,0.02476042,0.024748156,0.024569849,0.025362536,0.026320327,0.026272416,0.027495697,0.028467245,0.027256737,0.028119026,0.029291186,0.029476443,0.029510997,0.029675271,0.030040614,0.031447932,0.03324057,0.033590246,0.03290394,0.03307368,0.034978136,0.035718735,0.037184004,0.036341388,0.034930967,0.03564181,0.034770247,0.037373118,0.037797395,0.037793387,0.041004293,0.040812265,0.042913,0.045108885,0.043642398,0.045833465,0.048531882,0.050471015,0.0520393,0.050231107,0.047232132,0.04539647,0.04547342,0.049511928,0.05255536,0.054209016,0.055270206,0.056445755,0.058630582,0.060424402,0.06034498,0.06150004,0.06375813,0.06665146,0.0699941,0.07178158,0.0725651,0.07531491,0.077466264,0.07971866,0.085649036,0.09160301,0.09241522,0.099333905,0.0966176,0.09299639,0.094781704,0.08935351,0.096468545,0.09757545,0.099286854,0.10201235,0.098092005,0.10837738,0.11110274,0.11385409,0.11661917,0.10650211,0.10909478,0.105559655,0.10280259,0.103126235,0.09945278,0.098283894,0.10585963,0.11112612,0.11008896,0.10935635,0.1035012,0.101865746,0.10330163,0.10255043,0.101525165,0.0959848,0.089681625,0.09196362,0.08785478,0.08992567,0.08919907,0.08705826,0.08394778,0.07497597,0.07326101,0.068527035,0.070090845,0.07053422,0.070403665,0.06894397,0.06231733,0.05969291,0.05368186,0.04843342,0.05005558,0.04951993,0.05008636,0.053684063,0.051035706,0.048596106,0.046385735,0.041320466,0.04113253,0.04087511,0.041358802,0.038986385,0.035986997,0.036813002,0.034356646,0.034084313,0.034232292,0.032915954,0.03221071,0.032751415,0.032193135,0.029593265,0.03051945,0.030406281,0.027450912,0.026704563,0.025469972,0.022854742,0.023630822,0.02315779,0.021746362,0.021437695,0.02050217,0.021446304,0.021056259,0.023292748,0.024068125,0.023814302,0.02219728,0.016543927
0.013292956,0.016499404,0.019524176,0.019689232,0.020677881,0.021459015,0.021108324,0.021349804,0.02117703,0.021941759,0.023209026,0.023404988,0.023059433,0.022496553,0.023580873,0.023367342,0.024090612,0.026142364,0.024877688,0.025235992,0.025622064,0.024040673,0.024559362,0.025750194,0.026437638,0.026906569,0.028143255,0.02903535,0.028666329,0.029826595,0.030847896,0.031200983,0.03189455,0.0321503,0.032121077,0.031647608,0.031908244,0.03326432,0.033317585,0.034979865,0.03605628,0.035113294,0.03588435,0.034161445,0.03500402,0.034499604,0.034171913,0.035333294,0.036216322,0.03710878,0.03863389,0.03880236,0.03793808,0.03784646,0.0383234,0.040855195,0.04399057,0.046071477,0.044721123,0.04363048,0.041250125,0.040571965,0.04420151,0.04769275,0.04796383,0.048378013,0.046087116,0.046318423,0.049346443,0.051196765,0.054028783,0.053723432,0.05634184,0.05706762,0.0607328,0.06598895,0.06812594,0.068543494,0.06890051,0.06806567,0.06631635,0.069746785,0.0704434,0.07764689,0.08317949,0.089958966,0.09263478,0.088341765,0.08909049,0.08530613,0.09160095,0.099557534,0.09926785,0.10235335,0.09912891,0.09550783,0.09809393,0.10514402,0.106396034,0.104533106,0.112603374,0.10657104,0.11077167,0.120098755,0.11442087,0.113907285,0.10739704,0.09642936,0.10462714,0.10136175,0.10467932,0.103929564,0.09550771,0.09624433,0.09378408,0.094578154,0.08668348,0.08769315,0.082108326,0.07844967,0.07802706,0.073539786,0.07136734,0.06999894,0.06714157,0.06426522,0.06277083,0.061419807,0.058822885,0.055467285,0.056285832,0.055153612,0.056547757,0.05482506,0.050871935,0.046209503,0.04192448,0.04266346,0.04186917,0.04137777,0.0387907,0.03565372,0.033124506,0.033343058,0.03308065,0.03211098,0.032482278,0.031332254,0.030356726,0.03182486,0.030906066,0.029881705,0.030056639,0.027777527,0.027663087,0.026819041,0.025615789,0.026165813,0.026752127,0.028050208,0.02739397,0.026338771,0.025301756,0.021952426,0.021764396,0.021952044,0.021262947,0.021814004,0.020873932,0.02018647,0.019627279,0.017829562,0.015382783
0.014356532,0.018190254,0.020685919,0.021153912,0.0233149,0.02282391,0.023817077,0.024030251,0.022825716,0.02381152,0.024098985,0.024918493,0.02500889,0.026327495,0.026936295,0.027180409,0.02767352,0.027292883,0.026620984,0.025518961,0.02628424,0.025849637,0.027881578,0.030719096,0.030899066,0.032603864,0.033520605,0.033993416,0.033595514,0.033712085,0.03292347,0.03465473,0.03818333,0.03931848,0.039485503,0.038956195,0.038667705,0.03940491,0.041132577,0.04317317,0.041692268,0.0438095,0.04461218,0.04556888,0.047362845,0.045802288,0.04560957,0.047622487,0.04835497,0.051940773,0.052390303,0.05494011,0.061739426,0.06281891,0.06592806,0.06583375,0.06268073,0.06431848,0.06339486,0.06500398,0.06568921,0.06379149,0.065181874,0.06406634,0.06728662,0.06966201,0.07300203,0.07656137,0.07840134,0.08164684,0.08276304,0.083886266,0.08350702,0.08310257,0.08989118,0.096155085,0.10016688,0.10229807,0.09965124,0.099365756,0.10261398,0.11050346,0.11954752,0.123072125,0.12897937,0.13121612,0.13069472,0.12804149,0.12653375,0.12563078,0.13079306,0.14353052,0.14251682,0.14187689,0.13680181,0.13521376,0.13799475,0.13937414,0.13562118,0.1272869,0.13750045,0.14223811,0.15024848,0.15283148,0.1386721,0.13344286,0.12612042,0.12236056,0.1250032,0.11927429,0.11590171,0.109840915,0.107545994,0.10800051,0.10606342,0.10266402,0.09741094,0.091764495,0.08775756,0.08758628,0.08267031,0.080716275,0.07892329,0.07395835,0.06764575,0.06631041,0.06241173,0.059291437,0.05965333,0.050847244,0.050576936,0.04992032,0.048011832,0.048195608,0.044062573,0.040514514,0.039025225,0.037752055,0.036010534,0.034247752,0.0351422,0.034035847,0.035134032,0.038214307,0.036787666,0.03602884,0.032593857,0.029175593,0.02746451,0.028451888,0.029362617,0.029089948,0.027009454,0.024097482,0.022781838,0.022042034,0.022208525,0.022143647,0.022080895,0.022308683,0.022113523,0.02126639,0.020824898,0.018929718,0.018281711,0.018192112,0.017457712,0.017841792,0.017019887,0.016623884,0.017006727,0.015367176,0.013183971
0.01663313,0.021222608,0.025442528,0.02583298,0.02813011,0.028110737,0.028118454,0.027781814,0.026515925,0.026814686,0.026543548,0.027205527,0.026861297,0.027910592,0.028536405,0.03040542,0.031832907,0.03134685,0.031921554,0.033010136,0.033594582,0.034430843,0.03399225,0.032629568,0.034196325,0.03438722,0.03510344,0.035701554,0.03435673,0.03465862,0.035790816,0.036396474,0.038172923,0.03939599,0.04110595,0.042097874,0.04218986,0.044030692,0.043136843,0.043348853,0.043484326,0.04322423,0.04684011,0.04783727,0.050329927,0.053696938,0.051508114,0.053332925,0.054224793,0.052208193,0.054235592,0.054370943,0.056487665,0.060745593,0.064656876,0.06571836,0.06572639,0.06561599,0.06465945,0.06748641,0.07186399,0.07383969,0.07607573,0.07736964,0.075252935,0.0763368,0.07296632,0.07398062,0.07696069,0.081956856,0.08449384,0.08877043,0.08529067,0.08454787,0.09124163,0.097970545,0.10533215,0.11097898,0.115227476,0.115389295,0.120178685,0.11951783,0.11905062,0.12096459,0.1233945,0.12910146,0.13876183,0.14619735,0.14880398,0.15558724,0.16020669,0.15793115,0.15878023,0.1528763,0.14586957,0.14546321,0.15071467,0.15221404,0.15740743,0.15744415,0.14739166,0.1486516,0.14725614,0.14745256,0.15525757,0.14600053,0.13883333,0.13304427,0.12669496,0.13060372,0.12903143,0.12798814,0.12737149,0.12970977,0.12380631,0.120217755,0.112945,0.10128658,0.09811716,0.096504994,0.09045917,0.08990332,0.09151868,0.08554266,0.08280004,0.07826328,0.06918935,0.064426795,0.06440425,0.060037218,0.058459785,0.05561202,0.050008077,0.049831234,0.048676148,0.05098546,0.04998321,0.04743922,0.046275422,0.042635016,0.04123472,0.039544202,0.037894588,0.037116498,0.036576692,0.035328127,0.032885816,0.03320869,0.032868188,0.03303958,0.03283488,0.03237151,0.031789795,0.029211834,0.028474476,0.02702563,0.026334008,0.025909085,0.025600983,0.024717564,0.023219295,0.02472605,0.025962107,0.025501821,0.025760291,0.02417154,0.023798566,0.023524163,0.022233855,0.022186628,0.020787861,0.018865546,0.015845979
0.016334752,0.020593261,0.023867324,0.0247119,0.024007214,0.024124773,0.024043374,0.023342114,0.02434093,0.02401368,0.02448033,0.024677971,0.025583602,0.027468491,0.026697855,0.027597314,0.028029758,0.027254632,0.028676897,0.030357137,0.030057272,0.030874776,0.03130187,0.029554272,0.030426351,0.031225683,0.03273988,0.033323754,0.033562686,0.032919075,0.032997653,0.034551997,0.035308987,0.03632947,0.035880797,0.035806015,0.036638763,0.03608679,0.036913007,0.040922858,0.039308086,0.04120542,0.04271924,0.03922648,0.041861422,0.044660278,0.04561591,0.04745358,0.049980063,0.05185934,0.053655136,0.060354743,0.06067957,0.06179235,0.061448015,0.05955171,0.06090085,0.06075863,0.06034655,0.06223573,0.062937096,0.06434442,0.06726318,0.0711523,0.07143595,0.07409437,0.07394863,0.07450525,0.08089548,0.08320539,0.088921145,0.08797504,0.08530342,0.08691434,0.08928252,0.09742384,0.1088778,0.11604058,0.11932793,0.12181794,0.118956,0.12189444,0.12392005,0.12556429,0.12675068,0.13177504,0.14154977,0.14146625,0.14657162,0.1473899,0.14329177,0.14812236,0.15254769,0.15100591,0.14651333,0.14600271,0.14348598,0.13880245,0.14954434,0.15039173,0.15626232,0.15708126,0.15132098,0.14510486,0.13676511,0.13787927,0.13539131,0.14209807,0.14101607,0.13972132,0.14002073,0.1306798,0.127303,0.116647184,0.11131181,0.10764275,0.10116968,0.10752872,0.10020447,0.09453142,0.08847137,0.0831909,0.08115586,0.08209048,0.07848228,0.068400174,0.06588968,0.061701838,0.059312943,0.055853993,0.0496961,0.04351326,0.042213935,0.043317106,0.041201722,0.041214384,0.03880104,0.037753392,0.038396753,0.036816135,0.035982206,0.032681245,0.03061824,0.031038415,0.031073699,0.031233147,0.030736579,0.028352857,0.027293408,0.027340626,0.027161794,0.027703423,0.028426014,0.02724619,0.026168568,0.025712408,0.024642428,0.024900943,0.023574969,0.025304474,0.025327412,0.02338729,0.023312261,0.020139411,0.020271903,0.020008232,0.021263188,0.022088872,0.021324547,0.022007052,0.020964175,0.018663982,0.015310618
0.016866654,0.020826334,0.024037305,0.02435653,0.02399865,0.025317147,0.025457859,0.026660347,0.027152002,0.025675872,0.026171181,0.025404507,0.025669046,0.02630182,0.027179485,0.027265036,0.028348336,0.028986301,0.030983798,0.033038042,0.032484278,0.03233002,0.030388981,0.029851286,0.0314752,0.0329914,0.034083445,0.03377594,0.034879133,0.036937755,0.03706374,0.038198467,0.037428793,0.036344804,0.036713798,0.03793051,0.04005881,0.042875387,0.043680374,0.045245446,0.045545503,0.0423569,0.047585454,0.04726708,0.04826666,0.050717406,0.04739854,0.050229765,0.051955972,0.052773263,0.055197947,0.054527406,0.05520473,0.056465477,0.055240322,0.05731435,0.061719436,0.06354929,0.066185184,0.06842396,0.06658687,0.06670407,0.068842106,0.070557036,0.0752977,0.08000252,0.08040399,0.08463834,0.08748636,0.08866373,0.0924818,0.09408565,0.09179385,0.093941316,0.102070704,0.107762925,0.11533338,0.119549215,0.11789002,0.12170731,0.118032776,0.12102796,0.13457006,0.13476403,0.1462655,0.15321803,0.15004057,0.16213083,0.16418938,0.16719879,0.16971797,0.16849215,0.17268491,0.17529999,0.170869,0.17186715,0.16517793,0.15918107,0.16486798,0.15808766,0.15344757,0.15254071,0.14370084,0.13711344,0.13955344,0.13924678,0.13802664,0.13921124,0.13840815,0.12965989,0.12805068,0.11880945,0.11095818,0.107479624,0.10220159,0.10420883,0.09711536,0.091770515,0.08564176,0.07678969,0.08103662,0.08413251,0.08376047,0.08089987,0.07290971,0.06508654,0.061387204,0.060893998,0.05785652,0.05357346,0.054074083,0.05413,0.053407904,0.052889127,0.04885076,0.04304374,0.0410086,0.040799357,0.03975443,0.03989202,0.041290525,0.038322896,0.036866967,0.04033415,0.037703294,0.037527423,0.039318357,0.035159018,0.0340853,0.033274252,0.02965747,0.030322064,0.030632768,0.031414047,0.0313398,0.031358328,0.030563567,0.030982664,0.03189074,0.030971471,0.031547822,0.029448655,0.029355329,0.027635086,0.026212681,0.028582046,0.026661437,0.02777104,0.029092083,0.026776606,0.027343158,0.023760216,0.018492043
0.018542469,0.023993358,0.026158785,0.02626982,0.026537715,0.025895106,0.026827808,0.026265923,0.02657445,0.026043009,0.028906366,0.030806828,0.031335294,0.031932663,0.0316761,0.031921484,0.032335907,0.033327047,0.032881536,0.033220377,0.033000343,0.03353623,0.03421405,0.033414986,0.033110056,0.034225587,0.034049366,0.034137663,0.037334308,0.03621145,0.036918815,0.038080387,0.038089935,0.03983806,0.038548835,0.039892614,0.038372822,0.03906412,0.041625936,0.04317193,0.044186745,0.04548791,0.04663952,0.048699662,0.049390327,0.04894355,0.054144654,0.051821005,0.054700036,0.056125846,0.05363273,0.05484471,0.05818815,0.06200578,0.06167436,0.06600202,0.06671093,0.07129383,0.07605145,0.07696549,0.0752146,0.07392251,0.07531204,0.073044986,0.0772777,0.07308696,0.078075446,0.08402082,0.08435074,0.08890556,0.088231936,0.09062313,0.09373855,0.09961986,0.10167378,0.10992919,0.11183473,0.111642964,0.116365135,0.11833225,0.121689506,0.12594314,0.12684938,0.13339205,0.13760269,0.15054663,0.15682165,0.15673743,0.16195145,0.15205723,0.15766965,0.16249393,0.16108632,0.1631209,0.16602571,0.1632714,0.17320195,0.18655263,0.18596622,0.18918915,0.18410043,0.17199305,0.16621058,0.16295323,0.15894735,0.16140485,0.16047129,0.15036143,0.14765391,0.13509461,0.12609082,0.12078112,0.112506166,0.1133253,0.11699415,0.11733518,0.11745077,0.11235973,0.098638035,0.099961385,0.09036127,0.09052191,0.091078006,0.081531726,0.08064663,0.07488932,0.06711671,0.06469861,0.059847698,0.058907043,0.059639867,0.05628215,0.056128103,0.052045435,0.05079746,0.04779181,0.04651627,0.047356747,0.042810712,0.04431227,0.043087717,0.04235096,0.040949553,0.04062369,0.038564317,0.036365975,0.03796015,0.035955384,0.035615463,0.035808295,0.035518885,0.035008535,0.034505803,0.031350736,0.028701875,0.027999667,0.0269968,0.02738087,0.028943181,0.030065523,0.03067213,0.03064119,0.03022541,0.029463429,0.02970516,0.030108081,0.030267946,0.03056211,0.030092375,0.029458234,0.029325878,0.026026206,0.021665169
0.018143907,0.022183243,0.02557024,0.025508873,0.025366606,0.02707711,0.028024951,0.028648604,0.028456995,0.026707582,0.02549462,0.025535347,0.025538437,0.027739756,0.030579079,0.031551126,0.032401666,0.031872574,0.030192398,0.030203108,0.030417422,0.030514015,0.033323254,0.034914345,0.035957776,0.036124647,0.036583047,0.03690629,0.037683655,0.040874816,0.04056867,0.03979179,0.040952545,0.03982815,0.03929728,0.040336397,0.040008705,0.040706128,0.042308945,0.04519165,0.04655223,0.04717021,0.0482415,0.047736574,0.047034755,0.046896715,0.04969521,0.05224729,0.05637634,0.056820218,0.056120504,0.056495223,0.05442404,0.058909815,0.063779816,0.06560658,0.06964505,0.06924918,0.07094221,0.07351832,0.07899894,0.08246037,0.08128217,0.08263317,0.083111264,0.08338989,0.088234074,0.09312732,0.098288275,0.10337092,0.10316411,0.107559584,0.106326014,0.11318103,0.1166446,0.12209262,0.12610804,0.12412702,0.12893084,0.13621522,0.13839994,0.14744139,0.15966745,0.15827964,0.16199327,0.16197178,0.15757136,0.16363147,0.16912659,0.17435274,0.18080877,0.18140915,0.186298,0.18189725,0.18148288,0.18072796,0.17329283,0.1781193,0.16416727,0.15980422,0.16055162,0.1562112,0.16490823,0.16472875,0.15922962,0.15655327,0.15270016,0.1465731,0.14157216,0.13111542,0.12190707,0.11614683,0.11524173,0.115311034,0.11175922,0.10621957,0.10062393,0.09346908,0.08900663,0.08286363,0.07922718,0.07424774,0.070236206,0.06924676,0.060650557,0.06095816,0.061648067,0.059902024,0.06312239,0.06448558,0.06255342,0.061196283,0.059487566,0.055771522,0.05414832,0.052875567,0.052859034,0.054054108,0.05171805,0.052233,0.048534855,0.045972902,0.048284125,0.046750396,0.046337213,0.047062777,0.046342753,0.043177787,0.042823352,0.039718788,0.03752023,0.03733796,0.035533935,0.03551216,0.034599274,0.036914762,0.03717895,0.035406355,0.03424704,0.03151503,0.032918904,0.03319741,0.033067722,0.03490426,0.033689074,0.034202248,0.03374582,0.032466836,0.034639265,0.034533143,0.03645465,0.03322734,0.026555315
0.016432878,0.02200458,0.024818536,0.025954368,0.027718583,0.026998835,0.027141633,0.027134432,0.027325433,0.027476875,0.03020423,0.029908651,0.029699866,0.03073679,0.02954392,0.030207396,0.030277923,0.030577758,0.031002378,0.030602898,0.030170552,0.0293873,0.02953551,0.030968687,0.03231855,0.035053432,0.03767233,0.0379881,0.0375342,0.03720854,0.0351787,0.036615584,0.0369388,0.038008206,0.039026313,0.03827483,0.042192556,0.043192226,0.04361671,0.047279663,0.04739882,0.046370625,0.04921013,0.04863011,0.050404597,0.05145338,0.05158886,0.053401984,0.055443924,0.05852371,0.06017979,0.061465237,0.062005155,0.06193796,0.06726919,0.06614829,0.067418985,0.070509754,0.07052935,0.07701356,0.07747137,0.0814114,0.08284046,0.085838966,0.093671784,0.09452182,0.09744743,0.097595006,0.092867546,0.10145889,0.102070294,0.103648596,0.11023263,0.11049366,0.113554224,0.11946747,0.11848389,0.11950294,0.124635965,0.12940034,0.13634783,0.14427488,0.14783178,0.14989802,0.16165288,0.16369988,0.16435857,0.16338973,0.15419328,0.1472071,0.14822145,0.1554587,0.16245145,0.17209807,0.17961472,0.18407631,0.18305437,0.18102384,0.17881666,0.1645503,0.15452816,0.14510603,0.14323825,0.14705712,0.14828478,0.14874989,0.14179774,0.13702843,0.13122648,0.12503505,0.11636464,0.11308617,0.110984966,0.10872221,0.106376775,0.09899801,0.1004854,0.09621102,0.09177475,0.08930947,0.0851772,0.083988145,0.08107838,0.08174396,0.075971,0.07409377,0.07009529,0.06340706,0.06617992,0.06446939,0.06662419,0.07253191,0.06564207,0.06208794,0.058784656,0.048069846,0.04928427,0.057397913,0.057896286,0.05876171,0.058408655,0.0510095,0.049103,0.04778463,0.047156632,0.04646444,0.04576271,0.047576655,0.04677165,0.046971094,0.045624133,0.045472685,0.043051455,0.042647704,0.041883122,0.041854676,0.040756002,0.03866817,0.037463747,0.033107787,0.03192411,0.02896713,0.029791763,0.030611088,0.030673197,0.030823136,0.030704213,0.03049811,0.028962027,0.029242544,0.027906612,0.024365192,0.021626504
0.01832014,0.021781432,0.02499839,0.024857102,0.02467967,0.02525586,0.026094427,0.028928129,0.031530645,0.032472424,0.03287995,0.0325758,0.030893015,0.02993242,0.031057319,0.029934306,0.030504294,0.03124288,0.030695587,0.031386707,0.031845983,0.03376977,0.034014273,0.036320664,0.036040504,0.038588274,0.040585537,0.039807625,0.042181678,0.040688552,0.041448735,0.043445267,0.04481595,0.046206623,0.046406914,0.04770318,0.04680626,0.046137955,0.04747116,0.04666203,0.05185155,0.057544876,0.05765262,0.05839759,0.05667426,0.057511337,0.06125226,0.066579126,0.06784601,0.071441,0.072175905,0.07109833,0.072552964,0.0715189,0.07683497,0.077533446,0.0835464,0.08451158,0.08417099,0.0849486,0.08067692,0.08901073,0.09040237,0.093699,0.099792555,0.09874326,0.09775685,0.0997019,0.10843787,0.10745316,0.11731007,0.12389577,0.1189303,0.12430651,0.12116106,0.1269748,0.1317848,0.13572605,0.13940527,0.14782415,0.15689836,0.16481158,0.17537704,0.17274964,0.1729261,0.17623001,0.17420015,0.17890333,0.1824334,0.18389127,0.18899739,0.18565087,0.18466476,0.18926933,0.19003615,0.19377762,0.19583991,0.18743733,0.17592841,0.16479222,0.1505975,0.14727315,0.15726636,0.164188,0.16856462,0.16335844,0.14905877,0.14011863,0.12974438,0.13144018,0.13203691,0.1268075,0.12266104,0.10949218,0.1021771,0.09860416,0.09623106,0.096100226,0.09433043,0.090029195,0.08954863,0.08686239,0.08375795,0.08426691,0.085576944,0.0830854,0.0790907,0.07529017,0.07198743,0.070093475,0.0688567,0.06802637,0.06905974,0.069127195,0.068779804,0.067947544,0.06392193,0.05955106,0.060688008,0.057065133,0.05648222,0.05530939,0.05138752,0.051082026,0.048126377,0.048891194,0.047243744,0.044729233,0.041759126,0.03731691,0.03544797,0.034520466,0.034421947,0.031993233,0.033432454,0.033770714,0.03266481,0.033661168,0.031348165,0.029257279,0.027025849,0.026129112,0.028056554,0.02800644,0.027623491,0.026624018,0.02437513,0.023528734,0.023398083,0.025012037,0.024767179,0.022532655,0.019803874
0.018689007,0.024912924,0.029589545,0.03154184,0.032579876,0.031488717,0.03098611,0.030151645,0.031815577,0.034476187,0.03764789,0.038282506,0.03846488,0.0368153,0.033292875,0.0344202,0.032615982,0.033183333,0.03543681,0.036410857,0.037013203,0.036476713,0.03733361,0.036347978,0.03908668,0.041584037,0.040712312,0.044320557,0.042833917,0.043165237,0.044997655,0.042425763,0.044560894,0.046046175,0.04851304,0.049199846,0.049974814,0.04975501,0.04957391,0.05037666,0.053523123,0.05702693,0.055666562,0.05847614,0.055919025,0.055982776,0.058140144,0.058581427,0.06046165,0.06433687,0.06736626,0.06841578,0.06975702,0.068195514,0.07160375,0.075683065,0.077166595,0.07943425,0.081902646,0.08432331,0.086614385,0.08528931,0.08809256,0.089642294,0.09858227,0.1043001,0.108800955,0.11396293,0.11257564,0.11663469,0.11715077,0.11829003,0.12314844,0.123306945,0.12529159,0.13334994,0.13186717,0.14050464,0.14928943,0.15783413,0.1716749,0.17104955,0.1779784,0.18003365,0.17927533,0.19000271,0.19300734,0.19287671,0.2003882,0.20124084,0.2024965,0.2028755,0.19963352,0.195702,0.19437385,0.18963721,0.18416832,0.18604179,0.17781499,0.1762888,0.17317346,0.16041516,0.15693131,0.16040424,0.15764348,0.15416041,0.15057817,0.13653734,0.12919067,0.13141869,0.12653355,0.119489335,0.11484134,0.10388912,0.09661462,0.1018574,0.09836575,0.096481815,0.09440857,0.092448056,0.08975937,0.08909728,0.08791259,0.077331215,0.0739547,0.072492994,0.074186094,0.07515185,0.07837936,0.080694206,0.07485941,0.07255683,0.067116044,0.06281361,0.06276431,0.060435157,0.060718223,0.059268214,0.054327406,0.054178793,0.053102605,0.053304262,0.0519218,0.050560452,0.05110769,0.047167804,0.049746156,0.049910724,0.049539205,0.052747864,0.055525288,0.058191948,0.05801371,0.0559855,0.055751484,0.05548427,0.0535029,0.054661356,0.052275367,0.048392627,0.049765628,0.04759384,0.046616558,0.045771908,0.045855142,0.045088373,0.04614989,0.04608004,0.046242144,0.04753533,0.048894595,0.050760016,0.04402358
0.016302673,0.019055862,0.021504335,0.021873701,0.021259379,0.021563325,0.022096703,0.02219673,0.02337857,0.023914153,0.02513304,0.02652794,0.025786366,0.026447264,0.025317743,0.025441902,0.02732836,0.027581595,0.028910952,0.029251728,0.030065816,0.029262919,0.03067341,0.03057323,0.027706,0.029488174,0.029512564,0.030079124,0.031748127,0.030494858,0.03029902,0.030016268,0.030748153,0.033039007,0.034372613,0.036968455,0.0386485,0.039894827,0.03894877,0.03801576,0.036705766,0.039257135,0.042019356,0.04457514,0.048643377,0.04721116,0.047197834,0.048519064,0.04445459,0.047200818,0.05172309,0.051463205,0.05595393,0.059055425,0.059352916,0.06153422,0.06504604,0.061891347,0.06303779,0.06483923,0.067847654,0.06966327,0.072509,0.07222191,0.07034649,0.07740538,0.07887483,0.08166804,0.090163596,0.0913672,0.095232576,0.09812371,0.098017104,0.102006495,0.10498539,0.115226425,0.12331163,0.12376996,0.132039,0.13440487,0.13248852,0.14400224,0.14996275,0.15710281,0.16991748,0.1698612,0.1757598,0.17993787,0.17808129,0.18276182,0.17748529,0.16746685,0.16292058,0.16658208,0.16695341,0.17804262,0.17697918,0.16357717,0.16058435,0.15215155,0.15419365,0.15517135,0.15164217,0.14419371,0.13537589,0.13236761,0.1265046,0.1219431,0.11697286,0.109647095,0.10065849,0.0905533,0.07905391,0.07072951,0.061313633,0.056924988,0.0533149,0.048790913,0.049286254,0.04866385,0.050229132,0.047070373,0.04646373,0.044648577,0.04199907,0.041948065,0.042293195,0.041532993,0.040785387,0.039193388,0.03600263,0.035051737,0.034846842,0.0349504,0.03459383,0.03521531,0.03300496,0.03093782,0.030795842,0.029474787,0.030652408,0.031057805,0.02984035,0.030757384,0.029773721,0.030726774,0.03193219,0.031742986,0.0319621,0.032216847,0.03135588,0.030149292,0.03061825,0.030606356,0.030063206,0.030182777,0.028238114,0.029223554,0.02918008,0.029055405,0.031162223,0.029261949,0.028783686,0.028048309,0.02702216,0.026207695,0.028526802,0.02991329,0.029833859,0.030735016,0.030260392,0.02658927,0.02259787
0.01778565,0.023158178,0.02567752,0.026367933,0.026923373,0.027064204,0.028492901,0.030711224,0.030337512,0.030185716,0.030207258,0.029715456,0.031259682,0.034340724,0.034635387,0.034985222,0.03541377,0.036080085,0.03818431,0.04141474,0.042078268,0.04282345,0.044257514,0.04205663,0.041725,0.040226717,0.038392738,0.040307354,0.04292912,0.04421935,0.044989176,0.043114863,0.042504292,0.041476507,0.04308617,0.04611078,0.046581153,0.047646474,0.049157254,0.050306175,0.052574556,0.05344181,0.054635484,0.05738619,0.05973402,0.062007833,0.06516655,0.06464092,0.06275978,0.06790603,0.070567794,0.07455423,0.07697058,0.07617677,0.07669247,0.07853914,0.082574576,0.09012737,0.09313377,0.094583735,0.0952477,0.09174245,0.097340725,0.1051632,0.114218555,0.11932,0.12792453,0.12583077,0.1286532,0.13016921,0.12570815,0.13377093,0.13418445,0.14812249,0.14670472,0.15056933,0.15334263,0.15455717,0.16034816,0.16388604,0.17232653,0.16969621,0.1822566,0.191282,0.19248816,0.19798326,0.19700141,0.19456461,0.19792265,0.19375938,0.19143955,0.18192933,0.17674817,0.18330309,0.18457142,0.19125938,0.19049601,0.1815647,0.17764035,0.16557513,0.15931505,0.16366926,0.15705274,0.16261546,0.15523371,0.14565168,0.15005606,0.13925838,0.14026105,0.13211323,0.11704011,0.11253768,0.104864754,0.09925269,0.094240665,0.089692906,0.08647131,0.087109126,0.079326406,0.08083519,0.08058261,0.0795878,0.08484519,0.08359538,0.08128594,0.07872647,0.077176005,0.07562253,0.07784179,0.077410966,0.07552435,0.07723612,0.078396484,0.07997239,0.07798272,0.07632859,0.07384939,0.07200215,0.07377809,0.07429938,0.07305921,0.07161312,0.07322461,0.0708791,0.07743222,0.07985732,0.07830071,0.083499104,0.07723694,0.0773944,0.083571985,0.07780061,0.0825004,0.07966398,0.070677325,0.069977336,0.070684165,0.07624517,0.07736083,0.07572371,0.06950027,0.06117782,0.065242976,0.07252338,0.071529046,0.075881876,0.073134385,0.06712228,0.06497002,0.061469384,0.05585123,0.04950187,0.040859718
0.02029142,0.025988748,0.029704483,0.029638559,0.029664122,0.028489513,0.029379196,0.030057242,0.030599587,0.032382116,0.032090545,0.032966204,0.033851765,0.032677498,0.03382914,0.034424912,0.034261353,0.034430824,0.034143936,0.034474283,0.03609396,0.03812848,0.04227842,0.0421835,0.042508386,0.043073043,0.03824867,0.03841311,0.03961692,0.03983861,0.044889536,0.04623158,0.044042334,0.044898156,0.043061472,0.042570032,0.04474683,0.045857064,0.048648756,0.050585005,0.052255798,0.054400124,0.054482915,0.053760067,0.055589497,0.05538946,0.05564259,0.06047976,0.06380562,0.07102159,0.07364686,0.076762,0.08310595,0.08141904,0.08186876,0.083634004,0.07863161,0.07921006,0.08637282,0.08700328,0.09677959,0.10333862,0.10368467,0.11237419,0.11497209,0.11319479,0.1144626,0.11181904,0.10740122,0.118608184,0.12470155,0.125871,0.14041689,0.14598835,0.14980125,0.16073309,0.16098745,0.16952914,0.17612447,0.17983711,0.18568857,0.17977995,0.1836703,0.19183919,0.18674691,0.19579783,0.19468941,0.18615174,0.18824105,0.18299967,0.18489319,0.19758797,0.21025173,0.21121997,0.20436306,0.19268885,0.17270672,0.1750906,0.17927599,0.17917432,0.18140647,0.17004536,0.16570263,0.15505776,0.15093827,0.14506647,0.13230023,0.1329266,0.1322109,0.12771809,0.12505908,0.12067214,0.10579976,0.1043778,0.103136204,0.093339905,0.098360226,0.091485806,0.088446155,0.086929046,0.08187284,0.08038702,0.07982067,0.07758431,0.07106531,0.06725491,0.063818924,0.06299964,0.06613349,0.070673674,0.071341105,0.06843924,0.06377876,0.058387782,0.058900785,0.060563732,0.06654646,0.06742331,0.06623612,0.06517046,0.058391556,0.057153147,0.056566734,0.057963427,0.066084236,0.06939685,0.07279119,0.075560935,0.071762264,0.07084283,0.06617188,0.061686438,0.06299853,0.06064836,0.06228939,0.06030237,0.055632334,0.058619305,0.05870439,0.058095023,0.059822757,0.058202967,0.05672346,0.060799625,0.06028772,0.06342272,0.066464536,0.0644116,0.06614983,0.06309254,0.060379677,0.054067,0.043601822
0.018336326,0.022448048,0.025702953,0.02605683,0.02804425,0.028247425,0.028525079,0.028361911,0.027516095,0.027720312,0.029320925,0.030258337,0.031709284,0.03205178,0.032659598,0.033752467,0.032947004,0.03487682,0.035684202,0.035473086,0.037481606,0.036690984,0.036573745,0.04067318,0.04170751,0.044059865,0.0459697,0.04756681,0.047793932,0.048446152,0.04914282,0.0476498,0.047590923,0.047780406,0.046518344,0.046026334,0.048691597,0.05060365,0.053940516,0.05422051,0.053452164,0.05447452,0.05583824,0.058557957,0.06344479,0.063598305,0.06312203,0.06561407,0.06519988,0.06956283,0.07394681,0.076358914,0.07765673,0.085520305,0.087160386,0.0894331,0.09217404,0.09042728,0.097372666,0.100187324,0.10529584,0.108833104,0.10769555,0.107939675,0.10929475,0.11025786,0.11378552,0.12793444,0.12983957,0.13737632,0.14464706,0.14141151,0.15473439,0.1582746,0.16247053,0.17000711,0.17058067,0.17242429,0.18153378,0.18320307,0.18061155,0.18015642,0.16944057,0.17737484,0.17878664,0.18494117,0.18965584,0.18382607,0.18900375,0.19165982,0.19523662,0.1976072,0.20344299,0.19836693,0.19900365,0.19291322,0.18921307,0.18484262,0.1831971,0.18467003,0.17872894,0.1770605,0.16242716,0.15742375,0.14857733,0.140364,0.14579545,0.1356611,0.12738802,0.1261957,0.11304905,0.110794015,0.101427354,0.09551651,0.08973822,0.08806033,0.09464612,0.090163715,0.089344084,0.08345684,0.07658111,0.08344643,0.08255721,0.07913658,0.08093715,0.07517573,0.07179,0.07098331,0.07001812,0.071175545,0.07336369,0.07344421,0.070426606,0.0640685,0.0641302,0.06530756,0.06632093,0.06775741,0.06532305,0.06364929,0.059134196,0.058223043,0.060397897,0.06335542,0.06558641,0.06737904,0.06493363,0.062455546,0.062850155,0.057931095,0.05723663,0.05505418,0.054272573,0.058253743,0.054981686,0.056477867,0.054376774,0.05039371,0.05714277,0.058818735,0.05744531,0.060391948,0.058122948,0.05866111,0.062332515,0.059292525,0.061637938,0.05830448,0.055907212,0.05744337,0.05024575,0.04463117,0.035859294
0.021448785,0.026966931,0.031052276,0.03149528,0.03275418,0.034499735,0.034225095,0.03482346,0.03512365,0.03452991,0.035710886,0.034557927,0.034837168,0.03477657,0.036431722,0.03814467,0.036639024,0.03719134,0.038675815,0.04071779,0.044600133,0.045897957,0.04477366,0.045737594,0.045526963,0.04603995,0.051341753,0.050134614,0.051000778,0.05223001,0.049393717,0.050652783,0.051084526,0.054675862,0.055383563,0.056620605,0.05945191,0.05510557,0.05887629,0.059893094,0.058834445,0.062845014,0.06166445,0.062425703,0.06447949,0.067881435,0.07131126,0.07260867,0.07463745,0.07205208,0.07307616,0.0798638,0.08468714,0.08799732,0.088172935,0.0893892,0.087902375,0.092857055,0.09413926,0.09586702,0.09574773,0.09846908,0.10154784,0.105510935,0.11911478,0.12038838,0.124304056,0.12868316,0.12847032,0.13887303,0.14492807,0.14231683,0.1474673,0.15302841,0.15658371,0.1659771,0.16653429,0.1651417,0.16940306,0.17730592,0.18257147,0.18973371,0.19331986,0.19026145,0.1997797,0.20924324,0.2190506,0.2164625,0.21609414,0.21283188,0.19932102,0.20517716,0.1966842,0.19036816,0.19540346,0.18688335,0.17842056,0.16317733,0.16214794,0.15250196,0.14318433,0.13989887,0.12068918,0.1293871,0.14432816,0.14216603,0.13957578,0.13663687,0.12116698,0.116886154,0.10940619,0.09422724,0.08680996,0.08189394,0.07845244,0.07692743,0.073856704,0.074168935,0.0768007,0.074279316,0.074988425,0.07057014,0.06317991,0.060748022,0.058547948,0.057158448,0.060767997,0.064529434,0.064174995,0.06689759,0.06467808,0.06308206,0.063495085,0.062429793,0.06205631,0.061061222,0.062531546,0.06533741,0.06825744,0.067063406,0.065442614,0.06210543,0.058277573,0.058023196,0.056172326,0.05467158,0.0513314,0.051471997,0.0516024,0.051124766,0.053594016,0.05142344,0.049286213,0.04702307,0.046463337,0.048078794,0.050622348,0.049777657,0.04714349,0.047602158,0.043698873,0.046393774,0.04771041,0.045288082,0.04545758,0.043900173,0.041152712,0.041358,0.041245732,0.04083847,0.04080934,0.034374114,0.028196307
0.026301622,0.03355687,0.0404341,0.040663693,0.040769152,0.03937549,0.037905116,0.039886117,0.03934324,0.039937582,0.040182177,0.038803708,0.041830692,0.045148645,0.046508238,0.048060358,0.04864631,0.047596656,0.046866573,0.045871448,0.046487737,0.04878355,0.050992753,0.051329352,0.052588753,0.050824832,0.052468073,0.054194752,0.05310689,0.055720344,0.059719432,0.06104143,0.06488561,0.06336468,0.062654205,0.06485371,0.06251519,0.06741006,0.0674787,0.06604595,0.067696735,0.06567091,0.06800994,0.06906018,0.06784504,0.06712569,0.06842458,0.07071327,0.073186494,0.075637035,0.07334845,0.07457613,0.08337302,0.08642,0.09522701,0.10182379,0.10689288,0.10915119,0.11138009,0.11062215,0.107734025,0.11514728,0.120471805,0.121956356,0.12834276,0.1268963,0.13391998,0.14421818,0.1436249,0.15637961,0.15262152,0.15401381,0.15687792,0.15367623,0.1688478,0.16813894,0.17370826,0.18107112,0.17980544,0.18997602,0.19677317,0.19629581,0.19671895,0.19317278,0.18890513,0.19792257,0.20173085,0.20490175,0.21482404,0.20481841,0.20444177,0.20781964,0.20368056,0.20733932,0.19770508,0.18888234,0.18497285,0.18144387,0.18870011,0.1914148,0.185256,0.18330984,0.1703214,0.15930255,0.15617988,0.14538588,0.13888921,0.13264346,0.12568128,0.12476695,0.115365714,0.111475386,0.10295485,0.09125001,0.10037376,0.09938265,0.09829762,0.09909744,0.08964499,0.09027407,0.0888827,0.08689703,0.09068616,0.097733445,0.09856385,0.100223735,0.103061445,0.09775682,0.10514959,0.11811845,0.124487646,0.12368185,0.123492196,0.11295403,0.11021677,0.11077115,0.11143833,0.11093261,0.1178654,0.11879871,0.11996029,0.12720594,0.12175729,0.12092724,0.113284044,0.10877063,0.11170549,0.11685062,0.12655883,0.12083033,0.11498376,0.11238677,0.10399853,0.105765246,0.102514066,0.09887955,0.09550554,0.090058826,0.09072314,0.08913951,0.08932826,0.100836255,0.10207853,0.10171639,0.0973112,0.08590085,0.0767832,0.07517946,0.07277329,0.076515935,0.076034546,0.062563255,0.055446904
0.021096101,0.025314026,0.027875837,0.025211638,0.025256049,0.024547745,0.025303576,0.025395188,0.026327875,0.028611956,0.029174278,0.031565525,0.031225845,0.029659249,0.02924471,0.028390959,0.02960701,0.030845404,0.033428304,0.034165837,0.034456175,0.034294296,0.03383654,0.033302203,0.034474388,0.037629396,0.03871675,0.040330946,0.04009157,0.03927432,0.039539568,0.038893454,0.039947856,0.041860048,0.040597573,0.04204811,0.04150507,0.038889077,0.04109363,0.042611815,0.043990757,0.046011288,0.047586586,0.04755884,0.053048898,0.053822994,0.054073803,0.058893092,0.058633402,0.061655518,0.06418798,0.062679045,0.06430932,0.06582009,0.070864126,0.075858966,0.07477464,0.08019066,0.080924086,0.08007211,0.08515402,0.08417847,0.08851989,0.092134796,0.09540836,0.09841767,0.10044274,0.11548434,0.13086541,0.1391596,0.14104392,0.14447841,0.14582762,0.147941,0.15789002,0.15659934,0.1594383,0.16299038,0.16833274,0.18005925,0.17808214,0.19022173,0.19226447,0.18930846,0.1934381,0.18629867,0.18841164,0.19165929,0.19332445,0.20300885,0.20339876,0.20313111,0.20945296,0.20494142,0.19538839,0.18994822,0.18301347,0.17847815,0.17609188,0.1690553,0.15576655,0.14946583,0.14595439,0.13858244,0.13129123,0.11167107,0.0991665,0.08720054,0.07667136,0.07114429,0.06418992,0.063130915,0.059381273,0.05946766,0.05995937,0.056817178,0.05614762,0.051297396,0.04906928,0.050387736,0.05094651,0.05219913,0.056890447,0.056502096,0.06478345,0.07127588,0.0690293,0.06814626,0.061786357,0.055437844,0.056370735,0.060695443,0.06038325,0.059612956,0.0612931,0.061930895,0.06484961,0.06508437,0.063694336,0.059587527,0.05420193,0.05670991,0.053491674,0.051986903,0.054333393,0.056449424,0.06024293,0.06360954,0.06295762,0.058973137,0.05566678,0.054212287,0.06265079,0.06679334,0.071737714,0.072440654,0.06582018,0.062138453,0.05970183,0.061440535,0.061788883,0.06189875,0.061879344,0.06255259,0.0675498,0.07053463,0.06712109,0.06448725,0.061130837,0.058928363,0.05943484,0.051603075,0.03998609
0.019329647,0.024972994,0.030199908,0.030386131,0.032099497,0.034561362,0.033749774,0.034373827,0.03447756,0.032809116,0.033839494,0.036004502,0.038416598,0.040438954,0.04088062,0.041268375,0.041356277,0.039643828,0.040240206,0.03999082,0.04355942,0.044792656,0.048618462,0.04971503,0.050547056,0.05264131,0.052585807,0.055378847,0.05527805,0.057916023,0.060924638,0.06105216,0.06487605,0.07192922,0.069754235,0.07002804,0.066897385,0.062027913,0.0639995,0.06670484,0.0718713,0.07778737,0.083071455,0.08730511,0.08969168,0.09190938,0.095777474,0.095968805,0.09620271,0.09218714,0.085904315,0.08601556,0.091187276,0.09642892,0.10589626,0.10971649,0.108854026,0.10980256,0.1072168,0.113225676,0.114886835,0.122365266,0.13079114,0.12951155,0.13264258,0.13899703,0.14313939,0.15506035,0.15510802,0.15954565,0.16467486,0.16416968,0.17362589,0.18074805,0.1795385,0.18444273,0.18683246,0.18089116,0.18599916,0.1858532,0.18898277,0.19809358,0.19816767,0.19942112,0.19779761,0.19204985,0.19093198,0.19618957,0.20068662,0.20313385,0.2049251,0.20091769,0.19969472,0.19314712,0.19179523,0.17881067,0.17300957,0.1740434,0.16838166,0.17394991,0.16363825,0.1531334,0.14551045,0.13783848,0.14711718,0.14242381,0.14133391,0.14052957,0.12690043,0.121780016,0.1127752,0.10180641,0.090391785,0.08696725,0.085393466,0.079514705,0.08107735,0.078584425,0.07339755,0.077803396,0.08191623,0.082222536,0.08562579,0.084976345,0.08594224,0.086706415,0.086299315,0.08569287,0.08084295,0.078789055,0.07628281,0.076570496,0.07624437,0.07981892,0.08049579,0.083295606,0.085460015,0.08577118,0.091134295,0.09829223,0.10401115,0.10366438,0.104144596,0.1018166,0.10021472,0.10068717,0.09502808,0.08492596,0.08100106,0.08337721,0.08374743,0.09026275,0.08457927,0.07728032,0.07510672,0.06611118,0.06910561,0.07249729,0.075451896,0.07601936,0.07381284,0.07404886,0.07280003,0.07393543,0.07923675,0.078042164,0.07749737,0.07502778,0.066608205,0.06926968,0.069078326,0.06459782,0.059257668
0.022524206,0.027096903,0.032724317,0.03305406,0.031861123,0.03150834,0.03022355,0.03404744,0.03572591,0.036329035,0.036511052,0.033117227,0.031110428,0.032633327,0.032962717,0.034893017,0.03742079,0.039395206,0.041621827,0.04067634,0.039702874,0.038371615,0.03987043,0.04011151,0.041781165,0.041655846,0.040003363,0.044055253,0.0433417,0.044071224,0.0447562,0.044467255,0.05010878,0.053968165,0.05453887,0.056117315,0.05484159,0.057203874,0.0598783,0.062122356,0.063716285,0.06255317,0.065153025,0.069772355,0.07082766,0.074800454,0.072946414,0.07298489,0.07462895,0.07877219,0.08686592,0.08855169,0.092767246,0.0945531,0.09125619,0.09554657,0.09901334,0.10170751,0.107281774,0.11347525,0.11520791,0.11693257,0.116466105,0.12403276,0.12354449,0.12806164,0.1350827,0.1306362,0.1484051,0.15535109,0.16732976,0.17030147,0.1730699,0.1743518,0.17647174,0.17726862,0.1807087,0.19307947,0.1879291,0.19978678,0.20203082,0.19663893,0.19538751,0.19348104,0.19369228,0.18214571,0.18083961,0.18228765,0.17748316,0.19096306,0.19737147,0.20078987,0.20533271,0.20636863,0.19872594,0.18816948,0.18136108,0.16811624,0.17453185,0.16858642,0.16284552,0.16570516,0.15888569,0.14952019,0.14271216,0.12835649,0.11883664,0.117242105,0.10899943,0.11644939,0.11107109,0.109740704,0.1057604,0.09368277,0.091547236,0.08731755,0.08611068,0.08767071,0.092153,0.09444406,0.093056716,0.091669925,0.085870296,0.086735584,0.08534176,0.084410384,0.09451573,0.09875335,0.103801906,0.10427815,0.09905107,0.095234334,0.09456704,0.095101364,0.09947241,0.102122374,0.10036079,0.10171918,0.09784389,0.09808743,0.1049541,0.10960549,0.11031171,0.11548902,0.114438795,0.11077286,0.11580966,0.11359541,0.115326315,0.114685565,0.11393846,0.11812706,0.114296995,0.11741903,0.11653102,0.11053896,0.10647922,0.10192904,0.108302474,0.112590455,0.11492798,0.11561391,0.10874843,0.10573592,0.107009,0.109008245,0.10484112,0.103580646,0.11090819,0.10721823,0.110897355,0.103696994,0.08106927
0.021202581,0.025166385,0.030052254,0.0344527,0.034878712,0.03752081,0.038380448,0.037319742,0.037145868,0.037208002,0.038342226,0.039283443,0.041059982,0.041713897,0.040641792,0.04015765,0.040462915,0.040499207,0.0423942,0.04763369,0.04873013,0.052695323,0.053052105,0.0500799,0.05386201,0.053042695,0.05544177,0.057208247,0.05784009,0.058359373,0.057374004,0.059931524,0.06095237,0.06450935,0.068145745,0.06843708,0.069099836,0.06685661,0.073232345,0.071441114,0.07427903,0.07810593,0.07440035,0.08135938,0.08348877,0.08043788,0.0828812,0.08501435,0.084110275,0.0945973,0.09274775,0.09665969,0.1016094,0.09907024,0.10154852,0.09985981,0.09976507,0.10506761,0.110903345,0.11074212,0.11499251,0.11967764,0.12281546,0.13415875,0.13701323,0.14146055,0.14699389,0.14641814,0.14928348,0.15222412,0.16546641,0.16816491,0.1725502,0.17251529,0.16469137,0.1774302,0.18063349,0.18760705,0.18578616,0.17942233,0.17840205,0.18441679,0.19265318,0.19952448,0.20677273,0.21523899,0.21834394,0.22060023,0.21240793,0.20285724,0.19646241,0.19931857,0.20124441,0.1977726,0.19869947,0.1844194,0.18865643,0.18050396,0.17998694,0.17909612,0.16819786,0.16449997,0.1605445,0.15135662,0.15150632,0.14852042,0.13916712,0.14122002,0.1308798,0.1242718,0.114963144,0.101037085,0.101241946,0.104279295,0.10118992,0.10472245,0.09723747,0.088571675,0.091191284,0.084789574,0.08874487,0.085888505,0.08484955,0.08269372,0.08001745,0.08163677,0.08388186,0.08413101,0.08240223,0.07960258,0.07942488,0.07763054,0.08312032,0.0888885,0.08465493,0.092151895,0.091359094,0.08980562,0.10011563,0.09677152,0.106662445,0.11321417,0.10989241,0.11975582,0.11332406,0.11311898,0.112997875,0.113854155,0.120915554,0.11588205,0.11807028,0.11046104,0.098642044,0.1127708,0.10542138,0.10872496,0.112283215,0.110461205,0.113671094,0.11447927,0.12091882,0.11326162,0.11013884,0.101753704,0.08731774,0.07889469,0.0804493,0.08159494,0.08144525,0.0836645,0.078864016,0.07407508,0.06441465
0.015149292,0.018132508,0.022521926,0.022752993,0.023907239,0.024923777,0.024609504,0.024677943,0.024666103,0.02505785,0.025634196,0.026475066,0.02711617,0.029228328,0.02846901,0.02998418,0.030716827,0.02990345,0.03095051,0.028556898,0.02780521,0.026752762,0.02929579,0.030536106,0.031974137,0.033488974,0.033139095,0.035959642,0.03780541,0.037666988,0.039604846,0.041220125,0.04112005,0.04320851,0.042821977,0.04363297,0.046033796,0.04701644,0.049624622,0.050179392,0.05199614,0.055587683,0.057252318,0.06080208,0.06187549,0.060085382,0.060274396,0.061119635,0.063237146,0.06846115,0.06965376,0.068414785,0.07010936,0.07253172,0.07763353,0.08150372,0.083797224,0.08242012,0.08193388,0.08604642,0.09234544,0.09457705,0.09710592,0.09978545,0.097450934,0.10094034,0.10051264,0.10381958,0.11045479,0.11860329,0.13323945,0.14456268,0.14789854,0.1492992,0.1463427,0.14314279,0.14891456,0.14809385,0.15258479,0.1594402,0.16709138,0.17443009,0.18551318,0.19177492,0.18412998,0.19368437,0.1981093,0.19276597,0.20804754,0.20682572,0.19902065,0.20554616,0.19759478,0.19728173,0.19785349,0.19432916,0.19394208,0.18646848,0.18050316,0.17563422,0.16932179,0.15626808,0.14804932,0.1406287,0.13375062,0.13725622,0.13244228,0.12544197,0.11519791,0.106277086,0.10473153,0.09702376,0.10136384,0.10318709,0.0967065,0.09394033,0.08817326,0.08881091,0.093431994,0.093278825,0.09341179,0.08846723,0.087535575,0.087411106,0.08980405,0.09451158,0.099484675,0.10525618,0.10567973,0.10670285,0.102407664,0.09967713,0.097859435,0.094776414,0.09552282,0.09188939,0.08936685,0.08499052,0.08372071,0.08673823,0.08524308,0.088271335,0.094844595,0.09525539,0.0957027,0.09564919,0.095256604,0.09668236,0.09678765,0.09945926,0.09232302,0.09485911,0.09652092,0.097679466,0.09612604,0.093390755,0.09054435,0.09403586,0.09385871,0.09458202,0.10334468,0.09328675,0.0960143,0.09361839,0.08233155,0.08162704,0.08487557,0.08173774,0.08511274,0.08690256,0.08270523,0.07480157,0.060757514
0.008714268,0.010785676,0.012529189,0.012967507,0.01312624,0.013783683,0.014346413,0.014396751,0.014374263,0.014071749,0.013957944,0.014601643,0.01466598,0.014806534,0.014592918,0.01456847,0.014691067,0.01486076,0.015106909,0.015643924,0.01630067,0.016885879,0.017292237,0.017230678,0.017425584,0.017568855,0.017877342,0.01837056,0.018541291,0.019054059,0.019225635,0.020030083,0.02003261,0.019982122,0.019901777,0.020544497,0.020316612,0.019446922,0.021053994,0.019734262,0.02107709,0.02223086,0.021617733,0.022367256,0.022994785,0.02424801,0.025799176,0.02581534,0.02544233,0.02503651,0.024688715,0.025620626,0.02598355,0.027894977,0.027986323,0.029139146,0.030115556,0.03112355,0.03487544,0.035093717,0.035977304,0.036808766,0.034274228,0.034375977,0.03650582,0.035120398,0.037346605,0.038810134,0.037230235,0.038600337,0.038845077,0.0394015,0.042299893,0.04420922,0.043865364,0.048734225,0.050078977,0.052599646,0.05458671,0.050748426,0.05360534,0.054464508,0.05550051,0.06274868,0.060892347,0.05965158,0.06641347,0.06625127,0.06700489,0.07079589,0.069552936,0.066884734,0.065152,0.06614224,0.063243724,0.062189188,0.064645655,0.066090904,0.06721811,0.072737284,0.07508569,0.073349304,0.07711522,0.073986016,0.07659364,0.07537725,0.07214077,0.07148449,0.06616974,0.06292101,0.06171725,0.059035536,0.056901865,0.061423987,0.060841687,0.06639824,0.06925782,0.0659363,0.06473574,0.05804037,0.056793008,0.055521797,0.051137056,0.050935537,0.046648994,0.045760665,0.048775725,0.050031092,0.053788774,0.05264599,0.050713964,0.048004996,0.04103622,0.03872402,0.035334922,0.032819174,0.030879827,0.030455338,0.029919172,0.030242084,0.031274833,0.030478382,0.030657632,0.029083986,0.027792864,0.026653795,0.024470171,0.024752414,0.024850763,0.025179572,0.02682398,0.026579954,0.025442725,0.023774685,0.021498716,0.02011349,0.020914055,0.021577828,0.021327456,0.021890286,0.020810576,0.021119826,0.021357039,0.020946553,0.020891255,0.01902588,0.017264802,0.015321677,0.014211156,0.014870876,0.016012609,0.014835861,0.01284336
0.009057961,0.011005696,0.012503068,0.013023227,0.01320402,0.014128292,0.014141981,0.014143691,0.014234982,0.013811319,0.01494817,0.014865764,0.016094886,0.01627146,0.015550338,0.015692556,0.01431622,0.014011776,0.015282984,0.016294861,0.01707896,0.017721135,0.017314207,0.016261304,0.017685007,0.017316632,0.017479395,0.01858171,0.018401513,0.019875746,0.020750934,0.020541675,0.020043641,0.01922086,0.01870677,0.018712046,0.019253956,0.018747484,0.019346733,0.021549938,0.021971706,0.02367033,0.023309786,0.021907067,0.022717033,0.023256565,0.025266975,0.025895689,0.025689516,0.026042998,0.025922444,0.027987836,0.030295447,0.03098744,0.031612076,0.032250408,0.03116356,0.031229308,0.033856064,0.03499546,0.036225922,0.03840725,0.038027644,0.037504528,0.0391474,0.03811195,0.040006824,0.04193403,0.041226745,0.042681742,0.04379338,0.04521344,0.047601048,0.0497109,0.048642613,0.04897766,0.050492804,0.055765003,0.060425166,0.06375541,0.067003384,0.072453596,0.07825409,0.08378941,0.08386134,0.08029657,0.07641872,0.07010317,0.07083804,0.07462822,0.07947389,0.08332064,0.08512493,0.081970684,0.08138163,0.07896484,0.08069623,0.0787596,0.076515615,0.0805169,0.079970405,0.08306926,0.08625888,0.094250016,0.092878304,0.09398673,0.09587861,0.084242344,0.08263735,0.08121249,0.07566213,0.077728935,0.07767099,0.07467489,0.07156801,0.06915546,0.06909025,0.070360295,0.071482286,0.06947459,0.06716452,0.06507894,0.059492208,0.05620817,0.05529872,0.050928988,0.051404085,0.050263315,0.04687004,0.04606491,0.04537472,0.045824178,0.046223372,0.045079116,0.04149729,0.04008081,0.037683684,0.036375575,0.03740329,0.037421234,0.037240997,0.036725264,0.036224004,0.035328988,0.03298682,0.033434507,0.032190744,0.032013007,0.03289399,0.031263907,0.030311683,0.028137607,0.026968261,0.02704883,0.025470007,0.025044447,0.026145233,0.02480331,0.025677264,0.02534164,0.02354056,0.024962753,0.022715684,0.02193956,0.020981297,0.019655138,0.020466799,0.01973506,0.019172959,0.018425118,0.016575476,0.015326737,0.012909225
0.009629948,0.012014492,0.013549043,0.014091634,0.013105397,0.012453695,0.012756925,0.013082681,0.0138903,0.014365826,0.014068674,0.013642878,0.013162009,0.013570539,0.013521922,0.014180884,0.013946326,0.013247894,0.014950021,0.0151195,0.015661117,0.016837405,0.016538609,0.016288422,0.016484896,0.015959933,0.01726262,0.019035062,0.019410737,0.019535763,0.018799823,0.017999755,0.01834542,0.01894955,0.01847504,0.01848076,0.018261662,0.018699514,0.018438589,0.01843785,0.019581564,0.019716702,0.020228162,0.020015359,0.019676657,0.02014758,0.02081054,0.021717167,0.022863459,0.023654997,0.024943974,0.027070193,0.027160995,0.027019078,0.026931154,0.026431328,0.026598174,0.031873018,0.03348099,0.035322282,0.03594988,0.031904187,0.03220144,0.031799752,0.03280505,0.034069065,0.036515996,0.0384351,0.040298246,0.042318862,0.04099732,0.042269878,0.04368057,0.042926837,0.046386737,0.046072353,0.049085602,0.052202392,0.056654904,0.060304813,0.05933678,0.06167033,0.05918862,0.059097115,0.06267277,0.06502607,0.06869762,0.07246559,0.07604365,0.07896031,0.079935595,0.08107363,0.08566687,0.0896683,0.093861565,0.096078925,0.09573093,0.095524415,0.097118825,0.09878119,0.09681014,0.099141285,0.09597094,0.09665907,0.09668322,0.10088082,0.100546665,0.09550533,0.09477442,0.086967625,0.08369753,0.08230061,0.08114118,0.07372374,0.07588274,0.07451065,0.07096829,0.072919846,0.06634839,0.06736122,0.06538684,0.062954165,0.06360492,0.05866485,0.061528657,0.05991333,0.062139045,0.062362798,0.055547044,0.051896956,0.04612691,0.045983024,0.047866873,0.048463628,0.048033852,0.04703756,0.043685097,0.043317005,0.041693795,0.039143603,0.038541652,0.035239946,0.032380782,0.02997405,0.02874029,0.028182762,0.03025149,0.030091692,0.030129045,0.0285641,0.027148891,0.025930027,0.023875104,0.024470594,0.022902792,0.026396377,0.02805739,0.026830927,0.027435139,0.02323828,0.021681005,0.021599893,0.020077439,0.019480893,0.018878495,0.019423183,0.019990968,0.020317445,0.020754596,0.02060998,0.02019111,0.019006802,0.015706059
0.012050272,0.013749789,0.01579594,0.015944572,0.015609928,0.01597604,0.016089493,0.016034024,0.015896577,0.016517153,0.016600946,0.01693677,0.018080356,0.01815319,0.018304227,0.017810455,0.017479094,0.017064914,0.01702518,0.017240997,0.016977936,0.017407823,0.018478466,0.018827176,0.019277176,0.019498851,0.019127646,0.019469952,0.019676339,0.019989615,0.021403618,0.023070673,0.023040798,0.023486344,0.023546375,0.023151351,0.024897702,0.024741864,0.02417391,0.023849411,0.023016043,0.02531749,0.026498094,0.027697071,0.030321026,0.03024277,0.030418273,0.030131495,0.028635737,0.028629769,0.028494298,0.029203484,0.03082999,0.0318408,0.033481203,0.034924436,0.036931813,0.03607605,0.035683047,0.035547424,0.033630908,0.036193892,0.03756549,0.039417975,0.041372783,0.042523615,0.04406498,0.044024684,0.046313584,0.04828927,0.049118653,0.050531197,0.04876991,0.047393534,0.046350222,0.046327572,0.0488064,0.056938693,0.06197996,0.069751255,0.07424904,0.072526276,0.08137804,0.08239539,0.084989026,0.08410929,0.078532875,0.07798758,0.08165863,0.09732091,0.0995373,0.10164292,0.10134419,0.09621763,0.09812888,0.10276169,0.10549386,0.102127805,0.10322268,0.10275451,0.103477105,0.10417657,0.10791216,0.10321631,0.10336311,0.10246745,0.09948832,0.10051928,0.0983014,0.108763374,0.10361864,0.10095971,0.09447471,0.07929459,0.08222202,0.08288113,0.08308654,0.08242517,0.07747712,0.074749224,0.076633714,0.073912375,0.07345427,0.07067121,0.06261796,0.059795383,0.054682966,0.052613992,0.05262742,0.053130455,0.052310392,0.048746053,0.0473111,0.042616706,0.040652838,0.04372864,0.04392499,0.046553403,0.0463972,0.043939926,0.040962316,0.037221782,0.035387993,0.035237815,0.037835024,0.037507147,0.038124613,0.03513775,0.032621622,0.03230533,0.030260053,0.030987505,0.028613245,0.027701937,0.025369467,0.025306532,0.025931094,0.025614502,0.027432447,0.02709647,0.02594336,0.024260651,0.022178045,0.020364119,0.019508656,0.019822303,0.01941089,0.020440632,0.020902501,0.02038839,0.02066449,0.01754991,0.014355656
0.009576025,0.012614166,0.013999636,0.014206836,0.01520905,0.014776617,0.015304009,0.015691977,0.016273376,0.01636617,0.016335752,0.016163858,0.015152133,0.016136007,0.01662986,0.016985124,0.017801177,0.01816963,0.01790473,0.017975213,0.01805532,0.017081834,0.018845154,0.019641174,0.020194208,0.02163099,0.021270733,0.021090917,0.020865118,0.021360032,0.021145802,0.021378081,0.021971285,0.021340387,0.022444341,0.023124412,0.02382928,0.025419584,0.02576039,0.02676402,0.027925577,0.027996648,0.027940597,0.028806148,0.02978684,0.029635036,0.030304391,0.029837921,0.02890269,0.030138614,0.03208708,0.034580156,0.035393335,0.036947794,0.036835957,0.0370915,0.036977336,0.036229707,0.036426574,0.039429665,0.041282173,0.043656766,0.045414295,0.04428129,0.046069704,0.044754274,0.047601752,0.048735283,0.052147187,0.05526357,0.05602579,0.05880754,0.064125225,0.06608223,0.06592238,0.06527591,0.064340994,0.06809004,0.06792782,0.073092,0.07143578,0.06894431,0.08065388,0.08343563,0.08605564,0.09000107,0.08640326,0.089427166,0.093587324,0.09825989,0.10663623,0.105907366,0.10760785,0.10686625,0.10428251,0.10165197,0.104803674,0.10971622,0.111333266,0.11937439,0.11709735,0.118055515,0.117927365,0.11423233,0.11257977,0.109431535,0.101372585,0.098423794,0.09968103,0.10490692,0.108525686,0.10600345,0.09947959,0.08409031,0.0784563,0.07360176,0.071278214,0.07040785,0.06997568,0.071364775,0.07183184,0.07032448,0.06292437,0.05873104,0.054269012,0.050624263,0.050559156,0.04767231,0.044691335,0.041197535,0.04068118,0.039960563,0.038802095,0.037833665,0.03765043,0.04050948,0.04059607,0.040809628,0.03979532,0.036475938,0.03854877,0.038938843,0.037547838,0.037291244,0.033057045,0.0314664,0.030281352,0.027140694,0.027467294,0.0269387,0.02709851,0.027235454,0.02671908,0.02565338,0.024303125,0.024112888,0.022728607,0.020833936,0.020766394,0.019492099,0.019582845,0.01912229,0.01768661,0.017714748,0.017269772,0.016320452,0.016409727,0.01605161,0.016032234,0.017400542,0.016583463,0.014629484,0.011919151
0.009645649,0.012874653,0.015448621,0.016234221,0.016048485,0.016534014,0.016028484,0.016305678,0.016861787,0.015643183,0.016529495,0.01646012,0.016984126,0.018035613,0.019923685,0.021513052,0.021651424,0.02111297,0.019291768,0.01829201,0.018177386,0.01978954,0.020693328,0.021192277,0.021654123,0.021030217,0.02097062,0.02099071,0.02152587,0.02129732,0.023034662,0.023951523,0.024707874,0.02466476,0.02394752,0.024322042,0.025455208,0.02739626,0.028357457,0.02900794,0.028974313,0.029518727,0.028355785,0.028020393,0.02945938,0.029643703,0.0327578,0.031924393,0.030788561,0.03242021,0.03123395,0.032242727,0.033076085,0.03181871,0.031838726,0.03422636,0.036454935,0.038831662,0.040601384,0.04154828,0.041369718,0.042934068,0.04485761,0.04525407,0.047781147,0.048305947,0.04891,0.050665073,0.05172476,0.055157203,0.058080576,0.063303694,0.063332096,0.06614975,0.06636908,0.06475871,0.06759543,0.07043465,0.07661012,0.08931674,0.09705063,0.10043398,0.105260305,0.1028917,0.10818143,0.11232516,0.11254455,0.11290879,0.1098586,0.108879946,0.11441273,0.112127215,0.11827175,0.12209702,0.12041362,0.12408889,0.12605213,0.12927009,0.13217562,0.13090992,0.12757131,0.12280368,0.11896171,0.11464904,0.107687615,0.10385087,0.10558199,0.11238976,0.11770288,0.1157544,0.107612416,0.10308204,0.09702342,0.094197914,0.090934455,0.08819213,0.08265535,0.07941151,0.07446612,0.06884379,0.06494337,0.06403339,0.06709274,0.06502898,0.061024804,0.056147605,0.04989262,0.04731185,0.047457546,0.05126507,0.051990695,0.05317275,0.054772925,0.05334175,0.053528745,0.052039325,0.04985638,0.046849556,0.044342987,0.041973684,0.03967936,0.036335632,0.03694449,0.037823696,0.037920143,0.03713106,0.035772026,0.03435619,0.033537164,0.032306865,0.030152593,0.030066596,0.029150013,0.028816517,0.02716171,0.024377044,0.021609876,0.02075834,0.020847058,0.022084579,0.022258054,0.021564206,0.021082658,0.019243022,0.018052423,0.018568236,0.017712986,0.017072435,0.016632583,0.015564338,0.016111571,0.014474996,0.012326289
0.010327209,0.013195625,0.016761888,0.017673897,0.018170293,0.017491335,0.016469132,0.016791966,0.018553682,0.01947009,0.01906675,0.019146046,0.0190981,0.019080302,0.01917981,0.019450981,0.01802156,0.018023986,0.019030128,0.019077476,0.020113014,0.021128222,0.022801682,0.024021674,0.024097664,0.024470745,0.024028813,0.023478227,0.025005134,0.025040882,0.025584232,0.024713753,0.023477647,0.024279088,0.023546895,0.02458073,0.024678575,0.02487857,0.02525294,0.024951013,0.025239129,0.023344379,0.024828985,0.02573405,0.027993156,0.031742275,0.032627124,0.03369937,0.035861548,0.03631862,0.036537375,0.036363512,0.03626881,0.035993606,0.03638921,0.038073126,0.03857755,0.040597044,0.041137837,0.04410681,0.04527522,0.04528964,0.046631314,0.046884283,0.046113405,0.048076015,0.050620332,0.0507867,0.054256544,0.055871487,0.05785014,0.06019308,0.06252587,0.06659314,0.06796887,0.07023929,0.07223566,0.07587817,0.073446155,0.08047276,0.0796566,0.08041216,0.08847349,0.09291414,0.09957495,0.10077247,0.108775325,0.118054405,0.12123987,0.12932952,0.12625822,0.11528236,0.119215116,0.12180182,0.1280859,0.13240984,0.13133146,0.12307471,0.12784266,0.1313194,0.13405104,0.14041598,0.12895176,0.122796886,0.11695158,0.11304009,0.11181987,0.10999613,0.10813557,0.10227243,0.10248196,0.10098483,0.09338324,0.09042168,0.08935983,0.08779297,0.08890878,0.08821809,0.08462939,0.07913674,0.080280334,0.07686336,0.072530374,0.074789725,0.0684245,0.06862135,0.06605895,0.05917231,0.062836535,0.057711083,0.056895863,0.0559335,0.04926443,0.048278455,0.047032006,0.04408944,0.040673207,0.037605472,0.036762204,0.036649797,0.037706554,0.037631426,0.03518826,0.03485701,0.032073684,0.029893916,0.0308013,0.03103975,0.030536542,0.030651268,0.02822728,0.02646042,0.025308698,0.02526451,0.024925428,0.026023902,0.025770484,0.025060419,0.024971081,0.024795106,0.025771381,0.027108487,0.027295593,0.025596146,0.024447927,0.021472191,0.020162525,0.019920366,0.018280668,0.018100603,0.01744859,0.014975222,0.012598076
0.009991781,0.013062832,0.015020279,0.016054433,0.016264973,0.015741292,0.015668435,0.015269727,0.015558396,0.016320419,0.017183473,0.018362364,0.018692695,0.019032253,0.018927455,0.01876024,0.018270995,0.018822879,0.019170674,0.018914703,0.019692484,0.020561365,0.02128353,0.022409769,0.022111086,0.020920638,0.020693557,0.02027002,0.022163281,0.022834858,0.024031801,0.024356304,0.024272956,0.024821214,0.023934355,0.023745473,0.023994664,0.025437206,0.025557017,0.025896797,0.025418423,0.026363676,0.0274271,0.029672628,0.029944075,0.028095694,0.028446997,0.026932806,0.027369972,0.027631713,0.0282879,0.029471347,0.030182801,0.03359149,0.035041157,0.035675604,0.037270993,0.036574166,0.037588954,0.039666004,0.040686466,0.042011686,0.042081613,0.041674145,0.042044077,0.042926032,0.04501051,0.046385936,0.04847466,0.049190205,0.054480672,0.05699675,0.058735266,0.061253242,0.059566688,0.066126056,0.06554236,0.06712664,0.0720246,0.07042909,0.07379953,0.07676011,0.08259603,0.09267844,0.102830775,0.10901193,0.11142917,0.1150032,0.11508616,0.122829534,0.1310134,0.12467514,0.12785903,0.123101965,0.12201302,0.12589136,0.13501097,0.14381967,0.14914574,0.15597889,0.15309136,0.1483699,0.1380997,0.13807622,0.13538195,0.13308485,0.13096502,0.1211079,0.115992635,0.11322934,0.11413503,0.11718606,0.11823587,0.11806284,0.114442065,0.105210714,0.09602673,0.08921625,0.08792201,0.085116506,0.080744594,0.07938844,0.0742142,0.07232436,0.06939551,0.06269316,0.060360793,0.058564875,0.056975972,0.05581166,0.05207497,0.05209965,0.051451985,0.050036263,0.049133524,0.048655365,0.046582267,0.044882275,0.042988814,0.041282143,0.04018849,0.037233595,0.03632432,0.0350723,0.033654965,0.035045795,0.037133936,0.034664344,0.03424833,0.03291232,0.028071633,0.028903365,0.029398011,0.028486969,0.028760822,0.027233565,0.025546946,0.025240548,0.024209183,0.023923716,0.022843251,0.021380499,0.021422576,0.021290926,0.021168312,0.021479072,0.022231163,0.021114498,0.02164701,0.022534195,0.022151317,0.020968733,0.017894171
0.010825609,0.012597423,0.014641118,0.015511622,0.01614757,0.016836682,0.01696032,0.016821593,0.016154809,0.01688377,0.017027335,0.017217824,0.017962325,0.017297342,0.01834894,0.018693823,0.018816879,0.018896548,0.019765567,0.01976337,0.020604294,0.021988591,0.02096659,0.021875083,0.02111477,0.021544302,0.02269643,0.022122309,0.023174554,0.024336547,0.02439946,0.024703622,0.025059948,0.0246447,0.025314536,0.027538994,0.028282318,0.029041328,0.029203977,0.028686466,0.031208348,0.03125539,0.033326365,0.034729037,0.034443304,0.0376965,0.037531648,0.03637446,0.037878174,0.037613142,0.03706149,0.040579166,0.03972965,0.041191734,0.044327486,0.043763556,0.045462158,0.04633762,0.049502622,0.048758127,0.049618736,0.050006364,0.050353587,0.052336168,0.05447363,0.0561106,0.053763457,0.05687226,0.05785815,0.060742583,0.06270279,0.0636269,0.06887385,0.070123665,0.07438316,0.07858582,0.07955527,0.079690255,0.07850723,0.072882876,0.072487496,0.07827848,0.080449164,0.0850747,0.089431286,0.09335353,0.09593362,0.09886844,0.09701579,0.090334274,0.09238781,0.09260176,0.094931535,0.10006297,0.09558554,0.098813206,0.09591374,0.09612372,0.09946013,0.1048853,0.10594214,0.10582261,0.10765595,0.099385835,0.10313969,0.09934325,0.09799932,0.103016175,0.10741519,0.1094196,0.108963035,0.10527834,0.10272541,0.102314875,0.101528674,0.0977779,0.087822735,0.08453018,0.078650884,0.07979225,0.07910513,0.07658125,0.07729542,0.07049211,0.06975743,0.067855336,0.06626418,0.07181969,0.07047682,0.06831844,0.06605019,0.056865778,0.05448102,0.052712407,0.050642267,0.051313408,0.047888488,0.048256844,0.04693926,0.046046905,0.044289403,0.041472185,0.041218873,0.04015254,0.040912867,0.039824706,0.040493518,0.04049706,0.037588928,0.036257707,0.03334354,0.030262904,0.029687151,0.030293483,0.030080967,0.030842403,0.03198844,0.03215858,0.031703673,0.030554334,0.030025229,0.028846746,0.028342072,0.028212225,0.028108895,0.02951245,0.028254647,0.029028768,0.030397972,0.027997928,0.028842948,0.025129199,0.018329706
0.011401274,0.015412875,0.017253157,0.018192122,0.017617943,0.016080474,0.016243588,0.015440659,0.015977833,0.01727871,0.01831615,0.01877061,0.019475786,0.020760048,0.020482691,0.020060452,0.020537639,0.020300265,0.019871276,0.020260336,0.019883953,0.020773256,0.022198426,0.023575172,0.024122056,0.024225464,0.025505103,0.02623977,0.025998725,0.02593242,0.025273453,0.027415633,0.027909325,0.029325379,0.030944541,0.029043647,0.03100385,0.030045416,0.029121332,0.029135276,0.030184072,0.030995142,0.032845475,0.032779235,0.03298252,0.033612918,0.03365686,0.034948587,0.033968143,0.034231775,0.03268585,0.032286428,0.032971043,0.03383699,0.036650617,0.037154175,0.039213058,0.03911027,0.03741025,0.03782342,0.03979938,0.04101594,0.04250401,0.04414178,0.04615199,0.04727818,0.05248907,0.057773303,0.057318106,0.058245994,0.057548545,0.055606954,0.058910497,0.06290764,0.064760104,0.07185506,0.07607509,0.07962007,0.08298774,0.08295454,0.084340274,0.08841597,0.09229563,0.09839846,0.105585665,0.1136725,0.11644907,0.119427145,0.1284674,0.13125753,0.14166954,0.15022777,0.14428368,0.14047648,0.13643393,0.13517934,0.14451483,0.15438266,0.15698104,0.16311955,0.15684284,0.15167865,0.14643382,0.13387586,0.13045241,0.12555388,0.122948,0.12551361,0.1189304,0.11567192,0.11869069,0.11623471,0.1134959,0.11503689,0.10610125,0.09030509,0.09041804,0.07857532,0.07752268,0.07761762,0.07824315,0.07456137,0.07455402,0.07387808,0.06951123,0.06667361,0.05467039,0.04892202,0.045132246,0.044439487,0.04544054,0.04543938,0.043694656,0.042222127,0.039968792,0.037723992,0.036677174,0.034398444,0.03433697,0.032143667,0.030109966,0.03053636,0.029269433,0.029387463,0.029814081,0.02743138,0.025805317,0.023940131,0.022282539,0.022125896,0.020648735,0.019564949,0.018141484,0.017187666,0.017386314,0.017454002,0.018295148,0.018362736,0.01814941,0.0187387,0.018298212,0.018201707,0.017451016,0.016413337,0.0162727,0.016424129,0.01744662,0.017532252,0.017466364,0.017814718,0.018039357,0.016551418,0.014045437
0.013386433,0.016598092,0.018941384,0.020356486,0.020117639,0.020407088,0.02200183,0.021393554,0.022324815,0.022313938,0.020997461,0.020222163,0.019868841,0.019468358,0.019945282,0.020824462,0.020388484,0.021272494,0.02186108,0.02270272,0.023040215,0.023428049,0.024128092,0.025274776,0.025143731,0.025935642,0.027046707,0.026736476,0.028617403,0.028469793,0.028022658,0.029135974,0.027662981,0.02923695,0.030105185,0.030224398,0.032560844,0.031118559,0.029397763,0.028190402,0.026957372,0.028135922,0.029520286,0.031888258,0.033289757,0.032965943,0.03491381,0.03575977,0.03724804,0.039942667,0.03864214,0.038572695,0.039589826,0.039388184,0.044599432,0.045217756,0.04465341,0.047388416,0.04594184,0.048943836,0.051205385,0.05424002,0.05539844,0.056614332,0.057972785,0.0617356,0.06718355,0.06845822,0.07126947,0.066417195,0.063879654,0.06544003,0.06576398,0.07011093,0.0756174,0.07805881,0.08078962,0.08637077,0.086833484,0.09403816,0.09777633,0.09825757,0.101697676,0.10110668,0.10209177,0.10679451,0.116479255,0.12545037,0.13187085,0.13576914,0.13500579,0.13741007,0.13621499,0.14045878,0.13820915,0.13203613,0.13992566,0.13259265,0.13478811,0.13773265,0.13254444,0.1389009,0.13050126,0.12901329,0.120634235,0.11094858,0.112153746,0.103174835,0.09998713,0.09526963,0.09585423,0.090624146,0.08568494,0.08175462,0.0758429,0.07745982,0.07857285,0.0765425,0.07067518,0.06733535,0.064607136,0.06045724,0.05790849,0.05122303,0.048232853,0.045696743,0.04279327,0.040456664,0.038018458,0.035857882,0.03739076,0.03775364,0.037583567,0.03733397,0.034160443,0.03229754,0.029064959,0.027545473,0.02718986,0.024654534,0.022314055,0.021753855,0.020723216,0.020528166,0.021730341,0.020114763,0.01900535,0.018601838,0.017030323,0.017354911,0.015755987,0.015326498,0.014633578,0.014536936,0.014949432,0.014768184,0.01514075,0.014816494,0.015068437,0.015059738,0.0143227,0.014449885,0.014371813,0.014529649,0.015764343,0.015408674,0.015266942,0.01552038,0.014838347,0.015134716,0.015232472,0.013241386,0.011161823
0.013663231,0.016630236,0.020766784,0.020744974,0.020158239,0.020616971,0.019366497,0.019356487,0.019785345,0.020731678,0.021504179,0.022932677,0.023873042,0.023968248,0.0253516,0.025920926,0.025606658,0.02648015,0.025719741,0.025941294,0.027374623,0.026836531,0.02659108,0.027360607,0.027838007,0.028650375,0.029288104,0.029028,0.027891083,0.027712328,0.028645951,0.02842984,0.030189212,0.030023051,0.029638346,0.03164755,0.030838704,0.034848213,0.035500053,0.035683595,0.03839425,0.036664665,0.038167536,0.039348807,0.03766937,0.038705826,0.041699175,0.041654382,0.04443302,0.04541658,0.04574066,0.04804285,0.05025412,0.050651226,0.050630264,0.0511765,0.050210025,0.0529951,0.05317223,0.055490788,0.061093733,0.06449194,0.064915545,0.06561701,0.06618215,0.070894286,0.07650263,0.07718884,0.08116204,0.0838079,0.08444156,0.088721566,0.08539018,0.08684331,0.0918825,0.09702697,0.10446992,0.107944645,0.1090226,0.11098675,0.117320076,0.120047174,0.13448866,0.1379177,0.13562106,0.14956048,0.15122639,0.16142762,0.17389788,0.1802344,0.18506616,0.17940895,0.17920206,0.1693837,0.16545588,0.16689174,0.16818331,0.16671307,0.16693442,0.16610081,0.15595822,0.15426467,0.15092593,0.15054947,0.1450798,0.14195585,0.13608506,0.12794778,0.13310896,0.12457808,0.11459378,0.111543424,0.099191554,0.09692658,0.091154516,0.092103325,0.088433005,0.0857285,0.08838504,0.08101176,0.08013052,0.07787691,0.07961553,0.07813019,0.077627145,0.073614165,0.06375562,0.05875925,0.0515505,0.05148339,0.049265943,0.0487984,0.047716685,0.041941192,0.041394696,0.037228238,0.035905767,0.035111398,0.031508278,0.029595,0.02832098,0.029107442,0.028465563,0.028283939,0.02782595,0.02668754,0.025951479,0.025069015,0.02618703,0.026439682,0.02723471,0.027333815,0.026239192,0.025177885,0.025036896,0.024705315,0.02536111,0.02603722,0.024513189,0.024061985,0.02238088,0.020949766,0.021560993,0.020542482,0.019587412,0.019357437,0.019666143,0.020902421,0.021463597,0.021004425,0.020196326,0.01872413,0.01575208
0.014555119,0.018895706,0.022258386,0.02257965,0.0228783,0.02204416,0.022407757,0.022216147,0.022432929,0.022759473,0.023622153,0.024668595,0.025333831,0.02625713,0.025958855,0.025574563,0.02546082,0.024654167,0.025333453,0.026816668,0.02789551,0.028185654,0.028725533,0.029191675,0.02855163,0.031517863,0.033077396,0.03433882,0.03500588,0.03400078,0.031808164,0.031175822,0.032504246,0.0344374,0.036138877,0.036534972,0.036607258,0.03644847,0.03621047,0.036676496,0.036489055,0.035371263,0.035848513,0.037168033,0.038722638,0.040237635,0.041699443,0.04405143,0.045207832,0.046211272,0.047947526,0.048431747,0.050928984,0.053244375,0.054886267,0.05421284,0.05431719,0.055732105,0.05439642,0.05855481,0.057471883,0.056543827,0.060792077,0.062955976,0.069589354,0.07726693,0.07994349,0.08255139,0.08106268,0.079052106,0.08329916,0.08349623,0.093469046,0.0972773,0.09687717,0.10211618,0.1036123,0.10605621,0.11286171,0.11410168,0.120491825,0.13021725,0.14010234,0.14461304,0.14638723,0.15010163,0.15800045,0.1629507,0.16672458,0.1673678,0.15487407,0.1545843,0.16826946,0.16698651,0.16759074,0.16844724,0.15484558,0.16216402,0.16757798,0.17199379,0.17283843,0.16852468,0.16715236,0.16513334,0.16259237,0.1552898,0.15157108,0.14511941,0.13728492,0.13039336,0.124769345,0.11872009,0.11522727,0.11617451,0.11194224,0.10798701,0.107436694,0.108557165,0.10969285,0.10188651,0.09481986,0.08515037,0.07838756,0.07992868,0.078741305,0.07875552,0.074457,0.07200785,0.07070583,0.066155076,0.06462127,0.063654914,0.059055846,0.05440242,0.048665043,0.043301843,0.039834943,0.038764264,0.038513757,0.037540182,0.03614794,0.03634136,0.035101615,0.033726078,0.033852294,0.03298359,0.0320045,0.033585016,0.03526341,0.034988653,0.036126062,0.034881767,0.03418843,0.033578273,0.03203528,0.032750256,0.034888405,0.03492666,0.03473648,0.032685187,0.02815847,0.028103132,0.030710058,0.03154291,0.03197851,0.031969614,0.028346134,0.02693144,0.025468117,0.023509573,0.023493683,0.021537434,0.018112557
0.017179232,0.02202692,0.026562372,0.026868852,0.028864518,0.028580444,0.02819793,0.030137632,0.029043915,0.029699096,0.029936634,0.0283176,0.029565826,0.02959069,0.030437099,0.032812223,0.033101633,0.03271607,0.032267682,0.032283016,0.030778458,0.03331789,0.035812106,0.0344782,0.036920805,0.03713882,0.03655658,0.039621346,0.039836463,0.039732054,0.03987493,0.039917283,0.0410958,0.04255105,0.0446547,0.04795035,0.049008522,0.05198046,0.049011398,0.047067437,0.04669684,0.04562309,0.047792558,0.047792446,0.049313586,0.050687615,0.055035062,0.05981769,0.060746156,0.061425634,0.065445304,0.06451946,0.062202465,0.0637892,0.061020423,0.064259164,0.06881695,0.07007218,0.07439072,0.07318284,0.07518848,0.08215203,0.07735893,0.08208229,0.08752389,0.08667091,0.093271695,0.097249255,0.09325436,0.093758054,0.09503846,0.096138425,0.102328256,0.1068344,0.11418961,0.11814723,0.118362136,0.12008297,0.12738784,0.1338856,0.14035177,0.14827429,0.15014046,0.15838642,0.16516532,0.1685744,0.16888563,0.1680385,0.1733699,0.17322795,0.16961697,0.16605625,0.16627437,0.16857456,0.1816649,0.17757969,0.17633331,0.17222574,0.1640488,0.16737738,0.15840001,0.15449516,0.15775423,0.15267186,0.15111059,0.1525916,0.1373417,0.13686809,0.1331813,0.124573685,0.123271644,0.11376582,0.10789833,0.10322226,0.097439975,0.09916684,0.09729342,0.09638854,0.09446313,0.08968562,0.087574065,0.08218883,0.080490425,0.07598683,0.07004606,0.07070686,0.06997415,0.07023534,0.07029233,0.06919153,0.06476007,0.0601436,0.05802766,0.049760826,0.049037844,0.04929833,0.049594298,0.050603017,0.04687643,0.045283034,0.041070357,0.03935659,0.039581474,0.03959794,0.041000057,0.04204298,0.04136792,0.039669663,0.039063804,0.039069854,0.041037183,0.0454967,0.04807582,0.047737993,0.04714993,0.04447759,0.039900042,0.04013595,0.039228894,0.039836604,0.03950885,0.040989768,0.039131187,0.037053667,0.03601759,0.031690698,0.033338588,0.03219218,0.03149828,0.031012777,0.032078367,0.030257495,0.02705186
0.012143813,0.01499439,0.017540375,0.017096262,0.017438542,0.01724656,0.017563254,0.017324682,0.01671413,0.017618667,0.016786277,0.017687598,0.01856919,0.017720737,0.017609634,0.017110022,0.017021082,0.018459251,0.020926181,0.021245146,0.021302668,0.021389646,0.021099031,0.021660047,0.022835381,0.024045514,0.024500594,0.02500033,0.026053153,0.026349543,0.027596759,0.028259352,0.028012928,0.027840532,0.029062744,0.029981095,0.030932775,0.030288266,0.02837356,0.030684061,0.028944397,0.029586403,0.031386167,0.030958284,0.035373878,0.03703286,0.037535477,0.03713139,0.03541451,0.036142994,0.037085433,0.03941992,0.040882464,0.041966658,0.042592626,0.042099312,0.041938655,0.041749638,0.039339367,0.040231783,0.043018106,0.045334425,0.050887935,0.053757004,0.05321342,0.05516158,0.05749987,0.061500058,0.06810046,0.06974787,0.071713895,0.07662623,0.0755824,0.08869142,0.092081666,0.09479386,0.096876666,0.095404275,0.097248174,0.10951969,0.12028367,0.13056625,0.14140238,0.14153945,0.1477378,0.14960895,0.16232711,0.16819426,0.1711637,0.16919833,0.15445286,0.15571155,0.15283462,0.15969817,0.16845396,0.16314736,0.16972287,0.1639572,0.15612224,0.16077757,0.15061373,0.1474484,0.15093297,0.13940275,0.13370076,0.12951644,0.12094377,0.117286816,0.11236333,0.10661816,0.09758934,0.09665749,0.09443256,0.09032854,0.08991001,0.079638295,0.07944639,0.0792853,0.07440491,0.076164566,0.06977495,0.06380079,0.061715644,0.05508133,0.052945442,0.052809726,0.05071698,0.049240474,0.04501188,0.04094975,0.039244086,0.04097373,0.03904419,0.03971143,0.038675223,0.036379132,0.037079625,0.03395333,0.03208225,0.032386024,0.032747228,0.032248314,0.033885084,0.032529473,0.03154293,0.033167172,0.032813605,0.03265281,0.03281742,0.031524733,0.030301968,0.031852767,0.034034785,0.034725424,0.034163263,0.031577878,0.031453673,0.036063075,0.037359867,0.040402606,0.038655143,0.03520328,0.034880802,0.031850662,0.032303505,0.03306784,0.03227804,0.033155736,0.03723284,0.0405818,0.043252267,0.040596657,0.032918017
0.016871909,0.021400841,0.026810532,0.027215013,0.028196033,0.028629499,0.028393665,0.028301293,0.031535815,0.031786446,0.030962834,0.034155075,0.031121962,0.030926017,0.032283746,0.02959308,0.030357994,0.03239954,0.035803556,0.035771746,0.03668918,0.036787625,0.03534593,0.03632049,0.03530082,0.034494653,0.033011537,0.033066716,0.033961184,0.033611294,0.033549055,0.03392489,0.038876593,0.039546985,0.03981646,0.040687453,0.036711823,0.03665392,0.03738082,0.03635348,0.04029854,0.042718593,0.043335017,0.04519352,0.043852482,0.04716754,0.05045588,0.056452505,0.05715861,0.05759367,0.06505453,0.06657895,0.07323236,0.07785863,0.074268386,0.07719464,0.07866667,0.07785744,0.07947108,0.08071641,0.075438246,0.077776104,0.07939283,0.08496937,0.09383574,0.098068126,0.10663026,0.11081804,0.113304585,0.12066604,0.11764603,0.1273442,0.13699071,0.14429083,0.14750437,0.14329404,0.13998383,0.13402635,0.14249131,0.1468369,0.15875642,0.16594101,0.16982552,0.17130807,0.16852216,0.17536029,0.18222925,0.19001924,0.18794286,0.19026312,0.19165245,0.19098878,0.19818032,0.19020528,0.18556212,0.19006288,0.18339053,0.18769668,0.17875154,0.1581642,0.16115731,0.15308666,0.15140522,0.14951284,0.13146226,0.123129085,0.12152727,0.11920594,0.120488666,0.11694111,0.10948634,0.10312078,0.10129591,0.091623105,0.08521857,0.08830807,0.08297591,0.08082866,0.08166429,0.077092305,0.07419223,0.07500144,0.07480873,0.07467678,0.07195791,0.07116492,0.06825424,0.06392835,0.06489629,0.067505345,0.062470797,0.06120184,0.05755473,0.048603453,0.047856476,0.044710305,0.042824417,0.041875165,0.04145534,0.040828556,0.037932236,0.0373062,0.033763524,0.033853237,0.036344316,0.03592271,0.037782717,0.037118558,0.034746982,0.033703066,0.032966778,0.032867502,0.032923102,0.033837445,0.03489235,0.037472434,0.039244622,0.040244386,0.041383106,0.039034985,0.03716545,0.036675952,0.03900254,0.040630847,0.051099177,0.04962068,0.046306804,0.04481065,0.031167073,0.030735353,0.029005714,0.024314722,0.02003784
0.016204746,0.021142839,0.024470385,0.025354346,0.026278855,0.026182659,0.027076371,0.0277385,0.027060924,0.027121982,0.026100112,0.024576819,0.02593718,0.027608596,0.02902456,0.029252958,0.031016313,0.029942768,0.032317124,0.033214483,0.03269093,0.034159355,0.032873064,0.033662148,0.031846814,0.031288516,0.029968368,0.03158039,0.03311809,0.03548927,0.037742678,0.036082625,0.036849827,0.03471641,0.0338215,0.036196966,0.036133517,0.037626524,0.038272277,0.041172326,0.044601396,0.04701406,0.04898782,0.050142813,0.049580608,0.050366983,0.050388824,0.047892198,0.050151974,0.051940348,0.0547303,0.05801481,0.06073068,0.068397745,0.0726553,0.08115555,0.079949185,0.07932501,0.079038315,0.072727844,0.074785575,0.07588737,0.07864018,0.08664619,0.088438734,0.089457735,0.08944694,0.0947213,0.10065661,0.107359245,0.1119332,0.11477363,0.12457472,0.12244742,0.13048592,0.13480839,0.13419034,0.15039647,0.15384376,0.15604176,0.15780967,0.15947296,0.16103104,0.16720805,0.18390615,0.18715905,0.19558784,0.20226637,0.20485915,0.2097845,0.20682661,0.20936568,0.20456883,0.2022227,0.2119731,0.20227809,0.20020011,0.18974131,0.17542396,0.17053853,0.15572964,0.15579379,0.14921719,0.14425623,0.1543704,0.14496641,0.1404053,0.13700324,0.12492432,0.11803485,0.108983904,0.104284994,0.0914249,0.09246317,0.09348869,0.08962502,0.0862173,0.08387377,0.08265212,0.07826583,0.08092875,0.07676496,0.07256157,0.07503767,0.0730776,0.07326874,0.075818695,0.07095052,0.06500031,0.06406387,0.057291146,0.053737476,0.052862234,0.049629502,0.046155468,0.047560558,0.04740256,0.048366666,0.048550718,0.046615303,0.04398518,0.041626908,0.03906701,0.041669216,0.040554415,0.038623333,0.03994259,0.03687821,0.03723513,0.03641683,0.03517055,0.0335117,0.033587795,0.03468419,0.043618277,0.043208905,0.04233864,0.043074258,0.033678167,0.03614715,0.036107365,0.033617377,0.035080228,0.034308273,0.033435073,0.03453657,0.03254176,0.030621404,0.031767536,0.03132644,0.031580247,0.029216018,0.023850128
0.021166123,0.025004884,0.02931185,0.026464418,0.028100582,0.029342702,0.0317564,0.033174556,0.033748247,0.0337683,0.030676544,0.03028709,0.02771903,0.027601624,0.028831165,0.03272466,0.033430215,0.035714515,0.03527217,0.036887657,0.038947936,0.03928525,0.039541475,0.0387551,0.038714245,0.0401219,0.041430105,0.04451312,0.045065895,0.044002447,0.043770026,0.039939854,0.039947957,0.039985877,0.039266773,0.04155088,0.041195136,0.04260895,0.04614473,0.051457472,0.052592278,0.051880755,0.054286998,0.048194654,0.0482299,0.05232952,0.054318693,0.058541946,0.060558543,0.06236569,0.06158299,0.065879874,0.071854,0.07277374,0.078656614,0.07789489,0.08019634,0.08722785,0.090432726,0.09941386,0.09828487,0.096011676,0.093055874,0.092438385,0.10002556,0.10055732,0.10346285,0.11085755,0.113197945,0.122138344,0.13201539,0.1329546,0.13644996,0.14467035,0.15224963,0.1539582,0.15918931,0.15612969,0.16426264,0.16830769,0.170626,0.18214993,0.18090232,0.18775503,0.19668278,0.19706564,0.19990805,0.19190621,0.18456282,0.18748827,0.17545848,0.1857237,0.19322713,0.1885104,0.19414748,0.18296115,0.17305525,0.17238086,0.17638971,0.17130405,0.15623882,0.14101887,0.12157186,0.1242286,0.13668278,0.13573308,0.12931408,0.12631007,0.11710381,0.11061349,0.10735599,0.09641345,0.087303154,0.08054942,0.07721822,0.076398335,0.07541827,0.07728082,0.07498989,0.07475104,0.07407837,0.06975142,0.068467416,0.0637194,0.07405999,0.07357576,0.0713282,0.07329435,0.060358398,0.06046571,0.06250771,0.061703093,0.060777366,0.059437737,0.05681459,0.053659573,0.053217772,0.051001884,0.04642371,0.045554195,0.041206498,0.03823993,0.03764128,0.03543532,0.033823423,0.031854946,0.033401832,0.032669354,0.034864493,0.034803964,0.03452017,0.036565904,0.03547604,0.03493605,0.033174753,0.03160676,0.03151943,0.031562693,0.034389786,0.033613395,0.03283911,0.033800382,0.031024428,0.031508025,0.031327922,0.02975884,0.028980162,0.028489009,0.027540905,0.027097838,0.028681448,0.025877582,0.02219023
0.018818097,0.022513848,0.025842598,0.02809517,0.029404067,0.0328085,0.035156023,0.03538262,0.037511062,0.03702582,0.035455473,0.034283247,0.03295343,0.036626656,0.03865755,0.03733916,0.036721535,0.031604465,0.029778246,0.030991254,0.031062044,0.032809503,0.03285562,0.035432365,0.03931986,0.040320825,0.040406495,0.0448636,0.04618789,0.047136456,0.048481066,0.044097237,0.043262254,0.048690178,0.05560039,0.059362013,0.05805666,0.055192463,0.049079712,0.04721269,0.051501893,0.0512932,0.052699815,0.053374,0.05194408,0.053345516,0.056044456,0.05528899,0.05878876,0.058254745,0.056149688,0.060785465,0.062792204,0.06501402,0.07768194,0.08119775,0.083156414,0.086139575,0.08175325,0.082453445,0.08334465,0.09238347,0.09310781,0.098748244,0.10217339,0.106094845,0.11161759,0.1125419,0.11078757,0.112619296,0.11810105,0.12223097,0.13170937,0.13514516,0.13602887,0.14307022,0.1435953,0.15729351,0.1624245,0.16930325,0.17574912,0.16982313,0.18189849,0.1912146,0.2097994,0.2149321,0.20965165,0.20980689,0.19688112,0.2065408,0.21012786,0.19833352,0.19734298,0.19364709,0.19413984,0.19377378,0.18862927,0.17273109,0.16498843,0.16379364,0.15962106,0.15615909,0.15082061,0.14746393,0.1456199,0.14649694,0.1373015,0.12573972,0.11545591,0.10229293,0.09657795,0.0888477,0.08654811,0.08168235,0.07866077,0.07844793,0.072494335,0.069353886,0.07018281,0.06881739,0.06755657,0.065823965,0.060760744,0.06252543,0.063315056,0.063997686,0.06296251,0.059388053,0.05547599,0.04941738,0.04679375,0.045892183,0.04476351,0.045413185,0.04555124,0.042781755,0.042924147,0.0407291,0.038264897,0.03866704,0.035639793,0.035213914,0.03479153,0.033597507,0.034543987,0.034306247,0.034215275,0.034052595,0.032957412,0.035442155,0.034610473,0.034917094,0.035443723,0.03372991,0.033481725,0.035021316,0.033586454,0.03482134,0.03474756,0.03155083,0.030296506,0.02466894,0.023197327,0.023223625,0.023590457,0.024314106,0.025413748,0.025906337,0.027017802,0.026703356,0.027434714,0.026557205,0.02303286
0.015074766,0.018587498,0.022621283,0.02356875,0.025354555,0.026768716,0.027061919,0.027566016,0.02830757,0.028317275,0.02787719,0.028072484,0.028000865,0.027726337,0.028533988,0.02754505,0.028482426,0.028056592,0.02844975,0.030891374,0.030069653,0.032534022,0.034427676,0.03455123,0.03614726,0.036229473,0.035274,0.035875954,0.03616127,0.037415825,0.038688492,0.04560936,0.047720704,0.049758285,0.050428953,0.04559637,0.044820372,0.044442397,0.0449718,0.047106527,0.047904633,0.048952263,0.050165888,0.04919614,0.051809818,0.055911124,0.058425326,0.05997698,0.06146662,0.067223914,0.06712118,0.07170542,0.0725323,0.070844285,0.076265104,0.07522287,0.07811582,0.08015226,0.083460495,0.093176246,0.09816982,0.100190505,0.101606935,0.10190969,0.10365834,0.10438916,0.10876363,0.106847115,0.1110513,0.113005176,0.12257092,0.12737568,0.12891588,0.13609517,0.13775028,0.14762135,0.15381691,0.16214868,0.16110961,0.173058,0.1816347,0.18352757,0.17947832,0.18477216,0.18808635,0.19102226,0.20642662,0.19947986,0.20782863,0.20808776,0.20140989,0.20076413,0.19887543,0.19097532,0.18667129,0.18170083,0.15904182,0.15793076,0.16002072,0.14897239,0.14584729,0.13777909,0.13414927,0.13599753,0.13144824,0.1303007,0.11721153,0.1034137,0.097237036,0.09062678,0.08487035,0.081351526,0.07843794,0.0706908,0.06880005,0.06731348,0.064963885,0.063399956,0.058737997,0.057339694,0.055258818,0.05456861,0.054693624,0.05898443,0.057484724,0.05838797,0.054926265,0.046892136,0.0437834,0.038866945,0.04024693,0.03947694,0.03804935,0.037538446,0.036084097,0.035886467,0.035096273,0.03428634,0.032892033,0.032598544,0.03136536,0.03035949,0.03173879,0.030414535,0.031320702,0.031281535,0.031754922,0.032163117,0.03188937,0.030637663,0.02740485,0.026734315,0.025183965,0.025403226,0.02636484,0.026076503,0.02627871,0.026982589,0.025863595,0.025824696,0.025064576,0.02408772,0.023143193,0.021068512,0.02207048,0.02163183,0.020972356,0.023675527,0.022936817,0.022348894,0.023191009,0.018665882,0.015425049
0.016649669,0.0208925,0.02330958,0.022495821,0.022486597,0.022711018,0.025429027,0.025300961,0.026262196,0.026200831,0.027090099,0.028126735,0.02769501,0.029614298,0.029439416,0.030016942,0.030779956,0.03238776,0.03300824,0.03421028,0.03432356,0.031346485,0.031783167,0.03205397,0.031890165,0.033397272,0.03436623,0.034679566,0.03607074,0.036086038,0.035499867,0.03703277,0.037540566,0.04092932,0.04232626,0.040313106,0.044213627,0.044337697,0.04797734,0.051791195,0.05268225,0.05324168,0.053098485,0.053061757,0.05031038,0.050984412,0.0557536,0.055351824,0.05728438,0.05771945,0.0532741,0.05676429,0.058476266,0.061801784,0.06513418,0.06438689,0.07069512,0.070093475,0.071441114,0.0754936,0.07550403,0.07674648,0.0799972,0.086037144,0.08872778,0.09568804,0.10309725,0.106002584,0.11015644,0.11278411,0.114719965,0.11652359,0.12027003,0.12992883,0.14129886,0.14804427,0.15639164,0.16389711,0.17212707,0.18226619,0.19203793,0.19891502,0.20233339,0.21120897,0.2024236,0.20033514,0.20151168,0.19226651,0.20435132,0.20537618,0.20005356,0.20365874,0.19641268,0.19160548,0.18324172,0.16996664,0.16435792,0.15398881,0.13985783,0.12845519,0.11112538,0.11455138,0.11821008,0.118572034,0.11739452,0.097068965,0.08862284,0.08144445,0.07912117,0.0750171,0.072497204,0.06432803,0.055691812,0.05656599,0.051844068,0.051198132,0.048241206,0.04304368,0.041990124,0.042207554,0.04185437,0.041104063,0.0400101,0.04856545,0.048538864,0.048274998,0.04873343,0.03858715,0.041512813,0.043468516,0.043682035,0.043222092,0.0392581,0.037352886,0.03541997,0.035383888,0.034316514,0.031984005,0.03032108,0.02755411,0.025131434,0.02295046,0.023104137,0.023070363,0.024029376,0.025138767,0.025471909,0.025957923,0.025678806,0.026576629,0.026052484,0.02652188,0.027562585,0.027080705,0.026236877,0.02513274,0.02255724,0.02129263,0.021406094,0.0202443,0.020238416,0.019600442,0.020240543,0.02141821,0.023970107,0.025822096,0.025392927,0.025312908,0.024132492,0.02525738,0.027610764,0.025860986,0.022815838
0.017492697,0.02125506,0.024998885,0.02453619,0.024182124,0.02530131,0.024526311,0.025337748,0.027106462,0.02709237,0.029387033,0.030060822,0.03272386,0.034242485,0.033156935,0.0340333,0.031125661,0.030893598,0.035399914,0.035463106,0.036680024,0.03826118,0.03512106,0.037461545,0.03717895,0.03706385,0.037834283,0.03617502,0.04000893,0.03846526,0.04142035,0.047499526,0.048899837,0.049835872,0.047364753,0.043024603,0.040914115,0.041810974,0.046143573,0.046107125,0.046974603,0.050335303,0.050345913,0.053014893,0.053807236,0.055224184,0.0545969,0.06322517,0.06561176,0.06689022,0.068402775,0.06176478,0.06639902,0.06644928,0.07282629,0.079133764,0.07642869,0.07802146,0.0828969,0.08306062,0.09062919,0.096121244,0.09246899,0.09891034,0.09877296,0.107578106,0.112458415,0.11701204,0.12386438,0.12397478,0.13374196,0.13913696,0.1413811,0.1466608,0.14625016,0.14688875,0.14893407,0.15975527,0.16442081,0.17838387,0.1954867,0.19591016,0.20365693,0.20325856,0.20300433,0.20546418,0.20895542,0.20522282,0.20340364,0.20678334,0.19989677,0.19950342,0.19114362,0.18351385,0.17745419,0.16895317,0.1678812,0.16768152,0.16249189,0.15748112,0.15080819,0.14330614,0.14147866,0.13720985,0.13182572,0.11763152,0.10925148,0.103584334,0.09543207,0.090433165,0.08843833,0.08564955,0.082582995,0.07371202,0.06814606,0.064597614,0.056079898,0.059197348,0.057687428,0.06174634,0.06520099,0.062154226,0.0617142,0.061440263,0.058223072,0.05793174,0.05647087,0.049665295,0.047985192,0.046745244,0.042591006,0.041736342,0.03997971,0.038817454,0.039736435,0.036979772,0.03693034,0.036557827,0.036003686,0.03570524,0.035261787,0.034643732,0.032502443,0.0343774,0.03285244,0.031167062,0.033945303,0.031847402,0.034876935,0.035358123,0.036686104,0.036421042,0.03374539,0.034171347,0.030665698,0.03179941,0.03137166,0.029922439,0.028910976,0.02695943,0.02747097,0.030740064,0.031833287,0.035507575,0.035181478,0.033321314,0.031863444,0.027702412,0.028236154,0.02771576,0.02818468,0.025555467,0.02062136
0.023550944,0.030787168,0.036712978,0.036260102,0.035718914,0.03342278,0.034299154,0.03584448,0.037656475,0.040850017,0.03962529,0.04088492,0.039982215,0.04020266,0.041350923,0.03948044,0.039533563,0.04330955,0.043809243,0.045257207,0.049623076,0.04603632,0.046639677,0.046679836,0.044003047,0.045483798,0.047084313,0.048094753,0.05166875,0.053074956,0.04938747,0.04820115,0.045055684,0.046872202,0.049912725,0.053348467,0.053750638,0.049652245,0.049996637,0.053711277,0.056547068,0.058295567,0.06168725,0.059208244,0.061269023,0.063807316,0.06414072,0.06591779,0.07005715,0.068931386,0.06947951,0.077820376,0.07567189,0.08111457,0.08432699,0.08009348,0.08426321,0.09319677,0.09988888,0.10063782,0.10291745,0.103370905,0.104525976,0.11337029,0.120145485,0.12157232,0.12696429,0.130206,0.14003474,0.1483444,0.15400983,0.15581052,0.15275684,0.15905906,0.16521353,0.16918841,0.1663243,0.16488835,0.16203415,0.17266041,0.18586645,0.1879243,0.19352129,0.19259992,0.19538952,0.19279656,0.18504289,0.19094256,0.19530097,0.20160446,0.20561326,0.2039704,0.20296864,0.199597,0.19748746,0.18654594,0.18483424,0.18080465,0.17620245,0.16870762,0.14810766,0.13881357,0.13403676,0.12989976,0.12346071,0.116611026,0.106138535,0.10095037,0.09859084,0.09388374,0.090988494,0.08594642,0.079510555,0.073663056,0.079342164,0.090919755,0.09243378,0.09930509,0.0967121,0.097211465,0.0964888,0.09050163,0.09015952,0.07881007,0.07669268,0.076374605,0.073222585,0.07616204,0.07458474,0.07381044,0.07051062,0.059042025,0.057199,0.05221222,0.047316518,0.050611205,0.046551384,0.047179002,0.04926644,0.045369066,0.04472117,0.043772493,0.0441454,0.0473433,0.04841987,0.051616553,0.050089102,0.049440302,0.052144967,0.055172846,0.058659703,0.05828504,0.057830814,0.058170706,0.05663595,0.055824153,0.05277298,0.048643228,0.044007037,0.042694587,0.04205873,0.037911702,0.03858747,0.042130988,0.040296737,0.044637557,0.050553862,0.049747158,0.056002602,0.07885448,0.07913519,0.07749445,0.07094257
0.021707883,0.026196828,0.030025145,0.030822573,0.029577654,0.030159172,0.030311512,0.028961645,0.028597398,0.030990727,0.032361872,0.03573353,0.03612941,0.035287235,0.03456222,0.032959636,0.03314979,0.031872194,0.03350584,0.03331487,0.034737855,0.036557548,0.036653556,0.039495945,0.041089546,0.043996193,0.04436845,0.04530764,0.046267774,0.04418558,0.04776867,0.048424263,0.049173024,0.049526084,0.046308007,0.04814911,0.04760564,0.04867562,0.050917983,0.05047299,0.050468076,0.05707667,0.06104455,0.06048129,0.06264974,0.060367085,0.06170077,0.06304788,0.066262476,0.06789449,0.07071798,0.0756654,0.07956084,0.08115772,0.0820091,0.080643654,0.078151114,0.080113925,0.08279463,0.0874701,0.09407046,0.0956186,0.09676955,0.09718701,0.1029193,0.1054936,0.11286469,0.11807244,0.11839555,0.12739268,0.12707786,0.13534896,0.14049911,0.14491774,0.15100028,0.15021382,0.15803084,0.16380815,0.17458776,0.18065679,0.18923521,0.19949792,0.20174673,0.20497823,0.20207676,0.19684514,0.19772689,0.19703458,0.2037185,0.20698036,0.20278682,0.20462461,0.19648437,0.19854632,0.19350004,0.19157106,0.1989421,0.17942858,0.17907432,0.16678867,0.14525251,0.15512052,0.14377557,0.14552496,0.14507923,0.1316121,0.12958872,0.11973122,0.10707292,0.10350232,0.09980308,0.1021134,0.1036538,0.101940334,0.10097996,0.090891585,0.08398005,0.078656085,0.07637815,0.083212025,0.0803266,0.08304587,0.078895755,0.071522504,0.07478301,0.06267736,0.06373396,0.06341586,0.05893125,0.059836626,0.056459244,0.05720087,0.060813684,0.058264513,0.061568886,0.06336248,0.061452605,0.06312966,0.062403835,0.0572807,0.058952976,0.06300601,0.06320979,0.068096995,0.064045526,0.060965534,0.058990914,0.0519758,0.054515608,0.054601558,0.051179495,0.05145124,0.049379222,0.043996908,0.043866463,0.04447788,0.039832804,0.04218988,0.04073604,0.039765555,0.043052513,0.0417757,0.043417223,0.045969937,0.042548284,0.04282354,0.041585013,0.04858236,0.057887718,0.058899645,0.060027033,0.04977028,0.034060635
0.021759594,0.025490088,0.028555665,0.027090294,0.027832665,0.030368654,0.029999467,0.0341586,0.032436453,0.031020822,0.031404104,0.026236357,0.026562668,0.02826034,0.03133673,0.035677776,0.036538336,0.035290137,0.034358006,0.034568354,0.035852544,0.038133007,0.03919496,0.040111054,0.04253488,0.043058544,0.04562273,0.048752606,0.047635432,0.049025793,0.04541488,0.042865425,0.041960638,0.04599962,0.04795451,0.045555595,0.04542859,0.043345727,0.04632808,0.047921997,0.048579223,0.05068256,0.047945548,0.06258191,0.06490838,0.06801019,0.07250939,0.06626267,0.068100624,0.069181524,0.07400551,0.07283859,0.073804505,0.07255903,0.06666635,0.07277648,0.08169547,0.08249864,0.08757348,0.08851706,0.08723479,0.095321484,0.09409943,0.107299164,0.10940347,0.11231505,0.1159065,0.11613745,0.12582768,0.12735347,0.13230377,0.12493384,0.12235221,0.13401149,0.14764214,0.1483222,0.14902073,0.14652547,0.13698912,0.15285313,0.16407582,0.16761687,0.18166074,0.19873476,0.19861221,0.20281664,0.20444354,0.19589095,0.20231527,0.19459331,0.18132156,0.17132664,0.17489704,0.18513873,0.18517086,0.18169245,0.16615948,0.15521426,0.16336916,0.16378658,0.15762854,0.14879663,0.13306846,0.11904107,0.10841114,0.10457358,0.09498701,0.08769347,0.081934,0.070655,0.065114655,0.06309388,0.06234361,0.06113594,0.05713557,0.053535786,0.04973796,0.049701527,0.055849504,0.055606887,0.057990525,0.05665096,0.054919828,0.055513386,0.050891962,0.04946039,0.049489036,0.04843059,0.049067166,0.048933096,0.048849486,0.04701501,0.046652805,0.044098493,0.03857355,0.039588444,0.03709948,0.036556676,0.035475537,0.03453254,0.037445642,0.03852747,0.038545176,0.041594233,0.04074902,0.041898854,0.040423978,0.036287006,0.038742542,0.037405744,0.03866946,0.037642103,0.034686144,0.033978038,0.03523429,0.03752242,0.037434828,0.03728581,0.034464326,0.031980883,0.029103309,0.028963199,0.032461725,0.033559807,0.034302972,0.035552,0.032732043,0.03462664,0.03667073,0.040815085,0.043694388,0.040731933,0.03570092
0.019992476,0.023683162,0.030552957,0.032727998,0.031973306,0.03387183,0.031340484,0.030671135,0.032631304,0.034379832,0.034360137,0.03474301,0.03376244,0.032929655,0.03327682,0.034665335,0.035349984,0.0352258,0.04021976,0.039565478,0.039705712,0.043176234,0.042468827,0.043171797,0.04523936,0.043289643,0.04238841,0.042740125,0.046503164,0.047321912,0.048038937,0.050388906,0.047750082,0.048950866,0.053502638,0.05305159,0.05471139,0.060250115,0.059277274,0.062339872,0.062964715,0.061373275,0.06266679,0.06272583,0.062807195,0.062392615,0.064241834,0.06542165,0.07361293,0.077328496,0.08206437,0.085915126,0.084417194,0.08620795,0.08559364,0.09102161,0.09379813,0.103377275,0.10712251,0.112973884,0.112891585,0.11049706,0.1098053,0.11021529,0.11084948,0.111493,0.11767201,0.11905793,0.13182627,0.1376519,0.1378992,0.14611158,0.1454965,0.15499745,0.1556979,0.16262741,0.168921,0.17019865,0.18327379,0.18448885,0.18772896,0.1846624,0.1832477,0.1862145,0.18080528,0.19823971,0.20646589,0.20648043,0.21476938,0.20850003,0.20821911,0.20093533,0.19646087,0.19075349,0.18706326,0.18779704,0.18953504,0.19378254,0.17872469,0.17427713,0.16838443,0.15133055,0.15041904,0.14187907,0.12877724,0.12603813,0.12367631,0.11756887,0.11589056,0.10882218,0.10044202,0.09622091,0.090862274,0.0815133,0.078734905,0.07895976,0.076109216,0.07747066,0.07623114,0.07126151,0.06841681,0.06887158,0.06668362,0.0670899,0.06261969,0.057827104,0.0572222,0.05777866,0.057787947,0.062013585,0.06506057,0.06551155,0.068965316,0.06542235,0.060141273,0.05675816,0.05379134,0.052519932,0.050714,0.05046108,0.047774035,0.046028093,0.04632923,0.04601926,0.047723062,0.049438633,0.048658382,0.047284655,0.0430063,0.038252566,0.035907395,0.034734324,0.03503406,0.033343337,0.032767784,0.032439977,0.031246103,0.032393936,0.03260881,0.033160336,0.03157739,0.030192524,0.030022582,0.028055307,0.030105155,0.02985375,0.029556442,0.034472093,0.03456437,0.034040883,0.0337352,0.028727163,0.022996746
0.012411412,0.016952658,0.017903494,0.01806795,0.01479833,0.011045145,0.010584298,0.010173296,0.010439831,0.009963278,0.010422099,0.010716521,0.010775968,0.010542947,0.010615873,0.010985827,0.011780267,0.013236726,0.013310541,0.014095503,0.013486509,0.013030456,0.013450813,0.01366756,0.014294901,0.01445639,0.021169145,0.021140026,0.021512577,0.022136165,0.016361786,0.016017228,0.015125982,0.014335445,0.01468175,0.014324721,0.015796715,0.016227074,0.016457636,0.017186938,0.017200004,0.018299526,0.018748667,0.019052904,0.01883375,0.017601794,0.016650792,0.016451739,0.017270304,0.017399864,0.017423805,0.017877305,0.018735815,0.019275425,0.020111779,0.019212065,0.018311806,0.018743375,0.018302659,0.020152153,0.020846823,0.023102576,0.024515955,0.025890695,0.026418367,0.024954207,0.02601036,0.024782741,0.026480203,0.027303321,0.02735004,0.028961949,0.03223155,0.034447927,0.03551502,0.036603533,0.032516837,0.032439366,0.031700198,0.03162427,0.035313733,0.0386279,0.042748746,0.044664886,0.044872146,0.042853523,0.0452263,0.048614256,0.055533476,0.061014444,0.06240205,0.065713935,0.0643508,0.065321974,0.06426718,0.06397366,0.06207461,0.05981908,0.061068263,0.05559912,0.0547053,0.052385297,0.049757224,0.05081278,0.051175896,0.04981474,0.04779993,0.04550337,0.044199105,0.04472115,0.04403239,0.04302106,0.040958747,0.039054427,0.036177166,0.035543494,0.033359718,0.03202818,0.030317212,0.027502041,0.024712551,0.020318625,0.02144321,0.021118835,0.020812659,0.019930014,0.017472299,0.015694208,0.01549674,0.015422402,0.015255334,0.014963691,0.016151525,0.015827838,0.015375765,0.015778724,0.014737867,0.014242912,0.015675593,0.018381797,0.017214542,0.017638862,0.016111236,0.012201549,0.012369691,0.012080175,0.011324087,0.011963163,0.012839168,0.012651198,0.013182534,0.013272286,0.013434064,0.013717996,0.013751707,0.013471814,0.014059933,0.018016744,0.018215269,0.022467285,0.031420115,0.031188818,0.031586595,0.028717022,0.017225789,0.01314462,0.010724263,0.010015527,0.009380892,0.009057637,0.008868572,0.007753472,0.006811502
0.009376016,0.01120015,0.012861366,0.01298111,0.012947354,0.013360944,0.013604519,0.014931956,0.014892024,0.014663427,0.014477941,0.013348841,0.013318588,0.014058099,0.014332929,0.014894852,0.015503024,0.015731795,0.016271431,0.016112031,0.016528046,0.015933955,0.016331943,0.01678838,0.016566917,0.017391717,0.016486485,0.015407731,0.014751798,0.014120946,0.014091863,0.0153866,0.015986646,0.018031279,0.018532451,0.020227898,0.02166945,0.02131482,0.02291694,0.022130933,0.021926846,0.022505574,0.024665566,0.024722924,0.024626767,0.024637679,0.022942346,0.024434572,0.02520424,0.02628208,0.02641941,0.02657837,0.026340304,0.025967868,0.02525512,0.026981091,0.0315457,0.032022044,0.0334144,0.0351742,0.050865643,0.052365087,0.054212827,0.051214874,0.032044835,0.028712641,0.024033723,0.026423823,0.025979206,0.028530393,0.028647458,0.030662619,0.033379998,0.033392303,0.0371762,0.061178103,0.05975047,0.058710296,0.058803815,0.03261679,0.035290156,0.037296284,0.035508487,0.03576178,0.03616109,0.038070273,0.037256833,0.041951284,0.04335997,0.04389411,0.05096216,0.0506063,0.059593484,0.064070694,0.06993707,0.07144203,0.06739265,0.06746553,0.06184646,0.06376197,0.06256297,0.06353474,0.06279358,0.058674447,0.058264546,0.054575432,0.05892759,0.06353218,0.0637107,0.061446335,0.058086928,0.058278263,0.057755437,0.060715657,0.05827438,0.054848827,0.054114647,0.05217321,0.051828966,0.049480494,0.04807434,0.045993604,0.041667636,0.038328804,0.036097355,0.032489356,0.03266362,0.0308266,0.030130941,0.029662214,0.027085539,0.02695776,0.025887104,0.024216922,0.024116997,0.023460047,0.021184277,0.022025766,0.020832991,0.019073091,0.018893318,0.017722528,0.016960535,0.016469348,0.016192436,0.015611844,0.015692696,0.015912766,0.015557523,0.015540998,0.01429494,0.013973991,0.013695725,0.013302071,0.013284349,0.02131762,0.021739732,0.022712015,0.025567362,0.032792304,0.032718554,0.03180839,0.029454913,0.012168675,0.010656557,0.010765191,0.010567707,0.010411086,0.010018211,0.00911924,0.008818911,0.007693461,0.006411814
0.010509133,0.013081586,0.015577594,0.016010825,0.016893508,0.016923757,0.017238485,0.016835498,0.015795585,0.016173184,0.0164311,0.017358655,0.017426232,0.018110452,0.017487794,0.01805454,0.01846514,0.018790811,0.01948927,0.020090317,0.020384021,0.01991109,0.020003974,0.018992366,0.019340143,0.01938107,0.019903172,0.020314736,0.0214144,0.022001322,0.023606937,0.024459854,0.024202514,0.025420329,0.025444398,0.02616715,0.027825844,0.028290408,0.029213969,0.028311245,0.028579054,0.02938517,0.028174894,0.02999593,0.029331265,0.029454794,0.030006584,0.03143214,0.0327431,0.033856917,0.035413295,0.035570424,0.03592527,0.035264324,0.03476422,0.035631604,0.03509217,0.035890996,0.03805608,0.03753603,0.04082432,0.041443914,0.04280111,0.04477609,0.04649825,0.050059505,0.049617365,0.05063612,0.05080171,0.050935574,0.053515077,0.0573417,0.05969788,0.06104562,0.06225227,0.062025823,0.061033186,0.06520021,0.067154266,0.069429465,0.07228924,0.07775649,0.07918225,0.0832857,0.08565999,0.08656668,0.089976914,0.092573605,0.098319076,0.09914481,0.10230067,0.10448079,0.10257933,0.10943754,0.11386453,0.11314706,0.11679792,0.11146656,0.10809431,0.106447116,0.10552731,0.106200926,0.10555086,0.10855842,0.10704584,0.101703964,0.09844835,0.09316024,0.09528428,0.09443626,0.089529306,0.09048518,0.08063448,0.07649714,0.07401821,0.06695232,0.06428061,0.06186706,0.0622896,0.058100495,0.055468157,0.055547386,0.05266463,0.051615484,0.04987906,0.04697596,0.04631207,0.04287211,0.04078771,0.039880633,0.037864726,0.03767799,0.037398264,0.035217304,0.0326383,0.03044129,0.02838207,0.027921291,0.02811574,0.028918553,0.02823622,0.028916577,0.02906676,0.028401854,0.028273635,0.027907412,0.026393762,0.02544656,0.02456237,0.022509139,0.022203023,0.022789989,0.021814127,0.02153897,0.020833952,0.021667289,0.020955384,0.021188743,0.021458346,0.020081157,0.020138059,0.019506676,0.019390155,0.019186845,0.01903717,0.018758731,0.018384073,0.016705021,0.016322471,0.017366542,0.018192783,0.01722827,0.015053925
0.006817744,0.007873578,0.009065879,0.025243755,0.02533143,0.025346177,0.025383892,0.009725484,0.009642739,0.009845054,0.009484487,0.008951778,0.0085653,0.008726195,0.008644344,0.008602294,0.008876011,0.008440362,0.009521851,0.009525986,0.009540841,0.010880377,0.010901951,0.01125855,0.011951598,0.011105842,0.01080629,0.01138409,0.010873461,0.011225806,0.011183716,0.010456931,0.010495137,0.010455082,0.011524734,0.012290162,0.012732435,0.012881111,0.012645171,0.012707899,0.012407536,0.01308922,0.012642838,0.012721285,0.013572062,0.012958396,0.014112433,0.015030621,0.015234944,0.015806502,0.016189186,0.015905906,0.016249228,0.017233036,0.017129248,0.017458448,0.01794701,0.018131372,0.02251417,0.0226363,0.0231952,0.02339052,0.021328347,0.022293216,0.023202324,0.025676046,0.026449883,0.02668972,0.026860159,0.026246928,0.02625342,0.027126854,0.028615773,0.029282779,0.028597226,0.029464949,0.028278211,0.028475758,0.030479398,0.03225437,0.034606453,0.036381036,0.03808294,0.03898883,0.03867078,0.042013194,0.04521298,0.045564596,0.04863234,0.048530743,0.047198676,0.04864843,0.05695081,0.057238735,0.06478275,0.070506625,0.06945937,0.071010165,0.069154136,0.0651745,0.06270093,0.065607086,0.06226553,0.06236657,0.062202465,0.059789874,0.06593252,0.06848881,0.06626392,0.06665685,0.06346721,0.06145366,0.060458098,0.061710414,0.055699497,0.050854582,0.049846716,0.04009924,0.03871208,0.034574997,0.029236618,0.03115663,0.028923932,0.029328503,0.029028714,0.022883479,0.019993404,0.018863909,0.01772329,0.017565029,0.018409895,0.018094968,0.017271873,0.01771839,0.016443979,0.01593089,0.015791124,0.01605534,0.016613204,0.016551428,0.016505362,0.014489893,0.012988406,0.012586653,0.012481606,0.012708191,0.013264489,0.014441296,0.016775481,0.027183736,0.027921831,0.026996661,0.025905678,0.016314497,0.01428934,0.014527906,0.013387373,0.010685237,0.010578272,0.009796234,0.01026533,0.010081947,0.010112237,0.010090433,0.009624761,0.00984552,0.00979102,0.010180315,0.010152219,0.010267846,0.010182859,0.008964132,0.007911156
0.009883436,0.011933862,0.013323904,0.014373029,0.0135903,0.014521613,0.015069561,0.014364253,0.015147189,0.014122643,0.015417002,0.015732812,0.01558859,0.016205596,0.015018978,0.01624829,0.016383389,0.016908607,0.017384967,0.016292902,0.016233515,0.016051613,0.016151888,0.017712753,0.018058278,0.018200383,0.01907899,0.018758342,0.019744836,0.020780645,0.020590918,0.020854509,0.022037115,0.021685924,0.022906257,0.023258865,0.02227882,0.023291808,0.022662766,0.023695571,0.0226167,0.02284089,0.022066938,0.02069927,0.021955846,0.021047292,0.021658186,0.037824932,0.052918565,0.05807304,0.066506326,0.068276376,0.06864597,0.07171452,0.069251865,0.0636346,0.057451013,0.074637905,0.09056957,0.10014971,0.099304125,0.08395767,0.08468945,0.07338492,0.073008604,0.070807144,0.041516114,0.044934098,0.043101814,0.044818226,0.04743786,0.054345064,0.05446329,0.056555107,0.055885855,0.04619832,0.052080486,0.0494484,0.06338128,0.06523767,0.066764385,0.076364405,0.079729155,0.09265333,0.10238958,0.11235192,0.10983353,0.11163412,0.12426602,0.13335015,0.14161369,0.14714931,0.13485792,0.117817216,0.10476599,0.08610181,0.08052457,0.078418106,0.0773605,0.0790927,0.07736201,0.076788254,0.076245934,0.07078708,0.067469195,0.062984765,0.061211605,0.06071142,0.059198774,0.054685626,0.050901096,0.046123654,0.04300452,0.04381439,0.04277839,0.043586854,0.04317521,0.042517368,0.0420364,0.03981037,0.03844675,0.03601572,0.03430675,0.032016475,0.02861694,0.026958695,0.025511935,0.024738284,0.024419393,0.024716763,0.023873482,0.022208432,0.021640833,0.02026099,0.01967555,0.020883063,0.020642899,0.019263089,0.018818293,0.018306784,0.0180614,0.017949326,0.017754076,0.0160833,0.0155316,0.016077649,0.015027826,0.015069897,0.014551265,0.016435996,0.018181497,0.018670173,0.018248543,0.015575372,0.013485874,0.012217036,0.011756687,0.011858767,0.011532176,0.011827122,0.012527684,0.01296953,0.012915817,0.012148404,0.011679042,0.011204716,0.011149848,0.011174603,0.010370248,0.009783808,0.009824025,0.008451127,0.007284043
0.006533764,0.009664417,0.010900056,0.011053082,0.012209789,0.011361776,0.011057645,0.010930406,0.009881735,0.009606728,0.010037803,0.010555546,0.011069801,0.011206563,0.011688365,0.011799104,0.011986509,0.011919295,0.011632435,0.011752564,0.012665497,0.013582944,0.014173902,0.014680414,0.01419729,0.014115039,0.014603633,0.014304186,0.014227066,0.015244642,0.015192088,0.016722478,0.017747525,0.017282885,0.018340027,0.017890695,0.0174433,0.018002149,0.017155992,0.01697557,0.017439494,0.017904928,0.018013807,0.018370489,0.019309925,0.02005375,0.02129355,0.022189565,0.02299538,0.022843162,0.02243069,0.023132745,0.02303448,0.023687165,0.025303602,0.025950225,0.026726872,0.027189853,0.028718859,0.028754532,0.027944794,0.02938959,0.029342415,0.029911924,0.030319696,0.031248547,0.032868475,0.03489226,0.038377404,0.040164027,0.041818205,0.04337223,0.04428518,0.045213945,0.04715501,0.04900515,0.052076302,0.055151623,0.05627465,0.05807091,0.0679107,0.06757676,0.06848209,0.0712992,0.06534974,0.06762999,0.07132236,0.08059185,0.07950556,0.08847439,0.09800586,0.09563019,0.109524764,0.1258127,0.121477485,0.1312365,0.12725763,0.10845603,0.1058661,0.08723891,0.075637124,0.06741285,0.06314553,0.06250593,0.06440882,0.06672695,0.06845213,0.06665428,0.06254509,0.057633456,0.049755834,0.045854427,0.04139469,0.03917152,0.038055617,0.036438722,0.038612705,0.038731277,0.038213525,0.036627483,0.03174326,0.02734902,0.02461741,0.024108918,0.024907792,0.026474318,0.02594333,0.027372628,0.026408026,0.024306763,0.024040028,0.021892954,0.021438997,0.02096312,0.020401131,0.020939171,0.02160513,0.021924092,0.021647051,0.020975986,0.020136693,0.026141316,0.029004963,0.028287029,0.02847613,0.022610249,0.01885223,0.018786954,0.017398609,0.016377226,0.015619955,0.027421024,0.032000948,0.044997167,0.050053183,0.04996934,0.04724329,0.0351324,0.041360267,0.037947886,0.042792622,0.047650944,0.03970894,0.03698565,0.030740269,0.022503808,0.017380565,0.016285213,0.015860563,0.015106495,0.012368411,0.011193153,0.009629213
0.008021616,0.009643759,0.011483696,0.011509755,0.011619722,0.0119631,0.011650884,0.011568159,0.012344107,0.012475189,0.013008164,0.013623909,0.014205192,0.014455608,0.014868121,0.014830294,0.014739506,0.015431169,0.015238513,0.014902133,0.015063109,0.014350597,0.015049137,0.015532641,0.01564927,0.015932413,0.015902814,0.016179714,0.016079172,0.017052852,0.01667104,0.016827967,0.017186929,0.01676294,0.016981836,0.018467557,0.01846106,0.018768732,0.020049283,0.019587282,0.020791782,0.021707542,0.02111043,0.022485862,0.02246069,0.023606634,0.024564963,0.023638899,0.024393471,0.024445383,0.026223,0.02740058,0.027966516,0.028528828,0.027539147,0.028700259,0.028365247,0.02944441,0.029654924,0.028777983,0.031707525,0.034350194,0.035330165,0.036271382,0.0369513,0.034901183,0.037320744,0.038251728,0.03849992,0.043573022,0.045189325,0.05126244,0.054469373,0.053859346,0.05325323,0.052864823,0.052626517,0.0524627,0.05495913,0.05343467,0.062140886,0.06326965,0.06905588,0.07238174,0.07261778,0.077957064,0.08385839,0.087824546,0.0900765,0.09560164,0.09513465,0.0986097,0.107156076,0.116926156,0.11879096,0.12279586,0.12290047,0.119382955,0.12230765,0.12076313,0.115895145,0.11152746,0.10870948,0.10208283,0.10074842,0.0988124,0.094063334,0.094613634,0.0873741,0.07806318,0.07579803,0.06942374,0.06765143,0.06883352,0.060592487,0.057043456,0.05118011,0.041639637,0.038050406,0.037235968,0.036334436,0.03563872,0.03555117,0.03201611,0.030361997,0.0314866,0.029046653,0.029423915,0.02985848,0.027086856,0.027423045,0.025530314,0.023798084,0.02454953,0.023283795,0.023061195,0.024128567,0.022610547,0.02373028,0.023768777,0.022558222,0.021904256,0.02287597,0.023744632,0.024272995,0.023969177,0.02172569,0.020154182,0.018053416,0.019095683,0.0177915,0.01920687,0.02235876,0.021105308,0.021668889,0.020858238,0.017436674,0.017586779,0.017467784,0.017961232,0.019380488,0.027781015,0.039965894,0.04414002,0.044615295,0.04075728,0.03283564,0.029803492,0.02973826,0.040098574,0.036517076,0.033057213,0.0308064
0.007059641,0.008491593,0.009723665,0.009412199,0.008745446,0.00825536,0.008238265,0.008467969,0.00833527,0.008671452,0.008339006,0.008236777,0.009318759,0.009103717,0.009570982,0.009546298,0.008910512,0.009182404,0.009842929,0.010688727,0.010930757,0.011102436,0.010460918,0.010034908,0.010437856,0.010950831,0.01327234,0.013849951,0.027515769,0.0314698,0.031712852,0.03356241,0.027247261,0.02413934,0.02342283,0.020482259,0.015300703,0.012637312,0.011340874,0.011583782,0.012799515,0.012904236,0.015427383,0.02405863,0.024768442,0.049598817,0.050936252,0.0664425,0.07882571,0.07224804,0.07117938,0.05599641,0.036561187,0.023128193,0.022665713,0.01826366,0.017373756,0.016996143,0.01751084,0.016833099,0.018146979,0.018191127,0.017966136,0.019465737,0.01823777,0.0192354,0.03414576,0.03588321,0.03764989,0.037750307,0.027214926,0.026825413,0.027530333,0.028946778,0.031222334,0.03198841,0.03183608,0.035241086,0.035625495,0.039880957,0.04237352,0.044460382,0.04580453,0.0508672,0.05496586,0.057383917,0.06000689,0.057375986,0.05996751,0.061043374,0.061580833,0.07446123,0.083108425,0.08736471,0.090885706,0.08646315,0.076584466,0.07267569,0.071531475,0.07020496,0.0728035,0.073423035,0.07883297,0.07708076,0.07783602,0.07747592,0.07647533,0.08469768,0.08075504,0.07978695,0.074175656,0.057486,0.057117254,0.051196206,0.043100435,0.048291154,0.05041184,0.04879307,0.047939323,0.03969588,0.028587418,0.026330138,0.024784744,0.023758635,0.02281676,0.023628099,0.02284555,0.036786217,0.03660672,0.03606924,0.035167057,0.019931544,0.018992422,0.018389784,0.017494533,0.016457962,0.017457448,0.021454738,0.024843397,0.030745381,0.03014138,0.028434988,0.025575932,0.017751269,0.01766637,0.015600141,0.016255978,0.016141731,0.016289912,0.020568743,0.020739468,0.021103559,0.02168401,0.021124823,0.0221968,0.037919648,0.043491583,0.04443932,0.044911284,0.032465722,0.026750926,0.023259658,0.021354338,0.021253547,0.018309172,0.017294437,0.015598433,0.015221695,0.013734435,0.012251457,0.012574498,0.011544008,0.009326128
0.019383628,0.030349964,0.032320295,0.045290347,0.049085494,0.045970134,0.045960806,0.03952442,0.035215043,0.042283833,0.0581667,0.077644296,0.08966023,0.09088587,0.08860844,0.073057905,0.06403347,0.05763677,0.050794568,0.07090937,0.06412397,0.06936261,0.066515334,0.039441943,0.04925348,0.040248666,0.038503293,0.036274467,0.01912027,0.02337289,0.023746204,0.025296386,0.028386734,0.024192499,0.026450206,0.028861513,0.03752933,0.044606753,0.055897795,0.05631295,0.05734312,0.06346225,0.062308975,0.06303028,0.0668768,0.06736359,0.05998234,0.06423378,0.0631435,0.054809965,0.07160466,0.09706636,0.09643702,0.09680736,0.092666045,0.06291583,0.054557662,0.050267268,0.033331808,0.028481593,0.026350223,0.030849772,0.038475297,0.0385096,0.041928153,0.044641085,0.03974603,0.06474534,0.0686284,0.07358778,0.092343934,0.08360214,0.092820846,0.09622113,0.09047147,0.08754687,0.08108649,0.07256621,0.07764303,0.10343394,0.10747585,0.10739281,0.09567511,0.06577809,0.052083943,0.05119173,0.04759852,0.047563598,0.047452264,0.050108865,0.056545075,0.063695885,0.067021824,0.06982841,0.0785094,0.07800697,0.08427532,0.09949268,0.09849149,0.10333811,0.1063139,0.09458635,0.090674944,0.081021965,0.066189274,0.05740654,0.04792911,0.044033185,0.04733111,0.04720254,0.04572853,0.043359943,0.03619744,0.031044343,0.029652763,0.028585453,0.026203161,0.027562076,0.03149021,0.032709856,0.036814593,0.035814807,0.03197436,0.031012097,0.027991982,0.030616455,0.05186309,0.058738194,0.05922138,0.057027623,0.038813584,0.025713595,0.019715004,0.023441445,0.039906893,0.043115232,0.04457177,0.04765949,0.042033102,0.045679156,0.05845284,0.057867393,0.05631236,0.051020965,0.03781985,0.033308387,0.025595216,0.023936458,0.01606758,0.01204365,0.011005964,0.00975819,0.014765764,0.025098262,0.028191976,0.029501703,0.027753858,0.019381111,0.014606521,0.01414681,0.014806897,0.014061889,0.013930372,0.017440276,0.01646346,0.017119704,0.019093018,0.014974529,0.018079827,0.018689303,0.01677754,0.015125877,0.009538284
0.007170376,0.009136375,0.010204691,0.010263836,0.008944233,0.007957555,0.007460577,0.007901829,0.008125188,0.008390651,0.008452182,0.008311494,0.008434721,0.008372312,0.00981399,0.010197423,0.010769228,0.011997083,0.01258216,0.012915339,0.013646189,0.013017667,0.012028118,0.014474453,0.016263997,0.018553084,0.019173026,0.021638177,0.020434909,0.021721913,0.022198774,0.018887801,0.025999498,0.025493732,0.02610252,0.027345305,0.0211331,0.019829325,0.019601645,0.018361801,0.019874323,0.021667099,0.021542521,0.021469759,0.020267637,0.019199086,0.0198892,0.020825768,0.021479256,0.020536372,0.020056913,0.019376816,0.019316524,0.02174436,0.02587958,0.026797287,0.028103504,0.027582789,0.026036143,0.028125139,0.029655466,0.03180347,0.03160826,0.030667061,0.030724198,0.030794602,0.03164288,0.035305332,0.036895923,0.037869368,0.038394842,0.038618438,0.042399973,0.04403138,0.0464777,0.04929116,0.04928076,0.04982342,0.052172218,0.050594833,0.050205324,0.052844167,0.060706545,0.06744586,0.07675837,0.08590992,0.0874724,0.09753346,0.10292581,0.10354516,0.11231458,0.1189002,0.11838057,0.119676284,0.117962345,0.10838922,0.109592296,0.11468609,0.10991732,0.10893434,0.105464496,0.09938524,0.10170638,0.1036511,0.10471303,0.10226145,0.09846045,0.087467365,0.07502622,0.06542178,0.05383511,0.052146643,0.049508482,0.046866037,0.042762432,0.04144886,0.040422205,0.038112473,0.04149811,0.037554152,0.035270784,0.032773674,0.027816107,0.026477804,0.026278164,0.02431948,0.022212263,0.022083066,0.021192767,0.02148366,0.020233572,0.019691242,0.020368338,0.019533424,0.019672219,0.018847773,0.016173577,0.016481292,0.014331481,0.015174574,0.015784599,0.015584515,0.015475902,0.014870947,0.014403362,0.013314135,0.013704693,0.013228695,0.013474165,0.013303931,0.013238241,0.012896024,0.012666398,0.012648198,0.011512863,0.011111334,0.011180279,0.011332384,0.012587732,0.013348899,0.013411671,0.013025163,0.012965931,0.013001799,0.019593919,0.021348828,0.020665552,0.019853588,0.012368626,0.009065131,0.009852094,0.009579956,0.008655005
0.047846783,0.051828083,0.05723138,0.057315677,0.033371795,0.030533858,0.022131812,0.022289835,0.024125537,0.019460827,0.015874336,0.02167027,0.020740326,0.024060778,0.028428026,0.024349708,0.024560379,0.021865288,0.016068587,0.012899369,0.010515756,0.010444974,0.014102447,0.015521972,0.021342045,0.0232554,0.027020816,0.028191974,0.026225926,0.026057241,0.023493592,0.022837453,0.026304884,0.03366837,0.044902835,0.046702117,0.04568498,0.04217425,0.029586222,0.030618377,0.031057902,0.04997876,0.050502833,0.05295078,0.053471796,0.043900404,0.04280922,0.037956327,0.035710447,0.02295976,0.032413933,0.032197744,0.033304814,0.033353746,0.02578868,0.026212918,0.025813812,0.028222362,0.040250454,0.045984764,0.04802015,0.049528968,0.04554473,0.041062217,0.042762905,0.042641502,0.039503913,0.040826138,0.040873695,0.044057418,0.04836915,0.05023172,0.053641815,0.054859873,0.06260917,0.07058151,0.07554249,0.079348035,0.07815392,0.078980364,0.08243431,0.08657637,0.097241685,0.104062885,0.10711733,0.11620839,0.11739846,0.11731686,0.11994779,0.12265845,0.12059653,0.1302886,0.1340751,0.12958133,0.13050951,0.12449434,0.12284704,0.12633505,0.12814502,0.13008797,0.12291054,0.11382511,0.10719369,0.09393573,0.09551028,0.08928092,0.08188732,0.075055085,0.063935496,0.059657782,0.05646452,0.053425353,0.048822865,0.0491466,0.04288723,0.041550923,0.047343,0.045989707,0.04648976,0.04553847,0.035432488,0.031082097,0.030144637,0.02997294,0.02964153,0.02940198,0.028174436,0.026548242,0.0276337,0.02931255,0.02832543,0.02921264,0.027159167,0.023741862,0.02536916,0.026465503,0.026421381,0.025460916,0.023576753,0.01839118,0.019118262,0.01958388,0.021749679,0.02427595,0.024376016,0.028999234,0.029032622,0.027476761,0.027242035,0.022258043,0.019682368,0.019314205,0.01922193,0.018841412,0.018559584,0.019591993,0.019086432,0.018686518,0.020175759,0.020759078,0.021280061,0.022495883,0.02250215,0.02115132,0.021209622,0.023977535,0.023761295,0.03741202,0.0376184,0.03548823,0.03683195,0.021659568,0.018426543
0.006576502,0.007924413,0.010118721,0.012058589,0.012463417,0.012655444,0.01214818,0.023535391,0.026238296,0.028496418,0.030260982,0.027252708,0.024321208,0.024708522,0.024515415,0.022700025,0.025998818,0.029566048,0.028004205,0.02501977,0.022284038,0.015292458,0.016531665,0.02121673,0.023885068,0.023788271,0.02532414,0.02230477,0.024759253,0.050550763,0.085871115,0.08747614,0.09039656,0.078510605,0.035119314,0.030584143,0.012590583,0.017570402,0.017395701,0.016420374,0.016402509,0.012103698,0.012166371,0.018231828,0.019237148,0.01886396,0.021172235,0.024859918,0.05700759,0.08449645,0.08737038,0.08922238,0.077046275,0.059582356,0.08080159,0.09368864,0.100480385,0.10301289,0.095637105,0.09334185,0.086548746,0.0794256,0.076802514,0.06449933,0.074587755,0.08234681,0.08584774,0.08441842,0.0731245,0.05802296,0.06512091,0.06350297,0.062547244,0.063326634,0.034466982,0.031090936,0.029332118,0.030826667,0.038694147,0.041517936,0.042433474,0.043448698,0.03690728,0.04254066,0.052409828,0.055330142,0.059897576,0.06074782,0.0849606,0.09360087,0.10910399,0.119799964,0.11257286,0.12215151,0.12529774,0.12206373,0.11862789,0.10316901,0.080231145,0.064373896,0.046994276,0.038504854,0.03219244,0.030214112,0.029921172,0.026998924,0.026253315,0.025295297,0.021814113,0.019128017,0.016527643,0.015884109,0.014064143,0.013353569,0.013066102,0.012862896,0.013107649,0.012851056,0.012604883,0.014217586,0.013792862,0.014656138,0.015361361,0.017481614,0.020016426,0.021584561,0.051918972,0.07140301,0.09020969,0.103897326,0.09448884,0.095215,0.0927384,0.08296428,0.09442639,0.08150392,0.06291861,0.05387553,0.021545658,0.007419917,0.007186464,0.00682059,0.006992457,0.009104027,0.009873702,0.012757462,0.014753868,0.022196593,0.023950795,0.02717155,0.029863747,0.065958485,0.08647953,0.10497507,0.10739232,0.0888891,0.07422302,0.04961467,0.04333917,0.042137805,0.039251536,0.029691074,0.027992442,0.041162074,0.04759953,0.059184104,0.066630386,0.0598581,0.049461443,0.034446266,0.01577139,0.013439501,0.011810547
0.008112058,0.01070786,0.012581461,0.013035715,0.014230577,0.014039944,0.014337293,0.015086432,0.015395768,0.01612154,0.016853036,0.016951095,0.0175844,0.018064152,0.017728189,0.017615186,0.016632464,0.015975239,0.015941126,0.016967388,0.017511152,0.017932182,0.019036978,0.019199222,0.020171272,0.022361603,0.023246003,0.023329062,0.02336901,0.02357909,0.02546617,0.026760451,0.028823977,0.02940056,0.029689834,0.032082878,0.034707062,0.033313077,0.03342861,0.031474292,0.02952813,0.031561457,0.030200155,0.032504547,0.031543903,0.031969383,0.03804314,0.037300672,0.04031309,0.04561575,0.045230202,0.045678474,0.047437165,0.045267798,0.04229488,0.04305324,0.04246924,0.04183344,0.04452239,0.046429973,0.04967151,0.051862527,0.053511385,0.05327151,0.05064202,0.052027415,0.05565996,0.058914308,0.061790325,0.06248477,0.06488758,0.066577435,0.07126661,0.077413,0.078106456,0.08240854,0.08162114,0.08610239,0.089282624,0.093269594,0.10010823,0.10362696,0.10543177,0.10736107,0.11177806,0.11366416,0.12126855,0.13438068,0.14465255,0.1490765,0.1612946,0.158833,0.15012051,0.15288003,0.14849275,0.14834367,0.14911358,0.14122088,0.1322681,0.1212162,0.117405646,0.118114695,0.11149955,0.10813732,0.09805055,0.084893025,0.07294723,0.06416346,0.061628,0.056483224,0.056056697,0.0550453,0.05189709,0.04840829,0.046387523,0.043269224,0.039078224,0.04801867,0.042486787,0.040059973,0.039875288,0.024410088,0.024955578,0.025308464,0.023556577,0.022896133,0.021905052,0.021196717,0.022882089,0.023842398,0.027454019,0.02762853,0.027142806,0.026859771,0.023977917,0.023596345,0.022733305,0.022344565,0.022707025,0.022304654,0.02304809,0.023552535,0.022505844,0.0224638,0.021677434,0.019609235,0.01881862,0.018830035,0.019061197,0.018183632,0.017769389,0.016943067,0.01575094,0.016643895,0.016211344,0.015353339,0.01505807,0.0145823,0.015457778,0.015486378,0.015491769,0.015469016,0.014422433,0.014730782,0.015610503,0.015411413,0.015139356,0.014723752,0.01377797,0.01285062,0.013742561,0.012562403,0.010235393
0.006027187,0.007187927,0.008322235,0.009241659,0.009924787,0.012344289,0.014104199,0.014258052,0.014066534,0.012165709,0.010102955,0.009463602,0.009274516,0.009664497,0.010030463,0.010132691,0.010473603,0.010128079,0.010333907,0.011217144,0.0108971,0.011385986,0.011311909,0.011403902,0.017947068,0.01973681,0.022179967,0.02211532,0.01848479,0.016965957,0.015576468,0.016498955,0.020811213,0.026352974,0.026987152,0.026564164,0.024251467,0.018777035,0.017231653,0.018217599,0.017970497,0.01858581,0.020076578,0.021174641,0.020814477,0.021533448,0.0215652,0.023620661,0.024303554,0.024666043,0.024277408,0.03490656,0.036576338,0.036583778,0.03712133,0.024772556,0.022523262,0.022187179,0.021472093,0.023025936,0.022999134,0.023560964,0.02629714,0.028581295,0.0292505,0.030284012,0.030601615,0.031059254,0.031848002,0.032228842,0.035710506,0.037465338,0.044552993,0.046427965,0.048882447,0.05225181,0.05813634,0.062070712,0.062807016,0.063238576,0.06856283,0.07129579,0.07638994,0.08585827,0.08703533,0.09370472,0.09885279,0.09839563,0.10023796,0.11078292,0.117062055,0.11921673,0.11974329,0.112138934,0.104146324,0.10683059,0.11128931,0.11216248,0.11107575,0.105476886,0.09669998,0.09390543,0.09026315,0.086593755,0.087708496,0.07881294,0.0770265,0.07376348,0.061788652,0.057771165,0.05230393,0.046050567,0.043737303,0.04389664,0.041398574,0.03976385,0.036798894,0.031690136,0.029368162,0.027261166,0.025671495,0.023438038,0.022860946,0.02261195,0.0223456,0.020923339,0.020845525,0.020255284,0.020280872,0.018810846,0.018191999,0.017730193,0.019494107,0.020458998,0.049383022,0.055877764,0.06941564,0.070502214,0.0561149,0.049872007,0.045114905,0.06417121,0.064575575,0.06399077,0.052154984,0.020194456,0.010521416,0.010040237,0.009748126,0.009589221,0.01594519,0.016037447,0.016126258,0.015852638,0.009166193,0.009266439,0.008809115,0.01325975,0.013677993,0.013380204,0.016326,0.018653011,0.018549098,0.01888731,0.016663661,0.010095264,0.014667291,0.016312305,0.033121,0.041312005,0.04068922,0.039925165,0.027208393
0.0280105,0.03007251,0.031290073,0.030382715,0.024267485,0.022525089,0.023306992,0.01737269,0.035430007,0.035574313,0.03467445,0.034150206,0.020921443,0.034840226,0.038960826,0.04260152,0.040079337,0.0313325,0.027424444,0.020897638,0.023282485,0.020910129,0.022480002,0.022614043,0.020593164,0.024549427,0.022736667,0.022653637,0.022454102,0.018142093,0.01744892,0.020807473,0.024796307,0.024677197,0.024763932,0.024987468,0.021785524,0.021868235,0.022105752,0.021130128,0.021275794,0.022037512,0.024155224,0.023206303,0.02509648,0.031886864,0.03147754,0.03249708,0.03241039,0.026137715,0.02898927,0.02981236,0.030340469,0.031699125,0.031633757,0.031522423,0.03278675,0.035077363,0.03550876,0.042065702,0.04737695,0.049654957,0.054240998,0.057552256,0.054750115,0.05808716,0.059043247,0.057488516,0.064295635,0.06578132,0.06623244,0.06796679,0.07171889,0.07637696,0.08058381,0.08349172,0.080873266,0.0793219,0.08457132,0.08652539,0.09250171,0.09892991,0.09660345,0.10020028,0.10704173,0.11269327,0.12207049,0.12845019,0.13623577,0.13897899,0.14631948,0.15111744,0.15867847,0.16256066,0.15976551,0.158817,0.14267436,0.13881302,0.13404208,0.13128152,0.13169506,0.12705258,0.12141699,0.11100013,0.102678895,0.09591698,0.09028669,0.08453205,0.077553734,0.064384185,0.05564163,0.04792903,0.047009047,0.044430356,0.03994433,0.03793954,0.034696236,0.032266147,0.030843142,0.02895379,0.031065404,0.032579344,0.033424694,0.034019765,0.04788205,0.05143856,0.05007042,0.048663218,0.03000234,0.019023249,0.029743278,0.03801796,0.03775071,0.03729536,0.028551709,0.015400743,0.01641431,0.0296405,0.04284843,0.0427509,0.047954254,0.040821195,0.027550774,0.027787767,0.015078621,0.014527161,0.011915755,0.010368879,0.011996639,0.011761496,0.011910026,0.012676452,0.014202962,0.016600093,0.028815696,0.032537013,0.03596342,0.04136654,0.039030652,0.039773397,0.038605947,0.0320052,0.027490946,0.029916376,0.030834973,0.064540066,0.07783109,0.082098626,0.0851728,0.06462027,0.047000375,0.032659575,0.016050307
0.013599553,0.014334491,0.015091414,0.015536428,0.010446341,0.010455555,0.010536076,0.009634478,0.00998704,0.010060322,0.010415688,0.011047094,0.011475927,0.012684846,0.013214774,0.012804575,0.012760981,0.012582485,0.012400811,0.012364168,0.011892929,0.011104211,0.01019898,0.010548075,0.011291846,0.011321465,0.011943379,0.012061596,0.011903123,0.012832779,0.013306663,0.013842988,0.014510014,0.01407342,0.03142442,0.031509947,0.031534713,0.03226804,0.016400386,0.016037898,0.015807737,0.014999141,0.014103254,0.013927986,0.013411425,0.012602527,0.014974107,0.016491063,0.018751662,0.020122819,0.025955653,0.03283928,0.046514586,0.054230403,0.054919686,0.05187273,0.040357005,0.030520517,0.024030808,0.02377203,0.024256203,0.023878062,0.023894107,0.023708597,0.023254449,0.025326364,0.02748299,0.028596524,0.030498497,0.031926014,0.031261377,0.034150716,0.034427345,0.034422513,0.039294105,0.042667195,0.045648474,0.05125376,0.054566775,0.05736614,0.060943,0.06460838,0.06804921,0.07133087,0.07980351,0.08485367,0.09643466,0.1023389,0.107448444,0.11135103,0.11422689,0.11861254,0.121312715,0.12428166,0.12436081,0.1261343,0.11922638,0.1155148,0.10972819,0.10655416,0.11342037,0.110954314,0.10816571,0.098541245,0.083701156,0.07936437,0.0729145,0.06702662,0.061953586,0.050804786,0.041480474,0.050871078,0.05184049,0.050022695,0.048612498,0.032648206,0.025673773,0.024065543,0.020721082,0.019874167,0.01877272,0.01897287,0.019689696,0.032208677,0.03214649,0.030981127,0.030395731,0.014147706,0.013025944,0.013063312,0.012467935,0.012347994,0.013106258,0.012538283,0.012508146,0.011876844,0.010625633,0.010876996,0.012141109,0.012916381,0.012839651,0.012795019,0.01184968,0.012433017,0.012978556,0.013672138,0.013853725,0.013393934,0.012957815,0.012557012,0.012185001,0.01293941,0.020413373,0.020510646,0.021207733,0.023643171,0.032879915,0.07709262,0.0777942,0.07690659,0.071745224,0.016507616,0.011557638,0.010972994,0.010816413,0.010410913,0.009808853,0.009866122,0.009885199,0.009784939,0.010297851,0.009448397,0.007804052
0.006950314,0.008609495,0.011541858,0.012325591,0.012878731,0.013301983,0.012422568,0.012293473,0.015964856,0.020385794,0.021873683,0.021958621,0.020760057,0.016934259,0.015162877,0.015272505,0.014133399,0.015559771,0.016727783,0.017523803,0.017397184,0.03445018,0.045306288,0.048686553,0.04910296,0.03911197,0.03483249,0.046504732,0.048717383,0.048422974,0.04336735,0.02736671,0.024140343,0.036452595,0.037357334,0.03694288,0.03766114,0.02754746,0.026851783,0.027004555,0.027038334,0.027060555,0.02757877,0.03174582,0.03156647,0.03215974,0.031353235,0.027170012,0.027514862,0.028494636,0.037447322,0.037902825,0.039628163,0.041650712,0.04490224,0.058322247,0.06109201,0.060304042,0.05526177,0.042832684,0.044708237,0.04846582,0.051828966,0.05864505,0.06376317,0.06647132,0.07136866,0.070842855,0.068924,0.07595173,0.07866616,0.08693651,0.10069878,0.09960053,0.103622235,0.106766455,0.104587816,0.110201046,0.11399458,0.116951734,0.12274584,0.12731133,0.13612002,0.14833793,0.15144366,0.16208713,0.16670437,0.16823693,0.16686127,0.16604812,0.16261746,0.15467808,0.16554107,0.16134283,0.16142662,0.16346584,0.15335533,0.14524764,0.14286147,0.13217832,0.12091654,0.12128426,0.10800189,0.10424361,0.10137515,0.09347938,0.08721662,0.07969489,0.070929624,0.060652502,0.05337795,0.047954787,0.044635676,0.040504225,0.03650705,0.03644093,0.03459578,0.034725115,0.033196043,0.029298646,0.029081479,0.02956626,0.029342948,0.03019778,0.028981999,0.02674652,0.025829881,0.025864808,0.026286367,0.029135779,0.03140079,0.033899,0.034036897,0.032632925,0.033317447,0.040817637,0.041375153,0.039328475,0.036673985,0.028479772,0.029528601,0.029537564,0.029130656,0.024058746,0.017761858,0.016408887,0.014771228,0.012744229,0.013073168,0.012640542,0.013581538,0.013644244,0.013741256,0.014296962,0.014300623,0.015177459,0.015576608,0.015001431,0.016593978,0.017861037,0.024123846,0.025319068,0.024084443,0.022906346,0.016582595,0.015693795,0.0182382,0.018799532,0.01947474,0.020425424,0.018863065,0.016966822,0.013863746
0.02501844,0.027342116,0.027840387,0.018257825,0.014050077,0.009995554,0.010943504,0.010840665,0.010878102,0.010916366,0.010237528,0.010430607,0.0105469,0.010758716,0.010560026,0.01193783,0.015853966,0.017982308,0.028723797,0.028254917,0.026538212,0.025534052,0.012745235,0.013359173,0.016285416,0.025696665,0.028020184,0.033249307,0.03238775,0.02688596,0.025427086,0.017706968,0.017553369,0.015806831,0.01585846,0.016021006,0.015151308,0.014713117,0.015284736,0.016693335,0.017355666,0.01839992,0.017879814,0.01885404,0.022116702,0.028803231,0.031240344,0.03449466,0.036753446,0.034126624,0.036288578,0.034215435,0.037299454,0.039490953,0.04191431,0.0453652,0.04264829,0.044106532,0.0482103,0.05128634,0.04968212,0.04579268,0.035926975,0.029296162,0.034063496,0.04088708,0.042135984,0.04032167,0.036488917,0.029473605,0.031922124,0.03504224,0.04179863,0.043204006,0.04603784,0.048875365,0.053676497,0.056727223,0.05918864,0.06064525,0.061474334,0.065618314,0.06941151,0.07750605,0.08462004,0.09139712,0.10032265,0.10585405,0.11120867,0.11762295,0.13202535,0.13493152,0.14059667,0.1466319,0.13528404,0.13500258,0.12804778,0.11513796,0.1139438,0.1115213,0.10169634,0.09704429,0.08916144,0.079262845,0.07571723,0.067582354,0.054561786,0.039886672,0.054656688,0.05326821,0.064354464,0.06620195,0.058659613,0.06376125,0.052562043,0.057219252,0.05992942,0.059443474,0.06570827,0.061987698,0.05376137,0.051864456,0.0629586,0.060583282,0.057408616,0.052651238,0.022817237,0.017329913,0.015735034,0.01745714,0.01723855,0.016205955,0.014661212,0.011854507,0.017719712,0.01799137,0.018339435,0.018640576,0.013163682,0.013941752,0.014944497,0.014506608,0.014399714,0.013710572,0.012013832,0.012532046,0.012342421,0.012242532,0.013185359,0.013107952,0.013194686,0.013710713,0.013543951,0.016207198,0.016999414,0.016727597,0.016706826,0.016140472,0.016548347,0.017739031,0.021644212,0.027035573,0.027835509,0.03015995,0.028072061,0.0220323,0.020340644,0.015120719,0.013454835,0.013296803,0.013582411,0.012717559,0.010884515
0.008664497,0.010289514,0.011364566,0.01128439,0.011168785,0.010902096,0.010948955,0.010564552,0.010012571,0.009772688,0.010074131,0.010779107,0.010695216,0.011352186,0.01101597,0.011492241,0.011770326,0.01228068,0.013267124,0.012741173,0.012851389,0.012907751,0.01292906,0.012874787,0.017636508,0.01731813,0.017893896,0.018006526,0.013979706,0.015914952,0.015420359,0.016149081,0.016268458,0.0154093,0.016968613,0.018589806,0.019441243,0.020096479,0.019217724,0.018156046,0.018355487,0.018801736,0.020272464,0.021005353,0.021655163,0.022261253,0.02276262,0.024563229,0.026316322,0.02668233,0.026932547,0.026698245,0.027162235,0.028103745,0.028684668,0.030265195,0.029631337,0.03030916,0.030291714,0.030178064,0.034674905,0.037496347,0.040509593,0.043499902,0.042137235,0.043062788,0.046441767,0.05087653,0.06020623,0.06427421,0.068888396,0.07152096,0.074879214,0.07667944,0.077502094,0.08234255,0.08439618,0.085706174,0.08533163,0.08417419,0.080848336,0.08815093,0.09573268,0.097253926,0.11071433,0.11472848,0.11740463,0.12600914,0.12701438,0.13852169,0.15164475,0.15342815,0.1513909,0.1445581,0.13428485,0.1321051,0.12888302,0.12804836,0.12265629,0.11403577,0.11122942,0.096847884,0.08876933,0.08095167,0.068109654,0.06282261,0.05655816,0.051802885,0.048317872,0.042794522,0.035014354,0.031897515,0.027743105,0.025521677,0.02415025,0.024182687,0.02465433,0.022164663,0.021684583,0.019816812,0.01772401,0.01754197,0.016864078,0.019423606,0.020050429,0.020791722,0.02170381,0.018980196,0.019139491,0.018081514,0.017639974,0.017337559,0.015485275,0.016038433,0.015450465,0.017573256,0.017584894,0.018541027,0.019388039,0.017938161,0.018906035,0.018539371,0.01891479,0.019043818,0.019267783,0.019012427,0.01866981,0.01841032,0.017578295,0.018069832,0.017079541,0.017172504,0.017685099,0.017162276,0.01741204,0.017549174,0.016474728,0.016786765,0.016755829,0.016849883,0.016418247,0.015835837,0.016242083,0.016139373,0.016933588,0.016336612,0.016185153,0.015919143,0.015696181,0.016541772,0.015784118,0.014051049,0.011748929
0.008853665,0.012487317,0.017811723,0.019523442,0.02002797,0.024568306,0.022381054,0.020765083,0.025810719,0.02565538,0.05981398,0.08363336,0.08252042,0.08130251,0.060572125,0.015001098,0.013193835,0.011422806,0.010822293,0.012110116,0.032285072,0.040488973,0.056344476,0.06260576,0.068816744,0.06790629,0.055937126,0.050246388,0.02950753,0.020089569,0.018640298,0.013159872,0.011714484,0.01214743,0.017709306,0.02263831,0.02203999,0.034448795,0.04440907,0.04440864,0.046555415,0.045300044,0.042667422,0.042200353,0.03966918,0.031129217,0.015891394,0.011090281,0.011787583,0.014161282,0.014784151,0.014339071,0.014045802,0.017079351,0.021534277,0.046544738,0.04674303,0.060091432,0.06261236,0.050499525,0.05111476,0.034941748,0.028475357,0.023833062,0.024331646,0.022357251,0.023067553,0.023591727,0.025005715,0.028958896,0.034001686,0.035939526,0.04044738,0.04245035,0.04581641,0.05682145,0.06144121,0.062417686,0.06654802,0.0610349,0.060138617,0.060976755,0.06507127,0.07409751,0.0802089,0.08721664,0.090309486,0.10046395,0.10924413,0.11785697,0.12340588,0.118481,0.11316868,0.11360272,0.11613753,0.12343557,0.12879643,0.12452411,0.12509876,0.115247935,0.108344525,0.10254739,0.08516045,0.0801588,0.07416642,0.069690235,0.067015804,0.06003787,0.051271915,0.04516992,0.04224417,0.043313403,0.04107093,0.04062381,0.035755616,0.032532305,0.032363817,0.031014571,0.031901807,0.03235821,0.030110596,0.026694942,0.025252499,0.022509519,0.021907493,0.021342095,0.019998545,0.01944712,0.01906493,0.019386197,0.018878989,0.01708122,0.016651161,0.016601305,0.01599742,0.01671894,0.018221742,0.020798216,0.02462993,0.02822933,0.039306134,0.04105923,0.06351877,0.07891697,0.07537165,0.07626478,0.05772411,0.031280257,0.029479863,0.030095365,0.029843066,0.035546165,0.035031084,0.04171399,0.045594566,0.040541742,0.038882744,0.024820127,0.01533002,0.015329709,0.016096406,0.013169935,0.01356663,0.013044058,0.012425088,0.012671134,0.01598388,0.023117572,0.067004316,0.067724876,0.06707576,0.064810365,0.014279984
0.008244322,0.009493715,0.010651503,0.009875606,0.009365485,0.009556188,0.012521947,0.015669247,0.016211348,0.02241424,0.021280374,0.019244343,0.019069243,0.01399905,0.015116534,0.015797133,0.016387329,0.015069354,0.015607976,0.017450836,0.018470347,0.019976795,0.019588137,0.019175192,0.020594915,0.019661192,0.020229192,0.020994708,0.019386334,0.020945592,0.022368036,0.024991697,0.025661677,0.026224872,0.026631601,0.025924455,0.028674131,0.029141605,0.02968124,0.030593403,0.0302579,0.03136285,0.0339105,0.03697682,0.037996907,0.03842197,0.038851947,0.03859576,0.04140492,0.04431657,0.043329008,0.04364799,0.043626145,0.050391536,0.05413365,0.0552853,0.056782525,0.052351885,0.05694298,0.058849275,0.058725998,0.057705358,0.057933938,0.06028488,0.06569448,0.071517065,0.07039926,0.07510804,0.08023585,0.08789205,0.09793931,0.10225587,0.10619772,0.110197835,0.11739204,0.117590055,0.12149265,0.12734203,0.12256208,0.13420336,0.1363912,0.13829185,0.14451654,0.14544304,0.15541233,0.15425596,0.16588531,0.16426462,0.16292553,0.16386591,0.1563411,0.1637727,0.15387057,0.1564713,0.15447637,0.14639224,0.14425339,0.13510358,0.12900871,0.11706311,0.1091682,0.09554721,0.07561794,0.06425772,0.057158276,0.054180186,0.07284861,0.092834175,0.10095134,0.09976322,0.08379999,0.05615161,0.034255765,0.031699806,0.03149959,0.036659908,0.043762393,0.04394234,0.044055585,0.037590448,0.026516363,0.026883097,0.024337543,0.024055267,0.02343524,0.02071793,0.021125762,0.021052793,0.020825325,0.02083397,0.020563072,0.019653423,0.01988864,0.019779794,0.018726233,0.018878149,0.018158987,0.018501248,0.018499492,0.01906074,0.019804696,0.020168113,0.020109942,0.020907898,0.020718794,0.022830026,0.023204882,0.023680452,0.024574574,0.022298384,0.023624841,0.022907494,0.021494096,0.021815164,0.024518559,0.024147084,0.028713178,0.0282179,0.02426969,0.025959468,0.022699911,0.023265496,0.023239207,0.021056358,0.019072225,0.019499172,0.021013856,0.022026079,0.024072211,0.023526963,0.022551883,0.019870944,0.015128166
0.005740721,0.00699828,0.008145032,0.008350433,0.008573358,0.009286694,0.009722292,0.009871963,0.013032923,0.013176443,0.015385587,0.015833886,0.013432257,0.016012624,0.020353729,0.022423033,0.027131278,0.03435367,0.032645356,0.03702642,0.035090152,0.026860395,0.024901528,0.01513588,0.029864978,0.02979376,0.030153947,0.030067708,0.014369136,0.014632354,0.014723354,0.015143018,0.014487635,0.015286997,0.01593151,0.017139584,0.018177202,0.019728145,0.021539388,0.04874855,0.07379319,0.095890224,0.10381767,0.09663934,0.07959458,0.05162977,0.031584684,0.023196334,0.020825548,0.017673055,0.01868938,0.018147798,0.018430436,0.018203951,0.018558161,0.019092107,0.020535845,0.021231405,0.022856515,0.023681123,0.026669806,0.028591877,0.029656617,0.032777417,0.03724675,0.039044082,0.041477792,0.044220284,0.04818397,0.05163696,0.052502133,0.054288644,0.0529005,0.05615573,0.061207972,0.06641966,0.07223889,0.077068195,0.0872201,0.09752751,0.10291902,0.10408762,0.10275058,0.098123424,0.096963055,0.10123293,0.10573585,0.11188481,0.12550753,0.13377772,0.14330596,0.14430967,0.14131536,0.14377397,0.13717456,0.13901372,0.13808948,0.12730603,0.12149686,0.12118506,0.10756398,0.096159354,0.08280765,0.05453316,0.04625605,0.052412964,0.054658223,0.051005844,0.04592806,0.03366496,0.024804557,0.02356998,0.02247666,0.020690035,0.019455709,0.040205643,0.0459072,0.04615393,0.04595578,0.028114544,0.01536167,0.013765465,0.013539718,0.014161947,0.020858208,0.03813275,0.056963533,0.057030514,0.069966786,0.06246172,0.046603184,0.04624252,0.01587791,0.014394074,0.012371562,0.012575447,0.012586792,0.012446865,0.011085125,0.010418504,0.010482571,0.01131188,0.013611188,0.013864246,0.013990138,0.013581954,0.011274871,0.01067039,0.010709633,0.010788266,0.015434534,0.01909292,0.01968311,0.022378968,0.028401414,0.028146192,0.02907612,0.04342452,0.04830693,0.052759897,0.057829473,0.064407565,0.060393654,0.055597566,0.050659295,0.029000547,0.041361347,0.041821193,0.040392295,0.03709056,0.010855314,0.007195756,0.005114936
0.00853317,0.010969532,0.012700874,0.013299022,0.013615514,0.013790509,0.014228125,0.014420132,0.014711364,0.014575259,0.014555378,0.017384635,0.043297257,0.050706424,0.054047383,0.055559292,0.04014906,0.03138167,0.027004737,0.021503856,0.019059425,0.016747741,0.013406822,0.013667058,0.014598573,0.015263854,0.015001739,0.014946564,0.014492341,0.015435019,0.016951116,0.01692194,0.0171215,0.017582582,0.017908283,0.018596984,0.018419618,0.018113105,0.018426843,0.018970745,0.019991735,0.020554846,0.020956447,0.021536825,0.023108108,0.024426037,0.024661832,0.02533517,0.02464248,0.024113443,0.025239695,0.027399777,0.030333415,0.032126952,0.032650582,0.033035595,0.033240035,0.034360733,0.034851108,0.03500963,0.037744805,0.03909742,0.04199078,0.04209079,0.04291409,0.044861723,0.04524871,0.048706204,0.052340604,0.05401495,0.06320638,0.06593511,0.06765716,0.070158,0.07188871,0.07558695,0.0820149,0.09037748,0.09325375,0.10370598,0.105025455,0.10828858,0.116555996,0.120373346,0.12598468,0.13394094,0.14141908,0.15151618,0.15989393,0.16528462,0.16561891,0.15889433,0.15620162,0.14913672,0.14766505,0.14611682,0.14389062,0.14076315,0.13384247,0.12848236,0.11922359,0.1120618,0.102053165,0.09112374,0.07811293,0.06657232,0.055929903,0.04644715,0.0431325,0.039750945,0.03465957,0.033441696,0.034011837,0.029733244,0.027904306,0.025428338,0.02382,0.021680541,0.021360742,0.020783633,0.019458635,0.020287849,0.020335345,0.023168093,0.025941154,0.02956002,0.029129213,0.02695619,0.024118641,0.019634513,0.020520398,0.020782579,0.021544872,0.022735745,0.023141036,0.025575783,0.02649132,0.02538818,0.024200851,0.023498153,0.023109809,0.024446037,0.025040582,0.024027206,0.024339166,0.026359977,0.026305955,0.025669297,0.025229469,0.021764882,0.02379034,0.02483732,0.025818229,0.027310645,0.025318267,0.025761554,0.025884975,0.025267374,0.02665371,0.026311046,0.025941228,0.025886107,0.026563324,0.026598802,0.027020022,0.027759971,0.028182302,0.032663547,0.034516484,0.03581073,0.04001215,0.040435594,0.03630341
0.005777797,0.008891608,0.010313882,0.010275095,0.010336905,0.00974292,0.009299976,0.009157126,0.00931407,0.008753717,0.015267198,0.01524078,0.015398998,0.015269961,0.009239742,0.010680872,0.010726771,0.011302607,0.011305883,0.010542623,0.010914446,0.011395765,0.01230041,0.01219708,0.012470437,0.012364008,0.011864344,0.012643399,0.013124934,0.014189687,0.015064561,0.016145192,0.01621401,0.016014233,0.015463562,0.015214728,0.016629953,0.017404322,0.020236913,0.020425817,0.021612639,0.022355966,0.022228383,0.024102492,0.024247332,0.025126826,0.025062153,0.025147973,0.025059875,0.024316596,0.025086539,0.024686575,0.026305912,0.02818088,0.029128568,0.03266457,0.035336014,0.03793192,0.040226173,0.0399097,0.0404686,0.04144214,0.04633517,0.048968066,0.05364328,0.05988448,0.06013696,0.06888717,0.07020276,0.07460798,0.07930982,0.07577115,0.07954657,0.07856671,0.08506598,0.09340464,0.1001676,0.11345561,0.11736953,0.1295139,0.13395855,0.13060604,0.13752416,0.13681823,0.1397019,0.15197845,0.16120748,0.16754213,0.17457256,0.17655303,0.1789785,0.17946774,0.17726183,0.17955865,0.17003648,0.1619148,0.162242,0.1551472,0.15140174,0.14693877,0.13709927,0.12250998,0.11479332,0.11147737,0.10325588,0.0980012,0.094719455,0.08429288,0.07875863,0.07831511,0.06999922,0.068397336,0.06808963,0.06141063,0.058380406,0.062292203,0.05723995,0.060559478,0.059662875,0.052394126,0.051937386,0.045585416,0.04623686,0.04701144,0.044498622,0.048379395,0.052471068,0.05226712,0.053186517,0.05022781,0.04346379,0.042208843,0.04456468,0.0444124,0.044705864,0.044104103,0.04113787,0.03866722,0.040048897,0.039243244,0.040440638,0.04049417,0.04116706,0.041993603,0.04052391,0.041252464,0.04533847,0.056435894,0.058143493,0.058858898,0.054604158,0.04555515,0.04337669,0.042139515,0.041141137,0.03650192,0.038398247,0.038173042,0.036810048,0.03855888,0.040835537,0.04126618,0.04716975,0.04524526,0.040696107,0.038497336,0.030921405,0.029861571,0.02870532,0.028656043,0.026580714,0.024092091,0.019133832
0.005392192,0.007202249,0.008080852,0.008347622,0.008327595,0.008344517,0.008575598,0.008362655,0.00829535,0.008406293,0.010037951,0.018827872,0.021029135,0.025379468,0.042133562,0.04258552,0.041859463,0.039474804,0.020770548,0.026555968,0.02691095,0.026758144,0.026284024,0.011609173,0.009589656,0.013481984,0.031190958,0.045093108,0.050658833,0.05100973,0.04245252,0.027209643,0.014298193,0.008257595,0.008331602,0.008615766,0.008886385,0.010190861,0.012224188,0.023296418,0.02425556,0.024234854,0.024716359,0.02305159,0.04513515,0.050411317,0.054703787,0.054572396,0.038246714,0.032468252,0.024229392,0.01855691,0.018393205,0.016698763,0.017065998,0.017766068,0.019623837,0.02098012,0.021484641,0.023316925,0.026190456,0.028345637,0.03169119,0.03539021,0.040931817,0.046421777,0.047748156,0.046595555,0.042666633,0.03835897,0.03718427,0.038747206,0.04177608,0.04504493,0.04949387,0.053214636,0.05745273,0.061577644,0.062812895,0.067434795,0.07656844,0.08226896,0.0911094,0.09855364,0.10186207,0.110128604,0.12498086,0.1373816,0.15099536,0.16220699,0.15842663,0.15608314,0.15349147,0.14613552,0.15022917,0.15025792,0.14028032,0.13111658,0.11094512,0.08966293,0.07416,0.059637584,0.05449491,0.04850841,0.043771364,0.037268408,0.032659248,0.027466163,0.029208967,0.038571347,0.04028351,0.039270196,0.03523496,0.027634878,0.024684004,0.03885789,0.048182826,0.045234833,0.04404747,0.031287685,0.011143239,0.010106714,0.009634863,0.009066264,0.008604458,0.008775756,0.009242692,0.009538731,0.009758499,0.010035324,0.010173252,0.010591097,0.010976214,0.011243662,0.012520252,0.015077337,0.015769131,0.01580566,0.015017544,0.013980985,0.013448465,0.013230161,0.01317618,0.013049115,0.012838428,0.012787417,0.012291833,0.010702291,0.011908622,0.012824047,0.013465186,0.013574848,0.012682108,0.012853085,0.014489247,0.01538758,0.015340163,0.015123936,0.013695513,0.012365383,0.013052514,0.012486569,0.012275296,0.013201884,0.012584297,0.013180942,0.013470005,0.014260336,0.01521994,0.015332392,0.01605204,0.014323767,0.011776274
0.006650563,0.009186065,0.011447479,0.012035047,0.013019312,0.014059903,0.013196894,0.012426497,0.012022063,0.010329175,0.01091709,0.011881819,0.012180967,0.012099596,0.012434991,0.012242079,0.012411934,0.013217837,0.013375452,0.013812442,0.013732667,0.014777149,0.01542656,0.015331674,0.01547724,0.016123211,0.016797103,0.018248983,0.019319903,0.019123754,0.019721547,0.018589716,0.019823166,0.020661825,0.020848133,0.021468755,0.02076,0.022276243,0.023773039,0.024928557,0.026777482,0.027503258,0.02871622,0.029291091,0.0313201,0.03258063,0.031855572,0.03492413,0.038514696,0.042380806,0.04720743,0.047452517,0.04920862,0.049073737,0.056780268,0.06050313,0.059138983,0.06654137,0.062194753,0.063133895,0.06953536,0.07346026,0.079654865,0.08274017,0.083632,0.08409877,0.08973509,0.09398269,0.09814121,0.1046869,0.10408039,0.106531784,0.11057232,0.1154862,0.117697306,0.12444095,0.13070892,0.121835835,0.12054326,0.12034574,0.12118268,0.12638412,0.14940138,0.15580788,0.15317087,0.1650661,0.16399167,0.1686986,0.17698194,0.17936316,0.17201108,0.16443749,0.16126688,0.15706536,0.15796216,0.15921076,0.15733193,0.14610253,0.13691461,0.1286583,0.11815283,0.113682754,0.09973983,0.08974516,0.0840491,0.07212356,0.07267537,0.07215684,0.065804146,0.064081885,0.05978037,0.051397003,0.04204894,0.039218098,0.037461415,0.032540657,0.037576724,0.04022043,0.036418606,0.035310876,0.032043938,0.029278487,0.030495055,0.030739466,0.030442791,0.029537898,0.029195137,0.029616527,0.028999897,0.030744355,0.02889535,0.028908309,0.027957778,0.026760386,0.029245343,0.02750063,0.026675401,0.02461286,0.025190342,0.025533525,0.025243513,0.025305178,0.02436762,0.024316289,0.025381945,0.027043672,0.026485363,0.026005125,0.024912484,0.02433212,0.022890538,0.024661362,0.02510114,0.02432672,0.0377754,0.059489936,0.061514147,0.06978341,0.06994686,0.05235985,0.049946833,0.0368792,0.022160107,0.0193342,0.018219998,0.019567652,0.018643767,0.019353269,0.017886609,0.019506695,0.019856362,0.018455736,0.017241387
0.003683159,0.004614948,0.005617538,0.005978188,0.006743906,0.030666817,0.03144511,0.031352844,0.031290222,0.009646665,0.007126431,0.007395531,0.007310075,0.006818328,0.006774862,0.007068797,0.00735028,0.007637857,0.007541358,0.008145261,0.008980307,0.009443349,0.018687528,0.022358937,0.029073877,0.032173913,0.028783776,0.026283104,0.028619973,0.025709936,0.025003124,0.025566053,0.013279589,0.013318803,0.014158711,0.06280576,0.063679285,0.063507244,0.06327985,0.017213982,0.013944307,0.015072795,0.016336737,0.015282599,0.017332122,0.01734097,0.017234702,0.01816957,0.01805752,0.018858075,0.021404263,0.026818452,0.028975299,0.039880022,0.04263943,0.041674394,0.042144533,0.035702668,0.034412358,0.0369839,0.037703995,0.037647866,0.04391332,0.049001433,0.0543225,0.059148476,0.06151069,0.06567219,0.06490153,0.06386441,0.064726494,0.06938852,0.07364902,0.07968719,0.08387739,0.08596057,0.09551544,0.10805784,0.1128484,0.11765791,0.12678497,0.12981656,0.13620266,0.14599039,0.14611517,0.14991124,0.1559587,0.16229132,0.17324732,0.17778054,0.17967914,0.16994333,0.16487071,0.1664282,0.16522463,0.1693325,0.15706319,0.14541572,0.12762052,0.11104475,0.10686005,0.097221166,0.09510675,0.09245562,0.0882937,0.07400393,0.07010903,0.060049273,0.047829084,0.04589429,0.03867538,0.03565225,0.034328215,0.034334566,0.032111738,0.031455252,0.032049157,0.030435666,0.03702468,0.03613895,0.03385292,0.033348996,0.026111273,0.025726205,0.025280163,0.02602477,0.024281634,0.023608556,0.024845894,0.025988517,0.027449576,0.030753883,0.030184861,0.03113442,0.03308126,0.036101647,0.037675444,0.03706066,0.043561194,0.048450768,0.049287654,0.04842256,0.040220525,0.031797066,0.027974235,0.027366973,0.026023496,0.018892927,0.017832022,0.015893068,0.017495112,0.017091572,0.016780578,0.017170012,0.015548641,0.016462693,0.017098716,0.019845923,0.021030828,0.020953823,0.021462811,0.021438304,0.023401849,0.02455501,0.025897,0.025014063,0.024116693,0.023661878,0.023135506,0.024183229,0.028325826,0.027711408,0.024744648
0.004747567,0.007060134,0.008499573,0.008713267,0.008824407,0.008610501,0.008030595,0.01702443,0.019839833,0.020372313,0.0225301,0.020492937,0.02021311,0.022106675,0.023053102,0.02996017,0.028733762,0.027575668,0.025405826,0.012660692,0.013298491,0.014197935,0.019194223,0.025111472,0.030989997,0.03034652,0.027778048,0.023196436,0.014855471,0.01513414,0.020351268,0.022651501,0.023726033,0.039117243,0.041501563,0.0417839,0.042757686,0.029921373,0.025993021,0.025684716,0.025861466,0.028170958,0.027269008,0.027127275,0.027317464,0.027090317,0.029344087,0.031602405,0.032228727,0.034326218,0.03416715,0.033822127,0.033278335,0.034256097,0.034403823,0.037817102,0.041650787,0.04215435,0.04406456,0.044743806,0.049255904,0.052961066,0.057252146,0.059440497,0.057685647,0.05755738,0.056571677,0.06170559,0.06602858,0.06774569,0.0729404,0.07209383,0.07510184,0.080560364,0.08357217,0.08767928,0.08908778,0.09015849,0.09902964,0.11097254,0.11664498,0.12722622,0.12913083,0.13074948,0.14653666,0.15621558,0.16241369,0.1712043,0.16320945,0.1633544,0.16626425,0.1590523,0.168036,0.16541454,0.157239,0.15797225,0.14481106,0.135707,0.13359372,0.12706807,0.118306585,0.10925974,0.096366435,0.083565556,0.08274877,0.07476835,0.07053239,0.061293744,0.05508897,0.050894238,0.047380414,0.046458885,0.04089656,0.0402538,0.04194352,0.04149251,0.04106901,0.039340373,0.036855135,0.033775702,0.032999095,0.03481406,0.037890386,0.040357668,0.040069956,0.043759827,0.04699928,0.050273623,0.053226504,0.052431647,0.05084716,0.053637397,0.057661865,0.05618409,0.055106755,0.052168757,0.046069887,0.0446584,0.042966817,0.038533397,0.047807638,0.04975874,0.05062349,0.052266397,0.042709745,0.04014145,0.038535643,0.03343526,0.029513752,0.027117947,0.022863034,0.02304154,0.025416894,0.025194881,0.025423212,0.02633527,0.026888499,0.026783586,0.026872126,0.026613496,0.024278512,0.02621666,0.026995419,0.027266523,0.02665728,0.024818674,0.024401039,0.022247987,0.022733223,0.026249887,0.028932067,0.03059379,0.028073572
0.013723456,0.017082525,0.019314518,0.019032814,0.018282825,0.017589323,0.017680146,0.019074304,0.019268747,0.019577945,0.020039583,0.020404153,0.020698547,0.021404147,0.022281809,0.021819398,0.022123292,0.021386076,0.020918492,0.02042565,0.021012226,0.021215487,0.022389505,0.023182949,0.02373927,0.024987906,0.024020547,0.023832832,0.02386476,0.02401467,0.024033288,0.0245541,0.02443434,0.024674337,0.02765478,0.028230121,0.027692135,0.02828023,0.026123455,0.026564429,0.027183637,0.027836775,0.028797729,0.02915682,0.030731592,0.030517975,0.029334733,0.030768981,0.030267164,0.030775812,0.034309737,0.034899022,0.03597777,0.037122812,0.035724547,0.035032094,0.035187103,0.034977723,0.03798022,0.039614856,0.039602533,0.04002107,0.03954908,0.03948455,0.041336853,0.04310131,0.043790884,0.04559331,0.04546551,0.04570604,0.046057157,0.04505783,0.045112688,0.044602275,0.043690175,0.043668907,0.044264458,0.044077188,0.04681505,0.051559504,0.054585937,0.055573076,0.05981778,0.060634214,0.060881626,0.06360368,0.060340486,0.0583734,0.059519727,0.060562275,0.064623155,0.069676496,0.070983864,0.0720216,0.07257576,0.07556103,0.07735455,0.07915993,0.080442496,0.07821334,0.07854977,0.07921308,0.082155235,0.08310103,0.080653906,0.07999437,0.07427991,0.07478897,0.08069914,0.08066182,0.08474232,0.090441644,0.085372135,0.08341612,0.083272584,0.07680267,0.078751996,0.08174754,0.08034867,0.07814875,0.084197834,0.08402391,0.07905657,0.08342967,0.07644094,0.07282539,0.07247722,0.06354621,0.06084225,0.056685872,0.058002993,0.05754696,0.05506307,0.05613463,0.055755604,0.05699576,0.058195543,0.057690915,0.05539978,0.050499253,0.046467416,0.047687557,0.04510443,0.04287207,0.043129764,0.039467197,0.040032994,0.041312058,0.04026333,0.03857044,0.038027026,0.035637368,0.03451781,0.03348211,0.03207229,0.03166306,0.030150833,0.031015595,0.029047908,0.030915486,0.03215095,0.032899894,0.032927312,0.030018184,0.02774273,0.024250245,0.02553303,0.025872204,0.026280327,0.02672278,0.025499297,0.023005553,0.01928085
0.011997837,0.01597226,0.018379835,0.018475369,0.019035913,0.018012991,0.018347329,0.01906879,0.019958459,0.021417394,0.021959962,0.022600617,0.022475349,0.022085955,0.022904312,0.022594541,0.023155631,0.023941815,0.024049798,0.025865348,0.025801614,0.026017984,0.026221195,0.025891587,0.026650446,0.028281229,0.029535875,0.030331153,0.030888267,0.02986621,0.030236937,0.032014992,0.032515943,0.03463838,0.034451567,0.03361644,0.034702335,0.03361104,0.033807315,0.03547228,0.036234133,0.038585924,0.03986271,0.038458508,0.040872004,0.0409365,0.04342083,0.04370245,0.042904552,0.043155678,0.04082261,0.04073717,0.039315358,0.03759664,0.03820018,0.03952277,0.04093852,0.04372984,0.04366203,0.04397004,0.043954488,0.043871947,0.04423047,0.044851467,0.046314027,0.049000174,0.051099557,0.053159997,0.058961246,0.0611368,0.06621658,0.06889338,0.06576545,0.06740563,0.0706257,0.07160798,0.07691031,0.07916316,0.0805502,0.0864048,0.08500292,0.08701382,0.089665145,0.09263308,0.09731964,0.100643456,0.10129243,0.098123096,0.09855313,0.10173851,0.10221025,0.104888886,0.10444761,0.09741705,0.10082071,0.098687805,0.10043865,0.10495206,0.100528814,0.10069161,0.1016613,0.094436996,0.093270384,0.09748142,0.0992333,0.10697901,0.105341956,0.10167791,0.09923323,0.10030813,0.09898216,0.09630663,0.09395055,0.0859617,0.08724065,0.08776574,0.08083038,0.07816382,0.070878215,0.06188267,0.058004335,0.051517867,0.050584335,0.049183153,0.046417616,0.04533581,0.04390918,0.042516332,0.04159302,0.039510306,0.035890047,0.033119913,0.033207294,0.031084845,0.0319819,0.03156088,0.029636705,0.028948631,0.026838625,0.025032692,0.024470113,0.024301954,0.022208737,0.02409124,0.024715066,0.02338504,0.023236906,0.0226208,0.022188239,0.021717316,0.021562148,0.02077545,0.0197912,0.019565208,0.019456614,0.017333541,0.016793814,0.017535217,0.017447162,0.018425751,0.017399332,0.01581794,0.015491147,0.01425734,0.01415209,0.014516409,0.014832675,0.01512229,0.015987342,0.01659679,0.015514968,0.014149009,0.011336881
0.01495784,0.017844927,0.020011207,0.019684715,0.019361066,0.020692961,0.02217358,0.022737738,0.02460684,0.02450229,0.024955915,0.025464563,0.025345044,0.02482655,0.023905486,0.023522459,0.023382831,0.023803432,0.025417399,0.025273357,0.02467463,0.024367645,0.023179187,0.024338024,0.025109429,0.02632634,0.027681358,0.028070873,0.027976193,0.02792187,0.028549632,0.028881963,0.03054077,0.030979894,0.031604897,0.032180108,0.0332035,0.035122108,0.03440496,0.034917414,0.03574401,0.03557998,0.03580455,0.036354996,0.034661602,0.037849873,0.038696177,0.03735223,0.037793897,0.036162406,0.036290195,0.03978,0.03989346,0.042974684,0.043230988,0.044380642,0.046509594,0.04563464,0.0485231,0.04886929,0.049435265,0.047907714,0.04931835,0.053086776,0.053346504,0.05545112,0.059816852,0.060984366,0.06475036,0.069583744,0.06840072,0.06660002,0.06502783,0.06315427,0.06574515,0.068981126,0.071475305,0.072217144,0.0707185,0.07194528,0.07380898,0.077511914,0.08855905,0.09019419,0.100768186,0.10943687,0.10882078,0.11771741,0.114446364,0.108966626,0.10840305,0.10526287,0.108027,0.11193837,0.1198877,0.122019075,0.12427635,0.13080125,0.12355172,0.12236108,0.12330322,0.12038484,0.1255,0.124408826,0.11711801,0.10776266,0.10344019,0.105179906,0.11008193,0.117171906,0.11816371,0.11361987,0.10686927,0.10575845,0.09734196,0.09639732,0.09963047,0.090787716,0.09551606,0.09686067,0.09504479,0.09410825,0.09015555,0.08348561,0.07763858,0.07510238,0.06923277,0.06868953,0.06816381,0.06492045,0.06603177,0.06145142,0.055954665,0.057439636,0.051460136,0.050627563,0.04956998,0.045542087,0.046839915,0.04686205,0.04793661,0.046680678,0.04685808,0.04450468,0.042130608,0.04086906,0.036611173,0.03597329,0.03491222,0.033755258,0.03414246,0.035025187,0.03510859,0.035219796,0.03481064,0.03144828,0.03114876,0.029501181,0.028033815,0.028396368,0.026871476,0.026488831,0.026750231,0.026479935,0.025638258,0.025961507,0.025524154,0.024188282,0.023835568,0.023028767,0.021463986,0.019707698,0.016553182
0.016361497,0.018907882,0.021545574,0.021313753,0.02030569,0.020909062,0.02052981,0.02103079,0.02054289,0.021328513,0.02236703,0.021679547,0.022190742,0.022303224,0.021184755,0.022020811,0.02442227,0.025879785,0.026366668,0.026803736,0.026350418,0.023975495,0.024766412,0.025508607,0.02594642,0.026467448,0.02638221,0.025237191,0.024545547,0.025793295,0.026409274,0.027462628,0.027850555,0.02716825,0.027587036,0.028956197,0.028727869,0.030035958,0.030184954,0.028258111,0.034202743,0.03546723,0.036740046,0.038532503,0.035065055,0.03442549,0.034164205,0.035866696,0.037141018,0.039768353,0.04178969,0.041140627,0.042813666,0.041269302,0.04107157,0.042211138,0.042828992,0.045102343,0.044951215,0.044218484,0.04285669,0.04529893,0.04664201,0.050763477,0.057445664,0.05804201,0.05695556,0.06028738,0.05896968,0.06529165,0.067864254,0.065042764,0.068556845,0.06385383,0.065747574,0.071215965,0.07483014,0.08138353,0.08651903,0.08657581,0.08394118,0.08791216,0.09084615,0.09344058,0.09927054,0.098111756,0.09758874,0.1030667,0.101002835,0.10631678,0.109921716,0.112127244,0.11546007,0.11125886,0.11046499,0.10690983,0.10789181,0.11135446,0.11168564,0.11293579,0.10961299,0.11010126,0.108510435,0.108952954,0.109444715,0.10509459,0.10995197,0.111769356,0.11560772,0.11533875,0.109670684,0.099119075,0.08919921,0.08826518,0.0860117,0.088819966,0.08825704,0.08502277,0.07677769,0.06982545,0.06287165,0.05248016,0.053407945,0.048815105,0.050158452,0.052753873,0.049219135,0.0493247,0.046913676,0.04528813,0.044542216,0.043641035,0.041829396,0.037676077,0.038626984,0.038054332,0.040404387,0.042238194,0.041091662,0.040712405,0.037139118,0.034376226,0.03368654,0.033913936,0.03503371,0.03431899,0.03360652,0.030971099,0.028903149,0.028975507,0.028250732,0.031028096,0.031731214,0.029513022,0.029589055,0.029062096,0.028050393,0.02935219,0.027816614,0.024935767,0.023239253,0.021594532,0.023353934,0.024049206,0.024368323,0.024401734,0.022681097,0.02193981,0.02248759,0.022188494,0.023102378,0.02085155,0.0165947
0.018442223,0.024226611,0.02783184,0.02881491,0.028176375,0.027140118,0.02814956,0.02866474,0.030362414,0.030694867,0.03016438,0.03017197,0.028860189,0.0287104,0.028442053,0.027669178,0.029239515,0.031301055,0.032916058,0.035277374,0.034611836,0.03430433,0.03393153,0.032308534,0.033264544,0.032426365,0.034360845,0.03517233,0.036394034,0.03770374,0.03840233,0.04074416,0.039487254,0.03894437,0.037981246,0.037358478,0.041021183,0.041024882,0.04245073,0.040762786,0.04042887,0.04098859,0.03894024,0.040046725,0.03792919,0.03929913,0.040758096,0.04320516,0.045338694,0.049343273,0.0494783,0.0486267,0.047285497,0.04612374,0.048348963,0.05014296,0.05515858,0.05555807,0.05418143,0.057016972,0.058248192,0.060207292,0.06344042,0.06412677,0.06761906,0.06862263,0.07303789,0.073489875,0.074518524,0.074611396,0.074932374,0.076825894,0.07487294,0.07996989,0.08301731,0.09002832,0.09517956,0.098653026,0.102616034,0.10262096,0.10358719,0.10236747,0.10562238,0.109782115,0.11845896,0.12532441,0.12834357,0.13435502,0.13690369,0.1422483,0.14157489,0.13936539,0.13826774,0.13528307,0.13601868,0.14175487,0.1408303,0.14738005,0.14981782,0.14304307,0.14441876,0.13725768,0.13475136,0.13527814,0.1296602,0.1261246,0.12852226,0.1269653,0.14070661,0.14417195,0.13445921,0.13758987,0.12348358,0.123415016,0.12722659,0.11676903,0.11338748,0.10429278,0.102333635,0.103038594,0.09909412,0.094708286,0.08785243,0.08562798,0.084180534,0.08381002,0.08377638,0.07947498,0.08100306,0.07519145,0.07430573,0.0715155,0.06438277,0.06787143,0.06408403,0.06724617,0.06669596,0.0632174,0.060282946,0.058924057,0.05609607,0.05461946,0.054530818,0.049115133,0.047887992,0.045974072,0.044106916,0.043074075,0.041818053,0.040215176,0.04167033,0.04044425,0.040547416,0.03841584,0.034560684,0.032948837,0.031276066,0.03099397,0.029363561,0.028626978,0.026891941,0.025928881,0.025721561,0.024585791,0.022439107,0.021160562,0.022445766,0.021836828,0.022853833,0.023010911,0.020895109,0.019508995,0.015299708
0.019369228,0.022942748,0.028789412,0.029452063,0.0314158,0.033461563,0.03155201,0.032883674,0.0308279,0.029603736,0.02999852,0.029247649,0.030108577,0.031065771,0.030638535,0.03163045,0.030661242,0.030866018,0.031927437,0.031896837,0.032074727,0.03174878,0.031891786,0.031277344,0.03337275,0.034219507,0.03561844,0.036193077,0.035683446,0.037670504,0.037888553,0.03800071,0.038514253,0.036067665,0.03593271,0.038262803,0.038335986,0.041683134,0.042168867,0.041299377,0.042068217,0.04322766,0.047390364,0.050752576,0.053122725,0.05284696,0.051282905,0.04887246,0.052145872,0.053495023,0.05225241,0.05656586,0.05350882,0.055758584,0.058470797,0.057044465,0.057321224,0.057855796,0.05997388,0.062249545,0.06715603,0.069050744,0.071187526,0.07754726,0.08077314,0.082811795,0.081072494,0.0758108,0.07635076,0.08225879,0.08930348,0.101075985,0.10463182,0.10718093,0.112336166,0.10690752,0.10814392,0.110772744,0.11441541,0.11937127,0.12654117,0.12563881,0.124469414,0.12552685,0.12344578,0.13248649,0.1359049,0.14255942,0.15020445,0.15089847,0.14680935,0.15299247,0.1459772,0.14366926,0.15153086,0.14489377,0.14775495,0.14685856,0.14633137,0.15026653,0.1560236,0.15242882,0.15387617,0.1527596,0.15153325,0.15890267,0.15704721,0.15447672,0.15172277,0.15421587,0.15105537,0.1406601,0.13631052,0.12163088,0.1182509,0.12589198,0.11894204,0.11562518,0.10780071,0.097690865,0.10115894,0.10165413,0.099652514,0.10083815,0.09223968,0.08692735,0.08555271,0.0792932,0.07733349,0.07284618,0.07115659,0.06831298,0.06558542,0.06831907,0.06687651,0.066580296,0.06740704,0.06192373,0.059960905,0.059990767,0.05549786,0.05752997,0.05610327,0.050848126,0.049769245,0.048476264,0.047271866,0.048170753,0.046748497,0.043882534,0.0427243,0.041578945,0.039646994,0.039061554,0.038039073,0.037800632,0.03811995,0.03771668,0.03723157,0.037843127,0.037236113,0.03591881,0.035982825,0.033820592,0.032568753,0.0317702,0.030998955,0.029331585,0.028545052,0.029607903,0.028175661,0.025864845,0.022188857
0.023848504,0.030048467,0.033730358,0.033924505,0.035369433,0.035781026,0.03631014,0.03527253,0.03536677,0.03468177,0.034759622,0.035697147,0.0355697,0.037187964,0.037745893,0.0387239,0.04156342,0.042351957,0.046236202,0.04554534,0.044899184,0.042428847,0.040738802,0.041983213,0.041946545,0.0433769,0.04705735,0.04887248,0.04686731,0.0508343,0.04775734,0.044608112,0.048781153,0.048691694,0.04905748,0.052606683,0.052442726,0.05087287,0.05282625,0.05243126,0.052204397,0.052295115,0.050638236,0.05113102,0.05000044,0.053414118,0.0562334,0.057480466,0.06136104,0.0595969,0.061515123,0.06367874,0.062799826,0.0628933,0.061002497,0.062812574,0.06683822,0.07043995,0.07590941,0.07471529,0.07816466,0.077786185,0.08169259,0.085543275,0.08962184,0.09653144,0.09440205,0.09591076,0.09055534,0.092640184,0.09684565,0.104456306,0.110846534,0.11530077,0.12108686,0.12399142,0.12303622,0.12080396,0.1224962,0.12040625,0.13066033,0.13685142,0.13938327,0.1396052,0.14291508,0.14588964,0.14502032,0.15297079,0.15114696,0.15244414,0.15541688,0.1561252,0.16722661,0.1617177,0.16206563,0.15685989,0.14731494,0.15116532,0.14257751,0.14265122,0.13542476,0.13919523,0.13942078,0.13923809,0.14538583,0.13425459,0.13959569,0.13589033,0.1275846,0.12815478,0.12663639,0.13059923,0.12567726,0.12430469,0.115769,0.11052753,0.11488797,0.11050391,0.1110902,0.10530464,0.09735306,0.09633091,0.09055464,0.08374557,0.07913041,0.074725255,0.07152324,0.0717397,0.073353395,0.06746597,0.06707865,0.06601124,0.056879133,0.055789977,0.052125916,0.047579054,0.047269206,0.049938213,0.048096653,0.0469165,0.04729639,0.042791285,0.041568775,0.0410054,0.03932931,0.038061332,0.03642743,0.034365967,0.03432306,0.0348896,0.033697307,0.031773843,0.0290623,0.027224585,0.02772204,0.028417516,0.029249536,0.030375397,0.028755708,0.027744666,0.027050363,0.026690824,0.027313862,0.02641931,0.025114268,0.02278824,0.021130225,0.021755198,0.023002228,0.02267685,0.022974899,0.020703172,0.016670048
0.018558908,0.021830706,0.025067104,0.024476057,0.023550492,0.025093168,0.02634135,0.027860658,0.028400294,0.028812034,0.027539771,0.026785843,0.02882624,0.028708423,0.030403487,0.03198369,0.031304397,0.032032833,0.03233385,0.032033585,0.031546295,0.03199987,0.03142757,0.0319937,0.03294258,0.031812124,0.033750348,0.033994097,0.03541152,0.03557808,0.036075562,0.035637647,0.03490791,0.03836803,0.04131955,0.04237829,0.043535654,0.04552353,0.043093737,0.046125803,0.045295354,0.04234747,0.045481164,0.044715963,0.047242064,0.052887384,0.052252468,0.052142262,0.056790024,0.057219863,0.05927797,0.060457412,0.05743857,0.06015735,0.05952572,0.059668094,0.06370159,0.06133816,0.06388963,0.06831409,0.07171571,0.07951219,0.08193799,0.08426438,0.08285246,0.08009203,0.0845917,0.08512479,0.08963707,0.0991507,0.10012966,0.10364617,0.10364552,0.10117374,0.103258066,0.11060463,0.11240815,0.117048666,0.118425444,0.12135027,0.13074382,0.12952283,0.13586363,0.13973324,0.13620518,0.13746144,0.14161979,0.13867661,0.14263894,0.14798619,0.1468387,0.15895715,0.15745065,0.15642211,0.15965174,0.15632007,0.16148253,0.16183883,0.1584008,0.15037914,0.15128762,0.15029679,0.14550379,0.14660902,0.13854946,0.14591026,0.13704775,0.13037086,0.12838267,0.11436451,0.12193812,0.12486199,0.122812174,0.11789133,0.11187148,0.10252769,0.096250325,0.09805499,0.101488575,0.10041759,0.09683774,0.089786775,0.08172477,0.08511301,0.08970894,0.0889346,0.0884556,0.08217264,0.07602154,0.07243286,0.073188365,0.07006891,0.07072256,0.06924148,0.06749962,0.06748549,0.0662406,0.06891919,0.07116766,0.06839171,0.066038266,0.06264481,0.055780936,0.05729992,0.0587368,0.059168637,0.061747488,0.06033576,0.056960527,0.05491301,0.05110455,0.04845456,0.049045186,0.048319414,0.046209026,0.044949483,0.042667087,0.041083205,0.039165724,0.03657108,0.036447752,0.034549445,0.034908485,0.03508671,0.033663325,0.0318998,0.030760258,0.03072935,0.030014154,0.031037837,0.031208307,0.027164081,0.022467382
0.018212928,0.022207499,0.024564646,0.023801947,0.022157907,0.02083026,0.022188492,0.022499964,0.024129571,0.025618304,0.025673945,0.026278876,0.026811652,0.0263739,0.026185092,0.026257498,0.025231492,0.025774786,0.026430778,0.027151292,0.027029483,0.027379142,0.0275256,0.02785635,0.028206583,0.02818094,0.028739108,0.029493146,0.031366307,0.03216975,0.030807206,0.030686643,0.031007335,0.030705169,0.030948272,0.029203627,0.03095367,0.031778615,0.034782715,0.03775478,0.03687187,0.03848141,0.042207677,0.041854594,0.042672962,0.044698186,0.04482815,0.04905359,0.04909005,0.049026094,0.05022163,0.053082682,0.05688994,0.05870864,0.05858412,0.0581767,0.057168316,0.060492642,0.06124669,0.06730726,0.06925218,0.068858065,0.075843,0.07722189,0.08534438,0.08902493,0.08993652,0.089105174,0.08394027,0.08990194,0.09377543,0.09734928,0.10480391,0.10446121,0.10526477,0.10983387,0.11564721,0.118241504,0.11913502,0.11894176,0.11926003,0.13598548,0.14242715,0.1532141,0.15885259,0.16071697,0.1620378,0.162606,0.1650049,0.1619951,0.16887778,0.17284004,0.175071,0.17246729,0.1698365,0.16627017,0.16554888,0.16484901,0.17186315,0.1741137,0.1630596,0.16475311,0.1590811,0.1511963,0.15828158,0.15057419,0.14771798,0.15417005,0.15006521,0.1533491,0.14681917,0.1319345,0.13257153,0.1261429,0.11717387,0.11318102,0.09874563,0.09403367,0.09435482,0.09603775,0.0976755,0.095425434,0.090918675,0.08614818,0.0837019,0.088365875,0.09361413,0.092543535,0.08729073,0.074634105,0.06566403,0.060624596,0.06331503,0.062869236,0.061768353,0.062706776,0.05871107,0.056729414,0.051904242,0.04770613,0.04947657,0.045860574,0.044748094,0.04469252,0.040677913,0.040612906,0.040480778,0.038643677,0.038597334,0.03790461,0.03600794,0.03454118,0.03392201,0.033463314,0.032834366,0.033349298,0.033566907,0.035416637,0.036509402,0.035434715,0.03369692,0.030066974,0.0273831,0.02711354,0.026626205,0.027324628,0.027986608,0.027155647,0.0272748,0.027322603,0.02619738,0.023740806,0.019364491
0.019390669,0.024375727,0.029042957,0.029421527,0.028823862,0.028810656,0.027785972,0.027628938,0.028260658,0.027536936,0.026626589,0.027350709,0.02760015,0.027065707,0.029323982,0.028956246,0.028901499,0.031662606,0.030408373,0.031477083,0.032658033,0.032356624,0.034322526,0.035202295,0.035878208,0.036393933,0.03604273,0.035513736,0.03539411,0.03598375,0.036578547,0.038924113,0.043950755,0.044176687,0.047003143,0.046774432,0.043765675,0.044285428,0.043337867,0.044053376,0.04407697,0.04408272,0.046406027,0.045822665,0.04926444,0.054879107,0.05338456,0.053901397,0.052481372,0.051078673,0.05572829,0.061182477,0.06341134,0.06297515,0.06422215,0.06636114,0.064262524,0.06441472,0.06314024,0.05869583,0.063641414,0.06637463,0.07097341,0.07929574,0.08259759,0.087300986,0.08991512,0.089198634,0.08905274,0.09466671,0.09805549,0.10109586,0.104009315,0.10893944,0.10962988,0.115925975,0.121112764,0.12271768,0.12790889,0.13290346,0.13884848,0.13785464,0.14620627,0.14648522,0.14940605,0.15862231,0.15621528,0.15344173,0.15680006,0.15821773,0.16371873,0.17103422,0.17030472,0.1690508,0.17062713,0.1715773,0.16276075,0.17046326,0.16393702,0.15787108,0.16145086,0.15146074,0.16038749,0.15795563,0.15417536,0.14680374,0.13251902,0.13000306,0.12387706,0.1228049,0.11227837,0.11582609,0.11563408,0.11163602,0.110027306,0.09988429,0.10072854,0.09318012,0.090998836,0.08624564,0.08019471,0.08202797,0.082288615,0.078807965,0.077011056,0.07540404,0.07794435,0.076764144,0.07546938,0.074773714,0.06896379,0.067314506,0.06598613,0.066576034,0.064335704,0.06844131,0.06852269,0.06522733,0.06390386,0.060123034,0.061308257,0.05668738,0.055204235,0.054022457,0.052743077,0.051852755,0.052609865,0.05013031,0.048913665,0.04933015,0.049619704,0.050390508,0.05076383,0.048651975,0.046580996,0.045970093,0.04348867,0.046283327,0.047624733,0.047609694,0.05077889,0.050607342,0.04985909,0.048210695,0.045303445,0.042750657,0.04601354,0.04754148,0.046904415,0.04913258,0.045731984,0.04134029,0.034910377
0.01538118,0.018685952,0.0210121,0.021061989,0.022074535,0.022452764,0.022839209,0.022746885,0.023208315,0.024234235,0.026972702,0.026366131,0.025305057,0.025104646,0.02448824,0.027126035,0.030649364,0.030654678,0.03112724,0.030119184,0.027777847,0.029604023,0.030075228,0.032123152,0.035500184,0.035395015,0.035258856,0.035566993,0.032924827,0.034228776,0.034218453,0.034179162,0.034821894,0.034640037,0.037046257,0.037998736,0.041047323,0.045482986,0.047360424,0.05055315,0.050110124,0.052622963,0.054081943,0.05553165,0.060069986,0.064231515,0.06569382,0.06589936,0.06390328,0.06028657,0.060726706,0.06385263,0.06565159,0.06726149,0.071756326,0.07557489,0.08133018,0.08396191,0.08437313,0.08580341,0.08833065,0.089895055,0.09788986,0.0992763,0.10455838,0.110411026,0.112396374,0.120838396,0.12044913,0.12273631,0.12454356,0.1255427,0.1248068,0.13004412,0.13052885,0.13325346,0.14474027,0.14756347,0.15222688,0.15963796,0.15863465,0.16021268,0.16774507,0.16642007,0.17489743,0.17699888,0.17571837,0.1770512,0.17734425,0.1871218,0.18792337,0.19373792,0.18875033,0.1817171,0.18228208,0.17890716,0.17977743,0.17567678,0.17875326,0.17099592,0.16883306,0.16975498,0.15889962,0.15335551,0.14814892,0.13646504,0.13640663,0.13997597,0.13397671,0.1347703,0.12307371,0.10926178,0.100828566,0.08844305,0.08123139,0.08170614,0.07995315,0.082020566,0.07896367,0.07389278,0.072558746,0.06590979,0.06687115,0.06628065,0.06557296,0.0665189,0.06415291,0.06322679,0.060379177,0.058113325,0.059927694,0.05464442,0.05194997,0.046866607,0.03985891,0.04280477,0.04383998,0.0443025,0.044899333,0.043903857,0.042648505,0.044597827,0.044415973,0.04144195,0.041689124,0.03913568,0.03886876,0.03806653,0.037107907,0.03593549,0.034724794,0.032995697,0.031040717,0.031077843,0.029331107,0.028999193,0.027670406,0.02625476,0.02673188,0.026935607,0.02621021,0.02713642,0.027905248,0.027324652,0.027501477,0.027583651,0.025997903,0.025134886,0.02485998,0.023306789,0.022144204,0.020018773,0.016476523
0.017305687,0.021932313,0.026419504,0.027039606,0.029026419,0.028862158,0.02711047,0.027011855,0.0257446,0.027004665,0.028237492,0.028414682,0.028698342,0.027392229,0.030026121,0.029931936,0.03022021,0.03412975,0.035173863,0.037634086,0.039346825,0.037616886,0.03601231,0.03565703,0.03667199,0.038238965,0.04021808,0.04226902,0.043790244,0.04385144,0.045056492,0.04254489,0.04119746,0.041040663,0.040538087,0.04264135,0.043248054,0.048377626,0.048833877,0.050256446,0.05389725,0.05653236,0.059288476,0.061301846,0.061049994,0.061422337,0.06319725,0.06528775,0.069915496,0.072284535,0.073654726,0.07590305,0.07752715,0.082237594,0.0859425,0.08935716,0.093821354,0.09523026,0.09800196,0.098512754,0.102646835,0.100421734,0.10421504,0.10893993,0.11243531,0.11801699,0.121268466,0.11744022,0.11898816,0.12629713,0.13092612,0.14358234,0.14043038,0.1395603,0.13512076,0.13783106,0.14851692,0.15237713,0.15729077,0.16305423,0.16271116,0.16798282,0.18110546,0.17861286,0.18666478,0.18550238,0.18708889,0.18701214,0.18064335,0.18905354,0.18133028,0.18346894,0.18002172,0.1727828,0.17992853,0.17383942,0.17609048,0.16846223,0.16235346,0.16343388,0.16587472,0.17001045,0.15894954,0.15716656,0.14897993,0.14592062,0.14742859,0.140296,0.13928574,0.12820713,0.11616345,0.11048038,0.096832894,0.09004115,0.08552738,0.07908368,0.07504574,0.07138225,0.071113065,0.06731333,0.0625526,0.063639045,0.06275554,0.060096376,0.06028123,0.057623573,0.052413814,0.05453643,0.055073503,0.052156657,0.050140493,0.04736218,0.042789645,0.040340718,0.03814675,0.036853652,0.035867285,0.036370434,0.03747836,0.035922855,0.0366705,0.036984585,0.03629098,0.035113964,0.034428727,0.032368332,0.030579703,0.030026076,0.028951347,0.027803062,0.026139539,0.029252134,0.029054422,0.027556462,0.028604196,0.02430968,0.023423662,0.02348717,0.024146028,0.02431892,0.023889674,0.023984974,0.02264815,0.022236085,0.022440145,0.021650922,0.021848438,0.02159543,0.020759076,0.020308863,0.019308109,0.017343942,0.014762184
0.021510309,0.02558947,0.028826877,0.03019542,0.03128966,0.03176907,0.03356971,0.032059364,0.032045983,0.033383563,0.034449473,0.038737014,0.03988068,0.040126655,0.037980083,0.03540909,0.035638005,0.035701282,0.03728519,0.038793348,0.039839387,0.042130806,0.042842858,0.04173354,0.041147985,0.039438907,0.04029766,0.042079456,0.041425187,0.043078195,0.042025443,0.041091632,0.04170891,0.04069686,0.041619655,0.044193335,0.051047426,0.053859368,0.05487573,0.058494117,0.05719418,0.059522215,0.06264328,0.06746137,0.0713597,0.07732019,0.08226669,0.08144328,0.08082301,0.07851996,0.08373759,0.08520971,0.08971213,0.09291101,0.090827934,0.09412385,0.09447637,0.097927764,0.104577824,0.11080453,0.11263931,0.116122805,0.11843158,0.116208225,0.12400708,0.12799333,0.12647566,0.13617437,0.13891846,0.13957426,0.15395714,0.15202247,0.15585744,0.16242667,0.1588003,0.16171348,0.17003858,0.172855,0.17694063,0.18133272,0.17623667,0.17499161,0.17433965,0.17228435,0.18128784,0.18625064,0.18759029,0.19701314,0.19200525,0.19451061,0.19541208,0.18517388,0.17917004,0.16610245,0.16405572,0.16286321,0.16813599,0.17242785,0.16822064,0.17026626,0.16355778,0.16020855,0.15774122,0.15527612,0.14988817,0.14400779,0.14339961,0.13545766,0.13226233,0.12441652,0.11381167,0.106655814,0.106246375,0.105422795,0.102924846,0.102362394,0.097731896,0.0953021,0.08754918,0.08492421,0.0822172,0.08263098,0.08525553,0.08078204,0.07227014,0.07024765,0.066485144,0.06643673,0.07140013,0.07131738,0.07062131,0.07205108,0.07005681,0.06906724,0.06875272,0.067851245,0.067947045,0.068546526,0.06884095,0.066094436,0.06434536,0.06110347,0.057832465,0.05805316,0.056221116,0.054565907,0.054930042,0.054790933,0.057063997,0.05833543,0.059727713,0.05710722,0.05343622,0.05189935,0.04758522,0.04880031,0.0477582,0.04502674,0.051183652,0.05104419,0.053764034,0.05434357,0.048279513,0.044077095,0.040663414,0.03724656,0.035283603,0.03786578,0.03884561,0.03925917,0.04100651,0.036134433,0.028766215
0.023762906,0.028508225,0.032811113,0.0327121,0.03256249,0.032742485,0.032443654,0.03323817,0.034627162,0.03595775,0.03794845,0.038532063,0.038012583,0.037132956,0.0363285,0.0356265,0.037591226,0.040617216,0.04121883,0.04112644,0.03954852,0.038635846,0.04153958,0.043764807,0.045011427,0.046526797,0.044051014,0.04321447,0.043481875,0.044609915,0.04623712,0.048864912,0.049413353,0.050517295,0.051691223,0.052276857,0.05398314,0.05236068,0.052494973,0.050772715,0.048077673,0.04773863,0.045886863,0.047199093,0.050619863,0.056208044,0.06082326,0.06642856,0.06749267,0.06507845,0.06625998,0.06324414,0.06558877,0.066713214,0.06685623,0.06755622,0.06818648,0.07054361,0.076435275,0.081244834,0.08197686,0.09012696,0.090459876,0.09155518,0.100215934,0.10096593,0.1073622,0.116439566,0.112832144,0.112808265,0.116538644,0.11659684,0.122661464,0.12998404,0.12938759,0.1322917,0.13594368,0.13728361,0.13714418,0.14488302,0.15123555,0.15131839,0.1629424,0.15916024,0.16887657,0.17719121,0.1765288,0.17994641,0.17430465,0.17898142,0.17377731,0.18133876,0.18853872,0.18345645,0.18954073,0.18523952,0.18110162,0.18048458,0.17898738,0.1731988,0.17079073,0.16834225,0.16445619,0.16764033,0.15968345,0.15740433,0.15370315,0.14504784,0.14388725,0.14051142,0.13396908,0.13069172,0.1228233,0.11669143,0.11236007,0.11012099,0.10555674,0.106535256,0.11349364,0.111584686,0.113749705,0.10537704,0.095744826,0.08996646,0.08485158,0.0838417,0.08367389,0.090541795,0.08834279,0.08527874,0.086741954,0.075012095,0.0773475,0.075237826,0.06632632,0.06690611,0.06105508,0.060714222,0.059358872,0.058235537,0.05626974,0.053665627,0.054982986,0.052012537,0.051066015,0.051112942,0.04885989,0.047846448,0.045939226,0.044484932,0.044392303,0.04160603,0.04115619,0.03975022,0.03817412,0.040653866,0.042483784,0.04242476,0.04367736,0.0421347,0.038425494,0.03857268,0.037754428,0.03994206,0.040639877,0.039737783,0.038369644,0.03902005,0.037461225,0.0365397,0.0370111,0.030945212,0.026861696
0.017067943,0.021628387,0.024946632,0.027112294,0.030089507,0.029924324,0.03075844,0.02935441,0.026288444,0.027588226,0.027260501,0.027740944,0.031021677,0.032339543,0.035099003,0.03617908,0.036392856,0.03570086,0.035204895,0.03574378,0.03572089,0.037787307,0.03892372,0.03917363,0.040348597,0.044736918,0.046005875,0.04761284,0.048193347,0.044707987,0.04460252,0.04707908,0.049237996,0.04864574,0.04897038,0.047884997,0.04623391,0.049082585,0.05147908,0.054980364,0.058466937,0.05962004,0.06342763,0.06408011,0.06321964,0.06709885,0.06825878,0.07395684,0.07990183,0.08042821,0.08220388,0.086378194,0.09160291,0.09505078,0.100364044,0.09670453,0.09589731,0.10176659,0.103040375,0.11042555,0.11571134,0.1252109,0.12956595,0.13221791,0.13472736,0.13086864,0.13504691,0.13897225,0.14386588,0.1420296,0.14235182,0.14518808,0.14773643,0.15853663,0.16134596,0.16428635,0.16787057,0.17228197,0.17691271,0.17645353,0.17336144,0.17646718,0.1812508,0.19731586,0.19157879,0.18685697,0.19576319,0.18618895,0.19682007,0.19809254,0.18854798,0.17714816,0.17344879,0.17502306,0.16790518,0.18168929,0.18356134,0.17763059,0.17224205,0.15778399,0.15521112,0.1493443,0.15012787,0.14702275,0.13509922,0.123462364,0.11188166,0.10736987,0.100354694,0.09739335,0.091542415,0.0781734,0.0717768,0.06899419,0.066459216,0.06987778,0.06700915,0.06292217,0.059586585,0.050966855,0.045936793,0.04734864,0.050485205,0.052508716,0.054560237,0.052733462,0.04936502,0.048105624,0.046999056,0.044194832,0.042196076,0.040322136,0.037520006,0.040957764,0.039564855,0.03819764,0.036759224,0.033752818,0.036253758,0.037905667,0.03975701,0.03838184,0.036838572,0.035716705,0.035248246,0.035206027,0.03462738,0.032646775,0.030652106,0.029340375,0.030161489,0.031404335,0.030885201,0.03153218,0.028900186,0.028687652,0.031948417,0.030318292,0.030002447,0.029400067,0.02773122,0.029131124,0.029440459,0.02884944,0.028186122,0.027692603,0.026968967,0.026731174,0.026017705,0.024996037,0.026343087,0.024077337,0.02051263
0.025367832,0.029858213,0.03617994,0.03521504,0.03612879,0.036270455,0.037624594,0.039296623,0.03891346,0.039819323,0.040032353,0.04219295,0.042481788,0.043700866,0.042299073,0.04059084,0.04120282,0.041999627,0.041278753,0.0425379,0.046743438,0.04687738,0.0490991,0.050453924,0.04744621,0.050803605,0.052474804,0.054220602,0.05441233,0.05054217,0.049326017,0.047511462,0.049128663,0.051064614,0.053210534,0.053027824,0.053844616,0.05480156,0.05528645,0.055933706,0.0547876,0.057810735,0.05910676,0.060811322,0.06297481,0.06594272,0.065827414,0.0663456,0.06954662,0.06753725,0.067436315,0.07283588,0.075987525,0.08118332,0.082254,0.07868855,0.084538005,0.081506416,0.09173652,0.09500869,0.08908275,0.090201154,0.0922343,0.096766464,0.1005201,0.108800426,0.11123504,0.11279047,0.11959497,0.117026776,0.120020874,0.13131255,0.13333158,0.15155673,0.15240924,0.1530936,0.15494606,0.14749956,0.15965457,0.16460201,0.16912119,0.17542559,0.17178062,0.18528526,0.1882935,0.19045465,0.19292769,0.18212405,0.18262862,0.18222141,0.19146264,0.19303185,0.19396113,0.19578087,0.19207166,0.19040135,0.18922457,0.19084458,0.18526272,0.18228908,0.1845415,0.17988501,0.17043284,0.16890328,0.15673673,0.143694,0.14834745,0.14032322,0.13927537,0.13643146,0.13060394,0.12588313,0.12197213,0.118578516,0.10991575,0.106413856,0.10223055,0.09811342,0.094015956,0.089810915,0.0843808,0.080948725,0.07847223,0.07630441,0.07286298,0.07338249,0.06932055,0.067843676,0.0656014,0.062420793,0.062098593,0.058718387,0.060812313,0.056614544,0.05327469,0.051879983,0.04832818,0.049152646,0.04902795,0.04793077,0.047563482,0.0459721,0.047932107,0.04887889,0.0452184,0.044545554,0.04141427,0.040115494,0.040865965,0.041035913,0.039910227,0.038078893,0.037648935,0.03719221,0.037431095,0.037089057,0.0376064,0.037642866,0.037728794,0.037885956,0.037333358,0.037171695,0.037912402,0.038779765,0.040757068,0.040296018,0.03997331,0.038736068,0.036121715,0.036264606,0.036915667,0.033276863,0.028110009
0.016306922,0.020467246,0.025025811,0.025373098,0.02615593,0.027309699,0.027063921,0.029020093,0.030997094,0.030822096,0.031536717,0.030817237,0.031371854,0.033451073,0.03359451,0.035178263,0.03471519,0.03442876,0.035795543,0.036634814,0.037200034,0.038164753,0.036801573,0.03610131,0.03681788,0.036783088,0.04357832,0.046928406,0.04813046,0.04945918,0.04781442,0.046957288,0.047875874,0.048582178,0.047802597,0.051420856,0.052575927,0.053606525,0.05605826,0.054085456,0.054403983,0.059564922,0.05993855,0.060683683,0.062762365,0.05894237,0.062037192,0.06389983,0.06554559,0.070738085,0.07404192,0.08003756,0.080822736,0.08107372,0.083591364,0.08756742,0.09520335,0.09710487,0.10028467,0.106277175,0.10843725,0.11568329,0.12262885,0.12123496,0.12207594,0.12435574,0.12653308,0.13302967,0.13709578,0.13924935,0.14020056,0.14335807,0.14641711,0.14400923,0.15349987,0.15849707,0.15969148,0.17600672,0.17494148,0.17981005,0.18885334,0.19306007,0.19558571,0.20147051,0.19835538,0.19271621,0.19679767,0.18815123,0.1894948,0.197323,0.19714013,0.20035873,0.20558868,0.19827454,0.1847621,0.19002433,0.18081392,0.18141347,0.1918191,0.18201008,0.1811427,0.17255144,0.15886924,0.15000717,0.1396298,0.12915143,0.12973471,0.123738684,0.12755613,0.12894104,0.1248006,0.12419416,0.11596084,0.10852097,0.10164188,0.09366742,0.08897414,0.08857302,0.087787956,0.08447351,0.08536413,0.08085096,0.07589368,0.07981619,0.076137416,0.075153135,0.07629636,0.07036585,0.06881954,0.0679639,0.0654415,0.06261764,0.05721934,0.056520272,0.059861425,0.06217279,0.06672735,0.06851161,0.06545969,0.0628705,0.059491184,0.0582461,0.058096364,0.057969797,0.05723797,0.05273395,0.051049422,0.056203686,0.05861658,0.058987636,0.060796496,0.05712606,0.05475355,0.061523635,0.05872973,0.056433845,0.054383963,0.04764843,0.046923727,0.045871954,0.045650028,0.044503435,0.04643371,0.045468625,0.04377,0.04656253,0.04338291,0.04167933,0.047088068,0.043707676,0.043025956,0.040676847,0.029591758
0.014312498,0.017198935,0.01984837,0.01960522,0.020794734,0.02205531,0.021805443,0.022512762,0.022010434,0.021365488,0.021595675,0.021532016,0.021491548,0.022722028,0.02345547,0.023868548,0.025123576,0.025461996,0.026784062,0.025926067,0.028503805,0.028540712,0.028511658,0.029840657,0.02695203,0.027751574,0.027523154,0.028957106,0.030117111,0.030106526,0.03183275,0.030517718,0.031932753,0.03262929,0.032194223,0.034244224,0.033771865,0.03335936,0.034259155,0.033712223,0.035603452,0.036441263,0.03857115,0.03914735,0.03786982,0.040858056,0.041410252,0.043545127,0.045947447,0.048048288,0.0480994,0.05022797,0.05416649,0.056938954,0.062410127,0.066315785,0.06778039,0.07742201,0.079773776,0.08435031,0.086341895,0.09179803,0.09687221,0.100244604,0.1139737,0.11227138,0.1142905,0.112491205,0.10358598,0.10503907,0.10419059,0.11603721,0.12023252,0.12537621,0.13826357,0.1376423,0.14320618,0.14377996,0.14214103,0.15718094,0.1561182,0.16620544,0.17184499,0.16894813,0.1742685,0.17833158,0.18475294,0.19059126,0.19005407,0.19172436,0.18737063,0.18195252,0.19083312,0.18197276,0.18375681,0.1853623,0.18177214,0.18198375,0.18271573,0.17965356,0.1651492,0.15723422,0.14867319,0.13817205,0.14168917,0.13895166,0.12427048,0.11694957,0.10745841,0.09870106,0.09153966,0.08166358,0.07497626,0.06970555,0.06676375,0.0643068,0.060664922,0.058227003,0.05765755,0.053585023,0.05827219,0.057478976,0.053602815,0.052728623,0.048538987,0.046750687,0.04587953,0.043807894,0.03984976,0.039252672,0.038778927,0.04028682,0.040351767,0.03793432,0.03988533,0.038612902,0.037195142,0.038749628,0.03591163,0.034307312,0.033426546,0.034314074,0.03585506,0.036567364,0.035680145,0.03439867,0.03112378,0.030499814,0.030453127,0.029612288,0.029693129,0.028999792,0.028006293,0.027424233,0.026832534,0.028165203,0.029922545,0.030263513,0.030597331,0.028765993,0.028602341,0.027382692,0.02713683,0.02754168,0.027155917,0.02736661,0.027156617,0.026990226,0.025298242,0.026175996,0.026052723,0.02368413,0.02049316
0.031229405,0.03620371,0.03995807,0.035483927,0.035501387,0.0382893,0.038333695,0.03989506,0.040310342,0.039929792,0.03952003,0.038632713,0.03948754,0.03929172,0.041576594,0.043674696,0.04544849,0.04359972,0.04549926,0.045807283,0.043777797,0.04672575,0.0468239,0.048156545,0.049232062,0.048509452,0.04707358,0.046501637,0.05271646,0.053541925,0.057907484,0.05793648,0.060421735,0.06356724,0.06275694,0.06314103,0.058708098,0.060603373,0.06232879,0.06637915,0.06499497,0.06454773,0.067438364,0.067326844,0.0693086,0.07380467,0.0721089,0.0698785,0.07256685,0.06812651,0.06913029,0.073406234,0.07191546,0.07524889,0.08415375,0.08642321,0.088424504,0.09260355,0.08693784,0.08790301,0.091971695,0.09494027,0.09961839,0.105289884,0.10883699,0.110501915,0.11456234,0.118799806,0.12820859,0.13337368,0.138204,0.13266072,0.12950002,0.1310072,0.13181533,0.14231916,0.15779722,0.16338961,0.17400424,0.18480928,0.18011893,0.18516043,0.192357,0.19068286,0.18805231,0.18897578,0.18428807,0.18783085,0.19841413,0.19503362,0.19215164,0.17557842,0.17097309,0.1792552,0.17087479,0.1884262,0.18629229,0.17314084,0.17615928,0.16510084,0.15794037,0.15996686,0.15460604,0.15171008,0.15338752,0.14605565,0.14358135,0.13498913,0.12577896,0.12215287,0.11807938,0.12048896,0.115053646,0.10693502,0.102946796,0.09187679,0.08979723,0.09173776,0.08893582,0.094072685,0.08943353,0.08545403,0.08455147,0.07657782,0.07429422,0.07413749,0.07179126,0.076479726,0.07985106,0.07760837,0.07302438,0.06683081,0.063015595,0.066772565,0.06763791,0.06362244,0.060242694,0.053661473,0.054350752,0.056365367,0.058113936,0.058588427,0.059513714,0.059065573,0.058433823,0.058382254,0.05582141,0.054390267,0.05443667,0.053596504,0.05378533,0.052749947,0.04945797,0.04804013,0.04702242,0.045296784,0.046761572,0.0467842,0.04430994,0.04448871,0.040828846,0.04057924,0.038823754,0.03759697,0.03819224,0.035116795,0.03753303,0.037960168,0.038820375,0.039585017,0.037301008,0.03381278,0.027084641
0.020684632,0.026870685,0.030606695,0.031266794,0.03206702,0.03125413,0.031609457,0.03172914,0.031183608,0.031534903,0.03064184,0.030044133,0.030290933,0.030614901,0.031591278,0.034002718,0.03307244,0.035141952,0.040498275,0.041540425,0.04435758,0.04582428,0.04748707,0.0495515,0.048538614,0.04815106,0.04466802,0.042392354,0.04488895,0.046732638,0.050064895,0.051945005,0.052127838,0.054980684,0.051621474,0.054186143,0.059221108,0.057544056,0.061440572,0.060817458,0.058540583,0.06228108,0.06831572,0.0696734,0.0730527,0.07330883,0.07440677,0.083288416,0.085371085,0.08911026,0.08711425,0.09394939,0.10407892,0.10483613,0.11408402,0.113320515,0.111116536,0.122463726,0.122218125,0.12811153,0.12863468,0.12667076,0.1366033,0.13639764,0.14172643,0.14690493,0.1444032,0.14890543,0.15461355,0.15696847,0.16034669,0.16900346,0.17160663,0.17839362,0.19006526,0.19114004,0.19313145,0.18950272,0.1867514,0.18405135,0.19631465,0.20410828,0.20120704,0.20835131,0.19597873,0.19380766,0.19545494,0.19057158,0.19222695,0.19328193,0.18944375,0.18150008,0.17641594,0.17168741,0.1761296,0.18259417,0.18250954,0.17397739,0.17175174,0.16341116,0.16427168,0.1641097,0.15029965,0.14073637,0.12678416,0.117561966,0.10945843,0.10381125,0.09512357,0.084160395,0.07424002,0.06584555,0.060998004,0.0578862,0.058464248,0.054167517,0.050911788,0.049160473,0.046704482,0.0477385,0.04734449,0.04583757,0.045643236,0.04366075,0.04193565,0.040432733,0.03833551,0.03886564,0.039289013,0.039860837,0.040098183,0.039057355,0.0408021,0.03996616,0.040321205,0.04085758,0.03762922,0.03768576,0.03658792,0.03627392,0.037052095,0.036808047,0.03763332,0.03825523,0.03770724,0.03753522,0.03633083,0.036165986,0.036567215,0.037342336,0.03638301,0.034581713,0.034757685,0.033688076,0.034859646,0.03593718,0.034687504,0.03320687,0.033003546,0.0324488,0.03274336,0.033412512,0.033178236,0.032244135,0.031772234,0.030965101,0.028635079,0.029578408,0.029616302,0.02958587,0.029515572,0.02508222,0.019900072
0.019912038,0.02461831,0.027741633,0.029601665,0.030522646,0.031410083,0.032855462,0.03214248,0.036057837,0.036234308,0.038039226,0.03878406,0.03469957,0.035524968,0.032790545,0.032246307,0.031615887,0.03149439,0.03256867,0.032595895,0.034884892,0.036724437,0.03833397,0.0406934,0.042266924,0.04457788,0.04427685,0.043497216,0.044443343,0.04722695,0.049440566,0.051724985,0.050446425,0.04670825,0.047212332,0.04804702,0.051040743,0.05167123,0.054790117,0.055162534,0.05757567,0.061255023,0.06346768,0.0630371,0.07103378,0.07088686,0.07189058,0.073404245,0.067468435,0.069911905,0.07439616,0.079185374,0.092808865,0.10224562,0.10395239,0.106556036,0.09983311,0.103466436,0.10858323,0.119331755,0.12584734,0.12244357,0.1264256,0.121614896,0.13227735,0.14361519,0.1466285,0.15811417,0.15631719,0.15912801,0.16447683,0.16960783,0.18018736,0.1816424,0.17844762,0.17788719,0.17675059,0.19178165,0.19992682,0.20805529,0.21852006,0.20968974,0.20654736,0.19701427,0.18671703,0.19020903,0.19689147,0.20259824,0.20388442,0.20492654,0.20099345,0.20190968,0.19421181,0.18996574,0.1896961,0.18651772,0.18440703,0.18205051,0.1721516,0.16247712,0.16139615,0.1513762,0.15042728,0.14764534,0.13990301,0.12866092,0.121677525,0.111936696,0.10160808,0.09695249,0.08791951,0.07745167,0.07542479,0.07343177,0.07223413,0.072270624,0.06859183,0.066035844,0.06038341,0.054316953,0.04991152,0.0444074,0.0494304,0.050446905,0.051901482,0.054739118,0.048549447,0.04857731,0.0474664,0.045879036,0.048159584,0.046197996,0.046994224,0.046118047,0.044395387,0.043860056,0.044450056,0.045794617,0.04640928,0.04526721,0.04294204,0.04149892,0.040097535,0.041674204,0.043326244,0.043747246,0.043952767,0.04171375,0.04029612,0.03765158,0.03709678,0.03757391,0.035746984,0.03817895,0.03768318,0.03987786,0.04187664,0.03940743,0.038645092,0.034858327,0.035252836,0.03740843,0.038337935,0.03883125,0.037672635,0.03553892,0.036592662,0.037159506,0.039761893,0.04110603,0.041313667,0.03841862,0.030900825
0.022916924,0.026797652,0.03161243,0.03127907,0.031339083,0.03253419,0.031589694,0.033326037,0.037708383,0.037942614,0.040539928,0.042601574,0.041218832,0.042360988,0.04079116,0.036892198,0.037846632,0.037624083,0.038578674,0.03949255,0.037746456,0.039240047,0.040494308,0.042203713,0.043288823,0.043641817,0.044471264,0.046730712,0.048364688,0.050629072,0.050559007,0.052892998,0.053193115,0.05363629,0.05697403,0.058742516,0.063884825,0.06545846,0.06635519,0.06291955,0.060097005,0.058838192,0.05840932,0.06526833,0.06572569,0.071168385,0.07633289,0.07517207,0.08151608,0.08167337,0.08446612,0.09121301,0.103620745,0.1108045,0.11284748,0.1188808,0.111702,0.11093678,0.11805327,0.11541101,0.12328038,0.12800767,0.12837337,0.13548385,0.13827494,0.1430846,0.14808941,0.15069418,0.14673042,0.14779483,0.15347508,0.16044821,0.16982922,0.1742971,0.17845125,0.17548643,0.1719314,0.18212664,0.18337326,0.18937121,0.20091449,0.20126458,0.2079153,0.21489595,0.20974371,0.21378489,0.21244878,0.20659524,0.2124429,0.20382522,0.19610494,0.19756676,0.18833666,0.18720807,0.18652372,0.17060903,0.16596194,0.1638329,0.1574398,0.16112798,0.15913826,0.1482198,0.13997036,0.13898125,0.13928433,0.13614596,0.13283935,0.12592155,0.1162926,0.10800684,0.105927944,0.10700419,0.10165103,0.10464998,0.10180322,0.08994034,0.090613924,0.08359746,0.08051712,0.07948978,0.07626511,0.079066336,0.07620275,0.07614364,0.07829424,0.07322214,0.07321547,0.070193924,0.0679969,0.066787794,0.06658478,0.06248978,0.058436584,0.058084875,0.059001066,0.065715834,0.06864314,0.06960602,0.07140589,0.06686723,0.065328516,0.06901388,0.06966393,0.072018154,0.073493354,0.07226093,0.07686185,0.078802325,0.08455911,0.083942294,0.08058529,0.08379451,0.07700847,0.07674911,0.07470356,0.07107849,0.07256388,0.07040098,0.0758438,0.07580355,0.07666176,0.08204997,0.07718851,0.077659085,0.08281617,0.08249874,0.08017273,0.07716649,0.07822224,0.08220772,0.08698863,0.081816085,0.065064594
0.021018866,0.025399953,0.028759008,0.028497081,0.030477209,0.0319377,0.032931298,0.032856222,0.031258766,0.029822301,0.028779384,0.031305335,0.032229934,0.032955877,0.035471983,0.03470127,0.034974523,0.03488531,0.036852356,0.03892386,0.039693184,0.041155014,0.039547876,0.037612602,0.03836158,0.0387532,0.03872032,0.041274425,0.041578755,0.04197625,0.043345958,0.043573663,0.042140473,0.042838365,0.04222002,0.041247375,0.045437552,0.048390005,0.05267485,0.05471254,0.053958245,0.05412083,0.052302644,0.053507205,0.056385558,0.056565322,0.06107862,0.06294428,0.064235345,0.07039755,0.07087325,0.070442736,0.07361932,0.07054052,0.072472446,0.07355633,0.07688271,0.07793626,0.079714596,0.08162304,0.07941145,0.08273459,0.08988053,0.09567008,0.10328648,0.10855374,0.11395007,0.117596954,0.11809462,0.12177011,0.12030522,0.11891273,0.1237414,0.12324419,0.12559806,0.1280968,0.1291867,0.13407756,0.1440143,0.15615466,0.15978006,0.16950662,0.17367658,0.17385978,0.17790271,0.18152483,0.1788748,0.17652397,0.18218918,0.1722018,0.17323473,0.1827726,0.1732928,0.17789105,0.18140182,0.16275628,0.16990364,0.17082828,0.15444326,0.15910527,0.14606664,0.13752681,0.13989455,0.13883547,0.13938051,0.13307776,0.12946288,0.12023391,0.112312905,0.11267618,0.118496776,0.117909126,0.11399434,0.10737333,0.09256852,0.0926842,0.09895952,0.09979624,0.097788684,0.100127414,0.09644343,0.08954935,0.090965666,0.08613662,0.080875926,0.09041008,0.08553283,0.081528865,0.08072196,0.07135755,0.0745116,0.0718861,0.071409754,0.06765122,0.06396195,0.06523014,0.065709874,0.06777318,0.064864546,0.06316479,0.05988286,0.058738474,0.060611,0.06359852,0.06590673,0.06376742,0.064035445,0.060333982,0.05784661,0.063724995,0.064921394,0.06674544,0.07020495,0.06496572,0.06729876,0.06993972,0.064770415,0.066363774,0.06610493,0.06590008,0.06671704,0.065175705,0.0654092,0.065835014,0.07141013,0.07411341,0.07232118,0.07277365,0.06729956,0.06842418,0.06608671,0.056054726,0.048856765
0.02293314,0.029186599,0.033096187,0.03247153,0.033205114,0.032364823,0.034630463,0.03666638,0.036217585,0.03850196,0.039197244,0.04043666,0.042378873,0.040051144,0.039746817,0.041705295,0.041428097,0.04392438,0.044535216,0.043443315,0.04381144,0.043206986,0.04339856,0.044365067,0.045823943,0.045790844,0.0468366,0.047562547,0.0504047,0.052738685,0.05417526,0.05655833,0.055512317,0.05659319,0.060871217,0.064358205,0.0664932,0.070672534,0.07272139,0.074197456,0.078831665,0.0799447,0.07849078,0.07597922,0.07565982,0.07727884,0.0831271,0.08547948,0.08454262,0.08385793,0.08375292,0.08802972,0.092497185,0.09562086,0.09901032,0.105034,0.1149598,0.12482277,0.12750767,0.13518195,0.13527058,0.13989678,0.14858606,0.14675614,0.14914785,0.15674257,0.16460966,0.17550725,0.18038964,0.18138748,0.186974,0.18554194,0.1890044,0.19260581,0.18919867,0.19406994,0.19590446,0.19635406,0.19452612,0.18938611,0.19493273,0.1925608,0.19178815,0.19415,0.20238979,0.20387231,0.2128209,0.20951557,0.19994885,0.20080134,0.18959853,0.1856921,0.1818995,0.17678413,0.18152787,0.19068266,0.1822439,0.18012097,0.17517,0.16814792,0.17456774,0.17514783,0.17193028,0.16400446,0.15613654,0.14737186,0.13954209,0.13984427,0.13216364,0.123792045,0.1185723,0.10903615,0.104937874,0.09883947,0.093998745,0.09174702,0.083752595,0.085619174,0.08558585,0.08072231,0.07902157,0.07525013,0.07291825,0.07486784,0.074653834,0.079175256,0.073340595,0.07250816,0.07811373,0.07073568,0.07154706,0.06783722,0.062191926,0.06287095,0.06339947,0.06883352,0.07019945,0.07232855,0.07368931,0.074365884,0.077953465,0.076563515,0.07914435,0.0826984,0.07666788,0.07568304,0.07026385,0.060717963,0.05999422,0.058812305,0.06073145,0.0704003,0.07225583,0.07178202,0.07077668,0.06563584,0.06996059,0.075678445,0.07745098,0.077946246,0.07989728,0.0794877,0.08004574,0.08431585,0.082495034,0.08363481,0.08576137,0.081040494,0.077495076,0.07671628,0.07404347,0.06443037,0.055666
0.024706023,0.027415667,0.03086021,0.030185279,0.028588057,0.031265404,0.032677043,0.033084136,0.032899678,0.03333244,0.03294397,0.034046087,0.034643788,0.037495457,0.03892521,0.042539258,0.04365915,0.0432063,0.042838335,0.041402865,0.04403919,0.044976328,0.047281127,0.049413864,0.047308818,0.047867835,0.048988532,0.048696145,0.05105088,0.052349173,0.05442889,0.05571936,0.05433581,0.055134717,0.0551638,0.055368923,0.06250442,0.065584704,0.068018876,0.069087006,0.07044081,0.07047664,0.073327966,0.079388894,0.07954009,0.08083207,0.0799086,0.07758925,0.086972974,0.091077544,0.09550826,0.09821903,0.0953233,0.09449295,0.10091835,0.10512601,0.11188188,0.11959253,0.118958004,0.1280291,0.12943102,0.12768583,0.13956001,0.14112753,0.14224179,0.15370166,0.16526915,0.17124303,0.17526196,0.17682208,0.17496227,0.18385254,0.18960172,0.19602636,0.19302063,0.18820927,0.19370902,0.1858436,0.18565524,0.18794544,0.1909179,0.1969526,0.20091867,0.2057886,0.19901155,0.20190369,0.2081135,0.2084563,0.20656118,0.20269036,0.18965362,0.18030588,0.18558712,0.1871381,0.19215812,0.19426826,0.19251019,0.19233285,0.19026889,0.18503141,0.18315925,0.17233151,0.16852461,0.16768485,0.15635747,0.1564104,0.14723207,0.13241634,0.13077843,0.12401351,0.11690681,0.11806515,0.11225579,0.103346854,0.09629971,0.08895532,0.08413023,0.088226095,0.09452119,0.10208982,0.10140294,0.100423336,0.100743845,0.09434088,0.09697516,0.0942099,0.088212684,0.090806834,0.0871127,0.09468008,0.094389915,0.09476663,0.09572127,0.08741556,0.09522048,0.09331788,0.09906894,0.10136092,0.09700463,0.101265654,0.106528334,0.11357336,0.11400721,0.11210808,0.10298828,0.09787442,0.1062191,0.106526986,0.1033622,0.10914101,0.10193304,0.10140981,0.11004594,0.10375429,0.10920415,0.10785451,0.10090186,0.098697804,0.09252555,0.096908696,0.106198974,0.109218635,0.11159098,0.11310853,0.11126344,0.11271274,0.115145855,0.11438912,0.108787246,0.10923524,0.10383395,0.088416055,0.074301675
0.029621355,0.03684803,0.04428843,0.045219395,0.047967404,0.048969626,0.048511606,0.048987746,0.04757244,0.047469314,0.047756523,0.048241742,0.04931913,0.053717583,0.05452309,0.056175016,0.055947486,0.052494206,0.054505087,0.05673253,0.060613096,0.06606104,0.06823823,0.07017416,0.069190755,0.071351424,0.071425304,0.070914745,0.07101637,0.0664132,0.0658404,0.066700004,0.0688952,0.07517049,0.07592934,0.079984546,0.08361407,0.08081801,0.08170414,0.07979783,0.07859922,0.07856701,0.07702141,0.07889135,0.08140759,0.087078646,0.09047627,0.08897219,0.09081176,0.09035857,0.09517222,0.10124888,0.100272164,0.10379114,0.10601434,0.10759019,0.11484037,0.11834436,0.12607197,0.12555932,0.122500315,0.122779034,0.11565342,0.12093433,0.1312374,0.13944817,0.15222414,0.15374608,0.15577629,0.16076939,0.16208124,0.16612302,0.16669783,0.16481297,0.16950814,0.18191512,0.18563953,0.19393994,0.19556072,0.19180588,0.20177427,0.20151481,0.19564544,0.19897334,0.19776943,0.19882114,0.20645308,0.2015319,0.1999471,0.19611773,0.18428864,0.18927684,0.18564771,0.18774223,0.19126604,0.18758692,0.17913544,0.17099978,0.16675545,0.16360725,0.16724026,0.16138528,0.15329649,0.14161637,0.12699245,0.1211206,0.12350796,0.11947452,0.11691739,0.11672458,0.10810419,0.104813196,0.09907425,0.093142726,0.09518315,0.09794119,0.10063085,0.09754053,0.09873019,0.08897178,0.09477433,0.09358919,0.087580234,0.08850607,0.076861784,0.07582206,0.07990541,0.07876243,0.07799247,0.07510724,0.065763585,0.0638099,0.064959645,0.06638662,0.069635466,0.07094309,0.07186539,0.07399201,0.075455554,0.074506,0.076419935,0.07815263,0.08308866,0.08861597,0.0844539,0.08506502,0.08286263,0.07553923,0.07962372,0.074923344,0.07184697,0.075737275,0.07586563,0.0791816,0.08048074,0.07830991,0.08140034,0.08082613,0.082331814,0.08326855,0.07948329,0.08237036,0.08017986,0.08086873,0.07949644,0.07846674,0.07503546,0.07823937,0.078019366,0.07532312,0.07891511,0.0690787,0.05861915
0.024062734,0.029557677,0.0341333,0.03446239,0.034727883,0.03429122,0.034259778,0.034373518,0.03637088,0.038693883,0.041075893,0.04224823,0.043524656,0.044517975,0.0452112,0.050485224,0.05043489,0.051437598,0.05149033,0.04927639,0.052701302,0.052168503,0.053278122,0.05312629,0.050836198,0.05001396,0.050472222,0.052689828,0.05290077,0.05566259,0.056287043,0.058025684,0.058315244,0.060642008,0.06392258,0.06479635,0.06751654,0.06910388,0.072762705,0.07733608,0.07704301,0.08161611,0.0819633,0.080963925,0.0862723,0.086520955,0.08817323,0.09018337,0.08996005,0.088567466,0.09053343,0.091361165,0.09305533,0.10025128,0.10260621,0.10360655,0.109424055,0.1183131,0.1241613,0.13312437,0.1371099,0.1344326,0.14001635,0.14697917,0.15651682,0.16360486,0.16882904,0.17244692,0.16711578,0.17579989,0.17868757,0.1824013,0.19190355,0.19191378,0.19764605,0.19145082,0.19489324,0.1966983,0.1980153,0.20158875,0.2031641,0.19634229,0.19018933,0.19845012,0.19576348,0.19951709,0.19607678,0.20161608,0.2051003,0.20094724,0.20117876,0.18134849,0.16927,0.1789229,0.17655866,0.17830926,0.18506211,0.17189905,0.17940713,0.16992295,0.15747194,0.15913543,0.14259654,0.14325494,0.13815235,0.1211075,0.11655229,0.11046738,0.09906377,0.10157086,0.093851395,0.09222306,0.09222433,0.08366343,0.08158436,0.07762576,0.07351292,0.07261568,0.07132391,0.06751772,0.064570025,0.060913004,0.05971622,0.06116956,0.061653834,0.061946884,0.05928578,0.056113318,0.05352347,0.053880323,0.053484876,0.055328164,0.055981506,0.05848384,0.061042152,0.059966262,0.062343948,0.06517755,0.06260726,0.06289054,0.06365098,0.059656326,0.05984811,0.05983803,0.057385866,0.055282008,0.055006348,0.05664309,0.05920164,0.06131215,0.060106073,0.05734191,0.053294096,0.053417437,0.056466613,0.06084563,0.059943438,0.060411137,0.06222107,0.062603384,0.073311634,0.07189756,0.0698777,0.06755102,0.05936051,0.061737232,0.062781766,0.0618047,0.06285494,0.05930805,0.055821955,0.052482694,0.041943185
0.034914505,0.041186076,0.048749525,0.050432704,0.050238363,0.051438525,0.049133673,0.048224583,0.04795341,0.048242312,0.051296685,0.051186953,0.050295673,0.050078355,0.05065761,0.053142905,0.05517578,0.059284616,0.058951855,0.060213145,0.059270278,0.059397783,0.06182855,0.061837316,0.06314164,0.06356438,0.062765025,0.06084837,0.06468274,0.068727575,0.069625095,0.07278056,0.07278716,0.07049975,0.07288431,0.073379695,0.07324658,0.075190686,0.073381,0.07867268,0.082889766,0.084117785,0.08565638,0.08208989,0.084186144,0.086448476,0.094732866,0.09630124,0.09578547,0.098414615,0.1042448,0.10968654,0.11672279,0.122024566,0.11652914,0.120770946,0.12415714,0.13016222,0.1364667,0.13530207,0.13278332,0.12747587,0.12942919,0.13830268,0.14261492,0.15131453,0.15155786,0.14935488,0.1603106,0.16247837,0.17491834,0.18318844,0.17935473,0.17866056,0.1787911,0.1810503,0.19126828,0.19184539,0.19231768,0.18742566,0.18478242,0.18783239,0.18749684,0.19380142,0.18842863,0.19148992,0.19657418,0.19859624,0.20854057,0.20624442,0.20246011,0.1956958,0.18279958,0.18244468,0.17144053,0.18285112,0.18030049,0.17548902,0.17971356,0.15909328,0.15634559,0.1465938,0.13546626,0.1310983,0.12530686,0.12192978,0.11688454,0.10857136,0.105176926,0.105303176,0.10122527,0.108546376,0.1043787,0.105366305,0.10469436,0.0981894,0.098853506,0.091590285,0.09364184,0.091108724,0.08827173,0.0875149,0.09120697,0.094476126,0.094196655,0.09846743,0.08902721,0.088649966,0.089857124,0.08365069,0.0856911,0.08708011,0.09153281,0.09799782,0.098571524,0.10152807,0.10216877,0.101536915,0.106523484,0.10812073,0.10836353,0.11317107,0.1145936,0.1129655,0.11757704,0.11698713,0.117547795,0.118496925,0.1199262,0.11629449,0.11436496,0.11722603,0.11082832,0.119035184,0.11748869,0.11390734,0.114012696,0.116003715,0.12039836,0.12000109,0.12065335,0.11144917,0.1168919,0.11924344,0.12262566,0.12165708,0.111432225,0.11044482,0.10444514,0.100999996,0.10443356,0.09259847,0.07710559
