,mean_fit_time,std_fit_time,mean_score_time,std_score_time,param_mlp__learning_rate_init,param_mlp__max_iter,params,split0_test_r2,split1_test_r2,split2_test_r2,split3_test_r2,split4_test_r2,split5_test_r2,split6_test_r2,split7_test_r2,split8_test_r2,split9_test_r2,split10_test_r2,split11_test_r2,split12_test_r2,mean_test_r2,std_test_r2,rank_test_r2,split0_test_neg_root_mean_squared_error,split1_test_neg_root_mean_squared_error,split2_test_neg_root_mean_squared_error,split3_test_neg_root_mean_squared_error,split4_test_neg_root_mean_squared_error,split5_test_neg_root_mean_squared_error,split6_test_neg_root_mean_squared_error,split7_test_neg_root_mean_squared_error,split8_test_neg_root_mean_squared_error,split9_test_neg_root_mean_squared_error,split10_test_neg_root_mean_squared_error,split11_test_neg_root_mean_squared_error,split12_test_neg_root_mean_squared_error,mean_test_neg_root_mean_squared_error,std_test_neg_root_mean_squared_error,rank_test_neg_root_mean_squared_error
200,0.329323292,0.01886262,0.001619742,0.000512654,0.0011,50,"{'mlp__learning_rate_init': 0.0011, 'mlp__max_iter': 50}",0.912418728,0.810388118,0.916498469,0.87153287,0.782752168,0.863937436,0.928436149,0.700037022,0.889629152,0.799299319,0.745981053,0.840797748,0.884025096,0.841979487,0.067411277,1,-5.973219324,-9.126483849,-5.711471654,-6.694745122,-8.910243443,-7.07202593,-6.059999298,-9.966178821,-7.06559898,-9.219972249,-9.952706367,-6.790336938,-8.050793325,-7.737982715,1.477650776,1
180,0.251441809,0.022572891,0.001810221,0.000598839,0.001,50,"{'mlp__learning_rate_init': 0.001, 'mlp__max_iter': 50}",0.913017499,0.811410508,0.913786232,0.86766593,0.781272051,0.862179362,0.928348086,0.700706315,0.889221638,0.797580668,0.746079752,0.837670965,0.8828397,0.840906054,0.067013725,2,-5.952765598,-9.101845536,-5.803488393,-6.79475609,-8.940544816,-7.117568355,-6.063726688,-9.955054086,-7.078630844,-9.2593646,-9.950772618,-6.856694903,-8.091832875,-7.7666958,1.461443498,2
160,0.234975833,0.014916182,0.001325002,0.000492193,0.0009,50,"{'mlp__learning_rate_init': 0.0009, 'mlp__max_iter': 50}",0.913858797,0.812531648,0.910215808,0.863295843,0.778910834,0.859875503,0.9279856,0.701261266,0.889074335,0.796957029,0.747702995,0.833610025,0.881963963,0.839787973,0.066436991,3,-5.923907978,-9.074750553,-5.922441061,-6.906036939,-8.988672855,-7.176811701,-6.079045487,-9.945820459,-7.083335554,-9.27361732,-9.918915335,-6.941931122,-8.122018531,-7.796715761,1.437183156,6
201,0.644707661,0.021610915,0.001705023,0.000753196,0.0011,100,"{'mlp__learning_rate_init': 0.0011, 'mlp__max_iter': 100}",0.910281451,0.807135834,0.925095019,0.885392463,0.773826386,0.873581217,0.926394724,0.678257824,0.880727229,0.794752416,0.729097063,0.842561266,0.884053329,0.839319709,0.074626841,4,-6.045663327,-9.204421272,-5.40948794,-6.323312228,-9.091442849,-6.816796383,-6.145825044,-10.32164326,-7.345010999,-9.323827246,-10.27815097,-6.752623187,-8.049813302,-7.777539847,1.629013105,3
202,0.95989231,0.027813818,0.001698879,0.000750162,0.0011,150,"{'mlp__learning_rate_init': 0.0011, 'mlp__max_iter': 150}",0.909551803,0.811133873,0.926231953,0.887669307,0.77073299,0.876321043,0.921399237,0.681181768,0.872637583,0.795238337,0.736470434,0.836482783,0.88435665,0.839185212,0.072908617,5,-6.070197128,-9.108518655,-5.368277388,-6.260186266,-9.15340392,-6.742522831,-6.350955984,-10.27463544,-7.590011627,-9.312783686,-10.13731191,-6.881743251,-8.039277128,-7.791525016,1.589808922,4
182,0.781139539,0.031650709,0.001253697,0.000501043,0.001,150,"{'mlp__learning_rate_init': 0.001, 'mlp__max_iter': 150}",0.910451875,0.8113107,0.925601626,0.886673749,0.770234277,0.875684059,0.922637176,0.682292792,0.87359832,0.793726996,0.730165837,0.838050504,0.883244575,0.838744037,0.07354782,6,-6.039918597,-9.104253711,-5.391163815,-6.28786629,-9.163353996,-6.759863538,-6.300744629,-10.2567172,-7.561330446,-9.347089221,-10.25785611,-6.848674437,-8.077839161,-7.799743935,1.607328586,7
140,0.240762949,0.00896676,0.001307047,0.000401169,0.0008,50,"{'mlp__learning_rate_init': 0.0008, 'mlp__max_iter': 50}",0.914688046,0.813749101,0.90626607,0.859762724,0.775751531,0.857359691,0.927183196,0.702224749,0.889115995,0.796407515,0.750228394,0.830012863,0.880829669,0.838736888,0.065737834,7,-5.895325413,-9.045236044,-6.051307472,-6.994710924,-9.052667886,-7.240951765,-6.112818865,-9.92976903,-7.08200531,-9.286157868,-9.869148168,-7.016568203,-8.16095042,-7.825970567,1.411214981,10
181,0.471893512,0.022267707,0.001361737,0.000660105,0.001,100,"{'mlp__learning_rate_init': 0.001, 'mlp__max_iter': 100}",0.910674654,0.807288649,0.923478771,0.883071366,0.77278819,0.872745262,0.926934758,0.679672151,0.881922173,0.793175297,0.7255456,0.840685003,0.883285833,0.838559054,0.074749895,8,-6.032400837,-9.200774011,-5.467537543,-6.387022913,-9.112285005,-6.839297554,-6.123237937,-10.29893212,-7.308125077,-9.359580764,-10.34530347,-6.792740938,-8.076411808,-7.795665383,1.628312642,5
120,0.284907176,0.06055538,0.001604099,0.000544494,0.0007,50,"{'mlp__learning_rate_init': 0.0007, 'mlp__max_iter': 50}",0.915095314,0.81251238,0.902931789,0.857098104,0.772452693,0.854699785,0.925879382,0.703037463,0.889127049,0.796497048,0.753307517,0.826190051,0.880112982,0.837610889,0.065107888,9,-5.881236819,-9.075216896,-6.157994836,-7.060850754,-9.119010047,-7.308153279,-6.167302302,-9.916209176,-7.081652272,-9.284115786,-9.808127313,-7.095026764,-8.185453489,-7.85694998,1.387601522,13
162,0.764713159,0.051631934,0.001573544,0.000604144,0.0009,150,"{'mlp__learning_rate_init': 0.0009, 'mlp__max_iter': 150}",0.91134435,0.810962918,0.924259429,0.883401031,0.766915037,0.874546578,0.9240049,0.683275292,0.874697454,0.791600179,0.725317537,0.835871107,0.8827245,0.837609255,0.074181407,10,-6.009745029,-9.112640083,-5.439576567,-6.37801289,-9.229304453,-6.790719235,-6.244799759,-10.24084562,-7.528383668,-9.395153114,-10.34960089,-6.894602641,-8.095810114,-7.823784158,1.616698074,8
161,0.487636548,0.040344776,0.001507209,0.000613265,0.0009,100,"{'mlp__learning_rate_init': 0.0009, 'mlp__max_iter': 100}",0.911293969,0.80619412,0.921319594,0.878558549,0.770073878,0.871190331,0.927418796,0.681286058,0.882827208,0.791630589,0.724292135,0.836814306,0.882824687,0.837363401,0.074594172,11,-6.01145237,-9.22686551,-5.544138915,-6.509108489,-9.166551893,-6.880955534,-6.102921816,-10.27295482,-7.280063791,-9.394467605,-10.36890066,-6.874763515,-8.092351301,-7.82503817,1.618240684,9
203,1.223106274,0.020137623,0.002012088,0.000629976,0.0011,200,"{'mlp__learning_rate_init': 0.0011, 'mlp__max_iter': 200}",0.905167805,0.809892166,0.925710393,0.886648992,0.768745136,0.876719341,0.919004367,0.67531108,0.853227292,0.793896065,0.745190157,0.839087844,0.880346644,0.836842099,0.071926193,12,-6.215566786,-9.138411755,-5.387221578,-6.288553078,-9.193000464,-6.731657211,-6.446982985,-10.368802,-8.147876711,-9.343257827,-9.968188369,-6.826705188,-8.177472816,-7.864130521,1.572821531,15
183,1.069178398,0.10911898,0.001662511,0.000717416,0.001,200,"{'mlp__learning_rate_init': 0.001, 'mlp__max_iter': 200}",0.906304848,0.809869149,0.926002478,0.887398456,0.769126686,0.876290524,0.920235698,0.677103147,0.85533037,0.792345679,0.736963722,0.841898051,0.878917629,0.836752803,0.072729192,13,-6.178191937,-9.138964953,-5.376620642,-6.267728984,-9.185413522,-6.743354685,-6.397790375,-10.34014797,-8.089291411,-9.378333607,-10.1278197,-6.766831063,-8.226159485,-7.862819102,1.600227,14
142,0.620695756,0.018774127,0.001201703,0.000273594,0.0008,150,"{'mlp__learning_rate_init': 0.0008, 'mlp__max_iter': 150}",0.912168466,0.812328829,0.921810671,0.879300687,0.763772273,0.872158003,0.924848971,0.685471372,0.875753785,0.790555019,0.721705192,0.833575984,0.881728138,0.836552107,0.074151364,14,-5.981747413,-9.079658152,-5.526810186,-6.489189183,-9.291317039,-6.855060509,-6.21002267,-10.2052803,-7.496583429,-9.418682775,-10.41743234,-6.942641193,-8.130128002,-7.849581015,1.608505311,11
100,0.227953232,0.003003894,0.001463377,0.000427975,0.0006,50,"{'mlp__learning_rate_init': 0.0006, 'mlp__max_iter': 50}",0.915693506,0.810564618,0.900121547,0.853942119,0.769515797,0.851847232,0.924035839,0.704562504,0.888873552,0.797284496,0.757084197,0.821014358,0.88008688,0.836509742,0.06434042,15,-5.860482209,-9.122235171,-6.246499506,-7.138394328,-9.177669765,-7.379541924,-6.24352842,-9.890714225,-7.08974331,-9.266136078,-9.732760132,-7.199889292,-8.186344544,-7.88722607,1.359571112,19
141,0.529115567,0.082294365,0.001401406,0.00063763,0.0008,100,"{'mlp__learning_rate_init': 0.0008, 'mlp__max_iter': 100}",0.911813038,0.80796617,0.918458742,0.874007984,0.767275053,0.868611179,0.927547527,0.683420966,0.88380522,0.790277813,0.724677017,0.833505033,0.881821306,0.836399004,0.073953152,16,-5.993838364,-9.184586054,-5.644032577,-6.629939244,-9.222174042,-6.949502681,-6.097507274,-10.23849027,-7.249617699,-9.424913647,-10.36166076,-6.944120953,-8.126925155,-7.85133144,1.595611844,12
163,0.953947691,0.059146268,0.001305378,0.000482068,0.0009,200,"{'mlp__learning_rate_init': 0.0009, 'mlp__max_iter': 200}",0.907312532,0.810312656,0.925768032,0.885953906,0.765860182,0.875788667,0.92172401,0.678686222,0.857486209,0.790454724,0.729680193,0.841053791,0.877982596,0.836004901,0.073655112,17,-6.144879154,-9.128299759,-5.385131284,-6.307804803,-9.250165059,-6.757018842,-6.337821533,-10.31476935,-8.028792645,-9.420937635,-10.26708294,-6.784874345,-8.257860784,-7.875802933,1.620696964,17
184,1.256456412,0.089514532,0.001402928,0.00074825,0.001,250,"{'mlp__learning_rate_init': 0.001, 'mlp__max_iter': 250}",0.905150433,0.810177463,0.924347457,0.885722963,0.764250904,0.880002324,0.914244751,0.670860622,0.8579697,0.791624382,0.745362271,0.830181704,0.882657817,0.835580984,0.072895715,18,-6.216136095,-9.131552122,-5.43641462,-6.314188193,-9.281899516,-6.641419855,-6.633703816,-10.43962188,-8.015161871,-9.394607531,-9.964821231,-7.013082719,-8.098111431,-7.890824683,1.564470972,20
121,0.564877895,0.055697637,0.001841087,0.000551084,0.0007,100,"{'mlp__learning_rate_init': 0.0007, 'mlp__max_iter': 100}",0.912390239,0.80945626,0.915675209,0.869726207,0.764618114,0.866031048,0.927479336,0.684981352,0.885155384,0.788238928,0.726266203,0.830673864,0.880859034,0.835503937,0.073366495,19,-5.974190756,-9.148882672,-5.73955792,-6.741655653,-9.274667796,-7.017405911,-6.100376032,-10.21322687,-7.207374928,-9.470616584,-10.33171332,-7.002912834,-8.159944887,-7.875578935,1.575300921,16
204,1.551655091,0.031681459,0.001783866,0.000558439,0.0011,250,"{'mlp__learning_rate_init': 0.0011, 'mlp__max_iter': 250}",0.903913951,0.81007336,0.923198485,0.884224679,0.763575583,0.881057421,0.91192039,0.669108682,0.856122116,0.793667389,0.75362471,0.826685383,0.884072387,0.835480349,0.072048392,20,-6.256522408,-9.134055745,-5.477541801,-6.35544601,-9.295184349,-6.612157562,-6.723004648,-10.46736897,-8.067125568,-9.348439632,-9.801819713,-7.084909671,-8.049151717,-7.897902138,1.531440493,24
122,0.831443548,0.032195191,0.001893245,0.000604337,0.0007,150,"{'mlp__learning_rate_init': 0.0007, 'mlp__max_iter': 150}",0.912798963,0.813252692,0.919174785,0.874624265,0.760773923,0.868957014,0.925349386,0.686679241,0.878070818,0.787976234,0.719461959,0.832193143,0.881158022,0.835420803,0.074191674,21,-5.960238808,-9.057282014,-5.619196781,-6.613704452,-9.350096711,-6.940350582,-6.189312543,-10.18566602,-7.426353628,-9.476489005,-10.45933363,-6.971425227,-8.149699631,-7.876857618,1.600733212,18
80,0.227556504,0.003910518,0.001162162,0.000287604,0.0005,50,"{'mlp__learning_rate_init': 0.0005, 'mlp__max_iter': 50}",0.915993233,0.810252423,0.896730106,0.849729103,0.767718128,0.85002938,0.921993551,0.706287201,0.888594347,0.798891942,0.760584333,0.810672743,0.880011786,0.835191406,0.063499686,22,-5.850055321,-9.129748947,-6.351666295,-7.240615347,-9.213391019,-7.424677807,-6.326900087,-9.861802106,-7.098644207,-9.229324748,-9.662386808,-7.404969821,-8.188907419,-7.921776149,1.320214419,30
143,0.84521035,0.086006214,0.001172194,0.000221744,0.0008,200,"{'mlp__learning_rate_init': 0.0008, 'mlp__max_iter': 200}",0.908430036,0.811372004,0.924416648,0.883005653,0.762928394,0.873712617,0.922669255,0.681584513,0.859241607,0.789590703,0.722784022,0.839757585,0.876419797,0.835070218,0.073977949,23,-6.107723354,-9.102774631,-5.433928013,-6.388817394,-9.307897981,-6.813252767,-6.299438191,-10.26814371,-7.979192537,-9.440340395,-10.39722075,-6.81248349,-8.310575867,-7.897060699,1.624887906,21
164,1.165105655,0.052989871,0.001380389,0.000543269,0.0009,250,"{'mlp__learning_rate_init': 0.0009, 'mlp__max_iter': 250}",0.906236704,0.811045103,0.925078524,0.885421606,0.761350153,0.878912198,0.916886321,0.672475853,0.859833035,0.789033765,0.737857403,0.829810716,0.881508452,0.835034603,0.073971533,24,-6.180438221,-9.110658993,-5.41008351,-6.322508213,-9.33882901,-6.671518838,-6.530733682,-10.41397448,-7.962411719,-9.452826076,-10.11060014,-7.020738979,-8.137675221,-7.897153622,1.593653431,22
101,0.449471052,0.004909744,0.001101109,0.000284413,0.0006,100,"{'mlp__learning_rate_init': 0.0006, 'mlp__max_iter': 100}",0.913058278,0.810354175,0.912457241,0.864733503,0.762201165,0.862450725,0.92711907,0.687309853,0.886212478,0.787584394,0.730350926,0.827719113,0.880628082,0.834783,0.072266834,25,-5.951370046,-9.127300695,-5.848047894,-6.869627029,-9.322163276,-7.110557808,-6.115509889,-10.17541065,-7.174127918,-9.485241705,-10.25433739,-7.0637492,-8.167850003,-7.897330269,1.542650566,23
81,0.449858977,0.005643055,0.001442341,0.000442623,0.0005,100,"{'mlp__learning_rate_init': 0.0005, 'mlp__max_iter': 100}",0.913938844,0.809858738,0.908770202,0.861238965,0.760188815,0.859072151,0.926360578,0.692120152,0.886966181,0.78756411,0.737224232,0.825022857,0.880977335,0.834561782,0.070521818,26,-5.921154918,-9.13921515,-5.969928971,-6.957797765,-9.361524135,-7.197355107,-6.147250428,-10.0968401,-7.150328515,-9.485694576,-10.12280318,-7.118809675,-8.155892667,-7.909584245,1.500877569,26
102,0.682825199,0.027693102,0.001340206,0.000505182,0.0006,150,"{'mlp__learning_rate_init': 0.0006, 'mlp__max_iter': 150}",0.913288988,0.814115925,0.915861877,0.869258276,0.758061148,0.865323861,0.925504039,0.687602021,0.880367683,0.786326353,0.72027972,0.830428019,0.881630686,0.834465276,0.073805124,27,-5.943468486,-9.036324285,-5.73320165,-6.753752495,-9.402961366,-7.035903072,-6.182898057,-10.17065575,-7.356073363,-9.513288625,-10.44407816,-7.007994773,-8.133476793,-7.901082837,1.580143115,25
144,1.007545746,0.014303806,0.001220556,0.000365433,0.0008,250,"{'mlp__learning_rate_init': 0.0008, 'mlp__max_iter': 250}",0.907385141,0.811600623,0.924898011,0.883747155,0.7589711,0.876416149,0.918821343,0.675600271,0.86102498,0.787347166,0.729693808,0.829175644,0.879616755,0.83417678,0.074538742,28,-6.142471823,-9.097256644,-5.416597027,-6.368539291,-9.385262054,-6.739929915,-6.45426291,-10.36418338,-7.928484246,-9.490536822,-10.26682438,-7.033825959,-8.202376303,-7.91465775,1.610553766,28
185,1.496926913,0.104568117,0.001693414,0.000563953,0.001,300,"{'mlp__learning_rate_init': 0.001, 'mlp__max_iter': 300}",0.903161782,0.809683235,0.919152402,0.885502388,0.763786291,0.882571335,0.9099583,0.671555153,0.845884002,0.793474946,0.750914207,0.821559134,0.885530832,0.834056462,0.071372336,29,-6.28096294,-9.14343199,-5.619974804,-6.320279014,-9.291041361,-6.569942671,-6.797474124,-10.42860153,-8.349215246,-9.352798182,-9.8555897,-7.188923849,-7.998359687,-7.938199623,1.514239009,33
61,0.447496469,0.009479026,0.00108552,0.000471066,0.0004,100,"{'mlp__learning_rate_init': 0.0004, 'mlp__max_iter': 100}",0.914265216,0.808374057,0.904185009,0.857077994,0.758752374,0.854816527,0.924426582,0.698351227,0.88680145,0.789563916,0.7450803,0.81977062,0.881079125,0.834041877,0.06811697,30,-5.909916788,-9.174826655,-6.118113641,-7.061347575,-9.389519502,-7.305216811,-6.227450046,-9.994144594,-7.155536936,-9.440941292,-9.97033695,-7.224861332,-8.152404391,-7.932662809,1.439552357,31
123,1.081766294,0.011295803,0.002029474,0.000873327,0.0007,200,"{'mlp__learning_rate_init': 0.0007, 'mlp__max_iter': 200}",0.909135346,0.812826456,0.922709595,0.878845808,0.759998281,0.870094937,0.923455725,0.683139515,0.863343991,0.787169289,0.717043447,0.838659214,0.875376763,0.83398449,0.074411151,31,-6.084155791,-9.067612376,-5.494948141,-6.501405589,-9.365242338,-6.910151327,-6.267323014,-10.24304046,-7.862056516,-9.494505264,-10.50432171,-6.835791465,-8.345573389,-7.921240568,1.625156715,29
82,0.678086904,0.009385253,0.001302114,0.000401501,0.0005,150,"{'mlp__learning_rate_init': 0.0005, 'mlp__max_iter': 150}",0.914232718,0.813472839,0.911904997,0.864548371,0.755050898,0.862312649,0.925825268,0.690844325,0.882781586,0.785123506,0.723938423,0.828498045,0.883260976,0.8339842,0.07293836,32,-5.911036775,-9.051941864,-5.866464449,-6.874326463,-9.461277262,-7.114125809,-6.169553201,-10.11773869,-7.281480921,-9.54002793,-10.37554978,-7.04776248,-8.077271793,-7.914504417,1.553997751,27
205,1.772209846,0.205962151,0.001709076,0.000824143,0.0011,300,"{'mlp__learning_rate_init': 0.0011, 'mlp__max_iter': 300}",0.901839154,0.809912959,0.917648155,0.883972258,0.762649532,0.884049532,0.907429394,0.670094741,0.843448742,0.796034878,0.758890836,0.816373355,0.886787523,0.833779312,0.07060063,33,-6.323710537,-9.13791199,-5.672016329,-6.362370514,-9.313370719,-6.528460356,-6.892269865,-10.45176092,-8.414921654,-9.294652265,-9.696499846,-7.292636579,-7.954333804,-7.948839644,1.481410872,37
165,1.320103352,0.081695059,0.001601861,0.000597308,0.0009,300,"{'mlp__learning_rate_init': 0.0009, 'mlp__max_iter': 300}",0.904372843,0.810259767,0.920404193,0.885499713,0.76108327,0.881009311,0.912853107,0.672971208,0.848324912,0.790166225,0.743459287,0.822675077,0.884308609,0.833645194,0.072478351,34,-6.241564457,-9.129572246,-5.576297061,-6.320352853,-9.344049384,-6.613494689,-6.687313394,-10.40609634,-8.282833357,-9.427420706,-10.00198699,-7.166409358,-8.040946796,-7.941410587,1.546268264,36
41,0.465987059,0.02774237,0.001714963,0.000611987,0.0003,100,"{'mlp__learning_rate_init': 0.0003, 'mlp__max_iter': 100}",0.914443207,0.803351486,0.899483172,0.853283703,0.759825909,0.850612248,0.921565927,0.705276243,0.886486166,0.793984671,0.75384442,0.812541769,0.880917459,0.833508952,0.065354193,35,-5.903778909,-9.294286377,-6.266430039,-7.154465864,-9.368604846,-7.410235575,-6.344218121,-9.878759665,-7.165494893,-9.341249229,-9.797448259,-7.368328479,-8.157943893,-7.957788011,1.370253354,43
60,0.224829399,0.0034101,0.00151051,0.000433455,0.0004,50,"{'mlp__learning_rate_init': 0.0004, 'mlp__max_iter': 50}",0.915288084,0.804118364,0.892524059,0.847982407,0.768313462,0.848726245,0.919750794,0.707837864,0.886854473,0.802075017,0.763455799,0.800516351,0.877846012,0.833483764,0.062482214,36,-5.874556572,-9.27614603,-6.479722903,-7.282574949,-9.201576555,-7.456865549,-6.417207643,-9.835734852,-7.153860868,-9.155993992,-9.604268408,-7.60099371,-8.262481331,-7.969383335,1.283858432,48
62,0.671941977,0.016738661,0.001443643,0.000533587,0.0004,150,"{'mlp__learning_rate_init': 0.0004, 'mlp__max_iter': 150}",0.914910657,0.813369059,0.906722393,0.859223326,0.752953089,0.858552791,0.925042248,0.694898422,0.884430351,0.785363953,0.730747396,0.824031929,0.884155867,0.833415499,0.071191309,37,-5.887628797,-9.054459661,-6.036559781,-7.008149966,-9.501705334,-7.210605085,-6.202031925,-10.05118054,-7.230089826,-9.53468878,-10.24679605,-7.13893879,-8.046253092,-7.934545202,1.504228619,32
103,0.908775843,0.032137088,0.001162236,0.000420347,0.0006,200,"{'mlp__learning_rate_init': 0.0006, 'mlp__max_iter': 200}",0.909928189,0.814389009,0.920047525,0.873769561,0.757261153,0.86652727,0.923809896,0.684075176,0.86747168,0.78578314,0.714873945,0.838032142,0.875695866,0.833204965,0.074425203,38,-6.057553861,-9.029684164,-5.588776776,-6.636209439,-9.41849446,-7.0043976,-6.252806722,-10.22790588,-7.742409566,-9.525373553,-10.54451451,-6.849062682,-8.33488196,-7.939390091,1.612059982,35
42,0.682755672,0.035820775,0.001336189,0.00051436,0.0003,150,"{'mlp__learning_rate_init': 0.0003, 'mlp__max_iter': 150}",0.915837558,0.811120004,0.900791541,0.854581424,0.753550998,0.854102158,0.923299688,0.701343171,0.885968397,0.787726125,0.740467777,0.817300974,0.884937488,0.833155946,0.068505182,39,-5.855473242,-9.108853086,-6.225513208,-7.122754585,-9.490200242,-7.323167261,-6.273707772,-9.944456954,-7.18181825,-9.482076736,-10.06013433,-7.274193303,-8.019062402,-7.950877798,1.43560832,39
23,1.162131676,0.073274963,0.00175874,0.000695704,0.0002,200,"{'mlp__learning_rate_init': 0.0002, 'mlp__max_iter': 200}",0.914563419,0.811219237,0.898754719,0.850484526,0.752944858,0.852860872,0.922200954,0.705990404,0.884455903,0.790371943,0.745950668,0.817193088,0.883562153,0.833119442,0.06650423,40,-5.899629884,-9.106459981,-6.289095674,-7.222392845,-9.501863622,-7.354253708,-6.318483499,-9.866783519,-7.22929049,-9.422798316,-9.95330161,-7.276340741,-8.066845706,-7.96211843,1.389406823,45
124,1.361031221,0.034764867,0.001517699,0.000489529,0.0007,250,"{'mlp__learning_rate_init': 0.0007, 'mlp__max_iter': 250}",0.908068422,0.813177725,0.924183995,0.880878318,0.756467451,0.871781719,0.920535166,0.678042746,0.863714461,0.78393082,0.722037473,0.829217368,0.877995191,0.833079296,0.075127119,41,-6.119771325,-9.059099794,-5.442284673,-6.446640403,-9.433880083,-6.865141502,-6.385769125,-10.32509258,-7.851392416,-9.56646756,-10.41121132,-7.032966894,-8.257434578,-7.938242481,1.622182463,34
186,1.711135901,0.100818906,0.001405459,0.000490261,0.001,350,"{'mlp__learning_rate_init': 0.001, 'mlp__max_iter': 350}",0.900905652,0.804644763,0.918492198,0.88168636,0.764790394,0.880351108,0.908337923,0.667323164,0.843876223,0.798022311,0.754894238,0.818277734,0.887357951,0.832996924,0.071105307,42,-6.353708399,-9.263673606,-5.642874574,-6.424738352,-9.271273036,-6.631760904,-6.858364597,-10.49557238,-8.403424845,-9.249257935,-9.776533589,-7.254722306,-7.934269303,-7.966167217,1.488117298,47
145,1.205423685,0.026337871,0.001359188,0.000450434,0.0008,300,"{'mlp__learning_rate_init': 0.0008, 'mlp__max_iter': 300}",0.906001029,0.810572819,0.920998309,0.884135394,0.758744421,0.878181798,0.915106771,0.675665025,0.850188933,0.787686342,0.734352054,0.822896907,0.882287125,0.832832071,0.073302793,43,-6.188200659,-9.122037725,-5.555446912,-6.357896173,-9.389674259,-6.691609857,-6.600278296,-10.36314892,-8.231779787,-9.482965216,-10.1779747,-7.161925423,-8.110892608,-7.956448503,1.571065131,40
43,0.914503666,0.052653699,0.001439003,0.000525508,0.0003,200,"{'mlp__learning_rate_init': 0.0003, 'mlp__max_iter': 200}",0.913726552,0.815899946,0.905723874,0.856033647,0.75133514,0.857670362,0.924142742,0.697044928,0.880978583,0.785872646,0.728762327,0.827692664,0.88177645,0.832819989,0.070434022,44,-5.928453455,-8.992856699,-6.068783875,-7.087099623,-9.532768636,-7.233062047,-6.239133705,-10.01576119,-7.337267508,-9.523383339,-10.28449901,-7.064291406,-8.128467329,-7.95660214,1.488106349,41
166,1.616709966,0.087698508,0.001384955,0.000454747,0.0009,350,"{'mlp__learning_rate_init': 0.0009, 'mlp__max_iter': 350}",0.902125455,0.805624458,0.920162201,0.882754525,0.762095537,0.879920421,0.910714283,0.668624893,0.8460555,0.794444554,0.747921837,0.819443671,0.886104981,0.83276864,0.072210507,45,-6.314481787,-9.240416012,-5.584767323,-6.395670508,-9.324233457,-6.643685974,-6.768878448,-10.47501824,-8.344568503,-9.33081727,-9.914612589,-7.231411582,-7.978275554,-7.965141326,1.52296093,46
83,0.904178528,0.0267736,0.001373034,0.000620972,0.0005,200,"{'mlp__learning_rate_init': 0.0005, 'mlp__max_iter': 200}",0.911015522,0.814478774,0.916554249,0.868243882,0.753559888,0.864003522,0.924686489,0.687222716,0.871821546,0.784536126,0.71496962,0.83639831,0.877913652,0.832723407,0.0741086,46,-6.020879912,-9.027500438,-5.709563658,-6.779902234,-9.490029071,-7.070308279,-6.21673232,-10.17682835,-7.614288176,-9.5530582,-10.54274523,-6.883520576,-8.260193463,-7.949657685,1.593693012,38
206,1.729088435,0.081342049,0.001403589,0.00041358,0.0011,350,"{'mlp__learning_rate_init': 0.0011, 'mlp__max_iter': 350}",0.899693989,0.804335223,0.916660116,0.879444911,0.763815709,0.880767736,0.906343219,0.666006047,0.841708903,0.800732291,0.762446654,0.813232426,0.888466699,0.832588763,0.070339983,47,-6.392434932,-9.271009818,-5.705940682,-6.485311057,-9.2904628,-6.620204635,-6.932587111,-10.51632863,-8.461552244,-9.186998701,-9.624733472,-7.354742304,-7.895123804,-7.979802322,1.453932073,52
63,0.880272774,0.006492329,0.00131884,0.000431761,0.0004,200,"{'mlp__learning_rate_init': 0.0004, 'mlp__max_iter': 200}",0.912234504,0.815738363,0.911617093,0.861823346,0.75097382,0.861041826,0.924704412,0.690725107,0.876301252,0.784557754,0.719909649,0.833285143,0.879822788,0.832518081,0.072829885,48,-5.979498235,-8.996802322,-5.876042765,-6.943131206,-9.539691878,-7.146881289,-6.215992544,-10.11968933,-7.480049064,-9.552578729,-10.45098465,-6.948704992,-8.195354212,-7.957338555,1.551335311,42
22,0.894328026,0.048210021,0.001455821,0.000386583,0.0002,150,"{'mlp__learning_rate_init': 0.0002, 'mlp__max_iter': 150}",0.91574605,0.803427796,0.89386283,0.84971336,0.756039968,0.849455532,0.920159946,0.707842017,0.886680726,0.794060277,0.753934375,0.805454271,0.884410589,0.832368287,0.065166046,49,-5.858655655,-9.29248287,-6.439239213,-7.240994617,-9.442156293,-7.43886914,-6.40082764,-9.835664953,-7.159351533,-9.339534981,-9.795657903,-7.506328598,-8.037402039,-7.983628111,1.346125169,54
167,1.898237448,0.081083065,0.001504935,0.000710419,0.0009,400,"{'mlp__learning_rate_init': 0.0009, 'mlp__max_iter': 400}",0.901564929,0.804708682,0.917115861,0.881462683,0.760008863,0.881676573,0.909647474,0.670268217,0.847267904,0.794848342,0.753819277,0.810924709,0.885574513,0.832222156,0.071334253,50,-6.332537442,-9.26215797,-5.690317797,-6.430808603,-9.36503589,-6.59492541,-6.809196559,-10.4490126,-8.311644333,-9.321648152,-9.797948604,-7.400040744,-7.996833445,-7.981700581,1.48985812,53
104,1.118143302,0.01820673,0.001384222,0.000508134,0.0006,250,"{'mlp__learning_rate_init': 0.0006, 'mlp__max_iter': 250}",0.908676,0.814409859,0.922362181,0.877199117,0.754015898,0.86724136,0.92166683,0.680324567,0.86632864,0.781689458,0.716879234,0.830951477,0.87701483,0.832212265,0.075322488,51,-6.099514926,-9.029176992,-5.507283966,-6.545439036,-9.481244882,-6.985635426,-6.340135974,-10.2884388,-7.775726541,-9.61595773,-10.50736935,-6.997169779,-8.290544219,-7.958741355,1.622723874,44
187,2.001137532,0.113510808,0.001369641,0.000610489,0.001,400,"{'mlp__learning_rate_init': 0.001, 'mlp__max_iter': 400}",0.900154732,0.80365396,0.915401191,0.880240455,0.76171736,0.882902287,0.906798629,0.668838363,0.845101904,0.798672536,0.759722414,0.808507776,0.886910714,0.832201717,0.070466404,52,-6.377736633,-9.287135649,-5.74887586,-6.463877322,-9.331641491,-6.56067805,-6.915711557,-10.47164372,-8.370373454,-9.234357903,-9.67976393,-7.447187579,-7.95000493,-7.987614468,1.45797119,55
146,1.405430904,0.044888086,0.00131862,0.000343114,0.0008,350,"{'mlp__learning_rate_init': 0.0008, 'mlp__max_iter': 350}",0.903662271,0.806674225,0.921424499,0.882935863,0.759505315,0.878287655,0.912440758,0.671222878,0.847621899,0.791730142,0.738698132,0.819155791,0.884015808,0.832105787,0.073131873,53,-6.264710976,-9.215429802,-5.540441664,-6.390722662,-9.374855573,-6.688701783,-6.703115733,-10.4338753,-8.302006596,-9.392223137,-10.09437403,-7.237174183,-8.051115697,-7.976057472,1.552567271,49
24,1.591365374,0.117223121,0.002076296,0.000712795,0.0002,250,"{'mlp__learning_rate_init': 0.0002, 'mlp__max_iter': 250}",0.912593703,0.810283771,0.901401554,0.850847247,0.751761954,0.854141211,0.922468487,0.705594799,0.881736535,0.784763493,0.738357418,0.81791003,0.882870795,0.831902385,0.067647342,54,-5.967249512,-9.128994745,-6.206343966,-7.213626849,-9.524583992,-7.322187078,-6.307610239,-9.873419413,-7.313867604,-9.548016461,-10.10095297,-7.262058354,-8.090758989,-7.989205398,1.420519265,57
125,1.698297757,0.174677198,0.00180967,0.000637597,0.0007,300,"{'mlp__learning_rate_init': 0.0007, 'mlp__max_iter': 300}",0.907031265,0.812551445,0.921086669,0.881563253,0.755957206,0.872822756,0.917384658,0.677228591,0.854270278,0.783472888,0.725248537,0.823996106,0.880646281,0.831789226,0.074302545,55,-6.154195626,-9.074271385,-5.552339255,-6.428079973,-9.443757757,-6.837214782,-6.511125621,-10.33813922,-8.11887516,-9.576599675,-10.35090072,-7.13966541,-8.167227361,-7.976337841,1.591578082,50
147,1.596108161,0.036432538,0.001258245,0.000362315,0.0008,400,"{'mlp__learning_rate_init': 0.0008, 'mlp__max_iter': 400}",0.903448344,0.806156952,0.918685504,0.881826721,0.758272662,0.879660266,0.911702401,0.673008474,0.848634915,0.791608407,0.745154256,0.811686877,0.883258277,0.831777235,0.072109735,56,-6.271662797,-9.227750209,-5.636179229,-6.420926212,-9.398850221,-6.650878931,-6.731318942,-10.40550341,-8.274364528,-9.394967631,-9.968890572,-7.385110792,-8.077365159,-7.987982203,1.519830149,56
188,2.226039831,0.135171405,0.001511721,0.000726304,0.001,450,"{'mlp__learning_rate_init': 0.001, 'mlp__max_iter': 450}",0.899497083,0.803722349,0.913636764,0.879863439,0.758241801,0.885123554,0.903976993,0.658945434,0.843352662,0.80371769,0.765581978,0.808662136,0.887242334,0.831658786,0.071595493,57,-6.398706201,-9.285518105,-5.80851693,-6.474043824,-9.399450177,-6.498154227,-7.019616257,-10.62690459,-8.417503478,-9.117919867,-9.561006958,-7.444185432,-7.938340177,-7.999220479,1.457002747,63
168,2.077187025,0.130276511,0.001351723,0.000479767,0.0009,450,"{'mlp__learning_rate_init': 0.0009, 'mlp__max_iter': 450}",0.900879834,0.804175448,0.915278311,0.881012008,0.756398715,0.883765887,0.906575689,0.659398927,0.84616627,0.799618336,0.760542127,0.811435246,0.886196125,0.831649456,0.072492987,58,-6.35453605,-9.274794294,-5.753049478,-6.443021868,-9.435211313,-6.536440631,-6.923977891,-10.61983705,-8.341565811,-9.212641695,-9.663238456,-7.390043272,-7.975082627,-7.994110803,1.487242503,62
7,1.856476509,0.064003293,0.001117486,0.000159924,0.0001,400,"{'mlp__learning_rate_init': 0.0001, 'mlp__max_iter': 400}",0.913559286,0.807256386,0.897166462,0.849715012,0.75026001,0.850603312,0.919643957,0.7105281,0.882825217,0.789440684,0.745304032,0.808335955,0.885527802,0.831551247,0.065996697,59,-5.934197693,-9.201544149,-6.338232932,-7.24095481,-9.5533544,-7.4104572,-6.421477898,-9.790346286,-7.280125649,-9.443705198,-9.965960711,-7.450527923,-7.998465525,-8.002257721,1.366516355,67
21,0.600490698,0.056050157,0.001591224,0.000723766,0.0002,100,"{'mlp__learning_rate_init': 0.0002, 'mlp__max_iter': 100}",0.913288882,0.790723372,0.894579212,0.848147209,0.763341589,0.847688442,0.917150757,0.710032677,0.883762166,0.802030897,0.76198761,0.798387383,0.878663744,0.831521841,0.062854448,60,-5.943472112,-9.588067438,-6.417471323,-7.278626367,-9.299783017,-7.482400475,-6.520336273,-9.798720658,-7.25096067,-9.157014447,-9.634028331,-7.641446476,-8.234779271,-8.01900822,1.298133684,78
207,1.907289542,0.057833626,0.00124968,0.000388882,0.0011,400,"{'mlp__learning_rate_init': 0.0011, 'mlp__max_iter': 400}",0.898801764,0.802795374,0.913701005,0.877852704,0.759953203,0.883774323,0.904247632,0.667476127,0.842874214,0.801396566,0.766199586,0.802528685,0.888003444,0.831508048,0.069966128,61,-6.420802445,-9.307418979,-5.80635621,-6.527997299,-9.366121812,-6.53620344,-7.009716979,-10.4931592,-8.430348484,-9.171673121,-9.548403738,-7.56255822,-7.911503063,-8.007097153,1.428869129,69
84,1.163611174,0.077983977,0.001301931,0.000735249,0.0005,250,"{'mlp__learning_rate_init': 0.0005, 'mlp__max_iter': 250}",0.909261145,0.8141235,0.919617848,0.871594287,0.750586133,0.864358067,0.923313448,0.685591504,0.868608751,0.779565377,0.713231982,0.831248434,0.877729314,0.831448445,0.075072026,62,-6.079942666,-9.036140148,-5.603774132,-6.693144639,-9.547114747,-7.061086047,-6.273144993,-10.20333119,-7.709123723,-9.662624347,-10.57483242,-6.991021334,-8.266427118,-7.977054423,1.614422103,51
5,1.562099292,0.024559024,0.001589775,0.000616754,0.0001,300,"{'mlp__learning_rate_init': 0.0001, 'mlp__max_iter': 300}",0.914156629,0.799679514,0.892846546,0.846094164,0.754626817,0.849575333,0.9188212,0.711795014,0.884954544,0.793441122,0.753324213,0.803067377,0.885857759,0.831403095,0.06456476,63,-5.913658187,-9.38066005,-6.469994251,-7.32766457,-9.469463886,-7.435908698,-6.45426858,-9.768898383,-7.213674299,-9.353564045,-9.807795402,-7.552236022,-7.986929761,-8.010362779,1.329130497,72
4,1.369245529,0.061448633,0.001969759,0.000609164,0.0001,250,"{'mlp__learning_rate_init': 0.0001, 'mlp__max_iter': 250}",0.914092547,0.796275301,0.891197017,0.845305016,0.758420153,0.84867549,0.917304461,0.713110307,0.884194448,0.798150316,0.758741331,0.799729024,0.88257544,0.831366989,0.063020999,64,-5.915865064,-9.46003097,-6.519603864,-7.34642675,-9.395982415,-7.458116389,-6.514285093,-9.746581534,-7.237465168,-9.246326565,-9.699505636,-7.615978833,-8.10095347,-8.019778596,1.294070121,80
6,1.80643663,0.139580216,0.001532591,0.000496115,0.0001,350,"{'mlp__learning_rate_init': 0.0001, 'mlp__max_iter': 350}",0.913397304,0.800546672,0.895490633,0.848010424,0.752492717,0.849837076,0.918714053,0.710492315,0.884075234,0.791646221,0.749562983,0.80695194,0.886431639,0.831357632,0.065366543,65,-5.939755142,-9.360334286,-6.389669785,-7.281903813,-9.510554439,-7.429436546,-6.458526644,-9.790951412,-7.241189435,-9.394115202,-9.882285512,-7.477379843,-7.966826255,-8.009456024,1.351077278,71
3,1.009492141,0.036253731,0.001519973,0.000494209,0.0001,200,"{'mlp__learning_rate_init': 0.0001, 'mlp__max_iter': 200}",0.914107977,0.792422089,0.891071918,0.844962584,0.760816178,0.848317006,0.915860261,0.712764775,0.882387563,0.80323321,0.76282991,0.798620769,0.879577141,0.831305491,0.062061407,66,-5.915333763,-9.549074541,-6.523350822,-7.354553268,-9.349270909,-7.466945221,-6.570921824,-9.752449186,-7.293708801,-9.129165742,-9.616966332,-7.637022342,-8.203725769,-8.027883732,1.274367825,88
44,1.09531951,0.00828586,0.001516195,0.000452113,0.0003,250,"{'mlp__learning_rate_init': 0.0003, 'mlp__max_iter': 250}",0.911016963,0.814638316,0.909026897,0.857605803,0.74947607,0.858390555,0.923688141,0.69812529,0.876167076,0.780128283,0.721391705,0.826758561,0.880166964,0.831275433,0.071352875,67,-6.020831161,-9.02361793,-5.961524213,-7.048296775,-9.568336752,-7.214739064,-6.257800841,-9.997886739,-7.484104797,-9.650279133,-10.42329807,-7.083413803,-8.183610463,-7.993672287,1.515672354,61
126,1.826095251,0.140986696,0.001569179,0.000454228,0.0007,350,"{'mlp__learning_rate_init': 0.0007, 'mlp__max_iter': 350}",0.904612058,0.80995057,0.922104255,0.881878591,0.756165217,0.87335268,0.914349494,0.672708414,0.851461681,0.787384833,0.729091874,0.820239302,0.882404751,0.831207978,0.07421989,68,-6.233752802,-9.137007912,-5.516424457,-6.419516909,-9.439732184,-6.822955229,-6.62965132,-10.41027657,-8.196737884,-9.489696254,-10.27824942,-7.215461176,-8.10683913,-7.992023173,1.576228507,59
148,1.786872992,0.029939662,0.001135551,0.000274386,0.0008,450,"{'mlp__learning_rate_init': 0.0008, 'mlp__max_iter': 450}",0.902743534,0.80512413,0.916976053,0.881927169,0.754654719,0.881597773,0.908400555,0.661426141,0.848174846,0.795862646,0.752634055,0.811965355,0.884116343,0.831200255,0.073270312,69,-6.294512202,-9.252300912,-5.695114963,-6.418196722,-9.468925468,-6.597121064,-6.856021053,-10.58818593,-8.286929815,-9.298575724,-9.821506096,-7.37964821,-8.04762558,-8.000358749,1.516533582,64
64,1.116097432,0.026422385,0.001228388,0.000432721,0.0004,250,"{'mlp__learning_rate_init': 0.0004, 'mlp__max_iter': 250}",0.909934786,0.814773682,0.91494363,0.864586377,0.748247768,0.861428745,0.923772948,0.691554516,0.871721263,0.779090277,0.7151894,0.830602885,0.878633968,0.831113865,0.073656268,70,-6.057332031,-9.020322442,-5.764401578,-6.873361966,-9.591764535,-7.136924374,-6.254322656,-10.1061108,-7.617266187,-9.673031613,-10.53867982,-7.004380439,-8.235789606,-7.990283695,1.575777687,58
8,2.366101338,0.178764187,0.001376684,0.000496706,0.0001,450,"{'mlp__learning_rate_init': 0.0001, 'mlp__max_iter': 450}",0.912596864,0.808290959,0.898029113,0.848325802,0.748843466,0.851817356,0.919758263,0.706027028,0.882179617,0.788593247,0.742016139,0.812803961,0.88477626,0.83108139,0.066912615,71,-5.967141598,-9.176815759,-6.31159183,-7.274344933,-9.580409752,-7.380285943,-6.416909013,-9.866168965,-7.300153819,-9.462690149,-10.03008019,-7.363173749,-8.024678658,-8.011880335,1.384530045,73
127,2.325417409,0.123273853,0.001839619,0.000819787,0.0007,400,"{'mlp__learning_rate_init': 0.0007, 'mlp__max_iter': 400}",0.904577054,0.810129429,0.919832299,0.880955208,0.755732079,0.874179296,0.913839938,0.674404044,0.851800663,0.786651883,0.735634082,0.814342627,0.881501921,0.831044656,0.073102821,72,-6.234896469,-9.132707409,-5.596293984,-6.444559493,-9.448112638,-6.800652354,-6.649342785,-10.38327481,-8.187379582,-9.506039151,-10.15338534,-7.332850348,-8.137899494,-8.000568758,1.545215624,65
208,2.357822657,0.230902627,0.001356418,0.000600781,0.0011,450,"{'mlp__learning_rate_init': 0.0011, 'mlp__max_iter': 450}",0.898232902,0.803052025,0.912015556,0.87749749,0.756762675,0.885905596,0.901780698,0.658470794,0.840430855,0.806545953,0.771329829,0.80212706,0.888091085,0.830941732,0.071073848,73,-6.438823663,-9.301360453,-5.862782103,-6.537482368,-9.428160205,-6.475997771,-7.099440831,-10.63429666,-8.495643009,-9.05199074,-9.443063153,-7.570244831,-7.908406965,-8.019053289,1.42972176,79
105,1.34893698,0.051553831,0.001310055,0.000507236,0.0006,300,"{'mlp__learning_rate_init': 0.0006, 'mlp__max_iter': 300}",0.908268229,0.814226278,0.920253018,0.878769725,0.752666459,0.867453871,0.91925404,0.678075951,0.858766851,0.780553664,0.717510448,0.826769714,0.8791381,0.830900488,0.075279023,74,-6.113117239,-9.033641604,-5.581590045,-6.503446661,-9.507215785,-6.98004213,-6.437038713,-10.32456012,-7.992637518,-9.640939523,-10.49564979,-7.083185792,-8.218666838,-7.993210136,1.609690131,60
25,1.908544614,0.14347511,0.002091885,0.000679337,0.0002,300,"{'mlp__learning_rate_init': 0.0002, 'mlp__max_iter': 300}",0.913200165,0.810898617,0.903552623,0.852641409,0.747272732,0.856110521,0.922857189,0.700406735,0.881844141,0.780897935,0.728145883,0.817372828,0.88564495,0.830834287,0.070641038,75,-5.946511831,-9.114189795,-6.138270417,-7.170109139,-9.610321035,-7.272588893,-6.291778882,-9.960035135,-7.310539474,-9.633374114,-10.29617921,-7.27276273,-7.994371788,-8.000848649,1.479074774,66
40,0.224338862,0.002780959,0.001406688,0.000461525,0.0003,50,"{'mlp__learning_rate_init': 0.0003, 'mlp__max_iter': 50}",0.913505449,0.786235634,0.890202329,0.847135228,0.770190826,0.846605507,0.915733718,0.710197538,0.881451876,0.807148174,0.765919699,0.792600541,0.872398644,0.83071732,0.061285999,76,-5.936045372,-9.69032563,-6.549337485,-7.302839286,-9.164220386,-7.5089533,-6.575861212,-9.795934729,-7.32266454,-9.037890369,-9.554117324,-7.750336,-8.444701684,-8.048709794,1.263029958,97
9,2.676603702,0.24668749,0.001610132,0.000639946,0.0001,500,"{'mlp__learning_rate_init': 0.0001, 'mlp__max_iter': 500}",0.912011588,0.807713422,0.898931128,0.850204515,0.747087772,0.852577682,0.920103213,0.705730109,0.880836093,0.786013422,0.738418623,0.812851687,0.885666202,0.830626574,0.067722319,77,-5.9870871,-9.19062826,-6.283614261,-7.229152697,-9.61383708,-7.36132746,-6.403101381,-9.871150219,-7.3416582,-9.52025231,-10.09977147,-7.362235069,-7.993628907,-8.019803416,1.404075614,81
106,1.656733403,0.132669592,0.00157171,0.000579013,0.0006,350,"{'mlp__learning_rate_init': 0.0006, 'mlp__max_iter': 350}",0.90580196,0.812817095,0.921918508,0.88102974,0.751977807,0.868150731,0.91611685,0.673827945,0.85588539,0.784379549,0.720328546,0.823149639,0.88042501,0.830446828,0.075350014,78,-6.194749811,-9.067839125,-5.522997669,-6.442541758,-9.520442089,-6.961669181,-6.560894998,-10.39245666,-8.073759353,-9.556528659,-10.4431666,-7.156813451,-8.174794485,-8.005281064,1.600086813,68
128,2.656888008,0.228788456,0.001853191,0.000839377,0.0007,450,"{'mlp__learning_rate_init': 0.0007, 'mlp__max_iter': 450}",0.903751955,0.808469827,0.918411941,0.881490736,0.752097422,0.875660397,0.910445453,0.662208941,0.85226986,0.790106908,0.743217008,0.814797411,0.882819504,0.830442105,0.074310694,79,-6.261794271,-9.172533692,-5.645652027,-6.430047594,-9.518146074,-6.760506862,-6.779061017,-10.57593863,-8.174408758,-9.428753099,-10.00670884,-7.323863614,-8.092530263,-8.013072672,1.542557735,76
107,1.895244268,0.15950107,0.001611269,0.000512691,0.0006,400,"{'mlp__learning_rate_init': 0.0006, 'mlp__max_iter': 400}",0.906028965,0.81391105,0.92032474,0.880583562,0.75183531,0.868438972,0.915776961,0.675568871,0.854992153,0.782886362,0.726394509,0.818832211,0.878946364,0.830347695,0.074238567,80,-6.187281038,-9.041302658,-5.579079523,-6.45461128,-9.523176593,-6.954055439,-6.574173689,-10.36468495,-8.098741682,-9.589561379,-10.32929167,-7.243645935,-8.225183333,-8.01267609,1.574822851,75
10,2.953438135,0.053206621,0.002180448,0.000480188,0.0001,550,"{'mlp__learning_rate_init': 0.0001, 'mlp__max_iter': 550}",0.911573149,0.811447302,0.901948739,0.84917602,0.746607777,0.851723407,0.920253538,0.703624202,0.88074683,0.783208344,0.732634222,0.813074764,0.88611455,0.830164065,0.068928718,81,-6.001985167,-9.100957602,-6.189098548,-7.25392791,-9.622955671,-7.382625165,-6.397074882,-9.906408104,-7.344407441,-9.582448026,-10.21082998,-7.357845938,-7.977940422,-8.025269604,1.427351393,86
85,1.486515797,0.080519615,0.00160364,0.000477746,0.0005,300,"{'mlp__learning_rate_init': 0.0005, 'mlp__max_iter': 300}",0.909466838,0.814605481,0.918777189,0.873549121,0.74819909,0.864147527,0.921813402,0.681450031,0.863407417,0.777832737,0.710077636,0.827201792,0.87974629,0.830021119,0.076150403,82,-6.073047554,-9.024417108,-5.633000839,-6.642001411,-9.592691798,-7.066563943,-6.334201551,-10.27031185,-7.860231797,-9.700524655,-10.63283304,-7.074346679,-8.197962162,-8.007856491,1.623977583,70
26,2.04559427,0.245951433,0.001833476,0.00078553,0.0002,350,"{'mlp__learning_rate_init': 0.0002, 'mlp__max_iter': 350}",0.911438579,0.811704469,0.906124036,0.855184949,0.74478511,0.856564602,0.921473396,0.698053852,0.879019266,0.781386209,0.720948928,0.818097751,0.88452288,0.829946464,0.071743796,83,-6.006550388,-9.094749088,-6.055890463,-7.107958558,-9.657502927,-7.261104543,-6.347959247,-9.999069654,-7.397413623,-9.622634024,-10.43157738,-7.258314068,-8.033497041,-8.021093924,1.499242709,83
45,1.328837835,0.025147824,0.001252083,0.000331527,0.0003,300,"{'mlp__learning_rate_init': 0.0003, 'mlp__max_iter': 300}",0.912070216,0.814884936,0.91040181,0.859959957,0.745269149,0.859219073,0.923551229,0.69174136,0.87588442,0.777216615,0.711285971,0.824622474,0.882545334,0.82989635,0.074421186,84,-5.985092114,-9.01761306,-5.916303238,-6.989790419,-9.648340402,-7.193602385,-6.26341192,-10.1030494,-7.492641382,-9.713966246,-10.61065221,-7.126949671,-8.101991896,-8.012569565,1.570025163,74
169,2.266090631,0.124631317,0.001228864,0.000429543,0.0009,500,"{'mlp__learning_rate_init': 0.0009, 'mlp__max_iter': 500}",0.899010663,0.799276464,0.912918334,0.879698787,0.757208612,0.883640768,0.90194806,0.667007044,0.834773356,0.798656155,0.763325951,0.801742267,0.888496628,0.829823315,0.070515449,85,-6.414171952,-9.390092373,-5.832626555,-6.478478784,-9.419513713,-6.539957731,-7.093389629,-10.50055782,-8.644937061,-9.234733572,-9.606904119,-7.577601984,-7.894064454,-8.048233057,1.450815864,96
27,2.198083566,0.20229042,0.001772037,0.0004902,0.0002,400,"{'mlp__learning_rate_init': 0.0002, 'mlp__max_iter': 400}",0.911837594,0.818044439,0.907515215,0.856801813,0.742551144,0.857391526,0.92139905,0.698167174,0.876129368,0.77832408,0.716671936,0.819753003,0.882396431,0.829767906,0.072424925,86,-5.993003822,-8.940326549,-6.01085086,-7.068166902,-9.699678229,-7.240143692,-6.350963544,-9.997193129,-7.485244174,-9.68979192,-10.51121533,-7.225214427,-8.107125908,-8.024532191,1.517644475,85
108,2.11692667,0.160349876,0.001363553,0.000494135,0.0006,450,"{'mlp__learning_rate_init': 0.0006, 'mlp__max_iter': 450}",0.905088934,0.811911179,0.9194911,0.881769398,0.748433331,0.869064348,0.912437615,0.662949136,0.856349596,0.78569064,0.733753621,0.819374818,0.880495613,0.829754564,0.075507657,87,-6.218150992,-9.089755613,-5.608190453,-6.422483367,-9.588228904,-6.937507665,-6.703236025,-10.56434486,-8.060745716,-9.527429866,-10.18943237,-7.232790237,-8.172380724,-8.024205907,1.5743556,84
65,1.330520795,0.022826712,0.001173863,0.000382806,0.0004,300,"{'mlp__learning_rate_init': 0.0004, 'mlp__max_iter': 300}",0.910686377,0.815107615,0.915179947,0.866944311,0.744603132,0.861563191,0.923057193,0.685951709,0.869235415,0.776825983,0.708038349,0.827479402,0.88080802,0.829652357,0.075894039,88,-6.032004958,-9.012187694,-5.75638822,-6.81325683,-9.660945407,-7.133461298,-6.283617425,-10.19748474,-7.690717622,-9.722478849,-10.67016269,-7.068661731,-8.161691666,-8.015619933,1.610230276,77
149,2.273123136,0.484655194,0.001379288,0.000482496,0.0008,500,"{'mlp__learning_rate_init': 0.0008, 'mlp__max_iter': 500}",0.90109902,0.800523927,0.914823948,0.880294643,0.755750647,0.882091179,0.904278459,0.669103422,0.836959042,0.794718753,0.756159293,0.802833501,0.88642146,0.829619792,0.071222935,89,-6.347506204,-9.360867987,-5.76845568,-6.462414784,-9.447753528,-6.583360947,-7.008588511,-10.46745217,-8.587567311,-9.324591816,-9.751271317,-7.556719189,-7.967183287,-8.048748671,1.478932578,98
189,2.460872852,0.126583626,0.001474692,0.000676635,0.001,500,"{'mlp__learning_rate_init': 0.001, 'mlp__max_iter': 500}",0.897488143,0.798771324,0.911137449,0.879123914,0.758521944,0.884672608,0.898806429,0.666436593,0.83178799,0.802697045,0.767575227,0.798192942,0.889469705,0.82959087,0.069781804,90,-6.462341245,-9.401900485,-5.891965489,-6.493939397,-9.394002676,-6.510895933,-7.206131472,-10.50954823,-8.722687138,-9.141595192,-9.520271727,-7.645130406,-7.859543688,-8.058457929,1.424199072,103
11,3.233180541,0.341107825,0.001325442,0.000516116,0.0001,600,"{'mlp__learning_rate_init': 0.0001, 'mlp__max_iter': 600}",0.910886774,0.811226608,0.901071974,0.850481333,0.74441954,0.8518013,0.920098191,0.701154806,0.878981539,0.78300302,0.730613225,0.815941301,0.884846219,0.82957891,0.069378,91,-6.02523404,-9.106282217,-6.216708134,-7.222469975,-9.664417163,-7.380685779,-6.403302607,-9.947592468,-7.398566942,-9.58698473,-10.24934876,-7.301210931,-8.022242179,-8.040388148,1.436128468,92
86,1.777800505,0.134223904,0.001668802,0.000522523,0.0005,350,"{'mlp__learning_rate_init': 0.0005, 'mlp__max_iter': 350}",0.906940464,0.814389759,0.920967532,0.877103671,0.746689747,0.864827803,0.918888519,0.677314828,0.860391226,0.781479988,0.711053098,0.823696843,0.880252005,0.829538114,0.076466821,92,-6.15720026,-9.029665927,-5.556528912,-6.547982228,-9.621399078,-7.048848962,-6.451591877,-10.33675808,-7.946541436,-9.620569893,-10.61493055,-7.145732701,-8.180706133,-8.019881233,1.620800228,82
87,2.040483126,0.168593697,0.001586529,0.000530458,0.0005,400,"{'mlp__learning_rate_init': 0.0005, 'mlp__max_iter': 400}",0.907314707,0.816972515,0.920261159,0.877205793,0.746404889,0.864992496,0.918672775,0.678823056,0.857781325,0.779200111,0.715904063,0.82098095,0.877941675,0.829419655,0.075548442,93,-6.144807041,-8.9666222,-5.581305148,-6.545261102,-9.626807385,-7.044553527,-6.460166311,-10.31257281,-8.020475383,-9.670626636,-10.5254494,-7.200561206,-8.259245393,-8.027573349,1.604959729,87
13,3.658463001,0.195714781,0.001503779,0.000463974,0.0001,700,"{'mlp__learning_rate_init': 0.0001, 'mlp__max_iter': 700}",0.911272242,0.817088937,0.903572752,0.850555054,0.7420557,0.853814904,0.919224581,0.701709606,0.877667163,0.77903657,0.721862073,0.817658758,0.883333496,0.829142449,0.070644605,94,-6.012188537,-8.963769959,-6.137629841,-7.220689206,-9.709006947,-7.330372902,-6.438212868,-9.938354432,-7.438636204,-9.674207371,-10.41449565,-7.267067198,-8.074762524,-8.047645665,1.467144123,95
129,2.629809141,0.163550762,0.00148643,0.000613156,0.0007,500,"{'mlp__learning_rate_init': 0.0007, 'mlp__max_iter': 500}",0.902221459,0.804664089,0.916523641,0.879514741,0.753385779,0.876650447,0.906812366,0.669620925,0.841484048,0.788637912,0.747090289,0.806788866,0.885169375,0.829120303,0.072192355,95,-6.311384132,-9.263215358,-5.710610721,-6.483432514,-9.49338082,-6.733537907,-6.915201874,-10.45926373,-8.467559995,-9.461690473,-9.930952143,-7.480537354,-8.010977854,-8.055518836,1.502841243,101
46,1.552919149,0.04419308,0.001269561,0.00043678,0.0003,350,"{'mlp__learning_rate_init': 0.0003, 'mlp__max_iter': 350}",0.909889606,0.81587851,0.912942785,0.86359645,0.742544205,0.859318244,0.921586971,0.688371563,0.872520963,0.779413942,0.706017651,0.823045066,0.881822439,0.82899603,0.075449572,96,-6.058851128,-8.993380227,-5.831807664,-6.898439728,-9.699808943,-7.191068237,-6.343366982,-10.15812115,-7.593485752,-9.665942801,-10.70702369,-7.15892908,-8.126886179,-8.032854735,1.58340095,90
66,1.568795681,0.046901703,0.001317629,0.000353449,0.0004,350,"{'mlp__learning_rate_init': 0.0004, 'mlp__max_iter': 350}",0.90827464,0.815759543,0.91767463,0.871046073,0.74204934,0.862041854,0.920504874,0.682099594,0.865926691,0.780055762,0.705772406,0.824888134,0.880674258,0.828982138,0.076624551,97,-6.112903647,-8.996285241,-5.671104529,-6.707417241,-9.70912664,-7.121118196,-6.386986109,-10.25983528,-7.787408539,-9.651870497,-10.71148876,-7.121549704,-8.166270067,-8.031028035,1.616342149,89
170,2.508718216,0.109214711,0.001216155,0.000371014,0.0009,550,"{'mlp__learning_rate_init': 0.0009, 'mlp__max_iter': 550}",0.898002418,0.796104282,0.912494971,0.878609263,0.75842694,0.883932665,0.901694641,0.658672553,0.837055913,0.801343025,0.766655978,0.794819627,0.888753114,0.828966569,0.071803876,98,-6.446110934,-9.464000795,-5.84678754,-6.507749241,-9.395850415,-6.531749563,-7.102550296,-10.63115508,-8.585015787,-9.172909326,-9.539079662,-7.708761856,-7.88498004,-8.062823118,1.451445541,108
2,0.727543592,0.079702832,0.001300097,0.000494866,0.0001,150,"{'mlp__learning_rate_init': 0.0001, 'mlp__max_iter': 150}",0.914595201,0.779992051,0.88850615,0.84423135,0.765833153,0.847297136,0.913201439,0.70922731,0.881144123,0.8083672,0.763242678,0.784479329,0.876112375,0.82894073,0.062592625,99,-5.898532478,-9.830823569,-6.599731448,-7.371876733,-9.250698958,-7.492005891,-6.673935155,-9.812318893,-7.33216324,-9.009280617,-9.608594048,-7.900620247,-8.320906278,-8.084729812,1.272803738,121
150,3.297054052,0.250335431,0.001325864,0.000619364,0.0008,550,"{'mlp__learning_rate_init': 0.0008, 'mlp__max_iter': 550}",0.900108553,0.796618313,0.914297327,0.879886044,0.75706156,0.881966558,0.904190896,0.661704536,0.839178213,0.797076158,0.760019883,0.796891547,0.886494847,0.828884187,0.07222267,100,-6.37921133,-9.452063664,-5.786260632,-6.473434718,-9.422365856,-6.586839107,-7.011793375,-10.58383192,-8.528923847,-9.27089644,-9.673770198,-7.669741403,-7.964608912,-8.061826262,1.477952124,107
88,2.182710097,0.087257413,0.001382002,0.000526503,0.0005,450,"{'mlp__learning_rate_init': 0.0005, 'mlp__max_iter': 450}",0.906114563,0.814895813,0.920253027,0.87911334,0.743379197,0.864482057,0.915595281,0.666164986,0.859744458,0.781486684,0.722276044,0.82167983,0.879318256,0.828807964,0.076844349,101,-6.184462396,-9.017348122,-5.581589719,-6.494223418,-9.684066738,-7.05785804,-6.581260572,-10.51382611,-7.964927198,-9.6204225,-10.40674248,-7.186492159,-8.212539205,-8.038904512,1.607908367,91
109,2.298524747,0.082760778,0.00141837,0.0005663,0.0006,500,"{'mlp__learning_rate_init': 0.0006, 'mlp__max_iter': 500}",0.903839939,0.809372447,0.918087618,0.87981267,0.749461634,0.870534322,0.909214906,0.66993557,0.846479765,0.783820554,0.737973033,0.812622575,0.882642053,0.828753622,0.073416461,102,-6.258931548,-9.150894575,-5.656862008,-6.475411611,-9.568612441,-6.898455142,-6.825476786,-10.45428196,-8.333061919,-9.56890827,-10.10837001,-7.366740218,-8.09865537,-8.058820143,1.534999241,104
67,1.78825096,0.052062296,0.001164748,0.000294736,0.0004,400,"{'mlp__learning_rate_init': 0.0004, 'mlp__max_iter': 400}",0.908859616,0.819751733,0.917867035,0.87171655,0.740888751,0.862531464,0.920250794,0.68345915,0.86156348,0.777046804,0.707797332,0.82416416,0.877735297,0.828740936,0.076172468,103,-6.093380032,-8.898284043,-5.664473604,-6.689957397,-9.730944113,-7.10847063,-6.397184916,-10.2378728,-7.913108715,-9.717667658,-10.67456594,-7.136256023,-8.266224856,-8.04064544,1.614543993,93
12,3.427265332,0.185280876,0.0014735,0.000536556,0.0001,650,"{'mlp__learning_rate_init': 0.0001, 'mlp__max_iter': 650}",0.91077559,0.809420054,0.90264975,0.850489718,0.743491473,0.852266802,0.920008107,0.699921555,0.877831266,0.781156965,0.725986414,0.814981166,0.884164516,0.828703337,0.070316451,104,-6.028991596,-9.149751836,-6.166934585,-7.222267465,-9.68194804,-7.369085048,-6.406911271,-9.968096822,-7.433645244,-9.627677988,-10.33699209,-7.320229417,-8.045952713,-8.058344932,1.458706254,102
47,1.76121864,0.010624655,0.001110884,0.000518216,0.0003,400,"{'mlp__learning_rate_init': 0.0003, 'mlp__max_iter': 400}",0.910511153,0.82128309,0.913908091,0.865001748,0.740674158,0.860022953,0.921403702,0.688874727,0.867967435,0.776007899,0.704755176,0.823809672,0.878901611,0.828701647,0.075664185,105,-6.037919145,-8.860404301,-5.799385473,-6.86281211,-9.734972807,-7.173034723,-6.350775577,-10.14991704,-7.727914794,-9.740282281,-10.72998914,-7.143445804,-8.226703591,-8.041350522,1.595193476,94
28,2.694731107,0.198343542,0.001545283,0.000596446,0.0002,450,"{'mlp__learning_rate_init': 0.0002, 'mlp__max_iter': 450}",0.909956178,0.816772025,0.909659611,0.857106891,0.740953871,0.855922693,0.920240496,0.690279806,0.874281141,0.77895568,0.714164073,0.824153347,0.880443101,0.828683762,0.073618119,106,-6.05661263,-8.971531916,-5.940756942,-7.060633663,-9.729721241,-7.277334044,-6.397597956,-10.12697198,-7.540879664,-9.67597798,-10.55763258,-7.13647544,-8.17417607,-8.049715546,1.538092284,99
190,3.060989527,0.229278737,0.001700401,0.000573643,0.001,550,"{'mlp__learning_rate_init': 0.001, 'mlp__max_iter': 550}",0.896447517,0.796557959,0.911031366,0.878003866,0.759557135,0.885463047,0.898434882,0.657463539,0.834135018,0.805487007,0.770451087,0.790010881,0.889845328,0.828683741,0.071369426,107,-6.495058912,-9.453466016,-5.895481315,-6.523956716,-9.3738455,-6.488545154,-7.219348548,-10.64996671,-8.661620426,-9.076731729,-9.461189832,-7.798572557,-7.846177475,-8.072612376,1.428195768,112
209,3.134066343,0.060928199,0.002216761,0.000421538,0.0011,500,"{'mlp__learning_rate_init': 0.0011, 'mlp__max_iter': 500}",0.896101238,0.798014517,0.909440776,0.87718231,0.756542413,0.884904879,0.896081956,0.665800275,0.828480857,0.805431673,0.772851874,0.791137313,0.890104743,0.82862114,0.069414242,108,-6.505909583,-9.419563848,-5.947947856,-6.545886925,-9.432428036,-6.504336115,-7.302493913,-10.51956766,-8.808016001,-9.078022688,-9.411583839,-7.777627732,-7.836933128,-8.083870564,1.400236613,119
130,2.779728651,0.123599858,0.001243866,0.00036384,0.0007,550,"{'mlp__learning_rate_init': 0.0007, 'mlp__max_iter': 550}",0.901151992,0.800240159,0.916054956,0.879558061,0.754676441,0.875816003,0.906911524,0.663603041,0.843253888,0.790502579,0.751329339,0.802015057,0.885107388,0.828478494,0.07280134,109,-6.345806096,-9.367523839,-5.72661964,-6.482266875,-9.468506295,-6.75627528,-6.911521801,-10.55409206,-8.420156893,-9.419861814,-9.847373487,-7.572387043,-8.013139777,-8.068117761,1.499174575,110
110,2.579723982,0.148304568,0.001399169,0.000512116,0.0006,550,"{'mlp__learning_rate_init': 0.0006, 'mlp__max_iter': 550}",0.902703654,0.805188735,0.918074833,0.880354941,0.750760385,0.868844065,0.909627141,0.665503493,0.847508032,0.785119211,0.742584964,0.808763333,0.88222679,0.828250737,0.073632474,110,-6.295802607,-9.250767127,-5.657303445,-6.460786957,-9.543779129,-6.94334096,-6.809962693,-10.52423751,-8.30510793,-9.540123261,-10.01901648,-7.442216589,-8.112970986,-8.06964736,1.529609811,111
29,2.856948963,0.308050807,0.001701667,0.000733034,0.0002,500,"{'mlp__learning_rate_init': 0.0002, 'mlp__max_iter': 500}",0.909614172,0.817803301,0.910049553,0.858482952,0.737750194,0.858222034,0.919535709,0.691088684,0.871498053,0.776131168,0.71106316,0.822288872,0.881552302,0.828083089,0.074299361,111,-6.068103884,-8.946248705,-5.927921842,-7.026554471,-9.789701103,-7.219030709,-6.425801648,-10.11373933,-7.623890502,-9.737601737,-10.61474573,-7.174209144,-8.13616933,-8.061824471,1.551080202,106
89,2.454003132,0.069759802,0.001152809,0.000190695,0.0005,500,"{'mlp__learning_rate_init': 0.0005, 'mlp__max_iter': 500}",0.905119534,0.813658452,0.919370765,0.877656708,0.743635512,0.866307313,0.912964479,0.672047871,0.851026328,0.779044522,0.72655715,0.816093708,0.881164946,0.828049791,0.07507847,112,-6.217148497,-9.04743694,-5.61238009,-6.533232556,-9.679229266,-7.010166695,-6.683038873,-10.42077632,-8.20874108,-9.674033287,-10.32622116,-7.298187487,-8.149462237,-8.066158038,1.574732948,109
171,3.261988456,0.33176637,0.001977425,0.000499461,0.0009,600,"{'mlp__learning_rate_init': 0.0009, 'mlp__max_iter': 600}",0.89711053,0.791974654,0.910163156,0.876597831,0.757596044,0.882890227,0.899248552,0.662218326,0.834096722,0.80603153,0.767135814,0.790414377,0.888434852,0.827993278,0.070713659,113,-6.474232649,-9.559360542,-5.924177347,-6.561444104,-9.411995162,-6.561015871,-7.19037215,-10.57579171,-8.662620306,-9.064018052,-9.52926679,-7.79107644,-7.896250908,-8.092432464,1.423588666,126
68,1.981359115,0.020540176,0.001102337,0.000160976,0.0004,450,"{'mlp__learning_rate_init': 0.0004, 'mlp__max_iter': 450}",0.907425539,0.817628014,0.918768057,0.873772071,0.738113405,0.860736316,0.917690888,0.671498226,0.863408726,0.778868176,0.711713682,0.82587314,0.878284035,0.827983098,0.0775399,114,-6.141132012,-8.950551155,-5.633317477,-6.636143436,-9.782919478,-7.154733446,-6.499047005,-10.42950524,-7.860194138,-9.677892971,-10.60278981,-7.10149207,-8.24765412,-8.055182489,1.624507253,100
14,3.93487061,0.147646068,0.001432932,0.000609119,0.0001,750,"{'mlp__learning_rate_init': 0.0001, 'mlp__max_iter': 750}",0.909928204,0.813334693,0.905980218,0.850879375,0.740967854,0.850890717,0.919315302,0.698564958,0.87626902,0.778278835,0.719823286,0.816931615,0.882366453,0.827963887,0.071416801,115,-6.057553353,-9.055293255,-6.060527499,-7.212849889,-9.729458628,-7.403325767,-6.434596387,-9.990603326,-7.481023553,-9.690780724,-10.45259576,-7.281542641,-8.108159116,-8.073716146,1.483977957,114
151,3.642592962,0.312973457,0.001623502,0.000694144,0.0008,600,"{'mlp__learning_rate_init': 0.0008, 'mlp__max_iter': 600}",0.89935484,0.792209659,0.911527951,0.878142193,0.7565407,0.881186598,0.901577747,0.66382264,0.836270114,0.801768582,0.760938932,0.792244014,0.886331725,0.827839669,0.071307121,116,-6.403232676,-9.55395944,-5.879005259,-6.520257039,-9.43246122,-6.608566052,-7.106771816,-10.55064665,-8.605691548,-9.163079077,-9.655228661,-7.756994704,-7.970329964,-8.09278647,1.450512111,127
48,2.000432069,0.057265798,0.001022761,0.000209388,0.0003,450,"{'mlp__learning_rate_init': 0.0003, 'mlp__max_iter': 450}",0.908706304,0.819494873,0.915714047,0.866688858,0.738583162,0.857445411,0.919520473,0.678466625,0.868374786,0.777456229,0.705634926,0.82689242,0.878260326,0.827787572,0.076991411,117,-6.098502861,-8.904621949,-5.73823603,-6.819794067,-9.774141523,-7.238775695,-6.426410006,-10.3182935,-7.715984385,-9.708740925,-10.71399097,-7.080676685,-8.248457363,-8.060509689,1.611155837,105
191,3.055619221,0.20630221,0.001451914,0.000487595,0.001,600,"{'mlp__learning_rate_init': 0.001, 'mlp__max_iter': 600}",0.895440295,0.792827452,0.90908475,0.875922598,0.75816457,0.884271454,0.896223682,0.662124206,0.830987089,0.809887998,0.770485326,0.785584602,0.889355881,0.827719992,0.07020674,118,-6.526570163,-9.539746162,-5.959628325,-6.579371103,-9.400951407,-6.522209843,-7.297512558,-10.57726505,-8.743427977,-8.973460581,-9.460484203,-7.880335483,-7.863589492,-8.101888642,1.401557497,131
90,2.679676074,0.034943636,0.001345543,0.000379469,0.0005,550,"{'mlp__learning_rate_init': 0.0005, 'mlp__max_iter': 550}",0.903962239,0.810499158,0.920123844,0.878832558,0.745001625,0.863818008,0.913729619,0.668740672,0.851024694,0.779687893,0.731220856,0.812791201,0.880165109,0.827661344,0.075045354,119,-6.254950102,-9.12381115,-5.586108751,-6.501761092,-9.653405515,-7.075128952,-6.653598335,-10.47318815,-8.208786095,-9.659938755,-10.23778297,-7.363424697,-8.18367378,-8.07504295,1.570662552,115
210,3.43528665,0.042298961,0.001791514,0.000701757,0.0011,550,"{'mlp__learning_rate_init': 0.0011, 'mlp__max_iter': 550}",0.894997288,0.796479222,0.909674362,0.875852783,0.757156617,0.885751192,0.895773436,0.656489148,0.830778884,0.808139773,0.775560349,0.781475153,0.890574388,0.827592507,0.071271964,120,-6.540381714,-9.455295205,-5.940271938,-6.581221839,-9.420522283,-6.48037829,-7.313325974,-10.66510359,-8.748811769,-9.014625072,-9.355304523,-7.955493668,-7.820169366,-8.099300402,1.407080415,128
15,4.087277027,0.141591791,0.001418719,0.000625962,0.0001,800,"{'mlp__learning_rate_init': 0.0001, 'mlp__max_iter': 800}",0.90954704,0.815698882,0.904715664,0.851310718,0.739904357,0.851882853,0.919057294,0.69744491,0.874278415,0.777808257,0.717425571,0.817187325,0.882137116,0.827569108,0.071699238,121,-6.07035695,-8.997766107,-6.10114803,-7.20241049,-9.749411086,-7.378654705,-6.444876239,-10.00914726,-7.540961426,-9.70105907,-10.49722643,-7.276455425,-8.116059062,-8.083502484,1.484515957,118
16,4.404291006,0.287931772,0.001536681,0.000602413,0.0001,850,"{'mlp__learning_rate_init': 0.0001, 'mlp__max_iter': 850}",0.909542268,0.818396776,0.905369403,0.851514055,0.738773839,0.851991722,0.918325156,0.696351996,0.874713454,0.77681097,0.714938321,0.818436727,0.882080089,0.827480367,0.072273545,122,-6.070517053,-8.931666385,-6.080182234,-7.197484051,-9.770576252,-7.375942498,-6.473958014,-10.02720889,-7.527902978,-9.722805848,-10.54332406,-7.251547948,-8.118022283,-8.083933731,1.494229057,120
30,2.776248492,0.230411444,0.001333292,0.000582605,0.0002,550,"{'mlp__learning_rate_init': 0.0002, 'mlp__max_iter': 550}",0.909182688,0.82085568,0.913637376,0.859156963,0.737877529,0.85567204,0.919842101,0.688462598,0.870190788,0.773985614,0.70703165,0.820113043,0.880335051,0.827411009,0.075379683,123,-6.082570604,-8.870993008,-5.808496352,-7.009801615,-9.787324127,-7.283661525,-6.413555906,-10.1566373,-7.662571718,-9.784152936,-10.68854251,-7.2179947,-8.177868957,-8.072628558,1.573673294,113
131,3.039065031,0.080501553,0.001531436,0.000547,0.0007,600,"{'mlp__learning_rate_init': 0.0007, 'mlp__max_iter': 600}",0.900530268,0.795817277,0.912857014,0.877950773,0.754415079,0.875282828,0.904141028,0.663990396,0.84054052,0.794937732,0.752634817,0.797383705,0.885327994,0.827369956,0.072051348,124,-6.365731421,-9.470659256,-5.834679765,-6.525376176,-9.47354872,-6.770763536,-7.013617943,-10.54801388,-8.492723161,-9.319617097,-9.821490968,-7.660443382,-8.005443028,-8.10016218,1.471038175,129
172,3.535733553,0.320441176,0.001672855,0.001609915,0.0009,650,"{'mlp__learning_rate_init': 0.0009, 'mlp__max_iter': 650}",0.895517043,0.793114006,0.908667073,0.876120741,0.754402106,0.8849553,0.897085664,0.661957422,0.827428054,0.807155543,0.76994079,0.790371943,0.888956341,0.827359387,0.070456637,125,-6.524174438,-9.533146352,-5.973302301,-6.574115602,-9.47379894,-6.502911237,-7.267142216,-10.57987531,-8.835006914,-9.037717692,-9.47170031,-7.791865117,-7.877774578,-8.110963924,1.417300538,138
69,2.26521956,0.121876604,0.001230075,0.000397644,0.0004,500,"{'mlp__learning_rate_init': 0.0004, 'mlp__max_iter': 500}",0.906871962,0.817696686,0.9183905,0.87302876,0.736912563,0.862895108,0.915678185,0.675947663,0.855947953,0.775752228,0.714804187,0.821859225,0.879699656,0.827344975,0.076397814,126,-6.159466015,-8.948865834,-5.646393817,-6.655653693,-9.805322871,-7.099062417,-6.578027655,-10.35863251,-8.072006687,-9.7458396,-10.54580431,-7.182876353,-8.199551554,-8.076731024,1.604222925,117
152,3.629344775,0.226095338,0.001507044,0.000597679,0.0008,650,"{'mlp__learning_rate_init': 0.0008, 'mlp__max_iter': 650}",0.897999871,0.792601568,0.910000532,0.877702163,0.753267797,0.883501446,0.899278039,0.664183699,0.829836534,0.802530276,0.764460522,0.793293943,0.88676896,0.827340412,0.070857965,127,-6.446191407,-9.544945435,-5.929536937,-6.53201877,-9.495651393,-6.543871859,-7.189319893,-10.54497935,-8.773137909,-9.145457807,-9.583849603,-7.737369255,-7.954985905,-8.109331963,1.442976876,137
49,2.228453691,0.049157788,0.001328908,0.000439926,0.0003,500,"{'mlp__learning_rate_init': 0.0003, 'mlp__max_iter': 500}",0.90850754,0.820675159,0.915742126,0.8671503,0.736053566,0.859960499,0.918127141,0.680914795,0.86292676,0.774217639,0.706408813,0.824092491,0.879496318,0.82725178,0.07673923,128,-6.105138072,-8.87546145,-5.737280125,-6.807980857,-9.821317339,-7.174634737,-6.481801103,-10.27893645,-7.874049378,-9.779129477,-10.69989815,-7.137710209,-8.206478289,-8.075370433,1.607137741,116
17,4.838191308,0.436271681,0.001741061,0.00100078,0.0001,900,"{'mlp__learning_rate_init': 0.0001, 'mlp__max_iter': 900}",0.909456599,0.820123531,0.907154573,0.851590537,0.736944025,0.851704861,0.918408669,0.69502124,0.873050329,0.775846516,0.714282432,0.81866304,0.881482818,0.827209936,0.072774702,129,-6.073390951,-8.889102044,-6.02255905,-7.195630157,-9.80473656,-7.383086842,-6.470647326,-10.0491573,-7.577703095,-9.743790499,-10.55544649,-7.247027132,-8.138555427,-8.088525606,1.50560399,124
111,2.823228231,0.168949267,0.001241996,0.000401129,0.0006,600,"{'mlp__learning_rate_init': 0.0006, 'mlp__max_iter': 600}",0.902159136,0.801277781,0.914703245,0.879060736,0.750703764,0.868329989,0.906745254,0.664622081,0.845059868,0.789169121,0.744441244,0.804194707,0.882953576,0.827186193,0.072954992,130,-6.313395217,-9.343163076,-5.772541454,-6.49563625,-9.544863125,-6.956935153,-6.917691554,-10.53809428,-8.371509147,-9.449793114,-9.982826394,-7.530588826,-8.087899406,-8.100379769,1.499484748,130
192,3.150198368,0.162975355,0.001433721,0.000362782,0.001,650,"{'mlp__learning_rate_init': 0.001, 'mlp__max_iter': 650}",0.893735994,0.794530614,0.907826298,0.875669079,0.754646148,0.886140509,0.894406937,0.661325223,0.824265866,0.811067069,0.772732034,0.78434659,0.889934449,0.826971293,0.070230622,131,-6.579546026,-9.500452193,-6.000733263,-6.586089259,-9.469090873,-6.469327503,-7.361111818,-10.58976381,-8.915585272,-8.945590683,-9.414066212,-7.903052865,-7.843002867,-8.121339434,1.399345017,144
70,2.442511283,0.041872929,0.001336978,0.000546681,0.0004,550,"{'mlp__learning_rate_init': 0.0004, 'mlp__max_iter': 550}",0.905897574,0.816289143,0.920217105,0.87450555,0.73788001,0.859701959,0.916555289,0.67360374,0.854916656,0.775453588,0.71814124,0.818971162,0.877961181,0.826930323,0.076357535,132,-6.191605056,-8.98334599,-5.582846702,-6.616834878,-9.787277798,-7.181254579,-6.543726338,-10.39602784,-8.100849679,-9.752326927,-10.48392497,-7.24086756,-8.258585415,-8.086113364,1.605684043,123
132,3.392606589,0.209910866,0.001557809,0.00052939,0.0007,650,"{'mlp__learning_rate_init': 0.0007, 'mlp__max_iter': 650}",0.899189008,0.795251254,0.911176904,0.877149661,0.751044175,0.877879419,0.901728601,0.664830373,0.834335891,0.795357029,0.756610888,0.799310372,0.885723271,0.826891296,0.071406762,133,-6.408505774,-9.483777158,-5.890657333,-6.546756919,-9.538344187,-6.6999097,-7.101323398,-10.53482134,-8.656373969,-9.310084166,-9.742237409,-7.62393502,-7.991633653,-8.117566156,1.460498253,141
31,2.706980008,0.073527638,0.001155615,0.000497326,0.0002,600,"{'mlp__learning_rate_init': 0.0002, 'mlp__max_iter': 600}",0.908364105,0.818986637,0.911783755,0.861043746,0.735775691,0.854292963,0.918803718,0.688396939,0.867483762,0.775569124,0.707126409,0.821824728,0.879267841,0.826824571,0.07501239,134,-6.109921772,-8.917149212,-5.870499969,-6.962690422,-9.826485773,-7.318377068,-6.454963544,-10.15770755,-7.742056658,-9.749817659,-10.68681379,-7.183571805,-8.214254424,-8.091869973,1.564459682,125
112,2.980045704,0.10220109,0.001140558,0.000744317,0.0006,650,"{'mlp__learning_rate_init': 0.0006, 'mlp__max_iter': 650}",0.900962565,0.800268388,0.913105312,0.877791113,0.747287722,0.870957633,0.90429597,0.665806611,0.839398037,0.789112663,0.748880575,0.806724677,0.883167663,0.826750687,0.072153731,135,-6.351883574,-9.366861926,-5.826361405,-6.529642904,-9.610036022,-6.887168036,-7.007947397,-10.51946793,-8.523092858,-9.451058306,-9.895740313,-7.481779852,-8.08049932,-8.117810758,1.485866235,142
50,2.431811131,0.03155852,0.001288634,0.000430218,0.0003,550,"{'mlp__learning_rate_init': 0.0003, 'mlp__max_iter': 550}",0.90787675,0.821755712,0.918642756,0.868570957,0.736516371,0.856375519,0.918935788,0.678764928,0.86140533,0.772930121,0.706737596,0.821341903,0.877568757,0.826724807,0.077126109,136,-6.126147701,-8.848680744,-5.637660516,-6.771481704,-9.812703174,-7.265888934,-6.449711743,-10.31350597,-7.917627398,-9.806972452,-10.69390523,-7.193298352,-8.27185278,-8.085341285,1.61866642,122
91,2.925376342,0.054257047,0.0013564,0.000471614,0.0005,600,"{'mlp__learning_rate_init': 0.0005, 'mlp__max_iter': 600}",0.903362291,0.806978484,0.916854959,0.878304109,0.744928999,0.863016947,0.910957715,0.667015923,0.848778821,0.783232953,0.733645619,0.808269889,0.881305077,0.826665522,0.074430181,137,-6.274457032,-9.208175257,-5.699266736,-6.515923773,-9.654780113,-7.095907402,-6.759644717,-10.50041783,-8.270430282,-9.581904137,-10.19149881,-7.451811889,-8.144655852,-8.103759525,1.540204538,132
18,5.407283948,0.230041107,0.001738218,0.000562582,0.0001,950,"{'mlp__learning_rate_init': 0.0001, 'mlp__max_iter': 950}",0.908911096,0.818618204,0.908182358,0.851529935,0.734908443,0.852140628,0.917661395,0.696713564,0.871220785,0.775987495,0.712068043,0.81539703,0.881686159,0.826540395,0.072942808,138,-6.091658886,-8.926219543,-5.989131867,-7.197099167,-9.84259901,-7.372231209,-6.500211278,-10.02123717,-7.632111065,-9.740725892,-10.59627134,-7.311998004,-8.131570724,-8.104081935,1.508127756,134
211,3.783139852,0.062804676,0.001694294,0.000729012,0.0011,600,"{'mlp__learning_rate_init': 0.0011, 'mlp__max_iter': 600}",0.893933051,0.792809809,0.90794312,0.87348778,0.75514647,0.884250117,0.893795563,0.662071766,0.82737928,0.812178888,0.775375948,0.776627094,0.889896207,0.826530392,0.07007728,139,-6.57344261,-9.540152368,-5.996929347,-6.643612206,-9.459431334,-6.52281107,-7.38239114,-10.57808582,-8.836255353,-8.919230658,-9.359146921,-8.043257432,-7.844365247,-8.130700885,1.381047978,148
92,3.313683051,0.206678949,0.001385432,0.000496827,0.0005,650,"{'mlp__learning_rate_init': 0.0005, 'mlp__max_iter': 650}",0.902282224,0.806114458,0.915557063,0.877068456,0.741565939,0.865345193,0.908869025,0.668114382,0.84369088,0.78262258,0.738565913,0.811331266,0.8811147,0.826326314,0.073592365,140,-6.309422686,-9.228761602,-5.743577313,-6.548920297,-9.718219864,-7.035345826,-6.838466599,-10.48308395,-8.408411439,-9.595385035,-10.0969276,-7.392080532,-8.151184931,-8.119214437,1.52616941,143
33,3.112392957,0.065823338,0.001032371,0.000342401,0.0002,700,"{'mlp__learning_rate_init': 0.0002, 'mlp__max_iter': 700}",0.908911639,0.824311853,0.913174392,0.862261715,0.732476171,0.856460643,0.916652988,0.686512878,0.865305633,0.772387399,0.702518682,0.824384045,0.876349357,0.826285184,0.076129518,141,-6.09164073,-8.785003646,-5.824045025,-6.932108839,-9.887649875,-7.263735414,-6.53989445,-10.18836979,-7.80542423,-9.818685327,-10.77055256,-7.131792623,-8.312944042,-8.103988196,1.590645611,133
19,6.006593246,0.346842978,0.001795549,0.000581184,0.0001,1000,"{'mlp__learning_rate_init': 0.0001, 'mlp__max_iter': 1000}",0.908844357,0.818655925,0.908325171,0.852520284,0.734801381,0.850825359,0.917795866,0.695134568,0.869607286,0.774734242,0.710280061,0.817866134,0.880996172,0.826183601,0.073324772,142,-6.093890067,-8.92529132,-5.984472302,-7.173055376,-9.844586355,-7.404948109,-6.494901239,-10.04729002,-7.679774321,-9.767935457,-10.62912044,-7.262933626,-8.155247257,-8.112572761,1.518905266,139
32,2.88444343,0.047603969,0.001340793,0.000728213,0.0002,650,"{'mlp__learning_rate_init': 0.0002, 'mlp__max_iter': 650}",0.908310679,0.818210475,0.91235414,0.861880189,0.733121258,0.85516341,0.918249457,0.687765949,0.864804827,0.773523557,0.706215724,0.823247261,0.877015668,0.826143276,0.075393074,143,-6.111702641,-8.93624655,-5.851490584,-6.941702949,-9.875721509,-7.296484506,-6.476957445,-10.16798693,-7.81992142,-9.794149046,-10.70341611,-7.154837886,-8.290515958,-8.109317964,1.579060137,136
153,3.789462915,0.132510209,0.001619174,0.00073253,0.0008,700,"{'mlp__learning_rate_init': 0.0008, 'mlp__max_iter': 700}",0.897483524,0.78798511,0.909311354,0.877822551,0.754047736,0.882795082,0.896525406,0.662427672,0.828114353,0.803741015,0.763446476,0.789308904,0.886402577,0.826108597,0.071101966,144,-6.462486828,-9.650590697,-5.952196576,-6.528802976,-9.480631288,-6.563680561,-7.286896255,-10.57251394,-8.817421502,-9.117378108,-9.604457685,-7.811596698,-7.967845541,-8.139730666,1.44386364,152
173,3.245398265,0.145487605,0.001399627,0.000443729,0.0009,700,"{'mlp__learning_rate_init': 0.0009, 'mlp__max_iter': 700}",0.894891596,0.789064517,0.907891235,0.875881495,0.754897256,0.883828829,0.894298494,0.660770371,0.825315124,0.808261135,0.76879857,0.785720871,0.888450175,0.826005359,0.070590629,145,-6.54367253,-9.625992875,-5.998619114,-6.580460787,-9.464244044,-6.534670615,-7.364890741,-10.59843488,-8.888929233,-9.011773499,-9.49518419,-7.877830959,-7.895708617,-8.144647084,1.415166486,155
71,2.638451925,0.024795976,0.001246379,0.000461444,0.0004,600,"{'mlp__learning_rate_init': 0.0004, 'mlp__max_iter': 600}",0.905246025,0.813097774,0.917249157,0.874957038,0.737273194,0.858281301,0.914181067,0.672045807,0.852525126,0.778249622,0.720432677,0.815577642,0.878885354,0.826000137,0.075750374,146,-6.213002885,-9.061038016,-5.685740303,-6.604921538,-9.798600169,-7.217521684,-6.636166549,-10.42080913,-8.167343316,-9.691419118,-10.44122225,-7.308420157,-8.227255781,-8.113343145,1.578708949,140
51,2.643061491,0.047876884,0.001175679,0.000358856,0.0003,600,"{'mlp__learning_rate_init': 0.0003, 'mlp__max_iter': 600}",0.907176215,0.818951133,0.916167486,0.869883148,0.735369171,0.854345294,0.917169656,0.678011524,0.85881325,0.77521985,0.70834983,0.820266025,0.877695217,0.825955215,0.07652411,147,-6.149396172,-8.918023673,-5.722780029,-6.737593579,-9.834042089,-7.31706274,-6.51959253,-10.3255932,-7.991324494,-9.757401352,-10.66446942,-7.214924846,-8.267579639,-8.109214136,1.598023297,135
113,3.417193615,0.178381906,0.001635882,0.00075068,0.0006,700,"{'mlp__learning_rate_init': 0.0006, 'mlp__max_iter': 700}",0.900672141,0.795820686,0.912425653,0.877906867,0.748604225,0.87065175,0.90147227,0.662797452,0.838606275,0.790297036,0.748043112,0.804387591,0.883170041,0.825758084,0.072436233,148,-6.361190093,-9.470580175,-5.849102887,-6.526549805,-9.584971626,-6.895325913,-7.110578907,-10.56672174,-8.544076297,-9.424481704,-9.912227342,-7.5268788,-8.080417114,-8.142546339,1.48596579,153
133,3.811241223,0.156674419,0.001253385,0.000523433,0.0007,700,"{'mlp__learning_rate_init': 0.0007, 'mlp__max_iter': 700}",0.898729899,0.790361156,0.910388611,0.877402719,0.751999449,0.877405465,0.898972835,0.662353328,0.832986819,0.796624522,0.755567927,0.796089325,0.885518786,0.825723142,0.07171303,149,-6.423081895,-9.596361366,-5.916738975,-6.540010654,-9.520026715,-6.712898402,-7.200204044,-10.57367808,-8.691548721,-9.281207544,-9.763088625,-7.684873153,-7.99878052,-8.146346053,1.461987242,157
72,2.876432804,0.041564967,0.001366377,0.000525428,0.0004,650,"{'mlp__learning_rate_init': 0.0004, 'mlp__max_iter': 650}",0.904444528,0.812614912,0.916350475,0.87418144,0.733804955,0.859902939,0.912549857,0.67269124,0.847797423,0.776751093,0.72539238,0.818775711,0.877891663,0.825626817,0.075052163,150,-6.239224563,-9.072735069,-5.716530791,-6.625373882,-9.863063467,-7.176109076,-6.698938395,-10.41054969,-8.297223688,-9.724109975,-10.34819082,-7.244775374,-8.260937299,-8.129058622,1.569052928,147
212,4.065961581,0.043827082,0.001836997,0.000767882,0.0011,650,"{'mlp__learning_rate_init': 0.0011, 'mlp__max_iter': 650}",0.892163999,0.794576022,0.906781254,0.873121993,0.751193299,0.885655452,0.892365812,0.660840465,0.820700187,0.813373423,0.777201667,0.774337917,0.890503427,0.825601148,0.070353248,151,-6.628033942,-9.499402345,-6.034654846,-6.653209673,-9.535487036,-6.483092977,-7.431916817,-10.59733986,-9.005580518,-8.890822424,-9.32103427,-8.084366944,-7.822704577,-8.152895864,1.381723592,158
93,3.409298952,0.057705883,0.001560926,0.000695572,0.0005,700,"{'mlp__learning_rate_init': 0.0005, 'mlp__max_iter': 700}",0.902098824,0.802477701,0.915310806,0.877345774,0.743286899,0.865235353,0.906050853,0.664575313,0.843809718,0.783644173,0.737952495,0.809679664,0.881341658,0.82560071,0.073899423,152,-6.315340797,-9.314912523,-5.751946076,-6.541529353,-9.685808098,-7.038214666,-6.943399306,-10.53882902,-8.405214479,-9.57281111,-10.10876617,-7.424365087,-8.143400704,-8.137272107,1.525898799,150
193,4.329007809,1.200965949,0.001685326,0.00146914,0.001,700,"{'mlp__learning_rate_init': 0.001, 'mlp__max_iter': 700}",0.892989639,0.791026559,0.907139839,0.875470155,0.754639819,0.884882408,0.891590854,0.660778689,0.821837179,0.811892226,0.77140689,0.77916059,0.889386096,0.825553919,0.070332882,153,-6.602611619,-9.581119627,-6.02303688,-6.591355877,-9.469213009,-6.504971024,-7.458623447,-10.59830494,-8.976981615,-8.926034557,-9.441471886,-7.997514025,-7.862515736,-8.156442634,1.39708177,160
52,2.875233173,0.046946567,0.001318858,0.000341335,0.0003,650,"{'mlp__learning_rate_init': 0.0003, 'mlp__max_iter': 650}",0.906766511,0.819003444,0.915828745,0.870071051,0.731971453,0.855139151,0.916094129,0.677861874,0.854782222,0.773044754,0.711623235,0.823483567,0.875736555,0.825492822,0.076222038,154,-6.162952297,-8.916735221,-5.734330353,-6.732726915,-9.896972653,-7.297095521,-6.561783477,-10.32799243,-8.104601937,-9.804496698,-10.60445293,-7.150053526,-8.33351768,-8.125208587,1.598440291,145
1,0.4747483,0.057543506,0.001337657,0.000464326,0.0001,100,"{'mlp__learning_rate_init': 0.0001, 'mlp__max_iter': 100}",0.911909252,0.760880415,0.889560724,0.839634835,0.772149218,0.846189943,0.909321373,0.70650643,0.871324458,0.816675767,0.765504182,0.774000457,0.865916283,0.825351795,0.062307137,155,-5.990567773,-10.24892439,-6.568445232,-7.479852849,-9.125088931,-7.519117751,-6.821473394,-9.858120964,-7.629038351,-8.811810112,-9.562593339,-8.090409471,-8.65654691,-8.181691498,1.271050828,174
53,3.087622826,0.042871493,0.00136225,0.000511151,0.0003,700,"{'mlp__learning_rate_init': 0.0003, 'mlp__max_iter': 700}",0.907120033,0.821398794,0.916646707,0.87030596,0.732541971,0.855900053,0.913886369,0.674243829,0.856265931,0.772703855,0.709331614,0.822664965,0.875844981,0.825296543,0.076972058,156,-6.151256855,-8.857535642,-5.706399693,-6.726637838,-9.886433836,-7.277905782,-6.647550914,-10.38582912,-8.063092739,-9.811857357,-10.64650434,-7.166613676,-8.329881194,-8.127499922,1.605745462,146
73,3.200239603,0.206965101,0.001291935,0.000445092,0.0004,700,"{'mlp__learning_rate_init': 0.0004, 'mlp__max_iter': 700}",0.904517064,0.811505666,0.916713977,0.874575728,0.735395938,0.860132264,0.909963351,0.668918692,0.848774199,0.777144938,0.724480096,0.817354887,0.878173767,0.82520389,0.07547924,157,-6.236856048,-9.099548944,-5.704096579,-6.614984506,-9.833544721,-7.170233386,-6.79728349,-10.4703736,-8.27055669,-9.715528794,-10.36536561,-7.273119955,-8.251389232,-8.138683196,1.570387329,151
34,3.326139817,0.070112832,0.001134322,0.000473996,0.0002,750,"{'mlp__learning_rate_init': 0.0002, 'mlp__max_iter': 750}",0.908116061,0.82070122,0.914182152,0.862885369,0.731042312,0.853369801,0.916421124,0.683850574,0.862914645,0.772455441,0.703057144,0.820622396,0.875871654,0.825037684,0.076412329,158,-6.118185481,-8.874816505,-5.790147363,-6.916397365,-9.914112114,-7.341524139,-6.548984832,-10.23154093,-7.874397338,-9.817217625,-10.76080041,-7.20776853,-8.328986354,-8.132682999,1.593107369,149
154,4.048117381,0.29151716,0.001893117,0.000760828,0.0008,750,"{'mlp__learning_rate_init': 0.0008, 'mlp__max_iter': 750}",0.896704989,0.782474199,0.906775027,0.877372856,0.752565016,0.884393707,0.895698586,0.663107584,0.823721787,0.805939848,0.762063021,0.784931281,0.886501475,0.824788414,0.071293188,159,-6.486979263,-9.775210162,-6.034856399,-6.54080713,-9.509165264,-6.518763978,-7.315951516,-10.56186141,-8.929376101,-9.066159909,-9.632501995,-7.892331993,-7.964376397,-8.171410886,1.447298048,166
35,3.695229384,0.208618162,0.001311431,0.000341541,0.0002,800,"{'mlp__learning_rate_init': 0.0002, 'mlp__max_iter': 800}",0.907641691,0.821921579,0.913450191,0.863213996,0.731422327,0.851968861,0.916146767,0.683668045,0.859979425,0.772503644,0.704101291,0.819855493,0.874945414,0.824678363,0.075957993,160,-6.133958343,-8.844562662,-5.814787701,-6.908104024,-9.907105713,-7.376512102,-6.559724908,-10.23449409,-7.958252664,-9.816177749,-10.74186453,-7.223159989,-8.360003867,-8.144516026,1.582004036,154
174,3.612311327,0.154710869,0.00144522,0.00052503,0.0009,750,"{'mlp__learning_rate_init': 0.0009, 'mlp__max_iter': 750}",0.89398532,0.783851074,0.905491685,0.875046335,0.753294102,0.885305873,0.893370583,0.661753424,0.820908066,0.810299569,0.767165124,0.781528772,0.888493341,0.824653328,0.070730028,161,-6.571822725,-9.744223944,-6.076252547,-6.602562746,-9.495145191,-6.492995617,-7.397146817,-10.58306715,-9.000358492,-8.963742035,-9.528667062,-7.954517592,-7.8941808,-8.177283286,1.418256114,169
36,3.854954866,0.161062428,0.001324379,0.000506734,0.0002,850,"{'mlp__learning_rate_init': 0.0002, 'mlp__max_iter': 850}",0.907304919,0.823670731,0.914133641,0.864107695,0.730113113,0.851839801,0.914981552,0.682640436,0.859506878,0.772221957,0.70437967,0.819957787,0.875580962,0.824649165,0.076180289,162,-6.145131495,-8.801018199,-5.791783669,-6.885499791,-9.931223049,-7.37972699,-6.605144246,-10.25110407,-7.971670288,-9.822253079,-10.73681042,-7.221108875,-8.338733357,-8.144708271,1.583294425,156
20,0.281118961,0.005505445,0.001530904,0.000513762,0.0002,50,"{'mlp__learning_rate_init': 0.0002, 'mlp__max_iter': 50}",0.911784279,0.767789954,0.888836822,0.837326038,0.771096101,0.843644249,0.909634146,0.702733644,0.875035689,0.815873376,0.765221034,0.764701393,0.866301081,0.824613677,0.063182861,163,-5.994815629,-10.09976381,-6.589937318,-7.533504625,-9.146152508,-7.581086445,-6.809698735,-9.921280469,-7.518215929,-8.831073237,-9.568364894,-8.255177199,-8.644116573,-8.191783644,1.259345772,181
114,3.877273083,0.144443643,0.001643878,0.000669386,0.0006,750,"{'mlp__learning_rate_init': 0.0006, 'mlp__max_iter': 750}",0.899910923,0.789643362,0.909376105,0.877492416,0.74701032,0.872189753,0.900709959,0.662522896,0.834577642,0.792328916,0.747603219,0.799445422,0.883782667,0.824353354,0.07255183,164,-6.385518672,-9.61277609,-5.950071271,-6.537617759,-9.615309029,-6.854209202,-7.138033235,-10.57102267,-8.650055613,-9.378712141,-9.920876472,-7.621369394,-8.059203431,-8.176521152,1.482683277,168
134,4.032825048,0.149506892,0.001284122,0.000426962,0.0007,750,"{'mlp__learning_rate_init': 0.0007, 'mlp__max_iter': 750}",0.897911119,0.784302514,0.907493782,0.877087106,0.750479222,0.879171399,0.898192368,0.662484625,0.828756117,0.798802949,0.75448088,0.791382309,0.885762444,0.824331295,0.071916947,165,-6.448995275,-9.734042923,-6.011547316,-6.548423517,-9.549160706,-6.664374471,-7.227962479,-10.57162204,-8.80094545,-9.231366574,-9.784773909,-7.773064807,-7.990263814,-8.179734099,1.463437687,171
94,3.806142202,0.279040535,0.001575066,0.000569028,0.0005,750,"{'mlp__learning_rate_init': 0.0005, 'mlp__max_iter': 750}",0.901256761,0.796589195,0.912605175,0.877052747,0.741825155,0.866197209,0.905421662,0.66378356,0.840011198,0.785454986,0.738459535,0.804572482,0.882171718,0.824261645,0.073921616,166,-6.342442239,-9.452740257,-5.843104662,-6.549338726,-9.713344829,-7.013052736,-6.966611001,-10.55125987,-8.506807169,-9.532666605,-10.09898161,-7.523320792,-8.114867618,-8.169887548,1.518548435,165
37,4.120857496,0.205903961,0.001500717,0.000576668,0.0002,900,"{'mlp__learning_rate_init': 0.0002, 'mlp__max_iter': 900}",0.90773177,0.825044488,0.913967606,0.863362711,0.727588651,0.851576277,0.914820089,0.67886739,0.85821042,0.771715058,0.706940256,0.8198685,0.875075674,0.824212991,0.076588466,167,-6.130966325,-8.766667401,-5.797380587,-6.904347715,-9.977562176,-7.386287004,-6.611413358,-10.31186103,-8.008366754,-9.833176268,-10.69020957,-7.222899213,-8.355648752,-8.153598935,1.586355821,159
194,4.512784206,0.120808053,0.001737925,0.00060858,0.001,750,"{'mlp__learning_rate_init': 0.001, 'mlp__max_iter': 750}",0.892034966,0.786072368,0.905072629,0.874310618,0.752836264,0.886249031,0.890769233,0.661797635,0.817577783,0.813627029,0.769630735,0.774842472,0.889400563,0.824170871,0.070534402,168,-6.631998195,-9.694025495,-6.089708922,-6.621971888,-9.503951682,-6.466243746,-7.486834167,-10.58237548,-9.083655598,-8.884779536,-9.47808074,-8.075324026,-7.862001558,-8.189303926,1.401546468,177
54,3.305958069,0.02533962,0.001480231,0.00051104,0.0003,750,"{'mlp__learning_rate_init': 0.0003, 'mlp__max_iter': 750}",0.906425207,0.817386941,0.915822381,0.8706488,0.731398737,0.85425637,0.913328295,0.672391393,0.85295053,0.773234991,0.710982187,0.818529076,0.876165293,0.824116939,0.076881267,169,-6.17422249,-8.956464949,-5.734547106,-6.717741186,-9.907540803,-7.319295988,-6.669056426,-10.41531714,-8.155555128,-9.800386699,-10.61623299,-7.249703524,-8.319128987,-8.156553339,1.597797215,161
213,4.416662455,0.067247248,0.001913841,0.000648629,0.0011,700,"{'mlp__learning_rate_init': 0.0011, 'mlp__max_iter': 700}",0.891274808,0.791548247,0.906002825,0.872809189,0.75085292,0.88403639,0.889578934,0.661135281,0.817714003,0.81400488,0.775774674,0.768744146,0.889805606,0.824098608,0.070336965,170,-6.655304464,-9.569152833,-6.059798838,-6.661406011,-9.542007304,-6.528830316,-7.52751603,-10.59273297,-9.080263444,-8.875768505,-9.3508366,-8.183952298,-7.847592038,-8.19039705,1.377254668,179
74,3.64358361,0.205004941,0.001478782,0.000467586,0.0004,750,"{'mlp__learning_rate_init': 0.0004, 'mlp__max_iter': 750}",0.903714176,0.806421923,0.914704215,0.874724539,0.73414167,0.860085005,0.909406138,0.667741482,0.845126769,0.778270189,0.725890453,0.81242389,0.878970721,0.823970859,0.075381066,171,-6.263023102,-9.221441185,-5.772508633,-6.61105914,-9.856823513,-7.171444623,-6.818284334,-10.48897158,-8.369701595,-9.690969666,-10.33880198,-7.370644838,-8.224355782,-8.169079228,1.560730732,163
155,4.33739686,0.255859837,0.001255604,0.00055443,0.0008,800,"{'mlp__learning_rate_init': 0.0008, 'mlp__max_iter': 800}",0.89644078,0.784420537,0.906397035,0.876849583,0.751807354,0.881449653,0.892903365,0.660342862,0.823907228,0.808312653,0.765050062,0.776438774,0.887140662,0.823958504,0.071473562,172,-6.495270209,-9.731379486,-6.047078537,-6.554747705,-9.523712992,-6.601246247,-7.413335121,-10.60511104,-8.924678103,-9.010562729,-9.571848215,-8.046647253,-7.941918317,-8.189810458,1.426606906,178
95,4.363221517,0.21352754,0.001143034,0.000568627,0.0005,800,"{'mlp__learning_rate_init': 0.0005, 'mlp__max_iter': 800}",0.900905713,0.796829808,0.912058105,0.876447656,0.742252054,0.863558834,0.903683376,0.663528585,0.840061307,0.786807276,0.741366902,0.799900791,0.883063267,0.823881821,0.073403202,173,-6.353706443,-9.447147825,-5.861364329,-6.565435378,-9.705310859,-7.081858248,-7.030340308,-10.55525997,-8.5054749,-9.502576635,-10.04269301,-7.612712131,-8.084108702,-8.180614519,1.495525167,173
115,4.161736195,0.190810603,0.001563879,0.000596733,0.0006,800,"{'mlp__learning_rate_init': 0.0006, 'mlp__max_iter': 800}",0.899642585,0.790339039,0.908676261,0.87698307,0.746766819,0.86960594,0.898497964,0.661674162,0.834800225,0.794005802,0.750412155,0.79335742,0.884587726,0.82379609,0.072226883,174,-6.394072693,-9.596867549,-5.973001836,-6.551194285,-9.619935261,-6.92314493,-7.217106239,-10.58430706,-8.644234139,-9.34077014,-9.865517057,-7.736181131,-8.031241158,-8.190582575,1.459804278,180
56,3.749829806,0.048525621,0.00106696,0.000599668,0.0003,850,"{'mlp__learning_rate_init': 0.0003, 'mlp__max_iter': 850}",0.905178858,0.817692346,0.915654899,0.870710027,0.732533674,0.852016296,0.911059087,0.671734499,0.849587779,0.773934924,0.71614459,0.815538316,0.87745974,0.823788079,0.075879614,175,-6.215204568,-8.948972353,-5.740249083,-6.716151121,-9.886587182,-7.375330137,-6.755795787,-10.42575389,-8.248279282,-9.785250056,-10.52099282,-7.309199349,-8.275534745,-8.169484645,1.569085958,164
55,3.518847044,0.036585749,0.001203042,0.000352384,0.0003,800,"{'mlp__learning_rate_init': 0.0003, 'mlp__max_iter': 800}",0.90594398,0.817554832,0.915565146,0.870394114,0.732325182,0.851101395,0.912594963,0.67257046,0.851554323,0.773551918,0.713728855,0.815699548,0.876401832,0.823768196,0.07620307,176,-6.190078186,-8.952346804,-5.743302424,-6.724351369,-9.890439758,-7.398093811,-6.697210519,-10.41247031,-8.194181374,-9.793535792,-10.56566711,-7.306004274,-8.311179919,-8.167604743,1.578862103,162
75,4.02887735,0.216258109,0.001357097,0.000487812,0.0004,800,"{'mlp__learning_rate_init': 0.0004, 'mlp__max_iter': 800}",0.903346387,0.806339434,0.914389638,0.874195351,0.735138649,0.857234776,0.908246378,0.667985927,0.844805916,0.779006289,0.729039708,0.808378904,0.879779788,0.823683627,0.07471238,177,-6.274973323,-9.223405736,-5.783143558,-6.625007631,-9.838324407,-7.24412164,-6.861788524,-10.48511247,-8.378366936,-9.674870232,-10.27923896,-7.449693097,-8.19682025,-8.178066674,1.538537031,170
135,4.175314023,0.219333781,0.001638247,0.00066681,0.0007,800,"{'mlp__learning_rate_init': 0.0007, 'mlp__max_iter': 800}",0.89760574,0.785548906,0.906899771,0.876727797,0.749959614,0.876525476,0.895662154,0.660682956,0.829101936,0.800860765,0.757465752,0.78393841,0.886454708,0.823648768,0.071838434,178,-6.458633526,-9.705878466,-6.030817434,-6.557987958,-9.559098226,-6.736948057,-7.317229111,-10.59980033,-8.792054399,-9.184036647,-9.725113371,-7.910528617,-7.966017079,-8.195703324,1.441439125,183
175,4.014225776,0.199573415,0.001722171,0.00052841,0.0009,800,"{'mlp__learning_rate_init': 0.0009, 'mlp__max_iter': 800}",0.893510976,0.786119682,0.905102808,0.874194594,0.752457234,0.882216274,0.890359366,0.658067566,0.820810975,0.812883737,0.769904849,0.771972462,0.889129357,0.823594606,0.071152645,179,-6.586508566,-9.692953429,-6.088740819,-6.625027543,-9.511236128,-6.579867726,-7.50086745,-10.64057251,-9.002797853,-8.902479018,-9.472440135,-8.126627819,-7.871635025,-8.200134925,1.398621279,185
76,4.192005249,0.164035365,0.00136491,0.000507109,0.0004,850,"{'mlp__learning_rate_init': 0.0004, 'mlp__max_iter': 850}",0.902468191,0.804496965,0.913648807,0.873712585,0.735971758,0.859225003,0.906437994,0.667315631,0.84148886,0.780001734,0.732290111,0.807811228,0.881134861,0.823538748,0.074191942,180,-6.30341609,-9.267177204,-5.808111931,-6.637706922,-9.822839222,-7.193450872,-6.929078545,-10.49569122,-8.467431476,-9.653055884,-10.21739876,-7.460719774,-8.150493752,-8.185120896,1.524892696,176
96,4.289696675,0.250742795,0.00136999,0.000384055,0.0005,850,"{'mlp__learning_rate_init': 0.0005, 'mlp__max_iter': 850}",0.899961999,0.793565222,0.910690311,0.87530521,0.743070013,0.866298883,0.901763844,0.662945871,0.835796205,0.788396496,0.744411138,0.799056458,0.88431443,0.823505852,0.072941718,181,-6.383889186,-9.522744847,-5.906770477,-6.59571969,-9.689898811,-7.010387691,-7.100049897,-10.56439602,-8.618136943,-9.467092453,-9.9834144,-7.628756422,-8.040744503,-8.193230872,1.483959844,182
156,4.181489834,0.293736922,0.001190314,0.000334598,0.0008,850,"{'mlp__learning_rate_init': 0.0008, 'mlp__max_iter': 850}",0.895507294,0.782345474,0.905481364,0.875881693,0.752626638,0.884325072,0.891608984,0.660681295,0.818275012,0.809697965,0.76734624,0.774083588,0.887591373,0.823496307,0.071325767,182,-6.524478821,-9.778102079,-6.076584332,-6.580455519,-9.507981095,-6.520698754,-7.457999767,-10.59982627,-9.066279832,-8.977944323,-9.524960289,-8.088921352,-7.92604418,-8.20232897,1.426902809,186
38,4.214514549,0.081720097,0.001487604,0.000551806,0.0002,950,"{'mlp__learning_rate_init': 0.0002, 'mlp__max_iter': 950}",0.906941786,0.822968143,0.915754659,0.862446003,0.727385305,0.850144284,0.913917245,0.681226132,0.856368676,0.77257104,0.707039995,0.812200919,0.87548127,0.823418881,0.076168987,183,-6.157156519,-8.818534698,-5.736853399,-6.927469857,-9.981285434,-7.421832957,-6.646359056,-10.27392056,-8.060210372,-9.814723604,-10.68839028,-7.375024261,-8.342073414,-8.172602647,1.574939771,167
116,4.470805608,0.227099102,0.00157646,0.00059889,0.0006,850,"{'mlp__learning_rate_init': 0.0006, 'mlp__max_iter': 850}",0.898742839,0.786845836,0.90709607,0.875736654,0.747572883,0.872752467,0.896709241,0.661441896,0.829814907,0.795663459,0.753183332,0.791843719,0.885538824,0.823303241,0.071867804,184,-6.422671511,-9.676484961,-6.024456173,-6.584299208,-9.604612491,-6.839103935,-7.280420358,-10.58793957,-8.773695407,-9.303111145,-9.810595707,-7.764464025,-7.998080444,-8.205379611,1.452460164,188
57,3.995928012,0.063948885,0.001235852,0.000316724,0.0003,900,"{'mlp__learning_rate_init': 0.0003, 'mlp__max_iter': 900}",0.905434657,0.817684614,0.914491279,0.869619294,0.730888874,0.851732227,0.910530537,0.667866004,0.847970587,0.773843022,0.719798662,0.81582507,0.877213123,0.823299842,0.075998846,185,-6.206815525,-8.949162124,-5.779709529,-6.744421459,-9.916939651,-7.382405574,-6.775839926,-10.48700591,-8.292502391,-9.787238868,-10.45305508,-7.303515897,-8.283857972,-8.181728454,1.563920871,175
157,4.137728288,0.104363977,0.001679787,0.000504074,0.0008,900,"{'mlp__learning_rate_init': 0.0008, 'mlp__max_iter': 900}",0.894346299,0.784151836,0.903825965,0.87516474,0.751968715,0.886689995,0.890059326,0.659253185,0.815752251,0.810301704,0.769336319,0.77396136,0.887596352,0.823262157,0.07121768,186,-6.560624681,-9.73744225,-6.129566006,-6.599433738,-9.520616592,-6.453698151,-7.511123766,-10.6221089,-9.128993361,-8.963691598,-9.484135399,-8.09110924,-7.92586863,-8.20987787,1.42006348,190
39,4.412534384,0.058482358,0.001618459,0.000584267,0.0002,1000,"{'mlp__learning_rate_init': 0.0002, 'mlp__max_iter': 1000}",0.906730996,0.82197505,0.914807638,0.864743225,0.727026629,0.849336475,0.914155961,0.678401221,0.853602636,0.771500287,0.708711775,0.814329053,0.875543096,0.823143388,0.076355453,187,-6.164125985,-8.843234692,-5.769007924,-6.869380164,-9.987849404,-7.441810048,-6.637137146,-10.31934287,-8.137451697,-9.837800716,-10.65784992,-7.333118408,-8.340002178,-8.179854704,1.579614259,172
136,4.410235442,0.150985965,0.001281041,0.000503102,0.0007,850,"{'mlp__learning_rate_init': 0.0007, 'mlp__max_iter': 850}",0.896570755,0.782516198,0.905553158,0.875735518,0.75080317,0.879667514,0.894166188,0.660664345,0.823692706,0.802461363,0.760015845,0.781837086,0.88707878,0.823135587,0.07161773,188,-6.491192871,-9.774266438,-6.074276082,-6.58432932,-9.542959947,-6.650678655,-7.369498598,-10.60009103,-8.930112615,-9.147053458,-9.673851587,-7.948902768,-7.944095355,-8.210100671,1.438775173,191
176,4.146260537,0.223345108,0.001280454,0.000416906,0.0009,850,"{'mlp__learning_rate_init': 0.0009, 'mlp__max_iter': 850}",0.892419692,0.784677812,0.904347001,0.873054509,0.75330033,0.88499281,0.889261996,0.658618943,0.8151809,0.814143055,0.77171794,0.769250688,0.889491164,0.823112065,0.07103777,189,-6.620171325,-9.725570966,-6.112939562,-6.654978793,-9.495025344,-6.501851047,-7.538311274,-10.63198993,-9.143136872,-8.872471001,-9.435046115,-8.174984336,-7.858780695,-8.212712097,1.399487918,193
77,4.67778215,0.314076309,0.001854878,0.000758131,0.0004,900,"{'mlp__learning_rate_init': 0.0004, 'mlp__max_iter': 900}",0.9023442,0.803821175,0.911963028,0.872403469,0.734885091,0.859710405,0.905522405,0.664003597,0.83951763,0.780301736,0.735663036,0.808573077,0.88105867,0.82305904,0.074173791,190,-6.307421563,-9.283180179,-5.864531928,-6.67202201,-9.843032508,-7.181038417,-6.962899648,-10.54780668,-8.51991889,-9.646471917,-10.15282932,-7.445917687,-8.153105486,-8.198475094,1.516668736,184
97,4.400639002,0.054188533,0.001380425,0.00053488,0.0005,900,"{'mlp__learning_rate_init': 0.0005, 'mlp__max_iter': 900}",0.899371946,0.793049573,0.908756225,0.873838213,0.741983635,0.867585974,0.900482034,0.660265673,0.833511408,0.789146743,0.747057925,0.800085404,0.884357863,0.823037894,0.072864164,191,-6.402688502,-9.534630753,-5.970386268,-6.634404577,-9.710363114,-6.976562902,-7.146221379,-10.606316,-8.677887899,-9.450294629,-9.931587523,-7.609199543,-8.039234964,-8.206906004,1.474838058,189
195,5.018644846,0.075114363,0.001882828,0.000526162,0.001,800,"{'mlp__learning_rate_init': 0.001, 'mlp__max_iter': 800}",0.891408393,0.788705827,0.90482609,0.873490473,0.751782051,0.883184272,0.887772704,0.657769686,0.817108166,0.816217673,0.772044434,0.764556732,0.890087557,0.822996466,0.071190339,192,-6.651214703,-9.63417377,-6.097611664,-6.643541503,-9.524198441,-6.552773823,-7.588832558,-10.64520636,-9.095340295,-8.822812797,-9.428296603,-8.257714443,-7.837545889,-8.21378945,1.385309741,194
117,4.602598961,0.137054319,0.001570133,0.000678924,0.0006,900,"{'mlp__learning_rate_init': 0.0006, 'mlp__max_iter': 900}",0.897832512,0.787147253,0.90509006,0.874489552,0.746673564,0.874680019,0.895265629,0.659456231,0.827189726,0.796434704,0.755375596,0.792513402,0.88566276,0.822908539,0.071732937,193,-6.451477614,-9.66964088,-6.08914976,-6.617256614,-9.6217064,-6.78710674,-7.331120123,-10.61894365,-8.84110553,-9.285537796,-9.766928911,-7.751963989,-7.993749198,-8.217360554,1.443439527,195
137,4.62375032,0.178626488,0.001427742,0.000843293,0.0007,900,"{'mlp__learning_rate_init': 0.0007, 'mlp__max_iter': 900}",0.895393736,0.783672538,0.903718229,0.874841339,0.750171526,0.881947354,0.892682824,0.659029826,0.821029387,0.803230348,0.762107917,0.782074766,0.887087947,0.82284521,0.071465724,194,-6.52802311,-9.748247418,-6.13299828,-6.607976529,-9.55504664,-6.587374922,-7.420964244,-10.62558972,-8.997309473,-9.129232127,-9.631593172,-7.944571581,-7.943772875,-8.219438469,1.430473901,196
177,4.666165389,0.302727631,0.001269451,0.00060613,0.0009,900,"{'mlp__learning_rate_init': 0.0009, 'mlp__max_iter': 900}",0.891255918,0.786554614,0.902779942,0.872336951,0.752191516,0.887135728,0.887713109,0.657092421,0.812983505,0.814639449,0.77348362,0.768602991,0.889433472,0.822784864,0.071047327,195,-6.655882595,-9.68309296,-6.162809534,-6.673760902,-9.516339541,-6.44099202,-7.590847203,-10.65573446,-9.197329647,-8.860614615,-9.398486933,-8.186449605,-7.860831771,-8.221782445,1.394176661,198
214,4.943092144,0.376572253,0.002090931,0.00059271,0.0011,750,"{'mlp__learning_rate_init': 0.0011, 'mlp__max_iter': 750}",0.890317922,0.786575897,0.904080337,0.871349965,0.748848068,0.885065322,0.888876386,0.662195922,0.813662604,0.815440911,0.773971145,0.763981514,0.88975479,0.822624676,0.070604058,196,-6.684526845,-9.682610177,-6.121454543,-6.699509257,-9.580321981,-6.499801004,-7.551424765,-10.57614244,-9.180615654,-8.8414381,-9.388367441,-8.267795608,-7.849401257,-8.22487762,1.382139388,199
196,5.29406465,0.078610115,0.001736989,0.000653912,0.001,850,"{'mlp__learning_rate_init': 0.001, 'mlp__max_iter': 850}",0.890089743,0.787795617,0.904145369,0.872261143,0.752444705,0.885806849,0.887006946,0.658754646,0.81186244,0.817105914,0.773543652,0.761523599,0.890356428,0.822515158,0.071071841,197,-6.691476357,-9.654902448,-6.119379073,-6.675742078,-9.511476824,-6.478799619,-7.614678906,-10.62987654,-9.224855002,-8.801466151,-9.397241461,-8.31073485,-7.827953811,-8.226044855,1.385681505,200
58,4.20439368,0.05290309,0.001200383,0.000388199,0.0003,950,"{'mlp__learning_rate_init': 0.0003, 'mlp__max_iter': 950}",0.904309123,0.815246201,0.915841106,0.867634752,0.731367037,0.850815718,0.909346437,0.669116091,0.847213721,0.775452819,0.720053448,0.806444776,0.878286984,0.822394478,0.075630832,198,-6.243643607,-9.008809505,-5.733909255,-6.795556463,-9.90812541,-7.405187396,-6.820530574,-10.46725178,-8.313118521,-9.752343618,-10.44830153,-7.487195449,-8.2475542,-8.202425178,1.547107872,187
197,5.622739737,0.154874208,0.002272331,0.001417089,0.001,900,"{'mlp__learning_rate_init': 0.001, 'mlp__max_iter': 900}",0.88883432,0.789635274,0.902471006,0.87182862,0.75090357,0.887889955,0.885671694,0.657491347,0.809947521,0.817343333,0.775185604,0.760485849,0.890281349,0.822151495,0.071139471,199,-6.729583728,-9.612960867,-6.172593543,-6.68703456,-9.541037344,-6.419434662,-7.659538538,-10.64953441,-9.271682791,-8.7957516,-9.363111499,-8.328797649,-7.83063348,-8.235514975,1.381526776,204
78,4.804545641,0.311714465,0.001339417,0.000368169,0.0004,950,"{'mlp__learning_rate_init': 0.0004, 'mlp__max_iter': 950}",0.901233827,0.800863919,0.912823531,0.870144247,0.735706737,0.859329106,0.904449798,0.663670609,0.839678296,0.782542948,0.735552439,0.798795347,0.88213761,0.822071416,0.074159471,200,-6.343178756,-9.352887139,-5.835800586,-6.730830184,-9.827767879,-7.190790621,-7.002313109,-10.55303206,-8.515652982,-9.597142405,-10.15495303,-7.633711312,-8.116042051,-8.219546316,1.50282883,197
59,4.402192391,0.041003605,0.001400929,0.000690697,0.0003,1000,"{'mlp__learning_rate_init': 0.0003, 'mlp__max_iter': 1000}",0.904019518,0.813009127,0.914363302,0.870423162,0.731261796,0.850250199,0.909297859,0.666272928,0.843956514,0.774965951,0.723324651,0.807137773,0.878600152,0.822067918,0.075672711,201,-6.253084534,-9.063186566,-5.78403302,-6.723597791,-9.910066059,-7.419209702,-6.822357768,-10.5121262,-8.401263723,-9.762910501,-10.38707743,-7.473780008,-8.23693687,-8.211510013,1.54729435,192
158,4.441105586,0.144311264,0.001262243,0.000378268,0.0008,950,"{'mlp__learning_rate_init': 0.0008, 'mlp__max_iter': 950}",0.893947606,0.781188348,0.904902119,0.87443851,0.752638543,0.885237088,0.889102244,0.657410133,0.815870262,0.813177932,0.767864835,0.763343149,0.887472408,0.822045629,0.072132537,202,-6.572991556,-9.804059489,-6.095175684,-6.618602003,-9.507752304,-6.494942329,-7.543746765,-10.65079691,-9.126069324,-8.895477767,-9.514338601,-8.278969107,-7.930237231,-8.233319928,1.423406932,202
98,4.651004553,0.095154779,0.001656679,0.000738369,0.0005,950,"{'mlp__learning_rate_init': 0.0005, 'mlp__max_iter': 950}",0.898475215,0.789487217,0.90933222,0.871918532,0.742856463,0.86733612,0.899590099,0.658969188,0.834163734,0.791825446,0.746321194,0.789839517,0.885007835,0.821932521,0.073239657,203,-6.431153524,-9.616343143,-5.951511784,-6.684688666,-9.693924887,-6.983141888,-7.178174158,-10.62653451,-8.660870606,-9.390073962,-9.946040612,-7.801753977,-8.016610682,-8.22929403,1.467333472,201
118,5.252509099,0.445883755,0.001950282,0.000976294,0.0006,950,"{'mlp__learning_rate_init': 0.0006, 'mlp__max_iter': 950}",0.897250917,0.783527603,0.905659266,0.873381807,0.747535192,0.874212444,0.894466651,0.657712959,0.827910309,0.799241086,0.75427989,0.781799102,0.885888363,0.821758891,0.072393463,204,-6.469814269,-9.751512414,-6.070863016,-6.646394157,-9.605329528,-6.799756459,-7.359030142,-10.64608859,-8.822653497,-9.221309741,-9.788778157,-7.949594724,-7.985858934,-8.239767971,1.441602964,205
138,4.89867192,0.220249044,0.00169279,0.00050046,0.0007,950,"{'mlp__learning_rate_init': 0.0007, 'mlp__max_iter': 950}",0.894878494,0.780232249,0.904546938,0.874162758,0.750947531,0.880969544,0.891862832,0.656972909,0.82165071,0.806094711,0.760809398,0.771232975,0.887053442,0.821647268,0.072343412,205,-6.544080378,-9.825455598,-6.106547489,-6.625865763,-9.540195396,-6.614599716,-7.449261442,-10.65759119,-8.981678138,-9.062541725,-9.657844122,-8.139794382,-7.944986548,-8.242341684,1.432675192,206
79,4.950298603,0.19939369,0.001725582,0.000640109,0.0004,1000,"{'mlp__learning_rate_init': 0.0004, 'mlp__max_iter': 1000}",0.900876445,0.798585394,0.9112532,0.872813244,0.735325212,0.858609769,0.903779914,0.661341118,0.835185758,0.782578241,0.738973923,0.798675373,0.882271597,0.821559169,0.074144001,206,-6.354644674,-9.406243032,-5.888126849,-6.661299819,-9.834858839,-7.209152636,-7.02681615,-10.5895153,-8.634141549,-9.596363567,-10.08904557,-7.635986875,-8.111427556,-8.233663263,1.502086427,203
178,5.209486613,0.451213197,0.001624841,0.000607823,0.0009,950,"{'mlp__learning_rate_init': 0.0009, 'mlp__max_iter': 950}",0.890773564,0.783959134,0.903983937,0.871317362,0.752863482,0.885482395,0.886645227,0.655443985,0.812656846,0.817448652,0.77187737,0.758247796,0.889257612,0.821535182,0.071932485,207,-6.670627934,-9.741787901,-6.124529817,-6.700358094,-9.503428371,-6.487997113,-7.626857407,-10.68131604,-9.205358549,-8.793215434,-9.431750865,-8.367619868,-7.867080775,-8.246302167,1.397217397,207
159,4.75774699,0.157032581,0.00149538,0.000999466,0.0008,1000,"{'mlp__learning_rate_init': 0.0008, 'mlp__max_iter': 1000}",0.89342708,0.783057603,0.904107045,0.875513328,0.75070973,0.885215142,0.887482126,0.657748591,0.809483258,0.81336527,0.769977161,0.760571775,0.887283331,0.821380111,0.072077106,208,-6.589102591,-9.762092815,-6.120602247,-6.590213215,-9.544748911,-6.495563311,-7.598650672,-10.64553444,-9.283000397,-8.891016632,-9.470951574,-8.327303517,-7.936896904,-8.25043671,1.423003803,210
215,5.006330527,0.114646926,0.002156881,0.000566884,0.0011,800,"{'mlp__learning_rate_init': 0.0011, 'mlp__max_iter': 800}",0.889571839,0.789450641,0.904020862,0.870554201,0.747722937,0.882108265,0.885889932,0.658036834,0.812864459,0.818128803,0.775985082,0.753015122,0.890437697,0.821368206,0.071500153,209,-6.707223167,-9.617178497,-6.123352054,-6.720197187,-9.601757364,-6.582883939,-7.652224501,-10.64105069,-9.200256478,-8.776819246,-9.346448264,-8.457692745,-7.825052181,-8.250164331,1.36999971,209
99,4.51236558,0.067249035,0.001105914,0.000427986,0.0005,1000,"{'mlp__learning_rate_init': 0.0005, 'mlp__max_iter': 1000}",0.897986609,0.78792231,0.907876734,0.874129885,0.741789356,0.866685266,0.898425597,0.657419097,0.828496871,0.792160323,0.749285681,0.78902145,0.884928672,0.821240604,0.073194131,210,-6.446610467,-9.652019866,-5.999091287,-6.626731152,-9.714018237,-7.000250706,-7.219678542,-10.65065758,-8.807604806,-9.382518311,-9.887755181,-7.816923712,-8.019369605,-8.247940727,1.466703795,208
119,5.218673981,0.316013484,0.001468512,0.000506188,0.0006,1000,"{'mlp__learning_rate_init': 0.0006, 'mlp__max_iter': 1000}",0.89678267,0.783557175,0.904404932,0.875251457,0.745989144,0.873899103,0.893061828,0.657048823,0.821511954,0.799447886,0.756971772,0.780096668,0.885661387,0.821052677,0.072303278,211,-6.484539601,-9.75084632,-6.111088184,-6.597141178,-9.634695274,-6.808220405,-7.407848622,-10.65641182,-8.985171327,-9.216559126,-9.735012106,-7.980546389,-7.993797198,-8.258605966,1.440877912,211
139,5.476654566,0.391703618,0.001478654,0.000598089,0.0007,1000,"{'mlp__learning_rate_init': 0.0007, 'mlp__max_iter': 1000}",0.89426779,0.781294775,0.903619642,0.875674813,0.749069314,0.880811837,0.890360143,0.656892265,0.814945692,0.806279379,0.763334542,0.768961638,0.886786899,0.820946056,0.072253931,212,-6.563061783,-9.801674911,-6.136137386,-6.585937396,-9.576101278,-6.618980197,-7.500840873,-10.65884389,-9.148952985,-9.05822529,-9.606729769,-8.180102955,-7.954355759,-8.26076496,1.432221471,212
198,5.898976729,0.092407957,0.001934253,0.000658641,0.001,950,"{'mlp__learning_rate_init': 0.001, 'mlp__max_iter': 950}",0.888139157,0.787370015,0.903495139,0.870679452,0.751530486,0.88614177,0.884631646,0.656467037,0.809333928,0.819967126,0.773481447,0.750225357,0.89005954,0.820886315,0.071937453,213,-6.750592311,-9.66457966,-6.1400994,-6.716945206,-9.529023526,-6.469291673,-7.694299187,-10.66544682,-9.286637748,-8.732349277,-9.398532023,-8.505324651,-7.838544757,-8.260897403,1.382877529,213
216,5.303342177,0.116745808,0.001637,0.000736082,0.0011,850,"{'mlp__learning_rate_init': 0.0011, 'mlp__max_iter': 850}",0.888070704,0.788818861,0.903574558,0.86904656,0.748226574,0.884445468,0.88549007,0.659239853,0.807773855,0.818661056,0.77720255,0.749767582,0.890562086,0.820836906,0.071424496,214,-6.752657518,-9.631596486,-6.137572355,-6.759218593,-9.592168265,-6.517304481,-7.66562016,-10.6223167,-9.324553037,-8.763966967,-9.321015799,-8.513115153,-7.820608944,-8.263208805,1.370735291,214
179,5.308467645,0.28595901,0.001430787,0.000592271,0.0009,1000,"{'mlp__learning_rate_init': 0.0009, 'mlp__max_iter': 1000}",0.890031194,0.786066463,0.90328438,0.871886022,0.750766076,0.88579334,0.885020707,0.655808808,0.806836114,0.817616327,0.773388581,0.755090898,0.889182172,0.820828545,0.071969478,215,-6.69325839,-9.694159281,-6.146800491,-6.685536965,-9.543670178,-6.479182827,-7.681314342,-10.67565975,-9.347269444,-8.789176186,-9.400458384,-8.422076562,-7.869759936,-8.263717133,1.397433094,215
217,5.668028501,0.081553286,0.001859005,0.000649458,0.0011,900,"{'mlp__learning_rate_init': 0.0011, 'mlp__max_iter': 900}",0.886979924,0.790477125,0.902162646,0.868648135,0.746457976,0.886351659,0.884204496,0.658208688,0.806163959,0.818728814,0.778661997,0.748374306,0.890403947,0.820447975,0.071560141,216,-6.785480922,-9.59370671,-6.18234386,-6.769493248,-9.625799699,-6.46332611,-7.708530063,-10.63837651,-9.36351824,-8.762329474,-9.290436727,-8.53678246,-7.826257334,-8.272798566,1.368322509,216
199,6.076943654,0.251181744,0.002004807,0.000698062,0.001,1000,"{'mlp__learning_rate_init': 0.001, 'mlp__max_iter': 1000}",0.887063197,0.789611557,0.902527066,0.870922525,0.749217876,0.886860724,0.883278688,0.657069461,0.804162702,0.81983501,0.774551513,0.746734327,0.890000976,0.820141202,0.072025592,217,-6.782980709,-9.613502747,-6.170819265,-6.71062958,-9.573266121,-6.448834269,-7.73928433,-10.65609118,-9.411730865,-8.735552782,-9.376306558,-8.564556658,-7.840632216,-8.278783637,1.382833757,217
218,6.135967676,0.184096898,0.002097625,0.000604722,0.0011,950,"{'mlp__learning_rate_init': 0.0011, 'mlp__max_iter': 950}",0.886228232,0.788493599,0.903335355,0.867470205,0.747015225,0.884332445,0.883187025,0.657680559,0.805410904,0.82133149,0.776862015,0.73859109,0.890129605,0.819235981,0.072322015,218,-6.80800853,-9.639010937,-6.145180416,-6.799779032,-9.615215819,-6.52049094,-7.742322597,-10.64659244,-9.381689289,-8.699197677,-9.328136445,-8.701155194,-7.836046586,-8.297140454,1.369710568,218
219,6.288807924,0.076212309,0.00180294,0.00052534,0.0011,1000,"{'mlp__learning_rate_init': 0.0011, 'mlp__max_iter': 1000}",0.884840848,0.790680454,0.902381052,0.86727939,0.744709937,0.885443077,0.882005959,0.658267875,0.800684029,0.821091286,0.777575144,0.734593889,0.890148826,0.818438597,0.072534815,219,-6.849392696,-9.589050524,-6.175439456,-6.804672392,-9.658925119,-6.489110799,-7.781364496,-10.63745537,-9.494953571,-8.705043346,-9.313218563,-8.767427453,-7.835361138,-8.315493455,1.37068752,219
0,0.227328135,0.008843945,0.001662694,0.000702358,0.0001,50,"{'mlp__learning_rate_init': 0.0001, 'mlp__max_iter': 50}",0.908308865,0.730037598,0.878178172,0.829291509,0.77642954,0.838540786,0.899074234,0.694026642,0.854262877,0.825545291,0.762658683,0.744263628,0.850397361,0.814693476,0.064756074,220,-6.111763104,-10.88986152,-6.898638103,-7.717303818,-9.038972277,-7.703816612,-7.196589782,-10.06553014,-8.119081317,-8.59600263,-9.62043722,-8.606230463,-9.143791082,-8.439078313,1.28462646,220
