2793,2842,3009,3060,3050,3111,3120,3068,3120,3233,3286,3286,3348,3465,3648,3528,3584,3591,3584,3584,3705,3696,3808,3819,3819,3752,3944,4002,4060,4060,4189,4260,4189,4392,4392,4392,4453,4575,4588,4650,4788,4650,4788,4914,4992,5070,5214,5214,5280,5427,5576,5520,5810,5810,5810,5964,6035,6106,6248,6336,6570,6480,6586,6734,6750,6992,6992,7068,7238,7254,7410,7584,7663,7663,7742,7760,8019,8282,8549,8632,8904,9180,9116,9460,9570,9856,10032,10120,10647,10556,10881,11186,11495,11712,11712,11931,12152,12827,12700,13231,13596,13832,13596,14416,14766,15087,15478,15696,16206,16464,17063,17365,17480,18172,18720,19239,19886,20172,20664,21082,21632,22230,23100,23541,24435,25392,26320,27313,27648,29547,29896,30300,31312,32240,33654,35040,35903,36838,38976,39884,41347,43432,45500,47430,49780,51456,54372,56560,58916,61320,63772,67580,69836,74002,77922,82080,87191,91839,97384,103062,108381,114800,122825,133055,141064,150416,162519,176297,188855,206254,222264,240630,263160,292149,319605,352585,392309,432600,469875,508167,547146,571744,571568,571408,568980,560585,562082,556339,545874,538740,527868,514764,485133,441896,390240,334026,253080,175826,0,0,0,0,0,0,0,0,0,0,0,0,0,0,0,0,0,0,0,0,0,0,0,0,0,0,0,0,0,0,0,0,0,0,0,0,0,0,0,0,0,0,0,0,0,0,0,0,0,0,0,0,0,0,0,0,0,0,0,0,0,0,0,0,0,0,0,0,0,0,0
2736,2793,2736,2793,2793,2793,2907,2958,3068,3348,3472,3472,3534,3591,3591,3528,3640,3712,3762,3762,3944,3953,4012,3944,3886,3953,4012,4130,4012,4071,4260,4260,4331,4331,4331,4464,4526,4526,4725,4725,4725,4712,4712,5005,5070,5214,5214,5346,5346,5589,5644,5727,5893,5950,5950,6177,6020,6351,6424,6424,6675,6586,6750,6992,7068,7410,7332,7410,7426,7644,7840,8100,8100,8652,8568,8466,8632,8840,9116,9328,9416,9592,9790,10192,10602,10672,11067,11305,11495,11495,12177,12152,12474,13056,13158,13699,14040,14416,14628,14873,15260,15873,16464,17020,17400,17818,18088,18876,19434,19840,20375,20955,21376,22317,23100,23584,24616,25254,26554,26838,28275,29253,30502,31008,32604,33812,34720,36512,37848,39377,41238,43076,44707,47430,49518,52260,54600,58788,65232,63558,66708,69486,74290,78055,82764,89105,94794,99905,107800,114492,123114,131560,141980,153425,166495,179400,198014,215072,235592,260985,289440,323180,361645,406318,449780,484313,530556,573436,587917,590508,590580,592424,593124,580928,570096,566820,563388,543165,500039,443275,385968,292520,195750,0,0,0,0,0,0,0,0,0,0,0,0,0,0,0,0,0,0,0,0,0,0,0,0,0,0,0,0,0,0,0,0,0,0,0,0,0,0,0,0,0,0,0,0,0,0,0,0,0,0,0,0,0,0,0,0,0,0,0,0,0,0,0,0,0,0,0,0,0,0,0,0,0,0,0,0,0,0,0,0,0,0,0,0,0,0
2288,2392,2444,2544,2592,2592,2538,2679,2632,2632,2900,2900,2736,2736,2891,3000,3050,3000,2989,3000,3100,3120,3172,3276,3286,3339,3392,3510,3498,3564,3618,3575,3752,3752,3795,3990,3920,4060,4060,4118,4320,4248,4331,4380,4440,4453,4514,4588,4851,4992,5148,5214,5280,5494,5658,5796,5964,6020,5950,6020,6351,6512,6612,6750,6750,6916,6992,7315,7332,7505,7488,7840,7840,8282,8652,8925,9010,9288,9374,9592,9768,10057,10260,10764,11067,11253,11400,11931,12028,12600,13029,12700,13860,14204,14040,14873,15120,15730,15730,16240,16758,17365,18018,18960,19360,19840,20701,21877,22230,22704,23760,24978,26226,27027,28275,28762,29600,31050,32648,34720,35520,37392,39648,41347,43966,45682,48100,51188,54648,57368,61237,65232,68547,73872,78156,83868,89640,97266,104910,112332,120700,130980,144452,156648,173892,191840,212336,233247,262035,298420,337155,389424,436905,492100,548640,561834,562562,557175,550221,548916,536130,519350,504845,475659,423156,354500,272155,172791,0,0,0,0,0,0,0,0,0,0,0,0,0,0,0,0,0,0,0,0,0,0,0,0,0,0,0,0,0,0,0,0,0,0,0,0,0,0,0,0,0,0,0,0,0,0,0,0,0,0,0,0,0,0,0,0,0,0,0,0,0,0,0,0,0,0,0,0,0,0,0,0,0,0,0,0,0,0,0,0,0,0,0,0,0,0,0,0,0,0,0,0,0,0,0,0,0,0,0,0,0
1920,2050,2009,2100,2184,2332,2340,2438,2491,2530,2484,2475,2622,2668,2726,2714,2773,2832,2784,2891,2940,2880,3000,2891,2989,3100,3038,3250,3162,3366,3498,3432,3657,3618,3618,3618,3933,4060,3990,3990,3990,4189,4176,4248,4588,4650,4650,4725,4992,5135,5135,5280,5412,5561,5628,5865,5950,6248,6336,6336,6586,6660,6660,6916,7068,7238,7410,7742,7760,7821,8058,7938,8118,8840,9202,9396,9416,9768,10057,10440,10647,11132,11346,11562,11656,12250,12870,13100,13699,14280,14522,15120,15336,15587,15914,16500,17328,17864,18683,19481,19803,20790,21801,22663,23674,24570,25576,27264,27885,28908,30044,32589,33384,34980,36774,38346,40391,42978,45974,48918,51648,54210,58378,62073,66340,72352,75364,82364,88445,97643,105070,113436,123690,136344,149760,165282,184338,204776,229824,260800,297224,344736,394632,458277,522160,538461,537652,530308,520065,516432,499260,480036,456228,408216,341448,258720,160389,0,0,0,0,0,0,0,0,0,0,0,0,0,0,0,0,0,0,0,0,0,0,0,0,0,0,0,0,0,0,0,0,0,0,0,0,0,0,0,0,0,0,0,0,0,0,0,0,0,0,0,0,0,0,0,0,0,0,0,0,0,0,0,0,0,0,0,0,0,0,0,0,0,0,0,0,0,0,0,0,0,0,0,0,0,0,0,0,0,0,0,0,0,0,0,0,0,0,0,0,0,0,0,0,0,0,0,0,0,0,0,0
1840,1794,1927,1927,1927,1968,1974,2009,1974,1927,2100,2100,2736,2900,2950,3060,3111,3111,3224,3276,3456,3456,3392,3339,3392,3445,3564,3551,3696,3685,3864,3920,4118,3990,4234,4176,4307,4248,4575,4636,5200,5200,5346,5412,5628,5796,5950,5950,6035,6248,6264,6497,6643,6734,6808,7125,7372,7469,7722,7900,8320,8505,8692,8610,8904,9095,9592,9680,10057,10350,10856,11160,11520,11656,11970,13000,12969,13300,13668,14248,14946,15408,15876,16023,16350,17024,17825,18644,19360,20008,20832,21888,22750,23628,25380,26220,28171,28656,30192,31200,33170,35616,36708,38376,40320,42484,46440,49290,52060,55468,59479,63933,69423,73800,79919,86037,94742,101790,111930,121542,133182,149730,165425,184620,208800,235077,269064,311472,358197,425850,492370,535389,527176,522625,508362,502299,487806,465465,437162,378668,306642,211554,90552,0,0,0,0,0,0,0,0,0,0,0,0,0,0,0,0,0,0,0,0,0,0,0,0,0,0,0,0,0,0,0,0,0,0,0,0,0,0,0,0,0,0,0,0,0,0,0,0,0,0,0,0,0,0,0,0,0,0,0,0,0,0,0,0,0,0,0,0,0,0,0,0,0,0,0,0,0,0,0,0,0,0,0,0,0,0,0,0,0,0,0,0,0,0,0,0,0,0,0,0,0,0,0,0,0,0,0,0,0,0,0,0,0,0,0,0,0,0,0,0,0,0,0,0,0,0
1320,1271,1353,1419,1386,1672,1748,1786,1786,1833,1833,1872,1824,1880,1880,1920,2050,2050,2132,2376,2322,2520,2585,2646,2891,2940,2940,3162,3339,3328,3328,3380,3402,3648,3630,3575,3819,3876,4047,4060,4118,4248,4320,4440,4514,4500,4500,5148,5214,5346,5427,5589,5880,5964,5865,6120,6192,6264,6600,6570,6808,7068,7161,7315,7722,8080,8262,8364,8652,8904,9180,9374,9680,10170,10580,10948,11590,11616,12152,12573,13000,14040,14248,14659,14700,15696,16206,17063,17328,18564,19520,20500,21000,21844,23541,24570,25345,26508,28565,30098,31768,33912,35139,37620,40592,43542,46665,49590,53584,57368,61950,67144,72640,79768,87544,95571,105961,117162,131700,147580,166833,188672,216713,253487,295488,349783,417768,474240,553688,556374,560465,559548,554736,534888,521945,480612,396942,282865,141075,0,0,0,0,0,0,0,0,0,0,0,0,0,0,0,0,0,0,0,0,0,0,0,0,0,0,0,0,0,0,0,0,0,0,0,0,0,0,0,0,0,0,0,0,0,0,0,0,0,0,0,0,0,0,0,0,0,0,0,0,0,0,0,0,0,0,0,0,0,0,0,0,0,0,0,0,0,0,0,0,0,0,0,0,0,0,0,0,0,0,0,0,0,0,0,0,0,0,0,0,0,0,0,0,0,0,0,0,0,0,0,0,0,0,0,0,0,0,0,0,0,0,0,0,0,0,0,0,0,0
1280,1470,1476,1591,1512,1470,1394,1628,1628,1702,1755,1794,1880,2000,2091,2091,2530,2585,2688,2530,2538,2688,2793,2950,2842,2842,3038,3000,2940,3000,3162,3162,3224,3276,3402,3520,3630,3630,3752,3876,3933,4002,4118,4060,4176,4234,4575,4575,4636,4588,4914,5200,5346,5561,5494,5780,5934,6020,6336,6390,6716,6808,6975,7220,7546,7722,7900,8100,8137,8240,8446,8798,9374,9374,9632,10032,10440,10948,11562,12348,12348,13000,13200,13802,14248,14946,15408,15950,16837,17748,18369,19239,19764,20875,22188,23318,24435,26132,27406,29106,30545,33015,34226,36612,38911,42175,44500,48994,52768,57687,61272,67176,73224,80948,88314,98540,108400,121410,136654,154548,176958,203040,234624,277888,329566,395768,474978,550472,544059,538083,531328,523320,497543,473976,408516,313600,186584,0,0,0,0,0,0,0,0,0,0,0,0,0,0,0,0,0,0,0,0,0,0,0,0,0,0,0,0,0,0,0,0,0,0,0,0,0,0,0,0,0,0,0,0,0,0,0,0,0,0,0,0,0,0,0,0,0,0,0,0,0,0,0,0,0,0,0,0,0,0,0,0,0,0,0,0,0,0,0,0,0,0,0,0,0,0,0,0,0,0,0,0,0,0,0,0,0,0,0,0,0,0,0,0,0,0,0,0,0,0,0,0,0,0,0,0,0,0,0,0,0,0,0,0,0,0,0,0,0,0,0,0
875,925,1073,1102,1160,1240,1248,1353,1216,1326,1400,1435,1360,1435,1428,1620,1665,1584,1596,1710,1591,1505,1540,1710,2000,1920,2000,2050,2040,2080,2173,2173,2322,2332,2340,2385,2430,2475,2464,2520,2576,2520,2726,2726,2880,3000,3224,3224,3276,3339,3456,3640,3640,3808,4060,4002,4248,4248,4307,4484,4575,4712,4836,4928,5040,5103,5265,5576,5848,5796,5950,6336,6570,6570,6808,7050,7125,7392,7392,7878,8160,8528,8692,8988,9350,9570,10260,10350,10738,11132,11562,12065,12610,12969,13433,13905,14490,15301,15805,16428,17214,18328,19360,20460,21168,22620,23496,25482,27072,27832,28944,31290,34008,35168,37816,41796,44100,48129,52060,55860,60996,67295,72709,81545,89908,100746,110839,125554,142880,161600,186320,216080,253624,301464,367674,440865,521184,507705,502042,488870,474624,443760,397070,319950,215820,76796,0,0,0,0,0,0,0,0,0,0,0,0,0,0,0,0,0,0,0,0,0,0,0,0,0,0,0,0,0,0,0,0,0,0,0,0,0,0,0,0,0,0,0,0,0,0,0,0,0,0,0,0,0,0,0,0,0,0,0,0,0,0,0,0,0,0,0,0,0,0,0,0,0,0,0,0,0,0,0,0,0,0,0,0,0,0,0,0,0,0,0,0,0,0,0,0,0,0,0,0,0,0,0,0,0,0,0,0,0,0,0,0,0,0,0,0,0,0,0,0,0,0,0
910,918,1209,1353,1353,1665,1702,1710,1800,1794,1880,1833,1840,1840,2100,2107,2193,2244,2193,2444,2736,2842,3016,3224,3355,3348,3520,3575,3630,3696,3819,3876,4002,4189,4189,4248,4514,4514,4774,4864,5135,5280,5360,5427,5796,6048,6192,6336,6512,6750,6900,7144,7332,7469,7760,8080,8632,8904,9180,9657,9680,10235,10672,11092,11712,12054,13029,13493,14070,14628,15087,15840,16611,17667,18526,19481,20088,21504,22836,24660,26320,27599,29353,31365,33755,36126,39377,43318,46620,50880,56508,61612,67320,74936,84721,94276,106352,120802,138457,158600,188505,221920,266616,326426,409752,482206,574560,578391,576434,575029,552048,537716,463240,340845,161711,0,0,0,0,0,0,0,0,0,0,0,0,0,0,0,0,0,0,0,0,0,0,0,0,0,0,0,0,0,0,0,0,0,0,0,0,0,0,0,0,0,0,0,0,0,0,0,0,0,0,0,0,0,0,0,0,0,0,0,0,0,0,0,0,0,0,0,0,0,0,0,0,0,0,0,0,0,0,0,0,0,0,0,0,0,0,0,0,0,0,0,0,0,0,0,0,0,0,0,0,0,0,0,0,0,0,0,0,0,0,0,0,0,0,0,0,0,0,0,0,0,0,0,0,0,0,0,0,0,0,0,0,0,0,0,0,0,0,0,0,0,0,0,0,0,0,0,0,0,0,0,0,0,0
850,875,850,936,936,1036,1073,1400,1440,1435,1476,1548,1716,1596,1634,1710,1716,1880,2244,2236,2295,2392,2640,2632,2688,2736,2714,2726,2832,2891,2940,3000,3009,3111,3339,3402,3520,3520,3752,3752,4071,4320,4380,4380,4514,4725,4851,4914,4977,5184,5561,5544,5676,6003,6424,6424,6734,6975,7392,7392,7546,7722,7821,8240,8798,9374,9546,9744,10350,10764,11160,11685,12096,12870,13433,14214,14734,15444,16317,16950,17980,19159,20295,21294,22833,23986,26040,28314,30222,31500,34069,36064,39105,44500,47472,52032,57000,62700,70278,77385,88314,99441,112066,128470,150072,173304,208150,248376,306131,377150,473172,531630,523752,511861,499182,468350,423660,328225,190968,0,0,0,0,0,0,0,0,0,0,0,0,0,0,0,0,0,0,0,0,0,0,0,0,0,0,0,0,0,0,0,0,0,0,0,0,0,0,0,0,0,0,0,0,0,0,0,0,0,0,0,0,0,0,0,0,0,0,0,0,0,0,0,0,0,0,0,0,0,0,0,0,0,0,0,0,0,0,0,0,0,0,0,0,0,0,0,0,0,0,0,0,0,0,0,0,0,0,0,0,0,0,0,0,0,0,0,0,0,0,0,0,0,0,0,0,0,0,0,0,0,0,0,0,0,0,0,0,0,0,0,0,0,0,0,0,0,0,0,0,0,0,0,0,0,0,0,0,0,0
1036,1073,1110,1102,1170,1209,1320,1320,1320,1254,1394,1512,1620,1540,1628,1591,1634,1591,1628,1665,1656,1872,2107,2100,2244,2236,2279,2385,2340,2430,2430,2530,2576,2576,2632,2622,2784,3009,2950,3233,3286,3328,3402,3575,3819,3808,3808,3933,4320,4189,4514,4650,4588,4788,4851,4977,5330,5478,5712,5880,6192,6408,6497,6660,7068,7254,7392,7644,7900,8080,8632,9288,9546,9744,10350,10948,11400,11834,12319,13100,13534,14456,15120,15914,16950,17595,18683,19926,21336,22490,24435,25668,27599,29145,32705,34069,36936,40120,44678,48732,53235,59364,65790,73350,82933,95861,107858,122404,144452,169141,202062,242736,299600,375725,477462,538000,531609,515955,503440,473880,412135,301344,144826,0,0,0,0,0,0,0,0,0,0,0,0,0,0,0,0,0,0,0,0,0,0,0,0,0,0,0,0,0,0,0,0,0,0,0,0,0,0,0,0,0,0,0,0,0,0,0,0,0,0,0,0,0,0,0,0,0,0,0,0,0,0,0,0,0,0,0,0,0,0,0,0,0,0,0,0,0,0,0,0,0,0,0,0,0,0,0,0,0,0,0,0,0,0,0,0,0,0,0,0,0,0,0,0,0,0,0,0,0,0,0,0,0,0,0,0,0,0,0,0,0,0,0,0,0,0,0,0,0,0,0,0,0,0,0,0,0,0,0,0,0,0,0,0,0,0
875,840,1073,1147,1209,1320,1435,1476,1470,1435,1505,1591,1512,1554,1554,1591,1710,1591,1672,1620,1886,1968,2244,2295,2430,2376,2430,2632,2679,2576,2576,2610,2726,2784,2950,3009,3060,3339,3640,3819,3762,3876,4002,4060,4320,4320,4440,4514,4575,4774,4914,5056,5280,5644,5712,6106,6177,6497,6900,6992,7332,7488,7644,7742,8019,8820,8904,9374,10146,10235,10948,11616,12125,12573,12928,14144,14628,15552,16576,17595,18486,19360,20790,22490,23718,25668,28028,29949,32340,34444,37785,40698,44856,49820,55123,60858,68860,77688,88644,101376,116615,135900,160380,191450,230346,287804,365800,459680,548328,542376,530202,517293,485246,423306,303195,119997,0,0,0,0,0,0,0,0,0,0,0,0,0,0,0,0,0,0,0,0,0,0,0,0,0,0,0,0,0,0,0,0,0,0,0,0,0,0,0,0,0,0,0,0,0,0,0,0,0,0,0,0,0,0,0,0,0,0,0,0,0,0,0,0,0,0,0,0,0,0,0,0,0,0,0,0,0,0,0,0,0,0,0,0,0,0,0,0,0,0,0,0,0,0,0,0,0,0,0,0,0,0,0,0,0,0,0,0,0,0,0,0,0,0,0,0,0,0,0,0,0,0,0,0,0,0,0,0,0,0,0,0,0,0,0,0,0,0,0,0,0,0,0,0,0,0,0,0,0,0,0,0,0
875,972,1102,1184,1147,1248,1435,1470,1470,1591,1591,1548,1591,1628,1833,1920,1833,2050,2009,2193,2295,2295,2484,2538,2622,2622,2726,2679,2832,3050,3000,3060,3339,3456,3630,3640,3752,3876,4060,4248,4176,4307,4662,4864,4992,4992,5280,5644,5712,6177,6177,6336,6750,7220,7315,7742,8000,7900,8262,8820,9288,10057,10235,10948,11468,12348,12900,13231,14008,14980,16095,16837,18252,18960,20625,22059,23940,25854,27548,29841,33325,35139,38280,42456,47840,52768,59655,66528,75570,87330,101518,117876,140148,168148,204892,251460,324242,421011,520990,535824,531366,510848,477050,406934,264707,0,0,0,0,0,0,0,0,0,0,0,0,0,0,0,0,0,0,0,0,0,0,0,0,0,0,0,0,0,0,0,0,0,0,0,0,0,0,0,0,0,0,0,0,0,0,0,0,0,0,0,0,0,0,0,0,0,0,0,0,0,0,0,0,0,0,0,0,0,0,0,0,0,0,0,0,0,0,0,0,0,0,0,0,0,0,0,0,0,0,0,0,0,0,0,0,0,0,0,0,0,0,0,0,0,0,0,0,0,0,0,0,0,0,0,0,0,0,0,0,0,0,0,0,0,0,0,0,0,0,0,0,0,0,0,0,0,0,0,0,0,0,0,0,0,0,0,0,0,0,0,0,0,0,0,0,0,0,0,0,0,0,0,0
1326,1512,1665,1548,1548,1628,1710,1880,1794,1920,1927,2058,2200,2430,2622,2679,2850,2950,3060,3060,3286,3339,3402,3696,3575,3752,3876,3933,3990,4118,4307,4514,4636,4836,4992,5360,5508,5644,5950,6035,6336,6734,6882,6992,7663,7979,8343,8692,8798,9180,9856,10530,11067,11640,12028,13029,14008,14144,15087,15984,17135,18135,19642,20625,22620,23674,25993,27936,30750,32860,36349,40290,45250,50160,56883,63176,71775,82663,96720,112185,133644,158112,195279,240074,309760,404376,505195,554736,549700,538125,505890,447219,311895,0,0,0,0,0,0,0,0,0,0,0,0,0,0,0,0,0,0,0,0,0,0,0,0,0,0,0,0,0,0,0,0,0,0,0,0,0,0,0,0,0,0,0,0,0,0,0,0,0,0,0,0,0,0,0,0,0,0,0,0,0,0,0,0,0,0,0,0,0,0,0,0,0,0,0,0,0,0,0,0,0,0,0,0,0,0,0,0,0,0,0,0,0,0,0,0,0,0,0,0,0,0,0,0,0,0,0,0,0,0,0,0,0,0,0,0,0,0,0,0,0,0,0,0,0,0,0,0,0,0,0,0,0,0,0,0,0,0,0,0,0,0,0,0,0,0,0,0,0,0,0,0,0,0,0,0,0,0,0,0,0,0,0,0,0,0,0,0,0,0,0,0,0,0,0,0
1353,1302,1512,1786,1692,1833,1833,1786,1872,2268,2376,2322,2475,2530,2695,2850,3000,3000,3172,3286,3402,3402,3520,3762,4002,3990,4248,4320,4366,4560,4697,4914,5135,5346,5412,5727,5810,6035,6497,6660,6900,7315,7742,8240,8446,8820,8904,9856,10440,11160,11280,12000,12771,13802,14144,15301,16023,17100,18960,20008,21463,23496,25110,27213,29435,31500,34980,39579,43575,49444,55044,61568,70499,80730,95488,109484,130232,158080,192299,240000,309595,406232,515406,526890,513530,491385,452904,351744,184032,0,0,0,0,0,0,0,0,0,0,0,0,0,0,0,0,0,0,0,0,0,0,0,0,0,0,0,0,0,0,0,0,0,0,0,0,0,0,0,0,0,0,0,0,0,0,0,0,0,0,0,0,0,0,0,0,0,0,0,0,0,0,0,0,0,0,0,0,0,0,0,0,0,0,0,0,0,0,0,0,0,0,0,0,0,0,0,0,0,0,0,0,0,0,0,0,0,0,0,0,0,0,0,0,0,0,0,0,0,0,0,0,0,0,0,0,0,0,0,0,0,0,0,0,0,0,0,0,0,0,0,0,0,0,0,0,0,0,0,0,0,0,0,0,0,0,0,0,0,0,0,0,0,0,0,0,0,0,0,0,0,0,0,0,0,0,0,0,0,0,0,0,0,0,0,0,0,0,0,0
1476,1470,1512,1505,1584,1824,1755,1880,1920,1911,2430,2576,2530,2793,2793,2950,2940,2976,3111,3224,3402,3456,3640,3876,3933,3990,4060,4440,4588,4712,4914,5360,5427,5670,5964,6160,6408,6808,7050,7392,7821,8181,8715,8904,9483,10146,10620,11040,11875,12900,13464,13905,14840,15805,17100,18644,19481,21294,23056,24705,26931,29547,32340,35680,39648,44144,49707,55440,63300,73450,85536,100466,118440,143376,174229,217992,279552,370194,480240,542082,536116,515823,478880,399954,235200,0,0,0,0,0,0,0,0,0,0,0,0,0,0,0,0,0,0,0,0,0,0,0,0,0,0,0,0,0,0,0,0,0,0,0,0,0,0,0,0,0,0,0,0,0,0,0,0,0,0,0,0,0,0,0,0,0,0,0,0,0,0,0,0,0,0,0,0,0,0,0,0,0,0,0,0,0,0,0,0,0,0,0,0,0,0,0,0,0,0,0,0,0,0,0,0,0,0,0,0,0,0,0,0,0,0,0,0,0,0,0,0,0,0,0,0,0,0,0,0,0,0,0,0,0,0,0,0,0,0,0,0,0,0,0,0,0,0,0,0,0,0,0,0,0,0,0,0,0,0,0,0,0,0,0,0,0,0,0,0,0,0,0,0,0,0,0,0,0,0,0,0,0,0,0,0,0,0,0,0,0,0,0,0
768,1240,1280,1470,1470,1540,1584,1540,1628,1672,1833,1833,1911,1960,2000,2058,2184,2236,2430,2622,2726,2793,2793,3050,3050,3172,3456,3696,3575,3808,3933,4047,4307,4380,4575,4836,4851,4992,5440,5576,5727,6120,6408,6570,6734,7144,7566,7821,8424,8715,8904,9768,10120,10556,11280,12000,13130,13905,14352,15336,16464,17864,19239,20460,22446,24344,26600,29253,31518,34821,39377,43966,49780,56883,64628,74100,88146,102144,122262,148990,185850,233530,308880,415296,525690,554332,542136,519120,479500,347410,122696,0,0,0,0,0,0,0,0,0,0,0,0,0,0,0,0,0,0,0,0,0,0,0,0,0,0,0,0,0,0,0,0,0,0,0,0,0,0,0,0,0,0,0,0,0,0,0,0,0,0,0,0,0,0,0,0,0,0,0,0,0,0,0,0,0,0,0,0,0,0,0,0,0,0,0,0,0,0,0,0,0,0,0,0,0,0,0,0,0,0,0,0,0,0,0,0,0,0,0,0,0,0,0,0,0,0,0,0,0,0,0,0,0,0,0,0,0,0,0,0,0,0,0,0,0,0,0,0,0,0,0,0,0,0,0,0,0,0,0,0,0,0,0,0,0,0,0,0,0,0,0,0,0,0,0,0,0,0,0,0,0,0,0,0,0,0,0,0,0,0,0,0,0,0,0,0,0,0
1110,1178,1287,1353,1292,1353,1394,1320,1353,1394,1470,1584,1540,1584,1512,1672,1710,1872,2009,2150,2392,2530,2530,2726,2565,2610,2668,2784,2950,3060,3213,3276,3520,3640,3752,3876,4071,4260,4189,4453,4788,4914,5280,5478,5695,5934,6248,6643,6975,7161,7566,7821,8343,9010,9546,9944,10440,11160,11904,13029,13905,14805,15587,17100,18290,19886,21504,23187,25392,28028,30694,34444,37785,42804,48918,56317,64236,75137,90138,107460,130685,162674,205770,269531,364413,489300,532231,519100,491547,438486,301630,0,0,0,0,0,0,0,0,0,0,0,0,0,0,0,0,0,0,0,0,0,0,0,0,0,0,0,0,0,0,0,0,0,0,0,0,0,0,0,0,0,0,0,0,0,0,0,0,0,0,0,0,0,0,0,0,0,0,0,0,0,0,0,0,0,0,0,0,0,0,0,0,0,0,0,0,0,0,0,0,0,0,0,0,0,0,0,0,0,0,0,0,0,0,0,0,0,0,0,0,0,0,0,0,0,0,0,0,0,0,0,0,0,0,0,0,0,0,0,0,0,0,0,0,0,0,0,0,0,0,0,0,0,0,0,0,0,0,0,0,0,0,0,0,0,0,0,0,0,0,0,0,0,0,0,0,0,0,0,0,0,0,0,0,0,0,0,0,0,0,0,0,0,0,0,0,0,0
7125,7296,7469,7315,7469,7546,7800,7821,8000,7979,8080,8262,8343,8820,8988,9095,9156,9324,9657,9768,9856,9968,9968,10170,10260,10488,10881,10764,10764,11160,11590,11931,12276,12474,12500,13056,13287,13596,13728,13493,13596,13936,14280,14385,14946,15620,15904,16385,16385,16837,16724,17214,17442,17365,18018,18683,18876,19118,19840,20992,21504,21970,22490,23142,23986,24570,26312,26598,27260,27648,28420,29502,30150,30450,31464,32706,34185,35154,36408,38472,37682,38410,40185,41624,42944,45250,46368,47730,50160,51648,53075,56800,59245,60475,63511,66744,69106,72150,76045,79344,82600,87480,91383,96645,101918,107067,113575,119706,127160,133635,142740,151805,162324,174014,187878,200072,215865,231648,248614,273980,295484,321290,351582,381763,417164,464984,508710,565632,631887,693420,682625,678540,669696,662000,658424,650416,643872,629280,617160,606517,583407,557900,514082,456620,396981,332206,0,0,0,0,0,0,0,0,0,0,0,0,0,0,0,0,0,0,0,0,0,0,0,0,0,0,0,0,0,0,0,0,0,0,0,0,0,0,0,0,0,0,0,0,0,0,0,0,0,0,0,0,0,0,0,0,0,0,0,0,0,0,0,0,0,0,0,0,0,0,0,0,0,0,0,0,0,0,0,0,0,0,0,0,0,0,0,0,0,0,0,0,0,0,0,0,0,0,0,0,0,0,0,0,0,0,0,0,0,0,0,0,0,0,0,0,0,0,0,0,0,0,0
5796,5796,5865,6090,6003,6090,6090,6248,6264,6408,6480,6390,6643,6716,6789,6956,6975,7125,7392,7392,7623,7644,7821,7644,8000,8080,8080,8364,8528,8715,8632,8881,8881,9288,9288,9374,9483,9657,9768,9944,10146,10374,10556,11280,11186,11280,11712,11400,11834,12375,12500,12625,13029,13728,13832,13832,14175,14659,14766,15228,15260,15984,15984,16159,16758,17020,17550,18054,17784,18480,19032,18997,20000,20088,21248,22270,22440,23355,23450,24249,24978,25715,26554,26554,27405,28757,29204,30400,31824,32448,33920,34560,35860,37128,38817,39790,40716,42240,43610,45567,47940,49970,51648,52768,54766,57652,60320,62456,65664,68731,71868,75768,78156,83490,89142,93585,97782,103596,108400,113575,120700,127749,136654,144760,155672,165968,177112,190050,208089,224154,239396,263976,287472,312568,341210,376800,414828,458500,510600,569961,643472,687447,684375,678576,672640,661700,655051,647212,639174,622867,607880,588406,557106,521100,471852,410268,343827,173304,0,0,0,0,0,0,0,0,0,0,0,0,0,0,0,0,0,0,0,0,0,0,0,0,0,0,0,0,0,0,0,0,0,0,0,0,0,0,0,0,0,0,0,0,0,0,0,0,0,0,0,0,0,0,0,0,0,0,0,0,0,0,0,0,0,0,0,0,0,0,0,0,0,0,0,0,0,0,0,0,0,0,0,0,0,0,0,0,0,0,0,0,0,0,0,0,0,0,0,0,0,0,0,0,0,0,0,0,0,0,0
4712,4712,4725,4788,4940,5082,5280,5360,5360,5427,5360,5372,5440,5520,5589,5810,5880,5880,5964,6035,6192,6248,6192,6264,6264,6570,6734,6808,6900,7020,7176,7332,7254,7392,7469,7663,7840,7920,8100,8181,8262,8528,8549,8652,9010,9460,9546,9879,10170,10170,10672,10904,10904,10998,11400,11424,11712,12054,12446,12375,13056,13287,13755,14124,14231,14688,14552,15120,15762,15984,16464,17433,17516,18088,18480,19032,19840,20125,20992,21285,21746,22950,23598,23598,24426,25662,25944,27072,28518,29353,30400,31212,31980,32813,33708,34830,36573,37632,41595,41830,44103,46189,48636,50372,52138,54540,57266,60705,63581,65780,69525,72680,77914,81648,86846,92981,97152,102980,109810,115588,123516,132578,142290,154548,165664,181131,197109,216220,233036,257697,283998,317053,352385,396078,439425,498732,570834,644392,698616,769995,815324,812855,810030,806736,800982,794228,775008,760239,738504,704298,644368,556240,463331,346184,0,0,0,0,0,0,0,0,0,0,0,0,0,0,0,0,0,0,0,0,0,0,0,0,0,0,0,0,0,0,0,0,0,0,0,0,0,0,0,0,0,0,0,0,0,0,0,0,0,0,0,0,0,0,0,0,0,0,0,0,0,0,0,0,0,0,0,0,0,0,0,0,0,0,0,0,0,0,0,0,0,0,0,0,0,0,0,0,0,0,0,0,0,0,0,0,0,0,0,0,0,0,0,0,0,0,0,0,0,0,0,0,0,0,0
3551,3740,4200,4071,4270,4331,4331,4331,4392,4392,4464,4672,4800,4800,4940,4800,4940,4864,5070,5148,5159,5451,5680,5508,5727,5796,5727,5865,5934,5916,6003,6248,6480,6660,6552,6696,6552,6696,6956,7296,7469,7220,7220,7296,7546,7546,7900,8080,8262,8424,8505,8820,9180,9202,9202,9374,9657,9657,10057,10235,10465,11132,10920,10948,11562,11875,11904,12160,12642,12870,13068,13699,14008,14522,14904,15260,15873,15730,16240,17400,17250,18252,18564,19481,19886,20295,21209,21801,22401,23142,24480,25993,27027,27840,28032,29700,31310,34196,33338,34560,36300,37800,39208,40120,40936,43896,46046,48360,50350,53235,56990,59823,63687,67053,70914,74229,79220,83544,89670,95128,101529,108808,118017,127160,137540,148800,162469,177936,194805,216450,237545,263655,296868,333515,373968,425340,487614,558926,647280,699426,696377,683820,675021,665820,656580,640332,622419,596754,558976,489629,421603,328248,0,0,0,0,0,0,0,0,0,0,0,0,0,0,0,0,0,0,0,0,0,0,0,0,0,0,0,0,0,0,0,0,0,0,0,0,0,0,0,0,0,0,0,0,0,0,0,0,0,0,0,0,0,0,0,0,0,0,0,0,0,0,0,0,0,0,0,0,0,0,0,0,0,0,0,0,0,0,0,0,0,0,0,0,0,0,0,0,0,0,0,0,0,0,0,0,0,0,0,0,0,0,0,0,0,0,0,0,0,0,0,0,0,0,0,0,0
3584,3584,3705,3819,3886,3944,3944,3944,3944,3944,3933,4002,4130,4260,4260,4331,4402,4392,4392,4464,4662,4662,4800,4800,4875,5005,5082,5082,5360,5293,5494,5576,5658,5810,5865,6106,6090,6177,6424,6660,6916,6734,6900,7410,7426,7469,7546,7920,8200,8282,8528,9095,9202,9202,9202,9396,9768,10057,10080,10488,10810,11020,11305,11616,12054,12250,12700,12726,13362,13965,14338,14416,15120,15620,16272,17020,17365,18207,18600,19398,20125,20701,21580,21877,23009,23584,25060,26169,27302,27594,28564,30049,31000,32499,34182,35805,37128,39271,42008,44469,46494,48960,51090,54270,56992,61692,65712,68068,72413,78064,85407,90880,97836,104220,112158,121958,132600,144919,159414,174420,193308,214302,240909,269100,306680,349783,400697,463177,542225,640251,654480,645174,636888,633648,625338,612470,593290,567987,534378,471647,386908,0,0,0,0,0,0,0,0,0,0,0,0,0,0,0,0,0,0,0,0,0,0,0,0,0,0,0,0,0,0,0,0,0,0,0,0,0,0,0,0,0,0,0,0,0,0,0,0,0,0,0,0,0,0,0,0,0,0,0,0,0,0,0,0,0,0,0,0,0,0,0,0,0,0,0,0,0,0,0,0,0,0,0,0,0,0,0,0,0,0,0,0,0,0,0,0,0,0,0,0,0,0,0,0,0,0,0,0,0,0,0,0,0,0,0,0,0,0,0,0,0,0,0,0,0,0,0,0
3286,3286,3294,3348,3456,3456,3456,3575,3510,3498,3630,3808,3819,4002,4060,4260,4130,4189,4260,4060,4260,4473,4464,4526,4736,4788,4650,4788,5070,5082,5082,5135,5070,5214,5440,5508,5576,5740,5964,6177,6248,6336,6660,6660,6992,7068,7392,7392,7410,7584,7760,8282,8466,8549,8840,8925,9010,9396,9592,9790,9879,10057,10602,10764,10974,11305,12054,12375,12600,12672,13000,13596,14040,14040,14628,15510,15369,16272,16905,17818,17700,18544,18876,19592,20864,21746,22914,23355,24564,25844,26741,27405,28800,30030,31600,32754,34506,36624,39672,40656,44793,45067,47500,50052,53200,55896,59430,63072,67648,72364,76518,83640,89916,96154,104720,112716,123093,137814,149611,163183,181656,202032,225792,258710,293864,335147,388080,451881,532532,637728,707351,806932,810950,809028,803790,794976,783406,760848,729240,671376,575904,251656,0,0,0,0,0,0,0,0,0,0,0,0,0,0,0,0,0,0,0,0,0,0,0,0,0,0,0,0,0,0,0,0,0,0,0,0,0,0,0,0,0,0,0,0,0,0,0,0,0,0,0,0,0,0,0,0,0,0,0,0,0,0,0,0,0,0,0,0,0,0,0,0,0,0,0,0,0,0,0,0,0,0,0,0,0,0,0,0,0,0,0,0,0,0,0,0,0,0,0,0,0,0,0,0,0,0,0,0,0,0,0,0,0,0,0,0,0,0,0,0,0,0,0,0,0,0,0
2744,2793,3068,3068,2964,2958,3060,2950,3009,3009,2950,3120,3224,3286,3294,3339,3456,3339,3456,3630,3640,3696,3685,3864,4080,4216,4331,4331,4608,4599,4810,4745,4736,4875,5005,5159,5214,5135,5427,5576,5576,5740,5880,5810,6106,6192,6336,6424,6734,6992,6900,7161,7238,7566,7566,7920,8364,8446,8343,8528,8904,9095,9288,9460,9768,10146,10235,10440,10948,11495,11931,12250,12250,12771,12900,13332,14070,14490,14796,15707,16416,16560,16986,17784,18290,19118,19716,20664,21463,22401,22750,24072,25298,26085,28324,28616,30200,32028,36960,37910,39039,38930,40420,42416,45933,47545,50730,53156,57285,61446,65880,70152,75799,80840,86636,95381,104145,112614,122550,134088,149902,168810,184920,209924,238846,268960,307816,357960,415800,490144,583908,694967,802344,840180,826272,821916,802272,791010,765282,720545,637599,515304,0,0,0,0,0,0,0,0,0,0,0,0,0,0,0,0,0,0,0,0,0,0,0,0,0,0,0,0,0,0,0,0,0,0,0,0,0,0,0,0,0,0,0,0,0,0,0,0,0,0,0,0,0,0,0,0,0,0,0,0,0,0,0,0,0,0,0,0,0,0,0,0,0,0,0,0,0,0,0,0,0,0,0,0,0,0,0,0,0,0,0,0,0,0,0,0,0,0,0,0,0,0,0,0,0,0,0,0,0,0,0,0,0,0,0,0,0,0,0,0,0,0,0,0,0,0,0
2484,2530,2484,2475,2576,2576,2688,2679,2679,2832,2784,2679,2842,2793,2784,2891,3060,3000,2900,3111,3162,3111,3276,3264,3380,3564,3510,3520,3762,3762,3819,3876,3876,4130,4200,4392,4392,4536,4662,4745,4875,4940,4928,5005,4914,4898,4992,5214,5412,5576,5695,5880,5865,5964,6120,6512,6424,6497,6808,6808,7050,7296,7296,7392,7722,7777,7979,8424,8610,8715,9095,9288,9570,9680,9632,10120,10647,10948,11562,12125,12192,12513,12838,13566,13433,14248,15120,15336,15950,16576,16905,17784,18564,19360,19964,20664,21376,22188,23275,24523,25760,27027,27792,29800,31365,32813,34185,36630,38472,40420,42944,45069,47915,51145,54175,59040,62580,67144,73321,80206,85505,93104,100870,109080,119987,132300,148512,164808,186148,207426,237160,269531,310868,362392,427392,507825,615476,744198,763912,750470,733543,710397,678370,638397,590010,223146,0,0,0,0,0,0,0,0,0,0,0,0,0,0,0,0,0,0,0,0,0,0,0,0,0,0,0,0,0,0,0,0,0,0,0,0,0,0,0,0,0,0,0,0,0,0,0,0,0,0,0,0,0,0,0,0,0,0,0,0,0,0,0,0,0,0,0,0,0,0,0,0,0,0,0,0,0,0,0,0,0,0,0,0,0,0,0,0,0,0,0,0,0,0,0,0,0,0,0,0,0,0,0,0,0,0,0,0,0,0,0,0,0,0,0,0,0,0,0,0,0,0,0
2420,2585,2484,2632,2784,2842,2793,2891,3000,2832,3111,3050,3172,3162,3162,3233,4761,4760,4550,4680,4818,4599,4588,4650,4725,5016,5005,5214,5214,5280,5576,5576,5494,5865,6035,6160,6160,6390,6417,6461,6750,6916,7254,7161,7238,7663,8100,7840,8100,8446,8466,8632,8798,9288,9592,9768,9968,10440,10672,11040,11374,11904,12222,12319,12544,13231,13832,14628,14904,15478,15840,16498,17595,17784,18644,19481,20250,20664,21801,22490,24073,24522,26600,27548,29841,32395,32860,35316,35640,37064,39904,41825,45250,47616,49707,52416,57285,64660,64752,69861,74368,82586,88445,96645,107200,117180,128760,143983,160056,181447,203243,231110,265680,307739,354920,419832,498864,594405,731826,907554,990912,961558,934298,913563,874582,832314,744588,595625,0,0,0,0,0,0,0,0,0,0,0,0,0,0,0,0,0,0,0,0,0,0,0,0,0,0,0,0,0,0,0,0,0,0,0,0,0,0,0,0,0,0,0,0,0,0,0,0,0,0,0,0,0,0,0,0,0,0,0,0,0,0,0,0,0,0,0,0,0,0,0,0,0,0,0,0,0,0,0,0,0,0,0,0,0,0,0,0,0,0,0,0,0,0,0,0,0,0,0,0,0,0,0,0,0,0,0,0,0,0,0,0,0,0,0,0,0,0,0,0,0,0,0,0,0,0,0,0,0,0,0,0,0,0,0,0,0,0,0,0,0
1739,1702,1739,1824,1824,1739,1748,1862,2000,2000,2050,2142,2184,2226,2279,2279,2430,2430,2322,2475,2420,2520,2736,2632,2679,2726,2714,2880,2820,3050,3150,3328,3392,3315,3150,3498,3864,4002,3876,4071,4260,4200,4189,4453,4560,4712,4636,4819,4758,4819,4960,5166,5412,5780,5478,5628,6003,5916,6248,6480,6734,6643,7125,7144,7392,7840,8200,8364,8549,8715,9156,9047,9546,9879,10324,10556,10829,11374,11808,12192,12642,12838,13300,13905,14280,15587,15914,16800,17214,17864,18369,19440,20295,21717,22490,24030,25024,26649,27648,30049,31212,33812,35581,36630,41586,42064,45069,48880,50384,55440,59740,66435,69740,75591,84240,94742,102966,116064,130242,146792,166824,189540,218578,255502,300240,356730,428032,526594,657888,832714,887810,862400,838005,814698,775260,716040,580635,0,0,0,0,0,0,0,0,0,0,0,0,0,0,0,0,0,0,0,0,0,0,0,0,0,0,0,0,0,0,0,0,0,0,0,0,0,0,0,0,0,0,0,0,0,0,0,0,0,0,0,0,0,0,0,0,0,0,0,0,0,0,0,0,0,0,0,0,0,0,0,0,0,0,0,0,0,0,0,0,0,0,0,0,0,0,0,0,0,0,0,0,0,0,0,0,0,0,0,0,0,0,0,0,0,0,0,0,0,0,0,0,0,0,0,0,0,0,0,0,0,0,0,0,0,0,0,0,0,0,0,0
1333,1496,1408,1472,1702,1656,1739,1824,1960,2000,2000,2100,2100,1950,2000,2050,2244,2200,2244,2200,2193,2385,2385,2376,2385,2538,2530,2640,2688,2793,2793,2793,2793,2832,2820,3068,3068,3172,3172,3172,3339,3224,3224,3392,3640,3696,3886,3819,3752,3808,3876,4071,4002,4118,4189,4248,4366,4575,4788,4725,4914,5070,5280,5148,5360,5427,5740,5964,5893,6035,6177,6192,6552,6716,6992,7144,7663,7663,7760,8181,8262,8282,8715,8736,9288,9592,9968,10260,10647,11160,11400,11780,12096,12672,13362,13699,14522,15260,15730,16872,17400,18326,18840,19803,20828,22100,22401,24208,25620,26884,28564,30400,31980,34293,36300,38363,41712,44164,47752,50880,54540,59488,69708,70425,77973,86056,95787,104220,115464,129492,146638,168837,192780,225024,259715,309468,374905,459240,563892,720918,931728,984852,967568,937802,900068,855290,752629,579312,0,0,0,0,0,0,0,0,0,0,0,0,0,0,0,0,0,0,0,0,0,0,0,0,0,0,0,0,0,0,0,0,0,0,0,0,0,0,0,0,0,0,0,0,0,0,0,0,0,0,0,0,0,0,0,0,0,0,0,0,0,0,0,0,0,0,0,0,0,0,0,0,0,0,0,0,0,0,0,0,0,0,0,0,0,0,0,0,0,0,0,0,0,0,0,0,0,0,0,0,0,0,0,0,0,0,0,0,0,0,0,0,0,0,0,0,0,0,0,0,0
2430,2475,2475,2376,2430,2475,2622,2622,2726,2784,2940,3050,3050,2760,2806,3819,3819,3990,4176,4047,4514,4752,4800,4950,5148,5360,5589,5832,5760,5576,5628,5796,5780,6072,6279,6319,6734,6734,6734,7332,7410,7315,7920,8282,8343,8364,8904,9265,9324,9918,9918,10620,10974,11374,11780,11562,12771,13464,13965,14490,14595,15369,16170,17214,17980,18603,19886,20916,21844,23010,24616,25993,27742,29748,31616,33284,34444,36774,39010,42282,45720,49632,54015,57687,63210,68472,75591,84240,93000,104280,116617,132750,149280,170751,198240,231190,271876,323544,394944,487760,614146,739659,755022,731815,709695,676670,639078,558165,395836,0,0,0,0,0,0,0,0,0,0,0,0,0,0,0,0,0,0,0,0,0,0,0,0,0,0,0,0,0,0,0,0,0,0,0,0,0,0,0,0,0,0,0,0,0,0,0,0,0,0,0,0,0,0,0,0,0,0,0,0,0,0,0,0,0,0,0,0,0,0,0,0,0,0,0,0,0,0,0,0,0,0,0,0,0,0,0,0,0,0,0,0,0,0,0,0,0,0,0,0,0,0,0,0,0,0,0,0,0,0,0,0,0,0,0,0,0,0,0,0,0,0,0,0,0,0,0,0,0,0,0,0,0,0,0,0,0,0,0,0,0,0,0,0,0,0,0,0,0,0,0,0,0,0,0,0,0,0,0,0
1610,1598,1645,1824,1920,2107,2058,2150,2142,2091,2107,2142,2193,2142,2100,2050,2142,2142,2236,2236,2288,2385,2430,2430,2484,2430,2585,2784,2940,2842,3009,3009,3000,3060,3233,3534,3465,3136,3339,3410,3520,3640,3696,3696,3685,3944,3886,3953,4140,4189,4189,4307,4380,4588,4662,4875,5056,5200,5360,5508,5658,5508,5712,6020,6177,6497,6660,6716,7050,7238,7600,7680,8019,8118,8446,8798,8904,9460,9680,9879,10170,10672,10856,11590,12028,12250,12771,13231,14040,14734,15696,15984,17284,18054,18683,19557,20538,21840,23009,24660,25986,27594,29353,30954,33440,36188,37742,40368,44652,47685,51264,55322,61028,66795,76752,81120,91186,101080,111780,125421,142755,164171,190267,223647,265740,320320,389060,482727,609636,799945,948272,924000,891792,853398,798940,714400,552336,0,0,0,0,0,0,0,0,0,0,0,0,0,0,0,0,0,0,0,0,0,0,0,0,0,0,0,0,0,0,0,0,0,0,0,0,0,0,0,0,0,0,0,0,0,0,0,0,0,0,0,0,0,0,0,0,0,0,0,0,0,0,0,0,0,0,0,0,0,0,0,0,0,0,0,0,0,0,0,0,0,0,0,0,0,0,0,0,0,0,0,0,0,0,0,0,0,0,0,0,0,0,0,0,0,0,0,0,0,0,0,0,0,0,0,0,0,0,0,0,0,0,0,0,0,0,0,0,0,0,0,0
1280,1209,1271,1230,1344,1394,1428,1470,1517,1554,1512,1505,1554,1628,1710,1886,1794,1840,1886,1932,1974,1800,1840,1968,2107,2016,1968,2058,1960,1911,1872,1813,1989,1683,1924,2028,2132,2279,2106,2576,2530,2420,2520,2585,2744,2850,2958,2842,3009,3068,3068,3120,3120,3240,3286,3233,3456,3456,3445,3417,3740,3864,3864,3990,4032,4234,4307,4380,4650,4650,4788,4774,4928,5200,5372,5658,5740,5893,6048,6364,6438,6660,6808,7068,7296,7546,7644,7800,8446,8736,8736,9240,9570,9483,9968,10146,10647,11253,11346,12000,12672,13000,14175,14490,15336,15552,16498,17250,18360,19716,20538,21414,23142,23895,25298,27405,28616,30856,33022,34992,37575,40309,43855,47872,50350,55550,62540,67671,73450,82080,90885,102168,116748,131424,150092,173732,202320,240856,288744,352296,440300,552575,719845,841854,828077,798985,758620,699608,599860,225400,0,0,0,0,0,0,0,0,0,0,0,0,0,0,0,0,0,0,0,0,0,0,0,0,0,0,0,0,0,0,0,0,0,0,0,0,0,0,0,0,0,0,0,0,0,0,0,0,0,0,0,0,0,0,0,0,0,0,0,0,0,0,0,0,0,0,0,0,0,0,0,0,0,0,0,0,0,0,0,0,0,0,0,0,0,0,0,0,0,0,0,0,0,0,0,0,0,0,0,0,0,0,0,0,0,0,0,0,0,0,0,0,0,0,0,0,0,0,0
1131,1064,1120,1092,1178,1120,1170,1120,1080,1131,1320,1200,1230,1218,1260,1333,1344,1452,1485,1472,1350,1161,1350,1232,1276,1518,1410,1504,1598,1728,1900,1764,1568,1820,1550,1470,1768,1924,1989,2365,2268,2052,2632,2688,2750,2900,3060,3009,3016,3120,3120,3120,3286,3294,3456,3392,3402,3520,3630,3685,3876,3944,4071,4071,4189,4260,4453,4514,4800,4788,4928,5214,5214,5478,5644,5576,5727,5950,6248,6248,6497,6750,6900,7315,7488,7663,8000,8262,8798,9010,9288,9570,9944,10350,10738,11520,11931,12600,13029,13534,14248,15620,15873,16724,17595,18788,19875,21450,22230,23142,24797,26790,28032,30248,32813,34830,37408,40716,44772,48504,52528,56637,64368,70738,78020,88040,99180,110696,125715,146630,170340,200322,240630,289425,357378,450320,581130,765049,844192,818761,796416,756159,684250,543144,329260,0,0,0,0,0,0,0,0,0,0,0,0,0,0,0,0,0,0,0,0,0,0,0,0,0,0,0,0,0,0,0,0,0,0,0,0,0,0,0,0,0,0,0,0,0,0,0,0,0,0,0,0,0,0,0,0,0,0,0,0,0,0,0,0,0,0,0,0,0,0,0,0,0,0,0,0,0,0,0,0,0,0,0,0,0,0,0,0,0,0,0,0,0,0,0,0,0,0,0,0,0,0,0,0,0,0,0,0,0,0,0,0,0,0,0,0,0,0,0,0,0,0,0,0
1200,1505,1496,1620,1496,1540,1530,1485,1564,1645,1692,1728,1656,1728,1813,1862,2028,2000,2040,2120,2142,2430,2288,2295,2340,2430,2430,2530,2538,2592,2592,2800,2964,3009,2900,3111,3410,3355,3286,3410,3402,3465,3465,3456,3551,3740,3795,3990,4002,4118,4047,4234,4514,4650,4575,5070,5390,5508,5412,5950,5712,5865,5934,6177,6319,6624,6882,7220,7644,7900,8181,8610,8925,9180,9288,10057,10530,10856,10920,11970,12222,12642,13770,14490,14805,15984,16905,17400,19398,20664,22176,23220,24742,26554,27504,29253,31768,34662,36512,39648,43365,47763,52416,59450,65270,74290,81184,92619,104538,119992,140448,164956,194304,236005,287543,362068,463233,604520,722484,708510,686312,661760,621896,513468,337431,0,0,0,0,0,0,0,0,0,0,0,0,0,0,0,0,0,0,0,0,0,0,0,0,0,0,0,0,0,0,0,0,0,0,0,0,0,0,0,0,0,0,0,0,0,0,0,0,0,0,0,0,0,0,0,0,0,0,0,0,0,0,0,0,0,0,0,0,0,0,0,0,0,0,0,0,0,0,0,0,0,0,0,0,0,0,0,0,0,0,0,0,0,0,0,0,0,0,0,0,0,0,0,0,0,0,0,0,0,0,0,0,0,0,0,0,0,0,0,0,0,0,0,0,0,0,0,0,0,0,0,0,0,0,0,0,0,0,0,0,0,0,0,0
850,782,864,910,900,999,999,864,925,975,1014,912,874,988,1000,1000,1040,1080,1014,984,1000,1050,1025,1066,1025,1050,1066,1134,1271,1302,1496,1620,1710,1584,1665,1665,1584,1656,1575,1665,1800,1628,1880,2058,2100,1800,2040,2288,2288,2236,2226,2268,2322,2268,2214,2014,2173,2226,2520,2610,2784,2655,2773,2714,2900,2940,3233,3172,3276,3392,3640,3770,3953,4020,4080,4270,4331,4464,4588,4736,4800,4940,5005,5148,5214,5372,5494,5644,5865,6177,6336,6570,6734,6882,6975,7220,7546,7800,8262,8652,8904,9396,9483,9968,10764,11186,11834,12152,13000,13832,14628,14734,15369,16385,17020,17880,19680,20790,21888,23275,25480,27216,29250,32074,33810,36907,39790,43076,46686,51870,58800,65712,70060,79109,88603,99180,112462,129360,151686,179400,216576,263396,326524,412644,536002,725116,824760,801885,778470,727518,649805,501298,259120,0,0,0,0,0,0,0,0,0,0,0,0,0,0,0,0,0,0,0,0,0,0,0,0,0,0,0,0,0,0,0,0,0,0,0,0,0,0,0,0,0,0,0,0,0,0,0,0,0,0,0,0,0,0,0,0,0,0,0,0,0,0,0,0,0,0,0,0,0,0,0,0,0,0,0,0,0,0,0,0,0,0,0,0,0,0,0,0,0,0,0,0,0,0,0,0,0,0,0,0,0,0,0,0,0,0,0,0,0,0,0,0,0,0,0,0
1739,1813,1900,1950,1989,2132,2091,2142,2236,2184,2080,2080,2173,2322,2226,2214,2420,2420,2565,2726,2668,2726,2832,2928,3000,3120,3172,3286,3276,3380,3328,3445,3445,3752,3876,4047,4248,4366,4500,4588,4800,4636,4914,4977,5056,5265,5412,5796,6090,6264,6336,6408,6734,7030,7315,7742,7840,8100,8549,8820,9288,9768,10146,10948,11160,11468,12250,12870,13433,14214,14910,15950,16688,18096,19320,20250,21082,22704,24570,27216,28665,30750,32916,35420,38076,42126,46620,51604,55800,62328,69708,78490,88784,101640,118011,136956,160875,190080,232540,286875,361372,465309,613854,851014,867100,841232,812864,773248,640038,414050,0,0,0,0,0,0,0,0,0,0,0,0,0,0,0,0,0,0,0,0,0,0,0,0,0,0,0,0,0,0,0,0,0,0,0,0,0,0,0,0,0,0,0,0,0,0,0,0,0,0,0,0,0,0,0,0,0,0,0,0,0,0,0,0,0,0,0,0,0,0,0,0,0,0,0,0,0,0,0,0,0,0,0,0,0,0,0,0,0,0,0,0,0,0,0,0,0,0,0,0,0,0,0,0,0,0,0,0,0,0,0,0,0,0,0,0,0,0,0,0,0,0,0,0,0,0,0,0,0,0,0,0,0,0,0,0,0,0,0,0,0,0,0,0,0,0,0,0,0,0,0,0,0,0,0,0,0,0,0
1280,1548,1584,1496,1656,1496,1564,1598,1518,1564,1692,1739,1764,1813,1950,2000,1938,1911,2000,1989,2080,2184,2214,2420,2520,2530,2475,2576,2632,2726,2726,2726,2940,3050,2940,3150,3264,3315,3264,3380,3618,3672,3905,4032,3960,4104,4320,4440,4662,4788,4774,4898,5040,5265,5494,5865,6230,6461,6643,7050,7392,7392,7821,8080,8343,8400,8856,9047,9660,10472,10769,11284,11718,12513,12936,14248,14700,15768,16912,18408,19481,21420,22188,23187,24656,26740,29400,31408,34383,37164,40729,45360,49044,54426,61500,69542,78660,92130,105465,121824,143184,172120,208440,256212,324870,416442,550341,695079,751738,700976,632814,545792,401478,0,0,0,0,0,0,0,0,0,0,0,0,0,0,0,0,0,0,0,0,0,0,0,0,0,0,0,0,0,0,0,0,0,0,0,0,0,0,0,0,0,0,0,0,0,0,0,0,0,0,0,0,0,0,0,0,0,0,0,0,0,0,0,0,0,0,0,0,0,0,0,0,0,0,0,0,0,0,0,0,0,0,0,0,0,0,0,0,0,0,0,0,0,0,0,0,0,0,0,0,0,0,0,0,0,0,0,0,0,0,0,0,0,0,0,0,0,0,0,0,0,0,0,0,0,0,0,0,0,0,0,0,0,0,0,0,0,0,0,0,0,0,0,0,0,0,0,0,0,0,0,0,0,0,0,0
850,714,748,805,840,850,875,910,936,1008,936,1008,1008,1044,1008,1080,980,980,1216,1140,1110,1110,1178,1209,1248,1209,1280,1280,1435,1505,1428,1344,1470,1584,1656,1656,1786,1833,1656,1739,1786,1739,1813,1850,1785,1734,1872,2080,2040,2279,2080,2132,1768,2385,2695,2750,2805,2968,2695,2900,2950,2891,2806,3294,3348,3472,3648,3640,3640,3640,3630,3705,3944,4130,4745,4810,4736,4950,5016,5293,5346,5200,5508,5576,5865,6090,6480,6808,6975,7296,7566,7392,7900,7821,8652,8904,9288,10235,10350,11160,11616,12250,12726,13362,14175,15087,16206,16724,17864,19154,20412,21543,23760,25298,27930,30338,32232,35208,38250,40890,45136,49780,55752,64964,74472,79254,90468,103984,119992,143067,169320,204530,254000,320008,416660,562408,789336,904194,874692,818132,740290,583968,320320,0,0,0,0,0,0,0,0,0,0,0,0,0,0,0,0,0,0,0,0,0,0,0,0,0,0,0,0,0,0,0,0,0,0,0,0,0,0,0,0,0,0,0,0,0,0,0,0,0,0,0,0,0,0,0,0,0,0,0,0,0,0,0,0,0,0,0,0,0,0,0,0,0,0,0,0,0,0,0,0,0,0,0,0,0,0,0,0,0,0,0,0,0,0,0,0,0,0,0,0,0,0,0,0,0,0,0,0,0,0,0,0,0,0,0,0,0,0,0,0,0,0,0,0,0,0
630,651,704,651,651,660,682,713,704,704,792,792,759,850,816,792,792,816,782,736,884,884,910,910,850,884,980,1008,910,910,945,1036,1064,1036,1036,1036,1140,1200,1312,1280,1312,1302,1386,1419,1419,1540,1620,1665,1419,1540,1748,1739,1692,1960,2009,2050,2009,2200,2193,2009,2091,2142,2091,1836,1908,1976,2173,2028,1944,2035,2200,2352,2090,2773,2610,2773,2880,2928,3050,3072,2961,3008,3250,3300,3551,3808,3933,4047,4118,4380,4575,4636,4697,4898,5103,5040,5265,5494,5712,5880,6264,6512,6825,6992,7392,7488,8100,8282,8988,9309,9680,10374,10998,11543,11858,12600,13362,14280,14628,15840,16724,17632,18960,20250,22100,23275,26312,28268,30049,33231,35371,38472,43139,47058,51724,58581,69834,75075,85156,97384,112750,134100,161044,195054,239166,305424,397068,540736,759046,880432,847959,790579,702119,526967,233376,0,0,0,0,0,0,0,0,0,0,0,0,0,0,0,0,0,0,0,0,0,0,0,0,0,0,0,0,0,0,0,0,0,0,0,0,0,0,0,0,0,0,0,0,0,0,0,0,0,0,0,0,0,0,0,0,0,0,0,0,0,0,0,0,0,0,0,0,0,0,0,0,0,0,0,0,0,0,0,0,0,0,0,0,0,0,0,0,0,0,0,0,0,0,0,0,0,0,0,0,0,0,0,0,0,0,0,0,0,0,0,0,0,0
609,638,638,638,690,690,667,720,696,744,750,720,690,775,775,775,768,792,775,858,858,884,891,918,972,962,962,962,1008,962,936,962,950,1014,1120,1092,1092,1131,1148,1148,1189,1240,1312,1394,1548,1548,1548,1628,1716,1748,1748,1794,1794,1794,1880,1880,1880,1786,1824,1911,2009,2040,2080,2132,2160,2279,2214,1998,2052,2408,2145,2793,2958,3000,2784,2880,3050,3050,2400,3264,3456,3819,4012,4002,4118,4140,4453,4650,4800,4940,5159,5226,5372,5589,5822,6192,6264,6570,6734,7050,7296,7742,7920,8715,9095,9657,9831,10350,10764,11520,12125,12700,13832,14416,15696,17052,17667,18720,19964,21801,23664,25560,27405,30492,33440,36022,39216,43497,47988,54526,64092,68952,79492,93585,107440,126003,153276,185484,231936,295748,391061,537328,766800,900328,867898,806601,710532,499950,173040,0,0,0,0,0,0,0,0,0,0,0,0,0,0,0,0,0,0,0,0,0,0,0,0,0,0,0,0,0,0,0,0,0,0,0,0,0,0,0,0,0,0,0,0,0,0,0,0,0,0,0,0,0,0,0,0,0,0,0,0,0,0,0,0,0,0,0,0,0,0,0,0,0,0,0,0,0,0,0,0,0,0,0,0,0,0,0,0,0,0,0,0,0,0,0,0,0,0,0,0,0,0,0,0,0,0,0,0,0,0,0,0,0,0,0,0,0,0,0,0
660,651,660,667,638,690,682,660,690,651,660,750,775,806,800,864,832,832,858,918,918,918,825,782,850,936,972,1073,1064,950,950,950,988,1014,1080,1053,1120,1160,1230,1302,1386,1302,1428,1505,1591,1628,1591,1794,1755,1833,1833,1880,1755,1880,2009,1960,1872,1960,1920,2000,2184,2080,2279,2322,1872,2200,2268,2508,2408,2610,2668,2784,2891,2378,3087,2989,3286,3528,3630,3933,4071,4060,4320,4453,4514,4800,5005,5082,5304,5600,5822,5964,6120,6424,6497,6734,7161,7584,7920,8383,8925,9288,9831,10146,10647,11305,11737,12500,13130,14280,15228,16644,17700,18876,20286,21414,23874,25521,28161,31243,34020,36239,41064,44345,49601,57960,64666,74704,86304,102108,117177,141988,173892,217294,277970,367824,510600,744820,916880,878275,825796,732466,505267,152520,0,0,0,0,0,0,0,0,0,0,0,0,0,0,0,0,0,0,0,0,0,0,0,0,0,0,0,0,0,0,0,0,0,0,0,0,0,0,0,0,0,0,0,0,0,0,0,0,0,0,0,0,0,0,0,0,0,0,0,0,0,0,0,0,0,0,0,0,0,0,0,0,0,0,0,0,0,0,0,0,0,0,0,0,0,0,0,0,0,0,0,0,0,0,0,0,0,0,0,0,0,0,0,0,0,0,0,0,0,0,0,0,0,0,0,0,0,0,0,0,0,0,0,0,0
858,858,832,891,884,945,918,850,816,884,945,1008,910,918,1008,1110,1036,925,988,1053,1200,1160,1189,1160,1230,1148,1176,1302,1290,1376,1591,1755,1575,1610,1800,1845,1932,2200,2016,2009,2200,2107,2058,2193,2142,2332,2332,2376,2322,2420,2565,2240,2610,2726,2950,2940,3162,3213,3100,3150,3510,3564,3808,3990,4200,4402,4464,4725,4851,5070,5135,5135,5412,5740,5865,6106,6424,6734,7220,7220,8019,7979,8446,8988,9483,10080,10374,11210,11737,12625,13029,13905,15478,16095,17135,18600,19398,21414,23142,25340,27972,31400,34020,36686,40950,45201,50112,57324,65232,75306,87544,103062,121836,146640,182688,228981,297130,400950,570178,846279,900610,852606,781440,646350,0,0,0,0,0,0,0,0,0,0,0,0,0,0,0,0,0,0,0,0,0,0,0,0,0,0,0,0,0,0,0,0,0,0,0,0,0,0,0,0,0,0,0,0,0,0,0,0,0,0,0,0,0,0,0,0,0,0,0,0,0,0,0,0,0,0,0,0,0,0,0,0,0,0,0,0,0,0,0,0,0,0,0,0,0,0,0,0,0,0,0,0,0,0,0,0,0,0,0,0,0,0,0,0,0,0,0,0,0,0,0,0,0,0,0,0,0,0,0,0,0,0,0,0,0,0,0,0,0,0,0,0,0,0,0,0,0,0,0,0,0,0,0,0,0
667,667,720,696,720,720,660,690,713,736,736,759,768,825,759,748,748,748,840,936,936,864,962,999,1120,1131,1102,1209,1209,1178,1240,1248,1394,1505,1470,1540,1665,1672,1540,1620,1628,1710,1748,1872,1880,1927,1872,2050,1950,2091,2142,2142,2050,2040,2184,2173,2385,1908,2332,2679,2736,2679,2726,2832,2989,2880,2688,2752,3498,3618,3808,3819,4060,4060,4060,4320,4588,4712,4851,5214,5508,5494,5561,5934,6497,6716,7125,7488,7900,8364,8904,9180,9856,10057,10974,11616,12028,13029,13770,15429,16352,17550,18910,20955,22440,24030,26180,29156,32499,35371,39672,44640,50304,58374,68154,76936,91186,109725,131859,162690,204369,263494,361080,506178,743904,731880,706160,653997,526050,0,0,0,0,0,0,0,0,0,0,0,0,0,0,0,0,0,0,0,0,0,0,0,0,0,0,0,0,0,0,0,0,0,0,0,0,0,0,0,0,0,0,0,0,0,0,0,0,0,0,0,0,0,0,0,0,0,0,0,0,0,0,0,0,0,0,0,0,0,0,0,0,0,0,0,0,0,0,0,0,0,0,0,0,0,0,0,0,0,0,0,0,0,0,0,0,0,0,0,0,0,0,0,0,0,0,0,0,0,0,0,0,0,0,0,0,0,0,0,0,0,0,0,0,0,0,0,0,0,0,0,0,0,0,0,0,0,0,0,0
651,704,825,816,800,744,744,775,744,690,768,825,850,816,816,816,850,825,816,816,792,858,891,884,980,936,925,962,1026,1131,1064,1200,1170,1240,1240,1240,1386,1470,1470,1540,1628,1634,1710,1794,1800,1794,1927,1932,2058,2100,2150,2080,1836,1785,1938,2028,2106,2279,2530,2576,2610,2508,2337,2784,2900,3000,2976,3162,3315,3366,3630,3808,4047,4200,4380,4514,4575,4875,4928,5056,5200,5427,5561,5964,6248,6624,7050,7392,7742,8343,8881,9288,9744,10057,11067,11808,12000,13332,14385,15087,16758,18088,19803,20750,23100,24254,27599,29896,33338,36512,41693,46805,53508,61950,71416,82800,99580,119280,145390,182133,234166,314324,433992,633753,725851,683669,638775,529584,0,0,0,0,0,0,0,0,0,0,0,0,0,0,0,0,0,0,0,0,0,0,0,0,0,0,0,0,0,0,0,0,0,0,0,0,0,0,0,0,0,0,0,0,0,0,0,0,0,0,0,0,0,0,0,0,0,0,0,0,0,0,0,0,0,0,0,0,0,0,0,0,0,0,0,0,0,0,0,0,0,0,0,0,0,0,0,0,0,0,0,0,0,0,0,0,0,0,0,0,0,0,0,0,0,0,0,0,0,0,0,0,0,0,0,0,0,0,0,0,0,0,0,0,0,0,0,0,0,0,0,0,0,0,0,0,0,0,0,0,0
4424,4424,4446,4582,4980,4980,5394,5355,5481,5332,5394,5456,5544,5696,5850,6097,6097,5980,6204,6204,6270,6365,6365,6762,6860,7100,6930,7100,7272,7416,7519,7622,7622,7800,8132,8132,8393,8424,8502,8769,8848,8960,9200,9379,9860,9628,9628,10080,10080,10200,10406,10875,10788,10912,11214,11557,11557,11648,12276,12052,12408,12314,12596,13192,13900,14200,14544,14790,14976,15392,15688,16157,16264,16632,17050,17270,17600,18193,18515,19024,19800,20328,20984,21452,22000,22428,22987,23495,24123,24510,25152,26130,26928,27600,28420,29187,30240,31244,33150,34126,35420,35495,36424,37920,39688,41743,42336,43776,44807,47348,48600,51152,53580,54910,58212,59700,61707,65302,68670,71928,75020,78624,81753,86480,92062,97110,103020,108160,115020,121108,128800,138116,146914,157590,168432,182490,194820,209196,224802,247866,268812,295610,320778,350948,388740,433650,481944,536131,605176,684828,715392,756855,762197,754231,739025,729538,719740,703500,693420,669228,649936,625600,594220,546720,485815,409975,323694,229834,0,0,0,0,0,0,0,0,0,0,0,0,0,0,0,0,0,0,0,0,0,0,0,0,0,0,0,0,0,0,0,0,0,0,0,0,0,0,0,0,0,0,0,0,0,0,0,0,0,0,0,0,0,0,0,0,0,0,0,0,0,0,0,0,0,0,0,0,0,0,0,0,0,0,0,0,0,0,0,0,0,0,0,0,0,0,0,0,0,0,0,0,0,0,0,0,0,0,0,0,0
4345,4617,4565,4788,4814,5015,5074,5015,5015,5246,5246,5246,5368,5429,5733,5733,5733,5796,5859,6110,6144,6110,6175,6365,6528,6693,6596,6732,6900,7000,7000,7171,7313,7488,7488,7416,7770,7560,8175,8284,8284,8066,8547,8580,8580,8927,9153,9200,9315,9396,9758,9960,10370,10332,10664,10750,11136,11264,11310,11440,11570,11659,12328,12420,12690,13110,13440,13536,13774,13720,14400,14645,14847,15300,15656,16016,16275,16642,17280,17440,17982,18256,18975,19488,19773,20933,20812,21228,22444,23058,23865,24816,25344,26055,26928,28773,29469,30660,30806,31672,32631,33744,35568,36498,37760,38880,40590,41664,43350,44548,47259,48867,50784,53856,54621,58110,59994,63539,66654,69841,73563,78719,83814,86676,92400,98306,104648,113316,120053,130530,139650,150288,161508,176366,190742,209792,228780,249984,273533,304304,337152,377098,421255,472260,535398,613836,706077,803196,845596,834772,829192,809600,792456,778680,758016,732544,703391,669024,619226,547560,457072,345714,221000,0,0,0,0,0,0,0,0,0,0,0,0,0,0,0,0,0,0,0,0,0,0,0,0,0,0,0,0,0,0,0,0,0,0,0,0,0,0,0,0,0,0,0,0,0,0,0,0,0,0,0,0,0,0,0,0,0,0,0,0,0,0,0,0,0,0,0,0,0,0,0,0,0,0,0,0,0,0,0,0,0,0,0,0,0,0,0,0,0,0,0,0,0,0,0,0,0,0,0,0,0,0,0,0,0,0
3008,3234,3366,3484,3726,3740,3726,3710,3834,3834,3888,3960,4015,3960,4125,4200,4125,4389,4524,4389,4524,4620,4602,4779,4880,4880,5022,5103,5312,5208,5292,5440,5440,5655,5762,5874,5785,6030,6188,6072,6072,6417,6417,6324,6693,6555,6816,6720,7100,7029,6860,7171,7519,7548,7474,7446,7738,7844,7770,8346,8393,8346,8960,9153,9430,9396,9512,9794,9912,10164,10248,10836,11303,11392,11352,12103,12236,12420,12741,13344,13818,13959,14400,14600,14994,16006,16157,16940,17270,17696,18032,18924,19992,20007,20760,21824,22444,22806,23184,24310,25152,25862,26730,27876,28700,29962,31175,32116,33522,35568,36424,38240,39772,41664,43942,45499,48151,50690,52828,54810,59103,63140,64684,70090,74241,75900,80775,86163,92544,97170,101680,111708,121040,131227,140940,154530,163770,186706,203895,226300,249936,276906,313443,355608,393588,453000,516833,604515,700392,809970,870160,868248,854250,847196,831193,818176,786670,762112,733586,681120,595386,489202,350300,201150,67872,0,0,0,0,0,0,0,0,0,0,0,0,0,0,0,0,0,0,0,0,0,0,0,0,0,0,0,0,0,0,0,0,0,0,0,0,0,0,0,0,0,0,0,0,0,0,0,0,0,0,0,0,0,0,0,0,0,0,0,0,0,0,0,0,0,0,0,0,0,0,0,0,0,0,0,0,0,0,0,0,0,0,0,0,0,0,0,0,0,0,0,0,0,0,0,0,0,0,0,0,0,0,0,0
3072,3072,3072,3250,3250,3072,3350,3400,3400,3400,3450,3500,3450,3500,3621,3672,3692,3744,3796,3744,4050,4050,4015,4070,4125,4158,4290,4180,4312,4368,4320,4480,4560,4480,4756,4897,4872,5015,5015,5160,5246,5270,5208,5418,5332,5607,5733,5980,6045,6138,6298,6270,6336,6624,6762,6831,7029,7242,7313,7416,7416,7592,7992,8025,8284,8470,8580,8736,9006,9280,9396,9758,9877,10248,10292,10455,10788,10875,11392,11528,11659,12462,12690,13015,13483,13959,14300,14500,15141,15750,16006,16632,16895,17808,18193,19140,19656,20178,20768,21296,22017,22568,23622,24192,25476,26730,27800,29046,30602,31536,32116,33896,35412,36814,38318,40425,42084,44980,46284,48600,51708,54243,56935,60800,63336,67184,71476,76812,81396,86814,92160,99250,107169,114215,124476,136119,150670,164523,182698,199404,217770,240482,269598,301490,338772,391040,445312,513659,594605,696276,822976,851436,827652,815100,798532,785312,766020,736126,702351,657621,586993,493442,370898,224000,0,0,0,0,0,0,0,0,0,0,0,0,0,0,0,0,0,0,0,0,0,0,0,0,0,0,0,0,0,0,0,0,0,0,0,0,0,0,0,0,0,0,0,0,0,0,0,0,0,0,0,0,0,0,0,0,0,0,0,0,0,0,0,0,0,0,0,0,0,0,0,0,0,0,0,0,0,0,0,0,0,0,0,0,0,0,0,0,0,0,0,0,0,0,0,0,0,0,0,0,0,0,0,0,0
2508,2552,2552,2790,2790,2806,2961,3024,3136,3136,3200,3315,3380,3432,3551,3536,3588,3536,3850,3905,3850,3942,4015,4015,3942,4088,4218,4366,4680,4697,4819,5166,5166,5248,5292,5229,5440,5208,5504,5676,5655,5676,5874,6097,6164,6188,6188,6486,6580,6696,6768,6912,6984,7081,7400,7575,7575,7474,7980,8190,8162,8346,8470,8769,9153,9315,9594,9711,9912,10285,10285,10875,11176,11392,11659,12314,12285,12555,13066,13677,14058,14688,15038,15794,16157,16112,17050,17967,19352,19873,20740,20640,21948,22912,23114,23184,24497,25594,26248,27674,28764,30960,32550,33000,34565,37030,38940,40824,42330,44625,46898,49227,51888,55380,59295,62721,68052,69978,75825,80730,86848,92686,100838,106912,113616,128417,139576,150801,169920,189501,213010,237632,268372,307098,353133,410916,477191,571094,670128,800410,820512,814136,809655,805191,782628,779355,751156,733355,689728,604968,477950,317756,147318,0,0,0,0,0,0,0,0,0,0,0,0,0,0,0,0,0,0,0,0,0,0,0,0,0,0,0,0,0,0,0,0,0,0,0,0,0,0,0,0,0,0,0,0,0,0,0,0,0,0,0,0,0,0,0,0,0,0,0,0,0,0,0,0,0,0,0,0,0,0,0,0,0,0,0,0,0,0,0,0,0,0,0,0,0,0,0,0,0,0,0,0,0,0,0,0,0,0,0,0,0,0,0,0,0,0,0,0,0,0,0,0,0,0,0,0
2322,2226,2226,2214,2268,2268,2322,2464,2520,2420,2565,2632,2726,2832,2784,2891,2891,2773,2880,2928,2928,2989,2989,3224,3315,3264,3328,3445,3392,3564,3498,3685,3672,3864,3795,3864,3920,3990,3990,4104,4088,4088,4161,4292,4350,4350,4484,4543,4620,4914,4977,5103,5022,5040,5166,5166,5395,5525,5440,5504,5829,6072,6210,6279,6300,6256,6440,6840,6984,7154,7128,7227,7575,7676,7828,8112,8374,8748,8640,8991,9213,9379,9744,10062,10320,10492,10875,11430,11088,11557,12090,12408,12672,13328,13622,14140,14342,15688,16157,17402,17205,18012,18860,20374,22610,21546,23625,25844,26554,26966,29876,29800,28944,30784,31737,33592,35616,38048,39913,41820,44625,47241,50760,55770,57130,61295,64890,69122,74698,80484,88298,96500,103424,114750,124544,138225,156045,175480,198930,228000,263310,301040,355740,415648,495264,594945,715786,799568,789057,779056,778844,774003,764934,751248,723840,695387,606719,457899,275566,0,0,0,0,0,0,0,0,0,0,0,0,0,0,0,0,0,0,0,0,0,0,0,0,0,0,0,0,0,0,0,0,0,0,0,0,0,0,0,0,0,0,0,0,0,0,0,0,0,0,0,0,0,0,0,0,0,0,0,0,0,0,0,0,0,0,0,0,0,0,0,0,0,0,0,0,0,0,0,0,0,0,0,0,0,0,0,0,0,0,0,0,0,0,0,0,0,0,0,0,0,0,0,0,0,0,0,0,0,0
2184,2145,2280,2145,2160,2214,2352,2310,2365,2508,2508,2408,2494,2596,2552,2494,2640,2640,2655,2760,2760,2867,2914,2852,3008,3055,3350,3350,3519,3400,3332,3381,3519,3500,3621,3519,3570,3796,3900,4028,3975,4104,4345,4290,4400,4345,4455,4455,4617,4756,4814,4956,4956,5040,5544,5696,5696,6097,6256,6392,6486,6720,6745,6958,6887,7081,7128,7904,8085,7904,8132,8424,8611,9120,9594,9912,10164,10043,10492,10875,11303,11610,12012,12502,13110,13622,14200,14400,15141,15198,15855,16848,17538,18630,19372,19773,20349,21350,22606,23349,24738,26055,27661,29172,30806,33069,33673,35168,38232,40095,42160,44461,47700,50505,53487,58014,61408,66352,72144,77504,84448,91718,103458,112560,124764,140600,157684,179024,201563,231478,265335,307304,357298,425700,514221,625482,777699,950184,959136,947589,923644,897028,866320,820248,763707,649581,485688,273222,0,0,0,0,0,0,0,0,0,0,0,0,0,0,0,0,0,0,0,0,0,0,0,0,0,0,0,0,0,0,0,0,0,0,0,0,0,0,0,0,0,0,0,0,0,0,0,0,0,0,0,0,0,0,0,0,0,0,0,0,0,0,0,0,0,0,0,0,0,0,0,0,0,0,0,0,0,0,0,0,0,0,0,0,0,0,0,0,0,0,0,0,0,0,0,0,0,0,0,0,0,0,0,0,0,0,0,0,0,0,0,0,0,0,0,0,0,0,0,0,0
2028,2080,2160,2160,2255,2352,2296,2352,2436,2451,2494,2760,2806,2976,3024,2867,2867,3024,3162,3213,3264,3445,3551,3657,3588,3640,3692,4070,3796,4144,4125,4144,4180,4332,4466,4602,4602,4941,4941,5146,5292,5440,5590,5720,5874,5874,6097,6188,6486,6580,6816,7154,7154,7474,7696,7446,7665,7519,7918,8284,8658,9120,8892,9440,9758,10043,9840,10836,10922,11397,11397,12194,12467,18432,17228,16650,17248,17427,17696,18419,19305,19720,20944,22072,23310,24064,25152,27126,28014,29328,32631,33150,35340,39360,39204,42084,45326,48867,53010,59637,66126,66126,73684,78624,83846,91415,100614,114840,123471,140630,159075,184898,210888,244032,291005,336960,406600,492780,558642,607372,655116,707115,691302,637446,597870,561078,493290,392400,246644,0,0,0,0,0,0,0,0,0,0,0,0,0,0,0,0,0,0,0,0,0,0,0,0,0,0,0,0,0,0,0,0,0,0,0,0,0,0,0,0,0,0,0,0,0,0,0,0,0,0,0,0,0,0,0,0,0,0,0,0,0,0,0,0,0,0,0,0,0,0,0,0,0,0,0,0,0,0,0,0,0,0,0,0,0,0,0,0,0,0,0,0,0,0,0,0,0,0,0,0,0,0,0,0,0,0,0,0,0,0,0,0,0,0,0,0,0,0,0,0,0,0,0,0,0,0,0,0,0,0,0,0,0,0,0,0,0,0,0,0
962,999,1064,1131,1131,1170,1170,1248,1280,1248,1271,1656,1620,1656,1575,1656,1610,1739,1776,1739,1900,1900,1900,1900,1900,1989,1938,1976,2014,1938,2067,2145,2240,2200,2240,2296,2240,2280,2378,2436,2478,2520,2684,2666,2666,2772,2835,2898,2961,3136,3300,3300,3350,3468,3468,3519,3640,3744,3816,3816,3869,3942,3996,4050,4368,4389,4389,4389,4312,4602,4800,4880,4897,5124,5208,5355,5376,5440,5720,5874,6097,6231,6298,6555,6790,6816,7227,7227,7272,7800,8346,8239,8611,8880,9072,9379,9711,10285,10370,11000,11557,12052,12540,12972,13524,13800,14140,14976,15582,16264,16940,18285,19024,19754,21279,22302,23660,24816,26112,26989,30459,31886,32250,34410,36640,39032,41574,44892,48594,51615,56163,60400,66044,72044,78525,87927,97500,109145,122598,137886,157872,180819,211220,243840,287820,341224,413705,487256,533824,588892,623371,600621,576138,546843,510880,451143,355718,220626,0,0,0,0,0,0,0,0,0,0,0,0,0,0,0,0,0,0,0,0,0,0,0,0,0,0,0,0,0,0,0,0,0,0,0,0,0,0,0,0,0,0,0,0,0,0,0,0,0,0,0,0,0,0,0,0,0,0,0,0,0,0,0,0,0,0,0,0,0,0,0,0,0,0,0,0,0,0,0,0,0,0,0,0,0,0,0,0,0,0,0,0,0,0,0,0,0,0,0,0,0,0,0,0,0,0,0,0,0,0,0
1900,1900,1887,1976,1976,2067,2214,2255,2310,2200,2464,2508,2520,2773,2914,2820,2880,3038,3038,3150,3264,3366,3432,3536,3657,3726,3780,3976,4032,4161,4292,4161,4484,4408,4466,4389,4503,4661,4800,4860,5022,5146,5229,5208,5355,5655,5720,5874,5785,6072,6097,6417,6324,6528,6930,7300,7725,7474,7622,8056,8611,8769,8848,9153,9396,9594,9794,10285,10527,10912,11214,11830,12369,12690,13248,13916,14443,15141,15496,16568,17696,20736,22770,21912,23664,22784,23892,25403,25935,28014,28840,30660,32333,34425,36960,39600,44278,45325,49322,50778,55581,64056,65163,72360,78273,86072,95013,104742,118188,130851,151200,176229,203205,234146,283905,334848,410182,506150,630230,771568,860218,878574,848266,813290,783900,726570,633402,475125,259376,0,0,0,0,0,0,0,0,0,0,0,0,0,0,0,0,0,0,0,0,0,0,0,0,0,0,0,0,0,0,0,0,0,0,0,0,0,0,0,0,0,0,0,0,0,0,0,0,0,0,0,0,0,0,0,0,0,0,0,0,0,0,0,0,0,0,0,0,0,0,0,0,0,0,0,0,0,0,0,0,0,0,0,0,0,0,0,0,0,0,0,0,0,0,0,0,0,0,0,0,0,0,0,0,0,0,0,0,0,0,0,0,0,0,0,0,0,0,0,0,0,0,0,0,0,0,0,0,0,0,0,0,0,0,0,0,0,0,0,0
1715,1764,1764,2145,2145,2394,2296,2408,2394,2537,2494,2537,2537,2552,2640,2790,2790,2852,2852,2914,3008,3120,3102,3216,3216,3149,3381,3500,3621,3519,3528,3621,3621,3744,3816,3796,3869,3975,4104,4158,4424,4503,4756,4756,4814,4956,5270,5185,5332,5544,5785,5785,6006,6231,6324,6555,6624,7056,7128,7474,7622,7575,7828,8162,8532,8560,8910,9379,9690,10005,10769,11250,10980,12032,12672,12998,13900,14382,15120,15768,16761,17515,18444,19305,20207,21500,22987,23790,25380,27440,30015,31439,32984,35011,38394,40247,43092,46992,50505,55005,60501,66150,72158,79223,90375,98923,112560,127232,145743,168480,195361,227794,274995,328938,401760,505284,646075,777116,818748,805632,778720,744504,706330,641560,514840,324753,0,0,0,0,0,0,0,0,0,0,0,0,0,0,0,0,0,0,0,0,0,0,0,0,0,0,0,0,0,0,0,0,0,0,0,0,0,0,0,0,0,0,0,0,0,0,0,0,0,0,0,0,0,0,0,0,0,0,0,0,0,0,0,0,0,0,0,0,0,0,0,0,0,0,0,0,0,0,0,0,0,0,0,0,0,0,0,0,0,0,0,0,0,0,0,0,0,0,0,0,0,0,0,0,0,0,0,0,0,0,0,0,0,0,0,0,0,0,0,0,0,0,0,0,0,0,0,0,0,0,0,0,0,0,0,0,0,0,0,0,0,0,0
1305,1680,1692,1617,1728,1850,2067,2255,2214,2214,2320,2914,2914,2867,2989,3250,3315,3380,3283,3484,3604,3657,3726,3780,3657,4307,4650,4560,4836,4620,4898,5248,5412,5376,5270,5418,5568,5785,6030,6279,6417,6816,6816,7128,7622,7373,7326,7931,8008,8502,8690,9040,9512,10080,10540,10788,11340,11700,11739,12462,13110,13720,14500,14586,15645,16632,17248,19188,20984,21948,22680,23994,26334,27126,28905,30450,32340,35866,37760,40508,44032,49762,51522,59400,60695,67392,75924,83030,92062,103068,115976,130384,150397,177018,207655,248245,301184,375840,469680,590072,746850,831357,853866,825396,783853,740454,669606,536529,333943,100562,0,0,0,0,0,0,0,0,0,0,0,0,0,0,0,0,0,0,0,0,0,0,0,0,0,0,0,0,0,0,0,0,0,0,0,0,0,0,0,0,0,0,0,0,0,0,0,0,0,0,0,0,0,0,0,0,0,0,0,0,0,0,0,0,0,0,0,0,0,0,0,0,0,0,0,0,0,0,0,0,0,0,0,0,0,0,0,0,0,0,0,0,0,0,0,0,0,0,0,0,0,0,0,0,0,0,0,0,0,0,0,0,0,0,0,0,0,0,0,0,0,0,0,0,0,0,0,0,0,0,0,0,0,0,0,0,0,0,0,0,0,0,0,0,0,0,0,0,0,0,0,0,0,0,0,0,0,0,0
1850,2365,2508,2508,2408,2508,2552,2552,2552,2790,2914,2961,3072,3168,3234,3400,3400,3519,3500,3621,3834,3976,4161,4161,4218,4275,4408,4466,4602,4880,4720,4860,5166,5376,5208,5504,5696,6097,5940,6164,6720,6816,7227,7400,7575,7828,8216,8424,8938,9265,9690,10062,10148,10648,11500,11997,12576,12864,14100,14976,15688,16524,17472,18532,19706,21156,24254,27118,31266,33462,34604,34662,34697,36960,39196,43172,46288,51336,55488,61305,68688,76590,86346,98392,112674,129105,150670,179487,217540,258201,324691,411028,536674,684574,786422,776663,752865,720780,684684,611912,460100,229042,0,0,0,0,0,0,0,0,0,0,0,0,0,0,0,0,0,0,0,0,0,0,0,0,0,0,0,0,0,0,0,0,0,0,0,0,0,0,0,0,0,0,0,0,0,0,0,0,0,0,0,0,0,0,0,0,0,0,0,0,0,0,0,0,0,0,0,0,0,0,0,0,0,0,0,0,0,0,0,0,0,0,0,0,0,0,0,0,0,0,0,0,0,0,0,0,0,0,0,0,0,0,0,0,0,0,0,0,0,0,0,0,0,0,0,0,0,0,0,0,0,0,0,0,0,0,0,0,0,0,0,0,0,0,0,0,0,0,0,0,0,0,0,0,0,0,0,0,0,0,0,0,0,0,0,0,0,0,0,0,0,0,0,0,0,0,0
1230,1271,1312,1312,1419,1462,1462,1462,1540,1505,1470,1505,1540,1584,1610,1610,1728,1800,1850,1850,1850,1850,1887,1938,2028,2014,2014,2160,2106,2145,2145,2352,2408,2451,2552,2610,2655,2700,2728,2806,2898,2944,3120,3168,3168,3168,3350,3450,3417,3366,3468,3519,3550,3500,3816,3888,4015,4200,4389,4408,4466,4661,4920,5002,5146,5355,5504,5590,5785,6164,6164,6298,6486,6887,7056,7300,7474,7950,8162,8346,8611,9120,9711,10440,10701,11125,11557,12276,12502,13110,13860,14586,15435,16430,17380,18193,19372,20984,22554,23920,25920,28356,29601,31672,34854,38957,40425,44634,48327,53862,58806,64478,72044,80812,92964,104856,122876,144658,173250,203104,246144,300960,383520,499548,660156,762480,753872,725963,686868,640770,555225,396198,170370,0,0,0,0,0,0,0,0,0,0,0,0,0,0,0,0,0,0,0,0,0,0,0,0,0,0,0,0,0,0,0,0,0,0,0,0,0,0,0,0,0,0,0,0,0,0,0,0,0,0,0,0,0,0,0,0,0,0,0,0,0,0,0,0,0,0,0,0,0,0,0,0,0,0,0,0,0,0,0,0,0,0,0,0,0,0,0,0,0,0,0,0,0,0,0,0,0,0,0,0,0,0,0,0,0,0,0,0,0,0,0,0,0,0,0,0,0,0,0,0,0,0,0,0,0,0,0,0,0,0,0,0,0,0,0,0
1312,1419,1462,1496,1505,1419,1452,1485,1540,1692,1739,1786,1739,1824,1862,1900,1950,2028,2214,2268,2322,2408,2464,2610,2552,3264,3468,3519,3588,3640,3710,3763,3922,4256,4180,4180,4446,4446,4560,4800,4838,5002,5312,5440,5504,5655,5896,6030,5963,6279,6603,6674,7425,7676,8320,8748,9213,9184,9775,10353,10148,10527,11303,11868,12502,13289,13622,14256,15402,15900,16848,18468,19604,20349,22784,25482,27068,28912,30672,32400,35256,38232,42330,48151,50592,60088,65626,69438,78422,88080,100980,115401,136656,160528,192324,235246,293112,380359,496888,643956,735264,755568,723968,684750,626808,523800,336708,94350,0,0,0,0,0,0,0,0,0,0,0,0,0,0,0,0,0,0,0,0,0,0,0,0,0,0,0,0,0,0,0,0,0,0,0,0,0,0,0,0,0,0,0,0,0,0,0,0,0,0,0,0,0,0,0,0,0,0,0,0,0,0,0,0,0,0,0,0,0,0,0,0,0,0,0,0,0,0,0,0,0,0,0,0,0,0,0,0,0,0,0,0,0,0,0,0,0,0,0,0,0,0,0,0,0,0,0,0,0,0,0,0,0,0,0,0,0,0,0,0,0,0,0,0,0,0,0,0,0,0,0,0,0,0,0,0,0,0,0,0,0,0,0,0,0,0,0,0,0,0,0,0,0,0,0,0,0,0,0,0,0
792,864,888,912,950,950,1040,1014,1014,1092,1170,1170,1170,1240,1353,1302,1376,1333,1376,1419,1452,1462,1564,1656,1620,1610,1692,1665,1692,1610,1610,1739,1739,1776,1728,1776,1862,1911,1950,1989,2040,1989,1989,2120,2120,2268,2255,2408,2352,2508,2508,2565,2655,2655,2700,2745,2898,3072,3136,3072,3250,3185,3366,3417,3536,3657,3763,3888,3922,4125,4200,4332,4389,4661,4740,4880,5022,5184,5355,5655,5850,5940,6097,6417,6486,6816,7227,7548,7904,8393,8374,8927,9266,9828,10492,10320,11000,11570,12183,12960,13916,14790,15855,17270,17854,19024,20160,21948,23478,25460,28560,30429,31737,34565,37120,40338,45408,48600,53856,60800,67942,77952,89280,101745,118320,137824,165900,201260,245322,312488,399685,535398,640359,626416,606372,579026,535090,460224,316395,109450,0,0,0,0,0,0,0,0,0,0,0,0,0,0,0,0,0,0,0,0,0,0,0,0,0,0,0,0,0,0,0,0,0,0,0,0,0,0,0,0,0,0,0,0,0,0,0,0,0,0,0,0,0,0,0,0,0,0,0,0,0,0,0,0,0,0,0,0,0,0,0,0,0,0,0,0,0,0,0,0,0,0,0,0,0,0,0,0,0,0,0,0,0,0,0,0,0,0,0,0,0,0,0,0,0,0,0,0,0,0,0,0,0,0,0,0,0,0,0,0,0,0,0,0,0,0,0,0,0
782,1196,1269,1900,2132,2279,2236,2322,2310,2322,2365,2464,2408,2552,2714,2806,2852,2867,2976,3072,3120,3315,3366,3417,3604,3710,3816,3780,3618,3920,3850,4032,4350,4425,4560,4880,4836,5040,5312,5440,5742,5963,6188,6256,6460,6555,6762,7272,7373,7770,8025,8132,9120,9594,9960,10416,10664,11310,12276,13110,13818,15184,20748,19375,20618,21417,22680,24123,25608,29751,31672,35190,36895,40424,45762,49956,55188,63428,72207,82992,95436,108360,129359,159640,196716,248624,323466,423203,581484,706725,729393,693252,648410,576800,436240,193905,0,0,0,0,0,0,0,0,0,0,0,0,0,0,0,0,0,0,0,0,0,0,0,0,0,0,0,0,0,0,0,0,0,0,0,0,0,0,0,0,0,0,0,0,0,0,0,0,0,0,0,0,0,0,0,0,0,0,0,0,0,0,0,0,0,0,0,0,0,0,0,0,0,0,0,0,0,0,0,0,0,0,0,0,0,0,0,0,0,0,0,0,0,0,0,0,0,0,0,0,0,0,0,0,0,0,0,0,0,0,0,0,0,0,0,0,0,0,0,0,0,0,0,0,0,0,0,0,0,0,0,0,0,0,0,0,0,0,0,0,0,0,0,0,0,0,0,0,0,0,0,0,0,0,0,0,0,0,0,0,0,0,0,0,0,0,0,0,0,0,0,0,0
1189,1144,1075,1232,1395,2091,2091,2173,2288,2332,2279,2340,2475,2576,2622,2668,2552,2610,2806,2700,2806,2976,3120,3315,3564,3380,3536,3380,3672,3726,3740,3780,3976,4104,4176,4292,4425,4620,4740,4960,5229,5376,5440,5808,6030,6188,6348,6392,6693,7100,7373,7770,8175,8547,9040,9676,9840,10248,10836,11528,12512,13440,14832,15288,16720,17270,18630,19890,22082,23680,26865,28356,30888,34958,38078,41998,44278,49680,56240,62884,73780,84360,96159,113183,135642,168081,206568,268710,355368,471670,626253,715502,690975,642243,574232,456210,228873,0,0,0,0,0,0,0,0,0,0,0,0,0,0,0,0,0,0,0,0,0,0,0,0,0,0,0,0,0,0,0,0,0,0,0,0,0,0,0,0,0,0,0,0,0,0,0,0,0,0,0,0,0,0,0,0,0,0,0,0,0,0,0,0,0,0,0,0,0,0,0,0,0,0,0,0,0,0,0,0,0,0,0,0,0,0,0,0,0,0,0,0,0,0,0,0,0,0,0,0,0,0,0,0,0,0,0,0,0,0,0,0,0,0,0,0,0,0,0,0,0,0,0,0,0,0,0,0,0,0,0,0,0,0,0,0,0,0,0,0,0,0,0,0,0,0,0,0,0,0,0,0,0,0,0,0,0,0,0,0,0,0,0,0,0,0,0,0,0,0,0,0
609,630,1551,1632,1900,2173,2173,2173,2160,2268,2420,2520,2508,2726,2655,2820,2760,2820,2914,3024,3250,3366,3604,3672,3657,3726,3850,3726,3905,3905,4032,4292,4408,4408,4620,4680,4880,5084,5292,5742,6052,6231,6324,6555,6674,7100,7272,7770,8132,8502,9006,9512,10164,10625,10875,11790,12648,13524,15805,16464,20881,20960,22610,21106,22568,25137,26460,29469,33220,36348,40836,43095,47696,54604,60334,68848,81493,92904,109140,130660,162225,203056,262094,354150,466281,653132,745038,715626,669324,607559,486380,245861,0,0,0,0,0,0,0,0,0,0,0,0,0,0,0,0,0,0,0,0,0,0,0,0,0,0,0,0,0,0,0,0,0,0,0,0,0,0,0,0,0,0,0,0,0,0,0,0,0,0,0,0,0,0,0,0,0,0,0,0,0,0,0,0,0,0,0,0,0,0,0,0,0,0,0,0,0,0,0,0,0,0,0,0,0,0,0,0,0,0,0,0,0,0,0,0,0,0,0,0,0,0,0,0,0,0,0,0,0,0,0,0,0,0,0,0,0,0,0,0,0,0,0,0,0,0,0,0,0,0,0,0,0,0,0,0,0,0,0,0,0,0,0,0,0,0,0,0,0,0,0,0,0,0,0,0,0,0,0,0,0,0,0,0,0,0,0,0,0,0,0,0,0,0,0,0,0
580,580,580,580,630,1200,1107,1271,946,945,1035,2091,2173,2226,2322,2173,2322,2376,2365,2451,2552,2640,2867,2806,2820,3087,3264,3264,3315,3484,3484,3588,3780,3864,3960,3864,3990,4032,4234,4484,4680,4898,5040,5040,5460,5655,6210,6279,6510,6580,6720,7100,7519,7800,8162,8502,9200,9628,9996,10750,11303,12144,13152,14382,18300,22379,22005,20468,22196,23749,25650,28420,31899,35650,38560,42504,47259,52824,59584,68153,80131,93120,108544,131320,162653,204730,262575,358660,491400,688880,766480,729657,689230,622875,482112,206118,0,0,0,0,0,0,0,0,0,0,0,0,0,0,0,0,0,0,0,0,0,0,0,0,0,0,0,0,0,0,0,0,0,0,0,0,0,0,0,0,0,0,0,0,0,0,0,0,0,0,0,0,0,0,0,0,0,0,0,0,0,0,0,0,0,0,0,0,0,0,0,0,0,0,0,0,0,0,0,0,0,0,0,0,0,0,0,0,0,0,0,0,0,0,0,0,0,0,0,0,0,0,0,0,0,0,0,0,0,0,0,0,0,0,0,0,0,0,0,0,0,0,0,0,0,0,0,0,0,0,0,0,0,0,0,0,0,0,0,0,0,0,0,0,0,0,0,0,0,0,0,0,0,0,0,0,0,0,0,0,0,0,0,0,0,0,0,0,0,0,0,0,0
910,1271,1290,1440,1472,1426,1472,1426,1551,1632,1800,1938,1887,2067,2040,2080,2184,2184,2365,2475,2508,2679,2552,2714,2867,2989,3162,3150,3510,3498,3551,3484,3685,3795,3795,3864,3905,4104,4425,4366,4560,4697,4960,5248,5504,5655,6052,5963,6417,6693,6624,7000,7446,7980,8132,8316,9120,9711,10164,10406,11136,12103,13110,14910,15435,17328,17064,19656,20178,22320,23936,27270,29120,32631,36660,39360,43587,49860,56024,64000,76212,88540,102752,124848,155742,196224,257759,349970,475640,648467,727168,682500,625537,539720,344862,0,0,0,0,0,0,0,0,0,0,0,0,0,0,0,0,0,0,0,0,0,0,0,0,0,0,0,0,0,0,0,0,0,0,0,0,0,0,0,0,0,0,0,0,0,0,0,0,0,0,0,0,0,0,0,0,0,0,0,0,0,0,0,0,0,0,0,0,0,0,0,0,0,0,0,0,0,0,0,0,0,0,0,0,0,0,0,0,0,0,0,0,0,0,0,0,0,0,0,0,0,0,0,0,0,0,0,0,0,0,0,0,0,0,0,0,0,0,0,0,0,0,0,0,0,0,0,0,0,0,0,0,0,0,0,0,0,0,0,0,0,0,0,0,0,0,0,0,0,0,0,0,0,0,0,0,0,0,0,0,0,0,0,0,0,0,0,0,0,0,0,0,0,0
782,840,816,805,825,910,988,1218,1462,1333,1564,1496,1645,1692,1776,1786,1950,1850,2132,2236,2484,2585,2632,2688,2726,2793,2940,2940,3050,3162,3162,3276,3328,3432,3498,3618,3618,3850,3850,3905,4144,4144,4484,4680,4680,4860,5063,5208,5632,5915,6270,6555,6624,7200,7519,7844,8175,8927,9280,9960,10164,10750,11997,12690,13344,14600,15808,17113,19305,19942,22072,24064,26928,28566,31899,34960,39688,44892,50137,60786,64400,75864,88473,106260,128700,162624,203320,271354,364900,520460,653250,671112,624976,558336,446157,205500,0,0,0,0,0,0,0,0,0,0,0,0,0,0,0,0,0,0,0,0,0,0,0,0,0,0,0,0,0,0,0,0,0,0,0,0,0,0,0,0,0,0,0,0,0,0,0,0,0,0,0,0,0,0,0,0,0,0,0,0,0,0,0,0,0,0,0,0,0,0,0,0,0,0,0,0,0,0,0,0,0,0,0,0,0,0,0,0,0,0,0,0,0,0,0,0,0,0,0,0,0,0,0,0,0,0,0,0,0,0,0,0,0,0,0,0,0,0,0,0,0,0,0,0,0,0,0,0,0,0,0,0,0,0,0,0,0,0,0,0,0,0,0,0,0,0,0,0,0,0,0,0,0,0,0,0,0,0,0,0,0,0,0,0,0,0,0,0,0,0,0,0,0
589,608,620,850,875,962,1134,1302,1290,1320,1333,1302,1320,1247,1204,1350,2107,2107,2150,2288,2392,2438,2420,2484,2530,2632,2773,2891,3100,3162,3050,3100,3162,3264,3380,3498,3604,3672,3834,3905,4070,4200,4524,4602,4720,4880,5229,5229,5568,5785,5915,6204,6831,7171,7548,7875,8640,8960,9396,9676,10455,11088,11837,12502,14014,14700,15606,17280,18532,20587,22568,24960,26865,30388,32412,36972,40836,46550,53580,62486,68598,80002,95918,114920,141856,178959,235587,322486,443104,600116,665280,626538,565495,472209,258456,0,0,0,0,0,0,0,0,0,0,0,0,0,0,0,0,0,0,0,0,0,0,0,0,0,0,0,0,0,0,0,0,0,0,0,0,0,0,0,0,0,0,0,0,0,0,0,0,0,0,0,0,0,0,0,0,0,0,0,0,0,0,0,0,0,0,0,0,0,0,0,0,0,0,0,0,0,0,0,0,0,0,0,0,0,0,0,0,0,0,0,0,0,0,0,0,0,0,0,0,0,0,0,0,0,0,0,0,0,0,0,0,0,0,0,0,0,0,0,0,0,0,0,0,0,0,0,0,0,0,0,0,0,0,0,0,0,0,0,0,0,0,0,0,0,0,0,0,0,0,0,0,0,0,0,0,0,0,0,0,0,0,0,0,0,0,0,0,0,0,0,0,0,0
1344,1364,1485,1395,1426,1519,1392,1421,1581,1872,1961,2420,2365,2622,2508,2784,2773,2940,2989,3150,3213,3380,3432,3498,3740,3536,3780,3905,4088,4275,4524,4582,4720,4880,5063,5146,5544,5940,6045,6298,6762,7272,7446,7800,8436,8736,9462,9912,10912,11520,12901,14214,15184,16264,17222,18532,20007,22140,23876,27405,29820,33972,38400,42926,48416,56935,66976,74820,90240,108630,135752,169959,223924,305292,426166,532338,613470,572793,501891,399500,174336,0,0,0,0,0,0,0,0,0,0,0,0,0,0,0,0,0,0,0,0,0,0,0,0,0,0,0,0,0,0,0,0,0,0,0,0,0,0,0,0,0,0,0,0,0,0,0,0,0,0,0,0,0,0,0,0,0,0,0,0,0,0,0,0,0,0,0,0,0,0,0,0,0,0,0,0,0,0,0,0,0,0,0,0,0,0,0,0,0,0,0,0,0,0,0,0,0,0,0,0,0,0,0,0,0,0,0,0,0,0,0,0,0,0,0,0,0,0,0,0,0,0,0,0,0,0,0,0,0,0,0,0,0,0,0,0,0,0,0,0,0,0,0,0,0,0,0,0,0,0,0,0,0,0,0,0,0,0,0,0,0,0,0,0,0,0,0,0,0,0,0,0,0,0,0,0,0,0,0,0,0,0,0,0,0,0,0,0
660,713,1040,858,960,1032,1372,1768,2332,2430,2544,2750,2750,2679,2622,2668,2700,2820,2928,2989,3038,3087,3315,3400,3536,3604,3834,3888,4032,4088,4332,4466,4602,4698,5040,5100,5340,5544,5824,6204,6624,7000,7272,7592,8239,8778,9512,10614,11160,11997,12690,13774,15096,16275,17331,18648,20532,22936,24765,28222,30174,34881,38710,45236,53108,59328,69680,81620,100116,122553,151548,198269,269500,370396,468852,539019,527075,425691,323390,125928,0,0,0,0,0,0,0,0,0,0,0,0,0,0,0,0,0,0,0,0,0,0,0,0,0,0,0,0,0,0,0,0,0,0,0,0,0,0,0,0,0,0,0,0,0,0,0,0,0,0,0,0,0,0,0,0,0,0,0,0,0,0,0,0,0,0,0,0,0,0,0,0,0,0,0,0,0,0,0,0,0,0,0,0,0,0,0,0,0,0,0,0,0,0,0,0,0,0,0,0,0,0,0,0,0,0,0,0,0,0,0,0,0,0,0,0,0,0,0,0,0,0,0,0,0,0,0,0,0,0,0,0,0,0,0,0,0,0,0,0,0,0,0,0,0,0,0,0,0,0,0,0,0,0,0,0,0,0,0,0,0,0,0,0,0,0,0,0,0,0,0,0,0,0,0,0,0,0,0,0,0,0,0,0,0,0,0,0,0
494,532,532,620,682,713,936,1008,1107,1215,1421,1421,1450,1508,1768,2160,2376,2520,2640,2679,2679,2832,2928,3172,3339,3380,3551,3445,3618,3672,3726,3905,3960,4088,4332,4740,4620,4800,4941,5270,5355,5696,6045,6460,6596,7171,7519,8025,8547,9040,9828,10492,11340,13068,13900,15330,16006,17331,18860,20768,21780,24318,27202,30315,34350,38880,44631,51324,60676,69264,82575,100528,124470,156152,205095,279630,395712,501300,585855,537253,446600,336255,0,0,0,0,0,0,0,0,0,0,0,0,0,0,0,0,0,0,0,0,0,0,0,0,0,0,0,0,0,0,0,0,0,0,0,0,0,0,0,0,0,0,0,0,0,0,0,0,0,0,0,0,0,0,0,0,0,0,0,0,0,0,0,0,0,0,0,0,0,0,0,0,0,0,0,0,0,0,0,0,0,0,0,0,0,0,0,0,0,0,0,0,0,0,0,0,0,0,0,0,0,0,0,0,0,0,0,0,0,0,0,0,0,0,0,0,0,0,0,0,0,0,0,0,0,0,0,0,0,0,0,0,0,0,0,0,0,0,0,0,0,0,0,0,0,0,0,0,0,0,0,0,0,0,0,0,0,0,0,0,0,0,0,0,0,0,0,0,0,0,0,0,0,0,0,0,0,0,0,0,0,0,0,0,0,0,0
3479,3528,3528,3600,3672,3744,3848,3848,3848,3922,3996,4050,4050,3922,3975,4050,4050,4070,4200,4256,4389,4524,4582,4640,4560,4617,4617,4698,4897,4980,4980,5100,5040,5100,5160,5307,5394,5632,5632,5760,5850,5824,5760,5888,5915,6072,6231,6528,6528,6762,6762,6762,6762,7000,7242,7242,7272,7592,7875,8025,8132,8132,8316,8502,8580,8690,9040,9072,9120,9477,9477,9628,9996,10080,10370,10578,10578,10788,10788,11214,11648,11557,12126,12090,12255,12998,13289,13426,13677,14058,14454,14645,15080,15496,15794,16050,16786,17160,17380,17920,18745,19140,19024,19539,19942,20060,21000,21659,22263,23058,24123,24897,24768,25938,27126,27811,28623,28912,30104,31030,32700,33600,34578,36036,37280,39120,40670,41912,44288,45066,46728,48870,50778,53108,55100,57230,60297,62418,65936,68786,71928,75680,79425,83880,88638,93069,99396,105113,109460,118360,127574,134332,145233,158921,168432,185255,199296,218405,234990,262524,288812,309120,346655,384450,441258,493960,565017,649952,746379,866799,1011369,1062600,1047378,1036736,1024164,1013940,1007539,991272,969618,942382,916978,890590,848178,791820,713878,597385,462400,319518,208936,89749,0,0,0,0,0,0,0,0,0,0,0,0,0,0,0,0,0,0,0,0,0,0,0,0,0,0,0,0,0,0,0,0,0,0,0,0,0,0,0,0,0,0,0,0,0,0,0,0,0,0,0,0,0,0,0,0,0,0,0,0,0,0,0,0,0,0,0,0,0,0,0,0,0,0,0,0,0,0,0
3216,3216,3430,3450,3500,3400,3519,3570,3621,3621,3672,3869,3869,3723,3848,3869,3869,4050,4050,4104,4104,4158,4104,4158,4081,4266,4480,4560,4640,4698,4756,4731,4788,4872,4956,4956,5100,5394,5632,5504,5418,5544,5456,5607,5642,5733,5952,6204,6298,6365,6270,6555,6860,6860,7171,7416,7140,7665,7488,7665,7844,7844,8066,8175,8470,8547,8624,8624,8970,9085,9477,9639,9840,9922,10043,10248,10625,10500,10922,11176,11440,11790,12052,12462,12690,12741,12972,13300,13536,13968,14600,14700,15402,15704,15759,16430,16642,17120,17982,18645,19038,19665,20068,20592,21063,21417,22140,23125,23808,24381,25872,26800,27405,28085,29610,29960,30530,32340,33673,36036,37206,37683,39366,41085,42504,44631,46725,48688,50691,53956,55872,58305,61400,64985,69112,71810,76146,80682,86950,91580,96186,104192,111830,119301,128592,138992,149568,162338,175608,191416,210496,230109,255146,281588,309320,348641,393285,448788,511252,589950,677100,724680,772915,826150,815073,804625,795379,787632,777100,754784,748748,739404,717402,673480,601723,511680,408952,289425,181482,77234,0,0,0,0,0,0,0,0,0,0,0,0,0,0,0,0,0,0,0,0,0,0,0,0,0,0,0,0,0,0,0,0,0,0,0,0,0,0,0,0,0,0,0,0,0,0,0,0,0,0,0,0,0,0,0,0,0,0,0,0,0,0,0,0,0,0,0,0,0,0,0,0,0,0,0,0,0,0,0,0,0,0,0,0,0,0,0,0,0
2552,2508,2552,2552,2552,2700,2790,2700,2790,2790,2835,2880,3008,2944,2944,3120,3072,3120,3120,3055,3008,3102,3216,3196,3264,3312,3381,3500,3430,3550,3479,3550,3723,3796,3848,3848,3848,3869,4104,4125,4104,4050,4235,4235,4312,4446,4446,4560,4503,4617,4698,4897,4897,4980,5040,4872,5074,5160,5160,5220,5368,5456,5518,5824,6072,6097,6097,6030,6164,6324,6486,6580,6816,6887,6958,6887,7029,7272,7300,7519,7622,7770,7844,8208,8284,8239,8470,8547,8736,8960,9040,9315,9477,9912,10080,10406,10912,11088,11214,11430,11960,12408,12369,12690,13328,13483,13959,14645,14790,15288,15750,15750,16324,16275,16906,17440,18419,19090,19824,20349,20933,21771,22500,23114,24366,25270,25608,26800,27661,28280,29744,30450,31886,33880,35011,36093,36656,38631,40338,41574,44370,46620,48594,50964,52640,56644,58200,61910,65100,69542,72820,77407,82600,86996,93873,100352,106920,116050,123516,133901,145825,159040,174535,190704,209088,232029,259290,289492,330690,376320,424506,496100,575453,683055,817477,940008,1041180,1127930,1107750,1094808,1084104,1069726,1063209,1057616,1035419,1010400,969624,922870,829980,693360,498600,301416,0,0,0,0,0,0,0,0,0,0,0,0,0,0,0,0,0,0,0,0,0,0,0,0,0,0,0,0,0,0,0,0,0,0,0,0,0,0,0,0,0,0,0,0,0,0,0,0,0,0,0,0,0,0,0,0,0,0,0,0,0,0,0,0,0,0,0,0,0,0,0,0,0,0,0,0,0
2684,2745,2852,2852,2852,2914,3008,3024,3008,3120,3136,3087,3136,3120,3168,3234,3283,3332,3400,3468,3500,3570,3621,3692,3869,3796,3796,3922,3869,3975,4028,4235,4312,4290,4290,4345,4368,4503,4560,4720,4838,4920,4897,5100,5185,5394,5394,5632,5607,5696,5850,5980,6138,6298,6460,6460,6555,6624,6900,7100,7446,7488,7665,7918,7992,8436,8547,8701,8960,9120,9639,9758,9877,10455,10875,11176,11310,11970,12060,12420,13066,13395,13774,14256,14400,15300,16006,16632,17160,17490,18256,19205,19952,20358,21240,22082,23000,24384,25350,26595,27876,29260,30888,32780,34884,36190,38394,40089,42330,43940,46632,49128,52808,57792,60984,64960,69510,75384,80640,88074,95742,104489,116242,127143,141135,157491,176904,199386,227136,259184,299630,344080,410880,485366,580255,633466,625155,624600,612045,596681,578471,561495,538030,518340,488800,432000,349740,240922,132107,39751,0,0,0,0,0,0,0,0,0,0,0,0,0,0,0,0,0,0,0,0,0,0,0,0,0,0,0,0,0,0,0,0,0,0,0,0,0,0,0,0,0,0,0,0,0,0,0,0,0,0,0,0,0,0,0,0,0,0,0,0,0,0,0,0,0,0,0,0,0,0,0,0,0,0,0,0,0,0,0,0,0,0,0,0,0,0,0,0,0,0,0,0,0,0,0,0,0,0,0,0,0,0,0,0,0,0,0,0,0,0,0,0,0,0,0,0,0,0,0
3036,2990,2990,3149,3168,3120,3216,3332,3430,3381,3381,3381,3500,3450,3600,3621,3723,3848,3869,3869,3869,4050,4104,4104,4180,4235,4446,4389,4661,4740,4860,5022,5084,5063,5246,5246,5270,5368,5456,5544,5670,5670,5733,5940,6045,6486,6580,6745,6624,6674,7178,7300,7272,7446,7622,7770,8132,8208,8316,8393,8814,8960,9315,9711,10030,10320,10648,10788,11214,11868,12276,12864,13192,13700,14000,14100,14892,15435,16050,16786,17316,18126,18468,19188,19992,20280,21402,22250,22932,23680,24948,26248,27126,29394,30305,31950,33592,34342,36570,38394,40006,42408,44718,47614,50600,53204,57428,64066,66780,71286,75936,82698,89782,97137,107041,117975,130628,144054,161920,179895,204480,233085,268620,312612,361456,435356,528080,620136,697835,716948,705280,698904,693780,685148,680937,670797,666778,660736,626260,543822,412608,247632,112029,0,0,0,0,0,0,0,0,0,0,0,0,0,0,0,0,0,0,0,0,0,0,0,0,0,0,0,0,0,0,0,0,0,0,0,0,0,0,0,0,0,0,0,0,0,0,0,0,0,0,0,0,0,0,0,0,0,0,0,0,0,0,0,0,0,0,0,0,0,0,0,0,0,0,0,0,0,0,0,0,0,0,0,0,0,0,0,0,0,0,0,0,0,0,0,0,0,0,0,0,0,0,0,0,0,0,0,0,0,0,0,0,0,0,0,0,0,0,0,0,0,0,0,0,0,0
2000,1989,1989,1950,1989,2080,2080,2080,2184,2142,2236,2279,2226,2279,2322,2322,2322,2420,2365,2451,2552,2552,2610,2596,2640,2640,2640,2508,2565,2655,2714,2773,2806,2898,2944,3008,3008,2944,3055,3055,3102,3168,3300,3400,3500,3400,3283,3350,3468,3519,3468,3570,3621,3570,3672,3816,3869,3942,3888,4125,4180,4290,4235,4312,4446,4582,4720,4720,4779,4980,5002,4980,5124,5456,5456,5544,5456,5607,5760,5915,5915,6097,6256,6417,6720,6816,6958,7056,7446,7548,7650,7931,7904,8268,8640,8748,8910,9153,9545,9628,9660,9860,10353,10560,10824,11125,11466,11648,12220,12576,12672,13132,13736,14214,14910,15622,15984,17024,17628,18285,18908,19680,20374,21328,22272,23187,24339,25110,26304,27580,29110,30636,31376,32314,34425,36411,37816,39816,42731,45466,48840,50841,59568,63448,69861,69264,73224,79395,84564,91615,98298,107062,117458,126720,142448,155820,171828,195209,222053,251301,297540,346788,405418,484302,592368,733650,937727,1121196,1148780,1137158,1133000,1116350,1103641,1082391,1068320,1025800,970160,832147,335980,139545,0,0,0,0,0,0,0,0,0,0,0,0,0,0,0,0,0,0,0,0,0,0,0,0,0,0,0,0,0,0,0,0,0,0,0,0,0,0,0,0,0,0,0,0,0,0,0,0,0,0,0,0,0,0,0,0,0,0,0,0,0,0,0,0,0,0,0,0,0,0,0,0,0,0,0,0,0,0,0,0,0,0,0,0,0,0,0,0,0
1692,1728,1728,1776,1850,1900,1989,1989,2067,2014,2052,2106,2106,2160,2184,2296,2310,2214,2160,2255,2352,2352,2394,2408,2494,2451,2494,2451,2494,2537,2537,2537,2537,2580,2580,2684,2728,2745,2790,2772,2835,2835,2880,3082,3149,3036,3149,3196,3264,3243,3312,3430,3621,3570,3692,3744,3796,3922,3996,3942,4050,4104,4290,4389,4582,4661,4740,4880,4941,5084,5229,5229,5292,5270,5481,5696,5760,5824,5980,6072,6324,6392,6528,6720,7056,7227,7128,7548,7650,7800,7980,8316,8470,8580,8927,9200,9477,9758,10080,10492,10614,11340,11392,11960,12445,13289,13426,14342,14688,14892,16157,16416,17360,18126,18676,19470,20400,20933,21948,22606,23552,24497,25996,26792,28764,31098,32984,33726,35724,37600,39765,42579,44975,47435,50690,53580,58806,65626,69122,74256,79800,87822,96750,107304,118833,131784,147258,167508,191475,220662,255170,302290,356352,431964,532389,631164,719998,717474,705094,696696,686400,678815,664576,661920,650715,603330,504972,346245,170169,0,0,0,0,0,0,0,0,0,0,0,0,0,0,0,0,0,0,0,0,0,0,0,0,0,0,0,0,0,0,0,0,0,0,0,0,0,0,0,0,0,0,0,0,0,0,0,0,0,0,0,0,0,0,0,0,0,0,0,0,0,0,0,0,0,0,0,0,0,0,0,0,0,0,0,0,0,0,0,0,0,0,0,0,0,0,0,0,0,0,0,0,0,0,0,0,0,0,0,0
1218,1218,1290,1290,1364,1395,1395,1440,1440,1485,1564,1564,1598,1598,1518,1564,1692,1692,1692,1645,1715,1800,1800,1836,1836,1924,1938,1938,1887,1938,1976,1961,2067,2028,2120,2067,2067,2106,2200,2337,2240,2262,2280,2280,2337,2378,2378,2378,2419,2562,2604,2520,2520,2666,2745,2684,2835,2835,2944,3008,3055,3283,3234,3185,3234,3234,3350,3468,3519,3570,3570,3621,3621,3621,3744,3816,4015,3996,4125,4256,4332,4389,4446,4602,4640,4779,4698,4980,5124,5185,5246,5504,5568,5808,5785,5874,5850,6097,6231,6392,6887,6860,7000,7029,7171,7313,7519,7770,8100,8360,8624,8778,9048,9440,9922,10285,10455,11000,11176,11520,12144,13056,13386,14000,14200,15330,15688,16416,16895,17270,17600,18532,18924,19836,21538,21960,22568,24366,25802,28222,28280,29536,30246,32850,34504,36581,38560,41334,44461,45236,49686,53108,57525,63428,66144,72360,79116,86268,92303,102765,112360,124713,138116,154616,177870,200334,231504,268372,317216,377676,458724,570240,709929,920192,1011716,991272,968820,948771,919220,898938,848151,784096,670661,485316,271190,0,0,0,0,0,0,0,0,0,0,0,0,0,0,0,0,0,0,0,0,0,0,0,0,0,0,0,0,0,0,0,0,0,0,0,0,0,0,0,0,0,0,0,0,0,0,0,0,0,0,0,0,0,0,0,0,0,0,0,0,0,0,0,0,0,0,0,0,0,0,0,0,0,0,0,0,0,0,0,0,0,0,0,0
2014,1976,2052,2106,2145,2255,2255,2310,2451,2451,2394,2394,2352,2310,2352,2337,2451,2394,2451,2436,2436,2537,2537,2537,2537,2700,2700,2684,2806,2867,2852,2898,2898,2880,2944,2990,2944,3102,3168,3283,3283,3234,3400,3381,3519,3430,3570,3621,3816,3816,4032,4088,4088,4144,4218,4425,4332,4466,4740,4800,4880,4880,5146,5002,5208,5208,5355,5418,5720,5760,5696,5915,6072,6392,6603,6720,6887,7056,7154,7373,7373,7548,7800,7980,8268,8502,8580,8991,9379,9828,10148,10353,10492,11036,11430,11739,12672,12960,13524,14000,14729,15435,16200,16872,17584,18328,19024,20230,21106,21875,22680,23920,25270,26656,27939,30173,31820,33966,35185,37047,40590,42419,45150,47704,51615,55296,60200,66671,72158,78075,87216,95480,106896,120495,135366,154567,177489,205412,241395,287434,346406,421156,533120,639254,714000,704727,696456,687580,674100,660618,651408,634564,582660,472119,291384,119260,0,0,0,0,0,0,0,0,0,0,0,0,0,0,0,0,0,0,0,0,0,0,0,0,0,0,0,0,0,0,0,0,0,0,0,0,0,0,0,0,0,0,0,0,0,0,0,0,0,0,0,0,0,0,0,0,0,0,0,0,0,0,0,0,0,0,0,0,0,0,0,0,0,0,0,0,0,0,0,0,0,0,0,0,0,0,0,0,0,0,0,0,0,0,0,0,0,0,0,0,0,0,0,0,0,0,0,0,0,0,0,0,0
1692,1692,1764,1850,1950,1900,1900,1989,1989,2067,2120,2120,2160,2160,2200,2160,2173,2120,2173,2120,2255,2394,2408,2352,2394,2508,2552,2494,2494,2596,2580,2537,2580,2640,2596,2596,2640,2745,2806,2852,2728,2728,2925,3036,3283,3149,3312,3450,3381,3381,3450,3570,3621,3550,3796,3869,3922,4050,3975,4180,4368,4466,4602,4582,4800,4980,4860,5063,5208,5270,5307,5481,5632,5874,5940,6256,6392,6486,6720,6790,6816,7154,7056,7300,7575,7622,8056,8346,8424,8547,8927,9396,9676,10320,10578,11000,11739,11921,12635,12784,13622,13959,14790,15645,16830,16895,17808,18582,19320,20230,21350,22375,23424,24440,26190,27537,29744,31886,32700,35185,38232,40338,43344,46374,50232,54435,62624,65936,71722,78196,87346,97776,110004,126255,141726,166912,195300,230202,275471,335544,420508,542826,652521,725988,711870,701188,697851,684588,674220,668590,636804,518756,322317,122499,0,0,0,0,0,0,0,0,0,0,0,0,0,0,0,0,0,0,0,0,0,0,0,0,0,0,0,0,0,0,0,0,0,0,0,0,0,0,0,0,0,0,0,0,0,0,0,0,0,0,0,0,0,0,0,0,0,0,0,0,0,0,0,0,0,0,0,0,0,0,0,0,0,0,0,0,0,0,0,0,0,0,0,0,0,0,0,0,0,0,0,0,0,0,0,0,0,0,0,0,0,0,0,0,0,0,0,0,0,0,0,0,0,0,0
975,1014,988,1014,950,1189,1189,1148,1290,1218,1692,1776,1887,1976,2014,2106,2160,2160,2255,2337,2552,2508,2714,2714,2820,2880,2820,2820,2914,3162,3038,3150,3276,3087,3315,3300,3300,3250,3484,3484,3468,3710,3726,3976,4161,4104,4015,4088,4180,4200,4125,4200,4466,4582,4860,4860,5002,5002,5124,5332,5418,5607,5720,5980,6138,6392,6720,6790,6887,7200,7446,7622,7770,8239,7875,8100,8736,8927,9280,9600,9801,10332,10584,11223,11310,11926,12604,13110,14976,15141,15943,16478,17649,18532,19656,20587,21240,22932,23622,24700,26595,28495,30459,33371,34884,37842,40920,44115,48146,51799,55872,61000,68040,73346,83622,91339,104748,118048,137298,161280,193992,222971,263858,323694,396060,505144,668820,905418,992250,969850,947273,920700,887205,831360,749070,572539,316710,94363,0,0,0,0,0,0,0,0,0,0,0,0,0,0,0,0,0,0,0,0,0,0,0,0,0,0,0,0,0,0,0,0,0,0,0,0,0,0,0,0,0,0,0,0,0,0,0,0,0,0,0,0,0,0,0,0,0,0,0,0,0,0,0,0,0,0,0,0,0,0,0,0,0,0,0,0,0,0,0,0,0,0,0,0,0,0,0,0,0,0,0,0,0,0,0,0,0,0,0,0,0,0,0,0,0,0,0,0,0,0,0,0,0,0,0,0,0,0,0,0,0,0,0,0,0,0,0,0,0,0,0
620,600,651,630,589,620,651,620,651,600,651,651,672,672,600,672,551,589,558,540,816,660,680,672,704,693,693,748,814,950,962,999,1014,1014,1066,1134,1066,1107,1053,1120,1189,1120,1131,1170,1200,1189,1271,1320,1290,1333,1302,1344,1302,1333,1452,1452,1452,1540,1505,1505,1540,1620,1575,1575,1702,1776,1764,1800,1850,1862,1900,1938,1887,1924,2067,2120,2200,2120,2120,2214,2214,2214,2296,2310,2365,2408,2352,2508,2494,2596,2494,2596,2640,2684,2745,2745,2745,2806,2898,3055,3168,3168,3264,3381,3430,3550,3600,3723,3796,3796,4028,4028,4290,4312,4560,4640,4800,4779,4838,5270,5040,5185,5456,5632,6006,6006,6256,6486,6790,6693,7056,7200,7416,7592,7770,7738,8284,8927,9048,9639,9801,10375,10710,11223,12144,12555,13622,13916,14746,15600,16218,17427,18354,18975,19656,20640,21894,22932,24570,26520,27537,30246,33136,35420,37206,39772,43008,46905,51057,56256,64960,69438,76812,86848,98250,111408,128765,149450,177620,211907,257935,318122,406700,528360,660790,691373,674772,661878,646612,627234,601510,559645,442931,244348,70308,0,0,0,0,0,0,0,0,0,0,0,0,0,0,0,0,0,0,0,0,0,0,0,0,0,0,0,0,0,0,0,0,0,0,0,0,0,0,0,0,0,0,0,0,0,0,0,0,0,0,0,0,0,0,0,0,0,0,0,0,0,0,0,0,0,0,0,0,0,0,0,0,0,0
696,696,750,775,891,891,952,952,891,952,891,945,945,972,1008,1008,972,1064,1102,1131,1092,1120,1092,1080,1120,1092,1575,1692,1824,2184,2464,2296,2296,2310,2464,2464,2475,2565,2565,2508,2494,2596,2552,2640,2745,2806,2806,2806,2852,2914,2944,3072,3168,3283,3332,3283,3500,3621,3621,3621,3816,3900,3922,4125,4144,4125,4332,4680,4960,4941,5208,5208,5292,5590,5785,5940,6006,6006,6324,6392,6624,6860,7272,7560,7992,8066,8470,8960,9396,9744,10320,10406,10947,11684,11811,12540,12255,12838,13365,14178,14832,15808,16308,17538,17808,19256,20468,21350,23241,25212,26656,29315,31800,33264,36386,39508,41743,45240,53298,58410,60384,63963,70192,77744,86376,97890,112860,127965,148895,172575,208488,254524,307013,392830,511992,680032,953770,1046448,1025700,1006740,984438,956805,898700,783510,219006,0,0,0,0,0,0,0,0,0,0,0,0,0,0,0,0,0,0,0,0,0,0,0,0,0,0,0,0,0,0,0,0,0,0,0,0,0,0,0,0,0,0,0,0,0,0,0,0,0,0,0,0,0,0,0,0,0,0,0,0,0,0,0,0,0,0,0,0,0,0,0,0,0,0,0,0,0,0,0,0,0,0,0,0,0,0,0,0,0,0,0,0,0,0,0,0,0,0,0,0,0,0,0,0,0,0,0,0,0,0,0,0,0,0,0,0,0,0,0,0,0,0,0,0
1395,1504,1472,1440,1485,1564,1564,1598,1598,1598,1680,1715,1715,1813,1813,1813,1862,1950,1950,1989,1976,2028,2120,2067,2067,2160,2214,2296,2352,2352,2352,2508,2537,2596,2494,2580,2552,2537,2728,2728,2745,2684,2745,2961,2961,3024,3136,3120,3168,3450,3500,3692,3796,3922,4104,4180,4125,4389,4446,4617,4897,5015,5015,5160,5246,5481,5785,5915,5915,6231,6365,6762,7000,7029,7272,7416,7770,7992,8284,8736,9243,9558,9794,10875,11088,11481,12369,12784,13632,14300,15244,15960,16740,17820,18810,20296,20880,22140,23876,25536,27336,29328,31682,33900,36424,40338,42504,45845,51520,56356,61908,70192,77850,87927,99145,115020,134733,159768,193695,232609,292024,373197,482400,654773,799360,831978,817128,806645,795285,771060,730369,587640,308485,60573,0,0,0,0,0,0,0,0,0,0,0,0,0,0,0,0,0,0,0,0,0,0,0,0,0,0,0,0,0,0,0,0,0,0,0,0,0,0,0,0,0,0,0,0,0,0,0,0,0,0,0,0,0,0,0,0,0,0,0,0,0,0,0,0,0,0,0,0,0,0,0,0,0,0,0,0,0,0,0,0,0,0,0,0,0,0,0,0,0,0,0,0,0,0,0,0,0,0,0,0,0,0,0,0,0,0,0,0,0,0,0,0,0,0,0,0,0,0,0,0,0,0,0,0,0,0,0,0,0,0,0,0,0,0,0
1218,1218,1218,1276,1247,1290,1472,1518,1584,1666,1666,1680,1680,1836,1887,1924,1836,1887,1887,1924,1924,2052,2106,2067,2067,2106,2106,2106,2200,2255,2352,2337,2419,2596,2640,2655,2867,2976,2961,3008,3055,3120,3168,3216,3381,3570,3570,3640,3744,3774,3975,3975,4050,4104,4290,4345,4560,4779,4731,4930,5100,5307,5544,5785,6072,6298,6650,6650,6860,7056,7752,8085,8268,8100,8658,9040,9315,9628,10164,10370,10710,11352,11792,12741,13536,14355,15049,15808,16478,17760,18758,20007,21175,23184,25021,26730,28280,30459,33069,35953,39524,42000,46992,51152,56454,63240,70052,79326,89586,105154,121000,142376,171190,211320,259241,329592,423798,573696,805752,965439,933336,911768,872911,832000,751365,568278,271029,0,0,0,0,0,0,0,0,0,0,0,0,0,0,0,0,0,0,0,0,0,0,0,0,0,0,0,0,0,0,0,0,0,0,0,0,0,0,0,0,0,0,0,0,0,0,0,0,0,0,0,0,0,0,0,0,0,0,0,0,0,0,0,0,0,0,0,0,0,0,0,0,0,0,0,0,0,0,0,0,0,0,0,0,0,0,0,0,0,0,0,0,0,0,0,0,0,0,0,0,0,0,0,0,0,0,0,0,0,0,0,0,0,0,0,0,0,0,0,0,0,0,0,0,0,0,0,0,0,0,0,0,0,0,0,0,0,0,0,0,0,0
714,660,693,680,714,714,700,680,700,700,700,735,735,777,756,819,880,840,798,858,874,920,936,851,950,975,950,1014,925,925,888,962,972,962,936,925,988,1064,1110,1140,1131,1230,1260,1344,1344,1320,1394,1394,1386,1386,1505,1419,1419,1540,1575,1496,1540,1575,1564,1620,1692,1598,1645,1800,1800,1850,1887,1887,1872,1924,2014,2014,2014,2214,2160,2240,2240,2296,2378,2478,2436,2596,2640,2655,2655,2596,2655,2745,2898,2914,3185,3055,3168,3332,3400,3621,3763,3763,3960,4050,4050,4256,4389,4446,4560,4838,5040,5185,5456,5607,5733,5952,6298,6486,6720,6720,7081,7400,7474,7800,8316,8658,9200,9711,9996,10234,11088,11739,12369,13015,13248,13959,14892,16416,17316,18354,19920,20812,22750,24064,25996,28078,32100,33673,38532,40560,45034,48678,52266,59058,64260,73346,81266,94672,110770,131159,157439,193109,241673,308588,399924,549780,745392,816610,821532,806336,800698,798422,727947,505960,177996,0,0,0,0,0,0,0,0,0,0,0,0,0,0,0,0,0,0,0,0,0,0,0,0,0,0,0,0,0,0,0,0,0,0,0,0,0,0,0,0,0,0,0,0,0,0,0,0,0,0,0,0,0,0,0,0,0,0,0,0,0,0,0,0,0,0,0,0,0,0,0,0,0,0,0,0,0,0,0,0,0,0,0,0,0,0,0,0,0,0,0,0,0,0,0,0,0,0
900,962,962,988,962,1053,1053,1053,999,1064,962,1026,1014,1271,1344,1485,1564,1598,1680,1680,1800,1750,1820,1887,1989,2080,2173,2226,2352,2352,2408,2508,2610,2552,2508,2494,2640,2596,2745,2806,2852,2914,2961,3072,3120,3216,3332,3500,3570,3692,3796,3975,4028,4345,4400,4536,4698,4920,5063,4980,5270,5307,5544,5850,6072,6204,6528,6596,7070,7242,7770,7918,8100,8778,8892,9558,9840,10625,11610,11830,11921,12690,13916,15038,15855,16895,17871,19140,20760,21659,23680,25152,27744,30384,32550,36504,38720,42164,47344,52355,57321,65484,74214,84410,97712,116746,138225,169372,210040,272020,356353,471600,672382,824166,811376,798372,781572,754730,695996,512112,189189,0,0,0,0,0,0,0,0,0,0,0,0,0,0,0,0,0,0,0,0,0,0,0,0,0,0,0,0,0,0,0,0,0,0,0,0,0,0,0,0,0,0,0,0,0,0,0,0,0,0,0,0,0,0,0,0,0,0,0,0,0,0,0,0,0,0,0,0,0,0,0,0,0,0,0,0,0,0,0,0,0,0,0,0,0,0,0,0,0,0,0,0,0,0,0,0,0,0,0,0,0,0,0,0,0,0,0,0,0,0,0,0,0,0,0,0,0,0,0,0,0,0,0,0,0,0,0,0,0,0,0,0,0,0,0,0,0,0,0,0,0,0,0,0,0,0,0,0
950,925,925,962,962,1026,1026,1320,1364,1364,1290,1364,1440,1426,1504,1504,1568,1650,1666,1715,1700,2106,2145,2200,2296,2394,2408,2451,2508,2610,2867,2914,2852,2914,3087,3136,3185,3300,3417,3536,3710,3834,3763,3942,3975,4125,4332,4332,4235,4290,4560,4698,4756,4956,4872,5307,5429,5612,6110,6270,6392,7029,7029,7592,7875,8239,8880,8960,9315,9960,10285,10750,11352,12194,12834,13871,14600,15352,16642,17496,18537,19895,21838,23375,25414,27135,30459,33673,35960,39772,44289,48688,53770,60984,69748,78942,92062,108837,129220,156240,193120,239888,312375,421400,587650,787572,771564,765952,752791,728500,674032,491391,188300,0,0,0,0,0,0,0,0,0,0,0,0,0,0,0,0,0,0,0,0,0,0,0,0,0,0,0,0,0,0,0,0,0,0,0,0,0,0,0,0,0,0,0,0,0,0,0,0,0,0,0,0,0,0,0,0,0,0,0,0,0,0,0,0,0,0,0,0,0,0,0,0,0,0,0,0,0,0,0,0,0,0,0,0,0,0,0,0,0,0,0,0,0,0,0,0,0,0,0,0,0,0,0,0,0,0,0,0,0,0,0,0,0,0,0,0,0,0,0,0,0,0,0,0,0,0,0,0,0,0,0,0,0,0,0,0,0,0,0,0,0,0,0,0,0,0,0,0,0,0,0,0,0,0,0,0
667,660,744,744,744,775,720,744,744,744,775,768,800,800,768,864,832,864,864,858,884,918,1015,1008,952,945,1015,1080,1015,1008,1044,1073,1131,1073,1080,1178,1216,1280,1280,1280,1209,1209,1320,1353,1302,1419,1485,1518,1584,1564,1564,1518,1692,1739,1739,1728,1728,1739,1728,1836,1887,1976,1938,2067,2028,2120,2120,2268,2268,2408,2310,2310,2352,2394,2494,2596,2640,2700,2745,2745,2835,2898,2990,3168,3283,3283,3332,3381,3621,3816,3796,3816,4180,4312,4560,4640,4640,4920,5100,5394,5394,5607,5915,6392,6693,6887,7029,7344,7622,7950,8316,8624,8970,9440,10164,10625,11570,12462,12972,13774,14210,15759,17120,17820,20400,21525,22816,25476,28014,31536,34255,37352,40748,45150,50142,55581,63648,71595,82992,97071,115939,137564,170130,213843,275370,364568,509486,704258,842188,822382,815184,807551,759699,622875,271341,0,0,0,0,0,0,0,0,0,0,0,0,0,0,0,0,0,0,0,0,0,0,0,0,0,0,0,0,0,0,0,0,0,0,0,0,0,0,0,0,0,0,0,0,0,0,0,0,0,0,0,0,0,0,0,0,0,0,0,0,0,0,0,0,0,0,0,0,0,0,0,0,0,0,0,0,0,0,0,0,0,0,0,0,0,0,0,0,0,0,0,0,0,0,0,0,0,0,0,0,0,0,0,0,0,0,0,0,0,0,0,0,0,0
736,690,660,726,736,736,816,816,850,850,792,782,816,875,1036,1131,1170,1209,1170,1148,1218,1200,1240,1395,1485,1440,1440,1598,1485,1564,1645,1632,1715,1728,1887,1850,1800,1924,2014,2028,1900,2067,2106,2160,2214,2214,2200,2200,2478,2537,2537,2684,2684,2666,2728,2790,3102,3128,3264,3312,3430,3577,3621,3672,3975,3975,4028,4266,4455,4592,4779,5040,5160,5307,5607,5760,6204,6270,6624,6860,7300,7548,8239,8393,8778,9280,9758,10370,10836,11528,12060,12604,13254,14210,15402,16632,17871,19435,20944,22509,24576,26467,29190,31302,34881,39040,43176,47775,54791,60840,71904,84180,100548,119952,145632,182820,228690,302535,400995,573710,756430,824982,795432,748066,676600,512120,211636,0,0,0,0,0,0,0,0,0,0,0,0,0,0,0,0,0,0,0,0,0,0,0,0,0,0,0,0,0,0,0,0,0,0,0,0,0,0,0,0,0,0,0,0,0,0,0,0,0,0,0,0,0,0,0,0,0,0,0,0,0,0,0,0,0,0,0,0,0,0,0,0,0,0,0,0,0,0,0,0,0,0,0,0,0,0,0,0,0,0,0,0,0,0,0,0,0,0,0,0,0,0,0,0,0,0,0,0,0,0,0,0,0,0,0,0,0,0,0,0,0,0,0,0,0,0,0,0,0,0,0,0,0,0,0,0,0,0,0,0,0,0
1260,1276,1395,1364,1350,1617,1666,1764,1764,1764,1900,1850,1887,1976,2052,2106,2106,2200,2214,2200,2296,2494,2494,2451,2508,2451,2640,2640,2816,2898,3102,3102,3283,3536,3519,3640,3834,4032,4275,4180,4424,4720,4756,4897,5146,5124,5185,5394,5670,6204,6240,6664,6868,7272,7665,8208,8512,9164,9660,10858,11430,11868,12825,13818,14790,15600,16906,17930,19773,21360,23250,25740,28359,31175,34504,38160,43520,48509,55100,61776,72670,83448,100347,121856,151803,190512,250752,340425,483000,703080,690907,683509,660303,628704,538747,297360,0,0,0,0,0,0,0,0,0,0,0,0,0,0,0,0,0,0,0,0,0,0,0,0,0,0,0,0,0,0,0,0,0,0,0,0,0,0,0,0,0,0,0,0,0,0,0,0,0,0,0,0,0,0,0,0,0,0,0,0,0,0,0,0,0,0,0,0,0,0,0,0,0,0,0,0,0,0,0,0,0,0,0,0,0,0,0,0,0,0,0,0,0,0,0,0,0,0,0,0,0,0,0,0,0,0,0,0,0,0,0,0,0,0,0,0,0,0,0,0,0,0,0,0,0,0,0,0,0,0,0,0,0,0,0,0,0,0,0,0,0,0,0,0,0,0,0,0,0,0,0,0,0,0,0,0,0,0,0,0,0,0,0,0,0,0,0,0,0,0,0,0,0
416,442,448,510,493,504,504,468,504,504,532,532,551,570,600,600,609,609,609,609,660,630,682,682,759,713,792,825,800,858,850,850,782,850,945,910,945,980,1008,999,1170,1326,1131,1240,1080,1107,1160,1209,1312,1394,1386,1312,1394,1419,1419,1419,1505,1672,1665,1656,1584,1620,1692,1610,1715,1728,1813,1800,1938,1938,2028,2120,2120,2160,2200,2200,2378,2436,2478,2623,2623,2728,2835,2772,2944,3008,3234,3350,3350,3519,3640,3570,3869,3942,4125,4312,4503,4424,4640,5246,5185,5696,5940,6392,6460,6860,7128,7373,7800,8316,8393,8848,9153,10115,10664,11392,12012,12741,13395,14210,15402,16170,17985,19539,21296,22750,25414,28482,31439,35139,41040,43605,47793,54720,61600,71928,83490,99600,121992,148800,190619,248064,339852,478022,695640,888777,905157,901284,894360,822525,524810,89964,0,0,0,0,0,0,0,0,0,0,0,0,0,0,0,0,0,0,0,0,0,0,0,0,0,0,0,0,0,0,0,0,0,0,0,0,0,0,0,0,0,0,0,0,0,0,0,0,0,0,0,0,0,0,0,0,0,0,0,0,0,0,0,0,0,0,0,0,0,0,0,0,0,0,0,0,0,0,0,0,0,0,0,0,0,0,0,0,0,0,0,0,0,0,0,0,0,0,0,0,0,0,0,0,0,0,0,0,0,0,0,0,0,0,0,0,0
660,756,700,700,735,700,740,777,1025,1040,1092,1025,1066,1120,1176,1260,1290,1376,1364,1364,1440,1496,1530,1551,1376,1496,1575,1610,1692,1575,1728,1900,1813,1813,1887,1924,1924,2028,1976,2067,2067,2200,2296,2408,2552,2655,2596,2700,2760,2760,2820,2806,2806,2898,2961,3168,3243,3243,3430,3621,3848,3922,4104,4368,4617,4756,4897,5246,5568,6188,6256,6555,6693,7171,7344,7696,8239,8502,9040,9396,9960,10614,11520,12825,13440,14847,15750,17064,18040,20400,22072,23736,26325,28700,32184,35840,39270,45500,51888,58806,68052,79677,95976,118368,148410,192932,259046,367048,547976,771040,857922,855456,847255,830208,685948,230850,0,0,0,0,0,0,0,0,0,0,0,0,0,0,0,0,0,0,0,0,0,0,0,0,0,0,0,0,0,0,0,0,0,0,0,0,0,0,0,0,0,0,0,0,0,0,0,0,0,0,0,0,0,0,0,0,0,0,0,0,0,0,0,0,0,0,0,0,0,0,0,0,0,0,0,0,0,0,0,0,0,0,0,0,0,0,0,0,0,0,0,0,0,0,0,0,0,0,0,0,0,0,0,0,0,0,0,0,0,0,0,0,0,0,0,0,0,0,0,0,0,0,0,0,0,0,0,0,0,0,0,0,0,0,0,0,0,0,0,0,0,0,0,0,0,0,0,0,0,0,0,0,0
608,589,620,651,651,651,704,864,925,950,925,925,1440,1408,1364,1364,1598,1485,1485,1504,1518,1518,1645,1680,1645,1850,1850,1850,2132,2160,2132,2226,2279,2365,2464,2508,2552,2508,2623,2623,2852,2898,2961,2976,3024,2990,3149,3400,3570,3763,3942,4180,4312,4503,4779,4860,5002,5292,5568,5632,6006,6365,6790,7029,7446,7904,8360,8960,9430,10164,10664,11700,12420,13483,14400,16112,17696,18975,20880,22932,25080,28495,31244,36267,39123,45326,51800,60085,70503,83585,101250,127855,163908,222285,309520,455918,701730,702867,683088,653250,595864,401292,78864,0,0,0,0,0,0,0,0,0,0,0,0,0,0,0,0,0,0,0,0,0,0,0,0,0,0,0,0,0,0,0,0,0,0,0,0,0,0,0,0,0,0,0,0,0,0,0,0,0,0,0,0,0,0,0,0,0,0,0,0,0,0,0,0,0,0,0,0,0,0,0,0,0,0,0,0,0,0,0,0,0,0,0,0,0,0,0,0,0,0,0,0,0,0,0,0,0,0,0,0,0,0,0,0,0,0,0,0,0,0,0,0,0,0,0,0,0,0,0,0,0,0,0,0,0,0,0,0,0,0,0,0,0,0,0,0,0,0,0,0,0,0,0,0,0,0,0,0,0,0,0,0,0,0,0,0,0,0,0,0,0,0,0,0,0,0
5063,5229,5146,5229,5292,5525,5742,5916,5742,5896,5984,5963,6188,6120,6256,6348,6348,6279,6461,6696,6696,6840,6912,6912,7081,7008,7326,7425,7676,7854,7725,7650,8190,7904,8374,8085,8346,8346,8640,9072,9184,9462,9379,9860,10148,10266,10234,10680,11132,11284,11408,11811,12090,12445,12513,12838,12480,12936,13837,13132,13426,14420,14910,15184,15264,15876,15943,16459,16459,17050,17584,18144,18306,19090,19656,19824,20984,21279,21750,22125,22987,23168,24180,24700,25536,26112,27522,28280,29952,29952,30952,31968,32631,34048,35340,36888,39524,39360,40755,42084,43433,46551,47793,49413,51336,54340,56842,58604,62118,64351,68250,71048,73872,78144,83490,88164,92964,98750,105300,111300,118048,124373,131595,141519,152500,162966,175175,189275,203102,223132,242788,266625,294944,323884,356844,393176,439377,497289,559059,635110,722709,825902,901773,970400,965328,951225,925993,913080,896503,865728,829350,803712,754624,695086,618975,527220,410026,281058,0,0,0,0,0,0,0,0,0,0,0,0,0,0,0,0,0,0,0,0,0,0,0,0,0,0,0,0,0,0,0,0,0,0,0,0,0,0,0,0,0,0,0,0,0,0,0,0,0,0,0,0,0,0,0,0,0,0,0,0,0,0,0,0,0,0,0,0,0,0,0,0,0,0,0,0,0,0,0,0,0,0,0,0,0,0,0,0,0,0,0,0,0,0,0,0,0,0,0,0,0,0,0,0,0,0,0,0,0,0,0
3710,3834,4032,3960,4032,4032,4088,4144,4161,4275,4408,4466,4524,4661,4602,4661,4661,4920,4860,5002,5146,5229,5376,5395,5440,5525,5395,5376,5695,5848,5984,6072,6141,6120,6188,6440,6390,6552,6696,6840,6745,6912,6984,7252,7252,7350,7425,7575,7828,7828,8008,8112,8295,8453,8532,8611,9102,9213,9296,9576,9660,10092,10266,10472,10680,11102,11102,11532,11811,12090,12192,12576,12901,12936,13600,13800,14178,14768,15120,15476,15943,16308,16761,17402,17670,18444,18837,19844,20008,20750,21420,21971,21717,22880,23400,24156,25110,26082,26688,27832,28512,29748,30429,31559,33015,33852,35392,36252,37979,39196,41650,43674,45924,47060,49395,51786,54514,56252,58705,63135,66650,70196,72930,76725,81081,85918,92004,97272,103740,111488,118833,129024,137936,147620,161784,175296,190022,207282,228375,250631,275132,299166,338826,374400,422592,484035,544824,631180,729648,851734,930915,956770,929396,910174,887110,862093,831864,800384,763347,707025,641328,555126,447560,316776,152312,0,0,0,0,0,0,0,0,0,0,0,0,0,0,0,0,0,0,0,0,0,0,0,0,0,0,0,0,0,0,0,0,0,0,0,0,0,0,0,0,0,0,0,0,0,0,0,0,0,0,0,0,0,0,0,0,0,0,0,0,0,0,0,0,0,0,0,0,0,0,0,0,0,0,0,0,0,0,0,0,0,0,0,0,0,0,0,0,0,0,0,0,0,0,0,0,0,0,0,0,0,0,0,0
3468,3536,3484,3417,3551,3551,3726,3618,4161,4292,4350,4440,4500,4620,4602,4740,4602,5166,5395,5742,5896,6120,6030,6188,6440,6324,6348,6840,6745,6816,6912,7178,7350,7524,7524,7500,7777,8240,8424,8586,8748,8856,9213,9324,9240,9460,9856,10005,10208,10005,10266,10920,11224,11408,11750,12065,12384,12480,13300,13200,13700,14214,14700,15052,15301,15805,15914,16459,17248,18212,18012,18837,19234,19680,20496,20787,21576,21924,23842,24366,25212,25403,26384,28258,28341,30740,31524,32918,33945,34255,35256,36729,39342,41310,42731,44288,46636,48327,50778,52734,55390,63550,66676,69550,70632,74814,80270,84600,90134,96500,102656,111339,118642,128028,139062,150670,164406,181570,197790,215878,238896,268269,297071,337950,381900,436372,496188,572852,668650,785240,936928,1011868,994952,980440,974185,951618,936435,910906,882849,832545,772200,665880,544458,378396,0,0,0,0,0,0,0,0,0,0,0,0,0,0,0,0,0,0,0,0,0,0,0,0,0,0,0,0,0,0,0,0,0,0,0,0,0,0,0,0,0,0,0,0,0,0,0,0,0,0,0,0,0,0,0,0,0,0,0,0,0,0,0,0,0,0,0,0,0,0,0,0,0,0,0,0,0,0,0,0,0,0,0,0,0,0,0,0,0,0,0,0,0,0,0,0,0,0,0,0,0,0,0,0,0,0,0,0,0,0,0,0,0,0,0,0,0,0,0,0,0,0,0,0,0
3315,3315,3380,3484,3432,3432,3604,3657,3710,3640,3692,3780,3850,3905,3905,3960,4070,4200,3960,4070,4144,4144,4218,4234,4292,4350,4408,4466,4661,4819,4819,5103,5022,5103,5084,5166,5376,5478,5676,5676,5808,5720,6006,5940,6120,6256,6256,6674,6912,6816,7081,7104,7154,7326,7575,7700,7931,7777,8034,8190,8692,8610,8748,9130,9408,9690,9890,10120,10296,10620,10890,10890,11193,11592,12065,12384,12576,13167,13266,13700,14178,14523,14910,15370,15984,16650,16761,17214,17980,18486,19116,19352,20496,21033,21625,23318,23580,25996,25296,26634,27495,28314,29492,30900,32283,33635,35934,36093,37816,39176,40898,43500,46080,48840,50490,54040,57113,60792,64581,67521,73144,77402,82364,88452,96140,102966,111110,119987,129786,141336,154488,170751,186390,207575,227766,262440,288002,325162,366276,421806,488610,580905,679400,807508,858024,846060,827604,812652,789480,775094,750893,711092,662067,595944,498958,378448,216480,8750,0,0,0,0,0,0,0,0,0,0,0,0,0,0,0,0,0,0,0,0,0,0,0,0,0,0,0,0,0,0,0,0,0,0,0,0,0,0,0,0,0,0,0,0,0,0,0,0,0,0,0,0,0,0,0,0,0,0,0,0,0,0,0,0,0,0,0,0,0,0,0,0,0,0,0,0,0,0,0,0,0,0,0,0,0,0,0,0,0,0,0,0,0,0,0,0,0,0,0,0,0,0,0,0,0,0,0,0,0,0,0
2464,2508,2464,2520,2508,2610,2552,2700,2806,2928,2989,2989,2914,3024,3087,3213,3264,2989,3100,3380,3264,3264,3300,3417,3551,3417,3604,3672,3726,3960,3834,3710,3850,3960,4047,4088,4292,4218,4218,4350,4161,4350,4602,4620,4758,4898,4819,5040,5103,5248,5312,5376,5544,5525,5610,5829,5874,6141,6300,6348,6417,6461,6862,7104,7030,7125,7448,7700,7722,8058,8216,8505,8881,8881,9213,9072,9374,9632,9718,10413,10502,10591,11316,11500,11904,12126,12672,12804,13266,13770,13974,14664,15194,15408,16170,16428,17365,17940,18486,19440,19844,20664,21625,21672,22833,23400,24888,25345,26740,27354,29000,30192,31559,32648,34444,36386,38080,40180,41796,43674,46182,48495,51150,54902,59094,61910,66144,71060,75488,81666,86757,93992,102960,110538,120807,130585,144480,158570,175152,193795,221769,242439,274720,311710,360696,412976,487600,573426,691900,786312,770004,749760,727938,707026,672452,633880,595294,536250,456960,347760,215982,0,0,0,0,0,0,0,0,0,0,0,0,0,0,0,0,0,0,0,0,0,0,0,0,0,0,0,0,0,0,0,0,0,0,0,0,0,0,0,0,0,0,0,0,0,0,0,0,0,0,0,0,0,0,0,0,0,0,0,0,0,0,0,0,0,0,0,0,0,0,0,0,0,0,0,0,0,0,0,0,0,0,0,0,0,0,0,0,0,0,0,0,0,0,0,0,0,0,0,0,0,0,0,0,0,0,0,0
2408,2352,2494,2508,2508,2451,2565,2520,2668,2820,2773,2820,2867,2867,3024,3038,3038,3136,3200,3315,3484,3588,3604,3498,3498,3551,3604,3726,3672,3850,3834,3920,4032,4088,4602,5229,5460,5896,6120,6300,6319,6696,6862,7104,7030,7275,7777,7956,8112,8216,8400,8586,8881,9240,9296,9296,9890,10179,10296,10440,10680,10890,11500,11904,12480,13068,13400,13905,14560,14734,15120,15768,16280,17063,17402,17784,18837,19470,20280,20691,21648,22860,23711,24552,25650,27537,28886,29725,31228,33418,34540,37352,38868,41067,44634,44718,47340,50677,53760,57420,61306,64999,69984,74035,80730,87584,96516,103200,114091,126540,138355,152579,171072,191952,217540,245496,284418,324135,378873,447888,529542,640939,743820,835158,833750,819988,807564,786368,770718,750470,712402,644800,540366,393470,184500,0,0,0,0,0,0,0,0,0,0,0,0,0,0,0,0,0,0,0,0,0,0,0,0,0,0,0,0,0,0,0,0,0,0,0,0,0,0,0,0,0,0,0,0,0,0,0,0,0,0,0,0,0,0,0,0,0,0,0,0,0,0,0,0,0,0,0,0,0,0,0,0,0,0,0,0,0,0,0,0,0,0,0,0,0,0,0,0,0,0,0,0,0,0,0,0,0,0,0,0,0,0,0,0,0,0,0,0,0,0,0,0,0,0,0,0,0,0,0,0,0,0,0,0,0,0,0,0,0,0,0,0,0,0
3200,3200,3213,3264,3380,3564,3551,3604,3618,3657,3657,3780,3905,3850,3905,3850,3834,3960,3976,4218,4350,4425,4636,4575,4500,4774,4758,4898,5103,5184,5184,5248,5395,5412,5412,5742,5610,5963,5896,6120,6300,6510,6624,6768,7008,7178,7081,7350,7700,7956,7777,8216,8320,8560,8640,8964,9435,9492,10120,10324,10502,10947,11070,11466,11997,12220,12672,13365,14178,14280,14443,14935,15688,16092,16610,17442,18212,19397,19873,20328,21080,22656,23220,24254,25432,26634,27832,29054,31800,32163,33354,34632,36252,38540,41553,43925,46280,48412,51425,53760,57327,63549,68373,72376,78075,86870,92232,103220,110770,121164,133056,149264,166199,188020,210396,242056,274590,314580,367290,422870,512327,616683,740736,752590,733677,718448,693143,666390,623815,575484,509747,413672,285352,114622,0,0,0,0,0,0,0,0,0,0,0,0,0,0,0,0,0,0,0,0,0,0,0,0,0,0,0,0,0,0,0,0,0,0,0,0,0,0,0,0,0,0,0,0,0,0,0,0,0,0,0,0,0,0,0,0,0,0,0,0,0,0,0,0,0,0,0,0,0,0,0,0,0,0,0,0,0,0,0,0,0,0,0,0,0,0,0,0,0,0,0,0,0,0,0,0,0,0,0,0,0,0,0,0,0,0,0,0,0,0,0,0,0,0,0,0,0,0,0,0,0,0,0,0,0,0,0,0,0,0,0,0,0,0,0
2080,2173,2268,2173,2214,2296,2352,2352,2508,2508,2552,2508,2565,2714,2552,2655,2655,2700,2700,2852,2914,3024,3120,3185,3300,3300,3672,3864,3905,3976,4015,4070,4015,4218,4292,4332,4466,4389,4524,4602,4740,4941,4941,4960,5229,5312,5460,5460,5590,5720,5850,6030,5963,6164,6188,6935,6862,7008,7178,7546,7777,7931,8034,8320,8216,8480,8667,8938,9184,9605,9890,10062,10980,11070,11375,11562,12610,13167,13400,13800,14076,14664,15264,15750,16416,16610,17584,18193,18745,19588,20812,21525,22987,23530,24948,25862,26520,27160,29029,31588,32333,34119,36024,37835,40006,42000,46020,48146,50142,53960,57230,60894,65600,71476,77952,84113,91960,98704,110197,119680,132810,147108,163594,183352,208494,238875,272630,315436,363654,425048,510504,653292,729533,727650,707868,695079,673916,645018,620900,570570,503700,410508,278256,0,0,0,0,0,0,0,0,0,0,0,0,0,0,0,0,0,0,0,0,0,0,0,0,0,0,0,0,0,0,0,0,0,0,0,0,0,0,0,0,0,0,0,0,0,0,0,0,0,0,0,0,0,0,0,0,0,0,0,0,0,0,0,0,0,0,0,0,0,0,0,0,0,0,0,0,0,0,0,0,0,0,0,0,0,0,0,0,0,0,0,0,0,0,0,0,0,0,0,0,0,0,0,0,0,0,0,0,0,0,0,0,0,0,0,0,0,0,0,0,0,0,0,0,0,0
2475,2475,2632,2640,2736,2726,2679,2714,2820,2773,2891,2928,3100,3213,3200,2928,3200,3264,3250,3200,3315,3432,3604,3795,3726,3710,3850,3905,4032,4015,3960,4104,4144,4218,4332,4275,4292,4484,4466,4484,4758,4898,4898,5103,5330,5412,5544,5610,5829,5762,5916,6279,6279,6210,6580,6580,6580,6862,7275,7425,7854,8343,8424,8528,8820,8881,9156,9632,9605,10092,10738,10620,11040,11532,11750,12384,12350,13167,13534,14111,14560,14910,15408,16390,16761,17710,18252,19040,20295,21000,21888,22704,23530,24656,25568,27548,28368,30600,31616,33540,35200,37682,39480,41480,44352,47763,49950,54990,58692,63135,67308,73367,80605,86760,96012,104411,115644,126412,142242,157314,181560,203550,232986,273212,313492,371770,445638,542400,635932,716404,706548,690750,678868,652925,626880,590221,536820,458040,332166,152881,0,0,0,0,0,0,0,0,0,0,0,0,0,0,0,0,0,0,0,0,0,0,0,0,0,0,0,0,0,0,0,0,0,0,0,0,0,0,0,0,0,0,0,0,0,0,0,0,0,0,0,0,0,0,0,0,0,0,0,0,0,0,0,0,0,0,0,0,0,0,0,0,0,0,0,0,0,0,0,0,0,0,0,0,0,0,0,0,0,0,0,0,0,0,0,0,0,0,0,0,0,0,0,0,0,0,0,0,0,0,0,0,0,0,0,0,0,0,0,0,0,0,0,0,0,0,0,0,0
2376,2322,2332,2475,2520,2576,2576,2622,2668,2714,2714,2820,2820,2867,2989,3050,3050,3038,3150,2989,3100,3200,3432,3417,3417,3417,3536,3657,3657,3780,3780,3780,3834,3960,4161,4161,4218,4275,4332,4466,4543,4758,4880,5022,5166,5166,5229,5292,5525,5610,5762,5916,5984,6370,6532,6696,7030,7200,7008,7448,8137,7800,8240,8343,8528,8667,8856,9324,9918,9976,10413,10890,11011,11780,11970,12513,13100,13534,14214,14766,15336,15950,16539,17710,18096,18960,19886,20541,21420,22098,23270,24522,25432,26304,28457,29930,31350,33264,35903,37327,40460,43050,45645,49555,52716,57800,60976,65199,72475,79686,85562,94250,105336,117880,130524,147492,163898,189544,218136,251940,300028,351260,423000,527137,645314,800124,840375,821315,801753,781920,741796,691418,613662,496896,321563,0,0,0,0,0,0,0,0,0,0,0,0,0,0,0,0,0,0,0,0,0,0,0,0,0,0,0,0,0,0,0,0,0,0,0,0,0,0,0,0,0,0,0,0,0,0,0,0,0,0,0,0,0,0,0,0,0,0,0,0,0,0,0,0,0,0,0,0,0,0,0,0,0,0,0,0,0,0,0,0,0,0,0,0,0,0,0,0,0,0,0,0,0,0,0,0,0,0,0,0,0,0,0,0,0,0,0,0,0,0,0,0,0,0,0,0,0,0,0,0,0,0,0,0,0,0,0,0,0,0,0,0,0,0
1911,2268,2268,2268,2408,2352,2352,2394,2394,2494,2436,2508,2655,2655,2655,2760,3136,3315,4144,5002,5063,5208,5185,5394,5655,5850,6006,6324,6392,6370,6370,6580,6674,6912,7425,7575,7575,7931,8034,8774,8910,9184,9576,9976,10148,10560,10947,11375,11718,11776,12255,12730,13563,13386,14058,14586,15855,16324,17380,17920,19024,20160,21525,22816,24192,25344,25976,28280,29744,30885,32560,34960,38394,40425,42504,46905,50142,54243,58408,62511,69090,75336,84043,91537,100651,112398,126589,142691,162342,188710,218631,256740,306794,366620,444400,550746,693888,894502,980096,974400,939888,881020,818944,727188,587160,369180,0,0,0,0,0,0,0,0,0,0,0,0,0,0,0,0,0,0,0,0,0,0,0,0,0,0,0,0,0,0,0,0,0,0,0,0,0,0,0,0,0,0,0,0,0,0,0,0,0,0,0,0,0,0,0,0,0,0,0,0,0,0,0,0,0,0,0,0,0,0,0,0,0,0,0,0,0,0,0,0,0,0,0,0,0,0,0,0,0,0,0,0,0,0,0,0,0,0,0,0,0,0,0,0,0,0,0,0,0,0,0,0,0,0,0,0,0,0,0,0,0,0,0,0,0,0,0,0,0,0,0,0,0,0,0,0,0,0,0,0,0,0,0,0,0,0,0,0,0,0,0,0,0,0,0,0,0,0,0,0,0,0,0
1530,1610,1610,1645,1564,1610,1680,1632,1680,1692,1692,1728,1794,1786,1862,1833,1872,1920,2058,2091,2091,2142,2050,2091,2132,2132,2173,2214,2268,2322,2365,2408,2475,2430,2520,2565,2726,2820,2668,2832,2726,2832,2880,2976,3038,3162,3087,3136,3315,3300,3315,3366,3468,3536,3710,3657,3710,3834,3960,4032,3960,4088,4218,4275,4350,4466,4582,4800,4800,5022,5229,5229,5460,5610,5780,5829,6072,6532,6624,6789,7008,7275,7623,7623,7878,8160,8400,8640,8938,9324,9890,10413,10266,11011,11532,11938,12446,12969,13770,14352,15158,15768,16060,16983,17784,18328,19116,20040,21033,22400,23270,24656,26740,27324,29988,31350,34008,36225,38678,40836,44250,48146,51680,55860,59885,65932,72921,79926,85070,96635,109880,123671,138996,158316,182575,211578,246144,294272,356460,433132,550198,695045,883280,897024,860008,822680,772954,702019,595110,433329,198462,0,0,0,0,0,0,0,0,0,0,0,0,0,0,0,0,0,0,0,0,0,0,0,0,0,0,0,0,0,0,0,0,0,0,0,0,0,0,0,0,0,0,0,0,0,0,0,0,0,0,0,0,0,0,0,0,0,0,0,0,0,0,0,0,0,0,0,0,0,0,0,0,0,0,0,0,0,0,0,0,0,0,0,0,0,0,0,0,0,0,0,0,0,0,0,0,0,0,0,0,0,0,0,0,0,0,0,0,0,0,0,0,0,0,0,0,0,0
1692,1728,1728,1776,1813,1950,1911,2000,2000,2040,1950,1989,2173,2268,2214,2200,2184,2240,2166,2419,2451,2596,2580,2478,2806,3417,3588,3588,3744,3780,3975,4180,4332,4350,4466,4543,4758,4960,5166,5208,5355,5590,5808,5829,6052,6141,6370,6674,6912,7154,7252,7300,7828,8056,8268,8611,8640,9266,9520,9976,10266,10769,11250,11776,11684,12276,12825,13524,13959,14892,15244,15960,16740,17490,18480,20007,21120,22386,23000,24192,26068,27674,28634,31672,33371,36110,38478,41583,44634,47882,53768,57525,62822,68880,75680,84546,93654,104236,116242,131227,149184,173855,203304,236348,285324,340256,421080,530180,681265,822185,904178,888930,826268,753950,664989,542430,348964,0,0,0,0,0,0,0,0,0,0,0,0,0,0,0,0,0,0,0,0,0,0,0,0,0,0,0,0,0,0,0,0,0,0,0,0,0,0,0,0,0,0,0,0,0,0,0,0,0,0,0,0,0,0,0,0,0,0,0,0,0,0,0,0,0,0,0,0,0,0,0,0,0,0,0,0,0,0,0,0,0,0,0,0,0,0,0,0,0,0,0,0,0,0,0,0,0,0,0,0,0,0,0,0,0,0,0,0,0,0,0,0,0,0,0,0,0,0,0,0,0,0,0,0,0,0,0,0,0,0,0,0,0,0,0,0,0,0,0,0,0,0,0,0,0,0,0,0,0,0,0,0
1911,2028,2173,2120,2214,2322,2408,2214,2214,2240,2296,2394,2394,2451,2508,2552,2655,2700,2820,2880,3710,3710,4088,4047,4218,4275,4680,4680,4800,4880,5063,5002,5166,5270,5568,5440,5568,5940,6030,6417,6720,6720,7252,7400,7650,8008,8268,8611,9072,9234,9660,10234,10701,11466,11684,12707,13230,14039,14729,15288,15645,16371,17584,18515,19188,20691,22302,23607,25192,26190,28217,29808,32550,34804,37280,40670,44032,47972,53204,57624,63024,69179,78750,87792,99000,113316,129788,150396,178104,208736,251520,307638,380359,486024,625482,801520,881174,857227,799806,741177,648375,508337,282555,0,0,0,0,0,0,0,0,0,0,0,0,0,0,0,0,0,0,0,0,0,0,0,0,0,0,0,0,0,0,0,0,0,0,0,0,0,0,0,0,0,0,0,0,0,0,0,0,0,0,0,0,0,0,0,0,0,0,0,0,0,0,0,0,0,0,0,0,0,0,0,0,0,0,0,0,0,0,0,0,0,0,0,0,0,0,0,0,0,0,0,0,0,0,0,0,0,0,0,0,0,0,0,0,0,0,0,0,0,0,0,0,0,0,0,0,0,0,0,0,0,0,0,0,0,0,0,0,0,0,0,0,0,0,0,0,0,0,0,0,0,0,0,0,0,0,0,0,0,0,0,0,0,0,0,0,0,0,0,0,0,0,0,0,0,0
1110,1073,1140,1216,1280,1353,1320,1353,1353,1312,1312,1353,1428,1394,1470,1462,1505,1540,1540,1620,1628,1628,1692,1824,1748,1786,1950,1920,1911,1920,1950,1989,2000,2132,2310,2310,2255,2268,2173,2255,2394,2436,2494,2537,2508,2610,2726,2880,2940,2832,3050,3150,3150,3380,3315,3366,3604,3484,3536,3604,3780,3864,4047,4104,4088,4161,4408,4466,4543,4602,4819,4960,5229,5103,5395,5676,5676,5829,6072,6230,6230,6440,6624,7030,7178,7500,7700,8034,8216,9020,9156,9605,10092,10620,11011,11468,11875,12384,12804,13700,14700,15158,15914,16650,17898,18762,20008,21168,22098,23628,25345,27020,29000,30843,33015,35298,39010,41724,45720,49210,54040,60680,65932,72380,81081,91140,103200,117425,135952,158632,187680,221190,265990,328372,414672,533092,707390,904043,882432,830800,772834,698740,579568,397082,126352,0,0,0,0,0,0,0,0,0,0,0,0,0,0,0,0,0,0,0,0,0,0,0,0,0,0,0,0,0,0,0,0,0,0,0,0,0,0,0,0,0,0,0,0,0,0,0,0,0,0,0,0,0,0,0,0,0,0,0,0,0,0,0,0,0,0,0,0,0,0,0,0,0,0,0,0,0,0,0,0,0,0,0,0,0,0,0,0,0,0,0,0,0,0,0,0,0,0,0,0,0,0,0,0,0,0,0,0,0,0,0,0,0,0,0,0,0,0,0,0,0,0,0,0
1938,1938,1938,1900,1900,1911,1960,2000,2040,2120,2160,2268,2268,2310,2310,2451,2552,2508,2508,2668,2832,2867,2867,2914,2976,3087,3136,3185,3185,3588,3657,3710,3834,3869,3960,4070,4125,4180,4125,4446,4524,4582,4640,4838,5063,5270,5504,5762,6090,6279,6440,6745,6912,7056,7500,7600,7904,8560,8829,9130,10092,10235,10591,10948,11532,12220,12596,13524,14280,14729,15540,16478,17222,18582,19706,21054,22625,23994,26398,27400,30135,32184,34504,36972,40755,44634,47790,53865,58996,65826,74120,83127,94041,109934,128368,149872,179154,214434,262152,322943,409920,536685,715010,864838,924028,877548,815265,717360,578448,325600,0,0,0,0,0,0,0,0,0,0,0,0,0,0,0,0,0,0,0,0,0,0,0,0,0,0,0,0,0,0,0,0,0,0,0,0,0,0,0,0,0,0,0,0,0,0,0,0,0,0,0,0,0,0,0,0,0,0,0,0,0,0,0,0,0,0,0,0,0,0,0,0,0,0,0,0,0,0,0,0,0,0,0,0,0,0,0,0,0,0,0,0,0,0,0,0,0,0,0,0,0,0,0,0,0,0,0,0,0,0,0,0,0,0,0,0,0,0,0,0,0,0,0,0,0,0,0,0,0,0,0,0,0,0,0,0,0,0,0,0,0,0,0,0,0,0,0,0,0,0,0,0,0,0,0,0,0,0,0
1645,2014,2145,3150,3250,3380,3551,3400,3763,3763,4088,4125,4125,4389,4524,4720,4446,4661,4941,5084,5063,5544,5742,6052,5963,6348,6510,6816,7700,7854,8137,8692,9156,9324,9890,10472,10800,11500,11718,12220,13289,13871,14210,15096,15645,17172,18419,19824,21000,22878,24050,26910,28700,31376,33975,35724,40508,42757,47526,52547,58200,66671,75582,85840,99500,115830,137460,162652,199525,245626,311025,396612,537652,721380,829432,805930,745252,657135,536724,332142,0,0,0,0,0,0,0,0,0,0,0,0,0,0,0,0,0,0,0,0,0,0,0,0,0,0,0,0,0,0,0,0,0,0,0,0,0,0,0,0,0,0,0,0,0,0,0,0,0,0,0,0,0,0,0,0,0,0,0,0,0,0,0,0,0,0,0,0,0,0,0,0,0,0,0,0,0,0,0,0,0,0,0,0,0,0,0,0,0,0,0,0,0,0,0,0,0,0,0,0,0,0,0,0,0,0,0,0,0,0,0,0,0,0,0,0,0,0,0,0,0,0,0,0,0,0,0,0,0,0,0,0,0,0,0,0,0,0,0,0,0,0,0,0,0,0,0,0,0,0,0,0,0,0,0,0,0,0,0,0,0,0,0,0,0,0,0,0,0,0,0,0,0,0,0,0,0,0,0,0,0,0,0,0,0,0,0,0,0
1092,1160,1170,1209,1240,1271,1280,1312,1280,1248,1353,1360,1312,1280,1312,1462,1505,1505,1540,1575,1575,1540,1575,1610,1692,1739,1862,1862,1911,1950,2000,1960,2080,2132,2132,2132,2214,2255,2420,2520,2565,2632,2576,2622,2679,2668,2940,2928,2928,3038,3150,3024,3300,3432,3432,3536,3710,3710,3726,3834,4088,4200,4350,4425,4560,4697,4758,5120,5330,5610,5676,5896,5984,6279,6532,6768,7326,7524,7500,8216,8480,8856,9156,9690,10296,10413,10920,11808,12319,13200,14385,14840,16206,16905,18445,19360,20916,22144,23140,24975,27213,29492,31710,34918,38212,42140,46440,51219,56914,65296,74128,84128,97155,115506,133496,158682,192444,237077,304992,392202,528814,750120,1029970,1009422,969408,907530,799504,580272,193041,0,0,0,0,0,0,0,0,0,0,0,0,0,0,0,0,0,0,0,0,0,0,0,0,0,0,0,0,0,0,0,0,0,0,0,0,0,0,0,0,0,0,0,0,0,0,0,0,0,0,0,0,0,0,0,0,0,0,0,0,0,0,0,0,0,0,0,0,0,0,0,0,0,0,0,0,0,0,0,0,0,0,0,0,0,0,0,0,0,0,0,0,0,0,0,0,0,0,0,0,0,0,0,0,0,0,0,0,0,0,0,0,0,0,0,0,0,0,0,0,0,0,0,0,0,0,0,0,0,0,0,0,0,0,0,0,0,0,0,0
1610,1575,1728,1800,1850,1820,1836,1887,2028,2040,2028,2028,2120,2028,2080,2173,2214,2322,2420,2576,2700,2867,2976,2867,3024,3072,3168,3234,3283,3519,3640,3763,4015,4275,4425,4292,4620,4758,4860,5146,5460,5590,5742,6141,6624,6862,7104,7448,7524,7956,8137,8640,9184,9379,9628,10092,11610,11830,12462,13386,14443,15141,16371,17004,18532,19550,20944,22444,24890,26398,29187,31974,34504,38157,42840,46464,51985,57618,64034,72670,83082,95590,112827,133480,160468,195942,241428,308593,403542,539742,757454,829185,787950,714982,630075,476352,219640,0,0,0,0,0,0,0,0,0,0,0,0,0,0,0,0,0,0,0,0,0,0,0,0,0,0,0,0,0,0,0,0,0,0,0,0,0,0,0,0,0,0,0,0,0,0,0,0,0,0,0,0,0,0,0,0,0,0,0,0,0,0,0,0,0,0,0,0,0,0,0,0,0,0,0,0,0,0,0,0,0,0,0,0,0,0,0,0,0,0,0,0,0,0,0,0,0,0,0,0,0,0,0,0,0,0,0,0,0,0,0,0,0,0,0,0,0,0,0,0,0,0,0,0,0,0,0,0,0,0,0,0,0,0,0,0,0,0,0,0,0,0,0,0,0,0,0,0,0,0,0,0,0,0,0,0,0,0,0,0,0,0,0,0,0,0,0,0,0,0,0,0
660,640,660,660,726,726,736,775,792,840,884,936,936,891,945,850,910,925,945,1008,1092,1036,1064,1170,1140,1209,1240,1312,1376,1344,1386,1312,1394,1394,1428,1428,1462,1505,1584,1548,1554,1634,1710,1665,1665,1702,1739,1739,1739,1862,1950,1950,1950,2040,2080,2173,2067,2214,2310,2310,2475,2464,2508,2576,2679,2668,2832,2726,2891,3000,3162,3162,3213,3276,3484,3551,3657,3726,3834,3888,3960,4144,4332,4408,4560,4977,4960,5103,5395,5525,5829,6052,6440,6580,6912,7030,7623,7878,8216,8505,9047,9520,9918,10530,11011,11532,12220,13167,13872,14946,15950,16280,17901,18921,20875,21672,23400,24924,26384,29435,31650,34918,38232,41724,46540,52608,58491,66030,75710,85070,101001,118279,140954,168283,209202,262404,340167,447681,630896,890890,851760,806426,748064,636803,444310,0,0,0,0,0,0,0,0,0,0,0,0,0,0,0,0,0,0,0,0,0,0,0,0,0,0,0,0,0,0,0,0,0,0,0,0,0,0,0,0,0,0,0,0,0,0,0,0,0,0,0,0,0,0,0,0,0,0,0,0,0,0,0,0,0,0,0,0,0,0,0,0,0,0,0,0,0,0,0,0,0,0,0,0,0,0,0,0,0,0,0,0,0,0,0,0,0,0,0,0,0,0,0,0,0,0,0,0,0,0,0,0,0,0,0,0,0,0,0,0,0,0,0,0
1312,1200,1200,1302,1189,1290,1290,1271,1271,1376,1376,1408,1472,1440,1395,1472,1504,1472,1518,1564,1496,1656,1692,1645,1715,1632,2376,2214,2255,2310,2420,2576,2668,2714,2700,2760,2961,3038,3050,3200,3185,3300,3234,3283,3536,3604,3710,3888,4088,4218,4408,4697,4758,5040,5040,5103,5166,5525,5829,5874,6370,6532,6840,7154,7600,8034,8085,8611,8991,9348,9912,10560,11214,11739,12690,12901,14400,15141,16112,17600,18306,19488,21894,23368,24768,27400,30316,33220,36656,40425,45414,49959,55772,62685,71994,84180,95742,113879,136422,164208,205771,258903,331245,444216,615380,865674,894322,823902,743792,600480,364208,0,0,0,0,0,0,0,0,0,0,0,0,0,0,0,0,0,0,0,0,0,0,0,0,0,0,0,0,0,0,0,0,0,0,0,0,0,0,0,0,0,0,0,0,0,0,0,0,0,0,0,0,0,0,0,0,0,0,0,0,0,0,0,0,0,0,0,0,0,0,0,0,0,0,0,0,0,0,0,0,0,0,0,0,0,0,0,0,0,0,0,0,0,0,0,0,0,0,0,0,0,0,0,0,0,0,0,0,0,0,0,0,0,0,0,0,0,0,0,0,0,0,0,0,0,0,0,0,0,0,0,0,0,0,0,0,0,0,0,0,0,0,0,0,0,0,0,0,0,0,0,0,0,0,0,0,0,0
816,816,925,925,962,925,1014,999,1080,1053,1120,1120,1107,1120,1200,1170,1170,1200,1271,1230,1260,1230,1333,1408,1496,1408,1575,1540,1584,1628,1591,1628,1591,1716,1755,1872,1872,1960,1824,1960,2050,2100,2184,2173,2365,2420,2430,2475,2520,2668,2668,2726,2726,2820,2820,3038,3136,3150,3328,3380,3551,3484,3588,3763,3850,3905,4088,4218,4425,4560,4758,4836,5120,5184,5395,5676,5829,5963,6300,6840,7200,7296,7800,8058,8216,8856,9520,10120,10710,11408,11811,12838,13534,16280,17248,19116,20787,21924,23892,25704,28400,30784,34255,37260,42066,47060,52630,59496,68052,78432,90405,107325,129472,156686,195014,247156,320160,435456,608139,856329,883402,826368,740421,602000,343596,0,0,0,0,0,0,0,0,0,0,0,0,0,0,0,0,0,0,0,0,0,0,0,0,0,0,0,0,0,0,0,0,0,0,0,0,0,0,0,0,0,0,0,0,0,0,0,0,0,0,0,0,0,0,0,0,0,0,0,0,0,0,0,0,0,0,0,0,0,0,0,0,0,0,0,0,0,0,0,0,0,0,0,0,0,0,0,0,0,0,0,0,0,0,0,0,0,0,0,0,0,0,0,0,0,0,0,0,0,0,0,0,0,0,0,0,0,0,0,0,0,0,0,0,0,0,0,0,0,0,0,0,0,0,0,0,0,0,0,0,0,0,0,0
638,696,690,713,682,672,704,672,672,744,768,768,775,858,875,884,884,884,910,945,972,972,1036,962,936,999,1036,1073,1064,1026,975,1080,1230,1302,1333,1408,1496,1440,1408,1564,1518,1610,1598,1645,1728,1728,1813,1813,1911,1911,2000,2050,2050,2132,2226,2184,2236,2279,2279,2184,2268,2376,2508,2464,2565,2565,2760,2867,2976,2976,3087,3150,3315,3264,3315,3498,3780,3763,3850,4088,4161,4366,4543,4880,4898,5022,5395,5544,5762,5916,6390,6624,6956,7104,7546,8137,8560,8748,9492,9945,10413,11718,12350,15052,16500,17628,18603,20086,21204,23400,25326,27244,30368,33480,36774,40800,45666,51136,56745,64790,74592,86010,103859,123480,149022,185350,234000,302574,403434,562562,833260,947376,887270,795366,649440,390080,1320,0,0,0,0,0,0,0,0,0,0,0,0,0,0,0,0,0,0,0,0,0,0,0,0,0,0,0,0,0,0,0,0,0,0,0,0,0,0,0,0,0,0,0,0,0,0,0,0,0,0,0,0,0,0,0,0,0,0,0,0,0,0,0,0,0,0,0,0,0,0,0,0,0,0,0,0,0,0,0,0,0,0,0,0,0,0,0,0,0,0,0,0,0,0,0,0,0,0,0,0,0,0,0,0,0,0,0,0,0,0,0,0,0,0,0,0,0,0,0,0,0,0,0,0,0,0,0,0,0,0,0,0
609,660,660,667,660,690,713,682,660,690,682,736,792,782,816,875,840,850,875,875,945,945,945,972,900,900,1014,1092,1120,1120,1131,1189,1230,1176,1247,1290,1333,1408,1344,1419,1344,1452,1610,1598,1598,1564,1728,1764,1776,1786,1872,1920,1960,2009,2091,2091,2091,2184,2226,2322,2420,2420,2668,2565,2655,2726,2832,2928,3024,3038,3038,3200,3250,3264,3498,3618,3780,3905,3905,4161,4292,4466,4661,4836,4960,5103,5395,5544,5762,6230,6461,6862,7200,7469,7878,8400,8856,9130,9804,10324,10800,11718,12255,1020,14805,15836,16983,18012,19965,21080,23449,25380,27244,29988,33264,37164,40630,45232,51408,57327,64480,75374,88669,105560,126218,154380,192546,246912,325872,438246,623376,896948,928112,865200,763872,573334,251835,1071,1050,1092,1020,988,1155,1408,0,0,0,0,0,0,0,0,0,0,0,0,0,0,0,0,0,0,0,0,0,0,0,0,0,0,0,0,0,0,0,0,0,0,0,0,0,0,0,0,0,0,0,0,0,0,0,0,0,0,0,0,0,0,0,0,0,0,0,0,0,0,0,0,0,0,0,0,0,0,0,0,0,0,0,0,0,0,0,0,0,0,0,0,0,0,0,0,0,0,0,0,0,0,0,0,0,0,0,0,0,0,0,0,0,0,0,0,0,0,0,0,0,0,0,0,0,0,0,0,0,0,0,0,0
504,504,532,580,580,551,630,651,726,726,759,792,816,884,884,918,910,952,980,1008,1044,1044,1140,1140,1184,1248,1216,1216,1248,1287,1178,1360,1470,1512,1470,1548,1584,1505,1470,1512,1620,1656,1739,1776,1862,1950,1911,2028,2028,2080,2091,2080,2214,2352,2408,2365,2610,2668,2773,2726,2773,2867,3120,3120,3185,3234,3350,3588,3640,3657,3850,3976,4104,4218,4332,4620,4758,4880,5229,5695,5916,6248,6461,6935,7104,7546,7956,8453,8748,9296,9860,10472,11284,11811,12672,13837,14664,15729,16983,18240,19754,21156,23680,25403,29610,31228,35708,39674,44275,50034,56600,67308,76840,91875,109858,135024,165996,213129,280376,380480,548796,843634,950896,894138,791979,597550,214915,0,0,0,0,0,0,0,0,0,0,0,0,0,0,0,0,0,0,0,0,0,0,0,0,0,0,0,0,0,0,0,0,0,0,0,0,0,0,0,0,0,0,0,0,0,0,0,0,0,0,0,0,0,0,0,0,0,0,0,0,0,0,0,0,0,0,0,0,0,0,0,0,0,0,0,0,0,0,0,0,0,0,0,0,0,0,0,0,0,0,0,0,0,0,0,0,0,0,0,0,0,0,0,0,0,0,0,0,0,0,0,0,0,0,0,0,0,0,0,0,0,0,0,0,0,0,0,0,0,0,0,0,0,0,0,0,0,0,0,0,0,0
620,640,704,704,759,775,792,936,910,972,1026,1026,1102,1102,1064,1102,1073,1008,1064,1102,1170,1178,1147,1320,1320,1353,1353,1386,1320,1394,1394,1428,1470,1584,1748,1665,1862,1786,1824,1900,1950,2040,2193,2142,2226,2184,2226,2236,2268,2475,2610,2520,2464,2565,2820,2928,2976,3087,3250,3250,3417,3417,3366,3588,3657,3710,3960,3960,4200,4543,4758,4740,5084,5376,5676,5829,6300,6789,7104,7200,7700,8112,8667,9020,9462,10030,10800,11316,12350,13200,14214,15264,16650,17741,19234,20910,23220,25004,27661,30282,34602,38212,43077,49555,54450,65199,76499,89540,107976,133400,165042,211935,282170,385518,563360,866760,955185,898560,791739,571648,0,0,0,0,0,0,0,0,0,0,0,0,0,0,0,0,0,0,0,0,0,0,0,0,0,0,0,0,0,0,0,0,0,0,0,0,0,0,0,0,0,0,0,0,0,0,0,0,0,0,0,0,0,0,0,0,0,0,0,0,0,0,0,0,0,0,0,0,0,0,0,0,0,0,0,0,0,0,0,0,0,0,0,0,0,0,0,0,0,0,0,0,0,0,0,0,0,0,0,0,0,0,0,0,0,0,0,0,0,0,0,0,0,0,0,0,0,0,0,0,0,0,0,0,0,0,0,0,0,0,0,0,0,0,0,0,0,0,0,0,0,0,0,0,0,0,0,0,0
589,522,726,704,726,782,850,875,936,945,910,875,999,1064,1026,1064,1073,1140,1110,1102,1131,1209,1209,1271,1209,1353,1386,1452,1452,1584,1584,1628,1628,1628,1591,1628,1628,1748,1927,2009,2100,2050,2000,2050,2184,2279,2376,2520,2576,2520,2508,2655,2655,2714,2928,2989,2976,3185,3315,3484,3536,3657,3726,3834,3905,4088,4275,4408,4620,4819,5103,5440,5590,5808,6141,6532,6603,7104,7700,8137,8667,9020,9605,10092,10648,11532,12513,13400,14490,15552,17136,17967,19516,21625,23736,25785,28623,32314,36612,41140,47060,52496,64470,73151,86880,104139,127395,158884,205216,274443,378392,554772,879054,960147,907385,798611,555807,0,0,0,0,0,0,0,0,0,0,0,0,0,0,0,0,0,0,0,0,0,0,0,0,0,0,0,0,0,0,0,0,0,0,0,0,0,0,0,0,0,0,0,0,0,0,0,0,0,0,0,0,0,0,0,0,0,0,0,0,0,0,0,0,0,0,0,0,0,0,0,0,0,0,0,0,0,0,0,0,0,0,0,0,0,0,0,0,0,0,0,0,0,0,0,0,0,0,0,0,0,0,0,0,0,0,0,0,0,0,0,0,0,0,0,0,0,0,0,0,0,0,0,0,0,0,0,0,0,0,0,0,0,0,0,0,0,0,0,0,0,0,0,0,0,0,0,0,0,0,0,0
3596,3534,3591,3584,3591,3648,3712,3770,3828,3894,3828,4020,4148,4278,4270,4270,4331,4402,4473,4608,4672,4745,4745,4745,4875,4875,4810,4810,4810,4950,5016,5148,5148,5372,5226,5440,5440,5451,5520,5670,5893,6132,6048,6205,6438,6364,6438,6512,6688,6916,6840,6916,6992,7068,7315,7332,7584,7680,8383,8466,8262,8549,8632,8820,9116,8925,9116,8988,9350,9350,9546,9744,10120,10146,10440,10764,11067,11210,11210,11424,11616,11858,12276,13056,13390,13390,13755,14098,14796,15042,15568,15651,16016,16128,16644,17020,16986,17667,17784,18997,19434,19716,19875,20447,20701,21376,21970,23182,23316,24464,24920,25844,26412,27448,28650,29100,30141,31243,32074,33005,34067,35905,36792,37910,40304,41118,42716,44770,46930,48636,50568,52272,54876,56444,59853,61846,65712,73476,73555,76719,82336,87720,93100,99825,106032,110495,118696,126048,134041,144058,155310,165528,178565,194094,210482,231377,254940,276458,306432,338902,376000,421852,478504,538992,610350,697968,777630,861696,942348,936272,940439,943976,948330,944066,956839,953490,960300,959311,949098,878104,781434,652014,523260,335768,0,0,0,0,0,0,0,0,0,0,0,0,0,0,0,0,0,0,0,0,0,0,0,0,0,0,0,0,0,0,0,0,0,0,0,0,0,0,0,0,0,0,0,0,0,0,0,0,0,0,0,0,0,0,0,0,0,0,0,0,0,0,0,0,0,0,0,0,0,0,0,0,0,0,0,0,0,0,0,0,0,0,0,0,0
2475,2464,2576,2565,2520,2520,2679,2622,2688,2736,2784,2891,2900,2958,2950,2940,3100,3111,3050,3060,3060,3233,3294,3240,3348,3348,3348,3528,3410,3528,3528,3705,3762,3705,3770,3894,3886,3886,4071,4012,4140,4340,4270,4340,4331,4464,4536,4608,4891,5037,4958,5016,5082,5092,5005,5005,5092,5082,5293,5382,5382,5520,5520,5832,5822,6059,6216,6216,6364,6278,6351,6600,6675,6764,6930,7084,6840,7068,7084,7332,7505,7505,7760,8415,8217,8670,8755,8944,9030,9202,9309,9504,9680,9680,9790,10080,10374,10788,10998,11092,11520,11737,11956,12978,13081,13545,13886,13886,14098,14688,15070,15180,15933,16445,16936,17316,17818,18240,18634,19276,20000,20701,21285,21543,22610,23220,23975,24702,25560,26128,27824,28650,29640,30690,32074,33280,33810,35475,37570,38528,40304,41170,43554,45872,47808,49980,51678,54672,59502,60562,63291,66976,70992,75915,80442,86528,92220,100440,107051,112810,120198,128326,135962,148256,160820,175088,190106,208128,228570,253200,280917,315482,351360,388608,445803,511280,586845,683364,762304,856177,956508,967146,963424,970175,986102,984553,998096,1015096,1021545,1024000,992654,891462,758603,602792,388080,0,0,0,0,0,0,0,0,0,0,0,0,0,0,0,0,0,0,0,0,0,0,0,0,0,0,0,0,0,0,0,0,0,0,0,0,0,0,0,0,0,0,0,0,0,0,0,0,0,0,0,0,0,0,0,0,0,0,0,0,0,0,0,0,0,0,0,0,0,0,0,0,0,0
2744,2958,2958,3068,3240,3240,3355,3355,3348,3520,3520,3575,3510,3835,3886,3886,3886,3953,4012,4012,4140,4340,4392,4464,4536,4526,4453,4453,4725,4712,4650,4864,4928,4992,5200,5412,5427,5561,5810,6205,5950,6278,6497,6424,6586,6750,7007,7007,7176,7776,7857,7857,8036,8755,8500,8944,9048,9328,9416,9328,9504,9680,10170,10488,10580,10881,11400,11400,12078,12250,12700,13029,13130,13362,13936,14385,15012,15510,15840,16611,16758,17464,18088,18634,19557,19840,20664,20916,22008,22401,23584,24344,25576,26180,27504,28906,29898,31000,32754,33920,35045,37464,39617,42008,43200,45448,47376,49469,52136,55825,59202,64167,67569,73632,77675,85344,91261,98464,104250,111643,119601,129000,140224,153872,166656,184434,205163,227368,256250,290580,327470,378770,436182,507486,597800,709664,813052,844362,835176,836486,829398,827640,818736,810030,800457,743360,646935,522580,352275,0,0,0,0,0,0,0,0,0,0,0,0,0,0,0,0,0,0,0,0,0,0,0,0,0,0,0,0,0,0,0,0,0,0,0,0,0,0,0,0,0,0,0,0,0,0,0,0,0,0,0,0,0,0,0,0,0,0,0,0,0,0,0,0,0,0,0,0,0,0,0,0,0,0,0,0,0,0,0,0,0,0,0,0,0,0,0,0,0,0,0,0,0,0,0,0,0,0,0,0,0,0,0,0,0,0,0,0,0,0,0,0,0,0,0,0,0,0,0,0
1748,1748,1748,1794,1880,1880,1920,1968,1920,2016,2016,2058,2107,2016,2064,2200,2295,2288,2244,2295,2193,2295,2346,2496,2550,2499,2600,2597,2700,2754,2805,2700,2800,2907,2964,2964,3068,3127,3068,3016,3120,3180,3300,3355,3402,3528,3528,3640,3584,3584,3528,3584,3712,3762,3886,3819,3808,3933,4060,4060,4200,4260,4392,4453,4440,4453,4575,4774,4914,5120,5120,5120,5200,5360,5576,5508,5658,5727,5950,5880,6020,6351,6424,6586,6734,6570,6992,7176,7505,7254,7488,7663,7584,8118,8217,8282,8632,8262,8610,9095,9095,9095,9790,10396,10396,10488,10998,11424,11616,12028,12152,12800,13029,13464,13596,14628,15012,15510,15873,16472,16905,17433,17818,18480,18876,19276,20375,21209,22100,22663,23936,24386,25298,26696,28032,29550,30856,32136,33549,34454,36907,38988,40775,42602,45325,47628,49920,52332,56508,59850,63874,69075,73776,78960,87894,95135,101654,109416,118260,128775,139911,155617,170814,190608,211120,239198,270480,309810,355154,416120,481800,572523,696016,813288,812174,811818,813519,812245,799290,804248,804450,784665,712422,596752,448872,267270,0,0,0,0,0,0,0,0,0,0,0,0,0,0,0,0,0,0,0,0,0,0,0,0,0,0,0,0,0,0,0,0,0,0,0,0,0,0,0,0,0,0,0,0,0,0,0,0,0,0,0,0,0,0,0,0,0,0,0,0,0,0,0,0,0,0,0,0,0,0,0,0,0,0,0,0,0,0,0,0,0,0,0
1702,1960,2100,2100,2009,2184,2236,2226,2268,2226,2322,2530,2430,2420,2376,2726,2585,2688,2736,2736,2688,2679,2736,2891,2940,2989,2832,2928,2928,2940,2940,2928,2989,2950,3111,3224,3328,3456,3640,3696,3696,3819,3762,3762,3864,3933,3990,4320,4331,4331,4464,4526,4588,4588,4526,4725,4864,5070,5070,5148,5070,5070,5293,5372,5658,5658,5950,6192,6424,6600,6675,6992,6992,6992,7161,7254,7426,7663,7742,8080,8282,8528,8736,8925,9309,9810,9900,10283,10488,10881,11305,11520,11760,12054,12500,13184,13493,14070,14796,14824,15707,16016,16530,17284,18088,18600,19154,20125,20864,21632,22477,23048,23936,25437,26367,27985,29353,30400,32136,33127,35045,37074,38760,41184,43440,45695,49020,51338,54944,58374,63072,68400,72135,79530,85591,94870,102575,111044,120130,131632,146880,161805,180576,201664,229908,259364,298760,344510,404800,475240,571564,694300,801752,799992,802855,799443,792180,789488,782250,769359,717750,606179,471653,286501,0,0,0,0,0,0,0,0,0,0,0,0,0,0,0,0,0,0,0,0,0,0,0,0,0,0,0,0,0,0,0,0,0,0,0,0,0,0,0,0,0,0,0,0,0,0,0,0,0,0,0,0,0,0,0,0,0,0,0,0,0,0,0,0,0,0,0,0,0,0,0,0,0,0,0,0,0,0,0,0,0,0,0,0,0,0,0,0,0,0,0,0,0,0,0,0,0,0,0,0,0,0,0,0,0
1353,1312,2100,2100,2107,2150,2244,2340,2340,2538,2538,2695,2805,2900,2900,2900,2950,3068,3186,3186,3240,3348,3392,3510,3520,3575,3456,3402,3648,3762,3886,3944,4012,4200,4270,4270,4402,4473,4473,4662,4864,5005,4928,5135,5293,5427,5508,5658,5508,5796,5880,6035,6120,6351,6424,6424,6586,7161,7220,7161,7680,7760,7760,7938,8200,8549,8840,8652,9030,9309,9879,9790,10260,10810,10788,11328,11328,11858,12375,12700,13260,13832,14175,14933,15151,15933,16530,17346,17612,18392,18819,19716,20000,21120,22176,23182,23936,25380,26270,27550,28906,30294,32292,34344,35805,37687,40250,43792,45628,48323,50505,54540,57753,62640,66976,71300,78480,86700,94962,104720,114363,122889,134540,148903,168606,187560,211660,239798,274770,321058,375888,446424,536263,655102,808260,838765,834214,835176,833490,827826,829696,829628,793408,688840,545906,335071,0,0,0,0,0,0,0,0,0,0,0,0,0,0,0,0,0,0,0,0,0,0,0,0,0,0,0,0,0,0,0,0,0,0,0,0,0,0,0,0,0,0,0,0,0,0,0,0,0,0,0,0,0,0,0,0,0,0,0,0,0,0,0,0,0,0,0,0,0,0,0,0,0,0,0,0,0,0,0,0,0,0,0,0,0,0,0,0,0,0,0,0,0,0,0,0,0,0,0,0,0,0,0,0,0,0,0,0,0,0,0,0,0,0,0,0,0,0,0,0,0,0,0
1248,1548,1584,1584,1710,1755,1716,1672,1886,1920,1911,1911,1927,1974,1974,2016,2107,2100,2100,2142,2295,2346,2444,2444,2392,2340,2438,2538,2640,2640,2744,2793,2793,2842,2891,2900,3009,3180,3068,3127,3233,3233,3224,3276,3410,3392,3456,3456,3520,3630,3510,3575,3808,3808,3933,4140,4331,4320,4453,4380,4453,4575,4788,5005,5005,5148,5148,5360,5427,5576,5810,5964,6120,6177,6424,6586,6825,7161,7176,7440,7505,7760,7920,8118,8118,8466,8446,8715,9095,9504,9900,10192,10695,11115,11424,11956,12474,12700,13362,13755,14204,14688,15180,16330,16416,17052,17818,18480,19032,19557,20664,21672,22876,23625,24386,25620,27360,28906,30753,32085,33496,35371,37408,39846,42186,45756,48006,51022,55348,59430,63798,70680,74793,83824,92224,102396,109416,120423,133238,150195,167805,190080,215272,247860,287712,338316,405812,481360,589504,737184,805516,807422,807282,802392,796320,790312,778325,719385,589734,425250,0,0,0,0,0,0,0,0,0,0,0,0,0,0,0,0,0,0,0,0,0,0,0,0,0,0,0,0,0,0,0,0,0,0,0,0,0,0,0,0,0,0,0,0,0,0,0,0,0,0,0,0,0,0,0,0,0,0,0,0,0,0,0,0,0,0,0,0,0,0,0,0,0,0,0,0,0,0,0,0,0,0,0,0,0,0,0,0,0,0,0,0,0,0,0,0,0,0,0,0,0,0,0,0,0,0,0,0,0
2009,1974,2193,2150,2244,2193,2200,2236,2244,2288,2295,2346,2385,2530,2530,2538,2688,2695,2750,2800,2850,3068,3060,3180,3402,3224,3402,3233,3224,3286,3402,3402,3510,3392,3696,3762,3819,4002,4189,4402,4331,4526,4526,4774,4788,4851,4940,5005,5005,5293,5360,5508,5494,5644,5727,5880,6106,6264,6512,6750,6840,6992,7238,7410,7505,8000,7742,8100,8466,8904,8904,9460,10101,10101,10488,11020,10998,11400,12028,12474,12900,13158,13362,14070,14933,15180,15792,16445,17052,17880,18634,19032,19840,21120,22308,23355,24112,25521,26928,28224,29596,31668,32706,34830,37349,39952,42770,45684,47690,51282,55080,60279,65268,69616,77040,85760,94872,105648,115149,126048,140556,160347,181864,207313,238788,278852,329940,393700,476133,593028,751410,843574,851266,853776,864045,862142,873200,875875,826848,676236,482832,0,0,0,0,0,0,0,0,0,0,0,0,0,0,0,0,0,0,0,0,0,0,0,0,0,0,0,0,0,0,0,0,0,0,0,0,0,0,0,0,0,0,0,0,0,0,0,0,0,0,0,0,0,0,0,0,0,0,0,0,0,0,0,0,0,0,0,0,0,0,0,0,0,0,0,0,0,0,0,0,0,0,0,0,0,0,0,0,0,0,0,0,0,0,0,0,0,0,0,0,0,0,0,0,0,0,0,0,0,0,0,0,0,0,0,0,0,0,0,0,0,0,0,0,0,0,0,0
1739,1739,2050,2000,2000,2142,2142,2244,2226,2279,2376,2484,2538,2695,2744,2695,2750,2695,2646,2695,2793,2793,2850,2793,3016,2964,3068,3120,3172,3286,3410,3510,3584,3648,3712,3762,3762,3819,4002,4071,4189,4320,4260,4453,4588,4736,4875,4950,5159,4940,5214,5451,5670,5658,5810,5964,6192,6278,6600,6992,7189,7347,7584,7857,8051,8036,8300,8400,8670,9202,9790,10010,10192,10925,11232,11446,11979,12500,13287,13493,14445,15151,16046,17020,17700,18724,19096,20034,21320,22610,23528,24881,25844,27783,29596,31356,32706,35260,37910,40887,44640,47500,50826,54270,60562,65934,71841,80032,88494,101556,112326,123000,137970,157450,180186,206973,241397,286888,347442,423280,522914,668088,844480,848232,843200,850398,852987,851006,839511,744996,574248,320628,0,0,0,0,0,0,0,0,0,0,0,0,0,0,0,0,0,0,0,0,0,0,0,0,0,0,0,0,0,0,0,0,0,0,0,0,0,0,0,0,0,0,0,0,0,0,0,0,0,0,0,0,0,0,0,0,0,0,0,0,0,0,0,0,0,0,0,0,0,0,0,0,0,0,0,0,0,0,0,0,0,0,0,0,0,0,0,0,0,0,0,0,0,0,0,0,0,0,0,0,0,0,0,0,0,0,0,0,0,0,0,0,0,0,0,0,0,0,0,0,0,0,0,0,0,0,0,0,0,0,0,0,0,0,0,0,0
1221,1620,1665,1584,1665,1672,1786,1880,1833,1833,1886,1880,2050,2150,2193,2184,2193,2173,2214,2430,2430,2530,2585,2640,2744,2744,2736,2793,2891,2989,2950,2989,3000,2989,3100,3050,3224,3328,3339,3498,3630,3819,3762,3876,3976,4118,4320,4526,4464,4588,4864,4864,4864,4928,5148,5070,5346,5346,5346,5727,6106,6264,6480,6750,6825,7068,7332,7584,7742,7821,8282,8925,8925,9460,9900,10170,10556,11280,11305,11760,12276,12928,13596,14070,14688,15369,16159,17052,17901,18876,19311,20250,21414,22572,24072,25392,26790,28470,30704,32240,34776,37018,39963,42720,46872,49400,54400,59616,65400,71416,79254,89505,100232,112119,125965,140756,160392,188149,219037,260652,309056,380780,468125,584896,723444,775950,761000,754608,737305,713148,661953,533352,351783,0,0,0,0,0,0,0,0,0,0,0,0,0,0,0,0,0,0,0,0,0,0,0,0,0,0,0,0,0,0,0,0,0,0,0,0,0,0,0,0,0,0,0,0,0,0,0,0,0,0,0,0,0,0,0,0,0,0,0,0,0,0,0,0,0,0,0,0,0,0,0,0,0,0,0,0,0,0,0,0,0,0,0,0,0,0,0,0,0,0,0,0,0,0,0,0,0,0,0,0,0,0,0,0,0,0,0,0,0,0,0,0,0,0,0,0,0,0,0,0,0,0,0,0,0,0,0,0,0,0,0,0,0,0,0,0
972,1254,1394,1394,1394,1365,1326,1360,1470,1505,1620,1702,1794,1786,1824,1872,1960,2142,2107,2100,2295,2288,2332,2288,2184,2484,2538,2640,2744,2744,2744,2900,2900,2950,2940,2989,3050,2989,2940,3060,3213,3213,3276,3392,3575,3630,3819,3696,3864,3990,4118,4200,4599,4526,4588,4662,4928,5148,5148,5293,5135,5346,5508,5658,5880,6177,6336,6750,6992,6992,7161,7410,7566,7821,8364,8840,9095,9309,9720,10080,10672,11186,11616,11979,12600,13056,13596,14522,15290,15904,16385,17284,19360,20000,21414,21801,22836,24797,26554,27985,29800,31775,33496,36023,38363,42303,44888,49660,52186,58058,65100,70875,78447,88550,99218,112800,125111,140913,162526,189376,223776,264214,319510,393470,490329,623200,739748,759066,745360,737100,712192,677120,574381,407644,0,0,0,0,0,0,0,0,0,0,0,0,0,0,0,0,0,0,0,0,0,0,0,0,0,0,0,0,0,0,0,0,0,0,0,0,0,0,0,0,0,0,0,0,0,0,0,0,0,0,0,0,0,0,0,0,0,0,0,0,0,0,0,0,0,0,0,0,0,0,0,0,0,0,0,0,0,0,0,0,0,0,0,0,0,0,0,0,0,0,0,0,0,0,0,0,0,0,0,0,0,0,0,0,0,0,0,0,0,0,0,0,0,0,0,0,0,0,0,0,0,0,0,0,0,0,0,0,0,0,0,0,0,0,0
660,682,640,682,704,768,2009,2050,1968,1960,2009,2009,2050,2193,2193,2288,2244,2244,2279,2430,2484,2576,2632,2688,2793,2891,2832,3000,3162,3150,3213,3213,3264,3315,3315,3300,3366,3551,3726,3657,3834,3933,3933,3990,4320,4473,4672,4599,4788,4928,5070,5226,5226,5440,5508,5727,5964,6020,6177,6264,6916,6992,7238,7254,7584,7840,8200,8446,8798,9265,9592,10170,10556,11092,11712,12276,12800,13130,13699,14796,15120,15984,17784,19964,20790,21672,22968,25116,26226,27936,29748,31570,33654,36408,39501,42898,47498,49970,54924,61446,67932,74936,84968,96096,108531,120802,137700,158595,186030,220199,265270,319158,398400,502872,654789,768960,767448,753300,746376,727033,689019,556920,359464,0,0,0,0,0,0,0,0,0,0,0,0,0,0,0,0,0,0,0,0,0,0,0,0,0,0,0,0,0,0,0,0,0,0,0,0,0,0,0,0,0,0,0,0,0,0,0,0,0,0,0,0,0,0,0,0,0,0,0,0,0,0,0,0,0,0,0,0,0,0,0,0,0,0,0,0,0,0,0,0,0,0,0,0,0,0,0,0,0,0,0,0,0,0,0,0,0,0,0,0,0,0,0,0,0,0,0,0,0,0,0,0,0,0,0,0,0,0,0,0,0,0,0,0,0,0,0,0,0,0,0,0,0,0,0,0,0,0,0,0,0,0,0,0,0,0
840,782,972,952,1044,1140,1110,1960,2332,2438,2288,2438,2592,2538,2688,2688,2850,2793,2850,2850,2891,2891,2900,3060,3172,3172,3172,3392,3286,3328,3520,3618,3685,4060,4118,4189,4248,4453,4453,4588,4575,4636,4636,4836,4898,5248,5494,5494,5934,6090,6497,6480,6808,7200,7469,7700,8080,8343,8610,8856,9460,9546,10260,10530,11400,12125,12474,13130,13635,14144,14734,15478,16352,17516,18135,19520,20250,22100,23187,24480,25993,27122,30150,32240,34506,36630,40248,43920,47360,51456,56481,62878,69042,77024,87399,99905,113805,127302,147423,172704,204006,245392,293349,366272,462528,593184,707465,737304,719343,705738,678078,624288,476715,274340,0,0,0,0,0,0,0,0,0,0,0,0,0,0,0,0,0,0,0,0,0,0,0,0,0,0,0,0,0,0,0,0,0,0,0,0,0,0,0,0,0,0,0,0,0,0,0,0,0,0,0,0,0,0,0,0,0,0,0,0,0,0,0,0,0,0,0,0,0,0,0,0,0,0,0,0,0,0,0,0,0,0,0,0,0,0,0,0,0,0,0,0,0,0,0,0,0,0,0,0,0,0,0,0,0,0,0,0,0,0,0,0,0,0,0,0,0,0,0,0,0,0,0,0,0,0,0,0,0,0,0,0,0,0,0,0,0,0,0,0,0,0,0,0,0,0,0,0,0,0,0,0,0,0,0
638,667,660,690,638,2226,2397,2597,2444,2850,2856,2850,3021,3078,3074,3074,3068,3120,3180,3224,3233,3402,3233,3456,3510,3564,3630,3864,4002,4248,4320,4453,4736,4736,4736,4864,4992,5135,5427,5360,5412,5796,6177,6336,6480,6643,6975,7220,7644,7900,8100,8343,9010,9460,9657,10350,10738,11067,11495,11834,12700,13000,13965,14310,15400,16159,17020,18054,18997,20088,21209,21930,24344,25576,27122,29008,31518,34026,36244,39732,43432,47940,51456,56600,63474,70784,79395,90780,104176,117292,134547,155204,185136,222852,269036,333060,418140,537700,699780,759110,739140,723303,706200,664659,533885,327936,0,0,0,0,0,0,0,0,0,0,0,0,0,0,0,0,0,0,0,0,0,0,0,0,0,0,0,0,0,0,0,0,0,0,0,0,0,0,0,0,0,0,0,0,0,0,0,0,0,0,0,0,0,0,0,0,0,0,0,0,0,0,0,0,0,0,0,0,0,0,0,0,0,0,0,0,0,0,0,0,0,0,0,0,0,0,0,0,0,0,0,0,0,0,0,0,0,0,0,0,0,0,0,0,0,0,0,0,0,0,0,0,0,0,0,0,0,0,0,0,0,0,0,0,0,0,0,0,0,0,0,0,0,0,0,0,0,0,0,0,0,0,0,0,0,0,0,0,0,0,0,0,0,0,0,0,0,0,0,0,0,0,0
682,736,736,768,704,792,782,850,918,918,918,936,945,1026,988,1014,1280,1080,1394,1470,1584,1591,1716,1716,1840,1833,1776,1920,1880,1960,2107,2100,2193,2200,2236,2244,2244,2430,2430,2332,2530,2585,2744,2688,2842,2950,2891,3000,2928,2940,3060,3050,3162,3150,3392,3498,3685,3726,3990,4032,4104,4320,4526,4588,4725,4712,4851,4992,5148,5148,5214,5727,5950,6177,6424,6570,6825,7144,7488,7821,8080,8528,8715,9072,9657,9856,10580,11092,11210,12152,12375,13260,13936,14766,15151,16464,17400,18513,19311,20500,21672,23584,25159,26367,28324,30906,33180,35697,38701,41760,46805,51604,57246,63640,71100,80065,93240,106150,120513,138165,163020,193664,235734,287472,365156,464094,614075,748352,751968,735988,719532,686840,597506,409937,0,0,0,0,0,0,0,0,0,0,0,0,0,0,0,0,0,0,0,0,0,0,0,0,0,0,0,0,0,0,0,0,0,0,0,0,0,0,0,0,0,0,0,0,0,0,0,0,0,0,0,0,0,0,0,0,0,0,0,0,0,0,0,0,0,0,0,0,0,0,0,0,0,0,0,0,0,0,0,0,0,0,0,0,0,0,0,0,0,0,0,0,0,0,0,0,0,0,0,0,0,0,0,0,0,0,0,0,0,0,0,0,0,0,0,0,0,0,0,0,0,0,0,0,0,0,0,0,0,0,0,0,0,0,0
682,726,792,736,704,704,759,768,800,792,748,910,884,1044,1147,1140,1320,1320,1716,1702,1748,1794,1833,1920,1968,2150,2250,2244,2385,2385,2484,2592,2744,2793,2842,2900,2950,3009,3120,3120,3172,3224,3276,3328,3456,3685,3630,3864,3933,4071,4260,4453,4725,4725,4736,5016,5372,5360,5293,5576,5964,6020,6586,6660,7068,7238,7488,7566,8019,8446,8820,9222,10010,10509,10904,11520,12276,12600,13260,14338,15429,15933,18120,18910,20412,21877,23355,24840,27216,29055,31668,33708,37128,40368,45325,49020,54327,60557,69834,79200,92133,105640,121009,142870,170814,206276,256632,318406,417487,552318,764712,796575,782808,777492,757014,689670,481584,0,0,0,0,0,0,0,0,0,0,0,0,0,0,0,0,0,0,0,0,0,0,0,0,0,0,0,0,0,0,0,0,0,0,0,0,0,0,0,0,0,0,0,0,0,0,0,0,0,0,0,0,0,0,0,0,0,0,0,0,0,0,0,0,0,0,0,0,0,0,0,0,0,0,0,0,0,0,0,0,0,0,0,0,0,0,0,0,0,0,0,0,0,0,0,0,0,0,0,0,0,0,0,0,0,0,0,0,0,0,0,0,0,0,0,0,0,0,0,0,0,0,0,0,0,0,0,0,0,0,0,0,0,0,0,0,0,0,0,0,0,0,0,0,0,0,0,0,0,0,0,0
690,638,609,551,736,713,682,736,736,713,768,759,759,816,816,816,816,1008,1036,1140,1312,1428,1968,2150,2150,2142,2236,2200,2346,2288,2288,2430,2530,2640,2736,2842,2850,2950,2958,3172,3186,3360,3410,3402,3465,3520,3510,3752,3886,4060,4002,4189,4464,4331,4514,4928,5005,5293,5427,5658,5964,6205,6192,6600,6750,6992,7426,7776,8036,8484,8840,8820,9592,10170,10488,11115,11760,12276,13184,13936,14904,15904,17052,18300,18942,19964,21120,23220,24742,27260,29250,31465,33760,36907,41241,45872,50310,55216,62780,69608,81008,96212,110968,127563,151916,183180,223108,280995,363000,479826,663828,815625,810302,807408,799578,782144,637362,342041,0,0,0,0,0,0,0,0,0,0,0,0,0,0,0,0,0,0,0,0,0,0,0,0,0,0,0,0,0,0,0,0,0,0,0,0,0,0,0,0,0,0,0,0,0,0,0,0,0,0,0,0,0,0,0,0,0,0,0,0,0,0,0,0,0,0,0,0,0,0,0,0,0,0,0,0,0,0,0,0,0,0,0,0,0,0,0,0,0,0,0,0,0,0,0,0,0,0,0,0,0,0,0,0,0,0,0,0,0,0,0,0,0,0,0,0,0,0,0,0,0,0,0,0,0,0,0,0,0,0,0,0,0,0,0,0,0,0,0,0,0,0,0,0,0,0,0,0,0,0,0
630,858,736,858,891,952,952,962,1755,1755,1833,1886,1927,1968,2064,2050,2040,2100,2193,2288,2376,2430,2530,2576,2640,2736,2736,2736,2842,2900,2900,3009,3111,3224,3392,3339,3630,3685,3944,4118,4320,4331,4320,4453,4440,4636,4851,5070,5214,5494,5880,6177,6177,6586,6975,7050,7392,7722,8262,8610,8988,9374,9944,10374,10998,11640,12348,12900,13566,14628,15510,16095,17316,18564,19803,21082,23625,24840,26649,29008,31416,33598,37575,41536,46368,50806,56883,64628,72867,85854,100548,116156,134994,165000,199800,250173,315146,415154,556206,715589,735813,716820,693864,647895,483648,221275,0,0,0,0,0,0,0,0,0,0,0,0,0,0,0,0,0,0,0,0,0,0,0,0,0,0,0,0,0,0,0,0,0,0,0,0,0,0,0,0,0,0,0,0,0,0,0,0,0,0,0,0,0,0,0,0,0,0,0,0,0,0,0,0,0,0,0,0,0,0,0,0,0,0,0,0,0,0,0,0,0,0,0,0,0,0,0,0,0,0,0,0,0,0,0,0,0,0,0,0,0,0,0,0,0,0,0,0,0,0,0,0,0,0,0,0,0,0,0,0,0,0,0,0,0,0,0,0,0,0,0,0,0,0,0,0,0,0,0,0,0,0,0,0,0,0,0,0,0,0,0,0,0,0,0,0,0,0,0,0,0,0,0
660,792,850,945,1008,999,1014,950,975,1148,1353,1080,1176,1634,1760,1800,1840,1880,1927,2016,2107,2200,2254,2200,2150,2244,2295,2392,2548,2548,2646,2640,2585,2744,2950,3000,3172,3060,3111,3276,3392,3432,3498,3808,3990,4189,4320,4380,4712,4928,5293,5200,5200,5280,5658,5950,6177,6808,6734,7050,7488,7644,8262,8446,8904,9374,10057,10580,10998,11737,12348,13493,13860,14522,15840,16986,18480,19468,20992,22532,24702,27027,29204,31775,34560,38420,42834,48128,53116,60528,68731,80206,95004,112119,131400,157784,196732,247779,319872,430025,595595,764688,753253,735756,714270,632753,411750,0,0,0,0,0,0,0,0,0,0,0,0,0,0,0,0,0,0,0,0,0,0,0,0,0,0,0,0,0,0,0,0,0,0,0,0,0,0,0,0,0,0,0,0,0,0,0,0,0,0,0,0,0,0,0,0,0,0,0,0,0,0,0,0,0,0,0,0,0,0,0,0,0,0,0,0,0,0,0,0,0,0,0,0,0,0,0,0,0,0,0,0,0,0,0,0,0,0,0,0,0,0,0,0,0,0,0,0,0,0,0,0,0,0,0,0,0,0,0,0,0,0,0,0,0,0,0,0,0,0,0,0,0,0,0,0,0,0,0,0,0,0,0,0,0,0,0,0,0,0,0,0,0,0,0,0,0,0,0,0,0,0
748,782,891,945,1015,1044,1209,1102,1140,1248,1320,1248,1360,1400,1365,1360,1702,1886,1880,1833,1824,1911,2016,2288,2193,2236,2279,2385,2530,2576,2585,2688,2744,3016,2900,3060,3060,3224,3276,3339,3465,3498,3640,3819,3933,3990,4118,4526,4599,4800,4928,5135,5280,5200,5561,6106,6497,6497,7068,7315,7760,7956,8528,9072,9460,10032,10856,11616,12028,12700,14552,15369,16352,17667,18876,20664,21801,24344,25900,28130,31008,35371,37516,41760,47360,52962,60444,69264,80920,96460,112995,133206,164656,205821,263088,344709,470997,666064,736000,707480,674041,616305,430678,0,0,0,0,0,0,0,0,0,0,0,0,0,0,0,0,0,0,0,0,0,0,0,0,0,0,0,0,0,0,0,0,0,0,0,0,0,0,0,0,0,0,0,0,0,0,0,0,0,0,0,0,0,0,0,0,0,0,0,0,0,0,0,0,0,0,0,0,0,0,0,0,0,0,0,0,0,0,0,0,0,0,0,0,0,0,0,0,0,0,0,0,0,0,0,0,0,0,0,0,0,0,0,0,0,0,0,0,0,0,0,0,0,0,0,0,0,0,0,0,0,0,0,0,0,0,0,0,0,0,0,0,0,0,0,0,0,0,0,0,0,0,0,0,0,0,0,0,0,0,0,0,0,0,0,0,0,0,0,0,0,0,0,0,0,0
425,416,432,416,416,432,459,442,442,442,468,494,494,630,651,620,651,651,620,600,651,768,800,792,768,792,768,792,850,825,884,825,918,918,945,840,936,972,999,936,999,1240,1280,1512,1435,1435,1470,1591,1634,1677,1665,1672,1716,1794,1800,1845,1927,2064,2112,2244,2244,2346,2340,2346,2444,2544,3009,3111,3172,3328,3392,3498,3685,3740,3808,3876,4189,4260,4320,4588,4650,4788,5135,5508,5727,5880,6205,6586,6734,7007,7144,7410,8019,8364,9010,9180,9504,10283,10788,11495,12500,13520,14124,14824,15820,17199,18207,20000,21248,22876,25380,27594,29898,32706,36354,40194,45264,51352,57120,65534,76700,90170,106975,127800,156128,197210,250710,328290,438840,624624,892810,879425,866184,849696,765993,485865,0,0,0,0,0,0,0,0,0,0,0,0,0,0,0,0,0,0,0,0,0,0,0,0,0,0,0,0,0,0,0,0,0,0,0,0,0,0,0,0,0,0,0,0,0,0,0,0,0,0,0,0,0,0,0,0,0,0,0,0,0,0,0,0,0,0,0,0,0,0,0,0,0,0,0,0,0,0,0,0,0,0,0,0,0,0,0,0,0,0,0,0,0,0,0,0,0,0,0,0,0,0,0,0,0,0,0,0,0,0,0,0,0,0,0,0,0,0,0,0,0,0,0,0,0,0,0,0,0,0,0,0,0
494,475,560,532,651,630,630,588,600,600,630,638,682,651,759,759,736,759,736,792,792,759,736,768,726,850,850,918,910,952,918,918,972,936,1064,962,1200,1131,1160,1386,1312,1312,1505,1599,1596,1628,1672,1716,1755,1840,1800,1890,1974,2016,2100,2156,2295,2193,2295,2288,2392,2538,2695,2688,2793,2842,2900,2900,3009,3111,3276,3339,3575,3630,3696,3752,4130,4080,4260,4307,4453,4650,4788,5056,5494,5727,5810,6035,6351,6497,6825,7392,7623,8080,8446,8652,9288,9856,10465,10764,11590,12222,13100,14070,15260,16464,17135,19032,20088,21376,23232,25437,28224,30098,34080,37125,41001,46736,51992,59534,68420,80240,95090,113016,136945,167668,214696,274680,359953,493584,714350,839201,808080,781600,709560,491436,0,0,0,0,0,0,0,0,0,0,0,0,0,0,0,0,0,0,0,0,0,0,0,0,0,0,0,0,0,0,0,0,0,0,0,0,0,0,0,0,0,0,0,0,0,0,0,0,0,0,0,0,0,0,0,0,0,0,0,0,0,0,0,0,0,0,0,0,0,0,0,0,0,0,0,0,0,0,0,0,0,0,0,0,0,0,0,0,0,0,0,0,0,0,0,0,0,0,0,0,0,0,0,0,0,0,0,0,0,0,0,0,0,0,0,0,0,0,0,0,0,0,0,0,0,0,0,0,0,0,0,0,0
432,416,442,459,425,468,425,486,486,504,504,493,504,468,520,580,609,630,600,682,713,704,736,792,792,736,736,782,816,875,840,840,910,900,900,1008,972,1044,1044,1073,1170,1209,1240,1170,1240,1320,1248,1360,1360,1248,1440,1470,1554,1512,1554,1596,1628,1755,1755,1800,1840,1927,1927,2016,2107,2142,2236,2475,2430,2530,2585,2679,2793,2632,2736,2891,2950,3162,3276,3520,3456,3640,3685,3944,4071,4260,4176,4320,4526,4745,4851,5427,5508,5810,6048,6035,6424,6750,7315,7760,8364,8632,9010,9202,9968,10738,11305,11712,12600,13362,14796,15762,17168,18755,20193,21285,23355,25380,27550,30400,34132,37184,42542,47311,54128,61692,71278,84424,102330,125037,152280,196677,253995,332475,457920,672486,894984,864800,856536,803406,621346,225201,0,0,0,0,0,0,0,0,0,0,0,0,0,0,0,0,0,0,0,0,0,0,0,0,0,0,0,0,0,0,0,0,0,0,0,0,0,0,0,0,0,0,0,0,0,0,0,0,0,0,0,0,0,0,0,0,0,0,0,0,0,0,0,0,0,0,0,0,0,0,0,0,0,0,0,0,0,0,0,0,0,0,0,0,0,0,0,0,0,0,0,0,0,0,0,0,0,0,0,0,0,0,0,0,0,0,0,0,0,0,0,0,0,0,0,0,0,0,0,0,0,0,0,0,0,0,0
3657,3780,3780,3763,3905,3905,3960,3905,4032,4032,3905,3960,4032,4161,4425,4560,4350,4543,4543,4680,4484,4680,4819,4819,4880,4960,5103,5022,5248,5312,5460,5544,5544,5610,5742,5829,5829,5829,5984,5984,5984,6300,6120,6348,6532,6603,6862,6862,6935,7104,7178,7252,7425,7500,7500,7725,7752,7980,8162,8424,8453,8532,9102,9213,9102,9462,9408,9660,9660,9945,10148,10406,10560,10736,11250,11500,11718,11904,12160,12314,12998,13167,13365,13365,13837,14140,14560,15015,15476,15768,16170,16390,16610,17136,17360,18126,18676,19159,19723,20252,20496,21033,21750,22528,22962,23220,24073,24656,24871,26410,26966,27777,28457,29376,30282,31800,32680,35011,35708,36450,37950,39377,39715,41280,43120,45287,46440,48918,50116,54126,56430,58378,60564,63420,66126,67921,72900,76820,80948,85184,89298,94248,99456,105732,112614,120416,128627,138165,144770,156655,168498,183563,198000,215050,233188,254924,279603,306748,339296,378594,411500,437835,475038,506401,550634,595293,648558,704900,729205,726561,733608,732286,732294,721922,730828,734080,736640,736820,739880,714426,673263,614900,534863,448048,325876,27830,0,0,0,0,0,0,0,0,0,0,0,0,0,0,0,0,0,0,0,0,0,0,0,0,0,0,0,0,0,0,0,0,0,0,0,0,0,0,0,0,0,0,0,0,0,0,0,0,0,0,0,0,0,0,0,0,0,0,0,0,0,0,0,0,0,0,0,0,0,0,0,0,0,0,0,0,0,0,0,0,0,0,0
1813,1813,1776,1813,1862,1911,1911,2000,2000,2000,1950,1938,2040,2080,2080,1938,2080,2080,2120,2067,2120,2268,2268,2268,2268,2268,2420,2376,2376,2464,2365,2310,2408,2508,2596,2494,2508,2640,2640,2640,2700,2745,2867,2867,2852,2914,2914,3008,3008,3072,2961,3072,3120,3120,3250,3300,3250,3432,3432,3551,3657,3710,3726,3780,3850,4047,3976,4032,4161,4032,3976,4234,4234,4307,4366,4350,4425,4543,4819,4680,4880,4960,4960,5103,5184,5184,5330,5330,5376,5376,5610,5742,5829,5984,5963,5963,6300,6370,6603,6510,6674,6840,7081,7252,7252,7178,7425,7500,7752,7878,8008,8346,8453,8480,8720,8748,9213,9379,9804,10208,10384,10472,10648,11102,11193,11408,11776,11904,12350,12768,12998,13563,13800,14484,14768,15264,15768,16092,16650,17360,17784,18170,18560,19071,19800,20496,21328,21750,22272,23220,23424,24738,25650,26384,27126,28482,30660,31017,32250,33507,34476,36024,37191,39342,41310,43500,45568,47866,50135,52630,57800,60475,62816,66126,69440,73920,79112,84480,89908,96520,102573,110021,117872,127890,139826,150866,164808,181602,200880,221250,244839,274144,305805,346380,398970,431218,475648,519612,578898,628326,690112,723450,721944,718900,726044,718040,733845,726336,724177,718516,687808,631164,545391,440076,294926,0,0,0,0,0,0,0,0,0,0,0,0,0,0,0,0,0,0,0,0,0,0,0,0,0,0,0,0,0,0,0,0,0,0,0,0,0,0,0,0,0,0,0,0,0,0,0,0,0,0,0,0,0,0
1656,1645,1692,1739,1739,1739,1739,1739,1739,1824,1862,1824,1739,1786,1813,1862,1960,2000,2040,2040,2040,2091,2132,2091,2091,2132,2132,2226,2279,2322,2279,2226,2310,2365,2508,2508,2508,2565,2520,2520,2576,2520,2576,2622,2622,2668,2760,2820,2760,2760,2832,2832,2880,2989,3038,3200,3185,3185,3234,3300,3300,3300,3366,3432,3551,3604,3657,3726,3920,3850,4047,4032,4161,4161,4161,4292,4292,4350,4543,4484,4602,4740,4740,4960,5103,5022,5229,5312,5460,5460,5525,5676,5676,5808,5963,6052,6188,6188,6348,6580,6745,6745,6816,6912,7081,7400,7425,7575,7752,7752,7777,8085,8346,8560,8560,8910,9184,9775,9660,10179,10179,10384,10736,11070,11193,11375,11684,11868,12445,12730,13426,13563,14039,14626,15158,15660,16132,16761,17176,17360,18212,19159,19397,20252,20664,21125,21672,22272,23449,24104,25245,25976,27383,28200,29580,30932,32224,33635,35680,35934,37584,39412,42456,44678,46956,49555,52060,54880,58089,61479,64965,69324,73125,79220,84480,89790,96135,104538,113300,121980,134251,146952,161865,178192,195636,220020,244728,278757,314876,357588,410256,443895,493885,548622,611424,674784,743535,745792,759681,747840,751660,762588,757768,764192,772915,735386,661386,561275,443166,0,0,0,0,0,0,0,0,0,0,0,0,0,0,0,0,0,0,0,0,0,0,0,0,0,0,0,0,0,0,0,0,0,0,0,0,0,0,0,0,0,0,0,0,0,0,0,0,0,0,0,0,0,0,0,0,0,0,0,0
1813,1900,1813,1900,1900,1850,1862,1900,1950,1950,1938,1850,1900,1989,1989,2132,2173,2173,2214,2268,2214,2255,2268,2365,2408,2451,2408,2451,2408,2408,2552,2565,2610,2714,2714,2760,2668,2760,2867,2806,2867,2976,2914,2976,2961,3038,2976,3038,3200,3200,3087,3315,3366,3366,3484,3551,3657,3672,3850,3726,3726,3976,4047,4047,4032,4161,4275,4332,4275,4484,4408,4680,4758,4836,4898,4898,4898,4977,5040,5184,5312,5460,5544,5762,5742,5808,5896,6052,6210,6279,6461,6624,6789,7104,7275,7425,7524,7546,7676,7931,7956,8374,8400,8856,8748,9020,9435,9890,9890,10148,10800,10890,11011,11532,11844,11718,12350,12901,13230,13600,14076,14805,14840,15264,16390,16872,17784,18055,18603,19602,20460,20787,21500,22272,23140,24024,25245,26167,27105,28200,29580,31650,32895,34476,36774,37720,40460,42525,45360,47472,50085,52882,56516,60358,63812,68138,72800,77589,85073,90520,98161,106793,116480,127167,141831,158110,174933,197288,220608,247632,282438,325064,374503,424029,463398,520072,584260,655319,752745,749972,760608,767438,771921,777444,791028,794580,791136,733788,631365,497021,0,0,0,0,0,0,0,0,0,0,0,0,0,0,0,0,0,0,0,0,0,0,0,0,0,0,0,0,0,0,0,0,0,0,0,0,0,0,0,0,0,0,0,0,0,0,0,0,0,0,0,0,0,0,0,0,0,0,0,0,0,0,0,0,0,0,0,0,0,0,0,0,0,0,0,0,0,0,0
1872,1862,1960,1960,1960,2050,2091,2050,2142,2142,2236,2236,2236,2236,2184,2184,2279,2322,2322,2322,2464,2520,2420,2464,2576,2464,2610,2610,2726,2668,2820,2806,2820,2880,2914,3136,3072,3024,3072,3264,3250,3136,3234,3300,3417,3432,3498,3604,3657,3780,3726,3795,3618,3850,3976,4032,4088,4161,4218,4218,4332,4408,4524,4543,4620,4819,5022,5166,5166,5312,5312,5395,5312,5695,5762,5916,5963,6052,6370,6461,6603,6768,6862,7081,7081,7252,7500,7676,7752,7904,8453,8611,8640,8938,9130,9296,9775,10148,10384,11132,11316,11316,11938,12160,12576,12672,13068,13300,14214,14560,15052,15370,16650,16800,17515,18560,18998,19560,20541,21500,22575,23400,24339,24975,26220,27020,28116,29580,31050,33110,34918,36160,38212,41866,43542,46228,49400,51531,55440,59450,62580,66960,72128,78390,84350,91250,99180,108528,119834,132014,148506,164672,185678,209814,236605,273480,312704,367685,419000,460645,517575,577920,673179,766120,754485,767836,790548,788576,788139,799066,808875,781500,689318,558775,368298,87860,0,0,0,0,0,0,0,0,0,0,0,0,0,0,0,0,0,0,0,0,0,0,0,0,0,0,0,0,0,0,0,0,0,0,0,0,0,0,0,0,0,0,0,0,0,0,0,0,0,0,0,0,0,0,0,0,0,0,0,0,0,0,0,0,0,0,0,0,0,0,0,0,0,0,0,0,0,0,0,0,0,0,0,0,0,0,0,0,0,0,0,0,0
1271,1170,1209,1160,1170,1240,1280,1271,1271,1353,1344,1376,1419,1419,1386,1376,1462,1462,1505,1540,1575,1530,1496,1496,1462,1419,1540,1462,1505,1505,1386,1428,1540,1620,1702,1739,1739,1786,1824,1776,1824,1776,1911,1911,1862,1850,1862,1850,1938,1989,2080,1976,1976,2080,2120,2173,2322,2268,2268,2365,2420,2464,2464,2622,2565,2565,2668,2565,2596,2552,2655,2820,2806,3024,3150,3087,2961,3087,3185,3300,3380,3366,3484,3432,3604,3604,3740,3795,3834,3960,3850,4032,4144,4032,4218,4292,4332,4332,4332,4680,4602,4819,4880,4860,4860,5229,5292,5292,5525,5504,5808,5896,5963,6030,6141,6510,6674,6887,7081,7154,7474,7575,7548,7725,8374,8374,8560,8748,9102,9576,9690,10092,10384,10680,10947,11375,11811,12032,12804,13266,13500,13872,14280,14768,15645,16308,17289,18252,18564,18998,19844,20496,21125,22446,23449,24975,26030,26966,27777,29870,31800,33480,34383,36547,39884,41796,44678,47656,50384,54488,57855,61984,66528,71806,78880,85073,91632,101394,111792,123697,138320,153758,172368,197091,225587,261807,303349,354192,419500,459045,519669,593320,680884,732990,736554,748440,741290,753990,756216,759336,719834,634071,494109,294528,0,0,0,0,0,0,0,0,0,0,0,0,0,0,0,0,0,0,0,0,0,0,0,0,0,0,0,0,0,0,0,0,0,0,0,0,0,0,0,0,0,0,0,0,0,0,0,0,0,0,0,0,0,0,0,0,0,0,0,0,0,0,0,0,0
1428,1462,1462,1462,1419,1386,1428,1505,1496,1496,1496,1540,1496,1452,1496,1428,1462,1496,1540,1656,1702,1739,1739,1739,1786,1833,1833,1911,1824,1911,2000,1950,1950,1900,1950,1989,1976,2067,2120,2067,2160,2268,2310,2365,2408,2508,2494,2596,2596,2655,2714,2700,2640,2640,2640,2852,2880,2990,3149,3055,3216,3168,2990,3264,3350,3519,3400,3417,3536,3588,3850,3726,3850,3905,3905,3976,4032,4200,4218,4275,4332,4350,4389,4602,4602,4720,4800,4800,4941,5084,5355,5440,5655,5742,5829,5896,6052,6348,6580,6674,6745,6984,7056,7500,7575,7474,7931,8374,8560,8748,9020,9435,9918,9804,10384,10648,11160,11375,11684,12576,12707,13230,13938,14076,14976,15540,16459,16983,17980,18252,19320,19965,20664,21500,23091,24156,25326,26248,27383,29172,30429,32035,34410,36252,38704,41895,44100,46540,50572,55678,58600,62928,67624,72816,80040,87483,96140,105864,116325,130210,145485,163520,187278,214255,248136,289380,341705,410192,456318,551369,596960,680688,704346,700700,691600,690272,684828,665028,636500,564774,442144,279048,0,0,0,0,0,0,0,0,0,0,0,0,0,0,0,0,0,0,0,0,0,0,0,0,0,0,0,0,0,0,0,0,0,0,0,0,0,0,0,0,0,0,0,0,0,0,0,0,0,0,0,0,0,0,0,0,0,0,0,0,0,0,0,0,0,0,0,0,0,0,0,0,0,0,0,0,0,0,0,0,0,0,0,0,0,0,0
1148,1160,1200,1302,1302,1260,1230,1200,1092,1271,1280,1240,1240,1344,1419,1452,1518,1485,1530,1518,1564,1680,1680,1764,1764,1824,1776,1813,2000,2009,1900,1950,1989,1950,2000,2091,2040,2184,2236,2236,2279,2226,2268,2322,2322,2420,2365,2475,2565,2565,2714,2773,2726,2714,2760,2880,2820,3038,3050,3100,2976,3024,3250,3200,3136,3250,3366,3484,3536,3604,3780,3726,3780,3976,4144,4161,4161,4088,4218,4408,4446,4466,4408,4602,4860,5084,5103,5248,5312,5355,5632,5742,5963,6188,6510,6580,6603,6816,7326,7081,7425,7854,8008,7931,8346,8502,8611,8991,9153,9744,9828,10080,10614,11070,11375,12220,12864,12998,13524,14157,14544,15582,16241,16830,17515,18285,18860,19873,20910,22479,23318,24288,25650,26852,27939,29315,32528,34788,37365,37674,39600,42484,46517,48944,53098,56454,61910,67624,71940,77625,86031,94848,104895,118250,130585,147864,168480,193328,223850,264650,306586,367952,429408,493056,571872,642720,676377,662040,664160,654820,637800,612854,576400,486485,366452,198528,0,0,0,0,0,0,0,0,0,0,0,0,0,0,0,0,0,0,0,0,0,0,0,0,0,0,0,0,0,0,0,0,0,0,0,0,0,0,0,0,0,0,0,0,0,0,0,0,0,0,0,0,0,0,0,0,0,0,0,0,0,0,0,0,0,0,0,0,0,0,0,0,0,0,0,0,0,0,0,0,0,0,0,0,0,0,0,0,0,0,0,0,0
988,988,999,1064,988,1036,999,1064,1026,1131,1080,1148,1131,1102,1178,1140,1160,1200,1131,1230,1189,1189,1271,1333,1333,1333,1333,1376,1419,1452,1452,1496,1530,1564,1551,1680,1680,1564,1645,1680,1764,1800,1800,1887,1924,1908,2028,2067,2067,2067,2106,2200,2310,2352,2352,2296,2408,2464,2408,2565,2565,2596,2700,2596,2700,2852,2790,2790,2898,2961,3120,3250,3300,3300,3350,3519,3640,3570,3692,3692,3763,3710,4015,4015,4180,4408,4408,4408,4602,4661,4800,5084,4980,5355,5590,5655,5808,5963,6279,6510,6745,6912,7178,7252,7474,7600,7931,8216,8480,8829,9072,9348,9860,10030,10614,10736,11466,11868,12635,12998,13761,14382,15038,15943,16720,17248,18603,19560,20570,21924,22733,24235,25270,26715,28656,29744,32616,35724,36340,38394,42160,45408,49410,53487,57524,63345,69225,76043,85045,95865,105413,119301,136010,157366,180840,215041,252058,304983,372000,455676,525308,607749,638928,638656,626080,611524,584172,545972,465647,341880,174350,0,0,0,0,0,0,0,0,0,0,0,0,0,0,0,0,0,0,0,0,0,0,0,0,0,0,0,0,0,0,0,0,0,0,0,0,0,0,0,0,0,0,0,0,0,0,0,0,0,0,0,0,0,0,0,0,0,0,0,0,0,0,0,0,0,0,0,0,0,0,0,0,0,0,0,0,0,0,0,0,0,0,0,0,0,0,0,0,0,0,0,0,0,0,0,0,0,0
1053,1040,1107,1107,1204,1176,1176,1232,1276,1290,1218,1260,1218,1230,1230,1200,1230,1260,1260,1230,1230,1302,1376,1452,1408,1408,1452,1496,1530,1485,1575,1575,1452,1656,1645,1728,1764,1862,1938,1900,1989,2173,2040,2028,1976,2132,2120,2160,2160,2310,2365,2494,2508,2552,2596,2640,2714,2714,2714,2700,2806,2898,2944,3008,2961,3136,3072,3366,3366,3417,3536,3657,3710,3905,3976,4032,3976,4144,4088,4425,4389,4446,4602,4661,4800,5002,5084,5376,5590,5655,5742,6210,6461,6624,6935,6935,7296,7600,7700,7854,8190,8560,8611,8991,9184,9660,10062,10472,10858,11375,12220,12635,13230,13900,14342,14935,16092,17024,17980,18837,19635,20787,22225,23530,24420,26167,27580,29376,31886,34788,36888,37979,41067,44528,48678,52630,57130,63840,69657,76160,85084,95500,107041,121086,139762,162105,189336,224546,270504,329439,409528,475830,564840,659277,691398,687338,677952,677710,651780,615853,507522,347655,0,0,0,0,0,0,0,0,0,0,0,0,0,0,0,0,0,0,0,0,0,0,0,0,0,0,0,0,0,0,0,0,0,0,0,0,0,0,0,0,0,0,0,0,0,0,0,0,0,0,0,0,0,0,0,0,0,0,0,0,0,0,0,0,0,0,0,0,0,0,0,0,0,0,0,0,0,0,0,0,0,0,0,0,0,0,0,0,0,0,0,0,0,0,0,0,0,0,0,0,0,0,0,0,0,0,0
936,1053,988,1014,1092,1026,1026,1014,999,1053,1080,1026,1064,1218,1218,1247,1189,1200,1230,1260,1260,1302,1302,1302,1364,1452,1496,1408,1530,1485,1408,1564,1645,1551,1645,1656,1692,1739,1833,1813,2040,2040,1989,2040,2091,2173,2080,2226,2214,2214,2268,2365,2365,2352,2520,2668,2668,2552,2655,2684,2728,2700,2852,2852,3008,2961,2976,3168,3234,3332,3332,3468,3468,3570,3763,3816,3888,3942,3996,3996,4125,4235,4368,4503,4640,4779,4897,5146,5355,5568,5742,6120,6120,6532,6768,6840,7227,7600,7575,8008,8112,8480,8748,9153,9348,9912,10406,10578,11160,11776,12804,13192,13662,14443,15141,16006,17248,17898,19116,20496,21328,22428,24104,25080,26910,29172,31605,34342,35639,39196,41743,45408,49496,52640,58115,65626,72820,80131,90857,102543,115830,134385,156550,184702,220825,265440,336237,416010,497610,581714,649264,645918,632250,619285,591086,543585,434784,44763,0,0,0,0,0,0,0,0,0,0,0,0,0,0,0,0,0,0,0,0,0,0,0,0,0,0,0,0,0,0,0,0,0,0,0,0,0,0,0,0,0,0,0,0,0,0,0,0,0,0,0,0,0,0,0,0,0,0,0,0,0,0,0,0,0,0,0,0,0,0,0,0,0,0,0,0,0,0,0,0,0,0,0,0,0,0,0,0,0,0,0,0,0,0,0,0,0,0,0,0,0,0,0,0,0,0,0,0,0,0,0
560,713,713,713,713,682,651,704,704,726,759,759,759,759,792,759,850,816,816,864,864,875,875,999,972,1080,1080,1080,1120,1092,1092,1102,1131,1160,1102,1064,1160,1200,1230,1260,1302,1344,1312,1344,1419,1452,1485,1530,1452,1610,1610,1610,1645,1680,1728,1813,1836,1938,1976,1976,1887,2080,2120,2067,2337,2255,2214,2365,2365,2420,2420,2394,2565,2508,2596,2655,2655,2700,2745,2760,2914,2976,3087,3087,3213,3315,3250,3366,3417,3604,3604,3850,3976,4032,4088,4275,4350,4425,4408,4602,4720,4819,5229,5229,5355,5590,5676,6052,6279,6370,6745,6912,6935,7500,7650,7931,8190,8532,8910,9184,9660,9912,10440,11036,11125,11960,12768,13563,14280,15225,15729,16677,17556,18603,19635,20740,22528,24156,25380,27160,28400,30576,33726,36656,38070,41895,44704,48944,53200,59479,65932,72600,81200,92625,104520,120807,139166,163200,195228,235600,292446,365168,446925,533983,634725,685544,683439,674513,665856,634680,572226,432306,219791,0,0,0,0,0,0,0,0,0,0,0,0,0,0,0,0,0,0,0,0,0,0,0,0,0,0,0,0,0,0,0,0,0,0,0,0,0,0,0,0,0,0,0,0,0,0,0,0,0,0,0,0,0,0,0,0,0,0,0,0,0,0,0,0,0,0,0,0,0,0,0,0,0,0,0,0,0,0,0,0,0,0,0,0,0,0,0,0,0,0,0,0,0,0,0,0
630,682,690,736,736,713,690,744,713,792,792,768,768,782,850,792,825,850,884,884,918,972,999,1026,962,972,999,1092,1131,1092,1102,1092,1120,1160,1160,1160,1260,1260,1333,1302,1260,1189,1260,1290,1230,1312,1376,1376,1452,1496,1452,1485,1564,1610,1610,1680,1680,1750,1800,1924,1887,1989,2028,2040,2173,2120,2132,2080,2132,2322,2268,2322,2365,2464,2408,2552,2596,2655,2760,2820,2867,2976,2880,2989,3087,3024,3234,3300,3300,3417,3657,3780,3780,3905,3905,4088,4144,4332,4389,4446,4466,4800,4860,5146,5229,5355,5720,5984,6120,6417,6674,6768,7252,7425,7777,7854,8190,8190,8800,9379,9545,10092,10614,11102,11340,12445,13132,13900,14241,15476,16459,17402,18055,19560,20910,22144,23449,25432,26634,28944,32130,33110,36612,38844,42484,47397,50760,57113,62400,69978,79220,90155,102307,118160,138460,163800,197064,239008,300069,389854,465170,560175,679364,714045,721980,719385,714880,703103,598080,398925,65740,0,0,0,0,0,0,0,0,0,0,0,0,0,0,0,0,0,0,0,0,0,0,0,0,0,0,0,0,0,0,0,0,0,0,0,0,0,0,0,0,0,0,0,0,0,0,0,0,0,0,0,0,0,0,0,0,0,0,0,0,0,0,0,0,0,0,0,0,0,0,0,0,0,0,0,0,0,0,0,0,0,0,0,0,0,0,0,0,0,0,0,0,0,0,0,0,0,0
580,828,805,726,748,726,735,748,770,782,805,888,864,925,864,925,925,1092,1120,1092,1053,988,1080,1080,1080,1080,1107,1107,1120,1189,1260,1364,1320,1386,1302,1386,1419,1485,1485,1472,1680,1680,1680,1776,1764,1813,1850,1887,2028,1989,1989,2120,2173,2132,2160,2268,2322,2365,2565,2552,2565,2565,2610,2640,2806,2790,2914,3072,3087,3200,3185,3250,3234,3400,3710,3710,3763,3726,3960,4032,4104,4144,4408,4389,4560,4582,4720,5002,5292,5376,5742,6052,6210,6696,6696,6862,7104,7448,7752,8190,8239,8424,8880,9379,9744,10005,11070,11844,12350,12864,13289,14241,14976,16023,17248,18630,19516,21328,22704,23449,25568,27974,30885,33440,34944,37653,40414,44625,49312,54902,61500,68160,75480,87713,99682,116450,134904,162180,194452,239649,302460,386880,473879,576288,676436,667744,664592,649316,622386,551768,394550,420,420,432,432,486,420,375,416,459,425,450,448,476,504,486,513,432,442,476,522,504,504,486,522,504,513,486,560,522,513,540,620,651,651,682,651,744,651,736,672,736,651,736,759,782,792,858,858,825,759,748,627,680,805,864,828,875,0,0,0,0,0,0,0,0,0,0,0,0,0,0,0,0,0,0,0,0,0,0,0,0,0,0,0,0,0,0,0,0,0,0,0,0,0,0,0,0,0,0,0,0,0,0,0,0,0,0,0,0,0,0,0,0,0,0,0,0,0
726,726,682,682,759,726,850,792,782,816,840,875,850,816,910,910,910,910,936,936,936,945,936,962,988,1053,1064,1036,999,1092,1120,1240,1344,1271,1260,1290,1230,1333,1333,1408,1440,1440,1598,1551,1645,1692,1645,1728,1776,1900,1850,1900,1989,2028,2067,2173,2255,2310,2226,2255,2365,2310,2451,2451,2552,2596,2700,2806,2806,2867,3038,3087,3072,3185,3185,3250,3417,3468,3536,3780,3888,3888,4032,4088,4180,4275,4332,4582,4661,4720,4920,5292,5292,5655,5984,6120,6532,6789,7008,7252,7252,7725,7980,8346,8580,9153,9430,10115,10648,11592,11904,12540,12825,13800,14626,15876,17024,18285,19234,20664,22050,23010,25380,26827,29952,32680,33726,36869,40080,44450,49025,55160,60697,67204,75374,87108,99935,116025,137175,164800,200070,245496,314791,406884,496908,587502,670653,675831,660040,639174,599584,486115,0,0,0,0,0,0,0,0,0,0,0,0,0,0,0,0,0,0,0,0,0,0,0,0,0,0,0,0,0,0,0,0,0,0,0,0,0,0,0,0,0,0,0,0,0,0,0,0,0,0,0,0,0,0,0,0,0,0,0,0,0,0,0,0,0,0,0,0,0,0,0,0,0,0,0,0,0,0,0,0,0,0,0,0,0,0,0,0,0,0,0,0,0,0,0,0,0,0,0,0,0,0,0,0,0,0,0,0,0,0,0,0,0,0,0,0,0
513,532,513,513,504,736,704,704,713,759,736,768,792,759,864,864,816,850,888,910,936,972,962,1026,1026,1026,1026,999,999,1026,1092,1053,1064,1064,1026,1120,1120,1189,1230,1160,1271,1271,1344,1344,1302,1302,1302,1376,1452,1485,1564,1518,1632,1680,1692,1692,1728,1764,1680,1850,1850,1938,1989,2028,2120,2067,2255,2240,2296,2408,2352,2508,2451,2596,2700,2700,2760,2806,2806,2914,2976,3087,3120,3283,3468,3536,3536,3640,3710,3960,4015,4015,4200,4332,4389,4800,4800,4800,5208,5355,5590,6052,6210,6440,6532,6768,7081,7425,7600,7828,8190,8748,8748,9184,10062,10492,10858,11648,12090,12960,13622,14484,15622,16677,18012,19278,20374,22098,23760,25380,27440,30282,31500,33945,37816,40729,45568,49580,56118,62418,69768,78888,91875,106920,123640,148895,180432,222000,282615,366912,457530,558922,681411,668676,672154,659072,628528,540800,359700,0,0,0,0,0,0,0,0,0,0,0,0,0,0,0,0,0,0,0,0,0,0,0,0,0,0,0,0,0,0,0,0,0,0,0,0,0,0,0,0,0,0,0,0,0,0,0,0,0,0,0,0,0,0,0,0,0,0,0,0,0,0,0,0,0,0,0,0,0,0,0,0,0,0,0,0,0,0,0,0,0,0,0,0,0,0,0,0,0,0,0,0,0,0,0,0,0,0,0,0,0,0,0,0,0,0,0,0,0,0
532,759,782,782,805,864,888,864,828,888,888,888,888,900,900,1026,1064,1092,1092,1064,1131,1200,1160,1092,1160,1230,1376,1333,1333,1376,1452,1485,1452,1452,1452,1452,1485,1530,1575,1764,1680,1666,1800,1666,1764,1836,1887,1976,2106,2255,2214,2160,2255,2394,2494,2552,2640,2700,2596,2655,2745,2852,2961,3072,3024,3120,3283,3283,3234,3468,3710,3888,3942,3942,3942,4200,4275,4582,4800,5002,5084,5229,5355,5896,6141,6370,6674,6789,7252,7400,7650,8112,8190,8720,9102,9660,10296,10980,11500,11648,12635,13464,14560,15805,16761,18212,19159,20664,22528,24073,25893,27974,31080,34476,35840,38376,43152,48312,53184,62073,68800,77634,91020,105989,123824,150835,183534,231569,298744,399012,488448,607425,694200,692720,690822,667598,633180,477432,204036,0,0,0,0,0,0,0,0,0,0,0,0,0,0,0,0,0,0,0,0,0,0,0,0,0,0,0,0,0,0,0,0,0,0,0,0,0,0,0,0,0,0,0,0,0,0,0,0,0,0,0,0,0,0,0,0,0,0,0,0,0,0,0,0,0,0,0,0,0,0,0,0,0,0,0,0,0,0,0,0,0,0,0,0,0,0,0,0,0,0,0,0,0,0,0,0,0,0,0,0,0,0,0,0,0,0,0,0,0,0,0,0,0,0,0,0,0,0,0,0,0,0,0,0,0,0,0,0,0,0
660,660,792,792,816,840,910,910,910,900,988,950,925,962,925,1026,1026,1064,1064,1120,1148,1092,1140,1200,1200,1160,1200,1271,1344,1419,1408,1408,1530,1452,1496,1530,1692,1764,1728,1728,1938,1862,1900,1900,1938,2173,2255,2214,2352,2352,2552,2537,2552,2640,2596,2745,2914,2852,3024,3072,3136,3350,3570,3588,3551,3657,3834,3888,4088,4275,4312,4503,4446,4860,4980,5292,5418,5896,6279,6440,6580,7030,7200,7524,7854,8137,8532,8938,9545,9976,10736,11466,11997,12408,13192,14039,14872,16650,17854,18954,20787,22656,24024,25840,28171,31350,32918,37001,39435,43942,49580,56232,64163,71504,82128,96500,113820,136416,167508,209656,263078,349716,453490,561600,679236,669231,666407,641484,597190,448884,0,0,0,0,0,0,0,0,0,0,0,0,0,0,0,0,0,0,0,0,0,0,0,0,0,0,0,0,0,0,0,0,0,0,0,0,0,0,0,0,0,0,0,0,0,0,0,0,0,0,0,0,0,0,0,0,0,0,0,0,0,0,0,0,0,0,0,0,0,0,0,0,0,0,0,0,0,0,0,0,0,0,0,0,0,0,0,0,0,0,0,0,0,0,0,0,0,0,0,0,0,0,0,0,0,0,0,0,0,0,0,0,0,0,0,0,0,0,0,0,0,0,0,0,0,0,0,0,0,0,0,0,0,0,0,0,0,0,0
504,551,600,570,682,805,840,840,816,805,828,851,900,900,900,910,962,988,950,925,1064,1092,1092,1064,1064,1170,1170,1102,1102,1200,1230,1302,1376,1408,1452,1496,1485,1485,1530,1530,1610,1645,1692,1739,1739,1764,1850,1800,1950,1938,1887,2173,2214,2214,2310,2365,2394,2494,2552,2596,2596,2760,2806,2867,2976,2976,2914,3072,3120,3350,3417,3468,3710,3763,4015,4104,4144,4332,4408,4602,4800,4941,5270,5590,5829,6052,6279,6696,6935,7178,7854,7676,8453,8640,9020,9492,10234,10947,11750,12276,12825,13563,14872,16092,17360,19352,20040,21924,23580,25650,27777,31376,34188,37164,39674,44450,49950,55948,64688,72044,84835,99540,119508,145564,180360,227157,297932,400002,545868,632992,677280,666748,650637,618684,501984,0,0,0,0,0,0,0,0,0,0,0,0,0,0,0,0,0,0,0,0,0,0,0,0,0,0,0,0,0,0,0,0,0,0,0,0,0,0,0,0,0,0,0,0,0,0,0,0,0,0,0,0,0,0,0,0,0,0,0,0,0,0,0,0,0,0,0,0,0,0,0,0,0,0,0,0,0,0,0,0,0,0,0,0,0,0,0,0,0,0,0,0,0,0,0,0,0,0,0,0,0,0,0,0,0,0,0,0,0,0,0,0,0,0,0,0,0,0,0,0,0,0,0,0,0,0,0,0,0,0,0,0,0,0
408,468,450,468,486,468,468,468,468,513,513,513,609,736,736,736,704,736,736,759,759,759,792,759,748,816,840,936,999,972,972,972,1008,1036,1008,1036,1026,1131,1102,1160,1260,1271,1240,1312,1271,1344,1302,1344,1485,1530,1598,1645,1610,1610,1656,1656,1692,1776,1813,1750,1887,1976,1924,2014,2145,2145,2255,2240,2352,2408,2552,2596,2655,2760,2745,2852,2898,3024,3136,3185,3536,3536,3657,3850,3905,4200,4275,4275,4332,4661,4740,5084,5146,5676,5984,6461,6696,6862,7104,7524,7931,8216,8532,9072,9430,10030,10875,11648,12635,13192,14100,15330,16720,18126,19305,20984,23349,24924,27636,31080,34188,36386,40006,45408,50320,57918,66992,76489,90240,108768,130130,161396,204864,265593,357048,470580,590705,657189,651235,630105,584220,456687,201474,0,0,0,0,0,0,0,0,0,0,0,0,0,0,0,0,0,0,0,0,0,0,0,0,0,0,0,0,0,0,0,0,0,0,0,0,0,0,0,0,0,0,0,0,0,0,0,0,0,0,0,0,0,0,0,0,0,0,0,0,0,0,0,0,0,0,0,0,0,0,0,0,0,0,0,0,0,0,0,0,0,0,0,0,0,0,0,0,0,0,0,0,0,0,0,0,0,0,0,0,0,0,0,0,0,0,0,0,0,0,0,0,0,0,0,0,0,0,0,0,0,0,0,0,0,0
551,580,816,910,875,936,900,900,900,936,999,1026,999,1092,1092,1092,1120,1092,1140,1200,1131,1170,1200,1271,1271,1271,1376,1485,1485,1575,1610,1575,1610,1680,1824,1813,1800,1887,1924,1938,2028,2120,2310,2352,2255,2337,2596,2596,2596,2745,2745,2806,2914,3008,3168,3168,3350,3450,3657,3763,3869,3942,3996,4200,4389,4524,4980,5084,5292,5655,5655,6279,6440,6912,7252,7575,7854,8216,8829,9430,9744,10710,11125,11830,12730,13662,14935,16157,17205,18720,20910,22784,24605,26772,29088,33048,37352,39840,45056,50864,59590,67204,77400,93613,111339,137710,172128,222640,300330,409150,526850,663687,661200,643692,610350,528864,310885,0,0,0,0,0,0,0,0,0,0,0,0,0,0,0,0,0,0,0,0,0,0,0,0,0,0,0,0,0,0,0,0,0,0,0,0,0,0,0,0,0,0,0,0,0,0,0,0,0,0,0,0,0,0,0,0,0,0,0,0,0,0,0,0,0,0,0,0,0,0,0,0,0,0,0,0,0,0,0,0,0,0,0,0,0,0,0,0,0,0,0,0,0,0,0,0,0,0,0,0,0,0,0,0,0,0,0,0,0,0,0,0,0,0,0,0,0,0,0,0,0,0,0,0,0,0,0,0,0,0,0,0,0,0,0,0,0,0,0,0,0,0,0,0,0,0,0,0,0,0,0,0
432,400,442,450,450,425,425,475,468,468,486,513,560,532,551,570,651,600,600,660,759,704,682,713,759,736,782,782,840,840,805,816,850,1026,1026,1064,1026,1026,1102,1036,1064,1092,1092,1200,1240,1230,1230,1260,1280,1312,1312,1386,1496,1575,1505,1530,1610,1665,1610,1692,1598,1645,1836,1938,1950,1976,2120,2226,2310,2365,2352,2565,2508,2596,2655,2806,2806,3024,2914,2976,3185,3185,3468,3468,3588,3710,3905,4144,4332,4350,4466,4582,5002,5146,5525,5896,6230,6532,6768,7275,7275,7931,8190,8453,8690,9628,10148,10980,11938,12998,13524,14586,15836,17289,18630,20787,22656,24738,26827,29694,34383,38305,42039,46698,51512,61152,70956,83070,99450,120374,150350,192238,252948,351120,464002,602175,693154,690766,680805,643422,481515,0,0,0,0,0,0,0,0,0,0,0,0,0,0,0,0,0,0,0,0,0,0,0,0,0,0,0,0,0,0,0,0,0,0,0,0,0,0,0,0,0,0,0,0,0,0,0,0,0,0,0,0,0,0,0,0,0,0,0,0,0,0,0,0,0,0,0,0,0,0,0,0,0,0,0,0,0,0,0,0,0,0,0,0,0,0,0,0,0,0,0,0,0,0,0,0,0,0,0,0,0,0,0,0,0,0,0,0,0,0,0,0,0,0,0,0,0,0,0,0,0,0,0,0,0,0,0,0
7275,7275,7372,7448,7777,7700,7956,7800,7956,8034,8400,8343,8505,8586,8856,8938,9156,9265,9350,9546,9918,9918,10208,10384,10296,10472,10560,10680,10890,11036,11102,10980,11904,12065,11938,12160,12576,12576,12901,13365,13700,14076,14280,14382,14768,15015,15225,15794,16200,16940,17360,17784,18012,18212,18676,18954,19516,19965,20618,21156,21875,22176,22784,23449,24339,24339,24924,25704,26358,26966,28171,28944,30660,31588,32012,32528,33201,33813,35775,37816,38868,39508,40560,42066,43596,45489,46636,48412,50135,53461,54528,57420,59388,62514,68552,67838,70956,74592,77860,81200,86400,89056,94750,100880,106265,111652,118428,125400,134064,143655,150524,159768,170888,181235,195576,211770,225568,245358,267189,291480,313337,338514,379525,409640,453200,502348,553700,616448,640452,656328,677505,666918,649543,635040,620858,598044,576420,552762,523778,492929,449886,400414,335530,268257,174200,86100,0,0,0,0,0,0,0,0,0,0,0,0,0,0,0,0,0,0,0,0,0,0,0,0,0,0,0,0,0,0,0,0,0,0,0,0,0,0,0,0,0,0,0,0,0,0,0,0,0,0,0,0,0,0,0,0,0,0,0,0,0,0,0,0,0,0,0,0,0,0,0,0,0,0,0,0,0,0,0,0,0,0,0,0,0,0,0,0,0,0,0,0,0,0,0,0,0,0,0,0,0,0,0,0,0,0,0,0,0,0,0,0,0,0,0,0,0,0,0,0,0,0,0
5984,6210,6370,6300,6160,6390,6461,6624,6716,6840,7008,6862,7178,7275,7524,7546,7623,7700,7878,7878,8240,8424,8586,8938,8964,9102,9240,9460,9657,9944,10146,10032,10208,10530,10710,10829,10920,11316,11284,11750,12416,12416,12642,13100,13300,13668,14070,14522,14280,14980,15087,15336,15805,15914,16576,16950,16950,17670,17980,18369,18921,19602,20049,20790,21590,22016,22575,23187,23940,24656,25110,25619,26649,27792,28512,29725,31290,32589,32648,33540,34602,35964,38445,38744,40290,41934,43966,46228,47472,49181,51840,53820,55272,60152,64064,63840,66243,70299,73038,77064,80968,87001,91266,96899,102168,108936,115902,123671,133022,141000,150792,163576,176292,190576,206346,224688,244971,264138,291346,322520,355580,395094,434448,495341,561775,586608,609178,610880,595404,580692,562628,543756,518756,498112,465088,437969,398890,350176,288806,220779,123354,441,441,441,441,441,506,484,506,483,483,506,506,506,528,504,504,504,528,528,528,528,528,528,528,528,506,528,528,528,550,550,550,550,550,575,575,575,575,529,576,600,600,600,600,600,600,600,600,625,575,552,576,600,625,676,650,625,650,676,676,650,650,702,675,700,728,675,675,702,728,702,702,729,675,700,700,700,675,702,702,729,812,812,783,783,756,754,780,806,0,0,0,0,0,0,0,0,0,0,0,0,0,0,0,0,0,0,0,0,0,0,0,0,0,0,0,0,0,0,0,0,0,0,0,0,0,0,0
4234,4366,4366,4440,4425,4500,4560,4697,4697,4774,4914,4977,4960,4836,4914,5040,5120,5120,5330,5248,5460,5544,5590,5742,5829,5916,6141,6210,6440,6370,6552,6624,6768,6624,6696,6862,7008,7200,7104,7275,7425,7425,7500,7676,7777,8112,8112,8295,8560,8560,8910,9130,9213,9744,9831,9831,10005,10324,10738,10829,11132,11346,11040,11132,11439,11875,12288,12288,12969,13100,13332,13905,14040,14352,14595,14805,14946,15552,15660,16390,16800,17063,17214,17864,18212,18486,19560,19723,20460,21000,21546,22272,23010,23449,24206,24924,25380,26549,27495,28116,29172,30636,31861,33507,34383,35457,37422,37996,38610,39984,42656,42731,44604,45900,47866,50406,51975,54812,57511,60196,65205,65520,69015,72600,76614,80850,85070,90266,94736,101515,108120,114660,123078,131328,139293,148167,161036,174168,186361,202878,221430,239652,261490,287730,314886,350622,389279,431268,485232,548097,620416,702303,701316,687114,668850,650415,627368,605394,577540,551610,510884,469176,414864,362232,275471,179685,73260,0,0,0,0,0,0,0,0,0,0,0,0,0,0,0,0,0,0,0,0,0,0,0,0,0,0,0,0,0,0,0,0,0,0,0,0,0,0,0,0,0,0,0,0,0,0,0,0,0,0,0,0,0,0,0,0,0,0,0,0,0,0,0,0,0,0,0,0,0,0,0,0,0,0,0,0,0,0,0,0,0,0,0,0,0,0,0,0,0,0,0,0,0,0,0,0,0,0,0,0,0,0
3200,3315,3264,3264,3366,3380,3315,3213,3392,3498,3510,3510,3564,3740,3795,3740,3808,3864,3850,4104,4104,4161,4350,4366,4292,4350,4636,4636,4560,4620,4697,4898,4977,4992,4992,4992,5166,5248,5330,5544,5544,5610,5695,6003,6003,6230,6141,6072,6370,6461,6552,6390,6603,6716,6862,7030,7178,7252,7425,7575,7752,7828,7931,8216,8400,8505,8667,9072,9632,9546,9831,10146,10440,10620,10647,11160,11374,11562,12000,12222,12642,13000,13332,13362,13872,14214,14352,14664,15015,15264,15876,16280,16688,17289,17825,18212,18880,19800,20172,21375,21672,22446,23100,23364,24120,24840,25704,26827,27918,28800,30396,30955,32550,33970,35040,36512,38410,39950,41934,43788,45431,47214,52820,54144,55357,57400,64584,63536,66243,70941,76272,80496,84845,90036,97790,103740,110416,121111,128863,138402,151410,163134,177416,195361,212887,238260,260700,292881,330921,373650,418971,485780,566475,652344,751557,794772,780680,761394,753984,743400,704588,674472,637686,582252,532675,448950,358904,0,0,0,0,0,0,0,0,0,0,0,0,0,0,0,0,0,0,0,0,0,0,0,0,0,0,0,0,0,0,0,0,0,0,0,0,0,0,0,0,0,0,0,0,0,0,0,0,0,0,0,0,0,0,0,0,0,0,0,0,0,0,0,0,0,0,0,0,0,0,0,0,0,0,0,0,0,0,0,0,0,0,0,0,0,0,0,0,0,0,0,0,0,0,0,0,0,0,0,0,0,0
3100,3100,3200,3264,3264,3315,3315,3264,3366,3366,3366,3400,3640,3588,3834,3834,3780,3905,3888,3888,4088,4144,4218,4332,4307,4234,4275,4524,4680,4560,4560,4484,4620,4680,4758,4898,5265,5184,5312,5460,5460,5695,5829,6072,6300,6348,6370,6461,6532,6768,7030,7200,7425,7425,7800,7854,8112,8374,8480,8692,9047,9240,9520,9435,9831,10120,10208,10620,10920,11011,11439,11844,12160,12350,12768,12998,13464,14140,14523,15015,15330,15622,16132,17024,17289,17940,18720,19516,20040,20984,21525,22000,22833,23628,24656,25893,27244,28280,29458,30488,31650,34100,36340,37327,39508,40898,42978,44625,47520,50964,52542,55872,59200,63549,66780,72930,75702,82824,88164,95095,102765,112024,121164,133168,142105,157080,173774,193569,215874,241920,269960,306488,346210,397936,460756,544746,640800,719092,725625,708624,685080,659178,628696,590408,533628,474034,387552,287679,138480,0,0,0,0,0,0,0,0,0,0,0,0,0,0,0,0,0,0,0,0,0,0,0,0,0,0,0,0,0,0,0,0,0,0,0,0,0,0,0,0,0,0,0,0,0,0,0,0,0,0,0,0,0,0,0,0,0,0,0,0,0,0,0,0,0,0,0,0,0,0,0,0,0,0,0,0,0,0,0,0,0,0,0,0,0,0,0,0,0,0,0,0,0,0,0,0,0,0,0,0,0,0,0,0,0,0,0,0,0,0,0,0,0,0,0,0,0,0,0,0
3172,3276,3328,3445,3392,3380,3432,3498,3618,3604,3618,3604,3710,3672,3685,3740,3795,3864,3920,3864,4047,4104,4104,4366,4514,4575,4575,4636,4774,4836,4774,5056,5120,5248,5376,5312,5544,5695,5762,5896,6160,6370,6532,6674,6882,6975,7050,7392,7469,7663,7566,7821,8080,8181,8424,8692,9010,9265,9718,9744,9944,10235,10738,10856,11253,11495,11904,12573,12870,13332,13566,13832,14456,14840,15552,16206,16644,17100,17632,18252,19080,19642,20172,21336,21844,22880,23449,24840,26320,27456,28855,29896,30900,32895,34602,36675,38976,41064,43855,46046,48732,52032,55720,58580,62790,67487,72252,78416,83300,90528,99202,107325,118440,129340,143622,157866,178947,200220,226125,255816,292024,339750,398201,471884,564732,679042,755712,738150,717570,694272,664885,625906,579852,519120,431748,321271,147695,0,0,0,0,0,0,0,0,0,0,0,0,0,0,0,0,0,0,0,0,0,0,0,0,0,0,0,0,0,0,0,0,0,0,0,0,0,0,0,0,0,0,0,0,0,0,0,0,0,0,0,0,0,0,0,0,0,0,0,0,0,0,0,0,0,0,0,0,0,0,0,0,0,0,0,0,0,0,0,0,0,0,0,0,0,0,0,0,0,0,0,0,0,0,0,0,0,0,0,0,0,0,0,0,0,0,0,0,0,0,0,0,0,0,0,0,0,0,0,0,0,0,0,0,0,0,0,0,0,0,0,0
2760,2806,2745,2760,2714,2806,2898,2914,3008,3120,3072,3087,3328,3315,3350,3484,3484,3604,3672,3795,3905,3834,3834,3834,4015,4275,4350,4332,4218,4275,4332,4446,4543,4680,4860,4920,4860,5002,5229,5525,5695,5676,5610,5896,6230,6072,6532,6674,6624,6840,6984,7081,7500,7400,7500,7676,8008,8190,8480,8910,9130,9605,9718,9976,10502,10502,10800,11316,11500,11844,12288,12319,13068,13534,13736,14317,14768,15264,15476,15943,16983,16983,17741,18400,19234,20252,21156,22050,23220,24235,25058,26634,28800,29930,31861,31350,34632,36480,37260,39010,40800,43848,46003,49210,52250,59202,61292,64777,69657,74368,79572,87242,95000,102426,112711,122320,137936,150365,167762,188604,213480,245376,280713,323982,383508,446823,540480,644876,748913,733650,715114,700623,665892,636866,591531,530370,441192,326700,157472,0,0,0,0,0,0,0,0,0,0,0,0,0,0,0,0,0,0,0,0,0,0,0,0,0,0,0,0,0,0,0,0,0,0,0,0,0,0,0,0,0,0,0,0,0,0,0,0,0,0,0,0,0,0,0,0,0,0,0,0,0,0,0,0,0,0,0,0,0,0,0,0,0,0,0,0,0,0,0,0,0,0,0,0,0,0,0,0,0,0,0,0,0,0,0,0,0,0,0,0,0,0,0,0,0,0,0,0,0,0,0,0,0,0,0,0,0,0,0,0,0,0,0,0,0,0,0,0,0,0
1862,1900,1950,2000,1950,1989,2000,2000,2050,2050,2184,2173,2226,2376,2376,2420,2520,2420,2420,2520,2576,2520,2622,2622,2679,2679,2726,2784,2832,2940,3100,3038,3038,3038,3050,3100,3315,3315,3264,3380,3328,3392,3380,3498,3657,3850,3850,3795,3905,3976,3960,4144,4161,4161,4161,4332,4275,4408,4602,4740,4880,5002,4941,5063,5229,5440,5590,5829,5742,6003,6141,6230,6390,6532,6716,6862,7275,7350,7524,7777,7800,8034,8240,8798,9265,9546,9831,10120,10120,10620,10920,11562,11844,12160,12610,12838,13700,13266,14280,14523,15370,16092,16610,17289,18328,19040,19844,21033,21971,22528,23760,24975,26496,27636,29376,30600,31500,34697,37513,38410,42000,42978,45645,48129,51975,56056,60494,64896,70737,76050,82948,90882,100470,109560,121164,133632,151470,167475,191196,223376,254670,298200,349396,418128,507616,620564,761145,771894,749925,729330,683298,642744,574145,491502,380948,0,0,0,0,0,0,0,0,0,0,0,0,0,0,0,0,0,0,0,0,0,0,0,0,0,0,0,0,0,0,0,0,0,0,0,0,0,0,0,0,0,0,0,0,0,0,0,0,0,0,0,0,0,0,0,0,0,0,0,0,0,0,0,0,0,0,0,0,0,0,0,0,0,0,0,0,0,0,0,0,0,0,0,0,0,0,0,0,0,0,0,0,0,0,0,0,0,0,0,0,0,0,0,0,0,0,0,0,0,0,0,0,0,0
1960,2050,2040,2132,2184,2173,2173,2226,2279,2385,2430,2332,2376,2376,2376,2420,2322,2520,2520,2420,2520,2565,2565,2565,2610,2714,2867,2880,3050,3150,3100,3100,3100,3150,3213,3328,3339,3445,3328,3432,3604,3618,3604,3672,3726,3780,3850,3976,4104,4104,4104,4161,4218,4332,4620,4680,4758,4774,5022,5103,5395,5544,5478,5865,6020,6020,6319,6390,6552,6789,6956,7125,7275,7448,7777,8137,8295,8480,8692,9047,9156,9408,10208,10710,10829,11160,11532,11970,12288,12936,13635,14111,14805,15120,15984,16940,17402,17784,18954,19800,20618,21452,22400,23449,25192,26688,27777,30282,31710,32895,36064,39270,40630,42804,46517,49290,53847,57024,61404,66992,73040,79344,87474,97658,107855,119784,135534,151965,172656,198232,226197,266800,311750,371868,449901,550614,626220,674478,674696,640900,598260,541725,480591,379532,244500,65532,0,0,0,0,0,0,0,0,0,0,0,0,0,0,0,0,0,0,0,0,0,0,0,0,0,0,0,0,0,0,0,0,0,0,0,0,0,0,0,0,0,0,0,0,0,0,0,0,0,0,0,0,0,0,0,0,0,0,0,0,0,0,0,0,0,0,0,0,0,0,0,0,0,0,0,0,0,0,0,0,0,0,0,0,0,0,0,0,0,0,0,0,0,0,0,0,0,0,0,0,0,0,0,0,0,0,0,0,0,0,0,0,0,0,0,0,0,0,0,0,0,0,0
1462,1540,1575,1530,1530,1540,1575,1620,1656,1610,1610,1575,1656,1656,1656,1620,1692,1656,1739,1824,1824,1900,1938,1900,1824,1938,1900,1900,1938,2067,2132,2184,2226,2226,2268,2420,2420,2420,2408,2464,2565,2610,2565,2679,2773,2726,2736,2832,2880,2940,3050,3000,3050,3038,3038,3024,3136,3250,3468,3366,3366,3366,3468,3468,3657,3816,3816,3942,3960,4088,4088,4275,4543,4560,4543,4560,4680,4819,5040,5248,5395,5376,5504,5720,6030,6279,6510,6603,6912,6935,7275,7425,7700,7854,8112,8446,8400,8692,9047,9240,9775,10179,10384,10890,11284,11684,12445,12540,12998,13426,14000,14729,15264,16390,17248,17898,18676,19635,20787,21500,22833,23478,25380,26688,28400,29841,31439,33660,35639,38376,41553,44176,48594,50964,59796,59898,65832,70959,80157,88814,96899,109470,123388,137936,151280,175808,204160,239274,280140,336108,409080,501416,622671,691488,753830,744861,694216,635356,554277,448448,306270,96876,0,0,0,0,0,0,0,0,0,0,0,0,0,0,0,0,0,0,0,0,0,0,0,0,0,0,0,0,0,0,0,0,0,0,0,0,0,0,0,0,0,0,0,0,0,0,0,0,0,0,0,0,0,0,0,0,0,0,0,0,0,0,0,0,0,0,0,0,0,0,0,0,0,0,0,0,0,0,0,0,0,0,0,0,0,0,0,0,0,0,0,0,0,0,0,0,0,0,0,0,0,0,0,0,0,0,0
1360,1386,1428,1428,1462,1496,1496,1575,1575,1610,1610,1564,1564,1680,1692,1692,1739,1739,1692,1824,1862,1862,1900,1900,1938,1989,1989,1938,2080,2120,2132,2226,2184,2226,2322,2365,2420,2464,2565,2530,2576,2585,2576,2679,2736,2891,3000,2891,3000,3050,2940,3162,3213,3213,3213,3328,3328,3380,3445,3315,3484,3484,3726,3920,3864,3795,3905,3905,4032,4292,4292,4620,4560,4620,4836,4960,5040,5312,5395,5544,5628,5916,6210,6248,6390,6440,6674,6956,7275,7178,7524,7524,7956,8400,8586,9156,9350,9718,10235,10620,10920,11439,11844,12319,12416,13300,13500,14560,15264,15768,16132,17136,18285,19278,20086,21000,22225,23349,24472,26910,28600,29988,31977,34980,36612,38610,41452,44500,48470,51408,57888,61984,67824,75032,82128,90528,102442,114532,129204,147532,170093,198240,230580,273212,325605,399184,498864,635868,829713,875925,846604,809970,747282,678110,566496,396686,140513,0,0,0,0,0,0,0,0,0,0,0,0,0,0,0,0,0,0,0,0,0,0,0,0,0,0,0,0,0,0,0,0,0,0,0,0,0,0,0,0,0,0,0,0,0,0,0,0,0,0,0,0,0,0,0,0,0,0,0,0,0,0,0,0,0,0,0,0,0,0,0,0,0,0,0,0,0,0,0,0,0,0,0,0,0,0,0,0,0,0,0,0,0,0,0,0,0,0,0,0,0,0,0,0,0,0,0,0,0,0,0,0
1178,1178,1216,1216,1287,1320,1394,1360,1428,1470,1512,1462,1470,1428,1394,1428,1496,1530,1575,1584,1620,1584,1620,1702,1665,1665,1702,1824,1872,1911,1938,1989,1960,1911,2040,2080,2080,2132,2173,2236,2193,2142,2184,2288,2322,2365,2376,2520,2565,2464,2464,2668,2668,2820,2832,2820,2867,2928,2989,3087,3213,3213,3276,3392,3445,3575,3808,3762,3740,3740,3850,4032,4032,4234,4292,4408,4408,4620,4819,4819,4880,5166,5376,5525,5655,5916,6052,6370,6461,6935,6975,7050,7200,7600,7828,7931,8480,9047,9130,9408,9804,10296,10710,11224,11346,11875,12740,13266,13974,14734,15444,15914,16837,18212,18998,19844,20875,21971,22962,24388,26410,27936,30044,32832,34697,36838,41310,43542,46956,51110,56118,61864,67824,76257,84128,94627,106932,121260,139200,162105,190503,227178,271754,332100,412673,530535,692300,818657,822942,774508,719844,649890,541539,376380,115619,0,0,0,0,0,0,0,0,0,0,0,0,0,0,0,0,0,0,0,0,0,0,0,0,0,0,0,0,0,0,0,0,0,0,0,0,0,0,0,0,0,0,0,0,0,0,0,0,0,0,0,0,0,0,0,0,0,0,0,0,0,0,0,0,0,0,0,0,0,0,0,0,0,0,0,0,0,0,0,0,0,0,0,0,0,0,0,0,0,0,0,0,0,0,0,0,0,0,0,0,0,0,0,0,0,0,0,0,0,0,0,0,0,0
925,950,1131,1271,1344,1344,1386,1394,1394,1496,1505,1505,1462,1540,1540,1620,1702,1702,1702,1824,1786,1786,1824,1872,1748,1702,1786,1824,1739,1872,1950,1989,2040,2040,2080,2184,2142,2193,2184,2279,2420,2475,2520,2622,2565,2726,2842,2891,2989,3038,2989,2928,3038,3050,3200,3250,3185,3315,3366,3366,3484,3604,3710,3795,3780,3710,4015,3960,4292,4350,4366,4575,4560,4774,4977,5166,5248,5146,5544,5829,5896,6052,6141,6510,6935,7200,7372,7676,7931,8112,8400,8667,9130,9435,9890,10324,10620,11532,11875,11997,12804,13328,14039,14768,15225,16610,17515,18837,19873,20862,22098,23580,25058,27020,28600,31588,32035,34788,38631,41553,43942,48760,52820,59276,64988,73575,82002,92750,105602,119280,136484,160320,189262,223944,272136,336150,416328,536148,713184,847879,875260,832656,769626,676938,544808,316677,0,0,0,0,0,0,0,0,0,0,0,0,0,0,0,0,0,0,0,0,0,0,0,0,0,0,0,0,0,0,0,0,0,0,0,0,0,0,0,0,0,0,0,0,0,0,0,0,0,0,0,0,0,0,0,0,0,0,0,0,0,0,0,0,0,0,0,0,0,0,0,0,0,0,0,0,0,0,0,0,0,0,0,0,0,0,0,0,0,0,0,0,0,0,0,0,0,0,0,0,0,0,0,0,0,0,0,0,0,0,0,0,0,0,0,0,0,0,0,0,0,0,0
1160,1260,1344,1312,1386,1386,1419,1496,1530,1540,1505,1540,1575,1610,1656,1786,1786,1776,1748,1950,2173,2173,2268,2310,2408,2420,2576,2576,2622,2576,2679,2820,2867,2940,3100,3213,3315,3264,3417,3484,3588,3588,3763,3834,3763,3942,3960,4032,4350,4307,4484,4680,4960,5120,5184,5229,5292,5676,5829,6141,6532,7081,7350,7575,7676,7752,8190,8748,8881,9324,9718,10296,10591,11011,11500,12288,12901,13563,14140,14910,15984,16830,17584,19278,19965,21463,23711,24738,26578,28258,31439,33635,35392,40590,41405,45843,49496,58800,65826,70632,78776,90024,104661,120374,138296,161987,194580,235125,289513,366366,475650,586950,647023,710325,625560,542277,441188,309148,0,0,0,0,0,0,0,0,0,0,0,0,0,0,0,0,0,0,0,0,0,0,0,0,0,0,0,0,0,0,0,0,0,0,0,0,0,0,0,0,0,0,0,0,0,0,0,0,0,0,0,0,0,0,0,0,0,0,0,0,0,0,0,0,0,0,0,0,0,0,0,0,0,0,0,0,0,0,0,0,0,0,0,0,0,0,0,0,0,0,0,0,0,0,0,0,0,0,0,0,0,0,0,0,0,0,0,0,0,0,0,0,0,0,0,0,0,0,0,0,0,0,0,0,0,0,0,0,0,0,0,0,0,0,0,0,0,0,0,0,0,0,0,0,0,0,0,0,0,0,0
936,945,945,980,1008,1064,1008,1008,1080,1044,1080,1147,1140,1140,1140,1140,1170,1240,1260,1333,1333,1386,1376,1386,1386,1386,1462,1496,1530,1540,1548,1548,1628,1748,1760,1833,1833,1786,1833,1833,1872,1872,1920,2009,2000,1950,2040,2091,2173,2279,2226,2279,2279,2385,2430,2475,2420,2520,2475,2576,2576,2610,2622,2668,2806,2806,2867,2867,2914,3038,3250,3150,3432,3604,3672,3780,4104,4104,4292,4425,4366,4500,4697,4898,5040,5200,5265,5478,5676,6141,6141,6552,6882,7125,7372,7623,8000,8262,8528,8798,9460,9831,10440,10920,11712,12125,12771,13332,14111,14840,15444,16650,17402,18096,19844,21590,23318,24206,26082,29145,30340,33540,36572,39377,44571,47656,51490,57800,64872,72372,82720,93366,107448,124803,145920,175761,212268,257282,325600,415454,558325,612054,652840,600589,530784,439146,299925,83250,0,0,0,0,0,0,0,0,0,0,0,0,0,0,0,0,0,0,0,0,0,0,0,0,0,0,0,0,0,0,0,0,0,0,0,0,0,0,0,0,0,0,0,0,0,0,0,0,0,0,0,0,0,0,0,0,0,0,0,0,0,0,0,0,0,0,0,0,0,0,0,0,0,0,0,0,0,0,0,0,0,0,0,0,0,0,0,0,0,0,0,0,0,0,0,0,0,0,0,0,0,0,0,0,0,0,0,0,0,0,0,0,0,0,0,0,0,0,0,0,0
1026,936,999,1064,1026,1036,1026,1026,988,1131,1131,1131,1102,1131,1160,1240,1312,1344,1353,1353,1353,1419,1419,1386,1419,1462,1496,1530,1530,1540,1584,1620,1620,1620,1620,1786,1665,1710,1776,1862,1786,1920,1833,1880,2000,2000,2000,2028,2028,1989,2255,2226,2268,2352,2352,2494,2494,2552,2610,2726,2773,2773,2914,2976,3072,3087,3366,3350,3468,3315,3350,3468,3657,3710,3816,3763,3763,4144,4350,4466,4661,4880,5084,5166,5460,5676,5934,6319,6417,6603,6696,7178,7524,7777,8295,8374,8453,8991,9266,10005,10406,10824,11088,11868,12768,13328,14076,15080,15645,17024,18444,19278,20787,21924,23790,24738,27690,30368,32832,35616,40581,44204,45843,50778,56840,61707,72158,81295,92686,106708,127012,144845,175712,219849,269166,343656,450723,614049,684684,708210,649380,563103,433857,251343,0,0,0,0,0,0,0,0,0,0,0,0,0,0,0,0,0,0,0,0,0,0,0,0,0,0,0,0,0,0,0,0,0,0,0,0,0,0,0,0,0,0,0,0,0,0,0,0,0,0,0,0,0,0,0,0,0,0,0,0,0,0,0,0,0,0,0,0,0,0,0,0,0,0,0,0,0,0,0,0,0,0,0,0,0,0,0,0,0,0,0,0,0,0,0,0,0,0,0,0,0,0,0,0,0,0,0,0,0,0,0,0,0,0,0,0,0,0,0,0,0,0,0,0,0
736,768,713,713,736,736,782,792,759,759,900,782,900,875,900,988,988,1053,1064,1102,1073,1102,1092,1131,1170,1131,1200,1170,1131,1160,1230,1302,1364,1376,1419,1452,1452,1496,1564,1496,1530,1462,1564,1656,1575,1540,1496,1656,1656,1776,1813,1900,1862,1911,1938,1900,1872,2028,2028,2080,2120,2132,2184,2236,2236,2376,2430,2376,2420,2464,2464,2610,2668,2668,2760,2914,2976,3072,3087,3136,3200,3136,3366,3570,3604,3657,3657,3780,3905,4015,4275,4440,4500,4408,4680,4977,5330,5330,5610,5829,5984,6072,6370,6674,6862,7200,7600,7600,7752,8190,8532,8880,9266,9576,10234,10406,11088,11520,12350,13192,13720,14586,15876,16983,17940,18954,20570,21648,23114,25212,26989,29172,30660,34428,36424,40260,44634,50142,55488,62216,70632,80256,91680,103412,122031,142204,172038,210000,260838,323595,420693,565452,701960,771654,716170,601380,482868,309894,0,0,0,0,0,0,0,0,0,0,0,0,0,0,0,0,0,0,0,0,0,0,0,0,0,0,0,0,0,0,0,0,0,0,0,0,0,0,0,0,0,0,0,0,0,0,0,0,0,0,0,0,0,0,0,0,0,0,0,0,0,0,0,0,0,0,0,0,0,0,0,0,0,0,0,0,0,0,0,0,0,0,0,0,0,0,0,0,0,0,0,0,0,0,0,0,0,0,0,0,0,0,0,0,0,0,0,0,0,0,0
1008,1036,1036,1073,1036,972,972,1036,1073,1073,1044,1131,1064,1189,1247,1419,1419,1386,1419,1496,1462,1496,1540,1575,1610,1575,1645,1739,1656,1739,1776,1813,1813,1938,1900,1900,2067,1976,2067,2080,2014,2106,2160,2255,2296,2365,2337,2451,2408,2494,2394,2552,2552,2655,2852,2914,2914,2928,3150,3264,3498,3808,3808,3795,4176,4032,4176,4032,4144,4275,4680,4819,5040,5166,5312,5628,5544,5848,6480,6716,6789,6935,7200,7326,7600,8008,8295,8800,9102,9462,9912,10370,10912,11250,12350,12804,13900,14768,15476,16200,17094,18630,20449,21500,23270,25515,27048,30514,32376,36800,39412,43344,47700,52828,60398,69440,78660,89520,104232,121485,144152,178860,218405,274000,355272,471380,650508,798655,863190,775482,648480,477424,198653,0,0,0,0,0,0,0,0,0,0,0,0,0,0,0,0,0,0,0,0,0,0,0,0,0,0,0,0,0,0,0,0,0,0,0,0,0,0,0,0,0,0,0,0,0,0,0,0,0,0,0,0,0,0,0,0,0,0,0,0,0,0,0,0,0,0,0,0,0,0,0,0,0,0,0,0,0,0,0,0,0,0,0,0,0,0,0,0,0,0,0,0,0,0,0,0,0,0,0,0,0,0,0,0,0,0,0,0,0,0,0,0,0,0,0,0,0,0,0,0,0,0,0,0,0,0,0,0,0,0,0,0,0,0,0,0
713,744,736,704,704,736,713,713,736,759,759,782,782,816,816,782,805,840,864,816,782,805,770,840,900,1014,988,988,988,1026,1036,1036,1073,1073,1102,1170,1170,1209,1248,1240,1312,1248,1248,1240,1271,1287,1280,1312,1344,1353,1353,1394,1386,1428,1470,1470,1505,1496,1496,1496,1610,1645,1610,1728,1728,1776,1850,1938,1887,1938,2000,2184,2193,2236,2322,2236,2376,2430,2464,2420,2565,2714,2655,2655,2714,3008,2976,3087,3380,3264,3445,3604,3445,3905,3905,3920,3920,4032,4307,4408,4275,4524,4819,4880,5146,5330,5544,5916,6160,6624,6624,6882,7200,7448,7854,8400,8505,9047,9576,10005,10710,11160,12065,12804,13736,14248,15120,16132,17094,18444,20040,21204,23056,25568,27777,29988,33325,36000,39816,44250,49580,56550,64260,69225,79326,93972,108992,132020,160256,199628,248970,322335,421876,590296,776752,827924,749600,645402,479325,205048,0,0,0,0,0,0,0,0,0,0,0,0,0,0,0,0,0,0,0,0,0,0,0,0,0,0,0,0,0,0,0,0,0,0,0,0,0,0,0,0,0,0,0,0,0,0,0,0,0,0,0,0,0,0,0,0,0,0,0,0,0,0,0,0,0,0,0,0,0,0,0,0,0,0,0,0,0,0,0,0,0,0,0,0,0,0,0,0,0,0,0,0,0,0,0,0,0,0,0,0,0,0,0,0,0,0,0,0,0
864,864,864,858,891,918,918,918,945,945,1008,1073,1073,1073,1080,1044,1080,1140,1140,1178,1209,1240,1271,1312,1280,1394,1428,1394,1428,1435,1428,1428,1435,1505,1505,1584,1628,1628,1755,1748,1786,1748,1833,1824,1872,1989,2000,2000,2000,2000,2040,2091,2132,2226,2226,2420,2475,2420,2520,2655,2773,2820,2880,2880,3050,3100,3150,3380,3498,3564,3604,3780,4002,4060,4176,4307,4366,4500,4620,4836,5084,5208,5544,5916,5848,6248,6552,6808,7220,7566,7900,8262,8798,9374,9831,10032,10856,11656,12544,13464,14280,15228,16206,17480,18960,20336,21463,23674,25993,28512,30955,35234,38014,42212,47656,53738,61360,70620,82128,96768,115786,137839,170980,214842,279295,369576,520240,769296,824970,757967,660293,510877,254045,0,0,0,0,0,0,0,0,0,0,0,0,0,0,0,0,0,0,0,0,0,0,0,0,0,0,0,0,0,0,0,0,0,0,0,0,0,0,0,0,0,0,0,0,0,0,0,0,0,0,0,0,0,0,0,0,0,0,0,0,0,0,0,0,0,0,0,0,0,0,0,0,0,0,0,0,0,0,0,0,0,0,0,0,0,0,0,0,0,0,0,0,0,0,0,0,0,0,0,0,0,0,0,0,0,0,0,0,0,0,0,0,0,0,0,0,0,0,0,0,0,0,0,0,0,0,0,0,0,0,0,0,0,0,0,0
638,638,638,651,660,651,704,704,682,690,651,704,704,672,704,800,792,825,816,850,825,850,858,858,825,850,910,910,918,1008,1008,1008,1044,1102,1036,1014,1014,1160,1200,1271,1302,1386,1386,1353,1353,1435,1400,1470,1496,1462,1540,1530,1505,1540,1575,1620,1702,1786,1786,1786,1911,1950,2000,2091,2050,2091,2184,2193,2279,2365,2420,2475,2679,2726,2760,2773,2989,2820,2880,3050,3100,3150,3315,3551,3685,3672,3850,3920,4104,4104,4440,4500,4500,4620,5040,5184,5628,5934,6003,6248,6570,6789,7220,7469,7722,8181,8736,9180,9520,10208,10948,11780,12672,13699,14416,15478,16317,17864,19040,20664,22360,24435,26600,29748,32130,37327,40356,45000,50920,57772,65698,77173,90402,107200,130830,161177,201705,262845,348220,487614,723096,840632,780885,685560,542152,292229,0,0,0,0,0,0,0,0,0,0,0,0,0,0,0,0,0,0,0,0,0,0,0,0,0,0,0,0,0,0,0,0,0,0,0,0,0,0,0,0,0,0,0,0,0,0,0,0,0,0,0,0,0,0,0,0,0,0,0,0,0,0,0,0,0,0,0,0,0,0,0,0,0,0,0,0,0,0,0,0,0,0,0,0,0,0,0,0,0,0,0,0,0,0,0,0,0,0,0,0,0,0,0,0,0,0,0,0,0,0,0,0,0,0,0,0,0,0,0,0,0,0,0
532,522,551,551,522,589,558,600,630,609,630,651,682,672,693,714,704,704,726,782,782,840,864,864,864,864,864,888,875,805,864,900,900,999,972,962,988,1040,1014,988,988,1014,988,1026,1064,1131,1102,1131,1160,1160,1200,1189,1260,1302,1344,1408,1575,1540,1620,1620,1656,1692,1739,1680,1776,1862,1862,1989,1950,2028,2040,2120,2214,2173,2255,2322,2322,2464,2596,2700,2700,2700,2760,2852,2867,3136,3200,3328,3315,3468,3816,3834,3942,4015,4218,4292,4466,4697,5056,5184,5628,6003,6003,6461,6624,6768,7350,7524,7752,8112,8720,9213,10179,10800,11592,11811,13132,13736,14768,15729,16983,18354,19873,21700,23660,26190,29664,32250,36093,40970,46540,52250,61292,67942,79677,95448,114704,138700,173558,221760,289072,392084,557796,613362,633447,489944,343917,128700,0,0,0,0,0,0,0,0,0,0,0,0,0,0,0,0,0,0,0,0,0,0,0,0,0,0,0,0,0,0,0,0,0,0,0,0,0,0,0,0,0,0,0,0,0,0,0,0,0,0,0,0,0,0,0,0,0,0,0,0,0,0,0,0,0,0,0,0,0,0,0,0,0,0,0,0,0,0,0,0,0,0,0,0,0,0,0,0,0,0,0,0,0,0,0,0,0,0,0,0,0,0,0,0,0,0,0,0,0,0,0,0,0,0,0,0,0,0,0,0,0
504,522,532,532,532,609,609,660,630,660,651,682,704,704,713,704,713,768,792,875,875,864,875,910,875,962,936,936,945,952,945,980,1015,1050,1050,1073,1064,1092,1102,1110,1110,1073,1110,1110,1209,1209,1178,1209,1271,1302,1312,1344,1376,1344,1419,1540,1584,1620,1620,1575,1610,1702,1748,1862,1900,1850,1900,1938,1989,2132,2226,2255,2365,2310,2464,2420,2655,2655,2655,2806,2806,2867,3072,3038,3200,3315,3551,3604,3780,3834,4032,4350,4484,4275,4560,4758,5184,5494,5829,6072,6319,6552,7008,7252,7777,7979,8343,8692,9520,10005,11011,11970,12610,13400,14178,15264,16092,17515,18792,20862,22962,24924,27383,31710,34918,38844,44704,50034,59200,65208,76160,91125,109975,135196,168000,215516,285714,391998,577444,662335,677030,557225,403775,160056,0,0,0,0,0,0,0,0,0,0,0,0,0,0,0,0,0,0,0,0,0,0,0,0,0,0,0,0,0,0,0,0,0,0,0,0,0,0,0,0,0,0,0,0,0,0,0,0,0,0,0,0,0,0,0,0,0,0,0,0,0,0,0,0,0,0,0,0,0,0,0,0,0,0,0,0,0,0,0,0,0,0,0,0,0,0,0,0,0,0,0,0,0,0,0,0,0,0,0,0,0,0,0,0,0,0,0,0,0,0,0,0,0,0,0,0,0,0,0,0,0,0,0,0,0
2632,2622,2576,2576,2632,2576,2726,2726,2736,2784,3000,3060,2950,3050,3050,3162,3111,3100,3127,3348,3233,3180,3286,3339,3456,3520,3640,3696,3705,3933,3876,3808,4002,4130,3944,4071,4060,4200,4320,4380,4440,4500,4514,4514,4712,4650,4662,4788,4800,4940,5214,5070,5070,5135,5135,5346,5280,5494,5644,5865,5848,6003,6020,6300,6390,6336,6424,6734,6808,6825,6975,6975,7220,7220,7469,7566,7722,7900,8181,8181,8446,8446,8610,8988,9288,9483,9657,9856,10032,10324,10440,10440,10881,11305,11590,11712,12276,12375,12771,13130,13493,13390,14040,14310,15042,15510,15478,15840,16498,16724,16950,17748,18135,18840,19200,19723,20460,21336,22059,22620,23318,24120,24888,26082,27072,28224,29651,30098,31312,33072,34720,35200,37125,39884,40420,42525,44144,46228,48546,50652,53820,56156,60736,66312,66005,69740,74883,78184,83300,88209,94250,101400,108540,115080,123954,134680,144704,160138,173775,191197,210102,231336,254271,286208,316680,358340,403723,456805,524700,601524,631825,656200,682620,719100,714490,685548,631541,592560,549952,497705,432306,370901,268784,137082,0,0,0,0,0,0,0,0,0,0,0,0,0,0,0,0,0,0,0,0,0,0,0,0,0,0,0,0,0,0,0,0,0,0,0,0,0,0,0,0,0,0,0,0,0,0,0,0,0,0,0,0,0,0,0,0,0,0,0,0,0,0,0,0,0,0,0,0,0,0,0,0,0,0,0,0,0,0,0,0,0,0,0,0,0
3944,3740,3808,4012,4071,4200,4270,4402,4480,4410,4464,4536,4599,4599,4599,4725,4875,5159,5226,5159,5440,5293,5520,5589,5822,5976,6059,6132,6132,6205,6278,6512,6525,6688,6853,6840,7098,7176,7505,7520,7600,7695,8036,8118,8500,8415,8585,8961,8858,9504,10101,9990,10283,11020,11232,11349,11662,11880,11858,12300,12726,13104,13312,13589,14148,14652,15142,15755,16240,16660,16874,17787,18150,18422,19344,19656,20608,21027,22378,23120,23908,24047,25597,25986,27528,28161,29682,30888,32232,33696,34882,36740,38184,40304,42480,44400,45628,48636,51678,54810,57684,60990,66444,70760,74807,80848,84587,90391,96292,104052,112005,121245,132440,143808,158120,171912,191052,212135,235974,263529,295035,338436,387090,447407,518833,603525,711816,830725,881640,888648,891228,886650,888921,881582,881310,863590,847356,773024,640023,0,0,0,0,0,0,0,0,0,0,0,0,0,0,0,0,0,0,0,0,0,0,0,0,0,0,0,0,0,0,0,0,0,0,0,0,0,0,0,0,0,0,0,0,0,0,0,0,0,0,0,0,0,0,0,0,0,0,0,0,0,0,0,0,0,0,0,0,0,0,0,0,0,0,0,0,0,0,0,0,0,0,0,0,0,0,0,0,0,0,0,0,0,0,0,0,0,0,0,0,0,0,0,0,0,0,0,0,0,0,0,0,0,0,0,0,0,0,0,0,0,0,0,0,0,0,0,0,0,0
2530,2632,2632,2726,2736,2793,2900,2950,2958,2907,3009,3111,3060,3120,3172,3392,3233,3339,3445,3456,3640,3876,3886,3685,3819,3876,3933,3933,3886,4002,4002,4130,4060,4130,4189,4248,4307,4514,4575,4575,4774,4788,4788,5056,5005,4928,5200,5200,5248,5427,5561,5658,5727,5644,5780,5865,6106,6278,6424,6497,6660,6734,6825,7068,7161,7238,7392,7546,7663,7742,8080,8343,8446,8632,8632,8798,9202,9483,9483,9680,10170,10396,10695,10998,11280,11931,12078,12375,12875,13081,13056,13624,14231,14310,14688,15540,16016,16758,16936,17550,18207,18997,19557,19680,20664,21248,21970,23232,23986,24616,26040,27027,28032,29304,30600,32136,33600,35916,37241,39388,42064,43920,45632,47685,50496,53460,58520,64015,65534,68907,73188,78684,83732,89391,97902,104664,112475,123266,133650,146952,162674,180761,200681,225884,250272,282568,323390,370048,426894,499220,586055,671398,711637,754068,776832,752570,734400,701460,664083,615160,538020,446032,327364,171380,0,0,0,0,0,0,0,0,0,0,0,0,0,0,0,0,0,0,0,0,0,0,0,0,0,0,0,0,0,0,0,0,0,0,0,0,0,0,0,0,0,0,0,0,0,0,0,0,0,0,0,0,0,0,0,0,0,0,0,0,0,0,0,0,0,0,0,0,0,0,0,0,0,0,0,0,0,0,0,0,0,0,0,0,0,0,0,0,0,0,0,0,0,0,0,0,0,0,0,0,0,0,0,0,0
2208,2350,2254,2208,2254,2397,2444,2392,2340,2430,2484,2491,2491,2484,2585,2632,2530,2640,2744,2592,2679,2784,2726,2726,2940,2891,2940,2928,3050,3111,3111,3339,3339,3328,3392,3328,3392,3445,3564,3564,3630,3876,3819,3808,3864,4060,3990,4060,4189,4366,4248,4320,4392,4453,4575,4650,4864,4851,5070,5214,5070,5056,5184,5412,5478,5628,5796,5880,5796,5950,6248,6177,6408,6716,6789,6975,7238,7392,7315,7644,7584,7742,8080,8364,8528,8904,9010,9180,9288,9768,10170,10374,10465,11092,11280,11712,12200,12500,12900,13056,13755,14338,14715,15429,15680,15904,16095,16905,17667,18600,19118,19803,20500,21632,22490,22968,24165,25619,26980,28032,29800,31160,32760,34132,35697,38194,39790,42898,46046,47498,51870,53856,57605,64528,66357,71505,76424,82422,88893,98020,105448,114536,127020,139690,156480,174746,195800,223989,253432,287640,334598,392352,461652,555237,670320,728016,775437,796518,775150,750802,715506,671232,610836,509728,376820,211328,0,0,0,0,0,0,0,0,0,0,0,0,0,0,0,0,0,0,0,0,0,0,0,0,0,0,0,0,0,0,0,0,0,0,0,0,0,0,0,0,0,0,0,0,0,0,0,0,0,0,0,0,0,0,0,0,0,0,0,0,0,0,0,0,0,0,0,0,0,0,0,0,0,0,0,0,0,0,0,0,0,0,0,0,0,0,0,0,0,0,0,0,0,0,0,0,0,0,0,0,0,0,0
2891,2891,2842,2842,2958,3180,3233,3465,3510,3575,3696,3933,3876,3944,4071,3944,4200,4270,4270,4402,4392,4526,4736,4950,5016,5005,5214,5226,5293,5440,5670,5822,5880,6290,6600,6840,7254,7098,7332,7505,7600,8118,8217,8484,8787,9048,9434,10120,10602,10925,11446,11543,12078,12000,12625,13250,13780,14231,14630,15456,16240,16330,17228,17880,18942,19500,20000,21156,22078,22950,23664,24957,26352,27636,29445,31044,32436,33971,35424,38420,40656,43259,45632,49152,52735,56170,61776,67348,73085,78650,83824,91590,101250,110714,122425,136400,154344,171000,194545,221564,254820,294130,347916,415380,500268,608850,755325,867792,855679,853905,845640,836814,816314,787236,709695,570633,377316,0,0,0,0,0,0,0,0,0,0,0,0,0,0,0,0,0,0,0,0,0,0,0,0,0,0,0,0,0,0,0,0,0,0,0,0,0,0,0,0,0,0,0,0,0,0,0,0,0,0,0,0,0,0,0,0,0,0,0,0,0,0,0,0,0,0,0,0,0,0,0,0,0,0,0,0,0,0,0,0,0,0,0,0,0,0,0,0,0,0,0,0,0,0,0,0,0,0,0,0,0,0,0,0,0,0,0,0,0,0,0,0,0,0,0,0,0,0,0,0,0,0,0,0,0,0,0,0,0,0,0,0,0,0,0,0,0,0,0,0,0,0,0,0,0,0,0,0,0,0,0,0
1710,1794,1840,1833,1920,2058,2107,2064,2107,2058,2064,2107,2064,2244,2279,2279,2322,2420,2376,2332,2288,2332,2475,2430,2538,2640,2538,2592,2695,2793,2688,2784,2842,3016,3172,3162,3286,3348,3348,3348,3510,3456,3520,3520,3402,3696,3752,3876,3990,4060,3933,4130,4130,4392,4464,4453,4526,4712,4588,4575,4636,4774,5005,5427,5360,5494,5576,5644,5950,5950,6177,6248,6264,6512,6900,6825,6808,7200,7392,7722,7920,8100,8181,8632,8798,8904,9095,9460,9744,10146,10374,10556,11115,11616,11712,12250,12726,13029,13596,13965,14445,15620,16128,16385,16905,17784,18600,19434,20250,21120,21970,22968,24208,25806,27170,28324,29651,32292,33760,35371,37632,40828,42781,45567,48692,51264,57324,62916,70022,69930,76560,82800,91134,99197,109484,121260,134838,151320,171789,198292,225600,260496,304308,359136,431457,517860,630410,676350,724800,746928,716380,677282,621488,550368,450340,321930,133397,0,0,0,0,0,0,0,0,0,0,0,0,0,0,0,0,0,0,0,0,0,0,0,0,0,0,0,0,0,0,0,0,0,0,0,0,0,0,0,0,0,0,0,0,0,0,0,0,0,0,0,0,0,0,0,0,0,0,0,0,0,0,0,0,0,0,0,0,0,0,0,0,0,0,0,0,0,0,0,0,0,0,0,0,0,0,0,0,0,0,0,0,0,0,0,0,0,0,0,0,0,0,0,0,0,0,0,0,0,0,0,0
2236,2193,2288,2385,2438,2438,2640,2538,2850,3392,3445,3564,3510,3456,3696,3705,3819,3944,3933,4130,4260,4260,4331,4130,4260,4514,4599,4725,4736,4788,4864,4928,5016,5148,5372,5440,5589,5670,5810,5880,6120,6424,6512,6675,6916,6992,7084,7315,7584,7920,8300,8858,10230,10716,10925,11328,11737,12400,12625,13287,13728,14416,14796,15429,16016,16790,18088,17969,19065,20000,20286,22078,22876,23800,25239,26455,27740,28950,30845,32390,34293,36022,38080,40480,43440,45632,49987,53133,56856,62784,68856,74104,79860,87884,95265,105490,116809,130162,145644,164793,187425,214326,245011,283140,336138,405384,490065,597288,744810,858715,852640,845569,837644,831000,805000,760452,655324,496223,277576,0,0,0,0,0,0,0,0,0,0,0,0,0,0,0,0,0,0,0,0,0,0,0,0,0,0,0,0,0,0,0,0,0,0,0,0,0,0,0,0,0,0,0,0,0,0,0,0,0,0,0,0,0,0,0,0,0,0,0,0,0,0,0,0,0,0,0,0,0,0,0,0,0,0,0,0,0,0,0,0,0,0,0,0,0,0,0,0,0,0,0,0,0,0,0,0,0,0,0,0,0,0,0,0,0,0,0,0,0,0,0,0,0,0,0,0,0,0,0,0,0,0,0,0,0,0,0,0,0,0,0,0,0,0,0,0,0,0,0,0,0,0,0,0,0,0,0,0,0,0
2150,2793,3060,3111,3240,3402,4080,4200,4260,4248,4248,4320,4464,4588,4800,4950,4875,5304,5159,5451,5530,5904,5751,6216,6290,6688,7098,7360,7254,7584,7776,8118,8500,8874,9152,9555,10137,10120,10528,10944,11564,12000,12546,12896,13184,13650,14606,14874,15985,16380,17255,17666,18724,19344,20286,20992,22646,23120,24957,25883,27783,28950,30535,32277,34067,36456,38976,40887,43920,47120,50372,55002,59148,64670,71531,78400,84587,91780,100812,111435,125400,140936,160272,180186,208450,241976,279936,335120,399330,497568,610700,766857,888930,882532,887768,884606,869235,854469,819733,694056,512589,0,0,0,0,0,0,0,0,0,0,0,0,0,0,0,0,0,0,0,0,0,0,0,0,0,0,0,0,0,0,0,0,0,0,0,0,0,0,0,0,0,0,0,0,0,0,0,0,0,0,0,0,0,0,0,0,0,0,0,0,0,0,0,0,0,0,0,0,0,0,0,0,0,0,0,0,0,0,0,0,0,0,0,0,0,0,0,0,0,0,0,0,0,0,0,0,0,0,0,0,0,0,0,0,0,0,0,0,0,0,0,0,0,0,0,0,0,0,0,0,0,0,0,0,0,0,0,0,0,0,0,0,0,0,0,0,0,0,0,0,0,0,0,0,0,0,0,0,0,0,0,0,0,0,0,0,0,0,0,0,0,0,0,0,0,0,0,0
1353,1280,1886,1840,1833,1880,1927,1920,1920,1968,2107,2200,2112,2107,2107,2150,2295,2250,2385,2385,2332,2475,2520,2420,2475,2475,2632,2585,2632,2744,2695,2700,2695,2805,2856,3016,3240,3186,3294,3416,3472,3520,3520,3402,3520,3575,3876,3828,3953,3944,3944,4130,4140,4260,4331,4526,4736,4800,4788,4788,4914,5005,5148,5214,5360,5508,5576,5880,6048,6192,6336,6497,6734,6992,7144,7315,7410,7663,7663,8100,8364,8549,9010,9202,9546,9768,10192,10465,10881,11305,11590,12276,12954,13287,13780,14204,15042,15985,16188,16905,17550,18480,19680,19964,20864,22139,23232,25071,25715,27456,28812,30906,32864,35045,37464,40136,44460,45632,50233,52920,58504,64232,73140,74100,81360,88426,98540,109484,123123,137700,156629,180234,208362,242580,283560,340795,412176,507616,638060,703824,760694,761376,729216,682408,622224,529038,401336,214200,0,0,0,0,0,0,0,0,0,0,0,0,0,0,0,0,0,0,0,0,0,0,0,0,0,0,0,0,0,0,0,0,0,0,0,0,0,0,0,0,0,0,0,0,0,0,0,0,0,0,0,0,0,0,0,0,0,0,0,0,0,0,0,0,0,0,0,0,0,0,0,0,0,0,0,0,0,0,0,0,0,0,0,0,0,0,0,0,0,0,0,0,0,0,0,0,0,0,0,0,0,0,0,0,0,0,0,0,0,0,0,0,0,0,0,0,0,0,0,0,0
2438,2679,2800,2891,2958,2950,3060,3009,3286,3472,3465,3402,3564,3564,3685,3740,3886,4071,4071,4060,4340,4200,4260,4464,4526,4588,4725,4875,5016,5082,5214,5360,5644,5893,6192,6450,6512,6600,6825,6916,7254,7426,7584,7760,8118,8652,9010,9030,9720,10488,11092,11760,12648,13056,13650,14231,14630,15207,16445,16790,17700,18360,19434,19908,20701,22044,23664,24881,26270,28310,29445,30845,32548,34882,37349,39846,42186,45632,49858,53667,58240,63291,69690,75922,83913,91848,103251,115374,130112,146560,166788,192753,225420,261035,313476,379211,468232,583464,752388,853911,851615,842772,845808,826200,796484,718014,565200,0,0,0,0,0,0,0,0,0,0,0,0,0,0,0,0,0,0,0,0,0,0,0,0,0,0,0,0,0,0,0,0,0,0,0,0,0,0,0,0,0,0,0,0,0,0,0,0,0,0,0,0,0,0,0,0,0,0,0,0,0,0,0,0,0,0,0,0,0,0,0,0,0,0,0,0,0,0,0,0,0,0,0,0,0,0,0,0,0,0,0,0,0,0,0,0,0,0,0,0,0,0,0,0,0,0,0,0,0,0,0,0,0,0,0,0,0,0,0,0,0,0,0,0,0,0,0,0,0,0,0,0,0,0,0,0,0,0,0,0,0,0,0,0,0,0,0,0,0,0,0,0,0,0,0,0,0,0,0,0,0,0
640,589,630,864,1462,1540,1462,1462,1462,1496,1462,1260,1496,2050,2100,2193,2438,2484,2484,2632,2576,2576,3172,3510,3630,3564,3445,3564,3819,3819,3876,3876,4118,4130,4130,4260,4464,4514,4725,5016,5005,5200,5293,5600,5658,5576,5822,6048,6351,6600,6764,6764,7176,7254,7254,7505,7680,7857,8019,8466,8944,9222,9504,10230,10434,10416,11136,11682,12423,12750,13184,13886,14231,14824,15540,16046,17316,18088,19032,19557,20864,21877,23048,24640,25844,27489,28757,30600,32595,34132,37296,39044,42423,46563,48830,53133,58729,67725,70303,77436,85656,94900,105216,118531,132714,152456,174078,202768,234000,274260,331056,406525,498046,626486,798981,843018,828445,822066,804420,770763,706090,563953,358752,0,0,0,0,0,0,0,0,0,0,0,0,0,0,0,0,0,0,0,0,0,0,0,0,0,0,0,0,0,0,0,0,0,0,0,0,0,0,0,0,0,0,0,0,0,0,0,0,0,0,0,0,0,0,0,0,0,0,0,0,0,0,0,0,0,0,0,0,0,0,0,0,0,0,0,0,0,0,0,0,0,0,0,0,0,0,0,0,0,0,0,0,0,0,0,0,0,0,0,0,0,0,0,0,0,0,0,0,0,0,0,0,0,0,0,0,0,0,0,0,0,0,0,0,0,0,0,0,0,0,0,0,0,0,0,0,0,0,0,0,0,0,0,0,0,0
1470,1505,1470,1584,1702,1968,2016,2064,2107,2193,2332,2340,2430,2376,2538,2484,2585,2632,2850,2907,3060,3111,3162,3402,3465,3510,3630,3564,3696,3762,3762,3819,4012,4002,4189,4140,4270,4464,4588,4599,4514,4800,4992,5226,5440,5680,5904,5976,6205,6290,6612,6776,7020,7347,7520,7680,7600,7938,8466,8484,8944,9434,9810,10212,10735,11040,11466,12100,12463,13104,13696,14472,15142,16380,16472,17493,17880,18666,20193,21320,22815,24150,25239,27342,28650,30225,32960,35145,37840,40304,43680,48250,51342,56576,61344,70924,76472,84836,94075,105084,119097,134352,155044,177760,209208,250691,297036,370260,460350,588212,764101,905352,898905,905200,896528,892185,863370,732840,170495,0,0,0,0,0,0,0,0,0,0,0,0,0,0,0,0,0,0,0,0,0,0,0,0,0,0,0,0,0,0,0,0,0,0,0,0,0,0,0,0,0,0,0,0,0,0,0,0,0,0,0,0,0,0,0,0,0,0,0,0,0,0,0,0,0,0,0,0,0,0,0,0,0,0,0,0,0,0,0,0,0,0,0,0,0,0,0,0,0,0,0,0,0,0,0,0,0,0,0,0,0,0,0,0,0,0,0,0,0,0,0,0,0,0,0,0,0,0,0,0,0,0,0,0,0,0,0,0,0,0,0,0,0,0,0,0,0,0,0,0,0,0,0,0,0,0,0,0,0,0
832,918,340,360,340,378,374,357,432,450,414,1360,1353,1312,1386,1353,1344,1505,1512,1591,1628,1628,1672,1755,1710,1760,1845,551,1840,1960,2058,1968,1968,2009,2100,2142,2100,2107,2112,2112,2064,2107,2150,2107,2200,2288,2244,2385,2484,2592,2592,2640,2592,2695,2842,2793,2891,3000,3111,3111,3162,3276,3276,3498,3498,3618,3618,3740,3864,3920,4104,4161,4366,4189,4453,4514,4650,4851,4898,4960,5120,5265,5478,5610,5762,5829,6160,6390,6552,6789,6789,7068,7372,7448,7878,8080,8181,8610,8798,8988,9632,10092,10208,10530,11040,11468,11844,12384,13231,13872,14420,15120,16317,17063,17825,18676,19234,20541,21798,23400,24871,26112,28968,30576,33880,35550,38468,40080,43000,46719,51336,55391,63755,67309,73803,81624,92686,104295,116848,134420,152400,181712,211653,253266,301996,367565,458326,485944,509184,534072,426009,364608,298480,224328,75504,0,0,0,0,0,0,0,0,0,0,0,0,0,0,0,0,0,0,0,0,0,0,0,0,0,0,0,0,0,0,0,0,0,0,0,0,0,0,0,0,0,0,0,0,0,0,0,0,0,0,0,0,0,0,0,0,0,0,0,0,0,0,0,0,0,0,0,0,0,0,0,0,0,0,0,0,0,0,0,0,0,0,0,0,0,0,0,0,0,0,0,0,0,0,0,0,0,0,0,0,0,0,0,0,0,0,0,0,0,0,0,0,0,0
1200,1302,1419,966,819,1540,2193,3933,4071,4260,4071,4331,4464,4526,4650,4788,4851,5005,4928,5226,5304,5589,5740,6132,6205,6438,6840,6916,7084,7332,7505,7663,7938,8549,8568,9116,9222,9612,10509,10716,11424,11979,12524,13390,14098,14552,15429,16074,17199,18120,18755,19716,21027,22610,24112,25662,26412,28712,30954,32970,35316,38420,41595,45384,49210,53929,59983,67346,74880,83448,93805,107134,122220,139977,165336,192604,227119,275462,341140,429704,553150,726516,825984,808466,796917,771900,716253,593061,395762,0,0,0,0,0,0,0,0,0,0,0,0,0,0,0,0,0,0,0,0,0,0,0,0,0,0,0,0,0,0,0,0,0,0,0,0,0,0,0,0,0,0,0,0,0,0,0,0,0,0,0,0,0,0,0,0,0,0,0,0,0,0,0,0,0,0,0,0,0,0,0,0,0,0,0,0,0,0,0,0,0,0,0,0,0,0,0,0,0,0,0,0,0,0,0,0,0,0,0,0,0,0,0,0,0,0,0,0,0,0,0,0,0,0,0,0,0,0,0,0,0,0,0,0,0,0,0,0,0,0,0,0,0,0,0,0,0,0,0,0,0,0,0,0,0,0,0,0,0,0,0,0,0,0,0,0,0,0,0,0,0,0,0,0,0,0,0,0,0,0,0,0,0,0,0,0,0,0,0,0
825,800,800,918,891,918,910,910,936,910,945,918,910,972,1073,1044,1073,1080,1178,1170,1140,1428,1800,2016,2340,2784,2891,2900,2950,3000,3120,3172,3465,3640,3705,3640,3819,3953,4071,4012,4071,4140,4260,4260,4380,4526,4588,4875,5016,5293,5451,5600,5964,6351,6375,6525,6764,6992,7254,7488,8300,8383,8484,11020,11858,12750,13624,14850,15904,16820,17880,18972,19782,20412,21840,23009,24920,26640,28268,30447,32548,34882,37687,41008,44835,48640,54607,59996,66900,74646,85158,95206,109480,124785,144552,170658,203679,243200,297160,376041,482900,636083,862944,850743,835914,830886,797790,731797,554356,269239,0,0,0,0,0,0,0,0,0,0,0,0,0,0,0,0,0,0,0,0,0,0,0,0,0,0,0,0,0,0,0,0,0,0,0,0,0,0,0,0,0,0,0,0,0,0,0,0,0,0,0,0,0,0,0,0,0,0,0,0,0,0,0,0,0,0,0,0,0,0,0,0,0,0,0,0,0,0,0,0,0,0,0,0,0,0,0,0,0,0,0,0,0,0,0,0,0,0,0,0,0,0,0,0,0,0,0,0,0,0,0,0,0,0,0,0,0,0,0,0,0,0,0,0,0,0,0,0,0,0,0,0,0,0,0,0,0,0,0,0,0,0,0,0,0,0,0,0,0,0,0,0,0,0,0,0,0,0,0
1073,1080,1050,1015,1044,1073,1110,1178,1178,1147,1152,1287,1400,1365,1365,1365,1400,1360,1394,1360,1353,1428,1428,1470,1496,1470,1512,2009,1927,1840,1886,1927,2016,2016,2112,2107,2200,2244,2193,2236,2288,2385,2332,2392,2438,2530,2444,2544,2695,2646,2750,2750,2856,2958,3009,3009,3120,3120,3224,3286,3286,3498,3604,3510,3808,3864,4047,3933,4060,4200,4331,4392,4514,4725,4774,5070,5070,5135,5346,5494,5658,5880,6020,6160,6552,6789,6975,7469,7488,7920,8100,8446,8798,9265,9632,9879,9968,10580,11328,12054,12446,13029,13624,14796,15651,16498,16872,17700,18683,20088,21248,22836,23895,25900,27792,30248,32499,34830,37575,41125,45384,49728,54800,60690,67626,74844,84078,93980,108528,124559,143983,172704,204326,249008,305424,386724,505975,672144,739794,789392,751433,690894,609390,458234,233873,0,0,0,0,0,0,0,0,0,0,0,0,0,0,0,0,0,0,0,0,0,0,0,0,0,0,0,0,0,0,0,0,0,0,0,0,0,0,0,0,0,0,0,0,0,0,0,0,0,0,0,0,0,0,0,0,0,0,0,0,0,0,0,0,0,0,0,0,0,0,0,0,0,0,0,0,0,0,0,0,0,0,0,0,0,0,0,0,0,0,0,0,0,0,0,0,0,0,0,0,0,0,0,0,0,0,0,0,0,0,0,0,0,0,0,0,0,0,0,0,0,0,0,0
1140,1102,3712,3894,4060,4599,4672,4800,4800,5082,5148,5360,5427,5740,6059,6290,6525,6512,6930,7176,7600,7872,8118,8772,9010,9612,9701,10925,11564,11956,12772,13356,14017,15207,16046,16188,17760,18942,20125,21120,22477,24426,26352,28120,30338,32548,34719,37740,41474,45815,50115,55013,62634,70686,79870,89088,101520,117450,138346,163445,192946,232460,283370,362946,471828,630086,856768,860949,859665,848700,807877,718746,506520,166155,0,0,0,0,0,0,0,0,0,0,0,0,0,0,0,0,0,0,0,0,0,0,0,0,0,0,0,0,0,0,0,0,0,0,0,0,0,0,0,0,0,0,0,0,0,0,0,0,0,0,0,0,0,0,0,0,0,0,0,0,0,0,0,0,0,0,0,0,0,0,0,0,0,0,0,0,0,0,0,0,0,0,0,0,0,0,0,0,0,0,0,0,0,0,0,0,0,0,0,0,0,0,0,0,0,0,0,0,0,0,0,0,0,0,0,0,0,0,0,0,0,0,0,0,0,0,0,0,0,0,0,0,0,0,0,0,0,0,0,0,0,0,0,0,0,0,0,0,0,0,0,0,0,0,0,0,0,0,0,0,0,0,0,0,0,0,0,0,0,0,0,0,0,0,0,0,0,0,0,0,0,0,0,0,0,0,0,0,0,0,0,0,0,0,0
1026,858,1376,1290,1025,1050,1364,1408,2793,3339,3575,3630,3886,3944,4140,4080,4340,4536,4536,4725,4712,4851,5148,5372,5589,5822,5904,6048,6438,6688,7020,7176,7426,7600,7600,7938,8736,9240,9790,9879,10810,11232,12177,12750,13520,14231,15180,15820,17052,18088,19311,20664,21840,23182,25702,27260,29944,32185,34882,38356,41772,46128,51285,57753,65416,74260,85158,98154,112351,132980,158730,190098,233442,288576,372480,498628,676494,860370,841984,835280,803595,741744,554202,234030,0,0,0,0,0,0,0,0,0,0,0,0,0,0,0,0,0,0,0,0,0,0,0,0,0,0,0,0,0,0,0,0,0,0,0,0,0,0,0,0,0,0,0,0,0,0,0,0,0,0,0,0,0,0,0,0,0,0,0,0,0,0,0,0,0,0,0,0,0,0,0,0,0,0,0,0,0,0,0,0,0,0,0,0,0,0,0,0,0,0,0,0,0,0,0,0,0,0,0,0,0,0,0,0,0,0,0,0,0,0,0,0,0,0,0,0,0,0,0,0,0,0,0,0,0,0,0,0,0,0,0,0,0,0,0,0,0,0,0,0,0,0,0,0,0,0,0,0,0,0,0,0,0,0,0,0,0,0,0,0,0,0,0,0,0,0,0,0,0,0,0,0,0,0,0,0,0,0,0,0,0,0,0,0,0
850,800,800,918,858,891,825,858,858,891,918,1008,1015,1015,986,986,1080,1080,1044,980,1110,1110,1147,1116,1184,1394,1320,1360,1400,1435,1428,1394,1505,1505,1548,1755,1845,1845,1800,1880,1968,2009,2021,2107,2058,2064,2193,2150,2193,2193,2236,2332,2484,2576,2484,2632,2688,2793,2850,3009,3172,3172,3286,3456,3456,3520,3575,3696,3819,3944,4118,4248,4320,4526,4526,4662,4788,4851,5226,5360,5478,5695,6003,6408,6586,6750,6975,7238,7584,7920,8181,8610,9095,9265,9768,10350,10829,11495,12222,12800,13390,14628,14873,16240,17400,18252,19360,20750,22704,24120,26358,28275,30247,34344,36186,39780,45069,49256,56079,65270,70180,78309,91143,106128,122952,147620,178890,217672,274995,349976,462726,598598,656136,700944,583647,499260,375750,169011,0,0,0,0,0,0,0,0,0,0,0,0,0,0,0,0,0,0,0,0,0,0,0,0,0,0,0,0,0,0,0,0,0,0,0,0,0,0,0,0,0,0,0,0,0,0,0,0,0,0,0,0,0,0,0,0,0,0,0,0,0,0,0,0,0,0,0,0,0,0,0,0,0,0,0,0,0,0,0,0,0,0,0,0,0,0,0,0,0,0,0,0,0,0,0,0,0,0,0,0,0,0,0,0,0,0,0,0,0,0,0,0,0,0,0,0,0,0,0,0,0,0,0,0,0,0,0,0,0,0,0
551,580,630,589,589,640,640,962,1026,1131,1107,1160,1230,1176,1230,1462,1496,1452,1485,1452,1540,1610,2610,2736,3162,3276,3510,3886,4012,4270,4331,4526,4453,4599,4599,4940,5016,5159,5304,5589,5810,6048,6120,6512,6764,7161,7254,7410,7938,8300,9048,9030,9416,10212,10509,11136,12322,12827,13312,14472,14960,16330,17582,18788,19625,21285,23048,24881,26554,28757,31916,33971,37241,41184,45448,51548,57546,65712,74965,87122,101083,117740,139464,168454,207015,255216,328844,433993,600323,856378,846800,836350,810785,748356,573155,248474,0,0,0,0,0,0,0,0,0,0,0,0,0,0,0,0,0,0,0,0,0,0,0,0,0,0,0,0,0,0,0,0,0,0,0,0,0,0,0,0,0,0,0,0,0,0,0,0,0,0,0,0,0,0,0,0,0,0,0,0,0,0,0,0,0,0,0,0,0,0,0,0,0,0,0,0,0,0,0,0,0,0,0,0,0,0,0,0,0,0,0,0,0,0,0,0,0,0,0,0,0,0,0,0,0,0,0,0,0,0,0,0,0,0,0,0,0,0,0,0,0,0,0,0,0,0,0,0,0,0,0,0,0,0,0,0,0,0,0,0,0,0,0,0,0,0,0,0,0,0,0,0,0,0,0,0,0,0,0,0,0,0,0,0,0,0,0,0,0,0,0,0,0
620,693,884,900,910,1036,1080,1240,1419,1540,1440,2009,2376,2385,3575,3819,4071,4278,4320,4380,4526,4599,4864,5148,5520,5589,6035,6205,6586,7254,7332,7426,8217,8364,8466,9374,10120,10488,11210,12200,12928,13860,14766,15510,16530,17969,18788,20250,21877,23800,25620,27260,29944,32548,35208,39216,43621,48504,54471,61983,70824,82228,95160,112280,132139,158752,195301,240555,308440,408744,554497,781456,820783,802964,773736,701320,514945,197496,0,0,0,0,0,0,0,0,0,0,0,0,0,0,0,0,0,0,0,0,0,0,0,0,0,0,0,0,0,0,0,0,0,0,0,0,0,0,0,0,0,0,0,0,0,0,0,0,0,0,0,0,0,0,0,0,0,0,0,0,0,0,0,0,0,0,0,0,0,0,0,0,0,0,0,0,0,0,0,0,0,0,0,0,0,0,0,0,0,0,0,0,0,0,0,0,0,0,0,0,0,0,0,0,0,0,0,0,0,0,0,0,0,0,0,0,0,0,0,0,0,0,0,0,0,0,0,0,0,0,0,0,0,0,0,0,0,0,0,0,0,0,0,0,0,0,0,0,0,0,0,0,0,0,0,0,0,0,0,0,0,0,0,0,0,0,0,0,0,0,0,0,0,0,0,0,0,0,0,0,0,0,0,0,0,0,0,0,0,0,0
800,858,918,891,952,952,957,896,924,924,924,986,986,1050,1080,1080,1110,1147,1216,1184,1254,1292,1365,1400,1360,1360,1400,1400,1470,1512,1548,1634,1710,1748,1710,1840,1845,1927,1968,2050,2058,2058,2107,2107,2107,2193,2288,2250,2295,2385,2430,2438,2688,2632,2688,2736,2679,2950,2900,3233,3224,3456,3465,3465,3819,3886,4002,4071,4140,4270,4453,4662,4662,4851,4788,5148,5293,5346,5644,5950,6319,6390,6570,6992,7084,7410,8000,8383,8715,9288,9570,10283,10556,11210,11712,12672,13624,14552,15290,15696,17135,18326,20212,21336,22925,24840,26980,29502,32292,34937,38870,44526,48316,54526,64368,70875,81021,93726,109344,129948,156774,193952,244140,317112,420158,587587,715968,767730,716556,639292,498498,257535,0,0,0,0,0,0,0,0,0,0,0,0,0,0,0,0,0,0,0,0,0,0,0,0,0,0,0,0,0,0,0,0,0,0,0,0,0,0,0,0,0,0,0,0,0,0,0,0,0,0,0,0,0,0,0,0,0,0,0,0,0,0,0,0,0,0,0,0,0,0,0,0,0,0,0,0,0,0,0,0,0,0,0,0,0,0,0,0,0,0,0,0,0,0,0,0,0,0,0,0,0,0,0,0,0,0,0,0,0,0,0,0,0,0,0,0,0,0,0,0,0,0,0,0,0,0,0,0,0,0,0,0,0,0,0,0,0
513,513,532,1620,2142,2142,2142,2279,2332,2530,2585,2900,3162,3162,3100,3286,3762,3819,4002,4060,4331,4260,4320,4453,4662,5005,4940,5372,5600,5893,6048,6205,6586,6916,7857,8118,8961,9116,9990,10810,11305,11834,12928,13965,14552,15510,16704,17880,19434,20608,21970,23625,25662,28077,30248,33549,36852,40600,45448,51090,57810,66079,75259,87948,102489,121929,146624,181829,225024,290433,383756,527340,745412,815138,799050,772088,692640,494844,152880,0,0,0,0,0,0,0,0,0,0,0,0,0,0,0,0,0,0,0,0,0,0,0,0,0,0,0,0,0,0,0,0,0,0,0,0,0,0,0,0,0,0,0,0,0,0,0,0,0,0,0,0,0,0,0,0,0,0,0,0,0,0,0,0,0,0,0,0,0,0,0,0,0,0,0,0,0,0,0,0,0,0,0,0,0,0,0,0,0,0,0,0,0,0,0,0,0,0,0,0,0,0,0,0,0,0,0,0,0,0,0,0,0,0,0,0,0,0,0,0,0,0,0,0,0,0,0,0,0,0,0,0,0,0,0,0,0,0,0,0,0,0,0,0,0,0,0,0,0,0,0,0,0,0,0,0,0,0,0,0,0,0,0,0,0,0,0,0,0,0,0,0,0,0,0,0,0,0,0,0,0,0,0,0,0,0,0,0,0,0
560,570,589,1014,1080,1131,1189,1260,1290,1364,1584,1505,2142,2226,2475,2950,3038,3276,3380,3575,3762,3944,4002,4130,4260,4320,4526,4588,5148,5440,5589,5810,5810,6278,6424,6992,7176,7584,8118,9309,9434,10998,12625,13362,14310,15260,16498,18000,19311,20864,22477,24426,26312,28371,31980,34830,38872,43200,49020,55692,64528,74880,86846,102980,122348,150374,188496,235592,313538,423022,597786,840396,821029,803309,750792,608634,295947,0,0,0,0,0,0,0,0,0,0,0,0,0,0,0,0,0,0,0,0,0,0,0,0,0,0,0,0,0,0,0,0,0,0,0,0,0,0,0,0,0,0,0,0,0,0,0,0,0,0,0,0,0,0,0,0,0,0,0,0,0,0,0,0,0,0,0,0,0,0,0,0,0,0,0,0,0,0,0,0,0,0,0,0,0,0,0,0,0,0,0,0,0,0,0,0,0,0,0,0,0,0,0,0,0,0,0,0,0,0,0,0,0,0,0,0,0,0,0,0,0,0,0,0,0,0,0,0,0,0,0,0,0,0,0,0,0,0,0,0,0,0,0,0,0,0,0,0,0,0,0,0,0,0,0,0,0,0,0,0,0,0,0,0,0,0,0,0,0,0,0,0,0,0,0,0,0,0,0,0,0,0,0,0,0,0,0,0,0,0,0,0
782,782,768,768,748,832,825,825,918,918,840,980,1015,936,1026,1131,1280,1710,1800,2184,2288,2236,2989,3224,3392,3456,3696,3876,3944,3990,4200,4588,5016,5360,5508,5576,5893,5950,6364,6586,7410,7663,10170,11374,12348,13362,14310,15042,16046,17400,19188,20412,21970,23625,26640,28712,31518,35045,39159,43676,49210,56637,65780,76464,90424,107682,130500,163020,204976,259840,352118,489056,709500,807918,785080,745127,637065,374052,0,0,0,0,0,0,0,0,0,0,0,0,0,0,0,0,0,0,0,0,0,0,0,0,0,0,0,0,0,0,0,0,0,0,0,0,0,0,0,0,0,0,0,0,0,0,0,0,0,0,0,0,0,0,0,0,0,0,0,0,0,0,0,0,0,0,0,0,0,0,0,0,0,0,0,0,0,0,0,0,0,0,0,0,0,0,0,0,0,0,0,0,0,0,0,0,0,0,0,0,0,0,0,0,0,0,0,0,0,0,0,0,0,0,0,0,0,0,0,0,0,0,0,0,0,0,0,0,0,0,0,0,0,0,0,0,0,0,0,0,0,0,0,0,0,0,0,0,0,0,0,0,0,0,0,0,0,0,0,0,0,0,0,0,0,0,0,0,0,0,0,0,0,0,0,0,0,0,0,0,0,0,0,0,0,0,0,0,0,0,0
4118,4234,4307,4234,4380,4500,4575,4712,4636,4774,4697,4697,4914,4977,5040,5070,5280,5280,5427,5280,5576,5561,5628,5712,5712,5712,5865,6020,6106,6319,6248,6319,6390,6552,6643,6716,6975,6975,7125,7144,7220,7410,7469,7644,7623,7722,7800,8160,8058,8343,8424,8610,8774,8798,8988,8964,9180,9570,9768,10146,10146,10413,10440,10413,10738,10948,11040,11224,11875,11750,11904,12319,12642,12870,13100,13167,13400,13872,14008,14490,14980,15301,15840,16317,16611,17168,17400,17936,18480,18876,19398,19642,20375,21120,21632,22139,22401,23182,23408,24480,25298,26085,27027,28275,29156,30150,30502,31824,32970,33920,34882,36135,37575,39216,40136,41949,43497,45318,47058,50688,51022,52796,56840,59904,60610,63855,66576,69576,73321,76890,80782,85995,91113,97202,102410,109415,116280,122247,130822,140756,149784,160884,170352,183540,199048,217294,237510,257752,283162,316660,347636,388080,437958,489565,547400,619140,705432,727248,731032,731962,730340,729378,723282,715110,705745,701802,695109,682796,653400,615525,570376,498100,404496,297864,154350,0,0,0,0,0,0,0,0,0,0,0,0,0,0,0,0,0,0,0,0,0,0,0,0,0,0,0,0,0,0,0,0,0,0,0,0,0,0,0,0,0,0,0,0,0,0,0,0,0,0,0,0,0,0,0,0,0,0,0,0,0,0,0,0,0,0,0,0,0,0,0,0,0,0,0,0,0,0,0,0,0,0,0,0,0,0,0,0,0,0,0,0,0,0
3528,3584,3640,3705,3696,3705,3762,3828,3944,3944,4071,4002,4002,4002,4060,4189,4320,4320,4331,4392,4392,4453,4514,4588,4636,4636,4636,4636,4697,4851,4914,5372,5280,5280,5494,5360,5589,5644,5561,5796,5865,6035,6106,6177,6177,6336,6319,6480,6789,6643,6900,7050,7161,7392,7392,7488,7663,7920,7742,8262,8282,8262,8080,8343,8505,8667,8964,9130,9047,9240,9520,9718,9831,10208,10296,10710,11011,11316,11316,11408,11408,11625,12192,12513,12610,13167,13167,13600,13600,13837,14456,14980,15552,16060,16390,16800,17864,18135,18526,18683,19320,20418,20584,21336,21888,22490,23056,24339,24705,25619,26880,28028,29029,30694,30843,31350,32860,33540,35298,37064,38346,39715,41520,43719,45864,47288,49104,52032,53654,57024,60475,62624,65604,70632,72709,77064,81666,85204,93624,98430,104800,111780,120680,128736,138570,148281,160590,173184,188232,204740,223260,246912,275888,298747,337310,375130,423088,477499,540150,616224,661072,676260,670630,657951,650480,638528,626096,608486,594320,567987,534153,487025,425568,343650,248624,127704,0,0,0,0,0,0,0,0,0,0,0,0,0,0,0,0,0,0,0,0,0,0,0,0,0,0,0,0,0,0,0,0,0,0,0,0,0,0,0,0,0,0,0,0,0,0,0,0,0,0,0,0,0,0,0,0,0,0,0,0,0,0,0,0,0,0,0,0,0,0,0,0,0,0,0,0,0,0,0,0,0,0,0,0,0,0,0,0,0,0,0,0,0
3150,3200,3264,3315,3417,3484,3432,3484,3604,3604,3726,3780,3780,3780,3710,3834,3888,3888,4070,4275,4275,4292,4425,4500,4575,4484,4466,4620,4680,4620,4680,4819,4898,5040,5103,5312,5312,5312,5376,5440,5525,5610,5916,5829,5916,6072,6230,6370,6461,6624,6789,6935,7104,7104,7178,7500,7469,7644,7722,7722,8058,8216,8262,8424,8586,8667,8938,9020,9156,9324,9576,9492,9890,10062,10266,10680,10800,11193,11193,11625,11625,11718,11938,12126,12768,13034,13600,13837,14039,14382,15120,15408,16092,16720,16940,17205,17784,18328,18880,19397,20086,20910,21204,22098,22784,23711,24472,25840,25920,27020,28028,29784,31141,32224,33696,34540,35076,36936,38775,40053,42140,43500,45489,47603,50034,52716,54708,57710,63240,63648,67521,71722,76050,79692,84708,91476,97250,103974,111873,120218,129390,138003,149379,159854,176580,191874,208845,228060,255360,282204,313124,354124,396305,448294,512946,554368,571298,599300,600534,587884,574070,557983,537120,512332,487191,445627,393966,331188,247340,151200,0,0,0,0,0,0,0,0,0,0,0,0,0,0,0,0,0,0,0,0,0,0,0,0,0,0,0,0,0,0,0,0,0,0,0,0,0,0,0,0,0,0,0,0,0,0,0,0,0,0,0,0,0,0,0,0,0,0,0,0,0,0,0,0,0,0,0,0,0,0,0,0,0,0,0,0,0,0,0,0,0,0,0,0,0,0,0,0,0,0,0,0,0,0,0,0,0,0,0
3286,3465,3465,3584,3584,3584,3520,3575,3696,3819,3886,4012,3944,3944,4002,3990,3990,4118,4118,4189,4320,4453,4514,4650,4788,4725,4940,5016,5005,5148,5148,5214,5280,5360,5644,5494,5712,5964,5865,6106,6264,6424,6480,6586,6660,6900,6916,7084,7084,7238,7505,7760,7742,8000,8100,8181,8798,8715,8881,8988,9374,9546,9744,9944,10146,10120,10413,10710,10710,11102,11316,11500,12126,12544,12707,12998,13400,13700,13938,14523,15015,15622,15876,16539,17063,18018,18252,18880,19520,20088,20625,21504,22188,22750,23496,24435,25160,26600,27264,28710,29896,31977,32860,33970,35478,37184,38808,40764,43120,44820,47545,49518,51648,55948,57600,61864,66960,69740,73902,79002,83187,90160,98175,106134,114258,123540,133930,146095,160457,174900,194320,213480,239780,269071,303450,346819,394350,459984,538619,615960,683284,688040,676644,669300,653312,637920,620021,599012,564996,510390,445759,355810,236315,0,0,0,0,0,0,0,0,0,0,0,0,0,0,0,0,0,0,0,0,0,0,0,0,0,0,0,0,0,0,0,0,0,0,0,0,0,0,0,0,0,0,0,0,0,0,0,0,0,0,0,0,0,0,0,0,0,0,0,0,0,0,0,0,0,0,0,0,0,0,0,0,0,0,0,0,0,0,0,0,0,0,0,0,0,0,0,0,0,0,0,0,0,0,0,0,0,0,0,0,0,0,0,0,0,0,0,0,0,0,0,0,0,0,0,0
2850,2793,2850,2900,2900,2950,2891,3060,3060,3060,3111,3224,3162,3172,3224,3162,3224,3276,3276,3380,3564,3498,3685,3752,3740,3864,3905,3976,4118,4047,4060,4189,4248,4440,4440,4248,4307,4425,4484,4560,4712,4928,5056,5056,5120,5312,5248,5395,5561,5628,5865,6003,6072,6230,6461,6552,6789,6696,6882,7050,7220,7469,7392,7821,8080,8181,8262,8610,8881,8881,9047,9324,9744,9718,9918,10296,10591,11224,11532,11656,11938,11844,12480,13300,13635,13974,14352,14664,15158,15805,16241,17176,17670,18802,19159,20008,20875,21546,22925,23674,24888,25392,26082,28600,30044,31365,32550,34185,35581,37516,39904,42108,43719,46665,48732,53235,55200,61200,63812,67176,71928,78078,82950,91143,97536,105336,116760,127449,139965,152431,170422,188442,210733,236250,273482,309309,356324,410967,500324,574115,654150,677322,666845,655239,646905,627991,611864,586720,546742,488430,401500,292904,139302,0,0,0,0,0,0,0,0,0,0,0,0,0,0,0,0,0,0,0,0,0,0,0,0,0,0,0,0,0,0,0,0,0,0,0,0,0,0,0,0,0,0,0,0,0,0,0,0,0,0,0,0,0,0,0,0,0,0,0,0,0,0,0,0,0,0,0,0,0,0,0,0,0,0,0,0,0,0,0,0,0,0,0,0,0,0,0,0,0,0,0,0,0,0,0,0,0,0,0,0,0,0,0,0,0,0,0,0,0,0,0,0,0,0,0,0
2340,2385,2385,2538,2538,2538,2592,2640,2530,2632,2632,2744,2744,2800,2744,2850,2900,2900,2958,2958,2950,3060,3111,3162,3162,3224,3276,3276,3224,3339,3392,3276,3498,3618,3685,3696,3752,3808,3864,3920,4118,4118,4060,4189,4130,4320,4307,4307,4307,4366,4500,4636,4788,4851,5056,5184,5184,5395,5561,5628,5865,5865,5916,5934,6390,6408,6552,6624,6862,7030,7068,7220,7546,7742,7821,8181,8446,8528,8715,8904,9156,9265,9690,9605,9918,10296,10296,10800,11532,11532,12065,12126,12576,13400,13668,14076,14317,14456,15264,15805,16539,17214,17864,18802,19360,20049,20832,22272,23275,23718,25024,25944,26827,28171,30396,31824,32550,34720,36900,38346,40592,42525,44750,47214,50730,53820,57000,64581,64355,70180,76152,80618,88330,96393,103752,113568,126582,138761,151280,168868,188232,210752,241042,274590,318255,368880,433728,517462,613872,661234,665280,647766,638452,623636,603100,575960,535950,466543,374916,251356,0,0,0,0,0,0,0,0,0,0,0,0,0,0,0,0,0,0,0,0,0,0,0,0,0,0,0,0,0,0,0,0,0,0,0,0,0,0,0,0,0,0,0,0,0,0,0,0,0,0,0,0,0,0,0,0,0,0,0,0,0,0,0,0,0,0,0,0,0,0,0,0,0,0,0,0,0,0,0,0,0,0,0,0,0,0,0,0,0,0,0,0,0,0,0,0,0,0,0,0,0,0,0,0,0,0,0,0,0
2385,2438,2484,2438,2592,2585,2585,2640,2688,2632,2688,2850,2950,2900,2900,2900,3009,3009,3060,3060,3111,3162,3162,3224,3224,3224,3339,3339,3339,3564,3933,3850,3933,4118,4248,4380,4366,4425,4575,4851,4914,5412,5628,5796,6003,6160,6160,6480,6624,6789,6956,7050,7315,7392,7566,7920,8282,8364,8446,8904,9010,8988,9265,9768,9744,9918,10324,10920,11439,12096,12096,12384,12513,13167,13736,14317,14420,14456,15408,16060,16950,17365,18720,19964,20212,21082,21930,22794,23852,25208,26634,26600,28762,29896,31365,33338,35098,37575,40076,41888,44280,47545,50008,54252,58548,63986,66836,72546,77589,84591,91881,102025,110432,122122,135900,150092,169472,188570,213160,247744,284240,332550,389781,464625,557620,684906,701720,695296,687242,672606,651560,639610,612096,538447,470304,340130,168324,0,0,0,0,0,0,0,0,0,0,0,0,0,0,0,0,0,0,0,0,0,0,0,0,0,0,0,0,0,0,0,0,0,0,0,0,0,0,0,0,0,0,0,0,0,0,0,0,0,0,0,0,0,0,0,0,0,0,0,0,0,0,0,0,0,0,0,0,0,0,0,0,0,0,0,0,0,0,0,0,0,0,0,0,0,0,0,0,0,0,0,0,0,0,0,0,0,0,0,0,0,0,0,0,0,0,0,0,0,0,0,0,0,0,0,0,0,0,0,0,0,0,0,0,0,0,0,0,0,0,0,0
1575,1540,1656,1702,1702,1840,1739,1968,1920,2064,1968,1872,1960,2050,2091,2091,2184,2322,2420,2484,2392,2438,2640,2640,2640,2850,2950,2832,2736,2891,2950,3000,3050,3050,3060,3213,3339,3465,3402,3402,3445,3618,3685,3808,3740,3876,3864,3933,3990,4118,4176,4248,4366,4440,4500,4484,4758,4774,4992,5214,5280,5330,5478,5780,5780,6020,6177,6072,6461,6408,6975,7125,7410,7392,7680,7742,8000,8282,8528,8610,8610,9072,9374,9546,9944,10350,10710,10948,11253,11253,12288,12544,13068,13400,13974,14382,14664,15515,16539,17289,17980,18644,19320,20460,21042,22230,23541,24705,25345,26688,28908,29400,31365,32760,34503,37064,39904,41888,44820,47545,51264,54526,60900,66708,67798,74556,80712,90750,98540,107331,120132,134550,149614,167790,189809,216752,252405,294525,350360,420508,505596,612850,695763,684768,677680,665052,645975,634120,612413,551609,455677,321600,127926,0,0,0,0,0,0,0,0,0,0,0,0,0,0,0,0,0,0,0,0,0,0,0,0,0,0,0,0,0,0,0,0,0,0,0,0,0,0,0,0,0,0,0,0,0,0,0,0,0,0,0,0,0,0,0,0,0,0,0,0,0,0,0,0,0,0,0,0,0,0,0,0,0,0,0,0,0,0,0,0,0,0,0,0,0,0,0,0,0,0,0,0,0,0,0,0,0,0,0,0,0,0,0,0,0,0,0,0,0,0,0,0,0,0,0,0
1710,1702,1776,1862,1728,1872,1911,1920,2000,2050,2142,2200,2295,2392,2438,2475,2376,2475,2420,2475,2585,2695,2640,2585,2688,2744,2632,2632,2736,4060,4060,4047,4104,4088,4218,4366,4575,4636,4788,4851,4851,5148,5412,5427,5628,5950,6090,6020,6120,6408,6497,6660,7068,7220,7315,7566,7644,7821,8080,8466,8466,8904,9288,9680,9744,10057,10235,10856,11253,11685,12000,12446,12870,13464,14352,14700,15336,15914,16498,17400,18172,19434,20412,21376,22490,23718,24435,26180,27122,28324,30150,31878,33496,35970,38076,41360,44286,46872,50424,54725,59202,63474,69264,75864,81840,91839,101878,112739,125421,142290,158436,182850,210496,244674,289680,348750,422597,518000,645219,720918,716175,707553,698358,688200,690580,647184,570472,446688,271777,0,0,0,0,0,0,0,0,0,0,0,0,0,0,0,0,0,0,0,0,0,0,0,0,0,0,0,0,0,0,0,0,0,0,0,0,0,0,0,0,0,0,0,0,0,0,0,0,0,0,0,0,0,0,0,0,0,0,0,0,0,0,0,0,0,0,0,0,0,0,0,0,0,0,0,0,0,0,0,0,0,0,0,0,0,0,0,0,0,0,0,0,0,0,0,0,0,0,0,0,0,0,0,0,0,0,0,0,0,0,0,0,0,0,0,0,0,0,0,0,0,0,0,0,0,0,0,0,0,0,0,0,0,0,0,0,0,0,0,0
1184,1254,1184,1216,1184,1575,1584,1710,1794,1833,1872,1920,1872,1920,2009,1872,1920,2000,2009,2200,2156,2244,2193,2340,2288,2385,2385,2695,2640,2679,2679,2726,2880,2832,2950,3000,3111,3213,3276,3498,3564,3575,3618,3685,3740,4047,4032,4047,4088,4144,4218,4332,4500,4914,5056,4914,4914,5120,5120,5561,5865,5865,6090,6319,6660,6643,6716,6975,7296,7392,7623,7900,8137,8216,8667,8798,9520,9546,10146,10208,10384,10920,11193,11970,12255,12804,13400,13800,14664,15158,15476,16390,17748,18486,19116,20496,21672,22575,23892,24975,26220,27918,30076,31800,33480,36064,37816,41820,43596,48048,51888,56160,60900,66570,72489,79800,88401,100330,110240,125160,141120,160569,185481,214312,252397,299012,359792,437388,546904,584380,600240,581472,558994,525616,478387,404494,297220,137696,0,0,0,0,0,0,0,0,0,0,0,0,0,0,0,0,0,0,0,0,0,0,0,0,0,0,0,0,0,0,0,0,0,0,0,0,0,0,0,0,0,0,0,0,0,0,0,0,0,0,0,0,0,0,0,0,0,0,0,0,0,0,0,0,0,0,0,0,0,0,0,0,0,0,0,0,0,0,0,0,0,0,0,0,0,0,0,0,0,0,0,0,0,0,0,0,0,0,0,0,0,0,0,0,0,0,0,0,0,0,0,0,0,0,0,0,0,0,0,0,0,0,0,0,0,0,0,0,0,0,0
1216,1216,1287,1248,1248,1400,1400,1394,1435,1394,1287,1435,1435,1512,1591,1512,1512,1470,1554,1591,1591,1672,1672,1672,1755,1755,1755,1755,1880,1968,1960,2009,2040,2091,2150,2142,2288,2392,2438,2438,2475,2385,2376,2464,2576,2530,2688,2736,2793,2900,2842,2950,3172,3276,3276,3520,3510,3618,3752,3808,3876,3933,4575,4350,4425,4836,4914,5265,5412,5561,5727,5934,6248,6090,6408,6716,6882,7030,7296,7296,7546,7800,8181,8343,8881,9156,9265,9632,10235,10620,11040,11656,11780,12096,13068,13534,14008,14456,15052,15660,16317,17289,18252,19481,20750,22059,23275,24888,26180,27264,30044,31824,33384,35742,38410,41211,44144,47840,51300,56430,61893,67704,75468,83300,91637,103622,116748,133315,154350,176157,205674,245992,294279,360360,444720,560616,668322,659685,641119,630270,600060,570360,509124,382242,209720,0,0,0,0,0,0,0,0,0,0,0,0,0,0,0,0,0,0,0,0,0,0,0,0,0,0,0,0,0,0,0,0,0,0,0,0,0,0,0,0,0,0,0,0,0,0,0,0,0,0,0,0,0,0,0,0,0,0,0,0,0,0,0,0,0,0,0,0,0,0,0,0,0,0,0,0,0,0,0,0,0,0,0,0,0,0,0,0,0,0,0,0,0,0,0,0,0,0,0,0,0,0,0,0,0,0,0,0,0,0,0,0,0,0,0,0,0,0,0,0,0,0,0,0
1287,1320,1280,1360,1462,1428,1505,1470,1548,1591,1591,1591,1591,1702,1665,1591,1665,1748,1620,1702,1786,1702,1824,1833,1833,1886,1974,1968,2100,2444,2392,2491,2484,2530,2530,2520,2679,2832,2773,2880,2832,2940,2880,3038,3050,3162,3286,3392,3456,3510,3752,3696,3795,3876,4002,4104,4392,4788,4712,4928,5293,5440,5508,5576,5865,6106,6177,6570,6900,6900,7068,7488,7644,7722,8080,8240,8424,9072,9265,9856,10170,10580,11067,11280,12028,12125,12900,13699,14280,15087,15984,16428,17480,18408,19276,20500,21970,22968,25020,26412,28371,30450,32292,34454,36960,40248,42700,46920,50880,56560,62667,69486,76752,86240,97125,108800,124559,145548,169164,199963,238290,294373,364683,461630,598598,719928,712485,702747,689510,671963,639110,539397,394956,136525,0,0,0,0,0,0,0,0,0,0,0,0,0,0,0,0,0,0,0,0,0,0,0,0,0,0,0,0,0,0,0,0,0,0,0,0,0,0,0,0,0,0,0,0,0,0,0,0,0,0,0,0,0,0,0,0,0,0,0,0,0,0,0,0,0,0,0,0,0,0,0,0,0,0,0,0,0,0,0,0,0,0,0,0,0,0,0,0,0,0,0,0,0,0,0,0,0,0,0,0,0,0,0,0,0,0,0,0,0,0,0,0,0,0,0,0,0,0,0,0,0,0,0,0,0,0,0,0,0,0,0,0,0,0,0
990,957,924,924,952,1015,986,1015,1085,1085,1085,1152,1080,1116,1404,1330,1368,1326,1548,1584,1628,1672,1665,1794,1794,1794,1872,1950,1920,1920,1880,2058,2058,2236,2244,2279,2288,2288,2236,2385,2385,2430,2430,2438,2491,2744,2750,2850,2744,3050,3000,3162,3172,3276,3392,3640,3705,3696,3740,3920,4130,4130,4047,4176,4440,4440,4560,4774,4774,4914,5040,5346,5508,5880,5964,6424,6497,6643,6900,7084,7315,7663,8100,8320,8610,9072,9265,9718,10092,10530,10948,11590,12000,12416,12936,13600,14560,15660,16576,17100,18252,19200,20375,21760,23056,24570,26696,28275,30150,32860,34937,38014,40527,44678,48951,54015,59860,66528,73676,82933,94116,106932,121973,142596,165608,196000,240327,293562,367070,477568,615342,697404,688168,671040,649859,620114,536928,398475,179465,0,0,0,0,0,0,0,0,0,0,0,0,0,0,0,0,0,0,0,0,0,0,0,0,0,0,0,0,0,0,0,0,0,0,0,0,0,0,0,0,0,0,0,0,0,0,0,0,0,0,0,0,0,0,0,0,0,0,0,0,0,0,0,0,0,0,0,0,0,0,0,0,0,0,0,0,0,0,0,0,0,0,0,0,0,0,0,0,0,0,0,0,0,0,0,0,0,0,0,0,0,0,0,0,0,0,0,0,0,0,0,0,0,0,0,0,0,0,0,0,0,0,0,0,0,0,0,0,0,0
810,1015,1050,1015,1015,1147,1110,1080,1110,1184,1184,1184,1221,1292,1326,1360,1326,1435,1634,1428,1470,1584,1584,1748,1794,1840,1880,1920,1960,1960,2050,2050,2016,2058,2193,2244,2346,2295,2385,2430,2538,2538,2592,2700,2800,2900,2900,3060,3172,3348,3339,3630,3696,3752,3808,3808,4071,4189,4130,4320,4320,4453,4453,4697,4851,5120,5427,5589,5893,6035,6278,6512,6764,6992,7161,7315,7742,8118,8262,8798,9072,9288,9632,10032,10829,11040,11780,12319,12870,13905,14490,15301,16060,16950,17901,18802,20212,21294,22750,24480,25993,28032,30552,32085,35581,37800,41412,44460,48433,54450,60736,66836,75341,84807,96750,110148,126440,149614,176588,212493,258888,327150,417816,547018,709929,711689,697957,685404,659430,611933,493969,294093,0,0,0,0,0,0,0,0,0,0,0,0,0,0,0,0,0,0,0,0,0,0,0,0,0,0,0,0,0,0,0,0,0,0,0,0,0,0,0,0,0,0,0,0,0,0,0,0,0,0,0,0,0,0,0,0,0,0,0,0,0,0,0,0,0,0,0,0,0,0,0,0,0,0,0,0,0,0,0,0,0,0,0,0,0,0,0,0,0,0,0,0,0,0,0,0,0,0,0,0,0,0,0,0,0,0,0,0,0,0,0,0,0,0,0,0,0,0,0,0,0,0,0,0,0,0,0,0,0,0,0,0,0,0,0,0,0
1254,1254,1178,1248,1216,1292,1326,1326,1400,1440,1400,1400,1435,1512,1512,1554,1591,1628,1665,1665,1710,1739,1833,1833,1824,1833,1960,2009,2058,2142,2091,2184,2142,2236,2332,2438,2491,2484,2484,2585,2585,2688,2736,2784,2900,3009,3009,2950,3050,3111,3224,3276,3456,3696,3762,3933,4012,3933,4189,4392,4366,4453,4500,4636,4788,4928,5280,5427,5427,5727,5934,6090,6336,6660,7068,7161,7315,7840,7920,8282,8652,9483,9968,10580,11210,11495,12054,12827,13332,13464,14766,15087,16016,16950,18054,19592,21027,22477,23664,25298,27550,29747,32028,34344,37184,40482,45080,49536,55476,59983,66576,75075,86304,98774,114929,132600,157784,189024,230828,288960,370851,487924,656240,738400,732375,722625,709446,686070,580138,403200,0,0,0,0,0,0,0,0,0,0,0,0,0,0,0,0,0,0,0,0,0,0,0,0,0,0,0,0,0,0,0,0,0,0,0,0,0,0,0,0,0,0,0,0,0,0,0,0,0,0,0,0,0,0,0,0,0,0,0,0,0,0,0,0,0,0,0,0,0,0,0,0,0,0,0,0,0,0,0,0,0,0,0,0,0,0,0,0,0,0,0,0,0,0,0,0,0,0,0,0,0,0,0,0,0,0,0,0,0,0,0,0,0,0,0,0,0,0,0,0,0,0,0,0,0,0,0,0,0,0,0,0,0,0,0,0,0,0,0
858,884,884,910,972,1044,1147,1147,1140,1140,1216,1248,1216,1254,1320,1287,1287,1360,1440,1558,1517,1634,1554,1591,1554,1554,1628,1628,1628,1739,1786,1702,1702,1748,1786,1927,1927,1872,1911,2050,2322,2288,2392,2438,2538,2438,2430,2585,2632,2750,2640,2793,2900,3009,3060,3120,3224,3172,3392,3630,3685,3876,4060,4060,4260,4248,4307,4500,4500,4425,4560,4851,4977,5200,5727,5796,5880,6177,6336,6480,6716,6900,7332,7644,8100,8610,9072,9350,10057,10208,11160,11280,12125,12672,12838,13770,14490,14910,16170,17214,18252,19875,20955,22440,24165,26128,28077,30200,32656,34992,38817,42064,46805,50880,56481,63855,71325,81158,92964,106380,123840,147736,176436,213072,265118,340465,444783,605010,715016,707687,693216,671789,643934,532322,355718,0,0,0,0,0,0,0,0,0,0,0,0,0,0,0,0,0,0,0,0,0,0,0,0,0,0,0,0,0,0,0,0,0,0,0,0,0,0,0,0,0,0,0,0,0,0,0,0,0,0,0,0,0,0,0,0,0,0,0,0,0,0,0,0,0,0,0,0,0,0,0,0,0,0,0,0,0,0,0,0,0,0,0,0,0,0,0,0,0,0,0,0,0,0,0,0,0,0,0,0,0,0,0,0,0,0,0,0,0,0,0,0,0,0,0,0,0,0,0,0,0,0,0,0,0,0,0,0,0,0,0,0,0,0
682,690,660,690,690,690,682,713,768,792,800,744,918,858,891,918,952,891,986,924,980,1044,1050,1080,1110,1110,1050,1116,1254,1221,1216,1254,1216,1287,1394,1394,1428,1505,1591,1591,1512,1530,1645,1575,1584,1748,1748,1833,1786,1920,1960,2050,2640,2784,2736,2784,2832,3000,2832,2726,2820,2989,3100,3150,3264,3380,3498,3618,3752,3864,4176,4118,4307,4560,4560,4697,4977,5135,5346,5508,5658,5880,6192,6408,6643,7372,7469,7742,7900,8262,8904,9460,9856,10647,10881,11374,12319,12740,13668,14352,15194,16352,17214,18445,19803,21285,23085,24702,26838,30545,31878,34026,37290,41650,45864,50880,57285,63812,72450,83411,96632,113436,133930,161500,197327,247112,319000,425546,580085,690368,676338,661744,633779,572246,429336,181222,0,0,0,0,0,0,0,0,0,0,0,0,0,0,0,0,0,0,0,0,0,0,0,0,0,0,0,0,0,0,0,0,0,0,0,0,0,0,0,0,0,0,0,0,0,0,0,0,0,0,0,0,0,0,0,0,0,0,0,0,0,0,0,0,0,0,0,0,0,0,0,0,0,0,0,0,0,0,0,0,0,0,0,0,0,0,0,0,0,0,0,0,0,0,0,0,0,0,0,0,0,0,0,0,0,0,0,0,0,0,0,0,0,0,0,0,0,0,0,0,0,0,0,0,0,0,0,0,0,0,0,0,0
750,744,667,682,713,736,832,832,864,884,918,884,884,858,891,832,918,945,918,945,952,1015,1209,1102,1140,1216,1248,1287,1248,1216,1287,1353,1353,1320,1360,1435,1505,1470,1512,1628,1584,1665,1620,1665,1824,1776,1862,2000,2050,2040,2132,2268,2268,2310,2236,2430,2475,2520,2668,2726,2880,2784,2880,2940,2989,3185,3250,3380,3564,3618,3740,3864,4118,4176,4234,4389,4389,4740,4774,4977,5166,5610,5762,6120,6188,6552,6624,7030,7372,7524,8058,8400,8964,9324,9576,10120,10920,11224,11875,12740,13500,14420,15015,16280,16872,18328,19116,20787,22704,25058,26358,28743,32012,34255,38631,42408,46719,51799,58806,66253,75480,87084,102765,119680,142398,173880,215072,269790,349800,462844,539980,561600,529720,481152,393576,245754,0,0,0,0,0,0,0,0,0,0,0,0,0,0,0,0,0,0,0,0,0,0,0,0,0,0,0,0,0,0,0,0,0,0,0,0,0,0,0,0,0,0,0,0,0,0,0,0,0,0,0,0,0,0,0,0,0,0,0,0,0,0,0,0,0,0,0,0,0,0,0,0,0,0,0,0,0,0,0,0,0,0,0,0,0,0,0,0,0,0,0,0,0,0,0,0,0,0,0,0,0,0,0,0,0,0,0,0,0,0,0,0,0,0,0,0,0,0,0,0,0,0,0,0,0,0,0,0,0,0,0,0,0
572,621,594,594,594,644,667,667,720,667,690,744,768,864,884,945,952,1050,1080,1044,1044,1178,1147,1254,1292,1326,1365,1404,1365,1400,1326,1326,1326,1476,1512,1512,1476,1591,1591,1591,1628,1628,1716,1755,1794,1794,1872,1960,2091,2288,2438,2640,2585,2688,2793,2850,3000,3111,3276,3445,3630,3685,3795,3752,4118,4176,4118,4118,4380,4575,4836,5040,5265,5561,5865,6248,6552,6624,6900,7392,7878,8058,8610,9180,9350,10413,11040,11495,12096,12610,13736,14352,15194,16539,17632,19557,21376,23490,24840,27313,30545,33441,36349,40828,45540,51188,58378,65296,76045,89180,106000,126825,155561,195144,248841,332384,460130,661125,662560,632649,600696,531225,362250,0,0,0,0,0,0,0,0,0,0,0,0,0,0,0,0,0,0,0,0,0,0,0,0,0,0,0,0,0,0,0,0,0,0,0,0,0,0,0,0,0,0,0,0,0,0,0,0,0,0,0,0,0,0,0,0,0,0,0,0,0,0,0,0,0,0,0,0,0,0,0,0,0,0,0,0,0,0,0,0,0,0,0,0,0,0,0,0,0,0,0,0,0,0,0,0,0,0,0,0,0,0,0,0,0,0,0,0,0,0,0,0,0,0,0,0,0,0,0,0,0,0,0,0,0,0,0,0,0,0,0,0,0,0,0,0,0,0,0,0,0,0,0,0,0,0
588,588,567,594,588,638,638,780,775,858,858,800,952,980,1036,1073,1140,1102,1110,1073,1209,1240,1280,1540,1505,1591,1628,1620,1710,1755,1840,1824,1950,1900,2080,2214,2184,2268,2420,2464,2322,2508,2475,2622,2760,2820,2989,2976,3150,3200,3315,3536,3780,3905,3920,4234,4425,4560,4740,4661,4819,5229,5628,5916,6300,6461,6580,6840,7252,7676,8058,8453,8938,9266,10179,10502,11193,11938,12672,13800,14058,15288,16459,17584,19024,21033,22479,24366,27876,29394,32700,36814,40672,45845,51423,58800,68224,77526,91332,107272,129720,160512,199467,255192,333900,438720,470119,492750,392392,310728,202920,0,0,0,0,0,0,0,0,0,0,0,0,0,0,0,0,0,0,0,0,0,0,0,0,0,0,0,0,0,0,0,0,0,0,0,0,0,0,0,0,0,0,0,0,0,0,0,0,0,0,0,0,0,0,0,0,0,0,0,0,0,0,0,0,0,0,0,0,0,0,0,0,0,0,0,0,0,0,0,0,0,0,0,0,0,0,0,0,0,0,0,0,0,0,0,0,0,0,0,0,0,0,0,0,0,0,0,0,0,0,0,0,0,0,0,0,0,0,0,0,0,0,0,0,0,0,0,0,0,0,0,0,0,0,0,0,0,0,0,0,0,0,0,0,0,0,0,0,0,0,0,0,0,0,0,0,0,0
750,750,744,713,744,891,918,924,1064,1170,1140,1240,1240,1209,1271,1320,1320,1353,1400,1353,1386,1428,1505,1584,1665,1710,1665,1748,1911,1748,1880,2107,2016,2100,2142,2184,2268,2310,2420,2520,2464,2508,2552,2655,2760,2976,3087,3150,3380,3445,3740,3740,3850,4118,4176,4292,4366,4697,5103,5166,5248,5460,5544,6052,6552,6789,6935,7350,7700,8320,8856,9520,10005,10680,11040,11780,12384,13034,14140,14768,16459,17784,19234,20956,22528,24790,27661,30429,34034,37674,42160,47256,53960,62216,71262,83853,100902,120690,148797,186872,241610,319422,436568,524178,541812,487925,408516,272314,0,0,0,0,0,0,0,0,0,0,0,0,0,0,0,0,0,0,0,0,0,0,0,0,0,0,0,0,0,0,0,0,0,0,0,0,0,0,0,0,0,0,0,0,0,0,0,0,0,0,0,0,0,0,0,0,0,0,0,0,0,0,0,0,0,0,0,0,0,0,0,0,0,0,0,0,0,0,0,0,0,0,0,0,0,0,0,0,0,0,0,0,0,0,0,0,0,0,0,0,0,0,0,0,0,0,0,0,0,0,0,0,0,0,0,0,0,0,0,0,0,0,0,0,0,0,0,0,0,0,0,0,0,0,0,0,0,0,0,0,0,0,0,0,0,0,0,0,0,0,0,0,0,0,0,0,0,0,0,0,0
560,570,580,567,560,690,858,891,884,1008,980,1064,1209,1209,1248,1320,1287,1140,1248,1394,1400,1360,1360,1462,1470,1505,1610,1702,1824,1920,2050,2184,2184,2226,2322,2184,2332,2530,2622,2576,2679,2842,2940,3000,3100,3200,3366,3564,3685,3672,3864,4118,4161,4408,4620,4697,4898,5135,5412,5676,5984,6210,6510,7008,7448,7676,7956,8480,8910,9660,10320,11102,11340,12220,13500,14484,15184,16830,18170,20207,22000,24420,26772,30030,32832,36340,41664,47435,54332,63960,73100,85790,104489,128340,158469,202800,266319,363053,405076,437100,362404,292182,191684,0,0,0,0,0,0,0,0,0,0,0,0,0,0,0,0,0,0,0,0,0,0,0,0,0,0,0,0,0,0,0,0,0,0,0,0,0,0,0,0,0,0,0,0,0,0,0,0,0,0,0,0,0,0,0,0,0,0,0,0,0,0,0,0,0,0,0,0,0,0,0,0,0,0,0,0,0,0,0,0,0,0,0,0,0,0,0,0,0,0,0,0,0,0,0,0,0,0,0,0,0,0,0,0,0,0,0,0,0,0,0,0,0,0,0,0,0,0,0,0,0,0,0,0,0,0,0,0,0,0,0,0,0,0,0,0,0,0,0,0,0,0,0,0,0,0,0,0,0,0,0,0,0,0,0,0,0,0,0,0,0,0,0,0,0,0
408,400,425,442,475,442,475,494,588,580,588,609,667,588,546,598,594,588,616,638,616,621,667,667,660,744,832,806,806,891,891,918,1036,1036,1044,1102,1073,1036,1140,1200,1248,1178,1280,1360,1394,1476,1517,1476,1512,1591,1540,1748,1840,1880,2058,2142,2100,2193,2142,2236,2430,2385,2530,2475,2585,2842,2842,3050,3100,3276,3224,3264,3498,3672,3933,3920,4104,4307,4500,4697,4960,5312,5395,5561,6003,6052,6862,7030,7644,8080,8610,8964,9520,10208,10800,11500,12350,13365,14443,15435,17556,19278,20956,22620,25296,29725,32012,36736,40320,46182,53098,62115,73372,88164,108730,134850,172270,228228,310248,442224,502242,495450,437453,331970,138768,0,0,0,0,0,0,0,0,0,0,0,0,0,0,0,0,0,0,0,0,0,0,0,0,0,0,0,0,0,0,0,0,0,0,0,0,0,0,0,0,0,0,0,0,0,0,0,0,0,0,0,0,0,0,0,0,0,0,0,0,0,0,0,0,0,0,0,0,0,0,0,0,0,0,0,0,0,0,0,0,0,0,0,0,0,0,0,0,0,0,0,0,0,0,0,0,0,0,0,0,0,0,0,0,0,0,0,0,0,0,0,0,0,0,0,0,0,0,0,0,0,0,0,0,0,0,0,0,0,0,0,0,0,0,0,0,0,0,0,0,0,0,0,0
2030,2030,2065,1980,2268,4189,4189,4248,4392,4464,4392,4380,4650,4662,4800,5005,5070,5005,5214,5494,5427,5440,5508,5494,5561,5346,5265,5628,5848,5848,6003,6160,6141,6248,6230,6390,6624,6808,6882,7144,7220,7275,7372,7469,7546,7722,7920,8262,8240,8080,8446,8632,8736,8881,9350,9265,10212,10528,10057,10374,10788,11092,11800,10764,11092,11520,11495,11931,12474,12726,12928,12928,13493,13936,14280,14552,14824,14766,15369,16016,16385,16611,16611,16837,17632,18290,18290,18960,19557,20412,20992,21285,21672,22572,23450,23625,24564,25521,26455,27302,27636,28608,29445,31465,32970,33920,33852,34128,35040,35964,41474,39732,42364,43740,45136,46736,48174,51145,54471,56280,60557,60944,67270,70620,69486,72998,76820,81765,86132,90885,96375,102290,108927,115506,122688,131128,140760,151526,162022,174246,189036,206080,223470,243974,266015,290304,324470,356319,390555,427329,476621,535755,600323,678132,702124,718284,701943,687364,671350,655140,636279,615604,588168,556990,523900,483439,429128,367824,292940,204344,93840,0,0,0,0,0,0,0,0,0,0,0,0,0,0,0,0,0,0,0,0,0,0,0,0,0,0,0,0,0,0,0,0,0,0,0,0,0,0,0,0,0,0,0,0,0,0,0,0,0,0,0,0,0,0,0,0,0,0,0,0,0,0,0,0,0,0,0,0,0,0,0,0,0,0,0,0,0,0,0,0,0,0,0,0,0,0,0,0,0,0,0,0,0,0,0,0,0,0
2146,2494,2065,2065,2820,2580,2100,2074,3286,3213,2542,2160,4392,4662,4800,5016,5082,4928,4992,5280,5293,5214,5280,5508,5810,5780,6020,6020,6090,6090,6248,6480,6552,6808,6643,6956,7104,7296,7392,7469,7722,7821,8000,8181,8424,8549,8549,8820,9309,9504,9879,9632,9768,10260,10556,10374,10764,10829,11160,11616,11904,12250,12827,13416,13184,13624,13596,13992,14070,14552,15290,15873,16385,17020,17020,17550,17936,18600,19032,19803,20286,20790,21543,22646,23701,24150,24840,25254,26741,27930,29550,30338,31465,31416,32970,34240,35098,37241,38760,40775,42781,44590,46000,48128,49590,55044,55878,60192,62916,65919,68952,72960,77123,81840,88040,93952,99940,106503,113832,122400,131418,142910,153920,166833,185152,203679,223300,247248,274560,305320,341754,380160,428860,487845,555540,641229,722925,749394,737386,724724,710290,690569,673200,651320,621390,585000,547428,489358,419497,331530,225338,82804,0,0,0,0,0,0,0,0,0,0,0,0,0,0,0,0,0,0,0,0,0,0,0,0,0,0,0,0,0,0,0,0,0,0,0,0,0,0,0,0,0,0,0,0,0,0,0,0,0,0,0,0,0,0,0,0,0,0,0,0,0,0,0,0,0,0,0,0,0,0,0,0,0,0,0,0,0,0,0,0,0,0,0,0,0,0,0,0,0,0,0,0,0,0,0,0,0,0,0,0,0,0,0,0,0,0,0,0,0,0,0,0,0,0,0,0,0
2280,1972,1972,2065,2100,2160,2124,2580,2400,2745,3286,3528,3584,3630,3640,3696,3762,3762,3819,3886,4012,4060,4200,4260,4260,4260,4331,4473,4536,4672,4800,4800,4864,4800,5005,5016,5159,5293,5360,5346,5494,5880,6035,6035,6192,6192,6643,7084,6992,7332,7566,7566,7840,8217,9202,9483,9483,9680,9968,10350,10465,10948,10948,11040,11904,11808,11904,12573,13000,13130,13464,13936,14070,14445,15290,15369,15478,16611,17168,17632,18326,19118,20125,20286,20286,21414,22270,23220,23895,24702,25116,26226,27027,28712,28908,30200,31724,32970,34720,36023,37241,39560,40248,42416,45632,46990,48692,52724,55954,58425,62034,65618,69888,73967,79060,84525,89500,96866,106080,113928,121114,132276,144270,156325,171864,189036,207388,231084,257912,288632,324054,368970,417508,481426,556234,654198,697000,716625,699936,687635,669141,658853,633132,608375,573600,540380,477945,403806,313215,189334,58667,0,0,0,0,0,0,0,0,0,0,0,0,0,0,0,0,0,0,0,0,0,0,0,0,0,0,0,0,0,0,0,0,0,0,0,0,0,0,0,0,0,0,0,0,0,0,0,0,0,0,0,0,0,0,0,0,0,0,0,0,0,0,0,0,0,0,0,0,0,0,0,0,0,0,0,0,0,0,0,0,0,0,0,0,0,0,0,0,0,0,0,0,0,0,0,0,0,0,0,0,0,0,0,0,0,0,0,0,0,0,0,0,0,0,0,0,0,0
1782,2322,2744,2744,2688,2900,2494,2494,2900,2436,2088,1914,1914,2610,2088,1914,2006,1947,2170,2480,4440,4514,4453,4599,4788,4725,4788,4864,4992,5214,5280,5427,5780,5628,5848,5934,5950,6160,5934,6020,6160,6390,6390,6643,6696,6956,6956,7125,7469,7488,7644,7722,8080,8181,8632,8820,9202,9504,9856,9856,9968,10235,10530,10974,12100,11737,14508,15125,12750,12852,13287,13520,13650,13965,14310,15568,15429,16128,16560,17082,17550,17936,18755,19154,20125,20574,21320,22646,22780,23625,24742,25986,26784,29353,29055,30690,30954,32085,33654,37128,37184,38988,41418,43139,46189,48450,49660,54800,55954,60030,63640,67014,71325,76518,81840,86838,94428,102261,109450,117990,127596,140904,153117,168672,191860,214863,234627,264809,298150,337707,385269,440791,511290,594610,696694,756490,753182,736014,730626,705312,682668,656640,620114,580800,519384,441048,339450,208323,0,0,0,0,0,0,0,0,0,0,0,0,0,0,0,0,0,0,0,0,0,0,0,0,0,0,0,0,0,0,0,0,0,0,0,0,0,0,0,0,0,0,0,0,0,0,0,0,0,0,0,0,0,0,0,0,0,0,0,0,0,0,0,0,0,0,0,0,0,0,0,0,0,0,0,0,0,0,0,0,0,0,0,0,0,0,0,0,0,0,0,0,0,0,0,0,0,0,0,0,0,0,0,0,0,0,0,0,0,0,0,0,0,0,0,0,0,0,0,0,0
2013,2480,2709,4380,4464,4662,4725,4725,4864,4928,4992,5056,5070,5280,5360,5427,5561,5695,5780,5712,6003,6020,6072,6160,6248,6390,6624,6624,6789,7030,7125,7315,7546,7644,7900,8080,8424,8364,8715,9309,9632,9718,10350,12285,11583,12862,11328,11280,11590,11931,12600,12446,13287,13390,13433,13936,14248,14840,15651,15730,16498,16611,17020,17901,18290,18876,19716,20500,21285,21840,23142,23895,24386,25662,27115,27783,28371,31108,32032,33812,33384,35098,39388,38410,41652,43188,44144,46736,48994,52380,56560,59245,66126,71040,69836,74806,78880,85668,93121,98420,107587,115370,125570,136504,149464,164340,181481,202764,225610,249457,281424,322432,359658,409656,466984,539560,634214,690459,716000,692622,673113,656035,629000,600938,563118,524160,464128,386226,292940,170134,0,0,0,0,0,0,0,0,0,0,0,0,0,0,0,0,0,0,0,0,0,0,0,0,0,0,0,0,0,0,0,0,0,0,0,0,0,0,0,0,0,0,0,0,0,0,0,0,0,0,0,0,0,0,0,0,0,0,0,0,0,0,0,0,0,0,0,0,0,0,0,0,0,0,0,0,0,0,0,0,0,0,0,0,0,0,0,0,0,0,0,0,0,0,0,0,0,0,0,0,0,0,0,0,0,0,0,0,0,0,0,0,0,0,0,0,0,0,0,0,0,0,0,0,0,0,0,0,0,0,0,0,0,0,0,0,0,0,0
4060,4060,4260,4392,4320,4189,3888,4234,3723,4332,4560,4914,4851,4851,5135,5265,5280,5494,5561,5712,6106,6035,6106,6264,6408,6408,6586,7050,7296,7644,7840,7900,8343,8343,8424,8964,9858,9265,9570,9570,10101,10283,10465,10556,11328,11712,13161,12028,12375,13000,13650,13860,14445,14385,15151,15792,16046,16905,17052,18054,18172,18755,19680,20250,20992,21801,22836,23760,25060,26169,27216,28800,30400,32136,32136,33867,34720,36795,39904,40185,43983,45880,48059,52136,55550,58504,62160,68138,70691,74100,81528,88179,95347,103596,111780,121836,133653,147894,163680,182869,205712,233642,263525,300321,351107,400246,463540,546271,639180,672343,681120,659186,636852,614940,588846,553175,511024,452525,369075,265932,129168,0,0,0,0,0,0,0,0,0,0,0,0,0,0,0,0,0,0,0,0,0,0,0,0,0,0,0,0,0,0,0,0,0,0,0,0,0,0,0,0,0,0,0,0,0,0,0,0,0,0,0,0,0,0,0,0,0,0,0,0,0,0,0,0,0,0,0,0,0,0,0,0,0,0,0,0,0,0,0,0,0,0,0,0,0,0,0,0,0,0,0,0,0,0,0,0,0,0,0,0,0,0,0,0,0,0,0,0,0,0,0,0,0,0,0,0,0,0,0,0,0,0,0,0,0,0,0,0,0,0,0,0,0,0,0,0,0,0,0,0,0,0,0,0,0,0,0,0
1288,1242,1196,1222,1363,1363,1457,1584,1551,1551,1584,1551,1488,1519,1550,1550,1581,1716,1716,1683,1683,1820,1855,1836,1890,1870,1925,2072,1960,1925,2016,1995,2088,2204,2320,2623,2880,3111,3100,3528,3640,3762,3933,3933,4002,4071,4260,4260,4320,4248,4392,4526,4526,4662,4800,4725,4864,4864,4940,5070,5293,5346,5427,5561,5950,6106,5880,6177,6192,6750,7161,7332,7410,7584,8383,8282,9222,9116,9504,9592,9990,10080,10556,10881,11040,11737,12028,12152,12474,13130,13493,13755,14445,14445,15369,15400,16272,16758,17784,18088,19592,20447,21414,21414,22008,23048,24426,24978,26128,27405,28371,29502,31620,33440,34668,37018,38420,40368,42781,45695,47685,50373,55013,62752,62565,67184,73227,78778,83692,90321,100392,108584,119480,129900,144412,160839,179010,200910,228520,258130,295260,340062,400624,472008,565011,686868,744600,732349,715728,701395,685536,660912,631944,589374,530370,443340,332310,160908,0,0,0,0,0,0,0,0,0,0,0,0,0,0,0,0,0,0,0,0,0,0,0,0,0,0,0,0,0,0,0,0,0,0,0,0,0,0,0,0,0,0,0,0,0,0,0,0,0,0,0,0,0,0,0,0,0,0,0,0,0,0,0,0,0,0,0,0,0,0,0,0,0,0,0,0,0,0,0,0,0,0,0,0,0,0,0,0,0,0,0,0,0,0,0,0,0,0,0,0,0,0,0,0,0,0,0,0,0,0,0
1598,1598,1598,1518,1824,1824,2340,2268,2470,3876,4130,4473,4464,4672,5082,5226,5226,5226,5293,5520,5589,5670,5810,5893,6586,7663,7821,7920,8160,8383,8549,8736,8840,9116,9116,9612,10101,11400,10925,11092,12257,13530,13161,12625,13081,13803,14256,14364,15096,15820,16100,16992,17760,18271,18666,19468,20034,20898,21450,22680,25239,26718,27342,31959,32960,34768,36792,38579,41296,44160,46248,51657,54648,57057,60990,65858,70840,75992,81648,90270,98790,107753,118900,130333,145464,161990,183180,209412,238000,277564,323631,380016,455104,545020,665896,763620,755608,743712,726144,712642,685418,655931,610900,531658,426870,280722,72116,0,0,0,0,0,0,0,0,0,0,0,0,0,0,0,0,0,0,0,0,0,0,0,0,0,0,0,0,0,0,0,0,0,0,0,0,0,0,0,0,0,0,0,0,0,0,0,0,0,0,0,0,0,0,0,0,0,0,0,0,0,0,0,0,0,0,0,0,0,0,0,0,0,0,0,0,0,0,0,0,0,0,0,0,0,0,0,0,0,0,0,0,0,0,0,0,0,0,0,0,0,0,0,0,0,0,0,0,0,0,0,0,0,0,0,0,0,0,0,0,0,0,0,0,0,0,0,0,0,0,0,0,0,0,0,0,0,0,0,0,0,0,0,0,0,0,0,0,0,0,0,0,0,0,0,0,0,0,0,0,0,0
1276,1276,1218,1232,1518,1584,1426,1472,1504,1584,1750,1666,1800,1715,1617,1617,1750,1536,1680,2014,2173,2214,2310,2420,2385,2530,2376,2420,2279,2475,2576,2668,2679,2679,2784,2773,2773,2891,2832,2891,2880,2714,2745,2806,2501,2646,3087,2730,3149,3312,3430,3710,3692,4189,3780,3780,5346,5330,5184,5184,5628,5695,5934,5848,5934,6052,6230,6532,6674,6674,7056,7081,7326,7252,7650,7752,8034,8216,8374,8910,9020,8910,9348,9576,9976,10353,10560,11070,11684,12032,12576,13464,13699,14144,14734,14946,15552,16280,16912,18290,18802,19803,20130,21080,21844,22352,23842,24790,25650,26384,27661,30096,31030,32264,34048,35724,37524,40425,42926,45845,49594,51223,54498,59170,64521,69806,74736,81675,87170,95832,104580,114668,126862,139568,155100,172700,192390,216528,246790,283286,329724,355152,369750,377010,380190,380072,289602,245025,223767,187550,143500,77284,0,0,0,0,0,0,0,0,0,0,0,0,0,0,0,0,0,0,0,0,0,0,0,0,0,0,0,0,0,0,0,0,0,0,0,0,0,0,0,0,0,0,0,0,0,0,0,0,0,0,0,0,0,0,0,0,0,0,0,0,0,0,0,0,0,0,0,0,0,0,0,0,0,0,0,0,0,0,0,0,0,0,0,0,0,0,0,0,0,0,0,0,0,0,0,0,0,0,0,0,0,0,0,0,0,0,0,0,0,0,0,0,0,0,0,0,0
1395,1485,2091,2193,2150,2491,2646,2695,2688,2900,3009,2950,2891,2280,2320,2419,2340,2318,2542,2232,2268,2394,2583,3366,3445,3894,4012,4012,4080,4200,4340,4473,4453,4464,4588,4725,4875,4940,5226,5159,5214,5440,5520,5740,5658,5880,6177,6120,6424,6497,6497,6570,6900,7125,7238,7315,7488,7410,7742,8181,8181,8181,8632,9288,9680,9680,10192,10672,10974,11280,11210,11956,12400,13081,13755,14606,15255,15456,16497,16675,17316,17969,18942,19656,20608,21648,22378,25060,25740,27156,28992,30141,32118,34230,36456,38133,41118,43554,47120,49841,52402,57339,64824,67123,72135,79348,86403,95004,105875,116688,128271,146740,164640,188116,216192,251517,297472,351384,422400,507678,635927,756840,743967,722638,712220,691420,659034,622265,555282,459592,319390,112359,0,0,0,0,0,0,0,0,0,0,0,0,0,0,0,0,0,0,0,0,0,0,0,0,0,0,0,0,0,0,0,0,0,0,0,0,0,0,0,0,0,0,0,0,0,0,0,0,0,0,0,0,0,0,0,0,0,0,0,0,0,0,0,0,0,0,0,0,0,0,0,0,0,0,0,0,0,0,0,0,0,0,0,0,0,0,0,0,0,0,0,0,0,0,0,0,0,0,0,0,0,0,0,0,0,0,0,0,0,0,0,0,0,0,0,0,0,0,0,0,0,0,0,0,0,0,0,0,0,0,0,0,0,0,0,0,0
1066,1204,1161,1204,1290,1333,1376,1419,1496,1386,1364,1215,1305,1334,1334,1316,1242,1344,1519,1715,1800,2193,2295,1785,2000,2288,1683,1617,2016,2850,3009,3016,2907,2891,3050,2460,2604,2394,2520,2940,3328,3402,3520,3564,3536,3657,3850,3816,4070,3960,4161,4425,4560,4680,4819,4914,5265,5561,5610,5590,5934,6003,8099,6230,7110,7110,7742,8200,8200,7956,8112,9010,8856,9020,9804,9918,10092,10710,10710,11102,11875,11970,12740,12936,13167,13974,14560,15444,16206,17400,17980,19520,20500,21042,21924,22575,24120,25024,26740,27974,30636,32340,33852,35680,38794,40080,41990,45056,49950,54144,57918,66144,69230,75488,82005,92365,102168,112980,127680,141075,162371,182910,209559,246015,291480,349299,408660,463584,493920,520208,531245,489711,377610,324277,286184,221030,103040,0,0,0,0,0,0,0,0,0,0,0,0,0,0,0,0,0,0,0,0,0,0,0,0,0,0,0,0,0,0,0,0,0,0,0,0,0,0,0,0,0,0,0,0,0,0,0,0,0,0,0,0,0,0,0,0,0,0,0,0,0,0,0,0,0,0,0,0,0,0,0,0,0,0,0,0,0,0,0,0,0,0,0,0,0,0,0,0,0,0,0,0,0,0,0,0,0,0,0,0,0,0,0,0,0,0,0,0,0,0,0,0,0,0,0,0,0,0,0,0,0,0,0,0,0,0,0,0,0,0,0,0
936,960,1025,1066,1092,1092,1204,1161,1080,1080,1176,1215,1288,1350,1440,1961,1961,1944,2530,2585,2640,2688,2800,2632,2907,3402,3432,3762,3944,3685,3876,3740,3864,4118,4248,4453,4514,4650,4575,4650,5148,5148,5360,5427,5796,5780,6160,6319,6230,6461,6300,6696,6716,7008,7392,7600,7524,7979,8446,8610,8715,9265,9790,10057,11136,11305,11495,11808,12600,12625,13566,14008,14904,15290,15984,17316,17936,18600,19680,20664,21877,23048,25060,25480,27930,28712,31262,32186,34668,37742,39546,42834,45933,49256,53932,59450,63630,73590,78078,87108,98919,110970,124416,141066,163672,190990,225995,267904,322340,394416,482325,601596,651105,644583,613104,575640,526451,464913,368351,234684,51809,0,0,0,0,0,0,0,0,0,0,0,0,0,0,0,0,0,0,0,0,0,0,0,0,0,0,0,0,0,0,0,0,0,0,0,0,0,0,0,0,0,0,0,0,0,0,0,0,0,0,0,0,0,0,0,0,0,0,0,0,0,0,0,0,0,0,0,0,0,0,0,0,0,0,0,0,0,0,0,0,0,0,0,0,0,0,0,0,0,0,0,0,0,0,0,0,0,0,0,0,0,0,0,0,0,0,0,0,0,0,0,0,0,0,0,0,0,0,0,0,0,0,0,0,0,0,0,0,0,0,0,0,0,0,0,0,0,0,0,0,0,0,0,0,0,0,0,0
1064,1066,1134,1125,1334,1536,1632,1632,1536,1764,1519,1504,1600,1785,2052,2214,2850,2856,2958,2907,3009,3009,2900,2596,2773,2940,3328,3038,3392,3510,3315,3520,3498,3551,3752,3864,3920,3920,4307,4380,4440,4425,4620,4636,4774,4788,4851,5265,5330,5494,5628,5712,5848,6160,6408,6480,6497,6956,6975,7372,7372,7900,8000,8528,8424,8774,9265,9350,9944,10440,10948,11253,11780,12222,12969,13130,13770,14840,15301,16206,16837,17595,19080,20250,21580,23048,23936,24978,26180,28420,31257,32760,34503,37408,39010,42525,46848,49742,54015,64480,66836,71383,78318,89915,99715,112614,127749,148049,171495,200122,234240,282240,343445,421498,521730,579828,610368,582108,543069,481060,420420,338240,208947,0,0,0,0,0,0,0,0,0,0,0,0,0,0,0,0,0,0,0,0,0,0,0,0,0,0,0,0,0,0,0,0,0,0,0,0,0,0,0,0,0,0,0,0,0,0,0,0,0,0,0,0,0,0,0,0,0,0,0,0,0,0,0,0,0,0,0,0,0,0,0,0,0,0,0,0,0,0,0,0,0,0,0,0,0,0,0,0,0,0,0,0,0,0,0,0,0,0,0,0,0,0,0,0,0,0,0,0,0,0,0,0,0,0,0,0,0,0,0,0,0,0,0,0,0,0,0,0,0,0,0,0,0,0,0,0,0,0,0,0,0,0,0,0,0,0
1092,1026,1120,1080,1107,1120,1040,1080,1176,1260,1288,1410,1440,1488,1632,1650,1650,1800,1976,2544,2484,2850,3060,3060,3224,2900,2950,2940,2728,3200,2457,2898,3264,3498,3618,3864,3876,3876,3990,4060,4392,4526,4725,4650,4712,4928,5040,5120,5200,5628,5494,5762,6141,6319,6390,6552,6532,6975,9603,8118,8262,8736,9374,9592,10192,10509,11136,11305,11931,11931,12672,13464,14040,14628,15620,16352,17284,18290,18644,20172,21504,22876,24523,25715,27504,30704,31518,34344,36186,38744,42768,46665,50274,54405,63135,66340,73696,82364,93623,107067,122120,140910,165312,196900,230784,278216,350150,425196,539600,597618,615015,577185,535092,466560,392250,276024,107046,0,0,0,0,0,0,0,0,0,0,0,0,0,0,0,0,0,0,0,0,0,0,0,0,0,0,0,0,0,0,0,0,0,0,0,0,0,0,0,0,0,0,0,0,0,0,0,0,0,0,0,0,0,0,0,0,0,0,0,0,0,0,0,0,0,0,0,0,0,0,0,0,0,0,0,0,0,0,0,0,0,0,0,0,0,0,0,0,0,0,0,0,0,0,0,0,0,0,0,0,0,0,0,0,0,0,0,0,0,0,0,0,0,0,0,0,0,0,0,0,0,0,0,0,0,0,0,0,0,0,0,0,0,0,0,0,0,0,0,0,0,0,0,0,0,0,0,0,0,0,0,0
735,735,936,999,999,999,999,1026,1064,1026,1014,988,1040,1230,1200,1120,1230,1230,1344,1496,1333,1290,1376,1452,1408,1364,1302,1247,1247,1276,1276,1305,1316,1421,1600,1750,1700,1632,1650,1568,1734,2014,2385,2700,2800,2800,2907,3068,3016,3009,3180,3068,3120,2832,2460,2196,3136,2646,3366,3819,3876,3740,3618,3933,4260,4260,4200,4575,4650,4940,4928,4992,5412,5412,5494,6020,6020,6160,6090,6408,6624,6882,7275,7296,7722,8100,8692,8904,9396,9768,9944,10440,11040,11253,12125,12800,13130,13802,14796,15478,16206,17135,18172,18960,20049,21414,22914,25020,25900,27504,30552,31930,34668,36450,39780,43610,47545,50572,58667,62491,74456,77847,89052,99456,115640,132016,156492,181632,221742,265972,326880,410060,519649,616620,644166,607884,568808,512442,441025,324753,150742,0,0,0,0,0,0,0,0,0,0,0,0,0,0,0,0,0,0,0,0,0,0,0,0,0,0,0,0,0,0,0,0,0,0,0,0,0,0,0,0,0,0,0,0,0,0,0,0,0,0,0,0,0,0,0,0,0,0,0,0,0,0,0,0,0,0,0,0,0,0,0,0,0,0,0,0,0,0,0,0,0,0,0,0,0,0,0,0,0,0,0,0,0,0,0,0,0,0,0,0,0,0,0,0,0,0,0,0,0,0,0,0,0,0,0,0,0,0,0,0,0,0,0,0,0,0,0,0
720,720,735,735,792,874,814,814,792,814,836,760,819,798,836,819,836,858,880,943,966,1075,1050,1204,1134,1204,1161,1204,1320,1305,1288,1242,1392,1421,1440,1519,1519,1470,1617,1785,1908,1908,2014,1674,1674,1650,1792,2090,2408,2200,2508,2726,4012,4071,4200,4514,4526,4588,4712,4928,5070,5280,5265,5330,5644,5796,6035,6424,6497,6750,7084,7410,7566,8160,8080,8904,8964,8988,9288,9632,10260,10738,11590,12028,12700,13287,13992,14904,15873,17020,17850,19032,19680,20916,22440,23584,25620,27550,29898,32548,35310,37687,40655,44280,50180,55216,60979,68992,76657,85644,101413,115140,133623,154872,185152,225038,287300,352573,446424,589870,759616,768840,737748,695408,638928,534400,364010,93810,0,0,0,0,0,0,0,0,0,0,0,0,0,0,0,0,0,0,0,0,0,0,0,0,0,0,0,0,0,0,0,0,0,0,0,0,0,0,0,0,0,0,0,0,0,0,0,0,0,0,0,0,0,0,0,0,0,0,0,0,0,0,0,0,0,0,0,0,0,0,0,0,0,0,0,0,0,0,0,0,0,0,0,0,0,0,0,0,0,0,0,0,0,0,0,0,0,0,0,0,0,0,0,0,0,0,0,0,0,0,0,0,0,0,0,0,0,0,0,0,0,0,0,0,0,0,0,0,0,0,0,0,0,0,0,0,0,0,0,0,0
527,480,714,805,770,836,798,798,836,851,760,740,858,920,943,902,943,1025,1008,1008,1092,1075,1100,1144,1232,1144,1125,1410,1457,1632,1488,1584,1584,1550,1632,1612,1696,1664,1782,1960,1904,2072,2128,1980,2223,2204,2340,2360,2460,2745,4200,4340,4464,4875,4940,5082,5360,5589,5644,5865,6035,6336,6660,6916,6992,7410,7488,7663,8181,8262,8715,8988,9520,9944,10374,10974,11520,12348,13056,13755,14766,15984,16611,17700,18600,19557,21000,22572,23895,25715,27840,30753,33760,35259,39950,42960,45793,50806,61610,66220,75400,85956,99530,113766,131537,154717,185856,229899,296361,371722,485147,654840,783018,749250,713175,663200,574360,422400,167736,1406,1482,1880,2200,2145,2400,0,0,0,0,0,0,0,0,0,0,0,0,0,0,0,0,0,0,0,0,0,0,0,0,0,0,0,0,0,0,0,0,0,0,0,0,0,0,0,0,0,0,0,0,0,0,0,0,0,0,0,0,0,0,0,0,0,0,0,0,0,0,0,0,0,0,0,0,0,0,0,0,0,0,0,0,0,0,0,0,0,0,0,0,0,0,0,0,0,0,0,0,0,0,0,0,0,0,0,0,0,0,0,0,0,0,0,0,0,0,0,0,0,0,0,0,0,0,0,0,0,0,0,0,0,0,0,0,0,0,0,0,0,0,0,0,0,0,0,0,0,0,0,0
777,740,720,684,720,874,798,798,858,1000,1000,984,943,1008,1008,1008,1075,1080,1100,1150,1175,1269,1334,1392,1568,1470,1488,1440,1666,1800,1750,1734,1924,1924,1890,2072,2184,2088,2166,2204,2714,2806,2418,4140,4526,4650,4864,5005,5293,5508,5576,5865,6192,6264,6336,6825,6975,7238,7392,7623,8080,8343,8715,9072,9546,10120,10620,11132,11685,12125,13158,14522,15510,15950,17020,18326,19520,21125,21632,24030,25806,28130,30502,32760,36512,38744,43610,46956,57084,61530,67890,78390,90827,105300,122112,144926,173040,215625,273650,348069,451668,610164,733978,712096,666050,593290,495446,309624,0,0,0,0,0,0,0,0,0,0,0,0,0,0,0,0,0,0,0,0,0,0,0,0,0,0,0,0,0,0,0,0,0,0,0,0,0,0,0,0,0,0,0,0,0,0,0,0,0,0,0,0,0,0,0,0,0,0,0,0,0,0,0,0,0,0,0,0,0,0,0,0,0,0,0,0,0,0,0,0,0,0,0,0,0,0,0,0,0,0,0,0,0,0,0,0,0,0,0,0,0,0,0,0,0,0,0,0,0,0,0,0,0,0,0,0,0,0,0,0,0,0,0,0,0,0,0,0,0,0,0,0,0,0,0,0,0,0,0,0,0,0,0,0,0,0,0,0,0,0,0,0,0,0,0,0,0,0,0,0,0
777,880,861,924,924,924,924,902,880,902,902,943,943,960,1050,1075,1161,1161,1144,1215,1288,1316,1421,1457,1550,1632,1734,1820,1855,1890,1749,1802,1870,1960,1980,2128,2166,2478,2460,2318,2562,2318,2665,2795,4725,4851,4940,5005,5200,5494,5796,6035,6120,6586,6900,6975,7488,7742,7920,8632,8568,8881,9744,9744,10170,10738,11305,12375,13029,14175,14796,15651,16905,18207,19592,20828,22139,23936,25760,27170,30049,32970,36300,39672,43254,48059,53929,61904,69440,80444,94170,112970,131199,157768,190629,242804,323950,406335,550304,770185,789268,749046,704184,626796,482768,230388,0,0,0,0,0,0,0,0,0,0,0,0,0,0,0,0,0,0,0,0,0,0,0,0,0,0,0,0,0,0,0,0,0,0,0,0,0,0,0,0,0,0,0,0,0,0,0,0,0,0,0,0,0,0,0,0,0,0,0,0,0,0,0,0,0,0,0,0,0,0,0,0,0,0,0,0,0,0,0,0,0,0,0,0,0,0,0,0,0,0,0,0,0,0,0,0,0,0,0,0,0,0,0,0,0,0,0,0,0,0,0,0,0,0,0,0,0,0,0,0,0,0,0,0,0,0,0,0,0,0,0,0,0,0,0,0,0,0,0,0,0,0,0,0,0,0,0,0,0,0,0,0,0,0,0,0,0,0,0,0,0,0,0
640,627,627,627,756,777,814,874,851,874,836,858,880,819,840,902,966,1032,1056,1008,1100,1215,1410,1380,1440,1344,1519,1581,1550,1530,1782,1782,1960,1972,1947,3300,3657,4662,5082,5360,5360,5427,5658,6035,6264,6675,6992,7392,7488,7760,7821,8446,8610,9072,9374,9968,10620,11305,12028,12446,13158,14552,15933,17110,18240,18997,20375,21970,23316,25803,28032,30704,34080,35640,40655,45318,50759,56637,65618,73094,85854,104013,121220,144585,177330,220414,287324,382280,510632,728728,792275,754245,702464,625350,459264,164640,1118,1150,0,0,0,0,0,0,0,0,0,0,0,0,0,0,0,0,0,0,0,0,0,0,0,0,0,0,0,0,0,0,0,0,0,0,0,0,0,0,0,0,0,0,0,0,0,0,0,0,0,0,0,0,0,0,0,0,0,0,0,0,0,0,0,0,0,0,0,0,0,0,0,0,0,0,0,0,0,0,0,0,0,0,0,0,0,0,0,0,0,0,0,0,0,0,0,0,0,0,0,0,0,0,0,0,0,0,0,0,0,0,0,0,0,0,0,0,0,0,0,0,0,0,0,0,0,0,0,0,0,0,0,0,0,0,0,0,0,0,0,0,0,0,0,0,0,0,0,0,0,0,0,0,0,0,0,0,0,0,0,0,0,0,0,0,0,0,0,0,0,0,0
576,576,693,759,759,816,816,816,748,770,756,760,777,777,777,777,836,874,874,960,1000,1092,943,960,960,960,960,1008,1008,1008,1056,1056,1100,1196,1104,1196,1334,1440,1421,1470,1530,1508,1479,1484,1484,1590,1620,1696,1802,1890,1836,2016,1995,2065,2088,3604,4189,4599,4884,5148,5508,5893,6120,6525,6424,6825,7238,7332,7584,8019,8262,8446,9095,9374,9856,10350,10647,11590,12524,13260,14204,15318,17110,18000,19716,21120,22044,24112,25521,28077,30447,33390,37400,40716,47000,51870,59640,73312,78778,92880,110262,132065,160800,201047,256055,349101,464784,666554,849438,817758,787355,723472,597534,333333,0,0,0,0,0,0,0,0,0,0,0,0,0,0,0,0,0,0,0,0,0,0,0,0,0,0,0,0,0,0,0,0,0,0,0,0,0,0,0,0,0,0,0,0,0,0,0,0,0,0,0,0,0,0,0,0,0,0,0,0,0,0,0,0,0,0,0,0,0,0,0,0,0,0,0,0,0,0,0,0,0,0,0,0,0,0,0,0,0,0,0,0,0,0,0,0,0,0,0,0,0,0,0,0,0,0,0,0,0,0,0,0,0,0,0,0,0,0,0,0,0,0,0,0,0,0,0,0,0,0,0,0,0,0,0,0,0,0,0,0,0,0,0,0,0,0,0,0,0,0,0,0,0,0,0
558,589,700,680,840,792,756,814,798,836,798,836,874,814,874,897,897,943,966,1008,1144,1100,1100,1075,1100,1144,1150,1288,1363,1288,1248,1222,1344,1400,1612,1560,1537,1836,1848,1815,1848,2223,2160,2405,3149,4526,5016,5346,5576,5880,6035,6090,6497,6916,7161,7488,7840,8118,8383,8820,9180,9657,10235,10829,11374,12375,12672,13832,14904,16272,18000,19750,20000,21580,23142,25340,27930,30552,33441,35520,41238,46065,50806,63840,71505,76657,93138,108625,130800,161020,200568,261250,353800,464646,669879,802262,768273,719577,640294,475115,156600,0,0,0,0,0,0,0,0,0,0,0,0,0,0,0,0,0,0,0,0,0,0,0,0,0,0,0,0,0,0,0,0,0,0,0,0,0,0,0,0,0,0,0,0,0,0,0,0,0,0,0,0,0,0,0,0,0,0,0,0,0,0,0,0,0,0,0,0,0,0,0,0,0,0,0,0,0,0,0,0,0,0,0,0,0,0,0,0,0,0,0,0,0,0,0,0,0,0,0,0,0,0,0,0,0,0,0,0,0,0,0,0,0,0,0,0,0,0,0,0,0,0,0,0,0,0,0,0,0,0,0,0,0,0,0,0,0,0,0,0,0,0,0,0,0,0,0,0,0,0,0,0,0,0,0,0,0,0,0,0,0,0,0,0,0,0,0,0
561,612,630,646,684,684,684,665,665,770,714,828,851,888,888,735,756,740,740,777,819,798,858,984,943,989,1025,1260,1188,1290,1320,1320,1232,1350,1410,1457,1440,1470,1700,1666,1568,1600,1683,1632,1632,1560,1696,1836,1944,1980,2109,2867,3150,3213,2976,3315,3696,3864,3819,3876,4002,4248,4514,4514,4851,4914,5056,5412,5330,5395,5762,6210,6370,6789,6768,7650,7372,8058,8216,8938,9918,10502,11253,11408,12480,13200,14008,15301,16280,17628,19040,20832,23009,25024,26740,29376,32436,36000,39984,44352,50034,55296,66126,75825,87846,103600,123078,150552,188993,242022,326524,422343,586586,642408,613634,483610,394695,230736,0,0,0,0,0,0,0,0,0,0,0,0,0,0,0,0,0,0,0,0,0,0,0,0,0,0,0,0,0,0,0,0,0,0,0,0,0,0,0,0,0,0,0,0,0,0,0,0,0,0,0,0,0,0,0,0,0,0,0,0,0,0,0,0,0,0,0,0,0,0,0,0,0,0,0,0,0,0,0,0,0,0,0,0,0,0,0,0,0,0,0,0,0,0,0,0,0,0,0,0,0,0,0,0,0,0,0,0,0,0,0,0,0,0,0,0,0,0,0,0,0,0,0,0,0,0,0,0,0,0,0,0,0,0,0,0,0,0,0,0,0,0,0,0,0,0,0,0,0,0,0
700,720,720,770,814,782,770,792,777,836,836,814,814,760,760,836,943,1025,1025,1092,1161,1161,1232,1334,1305,1276,1380,1410,1344,1344,1683,1650,1872,1666,2250,2385,1872,2052,1782,1998,1870,1995,2773,2820,2360,3150,3111,3520,3819,3752,3876,4060,4176,4118,4366,4636,4851,4992,5412,5796,5934,6248,6497,6696,7238,7469,7920,8160,8881,9350,10005,10413,10948,11780,12288,13068,14214,15087,16206,18018,19320,21463,22880,25296,27936,30488,33852,37620,42630,47580,54126,61500,70200,84960,100362,119262,144960,184280,239232,313059,423152,503532,551922,476580,348255,267910,67860,0,0,0,0,0,0,0,0,0,0,0,0,0,0,0,0,0,0,0,0,0,0,0,0,0,0,0,0,0,0,0,0,0,0,0,0,0,0,0,0,0,0,0,0,0,0,0,0,0,0,0,0,0,0,0,0,0,0,0,0,0,0,0,0,0,0,0,0,0,0,0,0,0,0,0,0,0,0,0,0,0,0,0,0,0,0,0,0,0,0,0,0,0,0,0,0,0,0,0,0,0,0,0,0,0,0,0,0,0,0,0,0,0,0,0,0,0,0,0,0,0,0,0,0,0,0,0,0,0,0,0,0,0,0,0,0,0,0,0,0,0,0,0,0,0,0,0,0,0,0,0,0,0,0,0,0,0,0,0,0,0,0
704,720,735,700,700,700,756,740,814,814,798,874,828,874,897,920,858,858,897,920,966,966,1075,1092,1161,1056,1125,1260,1175,1222,1274,1350,1326,1350,1500,1632,1683,1820,1872,2035,2184,2109,2610,2784,2352,3245,3233,3294,3402,3712,4130,4260,4392,4453,4725,4928,4774,5265,5412,5676,6160,6716,6808,7505,7663,8100,8670,8904,9435,10738,11316,12222,12740,13770,14980,16498,17784,19320,21336,23674,25296,27406,30694,34344,38976,43966,48208,55948,65604,76257,90768,112056,137712,170134,223020,302220,410636,551954,619020,565360,475622,360218,137431,0,0,0,0,0,0,0,0,0,0,0,0,0,0,0,0,0,0,0,0,0,0,0,0,0,0,0,0,0,0,0,0,0,0,0,0,0,0,0,0,0,0,0,0,0,0,0,0,0,0,0,0,0,0,0,0,0,0,0,0,0,0,0,0,0,0,0,0,0,0,0,0,0,0,0,0,0,0,0,0,0,0,0,0,0,0,0,0,0,0,0,0,0,0,0,0,0,0,0,0,0,0,0,0,0,0,0,0,0,0,0,0,0,0,0,0,0,0,0,0,0,0,0,0,0,0,0,0,0,0,0,0,0,0,0,0,0,0,0,0,0,0,0,0,0,0,0,0,0,0,0,0,0,0,0,0,0,0,0,0,0,0,0,0,0,0
672,680,680,714,720,714,714,735,756,756,748,714,782,782,851,798,798,798,874,836,920,984,1008,1075,1118,1161,1247,1218,1247,1276,1276,1350,1276,1196,1269,1344,1862,1750,1800,1785,1938,2491,2376,2332,2552,2337,1938,2378,2088,2940,3120,3402,3630,3685,4060,3933,4047,4189,4440,3996,4712,5135,5427,5576,5880,6160,6789,7546,7742,8528,9095,9156,10146,11374,11780,12288,13534,14595,15696,17063,18564,20418,22188,24888,27406,30488,34069,38243,43400,48576,59479,66992,76840,92752,113152,139464,180154,237776,316388,443392,517914,543750,399415,325108,180072,2200,2226,2924,3182,3354,3440,3696,3956,3690,3854,4018,3854,3813,3705,3315,0,0,0,0,0,0,0,0,0,0,0,0,0,0,0,0,0,0,0,0,0,0,0,0,0,0,0,0,0,0,0,0,0,0,0,0,0,0,0,0,0,0,0,0,0,0,0,0,0,0,0,0,0,0,0,0,0,0,0,0,0,0,0,0,0,0,0,0,0,0,0,0,0,0,0,0,0,0,0,0,0,0,0,0,0,0,0,0,0,0,0,0,0,0,0,0,0,0,0,0,0,0,0,0,0,0,0,0,0,0,0,0,0,0,0,0,0,0,0,0,0,0,0,0,0,0,0,0,0,0,0,0,0,0,0,0,0,0,0,0,0,0,0,0,0,0,0,0,0
2295,2340,2385,2385,2288,2288,2279,2385,2430,2484,2484,2438,2491,2592,2640,2744,2688,2688,2744,2695,2736,2736,2793,2832,2950,2958,2958,3009,3060,3172,3060,3009,2958,3068,3172,3224,3224,3224,3224,3339,3328,3445,3392,3224,3286,3465,3685,3685,3752,3864,3933,3864,3933,3933,4060,4002,4071,4071,4260,4402,4402,4260,4248,4380,4588,4514,4588,4650,4514,4725,4864,4940,4864,5226,5226,5360,5372,5440,5440,5494,5644,5727,5865,6090,5950,6106,6177,6497,6808,6808,6825,6992,7068,7332,7410,7488,7566,7584,7760,7920,8282,8200,8364,8282,8364,8528,8692,8904,8988,9180,9265,9504,9879,10283,10350,10465,10856,10764,10881,11210,11374,11685,11808,12319,12544,12672,12900,13362,14124,14310,14796,15042,15042,15540,15792,16385,16644,16986,17020,17784,18207,18997,19557,20250,20375,20625,21376,22360,22794,23275,23852,24165,25620,26884,27695,28324,29700,30447,31570,32760,33867,34720,35752,37848,39100,39270,41712,43497,45136,48573,49020,51940,56840,56434,60844,63425,66440,69525,73370,78153,82960,86652,92416,96492,101781,108800,115506,124128,130830,143993,155043,168324,179892,196707,213651,237120,258323,281987,312176,348381,393009,439296,502112,572460,662308,735490,779760,820153,852225,836000,832371,815442,817116,790251,752557,711504,657270,576430,475200,368480,241635,0,0,0,0,0,0,0,0,0,0,0,0,0,0,0,0,0,0,0,0,0,0,0,0,0,0,0,0,0,0,0,0,0,0,0,0,0,0,0,0,0,0,0,0,0,0,0,0
2530,2640,2538,2585,2679,2784,2842,2793,2907,2793,2958,3009,2958,2958,2950,3000,3111,3060,3060,3111,3224,3392,3402,3528,3456,3584,3575,3696,3575,3752,3705,3575,3630,3762,3886,4002,4140,3886,4071,4248,4392,4320,4307,4440,4514,4575,4575,4650,4774,4992,5135,5056,4992,5280,5561,5360,5440,5508,5576,5658,5727,5658,5822,5964,6106,6192,6248,6424,6570,6643,6882,7068,7144,7125,7200,7296,7469,7644,7900,8080,8080,8505,8240,8692,8798,8964,9047,9213,9690,9520,10032,10057,10440,10502,10738,10948,11374,11834,12250,12375,12800,13029,13965,13464,13905,14175,14385,14766,15510,15651,15805,16352,16872,17135,17818,18172,18526,19481,19642,19886,20750,21336,22401,23142,23800,24616,25668,26180,27027,27313,28908,30044,31518,32240,32550,34240,35520,37164,38180,40309,43120,43610,45069,47872,51379,53929,55044,58581,65317,63900,72135,71505,75725,79158,83627,88179,93980,99441,103885,111520,121550,130242,141834,151179,165158,175875,194503,206784,235460,255759,281732,311025,351120,389298,439110,497880,579150,658440,688857,726740,754290,788568,777925,769734,751568,746834,705942,670892,629272,563223,485961,396440,285760,162378,0,0,0,0,0,0,0,0,0,0,0,0,0,0,0,0,0,0,0,0,0,0,0,0,0,0,0,0,0,0,0,0,0,0,0,0,0,0,0,0,0,0,0,0,0,0,0,0,0,0,0,0,0,0,0,0,0,0,0,0,0,0,0,0,0,0,0,0,0,0,0,0,0,0,0
2346,2444,2392,2496,2491,2544,2597,2597,2484,2420,2520,2640,2695,2805,2800,3420,3135,3306,3135,3192,3186,3190,3481,3420,3300,3472,3596,3472,3402,3339,3465,3770,3705,3640,3762,3640,3630,3685,3808,3819,3876,3876,4002,4130,4071,4148,4270,4260,4331,4320,4392,4392,4526,4650,4650,4928,4864,4864,4940,5082,5226,5372,5440,5520,5451,5600,5751,5893,5822,5964,6048,6120,6364,6264,6497,6512,6675,6750,7068,7161,7332,7410,7488,7505,7584,7663,7938,7840,8019,8364,8549,8736,8925,9116,9095,9374,9592,9879,9990,10080,10488,10788,11092,11305,11834,12276,12700,12771,12800,13390,13493,13832,14416,14472,15042,15540,15933,16046,16614,17199,18029,18271,19032,19375,19592,20352,20701,21615,22211,23256,23838,24816,25597,26680,26970,27972,29143,30954,32640,33166,34020,35310,36624,39375,40762,42224,44215,46740,49022,50826,53732,57330,60134,63580,67424,71456,77031,82579,87123,93280,98280,106780,115527,123000,132370,143360,156912,171359,189070,207645,229824,254370,283386,320624,365066,418170,476268,556850,654192,769300,873974,935550,922410,924652,924131,921475,915814,913900,894505,865654,803816,710676,592911,452808,0,0,0,0,0,0,0,0,0,0,0,0,0,0,0,0,0,0,0,0,0,0,0,0,0,0,0,0,0,0,0,0,0,0,0,0,0,0,0,0,0,0,0,0,0,0,0,0,0,0,0,0,0,0,0,0,0,0,0,0,0,0,0,0,0,0,0,0,0,0,0,0,0,0,0
1716,1634,1672,1672,1755,1672,1840,1755,1794,1840,1880,1764,1750,1700,1750,2040,2279,2279,2236,2193,2184,2322,2376,2430,2430,2491,2585,2632,2585,2585,2585,2632,2736,2688,2793,2793,2900,2958,3009,2958,3000,3050,3111,3120,2950,3050,3060,3111,3150,3276,3276,3380,3432,3380,3510,3445,3392,3510,3564,3618,3564,3685,3976,3990,4118,4118,4060,4176,4176,4234,4425,4176,4307,4575,4560,4650,4697,4712,4851,4851,4992,5120,5200,5589,5658,5740,5880,5880,6035,5880,5934,5810,6264,6192,6408,6408,6480,6734,6956,7220,7220,7220,7392,7722,7700,7878,8216,8424,8610,8988,9072,9460,9657,9744,9831,9944,10146,10556,10881,11067,11495,11979,11979,12524,12600,12700,13029,13464,13433,13802,14280,14873,15369,15651,15904,16498,17433,17516,18326,18600,19154,19964,20664,21672,21672,23100,24208,24208,25071,26226,27313,28224,29550,29850,31620,33127,34240,34937,36795,38817,40655,42480,43254,45750,50688,52599,53929,60320,63288,65043,68328,71592,76050,80735,85156,90972,97384,103740,112056,120270,130977,142296,155204,166443,183885,202117,224910,249084,277722,310155,352470,396418,455163,529542,615772,717240,766500,814121,855097,847692,834521,824140,799750,765880,742082,672452,589645,475745,349680,208620,0,0,0,0,0,0,0,0,0,0,0,0,0,0,0,0,0,0,0,0,0,0,0,0,0,0,0,0,0,0,0,0,0,0,0,0,0,0,0,0,0,0,0,0,0,0,0,0,0,0,0,0,0,0,0,0,0,0,0
2156,2162,2162,2160,2160,2160,2160,2254,2254,2300,2392,2392,2392,2544,2438,2385,2491,2491,2592,2695,2695,2695,2805,2805,2750,2850,2850,2850,2800,2800,2958,2950,3009,2964,3074,3186,3172,3224,3224,3348,3339,3445,3339,3520,3648,3717,3648,3835,3828,3894,3953,3953,4012,4140,4340,4200,4270,4392,4453,4392,4453,4514,4712,4800,4800,5005,4928,5005,5159,5159,5226,5451,5460,5600,5530,5670,5880,5727,5964,6278,6525,6699,6776,6853,7110,7347,7347,7440,7600,7614,7872,7954,8036,8300,8585,8772,8858,9202,9222,9416,9701,9701,10010,10488,11092,11020,11328,11979,12177,12474,12700,13056,13287,14098,14552,15400,15429,15933,16675,17228,17550,18271,18910,20193,20320,21060,21746,22211,23427,23874,24780,25702,26352,27594,28416,30096,31724,33180,34182,35424,37180,40762,42770,44585,46248,48829,53328,54264,57266,61128,63656,67792,71990,79380,84168,91089,98644,104983,112398,123900,135216,148458,163611,179716,198114,223224,250084,281220,319933,371256,429324,499625,593621,707905,855657,945269,937818,935088,940625,933162,927276,923377,891435,856216,762850,632178,490542,0,0,0,0,0,0,0,0,0,0,0,0,0,0,0,0,0,0,0,0,0,0,0,0,0,0,0,0,0,0,0,0,0,0,0,0,0,0,0,0,0,0,0,0,0,0,0,0,0,0,0,0,0,0,0,0,0,0,0,0,0,0,0,0,0,0,0,0,0,0,0,0,0,0,0,0,0,0,0,0,0,0
2340,2340,2392,2444,2438,2438,2538,2592,2592,2444,2592,2695,2632,2793,2646,2907,2850,2907,2912,2800,2850,3016,3127,3180,3286,3339,3233,3339,3224,3294,3233,3348,3402,3465,3528,3648,3520,3705,3696,3819,3944,3944,4012,4130,4200,4270,4331,4464,4473,4464,4599,4608,4736,4800,4800,4864,5005,5226,5382,5451,5600,5822,5751,5751,5893,6132,6290,6375,6364,6364,6375,6688,6942,7020,7098,7520,7614,7626,7790,8051,8232,8400,8600,8686,8961,9152,9152,9434,9612,10010,10323,10602,10830,11115,11424,11858,12276,12750,13056,13624,14070,14338,15318,16074,16074,16472,17228,18000,19278,19530,20540,21120,22275,22879,23153,24220,24850,26208,26864,28012,28992,30845,31871,33810,35026,37230,39200,41040,43896,45308,48500,51657,58636,56576,60415,64602,67873,73085,79870,86946,93450,100284,107342,118800,131460,142560,158688,175778,196417,219620,247104,279594,319644,373700,434964,511291,618552,746162,923312,982365,973431,983232,985872,983774,981120,974736,969420,885472,773956,613376,442976,0,0,0,0,0,0,0,0,0,0,0,0,0,0,0,0,0,0,0,0,0,0,0,0,0,0,0,0,0,0,0,0,0,0,0,0,0,0,0,0,0,0,0,0,0,0,0,0,0,0,0,0,0,0,0,0,0,0,0,0,0,0,0,0,0,0,0,0,0,0,0,0,0,0,0,0,0,0,0,0,0,0,0,0,0,0,0,0,0,0,0,0,0,0,0,0,0,0
1748,1665,1710,1710,1800,1800,1974,1927,2016,2016,1968,1974,2156,2107,2064,2064,2107,2107,2150,2250,2150,2150,2150,2254,2300,2295,2392,2340,2444,2548,2385,2430,2484,2592,2646,2744,2688,2907,2907,3016,2907,2900,3000,2891,3060,3060,3172,3162,3162,3445,3392,3339,3456,3584,3465,3696,3630,3828,3828,4080,4148,4340,4402,4464,4464,4464,4588,4662,4662,4662,4800,4864,4928,5005,5293,5293,5372,5520,5520,5670,5589,5880,5964,6120,6424,6438,6750,6750,7084,7176,7268,7520,7680,7776,8036,8118,8400,8670,8840,8925,9309,9434,9879,10192,10304,10904,11115,11543,12054,12500,13184,13312,13728,14338,14580,15429,15820,16330,16936,18000,18544,19500,20034,20412,21580,21970,23048,24564,25560,26640,27636,28518,31059,31824,33858,35424,38363,40075,42300,45198,47628,50700,53400,56856,61190,66378,71760,78325,85428,92300,101728,110544,119428,133797,148392,167772,187516,210900,239785,274134,318744,372936,440199,531615,650502,801310,881172,885548,876548,873873,860455,845959,819557,745180,637908,490479,303996,0,0,0,0,0,0,0,0,0,0,0,0,0,0,0,0,0,0,0,0,0,0,0,0,0,0,0,0,0,0,0,0,0,0,0,0,0,0,0,0,0,0,0,0,0,0,0,0,0,0,0,0,0,0,0,0,0,0,0,0,0,0,0,0,0,0,0,0,0,0,0,0,0,0,0,0,0,0,0,0,0,0,0,0,0,0,0,0,0,0,0,0
806,1008,1116,1080,1110,1216,1209,1209,1178,1147,1147,1147,1184,1184,1216,1254,1287,1326,1287,1326,1287,1320,1248,1287,1326,1365,1365,1400,1400,1440,1435,1435,1435,1558,1517,1634,1596,1634,1628,1665,1710,1665,1628,1634,1584,1628,1794,1840,1800,1880,1900,2091,2100,2244,2279,2279,2430,2538,2484,2530,2520,2475,2576,2679,2679,2679,2679,2688,2900,3000,2900,2850,3009,2958,3060,3172,3286,3339,3294,3410,3416,3575,3640,3640,3575,3762,3696,3685,3990,4002,4060,3933,3933,4320,4260,4320,4320,4380,4636,4588,4928,4928,4928,5056,5135,5184,5200,5346,5561,5796,5796,5950,6278,6351,6351,6438,6675,6900,6975,6992,7144,7584,7760,7760,8058,8181,8446,8736,8798,8964,9350,9680,9968,10235,10440,10856,11160,11590,11931,12152,12474,13464,13534,14416,14552,14873,15228,15873,16724,17135,17936,18876,19520,20125,20828,21710,22968,23895,24840,25900,27550,28324,30954,31878,33180,35208,36520,38872,41360,42960,46250,48384,51216,54800,59640,65178,69235,74094,80102,86304,93184,101840,111879,123516,134547,152000,168170,190816,215250,244728,282808,326073,387590,453260,560263,672246,771658,843997,849329,837250,830130,809676,788920,730269,635902,502313,340816,0,0,0,0,0,0,0,0,0,0,0,0,0,0,0,0,0,0,0,0,0,0,0,0,0,0,0,0,0,0,0,0,0,0,0,0,0,0,0,0,0,0,0,0,0,0,0,0,0,0,0,0,0,0,0,0,0,0,0,0,0,0
1548,1548,1591,1548,1591,1665,1672,1794,1748,1886,1927,1920,1920,1833,1920,2016,2016,2107,2058,2100,2193,2244,2288,2392,2340,2346,2392,2385,2392,2340,2385,2430,2538,2491,2640,2744,2744,2646,2744,2912,2912,2805,3016,3306,3127,3132,3300,3068,3120,3410,3712,3472,3528,3584,3584,3575,3640,3752,3685,3876,3819,3886,3944,4118,4130,4464,4473,4608,4599,4810,4950,4875,4940,5236,5520,5451,5451,5609,5751,5904,6059,6142,6364,6278,6512,6750,6916,7084,7176,7426,7695,7776,7954,8134,8232,8568,8840,9416,9416,9768,10283,10170,10764,11232,11328,11858,12322,13158,13520,14204,14338,15290,16016,16445,16965,17760,18544,19625,20066,21060,21912,23048,24150,24797,25944,27594,28608,30338,32028,34556,35424,37518,40020,43680,46494,50372,53592,56170,61131,64746,71300,77675,85932,93984,103298,114336,126236,141510,158256,179520,204375,232830,266493,312332,373958,447321,544825,678198,829507,915176,898700,899246,888636,875154,852709,797877,688509,539815,340902,0,0,0,0,0,0,0,0,0,0,0,0,0,0,0,0,0,0,0,0,0,0,0,0,0,0,0,0,0,0,0,0,0,0,0,0,0,0,0,0,0,0,0,0,0,0,0,0,0,0,0,0,0,0,0,0,0,0,0,0,0,0,0,0,0,0,0,0,0,0,0,0,0,0,0,0,0,0,0,0,0,0,0,0,0,0,0,0,0,0,0,0,0,0,0,0,0,0,0,0
1634,1638,1591,1677,1760,1800,1800,1716,1720,1716,1665,1760,1720,1764,1974,2068,1980,2070,2200,2250,2300,2340,2392,2279,2268,2214,2268,2585,2592,2688,2744,2793,2907,2907,2850,3009,2900,3050,3060,3060,3224,3224,3224,3328,3328,3510,3456,3445,3445,3630,3864,3808,3944,3876,4002,4130,4260,4331,4464,4526,4588,4662,4851,4977,5214,5412,5265,5412,5478,5610,5865,6264,6160,6319,6461,6808,6825,7144,7068,7372,7821,8019,8262,8424,8881,9156,9265,9435,9944,10260,10764,11067,11253,11904,12446,12800,13000,13332,14144,14214,15052,15950,16800,17516,18172,18997,19840,21082,22230,23275,24570,25116,26410,29156,30704,31365,33598,35316,37968,40592,41412,45250,50424,53064,61065,62622,67320,72640,78960,85668,94116,104804,114816,127738,145390,162792,185220,211992,243952,284960,336591,404697,492882,610470,683820,735000,784448,763092,712332,679140,621726,523952,405588,234960,0,0,0,0,0,0,0,0,0,0,0,0,0,0,0,0,0,0,0,0,0,0,0,0,0,0,0,0,0,0,0,0,0,0,0,0,0,0,0,0,0,0,0,0,0,0,0,0,0,0,0,0,0,0,0,0,0,0,0,0,0,0,0,0,0,0,0,0,0,0,0,0,0,0,0,0,0,0,0,0,0,0,0,0,0,0,0,0,0,0,0,0,0,0,0,0,0,0,0,0,0,0,0,0,0,0,0,0,0,0,0,0,0,0,0
884,945,884,918,891,924,957,957,1020,990,1020,1088,1020,1085,1188,1152,1254,1188,1221,1184,1184,1292,1292,1292,1326,1365,1440,1476,1440,1400,1440,1548,1517,1480,1554,1677,1638,1591,1794,1794,1755,1800,1886,1960,2000,2009,2009,1960,2050,2100,2150,2156,2200,2200,2300,2250,2444,2484,2640,2632,2585,2585,2640,2632,2655,2622,2784,2832,2891,2950,3060,2900,3060,3180,3172,3392,3465,3696,3685,3696,3808,3752,3876,4002,4200,4189,4380,4453,4560,4575,4650,4788,4914,4992,5070,5005,5360,5360,5530,5670,5810,5950,6192,6408,6716,6734,6734,7238,7410,7410,7663,8019,8118,8632,8820,9095,9592,9968,10057,10374,10488,10764,11858,12400,12600,13416,13728,14552,14904,15792,16016,16936,17969,18876,19750,20193,21840,22704,24344,25159,26784,28518,29550,31465,33440,36239,38304,40136,44034,46500,49728,54471,60135,64680,70532,78480,85905,93758,103180,115747,129056,148973,168336,192765,225970,265972,316395,384730,469040,597995,755760,852137,881100,874302,855494,832944,789624,681408,519688,306527,0,0,0,0,0,0,0,0,0,0,0,0,0,0,0,0,0,0,0,0,0,0,0,0,0,0,0,0,0,0,0,0,0,0,0,0,0,0,0,0,0,0,0,0,0,0,0,0,0,0,0,0,0,0,0,0,0,0,0,0,0,0,0,0,0,0,0,0,0,0,0,0,0,0,0,0,0,0,0,0,0,0,0,0,0,0,0,0,0
1295,1292,1292,1292,1365,1292,1292,1365,1365,1330,1287,1254,1326,1400,1440,1517,1476,1462,1548,1554,1517,1512,1554,1462,1540,1710,1672,1672,1628,1610,1748,1710,1833,1794,1880,1886,1974,2016,2150,2142,2193,2150,2142,2050,2295,2193,2236,2385,2484,2576,2585,2592,2646,2576,2679,2679,2688,2793,2736,2744,2950,3000,2950,3000,3111,3060,3172,3276,3339,3339,3575,3520,3575,3696,3762,3933,3876,4071,4130,4118,4200,4331,4526,4392,4575,4712,4788,4851,4940,5070,5200,5427,5427,5658,5964,6120,6120,6278,6438,6675,6992,7144,7546,7742,7821,8100,8343,8446,9010,9202,9657,9968,10235,10647,11210,11662,12300,12928,13056,13755,14445,15180,16046,16675,16872,17936,18600,20000,20955,21840,23009,24564,26169,28224,29400,31310,33971,36022,38817,40600,44408,47310,51876,56375,61204,67050,74178,81830,89662,98888,111600,126392,142728,165169,189914,224616,266385,324084,395010,500816,637361,794282,879385,871008,852348,828980,804580,718926,568701,358757,0,0,0,0,0,0,0,0,0,0,0,0,0,0,0,0,0,0,0,0,0,0,0,0,0,0,0,0,0,0,0,0,0,0,0,0,0,0,0,0,0,0,0,0,0,0,0,0,0,0,0,0,0,0,0,0,0,0,0,0,0,0,0,0,0,0,0,0,0,0,0,0,0,0,0,0,0,0,0,0,0,0,0,0,0,0,0,0,0,0,0,0,0,0,0,0,0,0,0
690,744,736,690,713,775,825,840,828,925,1428,1548,1548,1596,1634,1672,1628,1716,1720,1760,1845,1978,1974,1968,1974,2016,1880,1932,1927,1927,1833,1833,1968,2107,2150,2156,2150,2236,2244,2295,2295,2288,2236,2385,2430,2430,2475,2520,2576,2475,2688,2688,2736,2668,2726,2773,2880,2989,2940,3060,3286,3286,3402,3520,3520,3528,3705,3762,3894,3953,3876,4071,4140,4270,4402,4402,4599,4662,4810,4950,5016,5226,5293,5520,5600,5893,5976,6192,6290,6438,6764,6930,7098,7268,7410,7776,8036,8383,8652,8925,9309,9990,10101,10695,10974,11424,11979,12827,13184,13936,14445,15180,16272,16936,17850,19032,19875,20898,22378,23664,24702,26367,28268,29445,33166,35310,36135,38817,42960,44896,48896,53190,58374,63936,71136,77785,89600,101829,113542,126225,146421,171656,199470,236016,284029,350336,434700,556836,727272,850413,886604,867315,846039,808830,754256,614839,398466,0,0,0,0,0,0,0,0,0,0,0,0,0,0,0,0,0,0,0,0,0,0,0,0,0,0,0,0,0,0,0,0,0,0,0,0,0,0,0,0,0,0,0,0,0,0,0,0,0,0,0,0,0,0,0,0,0,0,0,0,0,0,0,0,0,0,0,0,0,0,0,0,0,0,0,0,0,0,0,0,0,0,0,0,0,0,0,0,0,0,0,0,0,0,0,0,0,0,0,0,0,0,0,0,0,0,0,0,0,0,0,0
800,864,896,868,928,957,924,957,986,1020,986,1020,1050,1020,1085,1085,1085,1258,1254,1184,1008,1044,1073,1140,1140,1216,1216,1368,1365,1404,1443,1480,1482,1480,1520,1599,1560,1560,1640,1680,1748,1872,1833,2150,2150,2150,2142,2385,2385,2430,2430,2530,2530,2592,2640,2736,2744,2850,2842,2842,2950,3000,3050,3224,3224,3276,3294,3402,3696,3630,3564,3795,3808,3944,4320,4320,4440,4392,4440,4712,4788,4977,4977,5200,5248,5628,5727,5796,6020,6177,6424,6512,6808,6900,7332,7410,7821,7722,8240,8343,8881,9288,9546,9744,10032,10465,10920,11712,12152,12827,13362,13905,14766,15369,15651,16936,18360,18720,20125,21376,22230,23625,24840,26226,28712,29700,32604,34182,37184,39963,42000,45500,49920,53730,59774,66357,72504,80880,89858,99197,113293,127896,148836,169248,198445,237004,284501,347463,434010,551930,715768,796496,833315,818986,783221,750659,663578,500835,284798,0,0,0,0,0,0,0,0,0,0,0,0,0,0,0,0,0,0,0,0,0,0,0,0,0,0,0,0,0,0,0,0,0,0,0,0,0,0,0,0,0,0,0,0,0,0,0,0,0,0,0,0,0,0,0,0,0,0,0,0,0,0,0,0,0,0,0,0,0,0,0,0,0,0,0,0,0,0,0,0,0,0,0,0,0,0,0,0,0,0,0,0,0,0,0,0,0,0,0,0,0,0,0,0,0,0,0,0,0,0
952,918,986,1015,1015,1044,980,1044,1044,1080,980,1178,1140,1110,1178,1140,1178,1440,1400,1440,1554,1476,1517,1554,1596,1599,1638,1968,2009,2156,2058,2150,2205,2244,2332,2385,2332,2530,2538,2538,2695,2744,2793,2842,2900,3009,2891,3000,3172,3348,3472,3465,3410,3696,3828,3953,4071,3953,4118,4176,4260,4650,4599,4800,4864,4851,5070,5226,5293,5520,5440,5751,6120,6120,6497,6825,6975,7332,7566,7663,8100,8364,8820,9030,9483,9879,10374,10974,11160,11616,12250,13029,13755,14688,15933,16704,17612,18634,19468,20320,22211,23490,25480,26928,28564,30600,32800,35424,37464,41830,45815,49664,58658,62566,69832,77280,88485,99186,112684,131580,153972,181713,216932,266067,329685,424153,565278,647660,740460,714630,694532,665210,608972,485961,301210,0,0,0,0,0,0,0,0,0,0,0,0,0,0,0,0,0,0,0,0,0,0,0,0,0,0,0,0,0,0,0,0,0,0,0,0,0,0,0,0,0,0,0,0,0,0,0,0,0,0,0,0,0,0,0,0,0,0,0,0,0,0,0,0,0,0,0,0,0,0,0,0,0,0,0,0,0,0,0,0,0,0,0,0,0,0,0,0,0,0,0,0,0,0,0,0,0,0,0,0,0,0,0,0,0,0,0,0,0,0,0,0,0,0,0,0,0,0,0,0,0,0,0,0,0,0,0,0,0,0,0,0,0,0
806,800,806,800,806,800,832,858,858,864,832,832,832,768,850,792,910,945,1008,1080,1116,1080,1116,1224,1221,1221,1188,1188,1258,1330,1292,1295,1368,1332,1332,1406,1443,1480,1406,1406,1584,1540,1628,1672,1927,1833,1824,1968,2150,2058,2150,2244,2244,2200,2340,2340,2346,2538,2585,2592,2585,2632,2793,2842,2958,2958,3009,3120,3009,3127,3111,3392,3348,3339,3445,3808,3685,3876,4002,3990,4320,4331,4453,4575,4636,4851,5184,5330,5265,5508,5576,5727,5880,5964,6141,6300,6862,6956,7296,7448,7800,7821,7979,8424,8881,9072,9374,9968,10235,10764,11132,11780,12319,13000,13332,14144,14766,15696,16611,17400,18445,19520,20250,22270,22836,24386,26040,27985,30150,32032,35316,37018,39610,42768,46805,51604,57043,63344,69664,77550,85536,96889,109755,128041,147414,170610,202986,243036,299327,370188,473315,625744,734784,817696,797050,768250,713775,624672,453622,226800,0,0,0,0,0,0,0,0,0,0,0,0,0,0,0,0,0,0,0,0,0,0,0,0,0,0,0,0,0,0,0,0,0,0,0,0,0,0,0,0,0,0,0,0,0,0,0,0,0,0,0,0,0,0,0,0,0,0,0,0,0,0,0,0,0,0,0,0,0,0,0,0,0,0,0,0,0,0,0,0,0,0,0,0,0,0,0,0,0,0,0,0,0,0,0,0,0,0,0,0,0,0,0,0,0,0,0,0,0
775,768,744,736,945,952,1015,1080,1110,1170,1131,1209,1360,1360,1435,1435,1440,1665,1672,1716,1755,1755,1794,1833,1833,1880,1920,2058,2100,2150,2244,2200,2295,2340,2392,2392,2385,2332,2385,2385,2585,2592,2592,2750,2800,2907,2850,2850,3016,3009,3172,3300,3294,3348,3402,3630,3770,3886,4012,4200,4200,4260,4402,4599,4340,4536,4725,4940,5159,5304,5304,5589,5964,6205,6278,6351,6600,6853,7084,7426,7600,8118,8364,8652,8840,9222,9592,9879,10260,10647,11092,11712,12600,12827,13802,14522,15510,16790,17731,18392,19875,21156,22270,23975,24881,26455,28608,30447,32499,35588,38194,42720,45264,49469,54672,60690,67266,75905,86093,99630,113939,129987,151916,179361,216012,260620,326600,418544,545220,739125,876885,883252,868230,838120,804146,673014,464550,0,0,0,0,0,0,0,0,0,0,0,0,0,0,0,0,0,0,0,0,0,0,0,0,0,0,0,0,0,0,0,0,0,0,0,0,0,0,0,0,0,0,0,0,0,0,0,0,0,0,0,0,0,0,0,0,0,0,0,0,0,0,0,0,0,0,0,0,0,0,0,0,0,0,0,0,0,0,0,0,0,0,0,0,0,0,0,0,0,0,0,0,0,0,0,0,0,0,0,0,0,0,0,0,0,0,0,0,0,0,0,0,0,0,0,0,0,0,0,0,0,0,0,0,0,0,0,0,0,0,0,0
693,693,693,736,980,1080,1080,1073,1147,1240,1200,1209,1209,1280,1287,1312,1230,1394,1320,1320,1470,1428,1428,1386,1452,1656,1748,1794,1840,1932,1927,2058,2107,2150,2193,2288,2332,2236,2288,2438,2392,2385,2484,2430,2576,2679,2632,2744,2805,2856,3074,3186,3300,3180,3233,3410,3465,3355,3520,3685,3808,3752,4002,3990,4200,4248,4440,4453,4672,4774,4928,4928,5280,5508,5589,5810,5810,6048,6364,6424,6750,7161,7315,7663,7938,8019,8300,8736,9222,9701,10080,10602,10904,11520,12600,13130,14124,14659,15540,16530,17316,18600,19803,20828,22270,23408,24978,27405,29445,31775,33920,38080,39846,44345,48316,56712,61056,67569,76375,88646,100500,114452,134200,159720,187612,226782,280264,358720,458172,615672,776030,867744,831888,800944,752139,651700,449352,0,0,0,0,0,0,0,0,0,0,0,0,0,0,0,0,0,0,0,0,0,0,0,0,0,0,0,0,0,0,0,0,0,0,0,0,0,0,0,0,0,0,0,0,0,0,0,0,0,0,0,0,0,0,0,0,0,0,0,0,0,0,0,0,0,0,0,0,0,0,0,0,0,0,0,0,0,0,0,0,0,0,0,0,0,0,0,0,0,0,0,0,0,0,0,0,0,0,0,0,0,0,0,0,0,0,0,0,0,0,0,0,0,0,0,0,0,0,0,0,0,0,0,0,0,0,0,0,0,0,0,0
600,651,672,726,660,644,644,644,696,775,720,744,720,806,780,775,806,806,775,832,837,806,864,864,891,858,896,928,837,957,858,952,1015,1044,1110,1147,1110,1152,1147,1248,1254,1258,1258,1330,1188,1224,1365,1400,1404,1368,1295,1330,1554,1480,1476,1554,1628,1548,1716,1800,1833,1886,1920,1872,2058,2142,2193,2100,2150,2244,2244,2346,2438,2544,2491,2592,2491,2640,2688,2592,2842,2800,2900,2950,2891,3060,3050,3224,3328,3520,3640,3752,3808,3819,4002,4189,4260,4392,4440,4575,4864,4992,5056,5200,5346,5427,5658,5810,5880,6192,6497,6808,7050,7566,7644,7900,8000,8610,8774,9180,9632,9944,10440,11400,11808,12573,13231,13433,14552,14904,16159,17135,18480,20125,20336,21710,23316,24840,26928,28757,31262,33549,35860,39560,41760,46805,52136,58374,64368,71325,82181,92310,105056,121975,143220,171520,204530,251370,309720,399674,531267,711158,811069,838000,805728,765900,684575,503880,250290,0,0,0,0,0,0,0,0,0,0,0,0,0,0,0,0,0,0,0,0,0,0,0,0,0,0,0,0,0,0,0,0,0,0,0,0,0,0,0,0,0,0,0,0,0,0,0,0,0,0,0,0,0,0,0,0,0,0,0,0,0,0,0,0,0,0,0,0,0,0,0,0,0,0,0,0,0,0,0,0,0,0,0,0,0,0,0,0,0,0,0,0,0,0,0,0,0,0,0,0
456,456,520,520,896,918,891,952,952,980,980,945,972,945,1008,972,972,1008,1044,1044,1015,1008,1073,1073,1008,1015,1044,1147,1110,1178,1147,1216,1209,1254,1254,1326,1400,1440,1440,1394,1505,1591,1665,1518,1440,1575,1472,1739,1728,1776,1872,2050,1927,1960,2009,2100,2193,2200,2385,2491,2438,2585,2688,2736,2632,2793,2850,2950,2950,3111,3180,3240,3456,3584,3630,3752,3752,3808,4060,3886,4130,4320,4575,4712,4928,4914,4992,5280,5214,5494,5628,5848,6160,6390,6624,6882,7050,7644,7722,7900,8446,8632,8820,9374,9804,10324,11067,11532,12192,12288,13433,14040,14873,15873,16611,17632,19239,19964,21376,23355,24797,26696,28812,31570,33338,35856,39732,43497,48059,53658,58995,66185,75168,84807,98280,111792,130678,155184,187186,227856,285076,360360,471888,641148,733278,793512,767255,695198,606815,438040,187200,0,0,0,0,0,0,0,0,0,0,0,0,0,0,0,0,0,0,0,0,0,0,0,0,0,0,0,0,0,0,0,0,0,0,0,0,0,0,0,0,0,0,0,0,0,0,0,0,0,0,0,0,0,0,0,0,0,0,0,0,0,0,0,0,0,0,0,0,0,0,0,0,0,0,0,0,0,0,0,0,0,0,0,0,0,0,0,0,0,0,0,0,0,0,0,0,0,0,0,0,0,0,0,0,0,0,0,0,0,0,0,0,0,0,0,0,0,0
1160,1160,1271,1344,1260,1462,1452,1530,1564,1739,1665,1672,1755,1800,1755,2100,2107,2064,2200,2156,2295,2346,2444,2438,2538,2576,2632,2793,2736,2736,2900,2950,2907,3180,3180,3276,3294,3520,3630,3640,3762,3876,4071,4130,4260,4307,4453,4588,4875,4992,5280,5494,5658,5810,5964,6336,6660,6992,7068,7584,7663,7938,8568,8549,9202,9680,9879,10260,11280,12054,12348,12900,13802,14659,15369,16724,18172,18564,20250,21632,24073,25116,27360,29156,31878,35098,38243,41888,46299,51798,61190,65700,74060,85854,99905,115056,138292,163344,197640,247779,309495,406500,547215,712880,804204,789140,736716,663225,519432,282240,0,0,0,0,0,0,0,0,0,0,0,0,0,0,0,0,0,0,0,0,0,0,0,0,0,0,0,0,0,0,0,0,0,0,0,0,0,0,0,0,0,0,0,0,0,0,0,0,0,0,0,0,0,0,0,0,0,0,0,0,0,0,0,0,0,0,0,0,0,0,0,0,0,0,0,0,0,0,0,0,0,0,0,0,0,0,0,0,0,0,0,0,0,0,0,0,0,0,0,0,0,0,0,0,0,0,0,0,0,0,0,0,0,0,0,0,0,0,0,0,0,0,0,0,0,0,0,0,0,0,0,0,0,0,0,0,0,0,0,0,0,0,0,0,0,0,0,0,0,0,0,0,0,0,0,0,0,0,0
1280,1248,1326,1365,1517,1554,1512,1672,1540,1620,1824,2107,2250,2200,2392,2392,2340,2444,2385,2538,2475,2530,2585,2744,2744,2850,3009,3068,3120,3276,3402,3348,3465,3584,3510,3630,3685,3876,4071,4118,4189,4526,4662,4725,4788,5070,5427,5427,5494,6003,6248,6570,6734,6992,7068,7584,7760,8300,8736,9116,9288,10057,10374,11186,11834,12573,13260,13965,15180,16498,17818,18876,20538,21710,23664,25480,27260,29445,32342,35424,39617,43802,48006,54672,62274,69382,81070,96460,111390,132675,161656,198006,248878,318660,432600,571634,653868,688050,652545,606373,510510,335805,0,0,0,0,0,0,0,0,0,0,0,0,0,0,0,0,0,0,0,0,0,0,0,0,0,0,0,0,0,0,0,0,0,0,0,0,0,0,0,0,0,0,0,0,0,0,0,0,0,0,0,0,0,0,0,0,0,0,0,0,0,0,0,0,0,0,0,0,0,0,0,0,0,0,0,0,0,0,0,0,0,0,0,0,0,0,0,0,0,0,0,0,0,0,0,0,0,0,0,0,0,0,0,0,0,0,0,0,0,0,0,0,0,0,0,0,0,0,0,0,0,0,0,0,0,0,0,0,0,0,0,0,0,0,0,0,0,0,0,0,0,0,0,0,0,0,0,0,0,0,0,0,0,0,0,0,0,0,0,0,0,0,0,0,0,0,0
540,520,520,520,567,567,616,594,567,567,616,638,638,638,660,713,768,775,806,891,750,800,884,806,800,918,980,936,945,980,945,972,1036,1073,1102,1064,1140,1131,1140,1178,1140,1092,1280,1248,1280,1320,1320,1435,1400,1476,1512,1591,1634,1677,1634,1634,1677,1518,1665,1568,1850,1600,1500,1836,1872,1887,2236,2150,2484,2530,2438,2438,2736,2842,3000,3009,3120,3060,3000,3172,3286,3348,3584,3696,3864,3990,4002,4248,4392,4392,4575,4788,4992,5200,5412,5508,5561,5880,6090,6497,6975,7220,7469,7900,8080,8528,9072,9072,9768,10374,10856,11253,11904,12642,13464,14766,15444,16385,17168,19032,20250,21414,22876,25254,27216,29949,32395,35316,37910,42592,47430,52110,60401,69216,78490,90387,104664,123266,148675,180687,224173,285792,371265,507854,674778,770538,769956,697820,625839,460110,191700,0,0,0,0,0,0,0,0,0,0,0,0,0,0,0,0,0,0,0,0,0,0,0,0,0,0,0,0,0,0,0,0,0,0,0,0,0,0,0,0,0,0,0,0,0,0,0,0,0,0,0,0,0,0,0,0,0,0,0,0,0,0,0,0,0,0,0,0,0,0,0,0,0,0,0,0,0,0,0,0,0,0,0,0,0,0,0,0,0,0,0,0,0,0,0,0,0,0,0,0,0,0,0,0,0,0,0,0,0,0,0,0,0,0,0,0,0,0
1584,1710,2142,2064,2244,2288,2288,2392,2530,2365,2520,2688,2842,2958,2900,2958,3068,3233,3286,3528,3528,3640,3819,4080,4209,4392,4392,4320,4588,4864,4940,5148,5520,5644,5796,6192,6351,6675,6916,7144,7760,8019,8484,8549,9202,9768,10057,10764,11280,12600,13158,14385,15400,16790,18000,19344,21450,22610,24564,26640,29100,30906,34992,38250,43680,48705,54944,63438,73476,87376,102000,120716,147476,184370,235410,303280,415896,585415,677950,707816,670174,620160,508140,286720,0,0,0,0,0,0,0,0,0,0,0,0,0,0,0,0,0,0,0,0,0,0,0,0,0,0,0,0,0,0,0,0,0,0,0,0,0,0,0,0,0,0,0,0,0,0,0,0,0,0,0,0,0,0,0,0,0,0,0,0,0,0,0,0,0,0,0,0,0,0,0,0,0,0,0,0,0,0,0,0,0,0,0,0,0,0,0,0,0,0,0,0,0,0,0,0,0,0,0,0,0,0,0,0,0,0,0,0,0,0,0,0,0,0,0,0,0,0,0,0,0,0,0,0,0,0,0,0,0,0,0,0,0,0,0,0,0,0,0,0,0,0,0,0,0,0,0,0,0,0,0,0,0,0,0,0,0,0,0,0,0,0,0,0,0,0,0,0,0,0,0,0,0,0,0,0,0,0,0,0,0,0,0,0,0
486,459,540,558,540,522,522,532,532,532,513,540,560,616,588,616,588,616,616,660,630,660,690,638,720,775,720,744,744,768,768,806,806,780,780,806,775,832,858,910,910,910,858,850,816,1015,1015,1044,1147,1080,1110,1178,1178,1287,1287,1280,1248,1248,1400,1221,1320,1320,1428,1435,1476,1591,1628,1548,1540,1575,1485,1800,1755,1786,1920,1968,1960,2100,2132,2310,2268,2475,2268,2310,2508,2072,2596,2565,2679,2726,2900,3060,2900,3172,3339,3520,3575,3575,3685,3819,3944,4260,4453,4514,4662,4788,5070,5214,5372,5810,5796,6177,6408,6716,7161,7644,7566,8100,8424,8988,9180,9718,10080,10764,11616,12348,13390,14231,15012,15792,17731,18513,19908,21120,22663,25060,26598,29100,32448,34980,38363,43318,47058,53332,61557,70824,80160,94276,107858,132139,160392,194346,242888,323960,441870,627031,803335,865690,827528,783020,664999,406080,0,0,0,0,0,0,0,0,0,0,0,0,0,0,0,0,0,0,0,0,0,0,0,0,0,0,0,0,0,0,0,0,0,0,0,0,0,0,0,0,0,0,0,0,0,0,0,0,0,0,0,0,0,0,0,0,0,0,0,0,0,0,0,0,0,0,0,0,0,0,0,0,0,0,0,0,0,0,0,0,0,0,0,0,0,0,0,0,0,0,0,0,0,0,0,0,0,0,0,0,0,0,0,0,0,0,0
1188,1221,1221,1221,1330,1330,1292,1435,1739,1920,2000,2050,2142,2295,2295,2385,2340,2484,2484,2332,2538,2592,2646,2793,2850,2958,3111,3233,3410,3294,3528,3575,3705,3685,3808,4060,4320,4380,4575,4788,5070,5360,5644,5494,6106,6264,6570,7068,7144,7663,7840,8549,8904,9309,9856,10672,10974,11562,12222,13231,14008,15478,16650,18088,19520,21376,23275,25208,27648,30300,33654,37575,41347,49068,55400,61446,70152,82239,98919,116622,143220,181288,232372,303800,415830,498036,563562,583947,482775,386847,242515,0,0,0,0,0,0,0,0,0,0,0,0,0,0,0,0,0,0,0,0,0,0,0,0,0,0,0,0,0,0,0,0,0,0,0,0,0,0,0,0,0,0,0,0,0,0,0,0,0,0,0,0,0,0,0,0,0,0,0,0,0,0,0,0,0,0,0,0,0,0,0,0,0,0,0,0,0,0,0,0,0,0,0,0,0,0,0,0,0,0,0,0,0,0,0,0,0,0,0,0,0,0,0,0,0,0,0,0,0,0,0,0,0,0,0,0,0,0,0,0,0,0,0,0,0,0,0,0,0,0,0,0,0,0,0,0,0,0,0,0,0,0,0,0,0,0,0,0,0,0,0,0,0,0,0,0,0,0,0,0,0,0,0,0,0,0,0,0,0,0,0,0,0,0,0,0,0,0
540,567,567,580,858,891,891,884,884,884,952,986,1015,1015,1044,1008,945,972,999,1008,1044,1073,1102,1178,1184,1216,1404,1365,1440,1394,1400,1440,1517,1517,1480,1476,1476,1628,1665,1710,1786,1880,1968,1911,1989,1900,2091,2244,2200,2385,2332,2438,2430,2585,2530,2679,2793,2891,3000,3000,3224,3328,3339,3564,3618,3696,3630,3953,4209,4130,4392,4526,4672,5082,5159,5440,5589,5950,6248,6351,6992,7238,7505,7821,8100,8446,9010,9374,10260,10695,11280,12276,13056,14204,14445,15290,16644,17936,19520,20538,22794,25200,27302,29898,32760,36288,39732,45750,50688,57886,66742,77315,90862,107984,131120,159390,203444,261547,351282,495556,703695,823732,796620,745468,636675,377880,0,0,0,0,0,0,0,0,0,0,0,0,0,0,0,0,0,0,0,0,0,0,0,0,0,0,0,0,0,0,0,0,0,0,0,0,0,0,0,0,0,0,0,0,0,0,0,0,0,0,0,0,0,0,0,0,0,0,0,0,0,0,0,0,0,0,0,0,0,0,0,0,0,0,0,0,0,0,0,0,0,0,0,0,0,0,0,0,0,0,0,0,0,0,0,0,0,0,0,0,0,0,0,0,0,0,0,0,0,0,0,0,0,0,0,0,0,0,0,0,0,0,0,0,0,0,0,0,0,0,0,0,0,0,0,0,0,0,0,0,0,0,0
640,726,768,825,768,713,713,759,736,736,875,884,868,924,945,840,1080,1116,1088,1184,1221,1216,1287,1320,1400,1440,1505,1435,1365,1476,1554,1638,1596,1702,1794,1748,2000,2058,2107,2150,2016,2058,2244,2150,2340,2150,2142,2288,2430,2585,2576,2632,2640,2800,3050,3120,3233,3276,3328,3510,3564,3551,3618,3740,4189,4380,4380,4725,5148,5346,5412,6003,6336,6570,6825,7068,7050,7546,8240,8667,9156,9918,10324,10920,11808,12096,13231,14144,15587,16576,18018,19840,21082,22620,25116,28130,31050,34503,37620,42944,47988,56200,65932,74229,86037,102960,128622,157185,204776,262941,357960,506232,658450,751680,663320,571050,420440,0,0,0,0,0,0,0,0,0,0,0,0,0,0,0,0,0,0,0,0,0,0,0,0,0,0,0,0,0,0,0,0,0,0,0,0,0,0,0,0,0,0,0,0,0,0,0,0,0,0,0,0,0,0,0,0,0,0,0,0,0,0,0,0,0,0,0,0,0,0,0,0,0,0,0,0,0,0,0,0,0,0,0,0,0,0,0,0,0,0,0,0,0,0,0,0,0,0,0,0,0,0,0,0,0,0,0,0,0,0,0,0,0,0,0,0,0,0,0,0,0,0,0,0,0,0,0,0,0,0,0,0,0,0,0,0,0,0,0,0,0,0,0,0,0,0,0,0,0,0,0,0
4070,4015,3905,4032,4032,4032,4234,4234,4350,4350,4425,4620,4543,4620,4560,4819,4800,4800,4880,5022,5063,4941,5229,5166,5084,5022,5208,5208,5292,5481,5568,5568,5696,5720,5808,5850,5874,5874,5940,5940,6072,6164,6324,6580,6580,6790,6984,6958,7056,7227,7200,7474,7171,7344,7519,7519,7800,8025,8239,8393,8611,8880,8880,9184,9296,9379,9545,9828,10115,10030,10440,10320,10527,10912,11125,11250,11684,11430,11997,12183,12768,12768,12825,12960,13230,13662,13800,14000,14342,14832,15080,15288,15688,16006,16632,17113,17427,17967,18032,18745,18860,19256,19942,20400,20984,21350,22250,22554,23424,24180,25536,25403,27263,27522,28280,28482,29520,30160,31228,32250,33660,34720,35412,36480,37746,38940,40898,42731,43925,45746,47241,49395,51597,53200,54720,56840,61305,62930,68364,71496,74592,74477,77625,81650,86376,92365,96114,101888,108356,115175,121000,128936,136948,146587,156744,168204,180608,195270,210396,227920,247170,269325,296070,321408,356390,394128,438375,476784,493395,515964,541728,568650,596544,625056,616081,606062,595002,583530,570933,552972,535600,516429,486098,444880,402408,348800,279004,208161,137720,71374,0,0,0,0,0,0,0,0,0,0,0,0,0,0,0,0,0,0,0,0,0,0,0,0,0,0,0,0,0,0,0,0,0,0,0,0,0,0,0,0,0,0,0,0,0,0,0,0,0,0,0,0,0,0,0,0,0,0,0,0,0,0,0,0,0,0,0,0,0,0,0,0,0,0,0,0,0,0,0
3136,3315,3315,3315,3315,3315,3366,3551,3604,3726,3780,3763,3780,3834,4015,4032,4234,4218,4218,4218,4275,4332,4292,4350,4408,4543,4602,4661,4740,4800,4860,4860,5002,5002,5229,5166,5166,5312,5376,5590,5590,5808,5874,5940,6210,6440,6532,6603,6696,6816,7008,6984,7425,7623,7752,7931,8008,8295,8400,8667,8720,8560,8480,8856,9379,9690,9890,10384,10502,10829,11132,11346,11562,11780,12000,12416,12480,13034,13266,13500,13938,14280,14768,15080,15729,15943,16568,16983,17584,17741,18908,19305,19920,20541,21250,21971,22656,23400,24288,25192,26304,27383,28512,29784,30488,31650,33480,35076,36888,38048,39412,41895,44352,45924,48208,51136,54144,57400,59792,63232,66982,71175,76162,81081,86156,92988,100608,107420,116025,126096,135952,147561,162560,178284,197664,219234,244608,270000,307275,344960,397440,461304,537096,631488,744464,822890,811818,796262,777959,765856,746928,727610,703635,671031,613870,548562,448573,325212,193140,89075,0,0,0,0,0,0,0,0,0,0,0,0,0,0,0,0,0,0,0,0,0,0,0,0,0,0,0,0,0,0,0,0,0,0,0,0,0,0,0,0,0,0,0,0,0,0,0,0,0,0,0,0,0,0,0,0,0,0,0,0,0,0,0,0,0,0,0,0,0,0,0,0,0,0,0,0,0,0,0,0,0,0,0,0,0,0,0,0,0,0,0,0,0,0,0,0,0,0,0,0,0,0,0,0,0,0,0,0,0
2040,2080,2132,2173,2226,2268,2226,2268,2184,2310,2322,2420,2365,2365,2464,2508,2451,2494,2494,2537,2596,2596,2655,2640,2700,2700,2714,2745,2806,2914,2806,2914,3008,2944,3038,3087,3072,3185,3250,3200,3200,3250,3300,3366,3432,3484,3484,3417,3604,3657,3726,3780,3834,4032,4032,4032,4088,4088,4161,4218,4307,4500,4500,4620,4543,4680,4740,4758,4758,5022,5022,5184,5248,5184,5312,5440,5525,5808,5762,5808,6030,5874,6256,6256,6417,6650,6650,6984,6912,7128,7227,7500,7474,7650,7676,8112,8295,8532,8720,8748,9130,9408,9492,9976,9890,10179,10472,10560,10710,11070,11284,11500,12065,12288,12480,13167,13365,13700,14039,14420,14872,15476,15688,16157,16720,16940,17584,18285,18630,19470,20040,21375,21798,22606,23220,24605,25296,26649,26740,28171,29088,29638,32528,32589,33726,35139,37164,38280,40356,43188,44640,46665,48994,51648,54015,56317,59772,63420,71722,73248,75710,80730,86278,91390,99459,106530,115354,125554,135729,148969,161966,178273,197178,217560,241875,274232,307980,349438,395920,461828,535800,585504,624645,677440,703923,695647,688090,684336,669123,664170,648224,629412,590700,536382,464380,362400,247806,138880,0,0,0,0,0,0,0,0,0,0,0,0,0,0,0,0,0,0,0,0,0,0,0,0,0,0,0,0,0,0,0,0,0,0,0,0,0,0,0,0,0,0,0,0,0,0,0,0,0,0,0,0,0,0,0,0,0,0,0,0,0,0,0,0,0,0,0,0,0,0,0
1419,1540,1540,1620,1452,1452,1485,1540,1628,1584,1530,1656,1656,1702,1748,1665,1610,1739,1739,1728,1920,1813,1950,1850,1989,1950,2040,2080,2028,1989,2080,2080,2028,2080,2184,2080,2173,2173,2226,2268,2322,2268,2322,2214,2268,2420,2408,2565,2565,2610,2508,2451,2655,2668,2714,2760,2760,2745,2700,2745,2806,2852,2914,3120,3234,3283,3300,3350,3350,3332,3400,3400,3588,3710,3692,3763,3763,3692,3834,3888,3888,4015,4088,4088,4144,4144,4292,4408,4543,4602,4680,4680,4758,4740,4800,5002,4941,5166,5292,5355,5418,5418,5632,5874,6164,5940,6097,6256,6650,6417,6580,6887,7081,7154,7425,7400,7575,7904,8112,8216,8560,8829,8964,9130,9296,9632,9831,10032,10502,10647,10738,11193,11656,12192,12288,12707,12936,13132,13230,14039,14140,14523,14729,15515,15876,16459,16872,17316,17898,18837,19516,20496,21204,22098,22528,23580,24156,24924,25840,26827,28116,28886,30368,31737,32984,34476,36480,38610,39746,42484,43750,47256,49496,52525,55638,59276,61800,65199,69006,74925,79695,84016,91630,98685,105586,115902,124644,135534,148410,161862,181704,200575,222370,243334,277981,315952,359751,416790,485334,573426,682032,809088,825267,807235,793478,781439,774348,751225,733400,700002,663936,586356,514710,393183,253622,130536,0,0,0,0,0,0,0,0,0,0,0,0,0,0,0,0,0,0,0,0,0,0,0,0,0,0,0,0,0,0,0,0,0,0,0,0,0,0,0,0,0,0,0,0,0,0,0,0,0,0,0,0,0
1728,1692,1645,1692,1776,1862,1862,1872,1960,2009,2050,2091,2091,2091,2091,2040,2120,2120,2120,2067,2106,2106,2145,2255,2255,2173,2268,2310,2352,2352,2494,2537,2537,2596,2684,2700,2760,2700,2835,2806,2914,2914,2928,3024,3087,3200,3087,3264,3200,3200,3264,3264,3432,3380,3432,3366,3484,3484,3657,3657,3780,3834,3905,3780,3960,4015,4015,4218,4218,4350,4408,4602,4602,4661,4819,4740,4860,4838,5002,5063,5146,5355,5481,5440,5568,5742,5568,5720,6030,5980,6270,6555,6555,6887,7128,7029,7000,7313,7519,7725,8056,7950,8424,8611,8960,9120,9396,9711,9828,10406,10406,10614,10824,11250,11557,11997,12276,12635,12920,13248,13900,13959,14688,15038,15496,16416,16632,17270,17808,18696,19656,20618,21350,22176,23040,24366,25460,26248,26966,28542,30015,31376,32767,34788,36024,37746,39840,42804,45212,48129,52250,54514,58200,62014,68799,72594,74705,79344,86031,93590,101490,110352,121275,132192,148230,164724,183580,207904,232379,265466,305704,353793,407885,480332,506792,545343,589257,625716,613040,600456,584430,558828,533400,490413,429056,344800,236280,128956,0,0,0,0,0,0,0,0,0,0,0,0,0,0,0,0,0,0,0,0,0,0,0,0,0,0,0,0,0,0,0,0,0,0,0,0,0,0,0,0,0,0,0,0,0,0,0,0,0,0,0,0,0,0,0,0,0,0,0,0,0,0,0,0,0,0,0,0,0,0,0,0,0,0,0,0,0,0,0,0,0
1850,1950,1950,1950,2120,2120,2028,2040,2067,2106,2067,2067,2067,2255,2337,2200,2255,2255,2352,2352,2408,2408,2451,2508,2552,2655,2655,2565,2655,2806,2867,2928,2976,2989,3050,3038,3150,3213,3250,3315,3380,3432,3380,3468,3640,3588,3519,3710,3834,3763,3960,3905,4088,4088,4275,4350,4446,4484,4740,4758,4740,4880,4880,5022,5208,5229,5376,5525,5655,5655,5742,6188,6164,6231,6392,6790,7056,7029,7140,7070,7446,7800,7875,8239,8800,8960,8991,9545,9628,9912,10200,10320,10912,11214,11648,12090,12276,12768,12960,13662,13860,14500,15141,15750,16524,17050,17760,18256,19090,20691,21350,22196,23424,24497,25785,26715,28280,30660,31458,33300,35100,37352,39600,42237,45312,47880,51238,55484,59004,65619,68153,74360,80484,89760,96577,106038,117450,131208,146809,165791,186706,212754,247918,288456,335616,397424,456358,489909,526456,570648,595210,572565,527996,500897,461895,405270,341600,229680,103776,330,360,345,315,315,336,330,345,345,345,330,345,345,391,368,368,368,330,375,390,390,390,416,400,390,390,390,360,350,350,350,390,400,375,336,400,416,390,400,408,425,442,384,400,400,400,442,442,400,442,425,391,400,400,390,420,420,420,420,420,420,420,405,420,392,435,420,392,450,420,405,432,405,435,464,435,435,435,448,448,476,493,476,504,532,551,551,609,609,638,600,570,527,640,682,660,609,540,493,570,630,620,651,672,682,704,714,748,748,840
1564,1564,1598,1551,1598,1680,1680,1632,1598,1680,1764,1800,1764,1850,1850,1785,1989,1938,1900,1950,2028,2028,2067,2067,2067,2200,2214,2160,2173,2214,2255,2296,2310,2296,2394,2394,2255,2494,2494,2552,2640,2640,2760,2806,2867,2976,2976,3024,3087,3087,3185,3200,3380,3315,3432,3484,3536,3588,3763,3536,3588,3692,3763,3780,3905,4032,4015,4144,4200,4275,4524,4620,4697,4740,4941,4800,5002,5063,5229,5440,5590,5655,5590,5655,5874,6097,6072,6486,6555,6650,6958,7272,7029,7272,7446,7770,7950,8208,8360,8927,8960,9430,9462,9711,9912,10285,10578,10962,11303,11830,12090,12144,12825,13152,13622,13818,14400,15300,15300,16264,17004,17820,18480,19038,19942,21106,22320,23310,24180,26190,27126,28280,30096,30952,32482,35266,36656,38718,41002,44288,46814,49959,54150,59280,61491,68476,70735,79778,82992,91059,99696,110142,121856,136038,151403,169812,189994,217002,254772,290880,336611,400995,437235,462526,496531,533760,563712,537850,466116,437464,393621,342311,291080,189735,70148,817,0,0,0,0,0,0,0,0,0,0,0,0,0,0,0,0,0,0,0,0,0,0,0,0,0,0,0,0,0,0,0,0,0,0,0,0,0,0,0,0,0,0,0,0,0,0,0,0,0,0,0,0,0,0,0,0,0,0,0,0,0,0,0,0,0,0,0,0,0,0,0,0,0,0,0,0,0,0,0,0,0,0,0,0,0,0,0,0,0,0,0,0,0
1128,2832,2832,2928,2928,2928,2961,2898,2914,2852,2976,3024,3008,2944,3120,3283,3450,3400,3450,3570,3350,3350,3417,3536,3710,3570,3763,3816,3942,3960,4070,4275,4389,4466,4602,4602,4582,4720,4860,4980,5270,5418,5418,5456,5607,5824,5824,6045,6270,6110,6336,6336,6732,6800,6936,7140,7313,7665,8066,8250,8284,8970,8970,9048,9840,10332,10625,11094,11790,11659,12194,12648,13580,13774,14400,14700,15808,16478,16478,17760,18515,18745,19372,20060,21594,22509,23749,24700,25740,27400,29610,31248,34050,34272,36895,39609,41082,45762,48048,50505,54619,58904,63963,67520,72455,80500,89910,97776,108385,119664,131328,146772,162855,181937,209329,237910,279898,328422,391248,469392,530320,570718,612720,667603,647856,602172,563217,526541,473488,421104,307684,171433,0,0,0,0,0,0,0,0,0,0,0,0,0,0,0,0,0,0,0,0,0,0,0,0,0,0,0,0,0,0,0,0,0,0,0,0,0,0,0,0,0,0,0,0,0,0,0,0,0,0,0,0,0,0,0,0,0,0,0,0,0,0,0,0,0,0,0,0,0,0,0,0,0,0,0,0,0,0,0,0,0,0,0,0,0,0,0,0,0,0,0,0,0,0,0,0,0,0,0,0,0,0,0,0,0,0,0,0,0,0,0,0,0,0,0,0,0,0,0,0,0,0,0,0,0,0,0,0,0,0,0,0,0,0,0,0,0
2132,2091,2091,2040,2080,2184,2279,2322,2322,2310,2322,2376,2420,2365,2420,2464,2679,2632,2726,2714,2773,2773,2867,2914,2880,2989,2989,2976,3024,3087,3213,3315,3498,3564,3604,3657,3536,3468,3604,3588,3588,3640,3640,3834,3960,4088,4161,4218,4275,4484,4484,4620,4758,4819,4800,4960,5166,5229,5355,5418,5418,5808,5940,5850,5980,6138,6231,6486,6790,7171,7100,7373,7622,8268,8502,8880,8800,9184,9545,9828,10148,10648,10824,11160,11648,11904,12576,12768,13426,13900,14586,14746,15496,16416,17316,17760,18532,19706,20691,21894,23241,24310,25460,27186,28280,30660,31672,33220,36252,38704,41067,45390,47077,51150,54528,60300,64896,70416,76608,83288,94736,102765,113848,126840,145912,168320,191535,223132,261464,310980,371105,453258,488378,534885,582824,600609,578721,551232,520960,476163,404093,302250,169216,0,0,0,0,0,0,0,0,0,0,0,0,0,0,0,0,0,0,0,0,0,0,0,0,0,0,0,0,0,0,0,0,0,0,0,0,0,0,0,0,0,0,0,0,0,0,0,0,0,0,0,0,0,0,0,0,0,0,0,0,0,0,0,0,0,0,0,0,0,0,0,0,0,0,0,0,0,0,0,0,0,0,0,0,0,0,0,0,0,0,0,0,0,0,0,0,0,0,0,0,0,0,0,0,0,0,0,0,0,0,0,0,0,0,0,0,0,0,0,0,0,0,0,0,0,0
989,966,1118,924,1440,1518,1850,1887,1836,1800,1887,1938,2120,2160,2565,2464,2576,2726,2622,2610,2655,2760,2806,2880,2880,2976,2976,3050,3150,3328,3213,3380,3498,3498,3726,3604,3780,3710,3780,3905,3960,4032,4161,4218,4350,4425,4484,4774,4620,4740,4941,4740,4941,5022,5229,5270,5229,5355,5504,5742,6097,6348,6006,6392,6580,6745,6745,6816,7300,7650,7752,8112,8112,8532,8720,9379,9462,9912,10080,10285,10824,11176,11739,12183,12502,13289,13386,14000,14935,15540,17818,16786,17584,18630,19873,21500,22446,23091,24700,26325,27186,28800,30282,32130,34069,36288,38346,40560,45746,47214,50730,54320,59772,65178,71040,76152,84014,93863,103228,118294,130092,148200,166474,193600,226263,264957,317460,382665,471335,580140,699580,774411,774326,763995,757884,743816,731870,679875,589440,441870,235290,1029,1081,1150,0,0,0,0,0,0,0,0,0,0,0,0,0,0,0,0,0,0,0,0,0,0,0,0,0,0,0,0,0,0,0,0,0,0,0,0,0,0,0,0,0,0,0,0,0,0,0,0,0,0,0,0,0,0,0,0,0,0,0,0,0,0,0,0,0,0,0,0,0,0,0,0,0,0,0,0,0,0,0,0,0,0,0,0,0,0,0,0,0,0,0,0,0,0,0,0,0,0,0,0,0,0,0,0,0,0,0,0,0,0,0,0,0,0,0,0,0,0,0,0,0,0,0,0,0
1764,1728,1850,1764,1666,1764,1750,1750,1750,1850,1850,1862,1800,1836,1976,1976,2132,2160,2160,2145,2310,2310,2352,2464,2365,2420,2464,2451,2552,2610,2655,2700,2655,2760,2700,2760,2745,2790,2961,3055,3168,3350,3400,3468,3570,3640,3588,3726,3710,3834,3960,4032,4015,4088,4088,4161,4256,4466,4582,4602,4680,4680,4800,4800,5084,5292,5355,5590,5742,5829,6300,6370,6532,6745,6912,7081,7425,7500,7828,8034,8190,8640,8720,9213,9632,10005,10208,10710,11011,11808,11970,12416,12969,13365,13635,14214,14805,15622,16350,16983,17898,18676,19635,20956,21924,22962,24288,25110,26410,28171,29290,31559,33540,36064,38512,42484,44528,46848,51680,57113,59860,64326,69520,76028,83062,92750,102833,114125,128040,144738,163944,190704,218519,257442,310980,371778,454832,576624,750832,883651,870474,867504,846720,830025,807408,769506,702972,550140,327888,122055,0,0,0,0,0,0,0,0,0,0,0,0,0,0,0,0,0,0,0,0,0,0,0,0,0,0,0,0,0,0,0,0,0,0,0,0,0,0,0,0,0,0,0,0,0,0,0,0,0,0,0,0,0,0,0,0,0,0,0,0,0,0,0,0,0,0,0,0,0,0,0,0,0,0,0,0,0,0,0,0,0,0,0,0,0,0,0,0,0,0,0,0,0,0,0,0,0,0,0,0,0,0,0,0,0,0,0,0,0,0,0,0,0,0,0,0,0,0,0
805,910,900,972,962,925,962,888,988,925,962,999,1040,1000,1000,943,1066,1176,1189,1333,1344,1512,1376,1496,1462,1496,1485,1564,1518,1551,1584,1551,1426,1504,1564,1564,1728,1776,1645,1632,1584,1764,1989,1989,2050,1950,1950,2040,1989,1950,1989,2200,2451,2520,2508,2451,2464,2610,2565,2565,2714,2640,2760,2852,2961,3024,3072,3200,3417,3468,3519,3588,3640,3834,3888,3834,3960,4032,4015,4088,4144,4144,4389,4524,4446,4740,4800,4920,5208,5229,5376,5590,5940,6188,6348,6417,6840,7056,7200,7400,7676,7828,8112,8453,8720,9020,9576,10005,10384,10591,11132,11439,12288,12576,13132,13662,14140,14976,15476,16308,16786,17248,18354,19278,20832,21750,23040,24552,25403,27105,28600,30368,32400,34410,37422,40836,42978,47700,50116,55272,61608,64790,71060,78890,85196,97020,108240,121365,136831,156500,182520,213807,247296,301176,364190,454518,583050,767735,806274,786210,769743,741771,705486,654784,564348,415530,210028,37910,0,0,0,0,0,0,0,0,0,0,0,0,0,0,0,0,0,0,0,0,0,0,0,0,0,0,0,0,0,0,0,0,0,0,0,0,0,0,0,0,0,0,0,0,0,0,0,0,0,0,0,0,0,0,0,0,0,0,0,0,0,0,0,0,0,0,0,0,0,0,0,0,0,0,0,0,0,0,0,0,0,0,0,0,0,0,0,0,0,0,0,0,0,0,0,0,0,0,0,0,0
912,1092,1080,1092,1120,1260,1230,1189,1302,1218,1260,1260,1505,1462,1505,1485,1518,1564,1564,1551,1680,1536,1680,1728,1680,1666,1700,1785,1836,1924,1820,2028,1976,1938,2028,1938,1989,2120,2160,2268,2322,2451,2394,2451,2508,2745,2852,2867,2852,2914,2944,3149,3216,3168,3350,3300,3400,3588,3536,3657,3763,3780,3942,4015,4144,4144,4144,4389,4582,4661,4800,4920,4920,5124,5394,5481,5632,6097,6164,6324,6555,6745,7128,7029,7575,7828,8480,8453,8720,9102,9266,9605,10353,10980,11500,11811,12220,12672,12960,13426,14100,14910,15900,16677,17538,18126,19024,20328,21328,22554,24235,25344,26460,28623,30240,32767,35482,38394,41496,45056,47882,52080,57036,62524,69438,75924,85278,94570,106967,119680,137532,156972,183596,214420,253929,303462,371372,467630,597840,700910,739522,700492,664868,622432,564000,470208,327222,152076,0,0,0,0,0,0,0,0,0,0,0,0,0,0,0,0,0,0,0,0,0,0,0,0,0,0,0,0,0,0,0,0,0,0,0,0,0,0,0,0,0,0,0,0,0,0,0,0,0,0,0,0,0,0,0,0,0,0,0,0,0,0,0,0,0,0,0,0,0,0,0,0,0,0,0,0,0,0,0,0,0,0,0,0,0,0,0,0,0,0,0,0,0,0,0,0,0,0,0,0,0,0,0,0,0,0,0,0,0,0,0,0,0,0,0,0,0,0,0,0,0
2040,2193,2244,2236,2132,2279,2279,2322,2385,2420,2464,2530,2679,2679,2668,2714,2773,2832,2880,2940,2891,3009,3060,2976,3264,3276,3380,3498,3551,3657,3710,3468,3519,3710,3710,3763,3726,3888,4104,4275,4408,4484,4543,4620,4758,5022,4941,5084,5332,5481,5418,5481,5760,5888,6045,6231,6486,6762,7029,7300,7725,8162,8316,8611,8848,9348,9744,10115,10701,11214,11557,11739,12314,13056,13426,14058,14645,15704,16371,17280,18256,19205,20691,21648,23495,24759,26792,28840,30160,32035,34200,37674,40260,44625,47880,51894,58212,63742,71280,76431,85744,97608,109516,124200,143665,165478,195942,233779,283712,349272,427280,470952,518229,570570,559550,495729,452686,389367,320334,179784,0,0,0,0,0,0,0,0,0,0,0,0,0,0,0,0,0,0,0,0,0,0,0,0,0,0,0,0,0,0,0,0,0,0,0,0,0,0,0,0,0,0,0,0,0,0,0,0,0,0,0,0,0,0,0,0,0,0,0,0,0,0,0,0,0,0,0,0,0,0,0,0,0,0,0,0,0,0,0,0,0,0,0,0,0,0,0,0,0,0,0,0,0,0,0,0,0,0,0,0,0,0,0,0,0,0,0,0,0,0,0,0,0,0,0,0,0,0,0,0,0,0,0,0,0,0,0,0,0,0,0,0,0,0,0,0,0,0,0,0,0,0,0,0,0,0,0,0,0
1333,1232,1485,1530,1575,1452,1564,1840,1794,1632,1598,1692,1645,1632,1911,1960,1911,1900,1850,2000,1950,2120,2173,2173,2173,2214,2214,2226,2160,2214,2160,2352,2451,2508,2552,2508,2668,2745,2790,3024,2760,3024,3024,3150,3087,3185,3315,3366,3484,3657,3710,3726,3763,3960,4070,4125,4200,4408,4680,4661,4661,4941,4920,5208,5270,5481,5568,5874,6188,6256,6486,6984,6984,7300,7600,7854,8295,8640,9102,9296,9660,10179,10591,11316,11718,12160,12480,12998,13328,13938,14626,15330,16416,17316,18515,19256,20280,21156,22784,24104,25460,27580,29315,31228,33813,36160,39984,43172,46620,51336,56145,61500,67838,75600,84365,93480,107976,121764,141075,163966,193545,226935,276336,340667,433132,565000,746046,781710,759676,731000,695426,643785,555427,405324,191753,0,0,0,0,0,0,0,0,0,0,0,0,0,0,0,0,0,0,0,0,0,0,0,0,0,0,0,0,0,0,0,0,0,0,0,0,0,0,0,0,0,0,0,0,0,0,0,0,0,0,0,0,0,0,0,0,0,0,0,0,0,0,0,0,0,0,0,0,0,0,0,0,0,0,0,0,0,0,0,0,0,0,0,0,0,0,0,0,0,0,0,0,0,0,0,0,0,0,0,0,0,0,0,0,0,0,0,0,0,0,0,0,0,0,0,0,0,0,0,0,0,0,0,0,0,0,0,0,0,0,0,0,0,0
595,612,490,560,770,1176,1204,1350,1350,1395,1364,1485,1564,1598,1598,1598,1584,1598,1632,1666,1666,1800,2145,2080,2132,2173,2310,2310,2255,2408,2464,2552,2565,2668,2610,2784,2880,2880,2940,3100,3150,3087,3200,3366,3484,3432,3551,3657,3588,3672,3780,3905,3976,4032,4218,4350,4484,4560,4602,4680,4740,4880,5229,5229,5355,5504,5785,5915,6138,6650,6460,6831,6900,7373,7725,7875,8502,8580,9315,9315,9828,10527,10736,11250,11739,12314,12596,13483,13860,14544,15704,16585,17380,18368,19539,21350,22554,24381,26130,27324,29394,32035,34119,36800,40247,44275,49227,53109,58212,67392,72594,81896,92232,104895,120175,140826,165880,198720,239395,296424,377803,477840,530250,599046,613690,591710,555408,510984,416983,265932,91609,0,0,0,0,0,0,0,0,0,0,0,0,0,0,0,0,0,0,0,0,0,0,0,0,0,0,0,0,0,0,0,0,0,0,0,0,0,0,0,0,0,0,0,0,0,0,0,0,0,0,0,0,0,0,0,0,0,0,0,0,0,0,0,0,0,0,0,0,0,0,0,0,0,0,0,0,0,0,0,0,0,0,0,0,0,0,0,0,0,0,0,0,0,0,0,0,0,0,0,0,0,0,0,0,0,0,0,0,0,0,0,0,0,0,0,0,0,0,0,0,0,0,0,0,0,0,0,0,0,0,0,0,0,0,0,0,0,0
736,759,825,768,726,759,825,816,875,875,936,900,875,900,962,836,851,875,1102,1064,1036,1170,960,936,1080,1200,1240,1271,1312,1344,1419,1344,1462,1290,1428,1333,1505,1470,1505,1584,1628,1672,1628,1628,1748,1710,1872,1862,1862,1850,1950,1950,2028,1989,2040,2184,2226,2184,2142,2132,2268,2310,2365,2365,2508,2494,2610,2610,2610,2610,2806,2852,2961,3024,3024,3120,3283,3300,3300,3300,3692,3588,3710,3780,3888,3888,4015,4125,4332,4332,4389,4661,4860,4941,5084,5418,5418,5632,5785,6188,6417,6580,6720,6912,7500,7623,7956,8320,8881,9240,9408,9690,10179,10890,11532,12065,12610,13034,13800,14039,14729,15582,16568,17584,18908,19873,21500,22656,23973,25380,27105,28886,31376,34320,37746,40869,45666,48840,55185,59388,65720,73248,82134,93119,107448,123516,142975,170694,204344,242952,306294,391822,515025,707061,807270,786586,768691,728991,683735,588244,414312,167860,0,0,0,0,0,0,0,0,0,0,0,0,0,0,0,0,0,0,0,0,0,0,0,0,0,0,0,0,0,0,0,0,0,0,0,0,0,0,0,0,0,0,0,0,0,0,0,0,0,0,0,0,0,0,0,0,0,0,0,0,0,0,0,0,0,0,0,0,0,0,0,0,0,0,0,0,0,0,0,0,0,0,0,0,0,0,0,0,0,0,0,0,0,0,0,0,0,0,0,0,0,0,0,0,0,0,0
640,589,651,651,726,782,714,864,900,972,792,720,770,748,735,748,770,770,851,805,816,840,792,874,777,851,920,836,1000,1025,858,858,874,1092,1131,1230,1260,1204,1232,1320,1452,1485,1440,1364,1334,1472,1472,1518,1620,1692,1645,1645,1739,1813,1813,1900,1813,1900,2040,2080,2091,2040,2080,2120,2120,2173,2214,2279,2332,2322,2365,2420,2408,2494,2867,2891,2940,2880,2989,3087,3087,3150,3264,3200,3380,3468,3551,3672,3726,3780,4047,4176,4218,4350,4408,4484,4466,5002,5002,5022,5270,5418,5632,5785,5896,6440,6532,6935,7125,7469,7722,8058,8400,8667,8829,9324,9744,10440,11040,11532,12096,12255,12804,13365,13974,14700,15768,16568,17898,18837,19965,20956,22272,23842,25192,27300,30305,31439,34602,37422,40869,44975,48918,54963,60180,66030,74806,83308,95882,109470,126567,148104,175296,211629,253368,323840,414120,550051,769080,811680,793504,779121,740740,698802,586768,385208,133783,0,0,0,0,0,0,0,0,0,0,0,0,0,0,0,0,0,0,0,0,0,0,0,0,0,0,0,0,0,0,0,0,0,0,0,0,0,0,0,0,0,0,0,0,0,0,0,0,0,0,0,0,0,0,0,0,0,0,0,0,0,0,0,0,0,0,0,0,0,0,0,0,0,0,0,0,0,0,0,0,0,0,0,0,0,0,0,0,0,0,0,0,0,0,0,0,0,0,0,0,0,0
336,348,403,720,576,666,629,612,1288,1426,1518,1551,1504,1472,1472,1504,1617,1650,1650,1887,1976,2106,2067,2200,2255,2255,2408,2255,2408,2552,2508,2552,2668,2773,2989,3224,3111,3111,3213,3348,3264,3264,3445,3604,3604,3604,3710,3780,3905,4088,4161,4292,4484,4697,4680,4661,4819,5002,5146,5355,5504,5568,5785,6006,6298,6984,6930,6900,7519,7800,7980,8502,8848,9348,9594,10200,10648,11036,11648,12052,12276,13248,14157,14600,15750,16324,17222,18419,20060,21771,23058,25283,26792,29110,31524,34119,37352,40748,45135,49496,54150,60400,71940,76832,89280,100296,116208,134890,161098,196075,240264,302742,387972,479358,537108,611376,592074,550900,507552,430560,291840,104286,0,0,0,0,0,0,0,0,0,0,0,0,0,0,0,0,0,0,0,0,0,0,0,0,0,0,0,0,0,0,0,0,0,0,0,0,0,0,0,0,0,0,0,0,0,0,0,0,0,0,0,0,0,0,0,0,0,0,0,0,0,0,0,0,0,0,0,0,0,0,0,0,0,0,0,0,0,0,0,0,0,0,0,0,0,0,0,0,0,0,0,0,0,0,0,0,0,0,0,0,0,0,0,0,0,0,0,0,0,0,0,0,0,0,0,0,0,0,0,0,0,0,0,0,0,0,0,0,0,0,0,0,0,0,0,0,0,0,0,0,0,0,0,0,0,0,0
651,651,640,651,672,558,660,594,528,544,480,748,825,660,640,608,612,646,714,805,805,735,700,627,630,703,720,735,756,792,828,1026,912,814,897,874,777,851,1120,1271,1247,1092,1320,1333,1440,1485,1472,1518,1395,1408,1504,1518,1598,1645,1728,1692,1862,1813,1728,1813,1960,1950,1950,2080,2080,2173,2226,2173,2226,2226,2332,2332,2332,2365,2408,2552,2552,2714,2820,2820,2880,2832,3087,3213,3250,3300,3417,3618,3740,3672,3905,3960,4161,4275,4408,4620,4680,4800,5002,5002,5185,5368,5632,5915,5874,6324,6603,7008,7178,7644,7956,8112,8453,8910,9213,9831,10530,11011,11532,11938,12126,12672,13600,14382,15476,16416,17205,17967,19352,20910,21924,23711,25460,27186,29232,31650,35011,38212,41832,46080,50592,55948,62212,70414,79005,89782,103859,120652,141726,168156,204612,248325,313599,406076,546244,751285,778870,756656,722196,680022,597304,442339,202064,0,0,0,0,0,0,0,0,0,0,0,0,0,0,0,0,0,0,0,0,0,0,0,0,0,0,0,0,0,0,0,0,0,0,0,0,0,0,0,0,0,0,0,0,0,0,0,0,0,0,0,0,0,0,0,0,0,0,0,0,0,0,0,0,0,0,0,0,0,0,0,0,0,0,0,0,0,0,0,0,0,0,0,0,0,0,0,0,0,0,0,0,0,0,0,0,0,0,0,0,0,0,0,0,0,0
580,551,640,589,651,651,704,620,651,682,693,608,693,726,748,726,759,875,816,816,840,782,840,840,875,900,864,925,936,900,925,925,950,975,1014,1000,960,984,1218,1376,1344,1376,1376,1739,1776,1776,1813,1989,2028,1989,1989,1950,1989,2173,2268,2322,2365,2408,2610,2714,2655,2820,2867,2806,2867,2976,3024,3185,3350,3417,3484,3588,3710,3920,3976,4104,4275,4275,4389,4720,4819,5084,5146,5229,5525,5590,5785,6097,6348,6417,6862,7275,7524,7575,8240,8295,8640,9379,9775,10266,10648,11250,12160,12540,12998,14111,14872,15729,16983,17472,18908,20449,21452,23349,25058,27105,30160,33136,34854,39360,42160,46620,51408,56826,67847,73260,84130,97152,113568,134946,162288,196560,244440,309600,409836,560151,822160,825384,800778,780670,737419,662560,470475,178619,0,0,0,0,0,0,0,0,0,0,0,0,0,0,0,0,0,0,0,0,0,0,0,0,0,0,0,0,0,0,0,0,0,0,0,0,0,0,0,0,0,0,0,0,0,0,0,0,0,0,0,0,0,0,0,0,0,0,0,0,0,0,0,0,0,0,0,0,0,0,0,0,0,0,0,0,0,0,0,0,0,0,0,0,0,0,0,0,0,0,0,0,0,0,0,0,0,0,0,0,0,0,0,0,0,0,0,0,0,0,0,0,0,0,0,0,0,0,0,0,0,0,0,0,0
480,570,620,570,600,551,570,672,693,748,782,782,726,693,660,528,578,612,646,680,660,646,770,805,840,814,814,792,828,1036,1140,1170,1248,1170,1240,1230,1271,1428,1419,1530,1505,1462,1505,1584,1584,1610,1645,1656,1656,1692,1739,1776,1692,1813,1862,1824,1989,2040,2132,2200,2214,2160,2226,2268,2508,2552,2552,2464,2552,2640,2700,2852,2806,2961,2914,3072,3136,3185,3350,3468,3621,3692,3888,3888,3942,4524,4408,4661,4582,4897,5002,5355,5504,5808,6120,6279,6674,6816,7056,7326,7956,8056,8560,8829,9266,9545,10234,10614,11340,12090,12864,13622,14100,14832,16200,16830,17967,19352,20449,22072,23530,26112,28200,31605,34352,36320,40172,43596,49128,55076,64272,68373,78542,90508,104490,121164,149688,178690,222507,279390,353250,475123,669170,788200,765762,730730,691896,608396,458590,201825,0,0,0,0,0,0,0,0,0,0,0,0,0,0,0,0,0,0,0,0,0,0,0,0,0,0,0,0,0,0,0,0,0,0,0,0,0,0,0,0,0,0,0,0,0,0,0,0,0,0,0,0,0,0,0,0,0,0,0,0,0,0,0,0,0,0,0,0,0,0,0,0,0,0,0,0,0,0,0,0,0,0,0,0,0,0,0,0,0,0,0,0,0,0,0,0,0,0,0,0,0,0,0,0,0,0,0,0,0,0,0,0,0,0,0,0,0,0,0
646,684,700,700,792,760,798,874,814,851,874,814,874,851,851,864,888,912,975,912,666,912,1118,1144,1334,1305,1380,1323,1440,1488,1421,1734,1785,1976,1976,2080,2132,2173,2214,2255,2310,2436,2610,2610,2610,2760,2640,2745,2898,3185,3234,3200,3332,3264,3332,3350,3519,3519,3468,3763,3763,3888,4144,4144,4332,4602,4758,4880,5146,5146,5440,5808,5850,6072,6392,6528,6762,6831,7171,7416,8056,8470,8960,9877,9877,10455,11610,11528,12648,13300,13871,14800,16218,17331,18860,19488,21054,22987,24759,27336,30015,32400,36814,38556,44022,49128,54812,61404,69660,78769,91718,110240,129105,154224,192204,240286,310250,414558,553959,643968,692955,656778,610880,537911,385101,133238,0,0,0,0,0,0,0,0,0,0,0,0,0,0,0,0,0,0,0,0,0,0,0,0,0,0,0,0,0,0,0,0,0,0,0,0,0,0,0,0,0,0,0,0,0,0,0,0,0,0,0,0,0,0,0,0,0,0,0,0,0,0,0,0,0,0,0,0,0,0,0,0,0,0,0,0,0,0,0,0,0,0,0,0,0,0,0,0,0,0,0,0,0,0,0,0,0,0,0,0,0,0,0,0,0,0,0,0,0,0,0,0,0,0,0,0,0,0,0,0,0,0,0,0,0,0,0,0,0,0,0,0,0,0,0,0,0,0,0,0,0,0,0
600,589,558,570,600,620,651,704,672,768,792,816,782,792,840,999,999,962,962,1026,962,988,1036,962,962,950,999,1036,1178,1240,1200,1271,1312,1353,1386,1540,1540,1540,1452,1386,1419,1575,1702,1692,1610,1598,1728,1715,1850,1887,1900,2028,2040,2080,2160,2226,2268,2451,2451,2494,2552,2655,2668,2820,2914,3024,2976,3185,3102,3381,3400,3350,3570,3816,3869,3888,4144,4256,4524,4543,4602,4838,5063,5208,5568,5829,6052,6256,6624,7056,7227,7548,7875,8720,8769,9296,9945,10406,10912,11776,12540,13192,14058,14832,15794,17050,18193,19588,21228,22554,25270,26989,30806,34808,37030,40247,45212,50048,56648,65199,73584,84812,99396,118482,145262,177952,222650,285891,377345,522501,738227,763186,726480,677446,602167,445343,180495,0,0,0,0,0,0,0,0,0,0,0,0,0,0,0,0,0,0,0,0,0,0,0,0,0,0,0,0,0,0,0,0,0,0,0,0,0,0,0,0,0,0,0,0,0,0,0,0,0,0,0,0,0,0,0,0,0,0,0,0,0,0,0,0,0,0,0,0,0,0,0,0,0,0,0,0,0,0,0,0,0,0,0,0,0,0,0,0,0,0,0,0,0,0,0,0,0,0,0,0,0,0,0,0,0,0,0,0,0,0,0,0,0,0,0,0,0,0,0,0,0,0,0,0,0,0,0,0,0,0,0,0
588,588,616,616,580,713,736,768,792,792,800,825,850,884,875,910,884,884,962,936,972,1026,1092,1064,1064,1064,988,1040,1064,1092,1170,1189,1247,1260,1302,1302,1333,1376,1419,1452,1496,1496,1452,1485,1485,1564,1692,1715,1862,1950,1950,2040,2040,2160,2296,2408,2464,2394,2478,2394,2394,2610,2700,2745,2745,2790,2852,2944,3120,3350,3536,3536,3710,3692,3763,3816,4125,4200,4312,4312,4560,4838,5040,5185,5568,5850,6072,6486,6790,7154,7425,7828,7950,8424,8927,9315,9996,10578,11214,11375,12502,13152,14100,15141,16006,17113,18256,19836,21538,23552,25536,28566,31030,34200,38160,42504,46728,53669,59598,67392,77350,90678,106335,125950,158004,196650,244970,315815,436015,613494,718272,710976,658242,579700,447752,210560,0,0,0,0,0,0,0,0,0,0,0,0,0,0,0,0,0,0,0,0,0,0,0,0,0,0,0,0,0,0,0,0,0,0,0,0,0,0,0,0,0,0,0,0,0,0,0,0,0,0,0,0,0,0,0,0,0,0,0,0,0,0,0,0,0,0,0,0,0,0,0,0,0,0,0,0,0,0,0,0,0,0,0,0,0,0,0,0,0,0,0,0,0,0,0,0,0,0,0,0,0,0,0,0,0,0,0,0,0,0,0,0,0,0,0,0,0,0,0,0,0,0,0,0,0,0,0,0,0,0,0,0,0
720,777,798,777,798,798,874,874,858,960,858,1161,1104,1504,1470,1764,2655,2655,2668,2852,2867,3136,3185,3234,3300,3234,3350,3536,3604,3536,3657,3834,3960,4200,4332,4466,4740,5084,5084,5270,5720,5850,6138,6138,6460,6762,7446,7560,8025,8736,9430,10080,10248,11136,11440,12376,13066,13916,14900,16430,17871,18592,20007,22500,24381,27000,30240,33660,36110,42588,46440,51799,59004,66880,79223,94601,113820,137470,168525,210388,274620,373626,525740,603520,669688,606816,554743,463968,238182,0,0,0,0,0,0,0,0,0,0,0,0,0,0,0,0,0,0,0,0,0,0,0,0,0,0,0,0,0,0,0,0,0,0,0,0,0,0,0,0,0,0,0,0,0,0,0,0,0,0,0,0,0,0,0,0,0,0,0,0,0,0,0,0,0,0,0,0,0,0,0,0,0,0,0,0,0,0,0,0,0,0,0,0,0,0,0,0,0,0,0,0,0,0,0,0,0,0,0,0,0,0,0,0,0,0,0,0,0,0,0,0,0,0,0,0,0,0,0,0,0,0,0,0,0,0,0,0,0,0,0,0,0,0,0,0,0,0,0,0,0,0,0,0,0,0,0,0,0,0,0,0,0,0,0,0,0,0,0,0,0,0,0,0,0,0,0,0,0,0,0,0,0,0,0,0,0,0,0,0
486,486,459,459,459,486,476,532,459,493,510,589,558,448,416,480,527,589,600,527,465,465,495,510,544,561,672,576,627,714,782,759,770,805,805,792,792,777,814,851,792,792,888,988,988,1026,1014,1189,1107,1176,1204,1232,1333,1386,1505,1408,1472,1485,1645,1776,1776,1728,1728,1950,1950,1976,1989,2040,2091,2184,2184,2365,2376,2376,2365,2408,2537,2610,2726,2832,2989,2867,2976,2928,3200,3264,3250,3366,3484,3604,3850,3976,4218,4275,4408,4466,4524,4800,5022,5292,5440,5720,6030,6348,6650,7081,7252,7650,8190,8374,8938,9408,9976,10560,11214,11960,12804,13464,14626,15688,16677,18012,19305,20230,22375,24497,26852,29315,32400,37206,41334,46102,51975,60496,67204,77518,91012,108768,131159,163840,204512,262675,352350,491097,730898,875688,839040,788574,711186,527961,195415,0,0,0,0,0,0,0,0,0,0,0,0,0,0,0,0,0,0,0,0,0,0,0,0,0,0,0,0,0,0,0,0,0,0,0,0,0,0,0,0,0,0,0,0,0,0,0,0,0,0,0,0,0,0,0,0,0,0,0,0,0,0,0,0,0,0,0,0,0,0,0,0,0,0,0,0,0,0,0,0,0,0,0,0,0,0,0,0,0,0,0,0,0,0,0,0,0,0,0,0,0,0,0,0,0,0,0,0,0,0,0,0,0,0,0,0,0,0
1530,1032,1276,1426,1488,1470,2760,2820,2928,2976,3072,3234,3283,3264,3283,3400,3519,3536,3657,3763,4088,4218,4275,4332,4661,5146,5146,5063,5481,5760,5850,6270,6664,6900,7070,7455,7770,8624,9120,9840,10209,11264,11570,12825,12972,14355,15300,16692,17982,19320,21120,23125,25676,29252,32184,34731,40915,46003,51700,58904,67628,79778,99328,116416,142672,176475,223392,303142,422400,539274,622765,624860,522000,445043,273350,0,0,0,0,0,0,0,0,0,0,0,0,0,0,0,0,0,0,0,0,0,0,0,0,0,0,0,0,0,0,0,0,0,0,0,0,0,0,0,0,0,0,0,0,0,0,0,0,0,0,0,0,0,0,0,0,0,0,0,0,0,0,0,0,0,0,0,0,0,0,0,0,0,0,0,0,0,0,0,0,0,0,0,0,0,0,0,0,0,0,0,0,0,0,0,0,0,0,0,0,0,0,0,0,0,0,0,0,0,0,0,0,0,0,0,0,0,0,0,0,0,0,0,0,0,0,0,0,0,0,0,0,0,0,0,0,0,0,0,0,0,0,0,0,0,0,0,0,0,0,0,0,0,0,0,0,0,0,0,0,0,0,0,0,0,0,0,0,0,0,0,0,0,0,0,0,0,0,0,0,0,0,0,0,0,0,0,0,0,0,0,0,0,0
