0.01551754,0.022520399,0.02626894,0.027362762,0.0294424,0.02868486,0.02949894,0.029713385,0.029786825,0.029710796,0.030865436,0.032938227,0.034416046,0.035842177,0.035982277,0.034892745,0.03465196,0.034197193,0.033212174,0.033598937,0.032025445,0.03445995,0.03698102,0.041109063,0.04292526,0.04523563,0.04576702,0.044133868,0.045171224,0.046410747,0.049364526,0.05005337,0.053664736,0.05488884,0.053302407,0.05317885,0.053982113,0.049337298,0.052112747,0.053266563,0.050618824,0.056428917,0.05932246,0.062646054,0.06485977,0.06309117,0.06226729,0.064778976,0.065607026,0.066724956,0.06555578,0.063562065,0.06929668,0.07336387,0.074173465,0.07483331,0.07470062,0.0790954,0.082439065,0.084914796,0.08483455,0.08358523,0.085155964,0.08444867,0.082619,0.078434184,0.07474541,0.07338761,0.07096987,0.07151874,0.0729807,0.07320368,0.07660162,0.07772458,0.07476923,0.079258084,0.07208047,0.06643106,0.06360627,0.055084,0.055874035,0.052894022,0.05400401,0.04912112,0.04755879,0.042746063,0.03183714
0.014125705,0.017379079,0.021112572,0.021035276,0.02218704,0.022965407,0.025459236,0.026284795,0.028308101,0.033720262,0.036518738,0.038202174,0.039690636,0.039338097,0.03889386,0.038230516,0.045444537,0.044890977,0.043233816,0.043716714,0.0333886,0.031458184,0.036570806,0.03823327,0.03924102,0.039799087,0.037660718,0.036701526,0.04130204,0.042194143,0.042668287,0.04595243,0.045088552,0.047308534,0.0516791,0.050937843,0.05566492,0.057426654,0.05666099,0.06282981,0.060081683,0.060814854,0.06021824,0.059525993,0.06615703,0.07278331,0.07769648,0.08213912,0.07899469,0.077950634,0.08192078,0.079923235,0.07985694,0.07724798,0.069762915,0.06896526,0.06936238,0.06936003,0.07391433,0.07485381,0.07688896,0.0766214,0.072912365,0.06989751,0.06824919,0.06762559,0.063692175,0.05789643,0.055422008,0.054410715,0.053406578,0.05773445,0.055782277,0.05650562,0.059189893,0.05689707,0.055374492,0.05054159,0.046985783,0.042757206,0.042727944,0.04198112,0.04144222,0.04205239,0.03921891,0.033022393,0.025479276
0.017187975,0.023636779,0.028674962,0.031347554,0.032245055,0.03307412,0.033064503,0.03252141,0.03393123,0.03376022,0.036442015,0.037047517,0.036452428,0.037128624,0.036303412,0.038020384,0.043179136,0.045064468,0.049380224,0.051577855,0.049906936,0.051020484,0.04983595,0.047616873,0.047126178,0.04572869,0.045532126,0.04787323,0.049656685,0.052543346,0.056373738,0.061145976,0.06577404,0.06917009,0.070882976,0.06872161,0.070652954,0.072521605,0.07351125,0.07800201,0.07922239,0.08066409,0.080271095,0.07966896,0.0780864,0.083372116,0.09165375,0.10077123,0.11099422,0.10798472,0.11182318,0.11316035,0.1124065,0.11337387,0.109915264,0.10904142,0.10982032,0.11863088,0.117224835,0.11289656,0.1106503,0.10591049,0.107813925,0.10749864,0.106334016,0.10034971,0.094876856,0.09139848,0.090153016,0.08763434,0.08414689,0.08528978,0.08135968,0.08103196,0.07908725,0.07309006,0.06860367,0.06399276,0.06423374,0.062269136,0.058994297,0.05822317,0.054083128,0.052127443,0.047870573,0.041022178,0.033173684
0.022131791,0.028849557,0.03305833,0.034392476,0.035427935,0.034410797,0.03455771,0.03363471,0.033422176,0.03679823,0.035759166,0.036663745,0.036410455,0.03565477,0.040445544,0.04327387,0.045651898,0.04418837,0.042635694,0.042610772,0.043948166,0.046861134,0.04815464,0.050155457,0.049922217,0.05328273,0.05832452,0.05935936,0.06472668,0.06553967,0.06309007,0.06694996,0.06385399,0.068864614,0.071908794,0.07402926,0.076966636,0.07412807,0.07795268,0.07806116,0.07942012,0.08391863,0.08619423,0.09455334,0.101888694,0.10213596,0.107959025,0.10877652,0.10604658,0.11559036,0.11314089,0.11664432,0.11671057,0.11427033,0.11604734,0.11196106,0.118891254,0.11626418,0.11621827,0.12038206,0.11228608,0.11069793,0.11191688,0.1086668,0.10912694,0.10740674,0.1011514,0.09225474,0.087142125,0.08595683,0.084239714,0.085505195,0.085721865,0.08179843,0.076033525,0.07047502,0.067529164,0.062721476,0.061245047,0.05936241,0.061687723,0.062180776,0.060791127,0.058404047,0.053040676,0.04557963,0.03757909
0.023751648,0.029630156,0.034873754,0.036461715,0.03728772,0.036126666,0.036845546,0.037951592,0.040308133,0.04316206,0.04256287,0.041242346,0.04218947,0.043033548,0.04330739,0.047373332,0.045913495,0.04619132,0.047993246,0.045282155,0.045658164,0.046262316,0.045492508,0.048197567,0.049485333,0.051919498,0.05986663,0.061673045,0.06494346,0.0664451,0.06206645,0.06263941,0.06451749,0.07275978,0.08088477,0.08870299,0.08884805,0.08746611,0.090433516,0.09277788,0.09410723,0.09879118,0.10028114,0.10102873,0.10673362,0.11221093,0.112493716,0.115739964,0.11702607,0.11282129,0.11312776,0.115212,0.11684103,0.117766105,0.11779979,0.118046366,0.12183829,0.12645593,0.12794602,0.12481055,0.120378725,0.11767576,0.120403595,0.11848891,0.1163777,0.11147691,0.102604106,0.09926678,0.10325144,0.1019864,0.10374996,0.100383334,0.0873773,0.08287639,0.07597763,0.07275885,0.07286026,0.07338206,0.0714577,0.07176098,0.07022183,0.06546374,0.06180166,0.060008157,0.05686117,0.04705406,0.039517004
0.03142142,0.03711686,0.04428814,0.043203298,0.04703083,0.04832334,0.048817668,0.05018363,0.051506177,0.05633603,0.055446565,0.061304104,0.06480448,0.06428102,0.067664206,0.06746487,0.06408199,0.061831333,0.06318825,0.06477499,0.068562806,0.07479578,0.07846637,0.087900914,0.0885146,0.09311919,0.09841846,0.093295865,0.098515026,0.100675955,0.096375056,0.10150324,0.09893751,0.100233756,0.11336602,0.119657375,0.12461121,0.12725823,0.1215211,0.1216866,0.1267045,0.1376184,0.14725038,0.14834619,0.15049097,0.14671952,0.14886783,0.16358894,0.16905499,0.17201406,0.17044057,0.16923265,0.16534846,0.16475566,0.16628292,0.16102695,0.16241585,0.16266993,0.16041785,0.15898521,0.15340768,0.15603128,0.15707003,0.14722246,0.14356858,0.12988313,0.11470972,0.10747294,0.1024275,0.09629178,0.09831757,0.094357885,0.093417704,0.09694357,0.08855799,0.08673409,0.08058633,0.06671518,0.065059245,0.065569706,0.06556344,0.06674905,0.065480165,0.061455503,0.059091315,0.050860688,0.040570173
0.0318653,0.03878534,0.045294583,0.046494685,0.04723866,0.048695132,0.049474522,0.051060412,0.055025075,0.05629801,0.05673261,0.05554282,0.056003,0.056042124,0.059607234,0.05989902,0.060324587,0.06284745,0.06403905,0.068037614,0.07178912,0.07167352,0.07633225,0.07793599,0.07533123,0.07971466,0.078326255,0.079629116,0.08041799,0.087700345,0.097008914,0.10178261,0.11318006,0.11262851,0.10820015,0.112006575,0.10779307,0.11018976,0.11591536,0.12812294,0.13742436,0.14729404,0.1475879,0.14200847,0.1474431,0.14922324,0.16422446,0.17267784,0.17296901,0.17069183,0.1673473,0.16704491,0.16380247,0.16851507,0.17130262,0.16467275,0.16720599,0.16313249,0.14864555,0.1538715,0.15087016,0.1478956,0.14746197,0.13442115,0.12455384,0.11593779,0.110551946,0.11007745,0.10826523,0.10498199,0.1008299,0.09459695,0.089102134,0.08247432,0.08393646,0.08054618,0.079293646,0.081083074,0.07728023,0.07405173,0.0696391,0.06432677,0.06023102,0.05989288,0.055450037,0.04807288,0.039385967
0.033163507,0.0419967,0.04698682,0.044092834,0.044532463,0.0438612,0.04474831,0.045066357,0.05118535,0.052740667,0.051703546,0.05292624,0.051925503,0.055644087,0.057771686,0.058776855,0.060677994,0.058321193,0.060755294,0.06266285,0.062398355,0.06430887,0.06822069,0.07123992,0.076500975,0.080738634,0.082520545,0.08482197,0.086133584,0.08549975,0.09151808,0.093909316,0.098784216,0.10499061,0.103912,0.1047299,0.11192576,0.11063444,0.11529683,0.12532012,0.12407651,0.13544628,0.14376824,0.14567022,0.14981043,0.1505919,0.15566973,0.15816802,0.15694301,0.16404895,0.16258717,0.16014786,0.15503845,0.14339559,0.14312679,0.14051284,0.14289491,0.14771178,0.14818668,0.14529197,0.14412501,0.1347704,0.12130532,0.11980245,0.11601498,0.112104826,0.106358685,0.10156764,0.097090445,0.09202317,0.09120627,0.088401906,0.08658898,0.09143166,0.08621837,0.08378517,0.08347134,0.0761507,0.07387256,0.0703512,0.06645335,0.06525735,0.06117609,0.05892238,0.054411165,0.04406132,0.038280476
0.031809516,0.04168598,0.04943583,0.053398505,0.05504263,0.057460826,0.06088854,0.06030519,0.06082317,0.061771844,0.061707687,0.06294892,0.06637109,0.06526905,0.065313466,0.067390606,0.06999587,0.071646295,0.07610011,0.07887624,0.08147803,0.087424114,0.08984272,0.089189894,0.09087078,0.09374263,0.099696346,0.111343995,0.115057096,0.12175991,0.12158451,0.11845884,0.11960557,0.12442443,0.12763111,0.13614254,0.14086054,0.14236163,0.15163928,0.1521471,0.15870209,0.1561969,0.16149023,0.16786152,0.16397424,0.16723575,0.16422884,0.16758949,0.17374462,0.17222258,0.1740591,0.16594288,0.16730899,0.16657986,0.16093023,0.15592693,0.14619103,0.14451046,0.14253584,0.14270473,0.14135078,0.13496561,0.12338954,0.11105981,0.09588622,0.087806806,0.08117706,0.07872748,0.0763886,0.07189639,0.06877966,0.0679384,0.06735847,0.065665744,0.06535625,0.06659223,0.064799726,0.06590525,0.06099849,0.05342342,0.05220758,0.047216397,0.04895846,0.05241554,0.05169582,0.048212983,0.040305316
0.045732766,0.054120943,0.05987217,0.06106851,0.06746485,0.06797684,0.07430044,0.074024364,0.07578445,0.0775322,0.07889252,0.07850382,0.07895723,0.081054345,0.079642914,0.07782941,0.078646995,0.080084994,0.087657884,0.09469925,0.096527435,0.09964019,0.09635861,0.09605873,0.096461765,0.09589192,0.09759782,0.10217323,0.103299804,0.109280705,0.11428275,0.117280476,0.12035028,0.12744792,0.1286386,0.13678834,0.13969998,0.14033099,0.14975506,0.15617865,0.16220699,0.16497846,0.16689235,0.16841961,0.17451298,0.17529327,0.17390811,0.16643156,0.15919259,0.15552853,0.15546945,0.15274107,0.15727112,0.15881419,0.1597875,0.1687655,0.16137622,0.16009912,0.14761159,0.13347226,0.12496095,0.11496167,0.11743648,0.111400925,0.1062899,0.101176485,0.097941294,0.09370004,0.09741904,0.09859648,0.09239308,0.0862254,0.082054995,0.07426077,0.069630645,0.073410496,0.07048711,0.06888836,0.06744867,0.061525423,0.06196768,0.061863326,0.05845404,0.05613546,0.053336002,0.045507926,0.036625333
0.06274103,0.07882198,0.08182177,0.08493968,0.07567114,0.06719648,0.07384974,0.07763924,0.08214084,0.08828885,0.08209502,0.064832196,0.066887386,0.05938237,0.07271865,0.084560886,0.08100062,0.07681405,0.065155074,0.047597893,0.055288784,0.05827357,0.06505845,0.07921808,0.078768946,0.08173244,0.08315792,0.075989515,0.0728843,0.0730807,0.07236588,0.08127161,0.08815668,0.09737989,0.10538492,0.107836545,0.11629331,0.12432797,0.13432291,0.14695847,0.1564921,0.15092908,0.1436739,0.13935784,0.1391214,0.14105244,0.15424052,0.1486266,0.14343105,0.14874116,0.14639424,0.15232648,0.14652234,0.14959739,0.13984774,0.13544364,0.1368829,0.1269701,0.12871762,0.117875546,0.10995832,0.10391943,0.092455864,0.0936176,0.091174915,0.09174378,0.09782175,0.101167776,0.102023445,0.10070548,0.09021647,0.07945622,0.07703518,0.07902781,0.088067174,0.088156216,0.084159635,0.07388901,0.058252346,0.05561313,0.052813347,0.04653347,0.044947427,0.0514624,0.05340192,0.052749433,0.04741463
0.039819777,0.050152063,0.059253756,0.060293026,0.060382053,0.06382772,0.066883646,0.06984835,0.077085085,0.0765537,0.07897806,0.08390119,0.081130214,0.08386304,0.08460691,0.08497108,0.08544642,0.08778891,0.08829267,0.09321431,0.10215112,0.10576333,0.109644525,0.114262424,0.113742895,0.11886173,0.12648927,0.13310477,0.14475767,0.14789775,0.15003675,0.15553397,0.15422845,0.15626328,0.15640138,0.15159504,0.14589687,0.14471284,0.14621976,0.14690243,0.15909502,0.17797124,0.18749031,0.19975686,0.20098415,0.19579588,0.19633426,0.1923214,0.19262399,0.18540904,0.18132174,0.17877133,0.17776287,0.18040253,0.17773876,0.17667875,0.17271847,0.16552618,0.16152355,0.15139173,0.14064074,0.1363226,0.127207,0.1208062,0.118458964,0.10852768,0.1085371,0.09859712,0.090072446,0.08777356,0.07573799,0.08002475,0.08002533,0.07676116,0.07822007,0.074210756,0.07069803,0.075637855,0.07284792,0.074586935,0.077348396,0.07104877,0.070770405,0.06853656,0.06602178,0.06170168,0.051596973
0.04626486,0.057307083,0.070838906,0.07327594,0.0783589,0.08247641,0.0822803,0.088770986,0.090263925,0.0970285,0.09881427,0.093980506,0.09126776,0.08868455,0.08904576,0.09289412,0.10648627,0.111500986,0.11552105,0.12033728,0.11518364,0.11478905,0.11632347,0.11350992,0.12161328,0.12965488,0.13774183,0.14954354,0.14670104,0.14976414,0.14931569,0.1489196,0.1559705,0.1545374,0.15741001,0.16686353,0.16923486,0.172582,0.17794408,0.17719832,0.18788561,0.1951638,0.20310587,0.2065974,0.20595948,0.20402037,0.20283951,0.20754917,0.20419289,0.20548862,0.20198241,0.19521332,0.18351226,0.1792192,0.17739688,0.17366013,0.18062024,0.17306626,0.16048703,0.1466055,0.13341998,0.12651975,0.12294064,0.11950782,0.11958113,0.113474034,0.114518754,0.11507676,0.109336115,0.11202434,0.10664292,0.09870462,0.0949699,0.08824245,0.07981494,0.07658983,0.074027605,0.06970611,0.07120989,0.0725806,0.07406578,0.073848605,0.070661165,0.069035515,0.06654309,0.059538297,0.04945786
0.04644037,0.061068,0.07062751,0.07417103,0.082140885,0.08518334,0.0855404,0.08870824,0.08971344,0.08970486,0.09341883,0.093314745,0.093795136,0.096471585,0.10184192,0.10445892,0.10697368,0.11278981,0.11065951,0.10959473,0.107754834,0.10634839,0.11323063,0.11714895,0.12312087,0.1265269,0.12975155,0.13934949,0.13939486,0.14343071,0.13895297,0.1412314,0.14950751,0.15072386,0.15869895,0.15784948,0.16388425,0.16991286,0.18285564,0.17871009,0.18014675,0.18109255,0.17934097,0.18749528,0.1870535,0.19585612,0.1946342,0.1999976,0.19657524,0.18334405,0.17763972,0.17541437,0.17989315,0.18526709,0.18261446,0.17783454,0.16789226,0.15069291,0.14022028,0.12727362,0.114912674,0.11007115,0.10758594,0.09675602,0.094581835,0.09464963,0.08671251,0.086027876,0.07703424,0.06949097,0.066714026,0.061719254,0.062823966,0.06196639,0.05605883,0.055386513,0.05278956,0.05616067,0.059669364,0.05736661,0.0591707,0.054748528,0.05250125,0.05566516,0.057187524,0.05109838,0.044676993
0.055756647,0.06760793,0.07789613,0.084942944,0.08490644,0.085130446,0.087159514,0.08348721,0.08034839,0.08493885,0.086432904,0.09242428,0.09695351,0.093398765,0.095289834,0.09741906,0.1041459,0.1081889,0.1141566,0.11060959,0.10373827,0.11450467,0.11601653,0.12984668,0.1385311,0.13766807,0.13745753,0.13477176,0.1416843,0.14118253,0.15531142,0.15252557,0.14865756,0.15571415,0.1596023,0.16938709,0.17753051,0.18043157,0.17910266,0.18432675,0.18883604,0.19331576,0.20050889,0.20590419,0.19971861,0.20073023,0.19599444,0.19611241,0.19309172,0.18783586,0.18926929,0.1798914,0.18964207,0.18013114,0.17059508,0.15518495,0.14657398,0.14683786,0.14203203,0.14194207,0.12834193,0.12418652,0.11032226,0.10631498,0.10075205,0.093714446,0.09151288,0.09295077,0.09171306,0.088546075,0.084732875,0.07574582,0.0709613,0.070700504,0.06804732,0.06799892,0.064347476,0.061481375,0.060140062,0.05796009,0.055215746,0.050644223,0.0475992,0.046661545,0.04807036,0.04472077,0.037069906
0.04652946,0.06412663,0.07229431,0.07330475,0.08644085,0.08950491,0.09489359,0.09838912,0.098014764,0.09610444,0.09677035,0.101729676,0.10300437,0.104781196,0.11168168,0.10829667,0.10392831,0.10479284,0.10651194,0.11027333,0.12261777,0.13458176,0.1349966,0.13686794,0.13576706,0.13340276,0.13775802,0.14293003,0.14370948,0.14842439,0.15099047,0.15550092,0.15969394,0.16116302,0.17458521,0.17605154,0.17353228,0.17764431,0.1771807,0.18961313,0.20032535,0.20270813,0.20341434,0.20357405,0.21170582,0.21480936,0.21164532,0.20333235,0.19531973,0.18653828,0.1830856,0.17905264,0.17894012,0.17232393,0.17342056,0.17148747,0.15715307,0.1585411,0.14173381,0.13470593,0.12613921,0.1153204,0.11558263,0.11045325,0.112817355,0.11650198,0.11142922,0.11650149,0.10837319,0.09650495,0.09554402,0.08593764,0.085347496,0.0926882,0.085282095,0.07932812,0.07722825,0.068290696,0.07150028,0.068655275,0.07241572,0.07392093,0.073850736,0.07373551,0.06540994,0.054635163,0.040681172
0.035955634,0.0467852,0.05691505,0.063267484,0.06439955,0.070304684,0.0738852,0.07521065,0.07681957,0.08167254,0.08403299,0.08646669,0.09433207,0.09249854,0.0984621,0.09754361,0.095236726,0.09640395,0.09111658,0.098667756,0.09795707,0.10526563,0.10966182,0.110199325,0.11727968,0.11384009,0.11928252,0.12283439,0.12365179,0.1372356,0.14234059,0.1459807,0.14957318,0.15054588,0.1506274,0.15867656,0.16562624,0.16495024,0.17265384,0.17835182,0.18477157,0.19385332,0.19127256,0.1941487,0.19583651,0.1994639,0.20871027,0.20170948,0.20257112,0.1980253,0.18776187,0.18619539,0.18347079,0.17985816,0.17828509,0.16814078,0.16086867,0.1452622,0.13941142,0.13805361,0.11809326,0.11046665,0.09321546,0.08200794,0.07727134,0.07385088,0.07008323,0.067270115,0.06520367,0.059794527,0.056886215,0.053442925,0.049235035,0.047206946,0.04622091,0.042634964,0.043407917,0.041896924,0.040755276,0.041099425,0.041051205,0.041969612,0.0415485,0.039993282,0.03848743,0.032802172,0.027016811
0.036822136,0.04627229,0.05992129,0.061239827,0.06571833,0.066908166,0.07151058,0.08004404,0.086631835,0.09727091,0.09737052,0.09978043,0.10863198,0.11081826,0.119732,0.12648754,0.12239222,0.12609743,0.1263453,0.12384669,0.1349691,0.14612931,0.1485693,0.15339723,0.157821,0.15777875,0.15868928,0.16931912,0.17054453,0.17198698,0.17918466,0.1789796,0.18048847,0.17881799,0.18061481,0.18873698,0.18998215,0.1926608,0.19322814,0.19555786,0.19850247,0.20035964,0.20702079,0.20414408,0.20355055,0.20308919,0.19407529,0.1923408,0.19236323,0.19111116,0.19480191,0.18664299,0.1846828,0.18664849,0.1769153,0.17400707,0.16687873,0.1532267,0.15000024,0.13640745,0.12637524,0.11952997,0.11869719,0.11498562,0.11023576,0.1181516,0.10503454,0.10781159,0.10246771,0.094166666,0.09944773,0.093283705,0.08939754,0.07823271,0.06885341,0.06864998,0.07082415,0.0734593,0.073583595,0.071432374,0.06523761,0.054744065,0.048446257,0.044049073,0.043371014,0.037623927,0.029429406
0.01046878,0.013028809,0.015696548,0.015644541,0.015833521,0.01600132,0.016275663,0.016800972,0.017026063,0.0174154,0.016536433,0.016928194,0.01790336,0.018254224,0.018982435,0.021305036,0.022245154,0.02246297,0.022787945,0.02086321,0.019984232,0.020640833,0.020647153,0.021322023,0.022458773,0.022481829,0.02356679,0.0240614,0.023877583,0.02377338,0.024330797,0.024819214,0.025302583,0.027272455,0.026751403,0.028344626,0.030729808,0.031155558,0.032134566,0.03291504,0.033252247,0.03440257,0.035439875,0.03573686,0.036362253,0.03814968,0.040099286,0.039944947,0.041281674,0.040040337,0.039808303,0.0418035,0.040442888,0.041330338,0.040394995,0.040616106,0.04088718,0.041196536,0.043151814,0.043070897,0.046714067,0.046425447,0.046442162,0.0450125,0.04053841,0.040643983,0.03995274,0.04050121,0.042979274,0.04314629,0.042297732,0.040661633,0.040430296,0.04256025,0.04247055,0.04378477,0.044506706,0.040199067,0.040421683,0.04049392,0.036077533,0.036388583,0.034771904,0.033167113,0.03373299,0.029627671,0.024615312
0.011899452,0.01515209,0.01791583,0.017873392,0.018445224,0.018904291,0.01837072,0.01900016,0.018202,0.01739483,0.01906788,0.01998124,0.019793374,0.020089552,0.019480487,0.019974435,0.021762496,0.022100562,0.021921316,0.021703694,0.020688348,0.021234354,0.022035183,0.023074796,0.024173977,0.025249436,0.024846353,0.023559675,0.025289038,0.026901927,0.027796745,0.029144952,0.028900191,0.028216781,0.028389784,0.028439667,0.02786504,0.027548477,0.028244866,0.030503891,0.030965278,0.03399629,0.03689943,0.03828757,0.040578987,0.04159628,0.04096319,0.042577166,0.041319244,0.041770175,0.042807177,0.04202765,0.044712115,0.04294403,0.04257821,0.04167866,0.041416194,0.043414626,0.04689524,0.046590067,0.047645416,0.048569605,0.046965353,0.04775045,0.047517877,0.047147833,0.047712352,0.047045663,0.047118332,0.04585507,0.04350827,0.045045897,0.043678094,0.042517915,0.042665083,0.04029968,0.038142852,0.036502905,0.03404574,0.033776227,0.033830374,0.033741508,0.032888457,0.03045277,0.02937344,0.025559133,0.02105891
0.01430423,0.018913826,0.02128743,0.021628901,0.021107577,0.020346336,0.020807909,0.020730942,0.022032237,0.022368127,0.022613134,0.023825113,0.023621712,0.024978548,0.026356384,0.02635824,0.02584997,0.024913631,0.025170922,0.025269944,0.027668564,0.030410461,0.031374745,0.0331181,0.033678807,0.03357068,0.03412796,0.032909136,0.033294614,0.03386156,0.03457686,0.036957268,0.038079966,0.038005397,0.038193442,0.03960097,0.042290583,0.045291834,0.048201524,0.05007709,0.049703985,0.050127495,0.053648975,0.056289323,0.059013575,0.058994982,0.057089344,0.056967877,0.05740075,0.058700126,0.059583306,0.06180187,0.067772,0.06969755,0.0722428,0.070847,0.06694831,0.06791204,0.06590534,0.064483956,0.06483073,0.06346572,0.06774356,0.069090635,0.064185865,0.06356407,0.05882815,0.059535787,0.06139817,0.058332335,0.054676138,0.051822394,0.048607428,0.049763106,0.048954163,0.045404922,0.045119435,0.04201597,0.04123622,0.038853217,0.03880861,0.037268322,0.035437908,0.03584376,0.033957552,0.029576153,0.02451558
0.015641304,0.01831975,0.021164889,0.022135502,0.023007639,0.023145469,0.022846228,0.022571731,0.021370806,0.022600966,0.024020724,0.023737218,0.026818778,0.028279692,0.028260332,0.02875692,0.026614394,0.02546662,0.026545592,0.029883068,0.032971673,0.034275066,0.033971187,0.032326926,0.030767517,0.03265405,0.035146955,0.036342513,0.03734216,0.035946075,0.03537275,0.036091786,0.039279316,0.041395787,0.042499505,0.043024253,0.042719044,0.04472745,0.048548065,0.054791372,0.057218764,0.057216633,0.057897527,0.055473465,0.055398744,0.05756115,0.056906663,0.058659647,0.06104696,0.06444605,0.06696563,0.06926892,0.07081558,0.07411624,0.07571463,0.0826242,0.08529787,0.08368921,0.08391435,0.07670582,0.073936716,0.07235841,0.07382421,0.07963474,0.08304078,0.083562545,0.08333414,0.07802124,0.073028296,0.0730243,0.06629085,0.06086446,0.059383567,0.055039182,0.05523649,0.055339735,0.048786115,0.04533181,0.043640446,0.041189,0.04277914,0.042003177,0.040534962,0.04054872,0.040164247,0.03490056,0.029016143
0.016157582,0.020122005,0.02214767,0.02387624,0.023744404,0.023779258,0.025512882,0.025141735,0.02588198,0.026816966,0.0277831,0.029269181,0.029057112,0.03037806,0.030178448,0.02812682,0.029368967,0.029136322,0.029777372,0.0325854,0.03266992,0.034036666,0.03464341,0.034265436,0.035910364,0.035812773,0.038752407,0.041758083,0.040309664,0.041257177,0.042706907,0.043012124,0.046067562,0.046070963,0.047104027,0.047084615,0.04839653,0.05162659,0.052393284,0.05394876,0.055721875,0.057276465,0.057892703,0.060564198,0.064691,0.06488229,0.064713426,0.06789651,0.06684978,0.07389317,0.08347033,0.085723706,0.08992659,0.08743977,0.08654667,0.08841772,0.087646395,0.089168414,0.09065753,0.093620636,0.09518328,0.09477921,0.09391834,0.086604804,0.08261434,0.07890443,0.07047005,0.06691857,0.06548101,0.06369089,0.0640346,0.06235617,0.06065984,0.05971618,0.056171935,0.054725863,0.058172937,0.05724105,0.05658029,0.05552456,0.04753284,0.044974655,0.043833043,0.042389777,0.038661312,0.03448277,0.026040964
0.016728537,0.019976983,0.023927037,0.024854016,0.025997328,0.027567297,0.031156179,0.032197278,0.032523785,0.03408234,0.03147958,0.033391416,0.03441955,0.03356467,0.035633814,0.034044974,0.034428973,0.03739327,0.03808815,0.039973818,0.041576702,0.04090693,0.045037795,0.045347255,0.045507554,0.04610532,0.043337375,0.045927856,0.048583437,0.050230175,0.05251045,0.054396536,0.055393305,0.057851784,0.059834514,0.06423012,0.06689241,0.06761466,0.07041227,0.07035692,0.072831415,0.07915601,0.083585635,0.08504513,0.08440228,0.08709267,0.08676002,0.09379972,0.09397679,0.0978698,0.09621917,0.09473501,0.101521134,0.09610663,0.099468045,0.09404119,0.092661135,0.09587597,0.0975066,0.10231727,0.10148584,0.10006095,0.09702955,0.08980539,0.084684834,0.07671161,0.07281442,0.07171833,0.06941549,0.06799245,0.064650245,0.06311232,0.059274994,0.056139678,0.056513686,0.053857982,0.05239128,0.05091861,0.0421917,0.04086323,0.03939594,0.03719086,0.03962288,0.03721557,0.035449956,0.03202392,0.023384955
0.0220019,0.02729927,0.029828196,0.030867497,0.031531148,0.03304152,0.03461209,0.035398617,0.03651899,0.035223827,0.035165116,0.035088066,0.035419334,0.03791923,0.03932149,0.039791767,0.03860435,0.037606917,0.037743106,0.03912244,0.04394562,0.046200134,0.049365308,0.052160375,0.049919885,0.051378857,0.055483785,0.056027584,0.057694945,0.05922471,0.056903906,0.05939961,0.06096016,0.05944434,0.060661603,0.06542595,0.06997995,0.07467098,0.07865493,0.0825209,0.08078553,0.080898516,0.08588827,0.08493469,0.09089154,0.09817785,0.09708517,0.099490345,0.1031691,0.107118495,0.10948125,0.11751723,0.1196691,0.11651917,0.118340485,0.109814934,0.110857405,0.10930292,0.106504604,0.11165387,0.10792219,0.107647456,0.10681737,0.096897475,0.09038149,0.084714,0.078171834,0.07773908,0.07664701,0.07324211,0.06973193,0.06470614,0.062315546,0.063383475,0.06369175,0.06267364,0.056849327,0.050672363,0.04949577,0.04617427,0.046786383,0.04543236,0.04132494,0.041344546,0.039868623,0.036525924,0.031086246
0.018961037,0.023404837,0.026640495,0.027588984,0.028417302,0.031253602,0.0319841,0.03374006,0.03387172,0.03153196,0.03290594,0.033644922,0.033918478,0.037749648,0.03935326,0.03985983,0.040229164,0.03847463,0.039641485,0.04104978,0.04290199,0.046318814,0.045752797,0.04643469,0.04748991,0.04639325,0.05377003,0.05681073,0.057090975,0.05999819,0.056559477,0.057716057,0.059631452,0.064610496,0.07167116,0.07202949,0.07688556,0.07173309,0.071347795,0.077732295,0.08380121,0.09074792,0.09365716,0.09735212,0.098878235,0.10388775,0.10892589,0.109599136,0.10916289,0.114965186,0.11683786,0.11648799,0.1167645,0.1113797,0.10807848,0.105309024,0.10562677,0.10874058,0.11095116,0.11412891,0.11420358,0.10905886,0.10366661,0.097824775,0.091332406,0.08610092,0.08269109,0.08061193,0.08045752,0.077507146,0.07202436,0.06755128,0.060465172,0.05632163,0.052787602,0.050442677,0.048159026,0.045367826,0.04414937,0.042109806,0.040534124,0.039728813,0.036786627,0.034319,0.031528696,0.025560722,0.020178333
0.02542024,0.02998162,0.03416469,0.032746214,0.033426765,0.03458434,0.034279108,0.035913173,0.037345495,0.037860613,0.039746795,0.039866567,0.041604564,0.041192077,0.04177209,0.045057084,0.044651277,0.047951054,0.050383653,0.049634494,0.050411906,0.05047579,0.052597657,0.054922175,0.059586216,0.061643697,0.06233242,0.065017015,0.061709803,0.06502424,0.06722718,0.065351084,0.07113526,0.07251602,0.078096606,0.08754327,0.090799905,0.09675898,0.09946333,0.10135021,0.10768629,0.114759736,0.11918956,0.12071447,0.12854624,0.12755455,0.12767082,0.12865919,0.12963301,0.13580853,0.14656323,0.15361564,0.14932774,0.14553575,0.13601182,0.12865825,0.12979482,0.13671118,0.13645054,0.13398226,0.12964861,0.11631892,0.10895771,0.1070952,0.10018977,0.097186804,0.096827894,0.09678298,0.093564436,0.083829135,0.07480293,0.0606554,0.0588842,0.061971325,0.059534855,0.058193248,0.050380994,0.044913437,0.045793395,0.04537317,0.045044675,0.042944156,0.039715588,0.03718758,0.036107317,0.030669956,0.024201201
0.022800338,0.029039264,0.035176255,0.036845837,0.035208765,0.03776312,0.037772585,0.040567912,0.04494014,0.044928662,0.046201717,0.045673862,0.04762753,0.04837775,0.047625598,0.050170094,0.04983311,0.05130809,0.056645088,0.060033157,0.06460413,0.06831034,0.06628919,0.065092735,0.06485127,0.066958345,0.07152339,0.07698161,0.079321235,0.08376684,0.08697479,0.093687445,0.098295555,0.0983386,0.10029584,0.095503606,0.10146189,0.100128196,0.1038267,0.11423193,0.118013576,0.1233376,0.12961975,0.13047348,0.13252339,0.14367709,0.15038632,0.15347797,0.15554358,0.15365124,0.15163518,0.15254377,0.15352868,0.15462606,0.14924963,0.14391398,0.1485722,0.14119905,0.13832425,0.14327219,0.12481309,0.12328757,0.12716544,0.12087433,0.121961325,0.11926984,0.108586155,0.10064537,0.09465409,0.09046956,0.08817313,0.08335028,0.0845866,0.08011504,0.07772216,0.074422196,0.069890015,0.06656514,0.06316841,0.06121265,0.05939315,0.058952335,0.054903075,0.05083474,0.046720687,0.036369674,0.030008918
0.027675694,0.033656828,0.037705388,0.03952115,0.03825185,0.039489433,0.041320167,0.04139558,0.043036252,0.042148158,0.04493969,0.044564586,0.044159085,0.046091504,0.04565189,0.052598838,0.054205842,0.05648969,0.057806298,0.05770767,0.060230885,0.0654882,0.0673151,0.07106773,0.07114801,0.070513025,0.07386231,0.072066896,0.078165144,0.08133747,0.08253484,0.08632423,0.09091031,0.09391351,0.10314915,0.10696265,0.10914596,0.11392688,0.1125226,0.11345579,0.12263617,0.12743784,0.14183116,0.14797094,0.14416648,0.14422129,0.1310401,0.14383997,0.14680752,0.15604052,0.16751018,0.16087852,0.1614017,0.15709871,0.15206613,0.14918518,0.15158099,0.1462968,0.14441228,0.14302202,0.1319644,0.124138504,0.11282398,0.09993227,0.09263289,0.08482622,0.07876646,0.072667874,0.066801175,0.062203765,0.054497935,0.04816255,0.04464718,0.04196065,0.04009542,0.039053503,0.036831275,0.036343846,0.03568935,0.03341783,0.03302051,0.030893626,0.029914558,0.029184066,0.027846169,0.024456915,0.018985063
0.026564827,0.035025172,0.040049646,0.043846074,0.042414173,0.040105626,0.041388124,0.04274269,0.048963048,0.051873285,0.05178076,0.053441755,0.053137977,0.055347364,0.060835846,0.058409285,0.059679057,0.05807738,0.0575008,0.059596483,0.058752213,0.060921133,0.066350006,0.068622015,0.06999882,0.07489415,0.07728136,0.08401205,0.09162225,0.092355706,0.09100607,0.09120335,0.09123087,0.10582868,0.1100095,0.114646524,0.115868166,0.10966379,0.11688939,0.12090965,0.12712151,0.13886388,0.14428963,0.14719321,0.14949635,0.14372045,0.14246398,0.14816993,0.15063015,0.15504742,0.16112089,0.16509087,0.16379063,0.16204113,0.15815997,0.15288611,0.14850537,0.15007341,0.14869002,0.14201231,0.14089943,0.131607,0.1234958,0.116445765,0.11245935,0.109395154,0.10199093,0.09667329,0.09185488,0.09319212,0.09141042,0.09136423,0.08961087,0.0811804,0.076303,0.07172513,0.06998402,0.06466608,0.06075586,0.058092836,0.05434703,0.053410057,0.054731,0.053291555,0.049810316,0.043159556,0.033338856
0.02377265,0.032139264,0.03952355,0.04069563,0.04384519,0.0431321,0.044489264,0.046388067,0.04462958,0.0463432,0.044360444,0.04452752,0.046512302,0.051332507,0.054164264,0.05982788,0.067166165,0.06643308,0.06676045,0.06314952,0.05813599,0.061668143,0.06570229,0.072455935,0.07407859,0.07615802,0.08317759,0.080298126,0.08656725,0.086214595,0.08323494,0.08914456,0.09448036,0.09884221,0.103295065,0.10493779,0.10556211,0.11065821,0.118156604,0.1294198,0.13482106,0.13541435,0.1382199,0.1365669,0.14107855,0.1521402,0.15205228,0.155191,0.15871307,0.1606508,0.16615888,0.16440107,0.16194971,0.15522799,0.15427126,0.15379265,0.15548068,0.14737347,0.13936816,0.13314241,0.12067251,0.12297732,0.1156591,0.11203921,0.104202785,0.09920484,0.09448681,0.09025856,0.08921163,0.08198506,0.079094134,0.075311914,0.07383501,0.07077659,0.067406066,0.063249625,0.05498349,0.054129574,0.05208734,0.05389316,0.054942798,0.05354313,0.05238515,0.049310945,0.047929764,0.041461937,0.033867616
0.024636738,0.030256905,0.038297817,0.0411575,0.045560103,0.047831498,0.047406625,0.047574356,0.045619246,0.044518046,0.046111546,0.049797047,0.052293524,0.05590423,0.055309005,0.055450574,0.05964802,0.063549,0.06603755,0.06571024,0.062650464,0.067082666,0.072058916,0.07674735,0.0827761,0.08100302,0.0817661,0.086181045,0.089595154,0.09470941,0.098643795,0.102775246,0.10267649,0.10356857,0.105679244,0.10509575,0.1071368,0.108853556,0.11733555,0.11798884,0.1333431,0.14712821,0.15199971,0.1620827,0.15814123,0.15880734,0.15416886,0.15108709,0.16242115,0.1625208,0.16729861,0.16878471,0.15941657,0.160452,0.1611979,0.15798506,0.15720792,0.15241672,0.14259994,0.1430272,0.13519442,0.12532112,0.12073122,0.10798244,0.103164606,0.0952674,0.08937701,0.087436,0.07913314,0.071851395,0.067260474,0.061189696,0.05700801,0.056206483,0.05331363,0.047900904,0.048257697,0.043171708,0.040627774,0.03951976,0.03626731,0.037660845,0.03623343,0.03343699,0.030514304,0.024730073,0.018127134
0.031892557,0.037813183,0.04368842,0.04383496,0.04405968,0.045782454,0.0476399,0.052221075,0.05150563,0.05246478,0.052615922,0.05103376,0.054690365,0.05576333,0.05932184,0.060255904,0.06253668,0.0640747,0.06478966,0.06550858,0.06609007,0.06799607,0.06843647,0.07018311,0.072037585,0.07272262,0.078679964,0.0837342,0.08774147,0.097338274,0.09472408,0.09619277,0.09585115,0.1011821,0.10925515,0.116267346,0.12455917,0.12284677,0.1300151,0.1302093,0.13573456,0.14289287,0.14657758,0.15248996,0.16022019,0.1582686,0.16029271,0.15972808,0.15142177,0.15726471,0.15727067,0.16000013,0.16822797,0.1660451,0.16179651,0.15952015,0.1472293,0.14076255,0.14246184,0.13655938,0.13412829,0.1319017,0.12116378,0.11360844,0.1067472,0.097854316,0.09338404,0.09481953,0.09451802,0.09159153,0.0887711,0.08035457,0.0739149,0.068862595,0.062260933,0.05781987,0.05583291,0.056772392,0.05416714,0.055595968,0.052962296,0.05112282,0.05048605,0.047999755,0.04746536,0.042070527,0.033574138
0.032054715,0.04436027,0.04999268,0.050813735,0.055172052,0.051946316,0.05797284,0.058735706,0.05771689,0.05952053,0.060077015,0.060229156,0.059141066,0.060797505,0.05621995,0.060204137,0.06867912,0.073408484,0.07579786,0.07956252,0.07876853,0.08363778,0.08935621,0.093214855,0.09992459,0.10031753,0.0983153,0.099108525,0.09638176,0.10016566,0.10849833,0.1176069,0.123565845,0.12196206,0.120494105,0.12102745,0.1242535,0.13786483,0.14574832,0.15461639,0.15772828,0.1638149,0.16683075,0.167788,0.17305422,0.16975321,0.17261593,0.17271627,0.17568332,0.17385049,0.1748799,0.17077544,0.17034794,0.16862223,0.16488351,0.15901895,0.14615136,0.1376042,0.1275052,0.123698086,0.11681536,0.11114538,0.10580987,0.10016371,0.102138445,0.10685927,0.10191451,0.0968973,0.084029175,0.07253946,0.074155055,0.07518433,0.07877844,0.07613136,0.073128596,0.070741974,0.068414144,0.06882169,0.063353814,0.059790157,0.057439543,0.05142226,0.0530118,0.052523088,0.05073483,0.046738718,0.03793131
0.02764282,0.035633955,0.04337746,0.043023802,0.048285708,0.049103633,0.05015105,0.054528642,0.05082631,0.05193268,0.055744417,0.05637559,0.061526872,0.061353415,0.061330218,0.060443837,0.060998008,0.06349401,0.06792617,0.07440764,0.08120952,0.08517395,0.08596458,0.09121208,0.088625394,0.09780898,0.09977645,0.102087006,0.10968298,0.10689535,0.11697653,0.12666757,0.12534375,0.13221104,0.13033856,0.12778188,0.13558541,0.14301516,0.14798082,0.15382722,0.16052444,0.15740617,0.16864887,0.16876177,0.17282003,0.17698607,0.17522137,0.18789938,0.18571128,0.19411114,0.19662888,0.18095876,0.17732123,0.16760783,0.16502292,0.16642699,0.16614988,0.16241764,0.14923577,0.14466639,0.1313709,0.12155737,0.11333096,0.10653882,0.10598704,0.10266697,0.102085374,0.09811385,0.08997649,0.08145031,0.07459517,0.06951592,0.06914918,0.07202227,0.069197685,0.06532842,0.065515816,0.06277022,0.06160204,0.05972828,0.056426484,0.050720673,0.048938498,0.05042476,0.049387936,0.044405382,0.0362568
0.032685038,0.04486449,0.052597363,0.057407275,0.05896796,0.057290565,0.05921742,0.058500342,0.06883781,0.071678184,0.07618595,0.081105605,0.07606061,0.073267795,0.07649856,0.07703385,0.07613333,0.081612214,0.07862713,0.08337248,0.09017075,0.09951559,0.10615748,0.103715144,0.10460602,0.10383159,0.10556322,0.115540065,0.11946936,0.12413007,0.12921888,0.13159992,0.1391923,0.14105497,0.14218317,0.143893,0.14253914,0.14257675,0.15016656,0.16204278,0.17121845,0.18050519,0.1828607,0.18548517,0.18016227,0.17978491,0.18371476,0.17533498,0.17743115,0.1705089,0.16736549,0.16457735,0.16597347,0.16864584,0.15448418,0.15595055,0.14666702,0.13674714,0.13535413,0.12598836,0.122283906,0.11971227,0.11360628,0.1082955,0.100202434,0.09917651,0.0980463,0.096626714,0.099023245,0.09794596,0.09608683,0.08881825,0.08107837,0.072991334,0.074607365,0.07247927,0.06984518,0.06496341,0.059135288,0.060148656,0.06138115,0.06251109,0.06256404,0.060471755,0.059203394,0.053230926,0.042932093
0.03400475,0.040044364,0.04761011,0.04441374,0.046812862,0.04927478,0.05299077,0.058682535,0.058799922,0.060029015,0.057926364,0.058638263,0.06382689,0.06576234,0.06926382,0.06894584,0.06989827,0.07158811,0.074983925,0.077710964,0.08109873,0.087522626,0.09138378,0.10031058,0.100977786,0.10228214,0.102047704,0.09565571,0.10327866,0.10569231,0.106412895,0.11181568,0.108051315,0.117438085,0.12360851,0.13190682,0.14261095,0.14298373,0.14754376,0.15247156,0.15369108,0.16063195,0.17037542,0.18488829,0.19333506,0.19482897,0.19013855,0.18553576,0.18638614,0.18265004,0.18521205,0.1834238,0.16927537,0.17177911,0.17462729,0.16677208,0.1662942,0.15932842,0.1475544,0.1379683,0.13721454,0.12347526,0.11427101,0.10771548,0.09760815,0.100914404,0.09757548,0.09510611,0.09022629,0.08501989,0.0786203,0.076184504,0.075878054,0.073169634,0.07874043,0.072922386,0.070648596,0.06834946,0.058631986,0.059045557,0.06133727,0.059413448,0.058662955,0.05466719,0.05042893,0.045123324,0.03607935
0.027966326,0.036967754,0.04321462,0.046872787,0.04888182,0.047723874,0.049955253,0.04873515,0.05092566,0.053240143,0.05665024,0.058094922,0.058089904,0.05879409,0.059648793,0.06348785,0.065796,0.06768841,0.06685217,0.07068687,0.079364225,0.08577329,0.09470718,0.100009695,0.099118724,0.1083256,0.10444085,0.10427375,0.10867952,0.110688835,0.1175164,0.12259626,0.13378225,0.1393183,0.14605041,0.15510054,0.15951833,0.15913786,0.166384,0.17030233,0.17131434,0.18409343,0.1946332,0.19421506,0.1978454,0.19360842,0.19688109,0.19773436,0.19547807,0.19269265,0.17604439,0.18145634,0.18252857,0.17449313,0.16932742,0.16220595,0.14834292,0.14669503,0.14456384,0.12559009,0.120180935,0.11512784,0.10487754,0.10543617,0.09897523,0.09032251,0.09138994,0.08386743,0.08457882,0.08141444,0.076774515,0.075144164,0.07252002,0.07107129,0.06624229,0.06432566,0.059738018,0.061031677,0.05878377,0.057669353,0.056172315,0.053743243,0.0527042,0.054403607,0.058178704,0.05345982,0.047497023
0.029524062,0.03567723,0.03939806,0.041303817,0.04319689,0.04615284,0.050800133,0.048872735,0.049639497,0.049203012,0.052054785,0.05772204,0.060887676,0.06619243,0.06577315,0.06837724,0.07273892,0.07324852,0.07634128,0.08189546,0.082452,0.0898145,0.093224086,0.0905243,0.10156815,0.10265026,0.108317964,0.118681245,0.12117622,0.12198053,0.1276907,0.12716922,0.13430385,0.14643647,0.14857952,0.15849465,0.15730083,0.1642224,0.1670127,0.17206,0.17900439,0.18414684,0.19285576,0.19355303,0.19139713,0.19188502,0.19069548,0.19029163,0.18523091,0.18422683,0.1846248,0.18176961,0.18683553,0.17353591,0.16405703,0.15268187,0.14629065,0.13786247,0.13056222,0.12693544,0.11477549,0.11506883,0.11095201,0.109346285,0.10695337,0.10395766,0.09502907,0.08604906,0.08097007,0.07215648,0.07231204,0.07407564,0.07164876,0.07231882,0.069460005,0.06431455,0.06331633,0.05946854,0.059407935,0.058941912,0.059441835,0.058719095,0.05915378,0.05676398,0.056992896,0.050462797,0.03935906
0.02971493,0.04063626,0.046074875,0.04561102,0.044622757,0.044606794,0.048713926,0.053624857,0.058109395,0.059453614,0.06017242,0.06115928,0.062203888,0.06573492,0.067745835,0.07131928,0.079728186,0.07964965,0.084393464,0.08496644,0.08568226,0.094413035,0.099151514,0.10601026,0.11016777,0.11168505,0.12258475,0.1275492,0.12906319,0.13587506,0.13516057,0.13942005,0.1419833,0.14767623,0.1499451,0.15856001,0.16430062,0.16920568,0.1742622,0.17623217,0.1852856,0.1890913,0.1956256,0.19354126,0.19112979,0.18819077,0.18599416,0.187211,0.18097231,0.17864586,0.17226006,0.16439837,0.15888922,0.15602088,0.15217663,0.14903414,0.15088345,0.1448984,0.13256834,0.12734869,0.115384825,0.10678706,0.10988382,0.09976379,0.09735066,0.089545965,0.07938056,0.07910387,0.07529381,0.07025918,0.06870713,0.06504232,0.06414651,0.06259143,0.05947686,0.05802478,0.052184712,0.051145248,0.056298118,0.05877374,0.062096972,0.059408396,0.05263283,0.054407597,0.05296915,0.05007478,0.042818695
0.029532325,0.03614419,0.04153327,0.044426985,0.044036202,0.045779955,0.045501992,0.04472365,0.047495335,0.048669092,0.053121164,0.05535461,0.05723361,0.061985314,0.064959,0.069299586,0.07804973,0.08636618,0.08869329,0.0921526,0.09112625,0.08849684,0.09272751,0.101747364,0.10461465,0.111223765,0.11323889,0.11816928,0.117936455,0.12490346,0.13896543,0.13988853,0.1538272,0.15729426,0.15806365,0.16148932,0.1657709,0.16866471,0.17598091,0.17759873,0.17735918,0.18445717,0.18916236,0.19941708,0.20196119,0.19941333,0.19983228,0.19737685,0.19201942,0.19226868,0.18652412,0.18190639,0.17812058,0.16666827,0.15367442,0.1389344,0.13574597,0.13242723,0.1277708,0.12789986,0.123434916,0.11847519,0.110387854,0.099644564,0.09263914,0.087096184,0.08632052,0.08849151,0.082075864,0.075413175,0.06981649,0.061367728,0.061929896,0.061969563,0.0630268,0.06284529,0.06008,0.061652057,0.058872715,0.05971965,0.05928541,0.056362055,0.059828427,0.06155155,0.06111156,0.05542676,0.04438813
0.029913802,0.034607507,0.04415308,0.046539858,0.047091495,0.04832863,0.046791676,0.046953134,0.04737595,0.049396135,0.053309944,0.054836404,0.057633992,0.059388164,0.060495198,0.06218546,0.069134235,0.07118146,0.07240009,0.07940023,0.079580285,0.08277563,0.08507211,0.09423983,0.09963496,0.10678879,0.11549836,0.114540435,0.12188861,0.13158134,0.13641882,0.13847171,0.13551222,0.13194701,0.14043303,0.14857426,0.16365379,0.1690562,0.17505568,0.17232214,0.1695493,0.17987083,0.18325847,0.18724741,0.1843898,0.18234709,0.17684962,0.17740662,0.177,0.17220831,0.1683862,0.1645244,0.15836845,0.1496002,0.13682537,0.12541202,0.12828884,0.1191751,0.11297326,0.10970912,0.099637754,0.09300503,0.09017558,0.0875807,0.08207672,0.080316044,0.07534291,0.07187511,0.0622886,0.060460284,0.056992058,0.0525956,0.050270904,0.047229603,0.04871164,0.045013197,0.047606125,0.048641596,0.04905243,0.05102421,0.050550602,0.0532887,0.052651115,0.052222524,0.051524397,0.04189418,0.03429389
0.024542548,0.030133797,0.037104573,0.03935006,0.040610895,0.044822093,0.044980016,0.0443086,0.044838127,0.045890123,0.045610446,0.050402604,0.05281647,0.05144642,0.05312492,0.051022872,0.057960354,0.059703823,0.06507221,0.069928095,0.07143808,0.07968467,0.07869566,0.08227706,0.092509836,0.100111075,0.10847045,0.11856816,0.124205306,0.12788762,0.13238598,0.13281435,0.13579907,0.1386544,0.15382515,0.16237767,0.16677594,0.17364964,0.17175493,0.1765275,0.17737484,0.1865452,0.18746206,0.18961526,0.18438782,0.1783287,0.18762542,0.18035369,0.1921253,0.18416789,0.17406726,0.17170483,0.15675509,0.14631309,0.13465558,0.12439422,0.11529946,0.11569676,0.10569157,0.09952813,0.095582396,0.085370615,0.07928234,0.07757731,0.073726654,0.07638768,0.07785234,0.07610131,0.07508127,0.07354036,0.06825144,0.06402295,0.061705805,0.060455106,0.059936926,0.060874786,0.060184315,0.057182223,0.055080365,0.052024525,0.049196925,0.05023864,0.049643572,0.048007127,0.046912026,0.04064322,0.032507304
0.038917232,0.04851446,0.055422198,0.05604374,0.056925192,0.06075801,0.062208824,0.064620614,0.06391886,0.059507538,0.06018945,0.061540484,0.06204447,0.07084675,0.07457705,0.08514734,0.09084572,0.08982442,0.09313711,0.08840817,0.09352987,0.097522646,0.099785335,0.106282115,0.113197975,0.11615552,0.11794385,0.123325884,0.12148958,0.12874024,0.1468392,0.15074593,0.15767857,0.16526335,0.16707799,0.16994396,0.18940754,0.19075483,0.18726332,0.20001736,0.19279772,0.2023645,0.21694396,0.21253715,0.21008602,0.20217317,0.18980394,0.1893592,0.18686199,0.18871668,0.18007934,0.18017855,0.16835362,0.16014235,0.15948975,0.13831134,0.1373712,0.1263121,0.1181086,0.11648229,0.10786619,0.1046609,0.09847358,0.0914163,0.09338456,0.086882904,0.08307478,0.083533496,0.07828516,0.075679645,0.07549758,0.0711991,0.06684875,0.06296164,0.059228852,0.05769288,0.05788775,0.0609979,0.058636963,0.058798667,0.05463869,0.049434125,0.048845444,0.04953164,0.051646523,0.0461465,0.041583776
0.011157564,0.013289493,0.015244705,0.015719777,0.015797932,0.01612223,0.016105406,0.01536674,0.01606255,0.016235996,0.016743934,0.016164616,0.016007971,0.016768161,0.016124161,0.01711527,0.017283041,0.016600225,0.018176135,0.01870585,0.019117648,0.019544834,0.019350369,0.019385442,0.01983867,0.020788942,0.020896344,0.021565676,0.02232591,0.02256088,0.022835322,0.0225731,0.02256258,0.023270143,0.024104591,0.023989603,0.02397841,0.02410093,0.025984924,0.02821113,0.029373791,0.0297315,0.029658752,0.02993436,0.031641882,0.031474724,0.032702383,0.032239605,0.032254513,0.0362939,0.035629325,0.036843825,0.0378174,0.03713462,0.037156075,0.037538905,0.036258664,0.035403755,0.037234377,0.038208753,0.03892675,0.039826848,0.04011881,0.039382633,0.038614273,0.037403263,0.03577455,0.036011096,0.03744834,0.03530673,0.03549045,0.035342965,0.03325398,0.037131876,0.03869231,0.036461465,0.036044423,0.032715004,0.029252443,0.03028093,0.029826956,0.029540865,0.02861639,0.026460959,0.02561146,0.022222757,0.01779265
0.010324821,0.012881081,0.01529562,0.015901815,0.01626437,0.017100506,0.017210796,0.018264174,0.01846522,0.018564075,0.01912879,0.01879077,0.019065911,0.020075554,0.0201417,0.020128744,0.020428628,0.01972378,0.019077556,0.019871408,0.020002903,0.020780964,0.023291653,0.02413658,0.024940826,0.026003158,0.02547284,0.026296236,0.027105467,0.02651462,0.02738075,0.02802656,0.028121203,0.031076618,0.033096373,0.034136258,0.03564933,0.035116937,0.03573086,0.036446374,0.03927022,0.04060472,0.041606832,0.04216876,0.041708745,0.04300874,0.04613534,0.049676012,0.05338537,0.053561084,0.052859683,0.04993979,0.047637437,0.049101714,0.052028105,0.057302974,0.056974456,0.056428894,0.052941367,0.04772544,0.046940617,0.045842145,0.045511343,0.046509847,0.045558274,0.046757456,0.04700289,0.046811502,0.049389973,0.047100604,0.045616712,0.042782087,0.038817585,0.03784147,0.034854766,0.034202274,0.030970808,0.029835323,0.028930396,0.028642228,0.029308788,0.030503625,0.031855613,0.030741537,0.031237055,0.025979672,0.020758614
0.016354436,0.019129584,0.02222662,0.022508763,0.022002058,0.022408562,0.022677608,0.022599112,0.023488069,0.023768509,0.023370799,0.024997761,0.023646634,0.024043132,0.02473653,0.024182942,0.02433973,0.02525343,0.02538584,0.025237273,0.025493955,0.026109949,0.026041573,0.02749495,0.028823217,0.028351087,0.031220175,0.03131467,0.032452703,0.032870315,0.03358262,0.03401627,0.035679925,0.03896946,0.0407567,0.043492097,0.043530587,0.042734206,0.04483272,0.045184545,0.04774519,0.0505252,0.051089082,0.055479866,0.05933044,0.06321829,0.06578309,0.06784807,0.06742712,0.069023654,0.06923308,0.06737105,0.07080217,0.07451205,0.07780914,0.08243473,0.082681686,0.07724105,0.07653976,0.07285423,0.07172349,0.073769934,0.06880131,0.06647636,0.06341641,0.06277533,0.065484166,0.06566994,0.06560154,0.06242122,0.059073754,0.05743097,0.055099484,0.05419736,0.052208524,0.04955158,0.04795065,0.044727836,0.044000354,0.04278351,0.04299276,0.043965876,0.04306179,0.04326009,0.04308415,0.037450507,0.03179032
0.015164311,0.020610206,0.024905508,0.024989171,0.026686097,0.02570918,0.024906754,0.02659288,0.025668276,0.027619183,0.02766144,0.027618026,0.028492669,0.028765112,0.028968219,0.029643133,0.029763978,0.028957615,0.030240634,0.031719413,0.03286715,0.034259833,0.0346736,0.034823313,0.034173187,0.034794968,0.03448038,0.034938615,0.039862454,0.04164344,0.045627795,0.047557686,0.050257847,0.049783655,0.049518853,0.05170967,0.04927032,0.05336835,0.05230436,0.051025778,0.052593384,0.04982521,0.0534173,0.056816876,0.05715069,0.06082508,0.060818154,0.0620345,0.064604566,0.06357224,0.06774083,0.070933826,0.07690431,0.08112199,0.08147801,0.07864385,0.07318188,0.070594974,0.068403535,0.06681794,0.06860327,0.06654828,0.06682451,0.07002296,0.06665796,0.06620733,0.062186107,0.055186346,0.051815443,0.05064875,0.050145186,0.048680604,0.049316987,0.046381176,0.04549866,0.04878835,0.04488091,0.04476009,0.04262085,0.037846446,0.041118603,0.039888978,0.03985074,0.040098302,0.034884565,0.03019902,0.024123607
0.017556595,0.021099607,0.026467938,0.026977466,0.026636532,0.028636828,0.027417304,0.027990509,0.029518478,0.028725706,0.029624743,0.029537398,0.028583111,0.028853087,0.028297435,0.029124884,0.029118426,0.029018754,0.029144708,0.030609641,0.032877017,0.033787064,0.03375406,0.032723915,0.03243704,0.033277906,0.035411317,0.037125997,0.03822825,0.038119167,0.039497074,0.040293213,0.04244556,0.048792236,0.050064486,0.054603104,0.054909546,0.05560428,0.05608118,0.055503145,0.062333874,0.063265584,0.0654836,0.06815655,0.06688153,0.06894755,0.07692302,0.07944691,0.082522966,0.08674839,0.08864502,0.08701968,0.09132518,0.08833505,0.081623785,0.08346779,0.07955783,0.07889719,0.082009,0.0838658,0.08560275,0.08888103,0.08399996,0.08249607,0.07826633,0.07067634,0.07043424,0.06244703,0.056899894,0.056925017,0.05496899,0.054739587,0.054329325,0.051275104,0.050225455,0.047555335,0.042897467,0.04030194,0.03683401,0.03631902,0.036539212,0.03633934,0.036597088,0.035067122,0.033699624,0.029051408,0.022563227
0.013261268,0.01676537,0.020055326,0.02116009,0.02242348,0.023877162,0.024707535,0.025878558,0.025626538,0.02574681,0.025749775,0.024887014,0.024045203,0.024576493,0.025891196,0.027028155,0.028765213,0.030074008,0.030829258,0.03217717,0.031684328,0.03231959,0.03262582,0.032674953,0.035989877,0.03577126,0.03753327,0.03785732,0.039963696,0.041124433,0.043293163,0.045830026,0.04385531,0.050498687,0.052731182,0.055352885,0.058631625,0.056621283,0.054977056,0.062081616,0.06769564,0.0745182,0.07805626,0.08358549,0.08804543,0.096723504,0.10227865,0.10222746,0.10509118,0.10080549,0.104319274,0.1048499,0.100966394,0.1012695,0.09394518,0.09259668,0.0967629,0.09305564,0.09510165,0.09033709,0.09241685,0.09229772,0.08950268,0.08732295,0.07760629,0.07477704,0.07090011,0.06710583,0.061409295,0.055038013,0.050373368,0.051811755,0.048639245,0.046503533,0.046349224,0.04367591,0.04007339,0.03797238,0.036388922,0.033765808,0.03449534,0.034123935,0.033178974,0.031804677,0.030857947,0.026842814,0.022506326
0.01646764,0.019615302,0.02232995,0.022633908,0.024191197,0.024199987,0.024735691,0.02414393,0.023761818,0.025094701,0.027373124,0.028727792,0.02821266,0.028061979,0.027031023,0.027120268,0.028882887,0.031791657,0.031907834,0.03294182,0.03387245,0.032792114,0.033958063,0.03584224,0.038225245,0.039247625,0.041192707,0.04303432,0.04465601,0.04675638,0.051350776,0.053217,0.052529883,0.0530639,0.05118432,0.052631915,0.057640314,0.06538239,0.067652114,0.07047898,0.071526885,0.076368764,0.084121585,0.09098342,0.10227945,0.10734235,0.10951461,0.11702767,0.117474824,0.115376584,0.11849467,0.11508549,0.108970344,0.10809713,0.101565905,0.09780461,0.10251959,0.10605046,0.109519,0.107170165,0.10027299,0.093842454,0.08772792,0.08163185,0.07888161,0.07292297,0.06644875,0.063373335,0.060424924,0.055075537,0.05688925,0.054976914,0.057006273,0.056222454,0.05538261,0.05566035,0.04950621,0.047691274,0.042432074,0.041016206,0.03940037,0.037883893,0.034699906,0.032824863,0.032350656,0.028910914,0.024898764
0.016740944,0.021992411,0.025198331,0.026190873,0.026790876,0.025515243,0.025486752,0.025001206,0.0250779,0.026355734,0.027997471,0.028971022,0.02981151,0.031684812,0.031201208,0.03261902,0.033540506,0.031902637,0.03373912,0.034416795,0.034699943,0.036728553,0.036737107,0.037951633,0.040731978,0.042422418,0.044898167,0.046317365,0.047115933,0.046448402,0.047406856,0.049833186,0.050780874,0.053658407,0.0564084,0.06279623,0.06662129,0.077991486,0.08204151,0.0825208,0.0820598,0.07800175,0.08476582,0.09055307,0.09905618,0.10026038,0.10064215,0.10588941,0.10899695,0.112906605,0.114410646,0.11554395,0.11975322,0.12307801,0.12282684,0.11649226,0.1150217,0.1101127,0.110110134,0.11374908,0.10850633,0.114410125,0.107298836,0.10031711,0.09333773,0.08311254,0.08297738,0.078199945,0.07897077,0.07354111,0.06796886,0.06888891,0.061231434,0.054969173,0.053153872,0.0461925,0.04462679,0.04494763,0.042781755,0.041378677,0.038655143,0.035997067,0.036520593,0.034260977,0.03221695,0.027562013,0.021250179
0.018633982,0.022322103,0.02546545,0.024572909,0.025165351,0.025873762,0.026629921,0.028652601,0.029330371,0.029442241,0.02945928,0.02910599,0.029856427,0.031141406,0.032589663,0.033600047,0.033556104,0.03342491,0.034505866,0.035480052,0.037284758,0.039921846,0.041458428,0.04442309,0.04469927,0.04484997,0.043442324,0.043715548,0.04759117,0.049647074,0.054309677,0.056765504,0.05876541,0.061784483,0.061572473,0.06160039,0.06282414,0.06303057,0.06621329,0.071270525,0.07301975,0.0811998,0.08556491,0.08948349,0.09787997,0.10158329,0.1108183,0.11497388,0.12024167,0.12772961,0.12864682,0.1323919,0.13171908,0.12761028,0.12287228,0.11989955,0.11887684,0.11725483,0.11907052,0.11730764,0.11448621,0.11559555,0.110197105,0.10450484,0.09758871,0.08808382,0.08661496,0.08258254,0.0816109,0.08064697,0.07538663,0.07736102,0.07321517,0.06306029,0.06062555,0.05385838,0.051439714,0.052281894,0.05096383,0.04997158,0.047178023,0.044454142,0.040881928,0.03695969,0.03546539,0.03184835,0.025660452
0.013789069,0.019493695,0.023279574,0.025970822,0.028619412,0.03039224,0.031615697,0.031674504,0.031338025,0.029735383,0.029014878,0.029709041,0.029178845,0.030181332,0.031503968,0.033453017,0.036038563,0.03642616,0.03782538,0.039729655,0.04204014,0.043890372,0.045008253,0.04430766,0.04468654,0.047034718,0.047434278,0.04943627,0.050091654,0.04980362,0.056727838,0.058457777,0.05992587,0.061195567,0.059452623,0.06262254,0.06821341,0.07520135,0.07876175,0.081667885,0.09403303,0.10191599,0.10864657,0.1118288,0.11321006,0.11440291,0.11924368,0.12506223,0.12829974,0.12850532,0.1310258,0.14137238,0.13813396,0.14425091,0.14273497,0.13605697,0.14012451,0.13354687,0.12941113,0.12799853,0.1230835,0.117524646,0.1121623,0.09744213,0.084681675,0.08503888,0.08353348,0.082876444,0.08155964,0.07594473,0.07114221,0.06783678,0.06450627,0.059540145,0.056548405,0.05339487,0.04854359,0.044192873,0.03987086,0.039967097,0.041969474,0.040963423,0.039541155,0.036819186,0.03226453,0.02750818,0.02236579
0.019159304,0.023804335,0.027324282,0.027926948,0.028605375,0.027969513,0.029042583,0.03044506,0.031638235,0.03375948,0.03387201,0.033764686,0.03511987,0.03467187,0.034850825,0.03528817,0.03588022,0.04037,0.04210881,0.043230485,0.04424854,0.04634389,0.04793582,0.049740493,0.049990434,0.051956702,0.051487673,0.054734293,0.059088774,0.061200157,0.06557508,0.06800404,0.068414845,0.06800211,0.0705362,0.07443957,0.07715715,0.08470179,0.09089428,0.097011566,0.10604147,0.10981393,0.11253001,0.11225199,0.11784267,0.122217126,0.13109055,0.1408207,0.14218543,0.14498799,0.14368552,0.13852313,0.13542825,0.140025,0.14310117,0.1417249,0.14120148,0.13555217,0.1296044,0.12552424,0.12089576,0.11173873,0.104520515,0.0995016,0.096318536,0.09234636,0.08496793,0.08567742,0.07746379,0.07029282,0.065711536,0.05986039,0.056022704,0.05169981,0.0499198,0.045020785,0.04426789,0.04304899,0.040692333,0.037134044,0.03674693,0.037237436,0.034005094,0.03226664,0.028345378,0.022723675,0.018668799
0.021854708,0.028129518,0.03256045,0.03477301,0.036208827,0.035322532,0.035140097,0.035946712,0.03484941,0.036907453,0.038995016,0.038534116,0.03973083,0.040456604,0.04094379,0.041836284,0.044067007,0.0439854,0.044715166,0.048372112,0.048620924,0.049763765,0.05360564,0.055182997,0.05694643,0.06244582,0.06669684,0.06605474,0.06781041,0.071030825,0.073031984,0.0825787,0.08340069,0.08338401,0.083063,0.080486596,0.08876324,0.09398266,0.09905707,0.111355,0.11696916,0.12807442,0.13240857,0.13570534,0.14940748,0.14739451,0.15504734,0.15537164,0.15164171,0.15647775,0.15642643,0.15845236,0.153002,0.14946592,0.14802875,0.14794974,0.14739041,0.14403068,0.1333304,0.12319733,0.113021865,0.10649212,0.106234506,0.098733984,0.09750705,0.09337187,0.08596376,0.07790352,0.07264597,0.06426903,0.059887208,0.06139433,0.055526447,0.05277815,0.051575277,0.04937384,0.04893168,0.047870122,0.04512001,0.04111318,0.03990296,0.039482597,0.037347093,0.03700413,0.03393081,0.029029502,0.02457437
0.023980835,0.029790983,0.03387777,0.03387233,0.034689233,0.03618308,0.037146956,0.0401458,0.041120913,0.039577417,0.04071461,0.039786838,0.040401697,0.04333427,0.042704724,0.04399619,0.043730818,0.04651864,0.048197217,0.048995968,0.050737217,0.04903562,0.05096525,0.052704453,0.05456749,0.057636756,0.062819205,0.06598169,0.06903874,0.07303959,0.074402206,0.076232895,0.07953333,0.085055985,0.0884664,0.09350833,0.0950577,0.09555372,0.10350531,0.11011275,0.124456674,0.1374071,0.14779605,0.15222284,0.15499258,0.16363446,0.15913457,0.16369405,0.16418321,0.15965472,0.16528513,0.16564779,0.16271359,0.15876482,0.15545496,0.15200756,0.14935786,0.14297563,0.1378472,0.13336183,0.12857512,0.12577325,0.11382625,0.09985002,0.0933666,0.083262056,0.0821554,0.07980837,0.0732224,0.07012036,0.065038756,0.06374761,0.058638975,0.055896383,0.052519146,0.048115928,0.048667286,0.044298615,0.043360114,0.043200195,0.041588232,0.041751582,0.042233683,0.041260853,0.04115786,0.03644661,0.029816465
0.022811223,0.028117936,0.031721063,0.03237683,0.032306254,0.03341413,0.03475277,0.03648378,0.03789148,0.038701,0.04185376,0.043079935,0.044189986,0.044864528,0.04662706,0.048748154,0.04951248,0.053428892,0.05195965,0.049506523,0.049720068,0.04943379,0.054329637,0.05690342,0.06250517,0.06466682,0.06661033,0.07128024,0.07150221,0.07826535,0.07980841,0.08212462,0.08821235,0.089970335,0.09439396,0.09793103,0.1069277,0.11488103,0.1185065,0.12662725,0.12912953,0.14042446,0.1545269,0.16135703,0.16578184,0.17290317,0.17129086,0.17174062,0.17636599,0.1711918,0.16912019,0.16397254,0.15972735,0.15986077,0.15819205,0.15544562,0.14696512,0.12991062,0.11877857,0.117124945,0.10935175,0.102867424,0.09784011,0.08582318,0.085012525,0.08247068,0.081846006,0.08173163,0.07683382,0.074747086,0.068231575,0.06062038,0.059315607,0.056551903,0.055225104,0.05556146,0.04932987,0.046301212,0.04651301,0.043647956,0.043378904,0.041888498,0.037244905,0.036835857,0.03629369,0.03205816,0.02703038
0.024440257,0.030032486,0.034437664,0.03631056,0.036820505,0.03925449,0.040469483,0.041179832,0.041921973,0.04085281,0.041414127,0.042465247,0.043672927,0.04514659,0.048100475,0.04811364,0.05025037,0.05316926,0.054085907,0.054989677,0.056217648,0.05685119,0.058691707,0.06152097,0.06761444,0.07070801,0.073039055,0.076548874,0.07928317,0.08098737,0.088341154,0.091326974,0.09707998,0.09880819,0.101144105,0.10530509,0.103877686,0.10874416,0.11634588,0.124291904,0.13361065,0.13974862,0.14279713,0.15433493,0.16303188,0.17674696,0.18581834,0.18462972,0.18367085,0.17854662,0.17171197,0.16805899,0.16345738,0.1600367,0.1559108,0.15226349,0.15125851,0.14176063,0.13706605,0.1303466,0.11888199,0.11671094,0.10797596,0.09958908,0.089776956,0.08007027,0.08065469,0.07602221,0.07653117,0.075621285,0.06683406,0.06336344,0.060143992,0.05564801,0.055024996,0.05199129,0.04890285,0.047105912,0.044831727,0.043533538,0.043450415,0.03965232,0.037091758,0.037477296,0.03521106,0.032329306,0.026915789
0.02541862,0.031010004,0.036911927,0.035924036,0.036495056,0.036684003,0.03465102,0.03590324,0.036174398,0.038376674,0.04008251,0.039629802,0.041055553,0.04499033,0.050718535,0.05668755,0.057930782,0.05918693,0.05757908,0.058165934,0.06168316,0.061774228,0.06390353,0.065670714,0.06754353,0.06961684,0.0750142,0.07854251,0.08083601,0.08460219,0.084360376,0.08627672,0.08582496,0.08459473,0.092348725,0.09867108,0.112202264,0.12057769,0.122265466,0.13154314,0.13749556,0.14325865,0.16448937,0.16178833,0.16321923,0.17013744,0.1640725,0.17564991,0.18480098,0.18478805,0.17912917,0.17239614,0.16115835,0.15895104,0.1558026,0.15023416,0.15346079,0.14335348,0.13756005,0.1327383,0.11623957,0.10933754,0.10482088,0.09763982,0.09616197,0.09851271,0.09473099,0.09190157,0.08271974,0.07076517,0.06699722,0.06583808,0.0652458,0.06289201,0.061297085,0.054565143,0.049845103,0.04964569,0.046821125,0.046542116,0.044917677,0.041906487,0.037184305,0.03544702,0.03535513,0.030523106,0.024989108
0.025763776,0.03127124,0.03632972,0.03601045,0.03897278,0.04108897,0.04139989,0.0440162,0.042555235,0.042631272,0.0448208,0.0457742,0.047364887,0.047119834,0.047637615,0.050611462,0.053979464,0.057624735,0.06494736,0.06476498,0.06596822,0.07034145,0.06795215,0.06933817,0.0714917,0.073258,0.07710273,0.0799815,0.08301743,0.085016705,0.08757588,0.09357005,0.098956995,0.10124784,0.10689375,0.11019158,0.111333735,0.11613883,0.12336143,0.13099697,0.13893525,0.14810999,0.15156105,0.15713581,0.16818234,0.1760792,0.17910837,0.1813063,0.17900757,0.17119607,0.17634314,0.17618123,0.17294939,0.16704287,0.16041222,0.1509553,0.1501849,0.14797014,0.1357617,0.13088582,0.112512104,0.10913631,0.1039078,0.09536605,0.08956253,0.08139249,0.07429153,0.07087476,0.06977885,0.06551825,0.0634149,0.0582316,0.05831911,0.05888976,0.05933135,0.05990827,0.055014826,0.051640186,0.04810245,0.04417562,0.044096436,0.04263994,0.0414944,0.040325567,0.03906914,0.034263004,0.026415998
0.024271619,0.032818373,0.037337694,0.03805329,0.04175441,0.044912383,0.04657266,0.047261532,0.046714414,0.044956945,0.047277715,0.04759122,0.05063104,0.051177975,0.052880205,0.05558724,0.055993784,0.056910526,0.05953853,0.06378813,0.06543416,0.07344304,0.073505774,0.07435491,0.07982227,0.08276367,0.08756254,0.09353156,0.098069556,0.09795915,0.10207788,0.1067535,0.11029445,0.11731903,0.118209355,0.12118229,0.13058162,0.13807835,0.14729507,0.15146193,0.14567392,0.1572587,0.16249505,0.17175676,0.19009343,0.19193612,0.19588974,0.19597882,0.18707845,0.18321232,0.18410343,0.18034671,0.18738553,0.18277833,0.17713219,0.17470765,0.15431987,0.14279193,0.12853757,0.112152435,0.111548744,0.10575798,0.100312255,0.09760677,0.08729503,0.08018972,0.07727272,0.07238449,0.0688899,0.06515105,0.05713978,0.058220055,0.056535978,0.055616826,0.053416017,0.04463183,0.044514164,0.044754226,0.044292513,0.044365536,0.042593956,0.039702076,0.039943453,0.038906254,0.03691847,0.0328031,0.024644045
0.028084649,0.03486215,0.041125648,0.04041852,0.040937632,0.03968636,0.040574037,0.043198466,0.043443095,0.045261998,0.047166917,0.04887398,0.05179194,0.053360656,0.054337524,0.055045232,0.055557802,0.059291948,0.061551526,0.06313311,0.06444926,0.06787498,0.06896046,0.075256996,0.07940226,0.08300742,0.08342518,0.083625495,0.08870504,0.09326531,0.10558133,0.10861073,0.112827845,0.11540114,0.121257305,0.12840718,0.13053869,0.14011511,0.14104255,0.1492982,0.16552085,0.17413361,0.17655677,0.1816728,0.18265922,0.18357408,0.1828707,0.18580118,0.18948624,0.18125413,0.18723828,0.18692084,0.17324372,0.17174439,0.16057679,0.14442736,0.13668166,0.12640032,0.12058691,0.110215716,0.101010494,0.09437325,0.083212614,0.07716625,0.07196552,0.06968212,0.07049098,0.06688722,0.06510356,0.057832,0.05201743,0.048620027,0.043878123,0.043252826,0.04076858,0.038712163,0.03936304,0.03980891,0.041056514,0.043102194,0.043183364,0.041455172,0.038563944,0.037516844,0.039157208,0.034118257,0.03074479
0.02799284,0.036364086,0.042225547,0.04226979,0.04294215,0.041082032,0.04369262,0.044893704,0.046845578,0.049609456,0.051446907,0.052863743,0.051944006,0.05399037,0.051928427,0.060009323,0.06308533,0.063883305,0.067348935,0.06762481,0.07299922,0.07746758,0.07897323,0.07717422,0.08102049,0.08690234,0.09131289,0.09720364,0.09596692,0.09523029,0.10134705,0.10264703,0.11133615,0.11966258,0.12637752,0.13471691,0.13461298,0.13453658,0.14264996,0.1523457,0.16333878,0.1685469,0.16986167,0.16834003,0.17027469,0.18025622,0.18366429,0.19318205,0.19469151,0.19259201,0.19595894,0.17643477,0.1729417,0.17199914,0.16482423,0.1665433,0.15796745,0.13988312,0.11827041,0.11100678,0.10423553,0.10076306,0.09852777,0.09369675,0.081473365,0.07214949,0.06337753,0.055598248,0.0530776,0.04842283,0.04758252,0.046732288,0.046390828,0.04438727,0.043097842,0.041015267,0.0372536,0.038308114,0.038226467,0.03822192,0.0393969,0.041132607,0.040334743,0.03989467,0.03915019,0.0324658,0.026955782
0.027837634,0.033792287,0.039774586,0.040441588,0.048019867,0.05015213,0.051883098,0.0542658,0.04979633,0.05154934,0.051180206,0.050991032,0.053688087,0.055801105,0.05778745,0.058390867,0.06224809,0.060746446,0.06231913,0.064624906,0.064768985,0.06986009,0.07200307,0.0767731,0.07771774,0.08122244,0.09465186,0.09621427,0.10000292,0.10739568,0.10226396,0.10925472,0.11775039,0.117682025,0.12636697,0.12795204,0.13860993,0.1464965,0.15103023,0.15720645,0.16115724,0.16305691,0.16942905,0.18087804,0.18036385,0.1878463,0.19243218,0.19002216,0.19317383,0.18858111,0.19006555,0.18875925,0.17846014,0.17376287,0.15924397,0.14612733,0.13807988,0.1317949,0.122238316,0.11231058,0.112127125,0.10214982,0.09437796,0.09282502,0.08919968,0.08507812,0.07980689,0.073835135,0.06349157,0.060098026,0.05933897,0.056975443,0.053306542,0.050857477,0.050565097,0.05206354,0.05355422,0.05268766,0.049693182,0.050210282,0.046648927,0.04721563,0.050394706,0.046463847,0.047257107,0.04224509,0.032852575
0.031266496,0.03821652,0.044458084,0.043962855,0.0459713,0.0471981,0.04755369,0.0501605,0.050153926,0.04965567,0.05158933,0.05200818,0.05433926,0.057311792,0.061644208,0.060931448,0.060934756,0.062074263,0.059784546,0.061990548,0.06491999,0.070734926,0.08076137,0.08556319,0.09081415,0.092270605,0.08833103,0.08989046,0.08975622,0.09208544,0.09782848,0.10845077,0.118212536,0.123448834,0.13034497,0.13362114,0.13789842,0.14139172,0.14573753,0.15395358,0.16065203,0.17246465,0.18025059,0.19277741,0.19874823,0.20471579,0.20807843,0.1945302,0.19906496,0.19408286,0.20218973,0.20820837,0.19736561,0.19317494,0.17063059,0.1600567,0.14311396,0.13035583,0.12659883,0.11692178,0.115556784,0.10666854,0.095748164,0.086801544,0.08301905,0.076507695,0.069632806,0.06122865,0.057177495,0.055480175,0.061205104,0.06256346,0.06013085,0.05698875,0.049938515,0.04706473,0.04982939,0.050056905,0.048660938,0.049406655,0.04756942,0.046331,0.043956906,0.04020554,0.036585875,0.032244146,0.02520291
0.028902568,0.03714487,0.043986283,0.043427244,0.044073127,0.044220317,0.04571694,0.04882213,0.051121026,0.051503025,0.053561553,0.053766463,0.054362245,0.0634103,0.06355302,0.06563775,0.066525996,0.061596278,0.0663051,0.07092631,0.07475828,0.075241975,0.07815082,0.08284697,0.08789255,0.093505815,0.09663902,0.09621644,0.09799847,0.10240535,0.11008897,0.11398647,0.118506335,0.12316036,0.12212126,0.13296519,0.13710567,0.13996905,0.14967781,0.15671968,0.16206786,0.1707068,0.17610069,0.17556854,0.18422195,0.18285204,0.18624327,0.18092944,0.18024762,0.18022446,0.1730468,0.17496575,0.16104148,0.15503006,0.15442401,0.140153,0.13698773,0.12965615,0.114196785,0.115410455,0.10839511,0.100728005,0.089214586,0.07978638,0.07239066,0.07004204,0.06874112,0.06550306,0.06303992,0.055717234,0.05239018,0.051608168,0.049462847,0.04835881,0.0472893,0.04740891,0.047247026,0.04725121,0.04588627,0.045709502,0.044843864,0.04341767,0.044534527,0.0436627,0.046920594,0.043750018,0.03721322
0.029217998,0.03712283,0.0430039,0.04530962,0.045411084,0.045759283,0.04811877,0.048717897,0.05116972,0.052900765,0.053557314,0.055234257,0.05875597,0.060167003,0.06599812,0.06806647,0.073004164,0.07410665,0.07415584,0.078848876,0.07737745,0.07971957,0.084762275,0.08578072,0.08907676,0.0944168,0.0965486,0.09833498,0.10234915,0.10580128,0.11021221,0.12030202,0.12391146,0.12725635,0.1346246,0.13531448,0.14446941,0.14904991,0.15314122,0.16594556,0.17062454,0.1759022,0.17892104,0.17853087,0.18734004,0.19451225,0.19843537,0.19470894,0.1841637,0.1687002,0.16442075,0.16317387,0.15364477,0.15921392,0.1529031,0.14592701,0.14953458,0.14641187,0.1331317,0.12618576,0.115544796,0.102903344,0.1016406,0.09809181,0.088998005,0.081180535,0.075789556,0.06662241,0.06801114,0.06691539,0.06234201,0.06090062,0.056488313,0.051836032,0.049174674,0.046292204,0.04376974,0.046258043,0.047447428,0.04762598,0.051352143,0.052195206,0.05354032,0.056256972,0.05636407,0.04997475,0.042921912
0.03583367,0.044803943,0.056748472,0.058817077,0.060639195,0.05982063,0.056768462,0.05843972,0.060422752,0.06340682,0.06424227,0.06466171,0.062861964,0.06761971,0.06954202,0.074620776,0.078213945,0.080107376,0.085326955,0.08731768,0.091700226,0.09042952,0.08890014,0.090334766,0.093029045,0.095969155,0.09775195,0.10369496,0.10519728,0.11466984,0.12119243,0.1276319,0.13159084,0.13496466,0.14056545,0.14804797,0.16077659,0.16515532,0.17153154,0.1701178,0.17094499,0.17481689,0.1787248,0.1827315,0.18992577,0.1929995,0.19694692,0.19653249,0.19518785,0.19809268,0.18571319,0.18195039,0.17116073,0.1536588,0.15245531,0.14097926,0.13398537,0.13032681,0.1258669,0.12664631,0.115358345,0.10967549,0.09874193,0.08607887,0.08236963,0.07605806,0.0709643,0.068045616,0.062874466,0.05520136,0.055195816,0.05326595,0.05526069,0.05692256,0.05688115,0.056936357,0.054886375,0.054541938,0.05291156,0.051224124,0.050789412,0.0545795,0.05554767,0.056897193,0.06703891,0.060021833,0.051527947
0.037525762,0.0457644,0.052034587,0.0524136,0.05197266,0.05158697,0.057464927,0.059757523,0.06380345,0.06746823,0.064339854,0.06675142,0.06479312,0.06746377,0.07086213,0.06912023,0.07001721,0.07285873,0.076941356,0.08560649,0.087685555,0.09024421,0.09345943,0.09491639,0.10049852,0.10065266,0.10676902,0.10647949,0.11256163,0.120022915,0.12155473,0.13150197,0.13475914,0.13451944,0.14922266,0.15877926,0.16167924,0.16880345,0.16431503,0.16553934,0.17026903,0.17384572,0.18123,0.18667352,0.19791451,0.20473257,0.19545019,0.19840133,0.19065194,0.19055705,0.20021112,0.19320652,0.1882813,0.1794445,0.16569667,0.15506932,0.14831972,0.134022,0.12735924,0.11582629,0.10652332,0.10085673,0.09368539,0.08759188,0.079564855,0.07392361,0.068282336,0.064593,0.059820354,0.056657024,0.056275774,0.050253246,0.050183788,0.049380757,0.04527346,0.04533364,0.04174215,0.03799404,0.035803784,0.037196696,0.036401447,0.036576793,0.038554747,0.03656221,0.036654845,0.033043627,0.026665881
0.020572212,0.026157115,0.031310868,0.032645877,0.03340452,0.035625856,0.03583212,0.036224682,0.03886422,0.037933283,0.040341772,0.041689422,0.04202473,0.04319898,0.042265017,0.041523084,0.041744176,0.043415498,0.044884592,0.048451155,0.04856684,0.049169615,0.05025277,0.05082641,0.05327415,0.054057002,0.054142684,0.05651472,0.0617305,0.06498001,0.06953942,0.0718589,0.069251284,0.07210074,0.07351094,0.07271914,0.07502715,0.07945684,0.08393714,0.08628734,0.09068789,0.092544615,0.09253148,0.09173758,0.09203003,0.09036567,0.09206415,0.098659635,0.10040095,0.10577421,0.1073959,0.10717087,0.11328159,0.11150907,0.113501094,0.11782223,0.1138063,0.11254095,0.110188246,0.10778244,0.11220839,0.10978705,0.105984636,0.10271941,0.103935614,0.10720419,0.11138252,0.112854905,0.107907124,0.10530147,0.09912366,0.0924632,0.08543093,0.08786459,0.092321955,0.094186164,0.0907226,0.082003966,0.07541992,0.07005701,0.06972658,0.06880467,0.06858893,0.06824513,0.06599201,0.057912715,0.044637706
0.016859505,0.021287601,0.024247207,0.0240846,0.023848355,0.023091521,0.024037892,0.025007468,0.027113505,0.027341599,0.02578226,0.026497012,0.025676072,0.026945472,0.029924508,0.0286822,0.029716095,0.032707725,0.033576373,0.038736995,0.03916979,0.03895515,0.039504223,0.037626088,0.039118234,0.03766723,0.042169414,0.044216547,0.046230126,0.04894319,0.049725395,0.0517095,0.05229165,0.052973133,0.055586983,0.055115636,0.056381755,0.056309693,0.053334493,0.057924654,0.062149663,0.06658432,0.069940165,0.07053109,0.06759555,0.06688162,0.07041165,0.070521936,0.07667467,0.07848311,0.07968834,0.08276576,0.08103891,0.08644389,0.08730333,0.090212315,0.09156733,0.0855334,0.0841894,0.078286335,0.07657797,0.07375793,0.06825095,0.07205498,0.07451169,0.08243984,0.08495491,0.08389455,0.08217002,0.083537385,0.08294208,0.08552639,0.08237808,0.07410721,0.07382801,0.06389096,0.061791554,0.059476692,0.057203975,0.059369557,0.061263673,0.060053788,0.056400895,0.05093711,0.043881394,0.03830198,0.029045427
0.024266748,0.029668812,0.034613334,0.03675136,0.039074272,0.04016293,0.041022774,0.041551113,0.039505694,0.038458727,0.03945154,0.037474316,0.038107023,0.040271096,0.040069602,0.043318607,0.04384707,0.046645246,0.049930956,0.050567787,0.054909173,0.055719167,0.053223066,0.05399044,0.053808674,0.056014292,0.058106065,0.059678182,0.06142388,0.060897984,0.06586873,0.07067118,0.07400743,0.07860376,0.0845038,0.08554818,0.09858684,0.10375644,0.10878819,0.11668432,0.1103575,0.11192419,0.11209422,0.11176099,0.11875143,0.122299984,0.12099083,0.11984455,0.11897588,0.11900184,0.12599407,0.13404527,0.13571382,0.13439007,0.12937991,0.123381324,0.12195068,0.12615684,0.12948556,0.12199351,0.11965845,0.11614495,0.11325563,0.12149832,0.12161984,0.11855708,0.11046026,0.0987197,0.09233454,0.080690555,0.0808799,0.0811581,0.072090514,0.07176847,0.06532715,0.06035245,0.06258279,0.062203422,0.060220264,0.05957176,0.057136472,0.051694512,0.051713318,0.052342065,0.04815735,0.044994622,0.035749383
0.026175227,0.029974386,0.033988655,0.03296411,0.030816479,0.03291298,0.03370281,0.034258,0.037163533,0.036401596,0.03678565,0.036522117,0.035878308,0.037876043,0.037691083,0.03782557,0.037565567,0.03862296,0.039644383,0.040395595,0.044288166,0.043555364,0.047160838,0.049278468,0.049114097,0.050484315,0.052452322,0.05536286,0.056119706,0.058335513,0.05635753,0.055234026,0.05548168,0.05436404,0.056706097,0.06266236,0.0714932,0.08315313,0.0898413,0.09099243,0.090705074,0.09117685,0.08905569,0.095432006,0.10677679,0.10769261,0.10921034,0.10670547,0.1099732,0.114815556,0.12398186,0.13134906,0.12540205,0.124653034,0.12090683,0.11653765,0.111396,0.11390848,0.11121596,0.117339455,0.12012684,0.113059565,0.11599961,0.104297504,0.103292786,0.10330083,0.09699785,0.0974379,0.0991383,0.094808355,0.095078036,0.091199614,0.083903395,0.08138891,0.0758953,0.07672648,0.07420433,0.0743672,0.07048672,0.066231094,0.064559154,0.058403634,0.06099383,0.058512367,0.05516851,0.050705466,0.03863488
0.023769999,0.02945041,0.035462618,0.036925625,0.036286894,0.039068937,0.040707313,0.042856302,0.045412365,0.0464018,0.046037596,0.045678742,0.044400543,0.042373694,0.0491947,0.04978724,0.05141246,0.052925035,0.04771535,0.050666425,0.057243917,0.058068473,0.05927372,0.060017135,0.05890435,0.06285113,0.067078896,0.0735766,0.07844246,0.07941551,0.089939885,0.085720286,0.08756267,0.09324552,0.09169608,0.1028156,0.106277846,0.10943317,0.10955357,0.1061201,0.11880606,0.119214036,0.12350883,0.1329996,0.13941988,0.14359936,0.1464035,0.15613271,0.1557991,0.16130494,0.16312614,0.15931772,0.15837954,0.16091233,0.17012835,0.17249486,0.169454,0.16554534,0.15813327,0.1596703,0.15849805,0.15458997,0.14888316,0.13298807,0.12823676,0.13092603,0.12852612,0.13134001,0.12700416,0.11963531,0.11597282,0.10597348,0.10065945,0.09455288,0.092071824,0.09161031,0.08851476,0.08327977,0.08145779,0.07789901,0.07542034,0.07877076,0.07567138,0.073476404,0.07425342,0.06281608,0.050063837
0.031150823,0.037312657,0.044430465,0.042407103,0.042424336,0.044091754,0.0434236,0.046942286,0.048579093,0.049223695,0.05125061,0.050953645,0.05595609,0.059836164,0.058960486,0.062150527,0.06331693,0.06224452,0.066962264,0.07089481,0.070920795,0.0752969,0.07738845,0.07607525,0.079893544,0.08678337,0.09298306,0.09675436,0.09948202,0.10013573,0.09862931,0.09879873,0.10283233,0.10425706,0.10868804,0.11356098,0.11665009,0.11976799,0.13324675,0.136301,0.13989589,0.14555156,0.1479913,0.15622686,0.16011275,0.1654848,0.16790536,0.16719842,0.17047668,0.17474307,0.16699581,0.16376548,0.15712279,0.14503165,0.14618775,0.14541832,0.15110824,0.15008862,0.1542803,0.15691915,0.1496198,0.14765221,0.1450992,0.13687818,0.13204212,0.12763298,0.11235033,0.1068668,0.10121708,0.097084165,0.09314703,0.093821496,0.09426164,0.091601074,0.0914171,0.08407545,0.079132065,0.07632193,0.06889727,0.069466114,0.07026416,0.07111163,0.07047935,0.06728581,0.06257189,0.051170673,0.042128686
0.027067134,0.03831826,0.043162975,0.044429883,0.04711588,0.0441943,0.046068884,0.046841808,0.045403574,0.047199287,0.04781329,0.047470592,0.049481153,0.049321588,0.051702593,0.053707723,0.060874857,0.061343078,0.06297171,0.06502244,0.062313188,0.06573186,0.065208174,0.06651301,0.06454494,0.066347346,0.06718246,0.06815997,0.07450161,0.07713462,0.08275287,0.08887997,0.09108036,0.09970524,0.101247504,0.10918125,0.11296864,0.11306978,0.120408714,0.12099401,0.13371319,0.13926272,0.14337294,0.14858316,0.15234213,0.1526593,0.15746495,0.15839696,0.15965532,0.16553324,0.1686615,0.17380029,0.17383386,0.16899186,0.16462928,0.15708928,0.1595183,0.1610809,0.16227758,0.16362256,0.15225269,0.14629857,0.14228667,0.13531159,0.13424724,0.13027376,0.13032988,0.13210309,0.12286115,0.12380423,0.11295781,0.10407316,0.10569896,0.10069135,0.0968799,0.0978266,0.094772995,0.09272109,0.0902095,0.09014049,0.085896514,0.08129174,0.07798512,0.07218445,0.07281673,0.06653705,0.05673237
0.03205559,0.04020789,0.045708533,0.047814477,0.052777767,0.056487557,0.059097305,0.06289136,0.06333195,0.0658323,0.06682319,0.0669973,0.06801757,0.06982131,0.07090131,0.071054265,0.07218692,0.0718316,0.07837808,0.08175455,0.08401117,0.08815159,0.08911277,0.09156477,0.1032125,0.1018847,0.1085164,0.11252066,0.10908762,0.11173788,0.10911854,0.1130952,0.11599234,0.12028924,0.1227998,0.13149658,0.13961999,0.14283651,0.1472745,0.14782263,0.14963596,0.15359089,0.16037114,0.16342254,0.16278327,0.17617676,0.17889582,0.18365946,0.1869726,0.17614049,0.170759,0.16298036,0.166548,0.167081,0.17583023,0.16980758,0.15929475,0.16493222,0.15046968,0.14941014,0.14689577,0.13220449,0.12628639,0.12492819,0.12572555,0.12561077,0.13182393,0.13881911,0.13547684,0.1316004,0.12116043,0.110707834,0.10421286,0.103175625,0.106342785,0.106466964,0.1056759,0.10152406,0.09800049,0.08690816,0.085314155,0.08276736,0.08172584,0.08526442,0.08022725,0.07194746,0.058002062
0.02662912,0.03434348,0.04071823,0.042695124,0.04343282,0.043751586,0.0436646,0.045956362,0.04727346,0.048024695,0.049048882,0.050758146,0.050898716,0.05590901,0.0590392,0.060527693,0.06340556,0.063378215,0.06684936,0.067803785,0.07059977,0.072431535,0.07462246,0.0780443,0.08354117,0.086270265,0.088149995,0.09086547,0.092261314,0.09414989,0.097540274,0.1037637,0.10689265,0.109724596,0.113191254,0.11816554,0.11810138,0.12402333,0.1311426,0.12797429,0.138273,0.14596885,0.15043998,0.16125521,0.1694084,0.16608137,0.17034963,0.17539905,0.17601065,0.18785858,0.1898185,0.18403234,0.18515946,0.17612474,0.17193961,0.17828445,0.16921182,0.17340589,0.16822377,0.153291,0.15690938,0.14377931,0.14268902,0.14186896,0.12889053,0.13230403,0.124144085,0.11947133,0.11549413,0.10386425,0.10459532,0.111802116,0.10724919,0.10645901,0.101005875,0.087551974,0.08486795,0.08398131,0.08166821,0.0788032,0.086639084,0.086435765,0.08280549,0.08209884,0.0700858,0.05793134,0.046814177
0.032901954,0.041372925,0.046723954,0.047405124,0.048612647,0.04787964,0.051087078,0.05334111,0.054527383,0.05703036,0.056587063,0.05836984,0.06198968,0.064670645,0.06827502,0.06944897,0.072833225,0.074612945,0.07897059,0.07935739,0.07899348,0.08105186,0.07797843,0.08446182,0.08597579,0.08884223,0.09231329,0.09309235,0.10580001,0.1095714,0.114745975,0.1251626,0.12638766,0.12990229,0.13641667,0.1438563,0.14767827,0.15659022,0.161728,0.15346107,0.1569609,0.16752192,0.17219825,0.18757105,0.19845428,0.19167241,0.20376655,0.1956239,0.19177227,0.19667192,0.18103792,0.17981721,0.1814324,0.18453261,0.1898269,0.1946725,0.18138297,0.17055294,0.16244902,0.15519968,0.14983799,0.14390758,0.13602608,0.12741384,0.12702195,0.11587954,0.11150476,0.11307456,0.108742006,0.108513094,0.104713485,0.09511743,0.09536812,0.094920136,0.09280843,0.09170095,0.08368612,0.07924235,0.07812387,0.076848686,0.08159576,0.08286428,0.078047596,0.08110056,0.07778468,0.069509864,0.062313084
0.042788778,0.051383328,0.057945557,0.055017635,0.054909945,0.056483414,0.058174733,0.060143575,0.06381654,0.06274489,0.066761285,0.069736905,0.07023591,0.074578054,0.07345773,0.07977657,0.088789165,0.091187626,0.093236506,0.091920674,0.087071545,0.08776349,0.091965295,0.09587476,0.0992067,0.105240546,0.112128295,0.11856493,0.11986679,0.12047105,0.12724787,0.13087521,0.1427963,0.15006228,0.15400428,0.15369923,0.1516889,0.16145404,0.15572673,0.16235042,0.16889143,0.17349581,0.18233545,0.18623787,0.198234,0.19396687,0.19712079,0.19313644,0.17746153,0.17388065,0.1722007,0.18103713,0.18286568,0.18426311,0.17881386,0.17145868,0.17140296,0.16693857,0.16280499,0.15554872,0.14533013,0.13717951,0.13253391,0.13395242,0.13181345,0.12739682,0.12119569,0.1059626,0.10607131,0.10439084,0.102725014,0.10094379,0.09220219,0.087092996,0.08219206,0.07901486,0.08124537,0.07906239,0.077581085,0.07878638,0.070455275,0.07239823,0.0762565,0.07313841,0.074002534,0.0641791,0.04831167
0.041177087,0.049225934,0.057208747,0.05747042,0.05752033,0.059658997,0.060248148,0.06313685,0.06541484,0.0693743,0.0712401,0.07075704,0.07140561,0.07137615,0.07216649,0.071222164,0.068331204,0.068089776,0.069868185,0.07251269,0.078343205,0.0844821,0.08874745,0.10010058,0.10398698,0.10968257,0.11374631,0.11289514,0.11920011,0.1167497,0.11756522,0.12923329,0.13663699,0.14128466,0.1502596,0.14939986,0.14930649,0.15764712,0.15769055,0.1595114,0.1712252,0.17422017,0.18790314,0.19587512,0.20304255,0.19792065,0.19213922,0.18696792,0.17834154,0.19327185,0.1949867,0.19709507,0.19597425,0.1934834,0.18736318,0.17938873,0.17466168,0.16212057,0.15777782,0.15344349,0.14341852,0.13574187,0.12897527,0.12504867,0.11400062,0.109060206,0.100304805,0.0972823,0.100366004,0.09618036,0.095236495,0.08860092,0.08157529,0.077987,0.077409804,0.0826406,0.082644455,0.08008833,0.0769983,0.071641125,0.0736498,0.07550437,0.08020552,0.08011573,0.0812937,0.07229759,0.056743436
0.044033863,0.059228152,0.06601155,0.06795407,0.06611929,0.06473533,0.069951184,0.07291824,0.081826515,0.08776154,0.08700418,0.09491063,0.091599934,0.09276912,0.09316194,0.096653,0.1038069,0.10138704,0.10433789,0.111330785,0.11463966,0.118226945,0.12797104,0.12879695,0.13211298,0.14460826,0.14191861,0.14551045,0.15067132,0.1497887,0.15410396,0.15061632,0.15413287,0.16076814,0.16959634,0.17662989,0.17435,0.17329584,0.17673497,0.17293061,0.17344615,0.17677344,0.18266603,0.18851958,0.18728057,0.19537452,0.18261646,0.18212433,0.19192392,0.17178977,0.1689312,0.16447066,0.1546861,0.16503794,0.16648823,0.17141572,0.1682313,0.16018066,0.15973808,0.14869308,0.14788677,0.14868616,0.14495088,0.1404386,0.12931484,0.11685149,0.11150077,0.10077705,0.09648915,0.093617596,0.09063806,0.09049046,0.08810606,0.08780655,0.079500966,0.07904176,0.08368397,0.077551365,0.076975144,0.071495935,0.063093066,0.058288373,0.04982872,0.047261663,0.045168128,0.040347125,0.032682452
0.03953047,0.052298035,0.060941383,0.060215063,0.06034818,0.058148257,0.059288375,0.06657315,0.07219545,0.07813955,0.0802612,0.08305172,0.08524089,0.08683448,0.08997082,0.08978875,0.09078035,0.090871215,0.0918614,0.09680374,0.102583446,0.1050789,0.10298645,0.10595498,0.105088934,0.10681326,0.11540793,0.11866263,0.12854476,0.1306609,0.13154478,0.14070098,0.1488081,0.15787628,0.1641577,0.17448612,0.17294519,0.1806554,0.18969518,0.19054964,0.19277065,0.1929993,0.1960027,0.19463645,0.20093334,0.20699677,0.20557377,0.19441111,0.19264436,0.18680163,0.18667239,0.19927521,0.19618562,0.19735378,0.19176587,0.17459251,0.16663606,0.1582189,0.14936008,0.15239336,0.14392476,0.13058777,0.12217972,0.113928534,0.112780795,0.10881111,0.10433603,0.10136328,0.097018465,0.093354195,0.099294946,0.09515575,0.08906808,0.0874875,0.078775875,0.07915103,0.07648958,0.07239989,0.07462921,0.06926626,0.07119584,0.07223175,0.06774074,0.06794336,0.06884337,0.06523109,0.055172224
0.041229963,0.049211558,0.0568778,0.058420733,0.068484165,0.08044593,0.0840331,0.08694852,0.08622014,0.08078429,0.0828362,0.089763045,0.095701754,0.09941228,0.10308257,0.10054322,0.09649518,0.096951135,0.098049074,0.10057213,0.10417885,0.10364086,0.106484,0.103940494,0.09882696,0.0974051,0.09301315,0.096361116,0.0984342,0.10918233,0.11381878,0.11853359,0.12652273,0.12942755,0.13179642,0.13253929,0.13078777,0.13959074,0.14759873,0.15237717,0.16207068,0.16339871,0.16468878,0.17690416,0.18300158,0.18631949,0.18523614,0.18391511,0.17996952,0.17189926,0.172634,0.1671483,0.16023764,0.16102846,0.16316651,0.15824243,0.15448545,0.15001242,0.13979794,0.13159646,0.13254318,0.12738112,0.12194927,0.118343525,0.10816314,0.09985239,0.09462095,0.0872847,0.0813396,0.07714575,0.0714613,0.07217343,0.07332936,0.07174851,0.07111206,0.06770201,0.06921686,0.067588486,0.0667456,0.066513814,0.059891142,0.06194082,0.061808217,0.06193879,0.06343288,0.05440453,0.04449807
0.05901877,0.077011086,0.08696854,0.08800474,0.08778691,0.08731694,0.09032478,0.09041307,0.0936602,0.094108105,0.09276415,0.096365005,0.10236621,0.103742816,0.10896272,0.110011786,0.11156492,0.11480161,0.115550674,0.12221449,0.12293453,0.12621374,0.13371767,0.14298649,0.14799686,0.15394726,0.15458272,0.15457322,0.1558186,0.15903278,0.16463363,0.1629458,0.1711139,0.17546725,0.181596,0.18184115,0.18395764,0.18299957,0.19010969,0.20169528,0.20288919,0.20880961,0.19480878,0.19667602,0.20729917,0.20582084,0.21408515,0.2027424,0.19064903,0.19622709,0.19744796,0.20540091,0.20264968,0.1858604,0.18385564,0.17492877,0.16149436,0.16527523,0.1490595,0.14229122,0.14821908,0.13898982,0.14232907,0.14066923,0.13222095,0.12492207,0.11901071,0.111984625,0.10510468,0.10390866,0.09230759,0.08470162,0.08204124,0.08080617,0.07899985,0.07774036,0.07684951,0.06890006,0.066831425,0.062374562,0.057722528,0.057844095,0.05847288,0.05705956,0.05798171,0.052217618,0.039255124
0.04457829,0.058137234,0.07083657,0.07440362,0.0766756,0.074549,0.07180244,0.076751254,0.07921743,0.08628011,0.089135796,0.08753107,0.089990415,0.09082198,0.094122976,0.0961517,0.097741164,0.09769633,0.10020595,0.10760811,0.10735787,0.10984186,0.10854173,0.1083282,0.116471566,0.120247975,0.12766916,0.13060062,0.13294443,0.14408635,0.14970116,0.15851589,0.16253585,0.16808853,0.17031021,0.17353103,0.1827293,0.18730232,0.19963084,0.21520996,0.21940513,0.21907413,0.22476158,0.21465196,0.21247126,0.21647899,0.20970476,0.2068464,0.20882912,0.20359153,0.20567676,0.20719679,0.19888479,0.19484985,0.18337685,0.1760955,0.17730273,0.17041498,0.1650713,0.15744177,0.14520873,0.14095479,0.13231789,0.123861134,0.11786636,0.10515807,0.103870325,0.10166596,0.093271255,0.09354085,0.083759554,0.08313716,0.08175455,0.07895033,0.07805175,0.07536021,0.07704017,0.07705159,0.077738054,0.08034566,0.08184823,0.07989015,0.07692076,0.073365994,0.06848778,0.06174803,0.052409835
0.046070192,0.05697108,0.0678435,0.07321896,0.07245013,0.07528909,0.077447064,0.07631659,0.083011456,0.08545118,0.08852107,0.09207085,0.092952624,0.09723111,0.1013024,0.105636165,0.108240984,0.109783486,0.11271017,0.12570444,0.13554096,0.14433523,0.14572458,0.14389442,0.14227182,0.14337432,0.15235531,0.15639599,0.16055602,0.16115156,0.16386242,0.17050798,0.17414744,0.17833361,0.18205291,0.18325116,0.18876754,0.18869556,0.19180848,0.19155078,0.19323562,0.19491653,0.1974362,0.19420508,0.19106834,0.1971367,0.19555666,0.20432332,0.20308591,0.2025025,0.21086198,0.20797767,0.21350537,0.20638049,0.19385795,0.18038356,0.17392197,0.16561702,0.15833244,0.16128246,0.1476837,0.14709583,0.14097905,0.13029099,0.12288403,0.118054524,0.10462227,0.09906209,0.09560014,0.09053107,0.09575266,0.091117434,0.09057201,0.0913969,0.08347709,0.082702875,0.07980649,0.073406555,0.07195354,0.06871632,0.06981897,0.06581045,0.06649636,0.075383574,0.07251748,0.06742599,0.05687958
0.034412045,0.044122584,0.05073663,0.051777307,0.053828485,0.055607557,0.05844349,0.061205067,0.06522693,0.06650846,0.06980859,0.067453764,0.06605386,0.06893911,0.068257965,0.07450012,0.08123657,0.084697165,0.08652729,0.09385499,0.09392822,0.0960589,0.10525881,0.10611629,0.11485289,0.11987063,0.1151627,0.119444594,0.11963318,0.12460016,0.13877636,0.14796731,0.15265803,0.15961224,0.16249566,0.16697638,0.17474517,0.16885641,0.17012303,0.17764665,0.18595223,0.20102668,0.20452446,0.20327209,0.19724584,0.19587149,0.19129781,0.18794666,0.19233426,0.18570675,0.19223247,0.19023718,0.18321854,0.18525894,0.18096168,0.17737949,0.17059037,0.15520833,0.14476098,0.13686007,0.13346645,0.14489116,0.13849328,0.13052543,0.1266813,0.10931641,0.11203407,0.115700334,0.107185945,0.10578185,0.09654176,0.085804895,0.086656675,0.08628349,0.08445634,0.080451354,0.07536565,0.068779714,0.06844298,0.07155849,0.06944619,0.06480094,0.06229718,0.060881495,0.06395885,0.058412928,0.048010353
0.035045933,0.041153923,0.048590407,0.049286544,0.053479157,0.054447792,0.056540523,0.05848844,0.057122037,0.057890598,0.059900217,0.061486583,0.062076073,0.0670993,0.06984351,0.07504263,0.078387216,0.0859035,0.08456697,0.0826505,0.09250142,0.0919697,0.09864639,0.10954572,0.11330695,0.12328268,0.1275205,0.12990369,0.13108517,0.13443705,0.1416019,0.14501122,0.14965142,0.15175447,0.15153699,0.160489,0.15927285,0.16291325,0.17014793,0.17175812,0.18082012,0.19276975,0.19688205,0.20330837,0.20399098,0.19678454,0.19403167,0.19026819,0.1855063,0.18995874,0.18912509,0.1822518,0.17834583,0.16248967,0.15317975,0.14339943,0.13854073,0.13597642,0.13106441,0.12447843,0.121147566,0.11195827,0.104184315,0.10040467,0.09836419,0.09326641,0.0929595,0.08974469,0.08480067,0.08004147,0.07229263,0.07455177,0.067754775,0.070049204,0.07069992,0.062414277,0.062170967,0.059053276,0.05355823,0.05149639,0.047954883,0.04894983,0.04898243,0.05085564,0.048779003,0.040682375,0.034579527
0.059734195,0.07359449,0.08356309,0.085435174,0.091402665,0.09330761,0.09907832,0.10242508,0.10085876,0.10603645,0.10933883,0.11407043,0.112308815,0.11176359,0.10641449,0.10468881,0.11075583,0.11487674,0.12426881,0.13151234,0.13430844,0.13613409,0.1337269,0.14210027,0.14635448,0.15332922,0.15578723,0.1520767,0.15763637,0.16625032,0.17260787,0.18046941,0.17981337,0.1677376,0.17633773,0.17911382,0.18445295,0.19950458,0.1980463,0.2013707,0.20589611,0.20844434,0.21612233,0.22469509,0.22795573,0.2258821,0.22071859,0.20075707,0.19567712,0.19300553,0.19476798,0.20303531,0.2041744,0.20789476,0.20678872,0.20295367,0.19518642,0.17996065,0.17220296,0.16382387,0.15816541,0.162587,0.1532098,0.14420421,0.13789478,0.12043972,0.11196086,0.11215086,0.10065706,0.10124812,0.100366585,0.09798329,0.1056712,0.10388951,0.101845585,0.101225376,0.09345599,0.08718741,0.094526455,0.089586556,0.090084106,0.0935543,0.082471095,0.08945861,0.0893629,0.07763184,0.0679447
0.059370954,0.07224206,0.08467317,0.08684854,0.090184376,0.09649218,0.09712628,0.097503066,0.097804904,0.10644553,0.11296662,0.11898136,0.12418511,0.12115639,0.123829275,0.12774529,0.13013937,0.13408199,0.13572778,0.14139438,0.145918,0.15159306,0.15633038,0.15807365,0.16244012,0.15899983,0.16567403,0.16922584,0.17055304,0.18342902,0.18245907,0.18329929,0.18359536,0.1681935,0.16584532,0.17145148,0.16884828,0.18111211,0.18911819,0.1905483,0.19884022,0.19898288,0.20561971,0.21109092,0.21556483,0.21452084,0.21106243,0.1981179,0.19501859,0.19459286,0.19033332,0.19143881,0.17991334,0.18361613,0.172859,0.17020367,0.16929445,0.1477318,0.14259586,0.136125,0.12331434,0.11976686,0.11490032,0.10420685,0.10246814,0.10137237,0.09692347,0.098788925,0.09854989,0.094651066,0.090619154,0.083156444,0.07611364,0.0762547,0.072556995,0.06513981,0.062717415,0.06253237,0.062419306,0.06995606,0.07312205,0.071725324,0.06973513,0.059168752,0.058038905,0.05099249,0.04376902
0.057753526,0.07378922,0.09072943,0.09685448,0.09982267,0.100598805,0.095599264,0.09086621,0.09153952,0.08731606,0.094620556,0.09972867,0.10422897,0.10859401,0.11714001,0.115788735,0.11817357,0.12219582,0.11971356,0.12569416,0.12677386,0.13619575,0.13700798,0.14353503,0.15533772,0.15997559,0.16570081,0.16877986,0.16594212,0.16402672,0.165071,0.16878673,0.17506717,0.18354462,0.17985551,0.17964716,0.17940652,0.17763318,0.18957232,0.19427384,0.20819741,0.21413058,0.22123653,0.22298808,0.22131136,0.21279041,0.19652116,0.19620283,0.18073234,0.18404512,0.19183211,0.1873587,0.18571183,0.18307675,0.17988579,0.17165412,0.16167493,0.14190742,0.122560605,0.10733839,0.099628024,0.09926737,0.09248592,0.08825014,0.08217253,0.08103136,0.07678616,0.07532867,0.07383643,0.074110605,0.07466639,0.07102954,0.071705714,0.06257664,0.059103176,0.056278758,0.054427613,0.058040246,0.05748311,0.058203325,0.05800214,0.05804439,0.06158472,0.06261602,0.061699178,0.052013643,0.04040534
0.0714104,0.08783417,0.10049067,0.10517496,0.10340568,0.10348211,0.105954744,0.10477204,0.107029766,0.10681468,0.10571942,0.11316121,0.10969176,0.11474723,0.116465464,0.11907428,0.12626116,0.13298234,0.13561565,0.1312419,0.13816042,0.15070489,0.15558544,0.16733448,0.16767982,0.16216455,0.17222182,0.17177323,0.17563811,0.18460424,0.18652372,0.18123138,0.18549389,0.18028207,0.18263078,0.20376919,0.21056281,0.21245691,0.21519338,0.20939651,0.21012205,0.22193807,0.22600663,0.2319418,0.23482822,0.23027329,0.23138814,0.22329938,0.21056588,0.20317167,0.1954506,0.19178,0.19411515,0.1848239,0.17023817,0.17139894,0.15787724,0.15375023,0.15000002,0.13025843,0.122208744,0.1132309,0.101720124,0.08846227,0.08321111,0.07501866,0.07065516,0.071476705,0.06802254,0.06511081,0.06409021,0.06412006,0.06353379,0.06567534,0.063783124,0.06104898,0.06149473,0.061699215,0.061793417,0.06424153,0.067435734,0.063993186,0.08108783,0.08507119,0.08398562,0.08126375,0.05736988
0.01979417,0.023570007,0.027240971,0.026160851,0.027310051,0.027415749,0.028338986,0.028928079,0.029628366,0.031702653,0.034576256,0.03584815,0.034721117,0.03680831,0.035615366,0.03790645,0.039609194,0.03855628,0.03728445,0.035490144,0.03502961,0.034971666,0.0377403,0.039753813,0.040205266,0.039963983,0.039560817,0.038045723,0.040325217,0.04113097,0.042257003,0.04498972,0.046020497,0.04770957,0.049300075,0.049188167,0.04959693,0.049968783,0.04899696,0.049791086,0.052505605,0.055822603,0.06151403,0.06451004,0.06554172,0.067803666,0.06810605,0.067475945,0.06864665,0.07069044,0.07221341,0.075959615,0.07485775,0.07352655,0.071219966,0.071552835,0.08080828,0.07904999,0.076786585,0.072806075,0.061711285,0.06128714,0.06490646,0.06516252,0.06930433,0.06867883,0.065124795,0.06403079,0.057078324,0.056165308,0.053804982,0.051624473,0.05107867,0.048542332,0.051278546,0.05033704,0.049933307,0.048411265,0.044379983,0.04664834,0.044003107,0.042273838,0.04260279,0.036785048,0.038107883,0.035294466,0.028111562
0.021326667,0.025079437,0.02951476,0.030357137,0.030328322,0.03149781,0.031720273,0.032123722,0.032698806,0.03400278,0.03482811,0.035724256,0.038419764,0.04035159,0.04036337,0.040393308,0.039581418,0.036654063,0.037414804,0.03742698,0.038065366,0.040834144,0.044736926,0.044859912,0.045488957,0.044628434,0.0470698,0.047716238,0.050436456,0.053532228,0.049435522,0.051708926,0.05197228,0.052665263,0.057527516,0.06046987,0.06802802,0.068465754,0.0692137,0.074091576,0.07201926,0.0765881,0.076803535,0.07380356,0.07728376,0.083169,0.084005274,0.08692095,0.08764277,0.08705317,0.087135196,0.08932174,0.08701623,0.081906736,0.08184628,0.07562069,0.07445065,0.070929535,0.07287631,0.075657874,0.07473386,0.0811301,0.07888956,0.07725758,0.07434905,0.06755535,0.064947546,0.060474876,0.058282312,0.05569533,0.059094798,0.058851868,0.058231797,0.058505766,0.052292887,0.051502567,0.05032886,0.04844479,0.04683037,0.04425043,0.045338616,0.04426818,0.044845667,0.044549856,0.042533264,0.037232224,0.029808395
0.023551421,0.02842927,0.033854514,0.03485856,0.037176587,0.040329106,0.042270772,0.043668386,0.042897217,0.04217404,0.04059271,0.039730154,0.042540066,0.042410158,0.043083016,0.044977073,0.04480186,0.046726454,0.05400065,0.05721366,0.058156487,0.05822456,0.05490045,0.050511166,0.04839572,0.05574999,0.05692344,0.061334707,0.06564556,0.06433014,0.06672296,0.06996629,0.0759036,0.07482501,0.07461171,0.07394117,0.071462706,0.075042464,0.076132216,0.078060776,0.08090023,0.0852915,0.09600675,0.10111903,0.10175706,0.10383505,0.10129444,0.09896628,0.105776116,0.106484294,0.10656961,0.11467115,0.114584215,0.11490295,0.11253166,0.10249307,0.09975026,0.096945696,0.097240135,0.104579665,0.10484601,0.104930244,0.10472631,0.09553861,0.09454105,0.08979758,0.08419262,0.0881585,0.08001592,0.07710863,0.07667207,0.07046349,0.06569466,0.06395936,0.061428934,0.059758324,0.061414223,0.06017159,0.058637984,0.05516186,0.048997365,0.047828864,0.045618825,0.043214746,0.04312648,0.036180016,0.027969602
0.027623544,0.034497324,0.039725374,0.040835734,0.03991645,0.039565068,0.039798733,0.03794368,0.038360834,0.037680615,0.036501992,0.036561735,0.040714458,0.04271122,0.04404671,0.045171224,0.044583514,0.044266015,0.045591448,0.046674266,0.043795172,0.045060866,0.046270188,0.047510624,0.05155699,0.05706677,0.0571566,0.060766403,0.062282965,0.06383022,0.06802602,0.06764009,0.07092302,0.0716169,0.07635834,0.07776314,0.07770674,0.07980796,0.08065313,0.0865789,0.09059592,0.09270507,0.09358073,0.09376431,0.09898109,0.10246725,0.10970042,0.10968274,0.110442564,0.11017485,0.10372443,0.10322838,0.09942449,0.095456816,0.09450646,0.10090542,0.10061312,0.101411365,0.10172794,0.093949966,0.09020282,0.08583625,0.08142922,0.07936233,0.07723628,0.077990144,0.07742626,0.074667245,0.07543261,0.073697664,0.07286406,0.07067015,0.06778097,0.06390532,0.058790192,0.056815255,0.051591318,0.0515737,0.053423997,0.05595576,0.05624553,0.05256237,0.04842237,0.046583407,0.046013787,0.04221886,0.036244757
0.02502229,0.03062629,0.036036037,0.035204466,0.03636927,0.036177225,0.0358338,0.038705338,0.039633397,0.040233836,0.042800564,0.04281233,0.043055695,0.045181908,0.047200914,0.048544284,0.049190156,0.04931258,0.050165936,0.05340517,0.05617479,0.06180386,0.06403748,0.066717,0.06814808,0.066608764,0.06601254,0.062342696,0.06755977,0.070499934,0.07026598,0.074388124,0.072568744,0.07588059,0.08149961,0.084131315,0.086822435,0.08932862,0.09280974,0.09253773,0.09940728,0.10091595,0.098059125,0.103187114,0.09821749,0.10450789,0.112336844,0.1138341,0.119084515,0.11673532,0.11213988,0.11029488,0.11416997,0.11001297,0.10837196,0.11349939,0.10469592,0.1056165,0.10780119,0.103277884,0.10268993,0.09973016,0.09815723,0.09069361,0.08864282,0.087433085,0.081338935,0.079716355,0.077899754,0.07189142,0.07054374,0.07008474,0.06411443,0.06507349,0.061460886,0.05717221,0.060741417,0.05794902,0.058728922,0.05765458,0.05308384,0.054029744,0.052779734,0.05127671,0.04893836,0.04039051,0.031137798
0.03369151,0.04055333,0.044950858,0.048741907,0.046926294,0.04606668,0.048649944,0.045869753,0.049335197,0.05231385,0.052605756,0.05331832,0.051184986,0.049760018,0.05051865,0.051454462,0.055533484,0.061589878,0.064272285,0.06616224,0.066048905,0.065943815,0.06857453,0.07240707,0.07240183,0.07649185,0.073569424,0.073183835,0.07428793,0.07251518,0.08002585,0.08394885,0.08814785,0.08789455,0.08970606,0.09358983,0.093674995,0.09820559,0.100827426,0.100788064,0.10999123,0.114207126,0.118710145,0.12816872,0.13748538,0.1419176,0.14368713,0.14206584,0.13663076,0.13507095,0.13442707,0.1381217,0.13785903,0.13786948,0.13144138,0.12150436,0.11999305,0.12305569,0.1405061,0.14011863,0.13249037,0.12718034,0.10772618,0.10414549,0.103369795,0.0999182,0.09972849,0.09612712,0.095240995,0.090844005,0.08296136,0.08369748,0.082506515,0.07746493,0.077899046,0.073140904,0.06945921,0.067470685,0.067272104,0.066851415,0.061975006,0.058639172,0.052716523,0.047452755,0.046370056,0.042010866,0.033811186
0.029968908,0.038166802,0.044604752,0.043266784,0.043109335,0.0427052,0.04164607,0.04274274,0.045435634,0.04516618,0.049676128,0.050344367,0.053094298,0.056323256,0.05738093,0.06093057,0.06274691,0.06130379,0.060500056,0.062078033,0.0643246,0.06759183,0.068456076,0.07300565,0.07108507,0.07076572,0.074673474,0.08102005,0.08657227,0.09035434,0.091879696,0.08540642,0.08544428,0.08709217,0.092150345,0.09299025,0.10037016,0.108488664,0.107937776,0.11720514,0.11298774,0.113573186,0.12113167,0.11901052,0.12528181,0.12671345,0.125077,0.1266377,0.124823846,0.1255632,0.12553027,0.12159983,0.122069575,0.12177623,0.12186322,0.1254188,0.11889091,0.111600265,0.107272536,0.10060377,0.10240966,0.10122233,0.09469805,0.09460459,0.095917,0.09140263,0.088512614,0.08376427,0.07631147,0.07560922,0.07692396,0.0732795,0.073843785,0.071379855,0.071567446,0.07288181,0.06714036,0.06319553,0.058330067,0.05589442,0.05688972,0.055746228,0.0534222,0.051217623,0.04870902,0.044746254,0.03668018
0.031014403,0.03812534,0.045161948,0.045510784,0.046421815,0.047229167,0.047091946,0.049004257,0.048041258,0.051711157,0.05439074,0.05508673,0.05987473,0.057418883,0.05529292,0.0550679,0.056454197,0.062327802,0.064917445,0.0659717,0.065054074,0.06345206,0.06687804,0.068341285,0.07091418,0.07470915,0.07910746,0.083073534,0.08558629,0.091883555,0.090888985,0.09370766,0.0958843,0.0944085,0.09737584,0.10518743,0.10902656,0.11258411,0.11643767,0.11710955,0.119063444,0.12062694,0.12182775,0.123282455,0.12213269,0.12772231,0.13326846,0.13532397,0.1334067,0.12768595,0.1267522,0.12471127,0.13309047,0.13498338,0.13503094,0.12952438,0.12867492,0.12567076,0.11927769,0.1319501,0.12452399,0.12310573,0.12359292,0.105562136,0.10088188,0.09481135,0.08706798,0.08456976,0.086399265,0.082097255,0.079869136,0.08222234,0.077342264,0.08124234,0.08102987,0.07877499,0.07557046,0.0704921,0.066006094,0.059173606,0.05982334,0.05777061,0.05351582,0.053634357,0.049526457,0.044201497,0.037881143
0.030218631,0.038639307,0.044533495,0.045542724,0.0447118,0.044336766,0.044606682,0.046988234,0.04778662,0.051451974,0.053705256,0.054453034,0.05701774,0.05748235,0.058616173,0.058423188,0.05926733,0.059572123,0.060372498,0.064556494,0.06771159,0.07421328,0.07800997,0.077121265,0.083270304,0.0857415,0.08383362,0.0878814,0.087069795,0.0909957,0.095234305,0.096725725,0.09761585,0.098633595,0.10144753,0.11084207,0.11254772,0.11658433,0.12230432,0.120758325,0.1294393,0.12513176,0.12515329,0.13003434,0.12840088,0.13570018,0.13548614,0.13680084,0.13640782,0.13890594,0.13975978,0.13804872,0.14273699,0.1410229,0.13885455,0.14237323,0.13656086,0.13530304,0.13789251,0.12929916,0.13022512,0.12580673,0.122086205,0.120825574,0.11054771,0.10338154,0.099810936,0.09407529,0.09370943,0.09331925,0.08844185,0.09104693,0.09254383,0.093134426,0.09054372,0.08530209,0.081185356,0.07522194,0.07313521,0.069873944,0.06657462,0.0635431,0.06367923,0.058616504,0.05743727,0.04949778,0.038917758
0.030966448,0.04019827,0.04611045,0.048838604,0.0508627,0.053570464,0.056162786,0.05383514,0.05787862,0.055713702,0.057037544,0.05933956,0.06111637,0.06859973,0.068617545,0.07202874,0.07277465,0.0757304,0.07966221,0.08331745,0.08369484,0.08377353,0.08629372,0.090634115,0.09407462,0.09014751,0.09978805,0.0982271,0.09671647,0.104990244,0.10098104,0.1020518,0.110914506,0.11749968,0.12658428,0.13550349,0.13628854,0.13941292,0.1411862,0.13714853,0.14273107,0.13795649,0.13885264,0.148098,0.15239194,0.16467251,0.16819946,0.16490501,0.1633031,0.15689419,0.15422514,0.1569811,0.16085356,0.16044174,0.16103217,0.15677676,0.14767918,0.1417243,0.13307784,0.12694098,0.12375535,0.11693388,0.11670113,0.114594996,0.109681904,0.107061006,0.10004471,0.10102257,0.09566676,0.09807817,0.09278175,0.086912155,0.08711232,0.080975406,0.080026515,0.07701261,0.071884245,0.06844962,0.067581974,0.065425426,0.06322916,0.06262921,0.059569567,0.056831747,0.05695914,0.05059945,0.040144846
0.038435254,0.045434505,0.051842604,0.056823142,0.059780475,0.06692579,0.07194432,0.073666036,0.07176678,0.070140846,0.07091698,0.074499704,0.07732325,0.07948937,0.07961493,0.0762147,0.0798334,0.08079077,0.081230976,0.0849607,0.085626155,0.09036323,0.09409536,0.09911739,0.10030355,0.10066479,0.10353395,0.10216631,0.11236334,0.11895183,0.12205972,0.12923884,0.13660522,0.14162214,0.15228938,0.14943312,0.15019082,0.14747842,0.15448804,0.16313837,0.1589373,0.16338088,0.16414379,0.16396198,0.16869992,0.16924413,0.16187514,0.16665214,0.16329972,0.1706348,0.16800937,0.16006097,0.1614432,0.15445246,0.14765292,0.14397506,0.13213706,0.12613912,0.12716536,0.122629516,0.117478,0.106482916,0.09572303,0.0889764,0.092961214,0.08731322,0.089312375,0.09137845,0.08661891,0.089638285,0.08525338,0.08101075,0.08140392,0.07764545,0.07336135,0.06814024,0.06332482,0.058012445,0.060885042,0.06170276,0.057654254,0.056110207,0.050154142,0.04983777,0.05021392,0.04288111,0.037996523
0.03547658,0.045567065,0.05463618,0.05849958,0.06085705,0.06075852,0.06241071,0.061645616,0.06290459,0.066691965,0.06631323,0.07196938,0.07367199,0.072905295,0.075590245,0.08009765,0.083230376,0.08711633,0.09104221,0.08976566,0.09364212,0.09278578,0.094336495,0.10174207,0.10189409,0.10958372,0.11907433,0.123319715,0.12796772,0.12984681,0.13221468,0.12880099,0.13070603,0.13171983,0.13101384,0.13857454,0.1460419,0.14699419,0.15088908,0.15412931,0.15848826,0.16006476,0.16432525,0.17252828,0.1712526,0.18661147,0.18035376,0.1777691,0.16648355,0.15897524,0.16593707,0.15476467,0.17244098,0.16078267,0.14923066,0.15682687,0.13720822,0.13885057,0.14341787,0.12862349,0.13026923,0.12567621,0.11675099,0.117902294,0.11673133,0.11536634,0.111634955,0.10923708,0.10333037,0.10038294,0.09721049,0.09094729,0.08864556,0.08247213,0.08132847,0.07708435,0.07159283,0.07142628,0.071030706,0.069794625,0.06788877,0.06606406,0.06285251,0.061582964,0.059692387,0.05093471,0.040230397
0.040788963,0.05406396,0.066894576,0.07183324,0.07706058,0.0750492,0.06994333,0.066766724,0.06414538,0.06670257,0.07483302,0.07647093,0.07918651,0.083655514,0.08630302,0.08835241,0.08812498,0.09693674,0.09766274,0.104441114,0.10494724,0.10178986,0.100707,0.097735584,0.10674842,0.104499854,0.109298594,0.113813244,0.1148268,0.11756738,0.116950035,0.115937725,0.11799957,0.13035092,0.14041533,0.14793432,0.15854497,0.15791906,0.15850097,0.15400037,0.1548461,0.15797405,0.16561556,0.17299244,0.16667931,0.16462746,0.16536985,0.15811841,0.16551687,0.16168506,0.1536958,0.15555388,0.1558678,0.15591167,0.1549843,0.15643331,0.14151436,0.1406657,0.13106334,0.1252659,0.12649372,0.11819566,0.11515671,0.10977416,0.10513553,0.10826108,0.10288779,0.10024099,0.095268756,0.08666464,0.08799689,0.08889241,0.08900062,0.08655587,0.08688085,0.08261665,0.077961996,0.07674663,0.07358152,0.070196755,0.069315806,0.06900735,0.065279715,0.06882745,0.065995805,0.0562673,0.04766305
0.04906654,0.059070032,0.06802467,0.0739071,0.0729888,0.074922584,0.0774547,0.07829098,0.08161275,0.08328614,0.08889717,0.08967424,0.09413658,0.09683745,0.09479497,0.098602794,0.09971111,0.10185323,0.10577931,0.105795205,0.10685709,0.10945542,0.108268976,0.11524223,0.113709845,0.11472788,0.121891536,0.11851179,0.13102907,0.13346738,0.12984787,0.13559128,0.13665546,0.14168373,0.15742946,0.16155216,0.16245382,0.17213695,0.168608,0.17286183,0.173959,0.16900761,0.16911635,0.16978888,0.18156964,0.17417124,0.17388417,0.17127723,0.15975778,0.16496664,0.1698702,0.16664487,0.15982477,0.15780726,0.14399287,0.13834028,0.13267556,0.12876078,0.12443022,0.12074605,0.117171735,0.1078055,0.10365056,0.09848006,0.10057577,0.10384356,0.10279978,0.09815997,0.093249135,0.08375762,0.08205991,0.080322474,0.07407208,0.07777808,0.07931867,0.08066191,0.08254689,0.077583216,0.06996524,0.06552516,0.061587892,0.059107523,0.059186198,0.057839457,0.0564517,0.05111,0.040531933
0.036655657,0.0456097,0.052109867,0.05502977,0.057539187,0.05914382,0.060257707,0.06339129,0.06116538,0.061146345,0.06520653,0.06601994,0.0698716,0.074129775,0.077480465,0.08184984,0.084571205,0.08727872,0.093259834,0.09459199,0.095032044,0.10211932,0.10443609,0.11267685,0.12249802,0.12406005,0.12890568,0.12943026,0.13193992,0.13576698,0.13733342,0.13731293,0.13541782,0.13722344,0.1380234,0.14944895,0.15675642,0.15588681,0.15922098,0.15952666,0.16398413,0.17874014,0.18992522,0.1869449,0.18983413,0.18228525,0.17255957,0.17447582,0.1681879,0.17349367,0.17450449,0.17626204,0.1705488,0.15912409,0.15268204,0.14503548,0.14655392,0.14333247,0.1323315,0.12127747,0.11451565,0.1118067,0.118650444,0.12277575,0.1166965,0.10902675,0.1085314,0.10536357,0.106697224,0.11188714,0.10632234,0.100670174,0.10016645,0.0977021,0.09310308,0.09667472,0.092126325,0.08510297,0.08668305,0.08744381,0.085602045,0.08659474,0.080596164,0.06877168,0.067063965,0.05572966,0.04695456
0.05523439,0.07199009,0.079911806,0.081990644,0.080975465,0.08341275,0.08568499,0.08800748,0.09148167,0.087650724,0.09290819,0.092675686,0.09312565,0.10145969,0.10065206,0.10228105,0.10217803,0.09878909,0.10313435,0.10689869,0.10803517,0.11540971,0.12033298,0.12175908,0.1264364,0.13056321,0.12799686,0.13526143,0.14794329,0.15265232,0.15455137,0.16101374,0.16207747,0.15546606,0.16416876,0.16814026,0.16556877,0.17249057,0.17728467,0.18143691,0.18747495,0.19063182,0.18499729,0.18286559,0.18121152,0.18451747,0.18248972,0.17611764,0.16970912,0.16315737,0.17316583,0.16755803,0.16695617,0.16714792,0.14924778,0.15030895,0.14521554,0.132772,0.13329823,0.1290845,0.12629169,0.11622355,0.1145953,0.110926025,0.10642311,0.10870513,0.10142338,0.09066193,0.085577615,0.0889664,0.085787445,0.0873982,0.08436138,0.077012986,0.07601146,0.07388531,0.07365527,0.072004594,0.0721775,0.067824975,0.06626826,0.06672086,0.067159995,0.06582894,0.06361506,0.05415427,0.04113152
0.05773335,0.06762698,0.07946676,0.074946746,0.07775789,0.086723395,0.089562885,0.0918573,0.09491585,0.09217356,0.101236604,0.102767475,0.09961606,0.09899797,0.093680404,0.1000903,0.10894368,0.1210128,0.123908974,0.13554081,0.13789676,0.13796456,0.14331436,0.13827635,0.14654051,0.14390701,0.14433104,0.14427136,0.14175238,0.14953792,0.15158649,0.15403949,0.15975872,0.16516298,0.1671256,0.1695818,0.16856106,0.16722769,0.16414279,0.16794397,0.1708796,0.17744517,0.18064952,0.17938393,0.18267237,0.18112639,0.18225278,0.18257444,0.1788589,0.17759603,0.17116797,0.17375487,0.17322226,0.16291445,0.163421,0.15499936,0.14793868,0.14380565,0.14766435,0.13916278,0.13422993,0.13028042,0.118719585,0.11708831,0.11593134,0.113781445,0.11614047,0.11292839,0.10369998,0.0999857,0.088222206,0.08880326,0.08889749,0.08632855,0.086363204,0.079080455,0.07314173,0.06816079,0.061831754,0.06244392,0.063202664,0.067634635,0.06889824,0.0670315,0.06611187,0.055759735,0.046315905
0.04889845,0.058102436,0.06562085,0.06816479,0.06663019,0.06863814,0.072075956,0.07683561,0.07657543,0.07737384,0.07827634,0.07330554,0.0771295,0.08234954,0.0900601,0.096491344,0.09843734,0.09849211,0.09474051,0.09840308,0.102229625,0.107686564,0.10975851,0.1209731,0.12195469,0.12613532,0.1316046,0.1335247,0.13696235,0.1403441,0.14779371,0.14603062,0.154267,0.15556464,0.15836821,0.16150945,0.17103556,0.1793207,0.18714097,0.196928,0.19827315,0.20288871,0.20293058,0.20407076,0.20400338,0.20345126,0.19512874,0.189691,0.18570824,0.18289389,0.19487311,0.19157043,0.1869855,0.18108773,0.17133842,0.16731258,0.16447163,0.15705441,0.15581155,0.15357758,0.15247291,0.14861242,0.13609393,0.12986958,0.11289933,0.10923536,0.10380927,0.097144075,0.10023588,0.09718179,0.09355998,0.09140025,0.08495121,0.0828092,0.07757425,0.07142896,0.072579406,0.071780086,0.07273675,0.07778485,0.07577729,0.071848184,0.07330505,0.07183108,0.07577113,0.06917905,0.058091465
0.05922297,0.07191469,0.0837524,0.0828539,0.0816838,0.08107984,0.08547002,0.09531672,0.096165806,0.09507745,0.094052665,0.09038877,0.091871105,0.10450065,0.10581265,0.115275696,0.12090614,0.11922512,0.11989367,0.11622366,0.11689813,0.117467605,0.12728494,0.12688127,0.13110626,0.14488071,0.14208488,0.15170632,0.15521394,0.147001,0.16076474,0.16215399,0.16497076,0.1817347,0.17508368,0.17840506,0.1873568,0.17565405,0.18910033,0.19406947,0.17890602,0.18706165,0.18374416,0.18200673,0.19264515,0.17795539,0.16789587,0.16552801,0.1713891,0.18833826,0.18597329,0.1857482,0.16922332,0.15390077,0.15075381,0.13722458,0.13878389,0.13509649,0.13295116,0.12885356,0.13074559,0.1297458,0.1250677,0.121443935,0.11251607,0.11092904,0.11229956,0.10954016,0.10486274,0.09789595,0.090956315,0.0920485,0.09192163,0.09124209,0.09288254,0.091558866,0.086201385,0.08508811,0.07937982,0.07483339,0.072156064,0.06831914,0.0672925,0.06736183,0.06478621,0.055449355,0.044629186
0.04026704,0.052130558,0.06201861,0.06587585,0.06725961,0.06619994,0.06904523,0.07171925,0.07631586,0.08114962,0.07875927,0.07632442,0.07502847,0.07612894,0.08074316,0.08455633,0.09258531,0.09755221,0.10671556,0.10895056,0.10900728,0.117035985,0.121195115,0.13697328,0.1403673,0.1442278,0.14414676,0.1368647,0.14569987,0.14781725,0.15321687,0.1511597,0.15310442,0.15983541,0.17183502,0.17972517,0.18537918,0.18627535,0.18921496,0.20299898,0.20373449,0.20424882,0.20058379,0.19976231,0.20536837,0.20911127,0.2017667,0.19221999,0.1856829,0.17766973,0.18682936,0.17748496,0.17018834,0.16371556,0.14138885,0.14821438,0.14636567,0.14095278,0.14467819,0.13713498,0.1285394,0.1265781,0.1254975,0.11820791,0.11211072,0.10788607,0.09777753,0.094586544,0.09280402,0.08631284,0.09210373,0.0892557,0.088556565,0.089042425,0.082319915,0.08390195,0.07672746,0.0778646,0.073143385,0.07281747,0.07635535,0.07420971,0.07382569,0.06997537,0.0706604,0.062637426,0.051676873
0.058741998,0.07170569,0.08730241,0.08997431,0.09041874,0.09006185,0.0882929,0.08271719,0.08875125,0.09476168,0.09484146,0.09821911,0.09355329,0.098209396,0.10346786,0.113691054,0.11874098,0.119291924,0.12135737,0.12673105,0.13516542,0.14325483,0.14957084,0.15403806,0.15606274,0.15704104,0.15970664,0.15841292,0.16423543,0.16311948,0.16206697,0.1675363,0.16349116,0.17488419,0.18291771,0.18682522,0.19045019,0.18934262,0.18980768,0.1881484,0.19577871,0.19687258,0.19923088,0.19528866,0.19865207,0.19580685,0.18466747,0.18466464,0.16306596,0.15663029,0.1550876,0.15464284,0.15743087,0.15168758,0.1464183,0.13786015,0.13354096,0.13056244,0.13276547,0.12770475,0.12399919,0.12135875,0.118437454,0.11451534,0.11531889,0.11224939,0.10587509,0.10379568,0.09836489,0.092775814,0.093003005,0.08838404,0.088562496,0.090423174,0.08288403,0.081807464,0.076278806,0.07289068,0.076943606,0.07538126,0.0757855,0.07289855,0.067491025,0.064985946,0.058949556,0.05069696,0.041395262
0.045367394,0.05545897,0.0650166,0.07063014,0.07334888,0.074350685,0.07962685,0.0792876,0.07751169,0.079129234,0.07398609,0.07765808,0.08398082,0.0897506,0.09378344,0.09793747,0.1024634,0.10238636,0.11487603,0.12130177,0.12502615,0.13491774,0.1351247,0.14085819,0.15469724,0.16225556,0.166167,0.17476161,0.16579954,0.17062342,0.17622899,0.17190212,0.17263922,0.16536143,0.16866119,0.16980805,0.17463624,0.18600965,0.1892595,0.19286163,0.20543407,0.2052661,0.20283651,0.20437446,0.20566799,0.20495792,0.20107506,0.18992926,0.17309819,0.16141336,0.16610786,0.16629702,0.16112232,0.15647341,0.14199364,0.1415216,0.13588093,0.13339797,0.13066822,0.123363405,0.12468737,0.12177499,0.11402303,0.10864857,0.10728025,0.10761422,0.107773416,0.108110994,0.10419716,0.091772765,0.08503287,0.07783134,0.07421384,0.07294627,0.07147897,0.06905529,0.0625721,0.06650739,0.066378914,0.06873624,0.07006913,0.06692792,0.066732,0.07002732,0.0717234,0.06576507,0.058326215
0.045710128,0.06496011,0.07405851,0.0789576,0.079381764,0.080638036,0.08520389,0.089860216,0.09613683,0.0973185,0.095936134,0.094645865,0.09635047,0.0935474,0.0974946,0.101190165,0.10708765,0.10880391,0.11753851,0.12742181,0.13284443,0.14320439,0.14369673,0.14908937,0.15651676,0.16135132,0.17068368,0.17410976,0.17059568,0.17369087,0.17282085,0.16722095,0.17588626,0.17233163,0.17447586,0.17781384,0.17683603,0.18318804,0.18473557,0.19870812,0.20003343,0.20504947,0.2075716,0.20288883,0.20129173,0.19561131,0.19735654,0.20248023,0.19932397,0.19985133,0.19732064,0.17797963,0.17335358,0.1667019,0.14965104,0.14690769,0.14085071,0.12715808,0.12325743,0.119768426,0.11638273,0.11782134,0.11627758,0.11014228,0.105365664,0.09824892,0.09210078,0.088200495,0.083655104,0.08102996,0.08448627,0.08686596,0.0855753,0.085478246,0.08780198,0.08297718,0.084859565,0.08146902,0.07501505,0.073458776,0.07425218,0.08519869,0.08644765,0.08761204,0.07895475,0.061866835,0.04573906
0.042127922,0.051274065,0.069430925,0.07288844,0.0787496,0.08305516,0.082849376,0.08766095,0.08862086,0.09167269,0.09391459,0.0925256,0.09452747,0.09908372,0.10057639,0.10255123,0.11053713,0.11147182,0.10978943,0.114358604,0.11752687,0.12074447,0.13277173,0.1410814,0.1433099,0.14951843,0.15653956,0.16365352,0.1607428,0.17565325,0.17126906,0.16452329,0.1803119,0.17021139,0.17764907,0.18880552,0.1853759,0.19366077,0.2009511,0.2060302,0.20959538,0.20587297,0.19324763,0.18536368,0.17500794,0.17831846,0.19102268,0.1890172,0.19748323,0.19585596,0.18522242,0.18613589,0.17177697,0.16388346,0.15565977,0.13917007,0.14345203,0.13497889,0.13179305,0.13313416,0.12455463,0.12147093,0.11549836,0.1124178,0.10694619,0.10377847,0.10578333,0.102913305,0.102772646,0.096736394,0.09386426,0.09277757,0.09580152,0.0959577,0.09351263,0.09418118,0.08844342,0.09228899,0.09019543,0.08311733,0.08079793,0.07496817,0.07415081,0.07103626,0.06836376,0.056952085,0.044605456
0.056946147,0.0721649,0.07930423,0.07936952,0.07565069,0.07432401,0.077259764,0.08442227,0.088435896,0.089032724,0.09570094,0.09875003,0.100477755,0.10493048,0.10806998,0.114009775,0.116526365,0.12493327,0.12613826,0.12181566,0.13424364,0.13280958,0.13868296,0.146809,0.1483349,0.15617567,0.16497737,0.17544639,0.18451443,0.19326493,0.19848436,0.20034218,0.20438644,0.20619982,0.2031591,0.20596218,0.20641963,0.21379136,0.21130562,0.20891991,0.2085425,0.19776331,0.21473978,0.21775547,0.21871156,0.21901916,0.20872109,0.20502186,0.19747564,0.19504207,0.18982348,0.18408388,0.17058705,0.16351034,0.15224312,0.14412855,0.15042837,0.14699122,0.14855549,0.14539887,0.13545609,0.13091101,0.12041823,0.12306452,0.11886244,0.1156611,0.11773525,0.10960052,0.11477343,0.11060573,0.10411767,0.10191062,0.09964761,0.097342975,0.09878936,0.09110779,0.083413266,0.07895561,0.07030331,0.06989813,0.06515923,0.060851205,0.06387597,0.06013724,0.059743065,0.053876128,0.041123115
0.06235626,0.07910863,0.090754114,0.09353568,0.090856396,0.09299552,0.09413368,0.096982405,0.09989099,0.09544418,0.094378285,0.09334256,0.10022798,0.108037844,0.12120482,0.13031094,0.12818597,0.12766421,0.13547498,0.13475636,0.14084041,0.14695828,0.15271638,0.16421135,0.1729117,0.18072453,0.17766961,0.17439412,0.17945822,0.18713215,0.19429983,0.19977471,0.19726677,0.19556698,0.1950011,0.20241857,0.20963036,0.21567225,0.21798733,0.21104567,0.21299426,0.19967495,0.19980462,0.20103806,0.19552019,0.20125185,0.19840807,0.19491185,0.18909782,0.18178979,0.16483119,0.15609303,0.15419938,0.14708424,0.14637057,0.14286423,0.13732155,0.13899973,0.14162901,0.14055558,0.13294232,0.13037466,0.12192045,0.114810966,0.10643939,0.09974882,0.101533756,0.10459291,0.10680702,0.101905875,0.10331419,0.097189896,0.09248326,0.09035186,0.08086289,0.0785962,0.07691843,0.07135377,0.065074354,0.060394056,0.054103915,0.060376763,0.064145654,0.06340565,0.06965168,0.05984029,0.047978245
0.059618887,0.070965685,0.083597064,0.08725661,0.090251565,0.09378511,0.09416189,0.095660724,0.0978609,0.102728054,0.109606996,0.111612126,0.11219529,0.11580071,0.12367162,0.13173673,0.13278338,0.13528025,0.135776,0.13536243,0.14099616,0.14081486,0.14435527,0.14516659,0.14690225,0.15436494,0.15710731,0.17660612,0.19197908,0.19563666,0.194207,0.19296418,0.18874355,0.18885717,0.19452219,0.19380572,0.18817821,0.19841328,0.20758419,0.20483685,0.21647356,0.21750969,0.21838248,0.22753981,0.22185637,0.21578826,0.20564337,0.18562877,0.17854366,0.17771573,0.16959795,0.17716694,0.17395897,0.15840393,0.15552016,0.14887263,0.1481623,0.15114263,0.14840086,0.136695,0.13177645,0.12873597,0.12695216,0.12585881,0.11937776,0.11278449,0.109027594,0.10572117,0.1060581,0.10438177,0.10323764,0.10284585,0.09823346,0.09376973,0.09405793,0.08792111,0.08571268,0.08124277,0.068409294,0.065361716,0.06606286,0.064578995,0.06665346,0.06828053,0.063506596,0.058169838,0.047340196
0.014224737,0.017277392,0.021612352,0.021677302,0.025732497,0.026343245,0.02606618,0.026034398,0.021934157,0.022579107,0.023721496,0.025243483,0.026869025,0.02651586,0.026582208,0.02677584,0.027640048,0.03012241,0.030938884,0.033886883,0.035884716,0.036081348,0.03558451,0.034601398,0.032996316,0.033050753,0.03536728,0.03549291,0.03661761,0.04160476,0.0433886,0.045078672,0.046012808,0.04412799,0.043986518,0.04732007,0.05049962,0.05149146,0.053011235,0.051127814,0.05541601,0.058846224,0.061340813,0.065674484,0.06915677,0.06828382,0.06905824,0.07142684,0.07602952,0.0834045,0.09183508,0.096136734,0.09551203,0.09413925,0.09055358,0.08772638,0.086973235,0.08209834,0.080817364,0.0795149,0.074249044,0.07703379,0.07413169,0.073536,0.07628716,0.07791627,0.08126242,0.07953604,0.07763633,0.07507145,0.06994185,0.06811034,0.06390878,0.060330935,0.057616394,0.0533602,0.050648976,0.04793964,0.045891613,0.044952657,0.044081256,0.042436652,0.041306496,0.042023845,0.03991986,0.03486197,0.02790093
0.014968337,0.019800419,0.023524538,0.023946011,0.024706177,0.025172368,0.02481478,0.023989236,0.026582427,0.027477954,0.029239494,0.03093448,0.02897476,0.027640946,0.02861442,0.030515779,0.032988146,0.034022253,0.03389323,0.03399105,0.032350454,0.03372744,0.03559616,0.03579388,0.03907233,0.04005408,0.041430306,0.04314617,0.04318268,0.044118095,0.04287346,0.044093322,0.045323577,0.04710795,0.050651323,0.049393367,0.051317103,0.055000808,0.0553372,0.06136455,0.0670265,0.067115106,0.069909655,0.06897984,0.06470383,0.06339031,0.06658295,0.07353829,0.08158173,0.09019639,0.09302429,0.09256451,0.09104998,0.08509008,0.08523841,0.084241934,0.079573445,0.082133025,0.07906368,0.0822438,0.08410807,0.08591688,0.0832679,0.076780945,0.07783664,0.07389029,0.07832011,0.0766665,0.07530351,0.07153835,0.06467918,0.06514462,0.05816975,0.055994373,0.052119523,0.047194928,0.047208868,0.04570461,0.044276115,0.04271191,0.04004954,0.03881864,0.039253566,0.04069061,0.04054041,0.035660736,0.028993445
0.01743805,0.02077204,0.025218967,0.02583091,0.025235668,0.025498088,0.02431941,0.02583509,0.028109482,0.030978777,0.030702839,0.02996208,0.03014159,0.030345012,0.032310627,0.03394517,0.03538303,0.036150437,0.035585497,0.038753606,0.039045822,0.042227976,0.04486384,0.04515392,0.04552833,0.043795243,0.044398196,0.04554481,0.045703348,0.04596836,0.04902018,0.05194574,0.054803073,0.058145404,0.062365357,0.061916232,0.065310076,0.06613333,0.071041755,0.07095271,0.07270017,0.07377717,0.06967907,0.07755623,0.0792862,0.08375207,0.08741234,0.087183885,0.09286321,0.095706284,0.09937726,0.1041568,0.11201966,0.11143836,0.10866476,0.10808827,0.10050416,0.09902209,0.102240525,0.09980209,0.0992431,0.098913945,0.099177346,0.102375835,0.10018132,0.0991121,0.091602705,0.08111419,0.07579923,0.07395074,0.06975873,0.06832365,0.06500669,0.060977034,0.06135194,0.057820138,0.05339041,0.04896544,0.044350892,0.043845676,0.042855874,0.041321434,0.041144196,0.038130052,0.03648479,0.032018203,0.025475584
0.017276142,0.021052012,0.024480738,0.024965791,0.024597371,0.025381839,0.02613806,0.027998943,0.028970812,0.030440005,0.0333817,0.03252322,0.03368188,0.033241477,0.03208736,0.034486044,0.03608573,0.037817806,0.038576003,0.03942814,0.040402465,0.041896086,0.04303965,0.044703133,0.046247672,0.04826271,0.048822008,0.04936962,0.05536022,0.055770103,0.056191888,0.057022285,0.05526198,0.054351367,0.056843102,0.058541417,0.057566203,0.060888626,0.062391136,0.06593891,0.075699024,0.07965085,0.08550039,0.08892839,0.08726391,0.08724621,0.08785899,0.08478275,0.094176486,0.10850758,0.119065665,0.12560686,0.123726964,0.117404036,0.10894406,0.10792383,0.105642796,0.103058994,0.10266351,0.10366999,0.10710039,0.107003234,0.105162814,0.103117526,0.09714947,0.090765,0.088145174,0.08283325,0.07771174,0.07851146,0.07642462,0.07327573,0.06837196,0.0668507,0.0643068,0.05888883,0.06011334,0.054899137,0.050838966,0.050759792,0.044978432,0.042478573,0.039462153,0.03751015,0.036590923,0.03178367,0.026395436
0.021308219,0.026252296,0.029953882,0.030305704,0.029625839,0.028985456,0.031258542,0.03603627,0.038675006,0.04039486,0.04004549,0.03653572,0.037210096,0.038464673,0.03986096,0.04179347,0.0408282,0.039756875,0.039246686,0.04095879,0.043971322,0.04782407,0.051628463,0.052624255,0.05394378,0.056389835,0.06119225,0.0612448,0.061271086,0.059542526,0.057916842,0.06059115,0.06462589,0.0718377,0.068932705,0.07260876,0.07384822,0.073407866,0.07858559,0.08103232,0.08861571,0.09488472,0.10093843,0.10554221,0.10723251,0.107004404,0.10759141,0.11183453,0.11237695,0.114144005,0.115356736,0.115938455,0.12433328,0.12822513,0.13202974,0.12805463,0.12353677,0.12010206,0.119406044,0.12356087,0.12247567,0.120961055,0.117130175,0.11338051,0.10548696,0.10446715,0.10204927,0.09802402,0.095509134,0.08977057,0.08244707,0.08357254,0.082221724,0.07768576,0.07514006,0.06683338,0.06470407,0.060467932,0.059575047,0.0538001,0.048186325,0.048750445,0.044611823,0.04220017,0.040515017,0.03452235,0.028597226
0.018420544,0.022772117,0.026789404,0.027186424,0.028427435,0.029155321,0.029016009,0.032034725,0.031188523,0.034686476,0.035278767,0.032982886,0.03313215,0.03362471,0.03358336,0.036724936,0.037447985,0.036560256,0.037972905,0.038085647,0.04129343,0.041411433,0.044628255,0.047599196,0.048164174,0.05187945,0.053594295,0.055039406,0.05701657,0.06293623,0.06376738,0.065166935,0.06559357,0.061791077,0.06425192,0.066330105,0.06907803,0.07601085,0.079627566,0.08084307,0.082718454,0.07805611,0.081096515,0.08444786,0.09678531,0.10660548,0.1098174,0.11530446,0.11777755,0.12194308,0.12234339,0.11728258,0.114444025,0.10961981,0.1130357,0.12020357,0.119763285,0.11895089,0.11208432,0.10866894,0.10437712,0.099356,0.09778603,0.09236036,0.08473708,0.07982806,0.07989229,0.074807994,0.073932074,0.07476286,0.07056928,0.07092631,0.06942471,0.065819226,0.06284365,0.06091456,0.062306304,0.060497038,0.056976356,0.05311407,0.046162404,0.043873273,0.044161644,0.041462064,0.04166816,0.037750352,0.029713793
0.02135148,0.026633022,0.032647796,0.033369,0.034293428,0.036798824,0.036485042,0.0369491,0.03685288,0.036598522,0.037772935,0.041014638,0.041636504,0.04422072,0.044561703,0.045633383,0.049732994,0.048331294,0.04896123,0.049173106,0.048394803,0.050311062,0.05012946,0.054215703,0.0553792,0.054190982,0.06097763,0.05979682,0.060548592,0.062519565,0.06368727,0.06721341,0.074511595,0.0829118,0.084812306,0.08248544,0.083851695,0.08376867,0.08671451,0.09048692,0.09853618,0.106646836,0.10867619,0.121456414,0.12526393,0.1253922,0.13035305,0.12919685,0.12979645,0.13426535,0.13571846,0.1441208,0.1458899,0.14563556,0.14361289,0.1356099,0.13387156,0.12856185,0.12932692,0.12809071,0.12425699,0.12103488,0.11842007,0.11319335,0.10599272,0.10151137,0.09517189,0.09244935,0.09117022,0.09118927,0.08829746,0.08118296,0.07544631,0.07033306,0.069406085,0.06981662,0.0692199,0.069370694,0.067440204,0.06298064,0.05798661,0.053553145,0.046783485,0.047827285,0.0490892,0.043080196,0.036964793
0.021799346,0.024959438,0.030706437,0.032403786,0.031810075,0.034216847,0.03263395,0.031853843,0.032374155,0.03329708,0.034237668,0.035542313,0.03812507,0.039042402,0.040645994,0.04640202,0.04564845,0.046706248,0.04929119,0.053129498,0.05628696,0.059755787,0.05933928,0.056502815,0.054965235,0.053391937,0.05949191,0.0625514,0.064617515,0.06851217,0.06992273,0.06927435,0.07593627,0.07905736,0.080769315,0.08980044,0.09193748,0.092367254,0.09449992,0.09595201,0.0985718,0.10688353,0.11480849,0.11801215,0.12560377,0.1313884,0.13849398,0.14356074,0.15131082,0.15399155,0.15645254,0.1630265,0.15500934,0.15155855,0.15233423,0.14718552,0.15151294,0.14966299,0.13663356,0.13869178,0.13346288,0.12902194,0.12677076,0.11782442,0.112850524,0.111845754,0.10918002,0.101325825,0.09274644,0.08219962,0.076798595,0.0632348,0.0622393,0.061980084,0.064518034,0.067003734,0.063319616,0.061324,0.05463526,0.050290182,0.047405157,0.042662155,0.038507026,0.036207583,0.034462456,0.030461049,0.025289116
0.024830421,0.030804986,0.03536244,0.034599386,0.033948433,0.035542075,0.035275497,0.03772653,0.039476056,0.03798686,0.039772402,0.039262637,0.041537985,0.044501778,0.047382038,0.04990945,0.049839932,0.05081016,0.050629728,0.0512073,0.053006757,0.053633157,0.056509286,0.057828013,0.063944474,0.06617664,0.06449674,0.067320295,0.065931626,0.06983831,0.07068554,0.078104705,0.08093816,0.08360613,0.0902474,0.09362185,0.101161614,0.10530415,0.11432575,0.121966384,0.12132193,0.12711191,0.1355957,0.13734059,0.14555216,0.15446158,0.1521232,0.15534317,0.15620762,0.16101637,0.15787075,0.16388522,0.16226292,0.15054794,0.15378223,0.14524223,0.14654525,0.1480115,0.14438595,0.13608795,0.12959133,0.118656866,0.10984766,0.1093491,0.10091673,0.10266753,0.10208911,0.0971637,0.0945114,0.08539439,0.081828,0.076363966,0.076197706,0.07475182,0.06730336,0.06548185,0.06362784,0.063410275,0.06380111,0.05910284,0.050960355,0.04432742,0.0425532,0.041675366,0.042248834,0.038016807,0.029705431
0.023426233,0.028017255,0.035297282,0.037046973,0.037302706,0.038418572,0.036223296,0.03847264,0.040780213,0.04130835,0.04361936,0.04243885,0.04451603,0.046783388,0.04926601,0.050985593,0.055080358,0.061979137,0.064015836,0.06775278,0.06562071,0.06040272,0.05928893,0.061055638,0.0722036,0.07805659,0.08438962,0.08689368,0.08497758,0.08693646,0.08622519,0.08870389,0.093943715,0.10061073,0.10592222,0.1131027,0.11662792,0.11485703,0.11479228,0.11273229,0.11290197,0.1228005,0.13097367,0.1433593,0.15483043,0.15731,0.16170266,0.1615713,0.1688127,0.16661833,0.17137621,0.17166065,0.16467051,0.16177835,0.1531274,0.15962096,0.15011917,0.15025842,0.15307455,0.13512895,0.13370101,0.1288592,0.11929387,0.11852014,0.11372083,0.1164423,0.10961615,0.10195877,0.09604793,0.08933795,0.08890425,0.087899186,0.084946744,0.076597854,0.069290504,0.06593526,0.065789685,0.06411588,0.06199652,0.058441095,0.05787798,0.05830348,0.058603846,0.055923376,0.050086536,0.04059986,0.029735915
0.022705726,0.029066106,0.035145763,0.037459128,0.04025365,0.04110903,0.041080818,0.03994877,0.04183905,0.043885633,0.047522288,0.050930593,0.050589193,0.05363822,0.053159226,0.052870195,0.05556073,0.055891775,0.059883755,0.06370906,0.06432847,0.06219271,0.060955673,0.059542358,0.0700681,0.07773932,0.08479911,0.089718305,0.087328576,0.09068293,0.09152415,0.091568284,0.09928796,0.10682214,0.11133619,0.11720529,0.12133735,0.11995909,0.12387198,0.13300608,0.14148858,0.15276147,0.16241361,0.16401282,0.16403134,0.16684799,0.17315982,0.17923321,0.17794676,0.16917221,0.16217214,0.16651985,0.17175442,0.17742427,0.17363417,0.16611739,0.1633636,0.15492445,0.15426338,0.14411236,0.13150555,0.13001265,0.11897398,0.1138864,0.11417641,0.109725825,0.108794935,0.10968014,0.10527412,0.09785431,0.09406481,0.086676784,0.07701413,0.07531962,0.07148255,0.06320341,0.060288608,0.057367705,0.05155837,0.053289294,0.052165832,0.05177107,0.04979669,0.047015786,0.04402934,0.037281998,0.030218167
0.027041286,0.031914838,0.03739663,0.036595937,0.039199274,0.04200087,0.04531321,0.046244666,0.045990955,0.047250386,0.048410308,0.051404495,0.053482957,0.0551236,0.0538041,0.05237121,0.05423601,0.06058843,0.064238384,0.06818893,0.07122075,0.068278216,0.06575797,0.06992624,0.07267342,0.077794135,0.0895616,0.09222963,0.100769155,0.10532265,0.105731376,0.11187361,0.11030496,0.11609902,0.11892975,0.121537864,0.12630448,0.13038786,0.14126715,0.13911328,0.15095823,0.15800059,0.16204873,0.17751898,0.17992684,0.17996335,0.18257506,0.17756432,0.16827072,0.17564967,0.16880667,0.16992913,0.17099,0.15763783,0.15633057,0.15697272,0.15233192,0.1474174,0.14607097,0.13581076,0.13127162,0.13189936,0.12083034,0.116238914,0.114237554,0.10417661,0.10336419,0.09571159,0.09029921,0.08808699,0.08340823,0.0826531,0.08410719,0.08168793,0.075631015,0.068799525,0.061074782,0.05791623,0.057487104,0.056333985,0.052746568,0.04895427,0.04887351,0.048231486,0.050631322,0.046841033,0.03824345
0.029095167,0.038617004,0.0496856,0.05412146,0.056887973,0.060210977,0.057080306,0.054423306,0.059876733,0.058692843,0.062858656,0.069244936,0.07151522,0.07699001,0.08076433,0.079929106,0.081191,0.083265886,0.082815856,0.087862104,0.08617829,0.08610856,0.09048402,0.091387,0.09771107,0.10046173,0.105164506,0.10963175,0.111017436,0.11387802,0.1144552,0.12408908,0.13276137,0.13628411,0.14304188,0.14046763,0.14352205,0.15266314,0.16337493,0.17333889,0.172274,0.17553496,0.16882686,0.17141634,0.17741385,0.17279471,0.17095265,0.17009887,0.1629587,0.16514848,0.16772252,0.15840404,0.15554087,0.1515624,0.1532495,0.14805901,0.14805473,0.14476405,0.13198228,0.13271597,0.12537733,0.11608826,0.112054884,0.10474217,0.104593284,0.10396789,0.099772245,0.09601304,0.09468251,0.0904247,0.08706494,0.0822455,0.07641095,0.07293763,0.07301131,0.07782411,0.07685379,0.07309847,0.069513,0.060550023,0.056220002,0.059585627,0.06337461,0.06577517,0.06787467,0.06149588,0.050155386
0.031072006,0.035866175,0.045684494,0.04653017,0.04514283,0.0492099,0.048463073,0.047481634,0.048998304,0.051819343,0.053076,0.05646266,0.0572476,0.059074335,0.05946932,0.06469246,0.06588381,0.065613925,0.07647088,0.0784224,0.08317129,0.0863565,0.07931122,0.076871075,0.08188797,0.09027921,0.10563635,0.11297915,0.113281086,0.11718818,0.11829194,0.11540421,0.120747685,0.12405455,0.11763703,0.1270384,0.13119248,0.13446875,0.14492959,0.15347561,0.17164014,0.17931211,0.17764749,0.18262626,0.1781021,0.17685549,0.18802254,0.18351844,0.17880051,0.17589785,0.15955451,0.1609356,0.16332929,0.15566792,0.16913041,0.16418055,0.16010106,0.16318506,0.15144224,0.1467595,0.1365449,0.124408185,0.122588836,0.11709038,0.114924185,0.11637012,0.11273675,0.109624006,0.10053443,0.09626047,0.0870237,0.08019176,0.07782054,0.07168839,0.068250775,0.061821442,0.05934,0.060829476,0.057820886,0.06106981,0.058284193,0.05760893,0.05518877,0.051374182,0.053647235,0.0445746,0.03840012
0.030892314,0.037109245,0.04199357,0.04394459,0.045717653,0.04625399,0.049223162,0.048829384,0.049347006,0.051736318,0.053174764,0.055550236,0.06017656,0.062739894,0.06249164,0.06888541,0.074124776,0.07501332,0.07900083,0.08116481,0.08272648,0.09290631,0.10057328,0.095554955,0.09570916,0.094142,0.09290803,0.1029457,0.10673615,0.109382704,0.11352187,0.11803423,0.12837216,0.12996934,0.13747407,0.14124164,0.14092538,0.1506613,0.15273353,0.15989587,0.1651008,0.17276542,0.17790648,0.1804695,0.17534459,0.1837505,0.18064599,0.17632101,0.17907347,0.16367792,0.16111323,0.169634,0.17153059,0.16477506,0.16013576,0.14701289,0.13675855,0.13152242,0.12463511,0.11724567,0.11358513,0.11317601,0.11037174,0.10332787,0.097279765,0.09068324,0.09032481,0.08620082,0.080506936,0.07808517,0.07031233,0.065903485,0.063564576,0.05997262,0.0587286,0.05660817,0.057263028,0.053397033,0.05169321,0.05260682,0.05155217,0.054003656,0.05384132,0.049397748,0.048649866,0.04056012,0.03244668
0.03461712,0.04313266,0.048120167,0.049126636,0.0535014,0.05407865,0.055756208,0.056780048,0.0528124,0.0548194,0.05832593,0.06416851,0.06446087,0.06681716,0.067937344,0.06750937,0.070934124,0.07339563,0.079346046,0.08098289,0.08264155,0.082161866,0.07898569,0.08740263,0.0964778,0.10359484,0.11362839,0.1145024,0.11248228,0.11528117,0.11541531,0.12151362,0.13126315,0.14705181,0.15368263,0.16123179,0.16339725,0.15764216,0.15855157,0.16025673,0.16357352,0.17945106,0.18686722,0.19892803,0.19465199,0.18752323,0.18355535,0.17135471,0.18485017,0.18390055,0.18193729,0.18187246,0.17253971,0.17115505,0.17250241,0.16596097,0.16220963,0.15330996,0.14380486,0.14118104,0.13344882,0.12315377,0.11527764,0.105067976,0.10615808,0.1020976,0.10260159,0.09862378,0.0880368,0.084693365,0.07502476,0.0712342,0.06663416,0.06456186,0.063960835,0.05996224,0.05610986,0.05704952,0.054832254,0.057018433,0.058322925,0.055154726,0.054180246,0.051039435,0.049719576,0.044639546,0.03875968
0.027410703,0.033059683,0.042012654,0.042908426,0.046063058,0.049170006,0.05171897,0.056659956,0.058477547,0.060013387,0.05917309,0.05809385,0.06748425,0.06751382,0.068731844,0.07030026,0.06450622,0.070962615,0.07268602,0.07739806,0.08312833,0.08663946,0.09331465,0.09561783,0.10513185,0.113880046,0.1287641,0.13405548,0.13368915,0.12783964,0.12355069,0.12641636,0.13314407,0.15018968,0.15912755,0.16759859,0.1702117,0.168577,0.17095366,0.17754574,0.18309785,0.18539037,0.18850973,0.18333973,0.18464704,0.19281143,0.19264366,0.193986,0.19031782,0.1823309,0.17991212,0.17542766,0.17116746,0.16718994,0.1584488,0.15365013,0.14989188,0.13947926,0.1283673,0.13122424,0.124192476,0.12103205,0.123870835,0.11798929,0.1216102,0.119338125,0.115457,0.10516192,0.09357231,0.08739476,0.08089447,0.08278321,0.07704246,0.0761847,0.0749178,0.06793823,0.06669664,0.06544099,0.06394138,0.05958445,0.059366357,0.059388757,0.05539406,0.057065334,0.056006722,0.048936788,0.039965734
0.02882435,0.037166808,0.042499866,0.04268462,0.045596976,0.04517066,0.048466366,0.050985876,0.052058622,0.054600824,0.06467412,0.06768933,0.07102655,0.07207342,0.07058645,0.07482473,0.08321683,0.09273311,0.0924461,0.093549944,0.09396277,0.09300948,0.10101632,0.110125475,0.11061838,0.11369859,0.11842269,0.11849894,0.12869126,0.1391349,0.13803436,0.14261353,0.14478244,0.14711708,0.1568759,0.16317268,0.16861792,0.179604,0.17689933,0.17253377,0.18435466,0.18152075,0.19035822,0.20696299,0.19885321,0.19463763,0.19298624,0.17557694,0.17536327,0.18013635,0.17506601,0.17716765,0.17075184,0.16365463,0.1644532,0.15845504,0.15095696,0.14492144,0.13242665,0.13147965,0.12839577,0.124998525,0.11987351,0.11102734,0.107643545,0.09556089,0.0939017,0.08977407,0.083551675,0.07953631,0.0742707,0.07675184,0.07556483,0.07343899,0.072486304,0.062387742,0.06730913,0.06565607,0.062421516,0.06293093,0.054159798,0.054913554,0.058952842,0.05846533,0.057093363,0.05196544,0.038908623
0.030730097,0.040551156,0.04695362,0.050950345,0.055288438,0.056040816,0.059390713,0.058894075,0.05914385,0.062634654,0.064011626,0.06690699,0.07188749,0.07310623,0.08087364,0.091198415,0.09315444,0.098475315,0.101543486,0.09753671,0.10932478,0.116297185,0.11563946,0.12302974,0.12964249,0.13185553,0.13875294,0.1430412,0.14006265,0.14273335,0.1464178,0.15314068,0.17038509,0.17519751,0.18172002,0.19238406,0.17789793,0.18570367,0.19256105,0.19490802,0.21015711,0.20545527,0.21054931,0.21370374,0.22225995,0.23016182,0.22051771,0.21634847,0.19579558,0.18838008,0.1891459,0.1702602,0.17439528,0.16811036,0.16093035,0.16941139,0.1532331,0.15050237,0.14137544,0.12827876,0.13162361,0.12313469,0.12041688,0.1181533,0.10823235,0.10172251,0.0931695,0.08147891,0.07759106,0.074494794,0.07438199,0.07084833,0.068638206,0.065132074,0.060409367,0.057850238,0.05822786,0.053846918,0.051674373,0.053947773,0.050360464,0.049913906,0.049632274,0.04556679,0.045952905,0.04014953,0.033766225
0.0362341,0.04503084,0.054612484,0.0549118,0.058095023,0.05909967,0.059474837,0.06351532,0.06409002,0.066782944,0.06940385,0.07113313,0.07855395,0.086846545,0.09481563,0.09754962,0.101300575,0.10100939,0.09687653,0.11109948,0.116717555,0.12121136,0.12654892,0.12177164,0.12255686,0.122310854,0.13494413,0.13455044,0.1372825,0.14975408,0.13886459,0.14671241,0.15070197,0.15490937,0.16596992,0.17160101,0.18291631,0.17877398,0.18167837,0.19320393,0.19694258,0.20241317,0.2086445,0.20383152,0.1989682,0.19747655,0.19394797,0.18508942,0.18295537,0.17594108,0.1672373,0.17944115,0.17966612,0.18363982,0.18385018,0.16482936,0.14966883,0.14275782,0.13821676,0.13965298,0.14408424,0.13511297,0.12406085,0.11678205,0.101835325,0.105040744,0.10466325,0.09906339,0.0968009,0.08787878,0.08070711,0.07809919,0.07401289,0.067221485,0.06965384,0.061991476,0.059781708,0.058697827,0.056449544,0.06838922,0.06960611,0.06960035,0.065904155,0.06160914,0.0585878,0.052541316,0.048309557
0.046030276,0.053257823,0.06439064,0.06400903,0.06854375,0.07157844,0.07476272,0.07792706,0.07471935,0.07799386,0.07779989,0.08427498,0.09069085,0.100977115,0.1029723,0.10173303,0.10661983,0.10380594,0.10949177,0.11659543,0.12161693,0.12775847,0.13302705,0.1342971,0.12852219,0.13418347,0.14073458,0.14639764,0.15751109,0.1583358,0.15790996,0.16893247,0.17293939,0.18031064,0.18833992,0.18721457,0.18485054,0.18131284,0.18791625,0.19730231,0.19746888,0.20286259,0.19708827,0.19787882,0.20902883,0.20401539,0.20364213,0.20053816,0.19620068,0.19546553,0.19375065,0.1846624,0.17089067,0.16383395,0.15443443,0.14177266,0.13559628,0.126938,0.119723305,0.11359179,0.11105109,0.107500024,0.09606503,0.089217946,0.08252894,0.0800398,0.08058703,0.07426111,0.07209822,0.06867439,0.06393854,0.068776,0.0677292,0.067622714,0.06728777,0.064662404,0.066476434,0.06534549,0.06499915,0.06568516,0.061067853,0.05921261,0.059970748,0.05696484,0.057001878,0.051043805,0.039621424
0.042401664,0.04882673,0.056805704,0.060804725,0.06397492,0.06949315,0.075088084,0.07358509,0.07614228,0.07962866,0.076399766,0.08015714,0.08967595,0.09482108,0.102902666,0.10713262,0.11334295,0.11102821,0.11521792,0.123856574,0.12166206,0.1278649,0.12988073,0.13598266,0.1434522,0.15077558,0.15511112,0.16227427,0.16521645,0.16680741,0.17518891,0.16804224,0.17151073,0.17217596,0.17458199,0.1827741,0.18215151,0.1990558,0.20034708,0.19856584,0.20463075,0.19551884,0.20029308,0.1983094,0.19976082,0.19096845,0.18802294,0.19269554,0.19350068,0.21087341,0.20278727,0.19995964,0.19536257,0.17857687,0.1756385,0.16300638,0.14447224,0.13134764,0.11833001,0.113510236,0.105397336,0.1031797,0.09583273,0.09148025,0.09000737,0.08584902,0.08661467,0.0815938,0.08094986,0.07462434,0.06990975,0.0668204,0.063250974,0.06253114,0.064530864,0.06400917,0.059984364,0.06437584,0.06317042,0.063282005,0.06252533,0.054443732,0.052597903,0.051929045,0.05664562,0.05173797,0.043498393
0.031497218,0.042224523,0.05279392,0.054851167,0.05858395,0.0626317,0.065522015,0.06621394,0.06753042,0.06789781,0.069153436,0.07138843,0.07459432,0.0786576,0.07971605,0.08617944,0.089075975,0.09914096,0.1069439,0.11653398,0.12356918,0.1276273,0.1328076,0.13777004,0.14155793,0.14455537,0.14872046,0.15263107,0.15781458,0.15983935,0.16505098,0.16326545,0.1667102,0.17680934,0.18025517,0.18818365,0.19365449,0.19094273,0.19458203,0.19603904,0.19350457,0.20400143,0.19991106,0.20344277,0.20582433,0.19022307,0.19350836,0.19126356,0.19142063,0.19688873,0.19700456,0.18261236,0.16510548,0.15637742,0.14006044,0.1372637,0.13622335,0.13111159,0.12148171,0.11332693,0.11384691,0.104496874,0.10271313,0.10154525,0.09337904,0.08577842,0.07954306,0.07163027,0.06724806,0.07303756,0.07078089,0.07020827,0.06681639,0.057621974,0.055701047,0.058174353,0.062222246,0.06244563,0.06221154,0.06340714,0.06364454,0.06289619,0.06331056,0.061260253,0.05780957,0.049421895,0.041923817
0.019819159,0.023036456,0.026360199,0.026851704,0.025441602,0.026474556,0.02659185,0.02568035,0.027144955,0.026919441,0.027521666,0.02816926,0.030095713,0.03016511,0.031216402,0.031393252,0.031211153,0.03260409,0.0341874,0.034992017,0.03379731,0.033852644,0.03609963,0.03585224,0.038126133,0.038062043,0.039009843,0.040556353,0.04035516,0.04319176,0.044482704,0.048537962,0.0520321,0.054385114,0.05281735,0.050953433,0.051203676,0.05097311,0.051754806,0.05614032,0.0592684,0.06356851,0.07001835,0.06946553,0.07770556,0.07631233,0.07859977,0.08781481,0.084916264,0.08777518,0.09066868,0.090972565,0.09043553,0.090457745,0.086686924,0.08274628,0.08343571,0.08376923,0.083608,0.08210351,0.08092989,0.08124526,0.08370787,0.084816664,0.083472736,0.08509621,0.0827243,0.0809676,0.079362124,0.07417833,0.073906325,0.06950593,0.06802129,0.06638469,0.06054221,0.061848827,0.061388824,0.059938937,0.059449308,0.05580304,0.052658126,0.050546475,0.05053653,0.05005579,0.0478509,0.043335084,0.03232076
0.02313094,0.027736537,0.03193227,0.03172168,0.03175799,0.031579945,0.033071645,0.038133483,0.03792312,0.04034318,0.041229747,0.039216865,0.04015394,0.0409963,0.043531332,0.04439535,0.046874244,0.048348933,0.046944194,0.04773634,0.04652105,0.04588855,0.047252532,0.052452505,0.054889355,0.05677249,0.05745905,0.05671985,0.059878312,0.061590623,0.06593217,0.069559164,0.070115075,0.07358725,0.07287608,0.07328078,0.070813395,0.07219841,0.07554035,0.076956436,0.08232714,0.08524427,0.08770863,0.0986474,0.10580659,0.11154433,0.110516444,0.1021571,0.10227873,0.09642961,0.103195846,0.10458418,0.10297186,0.10344424,0.09652821,0.09388884,0.09282251,0.095429376,0.098118566,0.10222704,0.10311262,0.09988647,0.09938014,0.096382104,0.09115019,0.084261805,0.07704176,0.07409991,0.06861001,0.07315004,0.07648626,0.074868225,0.07188114,0.06479716,0.064276464,0.06030112,0.059896268,0.06055238,0.0529171,0.048093,0.048441067,0.045811668,0.04354526,0.047605503,0.04739841,0.04218691,0.036711782
0.0208045,0.024985136,0.028331054,0.029076438,0.031036403,0.032501187,0.03646728,0.038283538,0.0399559,0.041506268,0.040472172,0.040372565,0.041412026,0.04313653,0.041623965,0.04232774,0.04034905,0.041432757,0.047461927,0.050668545,0.051953312,0.05314191,0.054452043,0.056103952,0.056658886,0.05981689,0.059040196,0.05911205,0.06341463,0.0631352,0.068482146,0.07138464,0.07620622,0.08080662,0.07905647,0.07934344,0.07864876,0.0847402,0.09037811,0.095552966,0.09938036,0.10242574,0.10238,0.10739746,0.11179147,0.110569365,0.1123452,0.113636404,0.11727933,0.115577124,0.115798496,0.111847036,0.10581547,0.107488066,0.10639645,0.10750888,0.10996526,0.1114837,0.11490769,0.11689786,0.11452658,0.11080135,0.10623877,0.100158386,0.09261401,0.087335065,0.08748288,0.08498638,0.08541331,0.084597595,0.0795627,0.07292678,0.073409595,0.069642976,0.0648913,0.06418904,0.05845826,0.05851466,0.060119387,0.059702426,0.0592407,0.05719811,0.05419003,0.055501465,0.05431303,0.047240008,0.039903652
0.03216319,0.036943417,0.04022658,0.03918394,0.03569542,0.03645806,0.0376089,0.038516495,0.042984597,0.04276587,0.044609565,0.046425164,0.044640597,0.049019143,0.04894018,0.050132815,0.052520305,0.053122044,0.056647856,0.055357058,0.0627275,0.06763397,0.068147846,0.07337484,0.06960959,0.0689503,0.07094215,0.07230415,0.07842919,0.07883101,0.087678425,0.09858952,0.09899254,0.105949976,0.10512672,0.10301407,0.11212727,0.11093148,0.10872625,0.10920025,0.11050696,0.119352065,0.12849802,0.13733236,0.14237086,0.13726392,0.14130764,0.13424887,0.12920621,0.13295558,0.12723947,0.1281648,0.12552817,0.118791796,0.11438029,0.11177871,0.10880733,0.11413834,0.1120744,0.10581275,0.1034511,0.09871462,0.096001,0.09359635,0.08906781,0.08881609,0.08585278,0.08417847,0.0804049,0.07323252,0.07194147,0.072583236,0.07088922,0.06329639,0.060297567,0.058275763,0.058538288,0.057512872,0.053744882,0.049876228,0.046045035,0.04520461,0.045918215,0.04525684,0.04473899,0.040580854,0.033943687
0.024734506,0.030902766,0.035332937,0.036281336,0.037713062,0.039476562,0.042601258,0.044283625,0.04534083,0.04557845,0.043995403,0.045100775,0.046467386,0.050606996,0.052824542,0.053793974,0.05984755,0.058126867,0.058574222,0.060913574,0.05868983,0.0638999,0.0711489,0.07611366,0.078487195,0.0751756,0.07187349,0.06676944,0.0708655,0.077131845,0.08915265,0.09945224,0.10236739,0.10378968,0.10253078,0.09887718,0.09471045,0.100561865,0.09829489,0.10538423,0.11655856,0.12486472,0.1291112,0.1352852,0.13811369,0.14052694,0.14547077,0.1465629,0.14829402,0.14163888,0.14113027,0.14452147,0.14009027,0.13756196,0.13763858,0.13197555,0.13304019,0.13791454,0.13523373,0.1284787,0.12690426,0.1163047,0.1143009,0.113396384,0.10775609,0.10748,0.09809414,0.09207612,0.08382369,0.07804896,0.07291073,0.06416092,0.056670327,0.05398607,0.053821042,0.05152567,0.051980194,0.052330114,0.04935594,0.047858894,0.047327716,0.043359045,0.039671943,0.04127257,0.039855726,0.036137998,0.03147566
0.025684344,0.031855065,0.038336165,0.03899706,0.041648626,0.044402383,0.043325674,0.04572329,0.04527795,0.04336109,0.04697483,0.04761882,0.050968662,0.05244629,0.053239018,0.05645844,0.060120735,0.061114896,0.06321936,0.064643994,0.067648,0.07340787,0.07655124,0.07622305,0.07689006,0.07526511,0.07488671,0.078729294,0.07535465,0.07551783,0.07572848,0.08211518,0.09299516,0.10804448,0.11270565,0.11157944,0.10943102,0.10020803,0.102089986,0.10300875,0.11011911,0.11335242,0.12323139,0.12907203,0.13485605,0.13784549,0.13784342,0.13951267,0.13479012,0.13462827,0.13407978,0.13014403,0.1281831,0.1282835,0.1238435,0.12414913,0.12759772,0.12718259,0.12461212,0.12536396,0.11597693,0.11297394,0.105757356,0.10009722,0.09615652,0.08705366,0.08617762,0.079240635,0.075716175,0.07196038,0.06727543,0.06488868,0.064720914,0.063213825,0.06149539,0.057479158,0.05259072,0.051811278,0.04927385,0.04802736,0.049263958,0.048158847,0.048433743,0.04689865,0.041347012,0.03530822,0.027612895
0.02827674,0.03406495,0.037713893,0.04081673,0.040804572,0.041315857,0.043022465,0.041713417,0.040731885,0.044919588,0.047628377,0.050477814,0.05439595,0.05676159,0.060494363,0.06188938,0.06508488,0.06529194,0.06499145,0.06793954,0.067816675,0.066950634,0.070747934,0.074175835,0.08366801,0.087866515,0.088043556,0.08987012,0.08401426,0.088994324,0.09285724,0.0913839,0.099861786,0.10807599,0.10765051,0.109354734,0.113944195,0.116246425,0.12246078,0.124778636,0.12500653,0.1231467,0.13603294,0.14402388,0.1490672,0.14934562,0.14381604,0.14423472,0.13771248,0.13848941,0.14139825,0.14303452,0.14423922,0.14364031,0.1348169,0.13264269,0.13252415,0.13387387,0.13171677,0.12615684,0.11858974,0.11040299,0.10301329,0.092539385,0.08634451,0.07643854,0.073617235,0.0728244,0.07277158,0.07450014,0.07648611,0.07538248,0.074774146,0.06998753,0.06449484,0.06449422,0.061352715,0.05986079,0.060337607,0.055162035,0.05485123,0.053235576,0.05155851,0.049943693,0.047053028,0.04332467,0.035048712
0.02725341,0.035424236,0.044081908,0.04459271,0.048392743,0.04803324,0.05025807,0.05143475,0.052481465,0.054209806,0.05578287,0.056842282,0.05636824,0.06082523,0.060564026,0.06219369,0.065712705,0.060534842,0.062193517,0.066667825,0.06869593,0.07947583,0.0784938,0.077914834,0.08221122,0.08661654,0.09350421,0.09769093,0.10786826,0.108534805,0.111259066,0.11647213,0.11497277,0.12036038,0.12413596,0.12059404,0.11885411,0.11072187,0.110793345,0.119840965,0.12176132,0.12583879,0.13330877,0.12963596,0.1319065,0.13816713,0.13397217,0.13466772,0.13236189,0.13403365,0.13197158,0.1330046,0.13425513,0.12455451,0.12343387,0.11682409,0.11428923,0.124937154,0.12440753,0.12445541,0.11687775,0.101612404,0.0934714,0.090688415,0.08926127,0.08566736,0.08186196,0.077162996,0.07365051,0.07488076,0.07559493,0.07692806,0.080465354,0.077260405,0.07410908,0.073322915,0.07071156,0.06706581,0.06436906,0.06207884,0.05966547,0.0650501,0.06652734,0.06414649,0.06307565,0.05046121,0.039884973
0.031363744,0.038659338,0.045321703,0.046750855,0.04842506,0.047355272,0.05000017,0.054307472,0.052633066,0.058940686,0.05959094,0.06257524,0.06526492,0.06529938,0.068037406,0.06689723,0.06707107,0.071153454,0.07207317,0.07362374,0.08414847,0.08415903,0.085410245,0.08867359,0.09311985,0.10176659,0.10994265,0.11513885,0.11265374,0.11234842,0.10727398,0.114516534,0.120588906,0.12826417,0.14020649,0.1434738,0.14369366,0.14095722,0.14972472,0.16216873,0.16441387,0.17397484,0.17600337,0.16484383,0.16642466,0.16778307,0.16665299,0.17890975,0.18594487,0.17786291,0.17543264,0.1631764,0.16129951,0.1659754,0.16222513,0.1666542,0.16291972,0.16165482,0.157034,0.14576769,0.13748421,0.123629786,0.12486507,0.12510708,0.12102423,0.11998317,0.11030554,0.09966314,0.094101086,0.08860494,0.07888778,0.081152126,0.083563894,0.08267056,0.081040755,0.07460657,0.06767754,0.06489649,0.06606825,0.06423657,0.063578926,0.06300517,0.06379529,0.06495782,0.06406615,0.058692195,0.047570635
0.032967865,0.042658713,0.047507275,0.050189346,0.052136842,0.05499887,0.057883553,0.060404934,0.0632767,0.0611716,0.062489755,0.06455015,0.071202196,0.076556176,0.07838733,0.079514034,0.07429894,0.081555486,0.086323164,0.09516023,0.10378308,0.09877721,0.10550145,0.10731016,0.108382106,0.11676418,0.11615708,0.11671404,0.12175092,0.12736,0.12710434,0.1256424,0.12862721,0.13102663,0.13882153,0.14831854,0.16105063,0.16454755,0.1649548,0.16047686,0.15229791,0.1494773,0.15845303,0.16894485,0.17241624,0.18465222,0.1947562,0.19075562,0.19205306,0.18225405,0.16755535,0.16944551,0.16253632,0.16393712,0.16264014,0.15685081,0.16008106,0.1479639,0.13836169,0.12970822,0.115362905,0.11748166,0.11040402,0.10876132,0.101868235,0.09820434,0.10275509,0.10411436,0.10931531,0.105537824,0.103585795,0.09877102,0.08901761,0.088190235,0.07793635,0.07607399,0.0749708,0.06644268,0.07238214,0.06791637,0.0655773,0.065464586,0.060515895,0.060236037,0.061649352,0.054927584,0.04391454
0.044384778,0.050346434,0.05832586,0.05729303,0.052675,0.053750712,0.053243257,0.05865121,0.060832195,0.065037504,0.0651936,0.06302467,0.06901098,0.06805562,0.07677445,0.08411226,0.08755824,0.09386797,0.097290374,0.093528576,0.094299465,0.093124256,0.10008254,0.11227709,0.112174295,0.12630574,0.13314357,0.13303018,0.15244262,0.1458739,0.13847332,0.14394033,0.1392076,0.14541478,0.1523065,0.15141559,0.15844284,0.16111547,0.16325136,0.16690944,0.16379288,0.17404725,0.17794965,0.18415646,0.18421035,0.17495798,0.16853547,0.168501,0.17119114,0.1758317,0.17955586,0.17283285,0.16336645,0.16432664,0.16422492,0.15869658,0.15353192,0.14188233,0.13104549,0.12791818,0.12539469,0.11984529,0.11172146,0.10466663,0.11001651,0.10546762,0.10768979,0.10734099,0.09164499,0.08486119,0.07606863,0.07005592,0.06941209,0.07151225,0.076223575,0.072759874,0.07040993,0.07008335,0.06466038,0.0683613,0.0722863,0.069550596,0.07254358,0.07103098,0.0678878,0.06306317,0.048990082
0.03772689,0.04725921,0.056230564,0.0591818,0.060372084,0.065559424,0.06722665,0.0690309,0.069745496,0.06442815,0.06716086,0.07229173,0.07598026,0.08172919,0.08501377,0.08640429,0.09393155,0.098122545,0.09822167,0.0993246,0.096545786,0.09969701,0.11018154,0.12028138,0.12719981,0.13865481,0.13962774,0.13707733,0.14448433,0.13693422,0.14138374,0.14967874,0.14992003,0.15768546,0.16172393,0.17037173,0.16520028,0.17132732,0.18060543,0.18054558,0.1913298,0.19020186,0.1882807,0.18276224,0.18442087,0.18403554,0.17996232,0.18414038,0.18176225,0.17453183,0.16904241,0.16567835,0.16858071,0.17497122,0.17620248,0.17269497,0.1612038,0.14902452,0.13784741,0.12457609,0.11787407,0.11956606,0.117973275,0.115384,0.10768115,0.09353116,0.085515514,0.081596896,0.07624204,0.07580748,0.07085504,0.06736116,0.065423004,0.060345873,0.059349205,0.05627424,0.052572723,0.05477468,0.05212117,0.053213146,0.05460785,0.0542114,0.05681865,0.05554212,0.05628702,0.049871646,0.040852815
0.030969823,0.039793227,0.049835604,0.052743424,0.05842064,0.061441075,0.06540914,0.069499746,0.07085905,0.07426728,0.07358319,0.07451407,0.07822518,0.08114148,0.08832311,0.089816466,0.0972554,0.09535966,0.09795709,0.10276235,0.102143764,0.11554192,0.11923971,0.12212374,0.12335713,0.11740772,0.12918879,0.13549346,0.14452352,0.15406078,0.1494602,0.15133722,0.155114,0.15594432,0.15560892,0.16160208,0.15668298,0.16318417,0.17182702,0.17256905,0.17765805,0.1733827,0.17477897,0.18024006,0.18048528,0.17874253,0.171809,0.16616578,0.16160576,0.16728184,0.16991,0.16565828,0.16756094,0.16636387,0.16438992,0.16543105,0.16257462,0.15267158,0.15255272,0.1421231,0.1343509,0.12526716,0.11146202,0.10593342,0.09468856,0.088378526,0.07503871,0.06423775,0.061381273,0.05762996,0.052904837,0.049349345,0.04548699,0.045514155,0.05000418,0.049636893,0.04942649,0.050488487,0.04411618,0.0432702,0.043109395,0.041101083,0.041253723,0.039679896,0.0402168,0.03510487,0.030366257
0.040202823,0.04953043,0.057062384,0.060133938,0.060210854,0.066335686,0.07068048,0.07564579,0.07710027,0.076331064,0.08080401,0.07779471,0.0809971,0.09495888,0.09782659,0.10715303,0.114804015,0.1120475,0.110525504,0.11035606,0.11844124,0.116744936,0.1264077,0.12770486,0.1274608,0.13614246,0.14564848,0.15259212,0.15107405,0.15489191,0.15866446,0.16510843,0.17385407,0.1737244,0.1738768,0.17411716,0.17137267,0.1801078,0.1805618,0.18352333,0.18613045,0.18212064,0.18673037,0.18785675,0.19465844,0.19454065,0.1873302,0.19113344,0.17902875,0.17991647,0.17609411,0.16470797,0.17132302,0.17253596,0.17133063,0.16997233,0.16109973,0.1525633,0.14762832,0.14508934,0.14405702,0.13708767,0.13277096,0.12161852,0.109313235,0.10131884,0.09588405,0.09001333,0.08867583,0.084417455,0.07807481,0.073364325,0.07534939,0.077918574,0.077362105,0.08191924,0.082241915,0.07701413,0.0782681,0.07972941,0.076382175,0.080047645,0.08157267,0.08305442,0.08317644,0.073704496,0.06254395
0.04100232,0.057566036,0.06545945,0.071286306,0.06862685,0.06586943,0.06783361,0.06928971,0.076672375,0.082238525,0.08661063,0.09056518,0.095715724,0.09790205,0.102442384,0.11175057,0.11074341,0.11110095,0.11006329,0.10320807,0.11163111,0.11631001,0.117160164,0.12682748,0.12727596,0.13558017,0.1461466,0.14647901,0.15346442,0.15332146,0.15966111,0.16963637,0.1674547,0.17557015,0.17509077,0.17316476,0.19054449,0.19343787,0.20092694,0.20985535,0.2067881,0.21136026,0.20763591,0.19617854,0.18979354,0.17754284,0.17744027,0.17999482,0.18138093,0.18335748,0.18023044,0.17827454,0.17268519,0.17424782,0.17185411,0.17086929,0.16463107,0.16032389,0.15407677,0.14352855,0.14532317,0.1348745,0.12605055,0.12141153,0.10442197,0.0926889,0.08993439,0.082224116,0.080617115,0.07496334,0.0649624,0.058789723,0.05598967,0.052979056,0.053878155,0.054134168,0.05213876,0.051224004,0.045797817,0.046259727,0.04616632,0.047906537,0.055638336,0.055102732,0.058320727,0.053013172,0.039679717
0.03738007,0.04495123,0.05294811,0.058296625,0.060812306,0.063511856,0.068936385,0.06593657,0.06923384,0.070408724,0.076850615,0.08635811,0.087656975,0.092870854,0.09122169,0.08663022,0.09638522,0.10135761,0.10616375,0.11248744,0.1097932,0.112473786,0.10561606,0.11151166,0.12011531,0.12523314,0.14336272,0.15174332,0.15700032,0.16385475,0.16312161,0.15919112,0.16184112,0.16801868,0.17328265,0.18629256,0.19376044,0.19525073,0.20081079,0.19907807,0.19891661,0.20590286,0.2074547,0.21130878,0.20826481,0.21070875,0.20570688,0.20469399,0.2026049,0.19491057,0.19709145,0.18523212,0.18516935,0.18180339,0.17605013,0.1754984,0.16964155,0.15438773,0.14683858,0.1374242,0.12643969,0.1214447,0.113491334,0.11174665,0.11703182,0.11107884,0.10083377,0.09647604,0.08312691,0.078482546,0.079765,0.07761241,0.07662028,0.07791121,0.08055872,0.082238644,0.0801688,0.07982445,0.07640392,0.0795446,0.08213669,0.081581116,0.08035581,0.07147322,0.06765056,0.061226565,0.05041043
0.04219463,0.050527554,0.058092516,0.06297649,0.06455193,0.06608659,0.06947221,0.069716774,0.071587645,0.07593183,0.08688128,0.0858588,0.0891911,0.095346935,0.09085496,0.09550351,0.09862827,0.10144695,0.10943909,0.114271946,0.12019289,0.12471603,0.12309098,0.12901773,0.12742776,0.1244767,0.12938833,0.13595603,0.14606275,0.15609132,0.16492148,0.16911024,0.17314449,0.17619215,0.17969143,0.17828414,0.18188028,0.1808828,0.18096599,0.18375325,0.18187983,0.18565555,0.19118015,0.19422466,0.19684163,0.2031984,0.18945591,0.18778875,0.18784705,0.17738639,0.18026522,0.17958663,0.17876138,0.17843911,0.17844078,0.1693804,0.15698734,0.15024179,0.14185986,0.13435043,0.12618074,0.11620392,0.10512691,0.10309473,0.10380761,0.097957045,0.097243346,0.08696464,0.07581251,0.071404375,0.066802666,0.06470704,0.06299586,0.060505867,0.05863717,0.05846844,0.058832195,0.060808796,0.06152762,0.06423323,0.065555304,0.06676642,0.07143519,0.067462996,0.064681426,0.055540826,0.0408284
0.03550835,0.046727445,0.054643594,0.054703966,0.056672547,0.056829944,0.060135134,0.066141926,0.06908805,0.075293876,0.07995339,0.0850344,0.08748586,0.08760711,0.08717352,0.08398774,0.08795112,0.08853503,0.096260466,0.10532539,0.10992202,0.11050388,0.1125803,0.11447051,0.12057332,0.1293015,0.1343338,0.13985361,0.14155518,0.14457873,0.1477746,0.15568756,0.16714825,0.17702834,0.1818127,0.18043734,0.17847987,0.173435,0.17135426,0.17660858,0.1840479,0.19335291,0.20173596,0.19793692,0.19263594,0.19707206,0.2022156,0.20229682,0.20412591,0.19620185,0.18787809,0.19229013,0.18451574,0.18532927,0.17289941,0.16367456,0.15846278,0.14764461,0.15069076,0.14357917,0.14147456,0.13639013,0.1262512,0.12170638,0.118408374,0.10566558,0.09925318,0.09369238,0.08360452,0.08368138,0.088752165,0.08440821,0.088965155,0.087353334,0.08023524,0.08332467,0.08046498,0.088354476,0.09603913,0.09689618,0.096132845,0.091295324,0.08879913,0.08820493,0.08602914,0.077528335,0.0610399
0.03899817,0.04931944,0.061101303,0.066433,0.068942495,0.0706997,0.06963611,0.06734184,0.07140803,0.076919235,0.079288036,0.08538775,0.09414906,0.092596635,0.09740692,0.10412161,0.10165269,0.11201875,0.118786894,0.12507358,0.12515546,0.12346124,0.12446847,0.118796386,0.12957504,0.13294563,0.13443232,0.14399202,0.16068378,0.17161134,0.18296838,0.19203009,0.18915844,0.19452372,0.20316024,0.19934261,0.2010095,0.20652187,0.1904648,0.19786732,0.19652177,0.1859258,0.20347205,0.19855703,0.19492611,0.20169021,0.1922643,0.18815975,0.19351606,0.18638858,0.18760763,0.1945393,0.1888142,0.1912867,0.18181548,0.1724989,0.16540587,0.15786985,0.15676603,0.14916278,0.1439541,0.1360593,0.12845139,0.1259624,0.12581195,0.12188789,0.123938896,0.11210037,0.10104241,0.0971689,0.08365252,0.08490898,0.08712326,0.080267616,0.08634026,0.09083844,0.089888565,0.09089686,0.08789146,0.08910557,0.09024189,0.102457695,0.106245175,0.10746259,0.10938375,0.09032401,0.07361805
0.031996194,0.039004285,0.050127674,0.05158137,0.05947165,0.061916143,0.060025476,0.06235073,0.06615161,0.06755372,0.07482235,0.07918234,0.08159783,0.093801074,0.09797838,0.098582074,0.09741322,0.096051045,0.10300037,0.114929914,0.12012566,0.12860993,0.12789182,0.1291051,0.14396709,0.14902508,0.16024585,0.1632002,0.16497444,0.16761038,0.16457222,0.17284313,0.17762819,0.18391071,0.1915899,0.19457838,0.19862169,0.19539234,0.19244477,0.19908184,0.18989721,0.19060223,0.19905671,0.1981966,0.2088411,0.21286488,0.21115059,0.19847529,0.18465054,0.18021296,0.17999633,0.17836042,0.1818561,0.17563845,0.1607446,0.16510941,0.15485585,0.14629364,0.14910424,0.14054224,0.13431346,0.1321348,0.1181655,0.109869555,0.11487809,0.11234849,0.109775625,0.10534443,0.09358415,0.09120649,0.09411598,0.0941543,0.09463607,0.10077137,0.09984906,0.10125286,0.105732836,0.098964654,0.1008594,0.10331487,0.10089922,0.103699654,0.10459097,0.10531817,0.10925127,0.097423956,0.07958641
0.045899097,0.057268668,0.067057595,0.07513477,0.07760779,0.08124923,0.09298496,0.0962678,0.10059944,0.104400456,0.10055041,0.09563907,0.09910741,0.103211604,0.10576992,0.11272021,0.11184795,0.11437447,0.11811622,0.118866414,0.11836272,0.13012162,0.13453868,0.14662923,0.15155895,0.15397477,0.16245714,0.16744834,0.1769888,0.17817916,0.17319319,0.17630833,0.18376176,0.19273432,0.20630464,0.2037451,0.20168307,0.20395106,0.19965744,0.20202209,0.20663628,0.20511329,0.20329499,0.20999028,0.1989792,0.18928967,0.19539303,0.20214881,0.20747858,0.20131843,0.19576423,0.1809778,0.18517472,0.1890204,0.17735364,0.17232957,0.15926954,0.15036272,0.15356553,0.14218052,0.13805884,0.13698395,0.12645605,0.11899333,0.11254765,0.10825857,0.10498627,0.10624954,0.09852204,0.09835279,0.10157134,0.10290629,0.10444403,0.09735006,0.092498064,0.082149364,0.0826674,0.08183617,0.083459735,0.091864005,0.0869262,0.08628697,0.08143552,0.07846667,0.08523598,0.07947875,0.0696546
0.04089159,0.051648665,0.062254827,0.061317537,0.06790896,0.06804051,0.067036025,0.070118554,0.06499875,0.06905241,0.076321475,0.07912477,0.08313534,0.089406036,0.09123807,0.09921791,0.10297624,0.106164396,0.11581849,0.12942989,0.1354055,0.14160095,0.14774185,0.13889559,0.14830029,0.1544065,0.15477464,0.16879809,0.17864187,0.18839273,0.19798467,0.20092787,0.20484719,0.1994795,0.19422962,0.20343208,0.19763364,0.2004386,0.20897493,0.20504278,0.20707954,0.20574747,0.20800778,0.2113125,0.21213979,0.20775779,0.2039059,0.19420674,0.18882184,0.1955152,0.18972747,0.18685062,0.18406755,0.17594394,0.16901055,0.16297066,0.15505059,0.14766727,0.13639478,0.12091711,0.11383858,0.10460031,0.09948715,0.10239308,0.09387907,0.089291036,0.087411106,0.08343003,0.08516202,0.088590845,0.088880226,0.08892853,0.088800654,0.08814766,0.085986435,0.08225093,0.088302456,0.090108536,0.09356402,0.09523809,0.09030293,0.091288365,0.09388835,0.10490817,0.11328305,0.10244847,0.08903016
0.010477326,0.012671783,0.014923997,0.014903782,0.015926996,0.016465157,0.016593335,0.017218977,0.01698518,0.017579231,0.017827703,0.01805894,0.018208785,0.018525481,0.018800681,0.019116597,0.02000423,0.019738168,0.020148396,0.020514462,0.020987011,0.021835377,0.021744052,0.021596905,0.0214025,0.021292327,0.022009645,0.022572244,0.023705317,0.024948308,0.025249127,0.02641502,0.02632585,0.02685085,0.027857888,0.028625801,0.029541085,0.030433128,0.03015305,0.029851824,0.03050051,0.03036427,0.032535106,0.033537153,0.0355248,0.036614798,0.037101544,0.03835518,0.038911287,0.039562203,0.042079903,0.041541617,0.0435638,0.045782473,0.04514604,0.046002008,0.04481112,0.04362571,0.04292877,0.045379832,0.044903994,0.044991042,0.04422607,0.042436108,0.041518614,0.041134074,0.04100573,0.04054358,0.03998305,0.039486222,0.039444517,0.037871454,0.03760263,0.036461003,0.03750208,0.037041217,0.037215665,0.037771087,0.03563831,0.035266463,0.03423562,0.031793706,0.03287171,0.03221983,0.03155261,0.028579418,0.021605775
0.011293267,0.014007771,0.016423551,0.017233586,0.017618759,0.017857393,0.018204352,0.018542007,0.018765643,0.020085344,0.02007792,0.019712593,0.01967113,0.019597137,0.020079987,0.02057492,0.021734098,0.021752775,0.022980614,0.02386742,0.024575861,0.02590002,0.025358198,0.026087126,0.025565602,0.02575466,0.026797783,0.0268149,0.028624877,0.028997736,0.030322237,0.030887043,0.030335627,0.03216905,0.03339331,0.034547444,0.03588071,0.035541322,0.036106892,0.036512326,0.038903855,0.040237658,0.040711716,0.044638764,0.044586632,0.04557634,0.04849916,0.048669312,0.051274877,0.051520497,0.051831156,0.052533478,0.05285759,0.05491133,0.05571324,0.059137344,0.06027681,0.063017435,0.060764976,0.058796637,0.05909005,0.05483557,0.054803886,0.054015987,0.049146995,0.04859994,0.049576264,0.04637299,0.046904016,0.04488438,0.042591915,0.040614642,0.03935319,0.042096492,0.041010007,0.04249093,0.043076854,0.040582154,0.041019015,0.038686093,0.036047082,0.034780882,0.03434447,0.033961717,0.03336706,0.02890692,0.022068564
0.013449304,0.016732505,0.019615347,0.020220598,0.02076658,0.021080688,0.021686329,0.021663258,0.021719828,0.022923756,0.022769859,0.023401406,0.024221841,0.02505604,0.026218262,0.02736917,0.027774515,0.027541155,0.027472546,0.027060509,0.027978716,0.027847178,0.028902143,0.029751206,0.029911598,0.031527035,0.030378874,0.030197456,0.030869566,0.032076728,0.033107135,0.034357667,0.036297005,0.037772045,0.03972768,0.040035956,0.04111479,0.040185127,0.04390513,0.04744029,0.048307378,0.048416834,0.04976411,0.051795878,0.053288452,0.05844655,0.059428938,0.060939528,0.059848793,0.058635056,0.05597961,0.05975419,0.061419412,0.05980966,0.05976467,0.05430533,0.054623373,0.054590467,0.05319131,0.05019804,0.046955395,0.04664232,0.04827237,0.049056973,0.05004729,0.051206674,0.051682215,0.051089115,0.049114108,0.04666417,0.04566218,0.043647163,0.042606592,0.040180806,0.037217222,0.036211967,0.036253817,0.037128337,0.03699168,0.03602614,0.035003114,0.033890355,0.031849436,0.031789456,0.03133208,0.027216509,0.02271413
0.016528232,0.020185955,0.023475371,0.024781654,0.024869284,0.024599787,0.024473757,0.023718012,0.023432909,0.02375415,0.023793412,0.024534667,0.026153184,0.027482932,0.029726285,0.029918946,0.02936175,0.029852502,0.028161505,0.030577892,0.03146349,0.032411397,0.03428369,0.034849532,0.03550778,0.035532545,0.035437193,0.036094755,0.03750739,0.038740993,0.03998738,0.039486498,0.040004052,0.042895414,0.045495447,0.048109513,0.050764367,0.052166976,0.053153094,0.054636266,0.060354758,0.06145562,0.06552736,0.06777289,0.065678515,0.06860379,0.06880067,0.075403035,0.079673484,0.080992006,0.08527643,0.08287097,0.07974663,0.08123841,0.07782282,0.0798367,0.080019176,0.07624018,0.074636936,0.06850542,0.066533476,0.06562744,0.066134624,0.06780237,0.06713214,0.06617488,0.0641851,0.05931846,0.058565516,0.057244964,0.05495601,0.052201882,0.04864876,0.044935435,0.040319692,0.040211983,0.040907048,0.041124046,0.042642437,0.0422008,0.039395843,0.037683472,0.03523181,0.038232647,0.038078718,0.034130357,0.029472468
0.015540339,0.018534705,0.02177738,0.021692837,0.022444952,0.023334092,0.023502726,0.024276657,0.024285909,0.024011567,0.024593413,0.024331596,0.02402675,0.024615832,0.02541239,0.025582606,0.025537228,0.027211532,0.027485957,0.029161915,0.030946333,0.030749682,0.032712977,0.032587506,0.034761056,0.036934096,0.037454765,0.039315667,0.03986393,0.03865609,0.038063906,0.038203284,0.03912668,0.041671753,0.04563892,0.046807896,0.046782933,0.04734458,0.04616078,0.049006883,0.052820016,0.055714384,0.05725021,0.05874774,0.06334456,0.06501847,0.068991154,0.07022636,0.07114464,0.07153013,0.07056608,0.07145743,0.06971907,0.07695765,0.07990713,0.08031133,0.08059906,0.07340967,0.070785105,0.07100914,0.07267795,0.07428392,0.074637294,0.077185825,0.074178964,0.07041138,0.066572316,0.058819685,0.052775778,0.052236088,0.049938574,0.04830838,0.050209664,0.050679885,0.051396135,0.05143444,0.049415667,0.04577872,0.045133542,0.04412574,0.04133047,0.038914766,0.035277773,0.03138944,0.032302193,0.02937131,0.024446357
0.015111777,0.019265752,0.022502117,0.0225042,0.023585744,0.023617527,0.023461085,0.023593444,0.023842383,0.024076747,0.025469786,0.027017847,0.028060855,0.028036779,0.027702563,0.027974596,0.029216694,0.029832583,0.031789053,0.03443853,0.03485137,0.03881181,0.04044922,0.039213583,0.039817233,0.0404391,0.041442476,0.043475945,0.04400003,0.04283341,0.04428527,0.045734238,0.047647536,0.051017478,0.050020825,0.051488046,0.053018987,0.05947542,0.061801422,0.06352028,0.06748931,0.066972785,0.0722113,0.07908506,0.0827568,0.08233276,0.085900225,0.08479994,0.087686755,0.09379864,0.098117836,0.0990098,0.10023687,0.10208905,0.09942859,0.09673142,0.09044243,0.085954934,0.0820631,0.08197969,0.08525161,0.08515164,0.08913761,0.08843004,0.08249785,0.07732566,0.07113951,0.06947102,0.06879659,0.06574241,0.059101317,0.057078294,0.054286074,0.05375459,0.05454489,0.051070794,0.0490514,0.046313882,0.042196672,0.04003257,0.04067393,0.03955139,0.037586115,0.039117992,0.03940016,0.034871817,0.030207997
0.015692594,0.018726898,0.022514848,0.022782495,0.02426388,0.025329098,0.025503032,0.025928358,0.026261212,0.026698291,0.027799955,0.028085288,0.026833048,0.02690704,0.02584412,0.026685255,0.028197838,0.029459791,0.030794147,0.03140037,0.03284894,0.033430476,0.035789087,0.037325796,0.038234834,0.03903351,0.03937412,0.040062174,0.040497314,0.04255827,0.043169573,0.045365185,0.049520668,0.05149948,0.054021962,0.056151833,0.054615512,0.05509381,0.059109878,0.05964944,0.06732592,0.07324998,0.0772761,0.08005631,0.07880622,0.07829284,0.07278778,0.082126886,0.084332466,0.09258889,0.10051334,0.09778437,0.10238854,0.097413324,0.096245386,0.09619636,0.095316015,0.094832554,0.09220032,0.08718065,0.08281058,0.082748026,0.087261364,0.088625394,0.0846704,0.07869459,0.06695936,0.059483718,0.05877854,0.059670523,0.061438203,0.063841075,0.063122205,0.06003964,0.057670373,0.054601256,0.049906682,0.051338058,0.050659858,0.05018327,0.051093563,0.04720967,0.043640647,0.040716086,0.042291876,0.038059104,0.03234199
0.019160625,0.023048462,0.026645107,0.02557084,0.026705546,0.027274586,0.02727977,0.027770678,0.026785038,0.02807414,0.028834935,0.031267412,0.033050977,0.034173682,0.03642634,0.036143735,0.037861247,0.03838393,0.039147273,0.041077424,0.041661434,0.041950755,0.041572675,0.043298922,0.04540751,0.04789685,0.050846722,0.05196043,0.051716328,0.052659143,0.05436495,0.05682936,0.061981723,0.063794814,0.06456326,0.06677503,0.067289494,0.06852155,0.07201708,0.07395119,0.08181565,0.085170925,0.08647391,0.09093559,0.08859775,0.09334314,0.10310086,0.10499778,0.107628435,0.106962875,0.10207004,0.10356488,0.10445839,0.10781458,0.11053768,0.112378426,0.11033644,0.10576564,0.1016475,0.0948097,0.09097184,0.08897886,0.08587922,0.08203499,0.08039362,0.08013712,0.07918941,0.07807101,0.075981796,0.07110768,0.066421725,0.062169477,0.058095094,0.055930223,0.054774385,0.05442377,0.055112325,0.053140998,0.04924706,0.046537872,0.043190677,0.041692294,0.040938288,0.039354794,0.038750894,0.03369741,0.027038032
0.01879532,0.022389097,0.025302792,0.02662775,0.027165221,0.027987398,0.029274138,0.02908557,0.029631931,0.030804036,0.031435393,0.033235036,0.03249841,0.033577602,0.034015894,0.03364955,0.036829155,0.036617503,0.03824453,0.040318947,0.04108928,0.04332987,0.047754303,0.04837424,0.048953827,0.04908802,0.047938704,0.048422363,0.049072713,0.050354004,0.049709525,0.049976423,0.052413758,0.05473616,0.06309482,0.06999978,0.07272858,0.076774865,0.074859865,0.07502003,0.07961847,0.08288118,0.0850683,0.08809749,0.08806621,0.086156875,0.08734554,0.088351645,0.09849221,0.10906753,0.11699175,0.12484981,0.1228902,0.119771756,0.11759352,0.107564636,0.10066131,0.101637565,0.10481586,0.10990233,0.11810266,0.11326098,0.10343023,0.09395323,0.08183243,0.075597376,0.07480024,0.07700575,0.072045475,0.07106549,0.06778349,0.064069524,0.063545056,0.062148254,0.058103338,0.05518295,0.052010115,0.047564812,0.04597856,0.04285669,0.041597117,0.039502516,0.036546532,0.034774963,0.03228508,0.027980229,0.022790065
0.020876866,0.025684472,0.028948175,0.029148187,0.027607879,0.026463991,0.025741562,0.025580572,0.027390067,0.029574003,0.032455992,0.034096196,0.034538455,0.034052134,0.03394321,0.034204613,0.036021173,0.03639575,0.03807567,0.03866661,0.039277907,0.0409236,0.04050928,0.04463421,0.048715208,0.050487716,0.0516115,0.056023158,0.053604342,0.05506246,0.061505597,0.06183647,0.06660738,0.07132586,0.074546196,0.07434603,0.07863851,0.07903885,0.08008057,0.08641317,0.09492782,0.10043453,0.108678564,0.11596351,0.11163798,0.11258786,0.11680386,0.11784393,0.118860476,0.11946659,0.11898396,0.12101347,0.12098787,0.12432508,0.12345119,0.117855035,0.12259463,0.12281051,0.11924969,0.116847396,0.11380414,0.110263765,0.10822602,0.10427631,0.099231996,0.09374555,0.087281525,0.08447344,0.08092297,0.07379554,0.06797175,0.06421386,0.05895667,0.05706402,0.053642634,0.055921767,0.053304635,0.05245738,0.051462468,0.043740615,0.043839198,0.042911883,0.04060317,0.03825199,0.034835465,0.028820783,0.023334298
0.021143075,0.025946772,0.03040132,0.029865468,0.03153343,0.032558903,0.032164294,0.03343503,0.0353472,0.035976514,0.038618088,0.039178874,0.038715605,0.04131686,0.04050564,0.04217041,0.043353215,0.04443015,0.049583122,0.050607014,0.051899485,0.052228276,0.049253423,0.051995177,0.05802704,0.06233534,0.06432101,0.065352105,0.06355291,0.06503967,0.07230725,0.07626196,0.07948402,0.08051626,0.07845174,0.085872754,0.086699545,0.095227405,0.099341236,0.10099003,0.11335081,0.11208645,0.118033454,0.11823442,0.11252784,0.12647074,0.13000898,0.13628533,0.14432433,0.134323,0.13562505,0.12958829,0.13055803,0.13522145,0.13278048,0.14246751,0.13539167,0.12792711,0.12729949,0.111995645,0.1053972,0.10501085,0.09317789,0.0922775,0.09088348,0.08417459,0.0806672,0.07513188,0.070660636,0.067829944,0.06548208,0.06477836,0.060843024,0.05745858,0.055374052,0.04857506,0.04630395,0.04592543,0.043792084,0.042884625,0.040299278,0.037931666,0.03652266,0.03612743,0.035561007,0.030557578,0.025057489
0.022794034,0.028924521,0.033626497,0.033365395,0.034345202,0.0337736,0.034303468,0.035067163,0.03738137,0.038617305,0.040352993,0.04036192,0.040053025,0.04118331,0.04085711,0.04568259,0.046900477,0.04722073,0.05025184,0.04879756,0.051634602,0.054767746,0.055923436,0.058736015,0.058318585,0.060523976,0.067440666,0.070467696,0.07693201,0.07940222,0.07704439,0.07913361,0.07978186,0.08294652,0.08784745,0.094454184,0.1027107,0.10624934,0.11565339,0.11945684,0.12076897,0.12869667,0.12539132,0.1313396,0.13889708,0.1418814,0.14617775,0.14501096,0.14611419,0.1465283,0.14074516,0.14400944,0.14414209,0.13869272,0.14803794,0.14413318,0.13359131,0.13522762,0.12801138,0.11753296,0.11547765,0.10523923,0.09344544,0.088456444,0.08088613,0.07655553,0.078679055,0.07819141,0.07691936,0.07143868,0.06515449,0.062978,0.057179134,0.056501023,0.05435518,0.05004935,0.051414482,0.047910552,0.045342766,0.04627413,0.04369365,0.04350897,0.041174725,0.038924217,0.036401547,0.032207206,0.027640468
0.025923528,0.03296255,0.037827548,0.036611196,0.038708568,0.03725172,0.03871827,0.041302122,0.04011319,0.040329855,0.03928359,0.039505914,0.041664097,0.043299206,0.048426468,0.048898157,0.049908593,0.054498743,0.05210436,0.052773144,0.051951636,0.054162864,0.057180043,0.06082663,0.064387105,0.06477019,0.06777279,0.071289785,0.07693152,0.07753682,0.081992805,0.08743408,0.08947786,0.10159852,0.103228875,0.10603985,0.109082915,0.10930121,0.11867464,0.12008709,0.1286714,0.13479759,0.14028639,0.14794642,0.15395485,0.15054454,0.15132627,0.1532608,0.15132333,0.15714324,0.1506303,0.15693894,0.15950896,0.16015282,0.15894273,0.15188654,0.14790519,0.14415856,0.14454484,0.13104622,0.11800542,0.11162188,0.10977569,0.11030888,0.111599535,0.10377337,0.09265923,0.087886974,0.08240647,0.0757354,0.07530864,0.07493205,0.065152355,0.06402407,0.06247716,0.058504473,0.06279303,0.06492374,0.062481392,0.05955179,0.056178246,0.05643979,0.053770725,0.053079378,0.052044686,0.041937187,0.035301365
0.02513,0.02946206,0.034368515,0.036803465,0.03695702,0.03860496,0.040814936,0.04193429,0.043918576,0.04510006,0.04595788,0.04704521,0.048355643,0.050349046,0.052188385,0.05279508,0.05663222,0.06034176,0.06284872,0.06476732,0.06429313,0.06837835,0.06841584,0.0705396,0.072002724,0.07338443,0.076230586,0.077854484,0.08412271,0.08378431,0.0840935,0.100227974,0.10046503,0.10529106,0.11084305,0.10905427,0.11415979,0.12014837,0.12803783,0.13317806,0.13964996,0.14605607,0.15286687,0.1597125,0.16032434,0.16389853,0.16358978,0.1603976,0.17006356,0.16680363,0.17037022,0.17120104,0.16185308,0.16475445,0.1602831,0.14863506,0.1474211,0.13856375,0.12549299,0.13058572,0.12569594,0.117349,0.11372772,0.10481496,0.10176633,0.10390824,0.101602145,0.100253776,0.092102855,0.08295386,0.08709168,0.08063568,0.07767286,0.07721581,0.06603743,0.06136824,0.057838194,0.053813465,0.057678927,0.058779817,0.056664996,0.055686943,0.05130719,0.050155003,0.049316436,0.043431167,0.034563582
0.023639066,0.029271213,0.035001185,0.035227973,0.03498087,0.037049424,0.037577026,0.03883614,0.040048014,0.038930446,0.039219566,0.041441638,0.04444759,0.047911998,0.05048256,0.052958943,0.053156454,0.053743023,0.055859968,0.055054676,0.05659108,0.05884319,0.058447495,0.060806584,0.06357379,0.06482323,0.06880252,0.06912686,0.07176635,0.072253525,0.0722863,0.07838773,0.0782357,0.08640855,0.09122516,0.09746397,0.101679206,0.107041426,0.1159708,0.1229475,0.12952349,0.13438275,0.13687631,0.13850713,0.15402877,0.15468228,0.1601535,0.16049781,0.15486334,0.16283393,0.16327211,0.16521306,0.15965423,0.15519236,0.15113117,0.14344247,0.13620906,0.13305305,0.12480215,0.12278349,0.12240214,0.106552854,0.10129107,0.0953502,0.08978829,0.0875739,0.07985764,0.0787656,0.074991964,0.07491231,0.08638442,0.08249284,0.0822329,0.080889486,0.06796556,0.06480647,0.06650317,0.0627358,0.060268342,0.05800646,0.049384512,0.04770861,0.04577141,0.0446035,0.044234946,0.03846573,0.031633895
0.029218812,0.032864075,0.040931564,0.03951877,0.03992806,0.04129702,0.039696567,0.043750882,0.043786965,0.04575426,0.045568302,0.04325423,0.04382877,0.04269799,0.046548717,0.04880801,0.05303165,0.05708047,0.057786047,0.059149995,0.06465929,0.06476886,0.066845514,0.06936703,0.07197327,0.07867412,0.081127435,0.08530156,0.0889329,0.08986635,0.09675301,0.102092564,0.10512398,0.1075328,0.1078312,0.112686716,0.10907974,0.109831065,0.11704074,0.115671486,0.1324404,0.14046858,0.14945982,0.15397306,0.1584239,0.16281925,0.1689753,0.18451409,0.1830172,0.18071829,0.1707618,0.16014129,0.15421945,0.15399984,0.15425883,0.14858243,0.15027827,0.1455795,0.13997024,0.13038693,0.11632327,0.111037925,0.100947574,0.096494876,0.090884656,0.08476501,0.08223335,0.08195999,0.07848525,0.072483234,0.07326353,0.06475385,0.06389077,0.06474483,0.056554113,0.05683385,0.05400893,0.049918003,0.046863507,0.046559807,0.045782354,0.04493555,0.04389293,0.03943688,0.03868811,0.032487903,0.027081115
0.026620472,0.032746878,0.038823757,0.03820994,0.040647946,0.0427921,0.042084098,0.04209672,0.040901743,0.040442187,0.041081212,0.04285302,0.04445331,0.04416946,0.04519774,0.049532868,0.050777525,0.05295026,0.05668691,0.056106903,0.059633143,0.060207214,0.063953355,0.06857231,0.07020734,0.072824456,0.07147981,0.07352309,0.07667977,0.08560349,0.09268172,0.096830435,0.10407623,0.104307964,0.10397887,0.103145204,0.1063336,0.113213204,0.126322,0.1358118,0.14378281,0.15148681,0.15817618,0.16469757,0.16542552,0.170448,0.17000261,0.16855855,0.17749706,0.16715835,0.16330555,0.16510846,0.15815374,0.16394164,0.15894155,0.1546849,0.14817357,0.13838427,0.13674575,0.12640543,0.119929396,0.11356686,0.10479254,0.099058025,0.09432055,0.09307259,0.08901422,0.08849282,0.077687554,0.07244768,0.06744859,0.061948072,0.06025464,0.05762607,0.05717658,0.05652391,0.05604685,0.05472956,0.053993147,0.0509901,0.049249142,0.04748092,0.047035247,0.046770625,0.045387637,0.040401902,0.032342363
0.024315191,0.03111286,0.035652228,0.036667485,0.03891802,0.040757205,0.044410028,0.04538854,0.04573575,0.04516314,0.044982232,0.04864136,0.0518691,0.05380434,0.055220127,0.05632614,0.05811253,0.060681984,0.06548291,0.06964801,0.071724795,0.07694803,0.07609688,0.078981735,0.082305744,0.08285657,0.089609705,0.092919685,0.09530821,0.100585,0.10475813,0.10657677,0.11440105,0.12379936,0.12484729,0.12921035,0.13234651,0.13130294,0.133457,0.13924561,0.14119846,0.14572443,0.15889016,0.17026988,0.18347257,0.19855458,0.20190772,0.19489639,0.17893961,0.16740592,0.1610886,0.16304575,0.17322145,0.16881616,0.16202672,0.14850543,0.13948555,0.1300871,0.12561812,0.121328674,0.11065725,0.10665131,0.100554675,0.09995348,0.09661587,0.08874623,0.08424763,0.088374704,0.08349229,0.08137143,0.07864879,0.07064634,0.06975284,0.06856882,0.06892455,0.06496315,0.06589258,0.065149,0.05788692,0.058907263,0.054693572,0.051853254,0.05013443,0.04676423,0.04641952,0.039544236,0.03303864
0.026840875,0.0318601,0.037025955,0.036626954,0.03879792,0.040404566,0.04175727,0.04288394,0.042677708,0.044009298,0.044970963,0.04459718,0.048813127,0.051621933,0.055408835,0.058701638,0.058831602,0.05811612,0.057376564,0.061652694,0.06455355,0.066652045,0.069847204,0.06765436,0.069239005,0.07126113,0.074914336,0.0786922,0.08456115,0.08991076,0.09615045,0.105183296,0.112181306,0.11573441,0.11944129,0.12151221,0.1322236,0.13986209,0.14519742,0.14940494,0.14936748,0.15277934,0.15756021,0.16826971,0.17420284,0.18187581,0.18917224,0.1878184,0.18406224,0.18226583,0.17226082,0.16934296,0.16381203,0.14907861,0.14396054,0.13139166,0.122824214,0.122631,0.11465534,0.10769893,0.103895865,0.09900019,0.09411962,0.09089838,0.08506249,0.077746466,0.078019306,0.077887446,0.07596364,0.07457399,0.073257394,0.072380036,0.07472492,0.07342951,0.06841673,0.06583418,0.06555936,0.06225374,0.06060951,0.05813678,0.053541757,0.05531558,0.05459105,0.05289224,0.050898056,0.043563988,0.036568854
0.025491124,0.03636364,0.042081703,0.044708107,0.048005987,0.04699478,0.04946851,0.052018885,0.05248313,0.05628215,0.055281885,0.05347768,0.05432634,0.055058982,0.056795157,0.06109246,0.064104244,0.06578923,0.06803611,0.069861144,0.073581874,0.07450182,0.080393724,0.08339159,0.08258893,0.08629113,0.08322258,0.08060363,0.08625751,0.08670912,0.0948651,0.10980533,0.1167214,0.12287439,0.12953389,0.13496119,0.13958503,0.14716554,0.15387475,0.16144642,0.17232603,0.17203237,0.18407789,0.19250482,0.18968113,0.194762,0.19633397,0.18371902,0.18785551,0.18839447,0.18242234,0.1822871,0.1827429,0.178392,0.16759504,0.163988,0.14531799,0.13694999,0.13039033,0.1144086,0.10593957,0.09618893,0.08412186,0.086035,0.080385864,0.074153304,0.070903815,0.06571904,0.06503178,0.064619236,0.061259042,0.062245753,0.065044604,0.06495131,0.06774181,0.06614512,0.069078125,0.07097176,0.06913292,0.06794819,0.0609293,0.062351413,0.059400793,0.057950344,0.05860025,0.046322133,0.040217906
0.03295602,0.039591286,0.046329483,0.047098134,0.04586987,0.050789274,0.053068087,0.053276714,0.057004962,0.055802148,0.05598701,0.05615573,0.054252546,0.05714144,0.058534414,0.063794635,0.06737803,0.06848071,0.0699763,0.07038559,0.0740575,0.07833942,0.08631725,0.08777628,0.090171,0.0921227,0.08893578,0.09316978,0.09871747,0.106403075,0.11398439,0.12271002,0.12426927,0.12757234,0.12960206,0.13264029,0.14484681,0.1473079,0.15343311,0.16491637,0.1788084,0.18963458,0.19957122,0.19857202,0.19049819,0.18064868,0.18039697,0.18840711,0.18401805,0.18773079,0.18162285,0.16512512,0.16405061,0.15926519,0.1461162,0.13537566,0.11977779,0.10448106,0.0981673,0.089703724,0.081296965,0.07577034,0.06971869,0.067019105,0.06307019,0.058555245,0.051836405,0.05221265,0.051168527,0.051026624,0.05395602,0.054647,0.054187737,0.055414338,0.053633597,0.05146222,0.053784057,0.05124544,0.051426075,0.05236494,0.04952715,0.04682259,0.045234203,0.03981924,0.037784684,0.033993468,0.024298707
0.025203548,0.033839487,0.038585704,0.042510357,0.043922856,0.044672262,0.045653526,0.045026045,0.047106043,0.044720653,0.04623127,0.04916697,0.04844695,0.053492885,0.055387635,0.05518236,0.060046263,0.059134696,0.062219683,0.06268659,0.06542175,0.06924525,0.070990816,0.07811067,0.081071906,0.08753767,0.08889989,0.09157974,0.0984229,0.098415814,0.1105761,0.12045951,0.12538977,0.13313837,0.1351709,0.1332519,0.13608971,0.14305712,0.14998214,0.15671474,0.17117655,0.17292324,0.18514612,0.19063559,0.18720092,0.19906226,0.18925731,0.18985933,0.18364808,0.17151192,0.17550315,0.16937485,0.17602678,0.17546941,0.16582909,0.1624439,0.15222077,0.14607514,0.13634901,0.122426465,0.11651383,0.103727944,0.10330888,0.104819484,0.09640107,0.096913114,0.091504775,0.090034716,0.08901605,0.08157093,0.08226645,0.08135359,0.07358459,0.07570153,0.07046632,0.06464246,0.06312985,0.057828464,0.0593124,0.059883814,0.058840003,0.05866122,0.054185886,0.051749088,0.05159452,0.045187052,0.038228303
0.027433911,0.036310285,0.043351855,0.04457035,0.046584554,0.044747416,0.04286502,0.04345881,0.04621629,0.04945722,0.05554346,0.05709949,0.057810713,0.06188464,0.061080255,0.06831742,0.07263377,0.07211938,0.07659911,0.07741956,0.07935342,0.081843376,0.0837068,0.08391909,0.08972181,0.0918691,0.099687524,0.109987065,0.11093273,0.11997838,0.120497465,0.11870034,0.12321405,0.12502341,0.13284676,0.14729944,0.1515801,0.15717581,0.16493155,0.17244165,0.17836894,0.18995412,0.19049816,0.1845131,0.18691716,0.17948209,0.17726465,0.17811137,0.1758387,0.16976555,0.17728768,0.16896132,0.15794672,0.15424417,0.13864014,0.12908168,0.13065396,0.1262118,0.11047865,0.111146,0.10029081,0.09149052,0.09453131,0.08745055,0.08308924,0.0853317,0.07955893,0.07658273,0.07518139,0.067938134,0.06297795,0.06018099,0.05637299,0.0540707,0.051445134,0.049262624,0.05304732,0.05367993,0.054331034,0.053227913,0.044139218,0.03787091,0.035087116,0.036924224,0.038524456,0.03512419,0.029961795
0.01832565,0.022465145,0.02621113,0.027392885,0.026857603,0.02662796,0.026232969,0.025204461,0.023925073,0.026054485,0.024772642,0.025252052,0.028619025,0.028985158,0.030335449,0.030516075,0.029602574,0.029236479,0.032177374,0.034261566,0.03616646,0.03665458,0.03847201,0.04121766,0.04380031,0.046595987,0.046314415,0.04892624,0.047849163,0.04810945,0.04953091,0.04708448,0.048585538,0.04867948,0.04780256,0.0495853,0.04839421,0.05035418,0.05203759,0.053952407,0.055678654,0.058602024,0.06094254,0.06350516,0.06368271,0.06426586,0.06846018,0.06894608,0.07314725,0.07128413,0.06743061,0.06582284,0.06303412,0.0650017,0.066353895,0.068950266,0.072388425,0.07082964,0.0685561,0.064082384,0.060359906,0.05943117,0.056569673,0.05714216,0.05473495,0.057744883,0.061754107,0.060411476,0.06194842,0.060332935,0.05678812,0.05818889,0.05433192,0.04988549,0.04954301,0.04489031,0.043996554,0.04334356,0.041599885,0.03981973,0.03837738,0.037706845,0.035867218,0.03471718,0.033839468,0.02798069,0.022623517
0.016967159,0.0197761,0.024755802,0.025561118,0.028204981,0.031301368,0.030052103,0.030706711,0.031975005,0.031169606,0.03333047,0.034169476,0.034053806,0.038625278,0.039825294,0.03913044,0.038921792,0.039297555,0.042246263,0.04422056,0.04412118,0.043146104,0.04177792,0.04310771,0.046687104,0.04653048,0.049096204,0.04966224,0.049700744,0.050246276,0.050252255,0.053792424,0.059775848,0.06700592,0.06696697,0.070411,0.06838004,0.06717273,0.069852866,0.07177885,0.07758333,0.07911708,0.08688197,0.090488106,0.092379645,0.099180445,0.10169312,0.10456798,0.10571888,0.10674186,0.107835434,0.109829195,0.11168102,0.11285455,0.11480733,0.110700235,0.111218914,0.10980025,0.101714514,0.09952624,0.09787795,0.09435454,0.09517039,0.09309514,0.08993706,0.08793608,0.0847284,0.08138606,0.0750094,0.06437102,0.057134707,0.05365335,0.047135033,0.044488683,0.042618353,0.039261047,0.037419833,0.03853617,0.03571266,0.033260692,0.030274052,0.027239295,0.025727276,0.02429733,0.023784459,0.02033611,0.016466642
0.008785016,0.011137351,0.012787151,0.012607515,0.013772599,0.014440076,0.015780626,0.016594637,0.017592827,0.0213139,0.021174958,0.023045681,0.023420012,0.020705799,0.02208274,0.028253093,0.028694557,0.030323263,0.030300006,0.025260506,0.026579736,0.02756544,0.029484753,0.030475782,0.029961977,0.030005967,0.031811833,0.03153307,0.033991877,0.03609868,0.03852028,0.04142785,0.04193676,0.04222105,0.045238703,0.0469243,0.055422235,0.058460426,0.05969464,0.061971106,0.061255477,0.067572765,0.07238896,0.07750664,0.0825589,0.08729223,0.088027366,0.09182128,0.091465555,0.08631846,0.08335522,0.08029877,0.07769037,0.07520196,0.0770861,0.073809244,0.07210949,0.07184907,0.072826825,0.069714844,0.06824027,0.073449716,0.07024573,0.07240094,0.0713016,0.065902404,0.06287318,0.057356752,0.057287857,0.054301534,0.054784067,0.055200648,0.06266741,0.06111533,0.058089327,0.056635633,0.043286342,0.042513028,0.04121894,0.0389795,0.037590884,0.03537329,0.039441153,0.039337937,0.0386105,0.03486923,0.022510242
0.026165536,0.034102153,0.038087785,0.043961424,0.044624098,0.0457812,0.04987561,0.049379654,0.051649474,0.054066997,0.053806596,0.055334378,0.059013978,0.057204485,0.058951266,0.06028497,0.060579706,0.06370221,0.07061473,0.07200805,0.070637256,0.07436685,0.072726816,0.072279185,0.07919904,0.08435541,0.08421473,0.088747144,0.09490937,0.09219344,0.09660422,0.098222755,0.09461394,0.098655775,0.09787222,0.10289691,0.10809734,0.120668195,0.12356385,0.12697789,0.12996256,0.12396916,0.13671277,0.13469772,0.13648912,0.13509706,0.1316283,0.136,0.15048923,0.15185814,0.14835373,0.14319065,0.122065604,0.12784007,0.12664999,0.12844287,0.1297924,0.12287457,0.11887379,0.11222804,0.1081771,0.10645123,0.10674328,0.10798801,0.10565984,0.10079604,0.09254656,0.088481724,0.085107855,0.080645,0.086649925,0.088137016,0.08649416,0.08696589,0.078470364,0.07577235,0.074170195,0.07383357,0.07308169,0.06980011,0.06802631,0.060669657,0.059445627,0.057975814,0.055536713,0.04988215,0.04124209
0.020406965,0.026265005,0.03274869,0.037717428,0.039183807,0.04148096,0.041150767,0.038942687,0.041316148,0.040215656,0.03998075,0.043422233,0.047005553,0.049597744,0.05130207,0.050586075,0.05047391,0.05273926,0.055900063,0.058629803,0.05992221,0.06445421,0.06870785,0.074439734,0.07663426,0.0744222,0.074393734,0.076816455,0.080501944,0.09264651,0.09540488,0.094360575,0.09503345,0.09615195,0.10372683,0.11502274,0.11929327,0.13025582,0.1361962,0.13936555,0.15063515,0.15088339,0.15900834,0.15977608,0.16500273,0.16788536,0.15939553,0.16594511,0.1590031,0.15587907,0.15748036,0.15591426,0.15820098,0.16153784,0.16550447,0.16084878,0.16741829,0.16230534,0.15243515,0.14332715,0.12709062,0.12107747,0.12593727,0.12628701,0.12495665,0.12025825,0.10725496,0.10449186,0.09331964,0.08462007,0.08144255,0.07411538,0.0685819,0.06558305,0.06542852,0.061285954,0.05926119,0.056864142,0.053008214,0.05128409,0.049021438,0.044273734,0.04020157,0.038864665,0.038134556,0.036015864,0.03015411
0.033212632,0.04246097,0.04674254,0.044620648,0.046942804,0.047740355,0.05177418,0.05750526,0.05699045,0.056322403,0.05449826,0.052360028,0.056369796,0.060432386,0.062390354,0.062978916,0.06531373,0.06426858,0.06909294,0.070931114,0.071480334,0.076081574,0.076274686,0.07803697,0.079007074,0.078186184,0.079156995,0.07883782,0.07564949,0.078442246,0.07956399,0.08339967,0.09271965,0.08964666,0.099677116,0.10868492,0.10792443,0.11474315,0.113677986,0.11328007,0.11597978,0.12140693,0.12592451,0.1249749,0.12817585,0.12575205,0.123085275,0.123334564,0.1213405,0.12314735,0.12146942,0.12508744,0.13390315,0.13078906,0.13385478,0.13328817,0.1259897,0.12213118,0.11543355,0.10821806,0.103423215,0.10906532,0.11026593,0.11095962,0.10862762,0.10386062,0.1007779,0.0943442,0.093494825,0.08562756,0.0770922,0.07510647,0.0680941,0.06653105,0.06880731,0.06574732,0.063073516,0.06250792,0.06101563,0.058593977,0.058127485,0.05540243,0.05029187,0.04949153,0.04849516,0.04385566,0.03677551
0.031005269,0.03704469,0.046396825,0.04587075,0.049683385,0.050356932,0.04926971,0.052289505,0.051493973,0.05353073,0.053404972,0.053259302,0.056469508,0.061517432,0.06701518,0.06896403,0.069725364,0.069802396,0.06783293,0.07227615,0.07247083,0.07194236,0.07265667,0.075876415,0.082831286,0.08854078,0.09300237,0.098959625,0.097452946,0.09557356,0.10017569,0.101541005,0.11257954,0.12145081,0.12932457,0.13376991,0.13322756,0.13304955,0.1342621,0.13934939,0.14731279,0.15656964,0.16159534,0.16736042,0.168617,0.16784461,0.17192431,0.16390556,0.16284718,0.15891519,0.14929461,0.15921703,0.15971602,0.15946981,0.16328998,0.1551965,0.15201195,0.15533824,0.15557943,0.15397482,0.1451204,0.13507943,0.12921463,0.116411015,0.11447234,0.11408189,0.10324539,0.10132725,0.09496175,0.08320663,0.07516709,0.0724232,0.07024047,0.07004659,0.068944976,0.06542333,0.06609419,0.06432497,0.06258509,0.06471642,0.06421325,0.065959156,0.062130906,0.05757675,0.05562698,0.046011012,0.040307507
0.035123955,0.042849835,0.049263425,0.047588676,0.047987618,0.04987949,0.053248875,0.05442574,0.056267682,0.058381625,0.060153626,0.062162638,0.06275263,0.06475879,0.06295039,0.06611905,0.06901876,0.070102185,0.0749759,0.07651855,0.08183095,0.07955819,0.07878129,0.07921013,0.07642988,0.08970225,0.09680889,0.10088336,0.102665424,0.098864205,0.10083833,0.10644802,0.1160529,0.12218663,0.12161517,0.13381681,0.13756232,0.14564554,0.15696649,0.15443821,0.1578486,0.16143088,0.16537835,0.17221305,0.16591671,0.15951908,0.15414378,0.14744247,0.15924597,0.16151212,0.16537116,0.1697588,0.16457994,0.16517428,0.15678406,0.14892577,0.14621246,0.13959788,0.13461623,0.13360862,0.13219632,0.12758438,0.12255015,0.10734635,0.09157576,0.081407964,0.07405241,0.068740904,0.059998933,0.051250357,0.047387492,0.04664811,0.044207282,0.04268417,0.041455973,0.03829507,0.036843654,0.03668874,0.035215225,0.033697456,0.034393936,0.033382498,0.031143336,0.03126641,0.028837861,0.025426516,0.021868723
0.02908369,0.03921639,0.04873535,0.049324814,0.05385341,0.055127904,0.052710377,0.056631655,0.056445207,0.05943369,0.061931558,0.06387971,0.06476898,0.062488895,0.06694547,0.06708811,0.07019504,0.0827549,0.08547129,0.08700345,0.08648589,0.08371064,0.08445064,0.08876135,0.100311525,0.10435095,0.10514168,0.10676257,0.102948956,0.0995166,0.10909041,0.11272532,0.115413085,0.1262068,0.12784398,0.13166235,0.13989897,0.13647082,0.13907026,0.14595377,0.1498265,0.15536028,0.15752739,0.15411615,0.15839097,0.158775,0.16041188,0.15672949,0.14514545,0.14293917,0.13276795,0.12948184,0.1226234,0.117460765,0.11494106,0.115788214,0.11868268,0.112606384,0.11044788,0.10848471,0.103758775,0.097607516,0.09222699,0.08480293,0.077587456,0.07433991,0.06987014,0.06400562,0.059152473,0.05841059,0.054487705,0.050431143,0.04834763,0.04446363,0.043294065,0.042671394,0.041366525,0.038733497,0.037300874,0.03601562,0.036354173,0.03651964,0.037210107,0.036321014,0.035590958,0.032153647,0.025323853
0.030851504,0.03891605,0.04456444,0.049149584,0.05000667,0.04954045,0.050093286,0.048932064,0.047051243,0.05139214,0.05385212,0.053264014,0.055206213,0.053699188,0.058113355,0.061045013,0.07047283,0.07619837,0.0764934,0.07946262,0.0804483,0.080697075,0.08282812,0.082482025,0.08292654,0.09078565,0.08979009,0.098429166,0.095553294,0.09650687,0.11100333,0.11090019,0.11768349,0.124533616,0.119185045,0.12980404,0.1357191,0.13357536,0.14532943,0.14381836,0.1487903,0.15242127,0.15053837,0.16109575,0.17252596,0.17820853,0.185342,0.17565498,0.17815961,0.17422523,0.16243936,0.16344571,0.1424888,0.14507557,0.14380437,0.14404806,0.14224471,0.13813674,0.13895972,0.13193536,0.1300059,0.12064721,0.11461579,0.112570174,0.10328779,0.090695396,0.0806579,0.06852419,0.064594656,0.063695624,0.05952487,0.05449385,0.0498579,0.046454664,0.04218561,0.03857881,0.038857672,0.03922989,0.040710874,0.040459573,0.037447106,0.035813965,0.033822585,0.033844315,0.0347681,0.03121802,0.025189871
0.023198763,0.030221142,0.038543556,0.042760596,0.04364236,0.04481726,0.043497104,0.04604121,0.04655391,0.049690038,0.053885218,0.05226875,0.05544905,0.058340516,0.05795079,0.0613363,0.06500886,0.068832465,0.072338946,0.07658805,0.08181247,0.0846501,0.084902085,0.0960272,0.09860204,0.111449055,0.11438189,0.113279104,0.12173245,0.120427884,0.13190433,0.13221648,0.13722274,0.14638829,0.15050943,0.1601618,0.16313227,0.16014382,0.17065418,0.17051616,0.17495346,0.18546565,0.18420772,0.18715979,0.18992686,0.1916724,0.17990677,0.18708622,0.18073936,0.17613101,0.1905073,0.18096483,0.17635748,0.16364586,0.1519266,0.14614864,0.14933783,0.14962564,0.141986,0.13433482,0.12153154,0.11441041,0.10129412,0.09911745,0.088697195,0.079258434,0.07651363,0.06664326,0.06500094,0.05841917,0.05877137,0.055058185,0.053302344,0.05400168,0.056797363,0.058201995,0.0561908,0.057017196,0.052040644,0.050648764,0.051125813,0.051106777,0.049076293,0.048761617,0.04797555,0.040509578,0.033820644
0.028494438,0.033133946,0.040835913,0.042005852,0.041939467,0.043841075,0.04557896,0.04714113,0.04998153,0.05153632,0.052710656,0.055408332,0.054545835,0.061468486,0.06208933,0.062361725,0.06600739,0.06172987,0.062816605,0.06630298,0.066567436,0.07407437,0.079188354,0.0845638,0.09034851,0.08999765,0.08741769,0.090854995,0.095179945,0.09559017,0.099666595,0.09866153,0.100106366,0.10520958,0.11816314,0.13292268,0.14202058,0.1516061,0.16268206,0.15894763,0.16252837,0.16723172,0.17464219,0.1949596,0.19645251,0.20198973,0.19442987,0.17826335,0.17790678,0.16634849,0.16204798,0.16057818,0.16325898,0.16677506,0.16880336,0.16590263,0.15694715,0.15179004,0.13834158,0.13072331,0.120728076,0.10999174,0.10280342,0.096430615,0.09097593,0.08257317,0.075876944,0.07503749,0.07196235,0.07016924,0.07078302,0.06491656,0.063581,0.063287914,0.06205465,0.0599366,0.05644621,0.052237093,0.04891893,0.047845624,0.0433934,0.045327872,0.04681483,0.04507478,0.04750588,0.040784508,0.032580394
0.039133262,0.045397826,0.05130537,0.049690224,0.050663173,0.0530939,0.05669997,0.062011868,0.06459826,0.06775971,0.071098,0.07168707,0.07096099,0.07273951,0.076555505,0.074982256,0.07739906,0.07643533,0.07861864,0.084435366,0.09071138,0.09925412,0.098726854,0.10323649,0.110408284,0.11024079,0.111791976,0.10711567,0.10380869,0.10832758,0.11125895,0.120958485,0.1258411,0.12717353,0.1320901,0.13245435,0.13630842,0.14214627,0.14113727,0.14391951,0.14175123,0.14878586,0.15875341,0.16750471,0.1785744,0.17818727,0.17787158,0.17412731,0.16781567,0.1672837,0.16230047,0.15791236,0.15187511,0.1473193,0.14300573,0.13827462,0.13655083,0.12682696,0.12579714,0.12523653,0.12295267,0.12810352,0.12212963,0.118420556,0.11061242,0.10072237,0.095827356,0.093216464,0.093409196,0.0886519,0.08625969,0.083025336,0.079023354,0.07750534,0.07911797,0.07770273,0.07458006,0.0710466,0.06745651,0.061594717,0.06274847,0.058110956,0.060001105,0.059970092,0.059667155,0.054933265,0.04364408
0.039198153,0.049684368,0.055765424,0.057617705,0.061324775,0.059977032,0.061942756,0.061645728,0.065566994,0.071126886,0.078396976,0.082898244,0.08638695,0.087950446,0.08690699,0.08670587,0.08662033,0.08641377,0.08950118,0.097904064,0.09795811,0.10846703,0.11261099,0.115568526,0.123806655,0.12215005,0.115347736,0.11530163,0.1157854,0.113115735,0.123897284,0.12612048,0.12584372,0.13321339,0.14359742,0.14672178,0.15688674,0.1668335,0.17052634,0.1761909,0.18066418,0.17834596,0.18084368,0.18658511,0.18347508,0.18234901,0.17888916,0.18008989,0.17488122,0.17863473,0.17858014,0.1698257,0.16986202,0.1629421,0.1611468,0.15666951,0.16175103,0.16468152,0.15501703,0.1579891,0.14249381,0.13158505,0.12361545,0.10797212,0.10691834,0.098616995,0.097007215,0.09491663,0.08965898,0.087702595,0.08491483,0.082268715,0.08106377,0.078810655,0.07779203,0.07266496,0.070478894,0.06768702,0.068309106,0.06644467,0.06575418,0.06475479,0.06560198,0.069809355,0.06515607,0.05903483,0.04492749
0.042369086,0.052326776,0.05808817,0.05711707,0.055032574,0.05531404,0.055931408,0.05992132,0.061827373,0.06371394,0.067108214,0.06920516,0.071694806,0.072484665,0.08385193,0.08477285,0.08906735,0.09281375,0.08967627,0.09083063,0.09023858,0.094545215,0.09469222,0.10199069,0.10864491,0.114629775,0.12283278,0.12713546,0.13443151,0.14125064,0.13965261,0.14120744,0.15204252,0.14974791,0.15735084,0.16366406,0.15496068,0.16475353,0.16996706,0.18186454,0.18998858,0.2008505,0.20367329,0.20439495,0.20434307,0.19755465,0.19683799,0.19292702,0.19235882,0.19106913,0.1894967,0.19054745,0.17767197,0.1641426,0.16017196,0.14985359,0.15441354,0.15298666,0.14991306,0.14050592,0.13991177,0.1368397,0.12595527,0.11679393,0.10494069,0.092721276,0.0858525,0.0867564,0.082881525,0.084451616,0.07978343,0.07673036,0.07817426,0.07893536,0.07653775,0.07204888,0.06452077,0.063356854,0.0660205,0.063829385,0.060534753,0.055542145,0.053604573,0.055113498,0.056791015,0.050647825,0.04069625
0.032209307,0.037100207,0.04103062,0.04316206,0.04045821,0.04204968,0.044761617,0.044334017,0.045891553,0.048255797,0.049735725,0.053461187,0.054674838,0.056208782,0.05744966,0.057255324,0.060776807,0.062029533,0.060993843,0.063632764,0.06559477,0.070145346,0.077044114,0.07964677,0.078266956,0.08125405,0.083175465,0.08749185,0.09734471,0.10031423,0.10440454,0.108979836,0.110884264,0.11472533,0.12082645,0.12385753,0.12530705,0.12794371,0.13193688,0.13990414,0.14826989,0.1554085,0.15924032,0.1602427,0.16211069,0.15919387,0.15493985,0.1491564,0.1454312,0.1429392,0.14898834,0.15398978,0.14917828,0.14927842,0.13883321,0.1286464,0.12856123,0.12807454,0.12907508,0.12710345,0.12679604,0.12357443,0.11809847,0.11068107,0.101709,0.09309606,0.08477524,0.083932824,0.076435946,0.06710927,0.06404861,0.060140625,0.059782423,0.057788737,0.05326229,0.05104808,0.046591897,0.045611646,0.04653333,0.046351288,0.047155537,0.046032447,0.045781348,0.04390922,0.04401498,0.04016478,0.03210833
0.033088185,0.045419067,0.052815743,0.05131212,0.052416727,0.051171243,0.06003193,0.064588115,0.06974525,0.07271199,0.06665853,0.06854155,0.07286651,0.0754928,0.08339434,0.08857364,0.08971736,0.09149393,0.09152492,0.09259817,0.09050489,0.09096317,0.100193806,0.10921807,0.11191036,0.12195358,0.12173316,0.11977822,0.12863132,0.13289925,0.13338669,0.14022471,0.14180295,0.14990306,0.15282977,0.15846372,0.16414715,0.1601229,0.1726902,0.17227988,0.17677921,0.1836093,0.18081309,0.18467478,0.18287706,0.17690645,0.17874327,0.17739852,0.17647164,0.17668861,0.17538819,0.17454654,0.16956988,0.16747944,0.16412039,0.1528637,0.14952274,0.14095223,0.13577953,0.13315746,0.12548915,0.11889242,0.106116645,0.102618836,0.09755994,0.09793286,0.0972764,0.08970226,0.08871366,0.08145341,0.07721736,0.07469048,0.07157242,0.071412995,0.06703515,0.07584192,0.077129014,0.07807516,0.07482537,0.065066494,0.06364492,0.06364229,0.06523932,0.06948085,0.07065042,0.06293959,0.053515058
0.02987385,0.04034094,0.045575947,0.04676721,0.047585726,0.044784017,0.044060443,0.04298992,0.045720123,0.046765476,0.047901098,0.04973376,0.04964187,0.053651594,0.060647912,0.06428349,0.06755023,0.071022846,0.071418695,0.070872985,0.07742088,0.08377318,0.08744066,0.09164912,0.09811576,0.09785429,0.10724032,0.11462299,0.11629643,0.12048501,0.12482159,0.13377872,0.13921751,0.14598233,0.15112188,0.14911266,0.15670173,0.15937461,0.1689937,0.17508616,0.18149062,0.19214888,0.19315003,0.20006296,0.20452437,0.20520318,0.19639939,0.19503269,0.1872669,0.17933393,0.1862276,0.18493772,0.17472653,0.17787492,0.16673627,0.15493259,0.15531825,0.15251213,0.14545336,0.14398879,0.13905352,0.12283085,0.12007302,0.10709827,0.09848524,0.091611795,0.08989069,0.0917094,0.08786917,0.082378276,0.078296214,0.07834781,0.09195769,0.09455059,0.099260874,0.0951281,0.08229589,0.08353142,0.08661763,0.09342515,0.100058906,0.09864199,0.099093944,0.091922976,0.090203196,0.081369184,0.060431045
0.0448114,0.05438553,0.062072888,0.06251669,0.061271507,0.06867101,0.06922361,0.07209129,0.069695234,0.07129121,0.075710006,0.07806558,0.08652929,0.086867735,0.09330802,0.09675351,0.09799946,0.10369363,0.1145139,0.12215207,0.12451572,0.12327027,0.11722103,0.1175906,0.12276638,0.13426891,0.13819142,0.13811468,0.14123116,0.14120445,0.1519638,0.16696571,0.17349467,0.17482607,0.17081302,0.16757084,0.16643827,0.1682288,0.18143222,0.18444653,0.18476436,0.18658052,0.1837554,0.1836265,0.18392281,0.18785287,0.18013678,0.18006022,0.18218106,0.17842421,0.17809318,0.17954256,0.1703377,0.16301264,0.16299702,0.14391802,0.14118254,0.14018892,0.12703548,0.12537797,0.12414517,0.11159939,0.10519912,0.10456364,0.09634983,0.090790726,0.089742154,0.08206605,0.076750636,0.07835861,0.074226886,0.073116146,0.07410739,0.07207658,0.069510005,0.06915831,0.06926271,0.068576336,0.06747955,0.06454403,0.062592894,0.06355151,0.071389966,0.07121772,0.07031005,0.06298665,0.0448651
0.03843889,0.05056472,0.05693451,0.06172799,0.0635593,0.062694766,0.06542087,0.06413558,0.07067227,0.07382337,0.073690325,0.077384666,0.07938481,0.087263085,0.0931496,0.09744652,0.093828626,0.09419227,0.098809175,0.09875414,0.1059027,0.109357804,0.114059746,0.12001426,0.12710783,0.13545468,0.13710044,0.13967456,0.14347577,0.14320946,0.14745389,0.15712258,0.16241802,0.17119734,0.17603415,0.178413,0.17886879,0.1894205,0.19400404,0.19764999,0.20811337,0.19590914,0.20319436,0.20687665,0.19903788,0.20194097,0.199305,0.1875521,0.18888181,0.18701036,0.18677068,0.19249631,0.18910958,0.18914275,0.17633937,0.1659491,0.15562,0.14968784,0.14525662,0.13701047,0.1297321,0.11666132,0.10727075,0.10234228,0.097981595,0.09299977,0.08532696,0.086426325,0.08357357,0.081278615,0.082371116,0.07894727,0.08546535,0.083157495,0.08326385,0.079794385,0.08017065,0.08624028,0.08276236,0.08606771,0.08295321,0.077471055,0.082408,0.08508945,0.086151056,0.078212686,0.06541583
0.044783685,0.056827135,0.06373622,0.06759776,0.06663316,0.0657456,0.07148231,0.07500432,0.076764174,0.0834108,0.08632921,0.08593169,0.08836241,0.09119128,0.095203176,0.10114262,0.107945226,0.11010776,0.10936632,0.11737629,0.11143865,0.116914056,0.12232005,0.119044006,0.12486522,0.12948899,0.1324063,0.13326423,0.1426916,0.14317992,0.15479848,0.16067903,0.16632353,0.17163132,0.17421381,0.18792763,0.19557013,0.20156017,0.20990746,0.21338306,0.21026886,0.21487215,0.20267092,0.1986935,0.19729134,0.19825123,0.19508605,0.18491805,0.18729256,0.17303255,0.18218641,0.1830715,0.17273629,0.17589334,0.16490123,0.16014701,0.16241397,0.14935349,0.14637943,0.14091794,0.12332076,0.11816411,0.10692665,0.094296515,0.09008832,0.08224837,0.07762573,0.077648185,0.07702714,0.0786786,0.08351583,0.08523586,0.087598704,0.09136544,0.087057926,0.09024759,0.0929501,0.08680939,0.08728889,0.08350465,0.0777436,0.07808432,0.08378305,0.08393816,0.09021518,0.082885124,0.0654381
0.04096768,0.04921342,0.06104431,0.061201032,0.066424266,0.06959153,0.074298486,0.07505961,0.07587901,0.08185681,0.0857183,0.09086171,0.09165911,0.08864661,0.08366595,0.08699591,0.096083365,0.10786227,0.113002956,0.11094409,0.11656714,0.123997025,0.12758204,0.13941643,0.14564207,0.14131686,0.14662443,0.14629464,0.1516054,0.16131361,0.1648142,0.17377293,0.17308758,0.17553517,0.17860334,0.18319304,0.18173261,0.182524,0.18696314,0.18574116,0.19381218,0.19895202,0.18760271,0.19412191,0.1985712,0.19560131,0.20458613,0.19543879,0.18291183,0.17949048,0.17814146,0.17522791,0.17135894,0.16990411,0.16665886,0.1547171,0.15436053,0.14130698,0.12786478,0.12581258,0.114108056,0.11417794,0.114295974,0.1094428,0.10427329,0.09389684,0.08499923,0.09047575,0.08945429,0.08778275,0.09222294,0.089390635,0.088800654,0.08568622,0.07749309,0.06982092,0.07084823,0.075153925,0.07774195,0.079667054,0.07902969,0.07322258,0.069128044,0.06609175,0.06324064,0.058296133,0.049678456
0.047251754,0.05983353,0.077127635,0.0855925,0.08773347,0.098030604,0.094821475,0.09151687,0.09475153,0.09346495,0.097700626,0.10316975,0.10741617,0.10201433,0.1036301,0.105758004,0.108047806,0.11063772,0.11466083,0.11409517,0.122372605,0.13027947,0.13959333,0.14873469,0.14615393,0.14734842,0.14984131,0.14619718,0.14883971,0.15194675,0.15789284,0.16027096,0.16540308,0.17758633,0.16589673,0.17258373,0.17639945,0.17899102,0.19423304,0.19237326,0.1904285,0.18586244,0.18561152,0.19398141,0.20111096,0.20140949,0.20032531,0.19196886,0.18329939,0.1863629,0.19095922,0.20090927,0.19947271,0.1929744,0.1727328,0.15591246,0.14894266,0.1360391,0.12894076,0.12153966,0.11233357,0.10313011,0.10272931,0.09573436,0.08969084,0.087401696,0.079038076,0.07388363,0.06837705,0.067772925,0.073627114,0.071748964,0.07326821,0.069918066,0.06908342,0.073509485,0.076321244,0.07804401,0.07910438,0.079468034,0.07933949,0.079334304,0.07515766,0.07263787,0.071186036,0.06348078,0.052732438
0.04194907,0.06082833,0.07274378,0.077550255,0.082466796,0.08091396,0.087066524,0.093880266,0.09070884,0.09201434,0.09364052,0.09509941,0.098190896,0.09850348,0.096701436,0.097107954,0.10839202,0.11596549,0.12535621,0.12872668,0.13282217,0.13407117,0.13801336,0.14367661,0.13868256,0.1392951,0.14200862,0.14102632,0.14620882,0.15098736,0.14723994,0.14711174,0.15079835,0.15811735,0.16255756,0.17539231,0.17271216,0.16906342,0.17322072,0.17940897,0.1941815,0.20372805,0.21596387,0.21253456,0.20886676,0.20475538,0.19312437,0.19481677,0.19022718,0.1871531,0.19460782,0.18564202,0.18487693,0.17775072,0.15687063,0.14969398,0.13891481,0.13774344,0.1301179,0.11778123,0.10968601,0.09991848,0.10001887,0.098915905,0.099173926,0.09422176,0.08708723,0.08942739,0.08541155,0.08654091,0.08706311,0.081983104,0.07900238,0.08413912,0.08636694,0.08419831,0.08725462,0.08778611,0.084012195,0.09082359,0.086471744,0.07998879,0.08451302,0.08062769,0.08500387,0.07635863,0.061702404
0.037684422,0.04534628,0.053002488,0.051319115,0.054439694,0.05654933,0.057246707,0.059776768,0.06044257,0.06440016,0.06957834,0.070806734,0.07509374,0.0818051,0.0822648,0.08924093,0.092896834,0.08951823,0.09818359,0.10093049,0.10140931,0.10760369,0.1113706,0.10836892,0.115178846,0.12690824,0.12697147,0.13187204,0.13817382,0.13282448,0.13405079,0.14360438,0.15231843,0.15850374,0.16526544,0.17185234,0.16821724,0.17357242,0.1874951,0.19459778,0.19802895,0.21161611,0.2093648,0.20327458,0.20836018,0.19696999,0.1957405,0.19476835,0.19864927,0.19126044,0.1865841,0.18414444,0.16365503,0.16888896,0.162335,0.15430316,0.15185654,0.13500912,0.12312545,0.11653295,0.11103557,0.111127175,0.10883302,0.103805296,0.09693289,0.08669709,0.0797052,0.07466785,0.07532771,0.07713183,0.08020492,0.08910673,0.09296657,0.0928231,0.094976515,0.08747396,0.09350729,0.094409086,0.09244144,0.100370996,0.095867746,0.099973366,0.09840428,0.09872195,0.105487585,0.09693037,0.08762455
0.022610266,0.026432108,0.030385805,0.032325182,0.031853348,0.03349068,0.03545134,0.035115447,0.03450724,0.035915647,0.034838248,0.03612366,0.035832245,0.034568388,0.03584692,0.037141133,0.03975544,0.040353514,0.04261785,0.042474493,0.041278873,0.044230457,0.044178393,0.045892734,0.049999464,0.049610514,0.050127957,0.049279656,0.04804069,0.04948003,0.053336978,0.055061035,0.056172214,0.060967598,0.06150288,0.06554771,0.06627648,0.0684087,0.073292844,0.07306507,0.0751785,0.07459478,0.07257653,0.077874884,0.085043125,0.087418586,0.08874591,0.087362595,0.08373729,0.08888119,0.09461829,0.10126633,0.10521489,0.1011237,0.10112445,0.096661896,0.09686591,0.10254063,0.107242145,0.10958554,0.10799871,0.10644489,0.10290158,0.104838856,0.10972658,0.10925888,0.10739695,0.103021055,0.09963105,0.09869834,0.09133051,0.08940361,0.08319285,0.075153425,0.08271686,0.08357816,0.08451638,0.08549084,0.084742725,0.08005765,0.077070065,0.07615818,0.06711537,0.06491314,0.06266353,0.05325728,0.04326451
0.02582523,0.030376717,0.03527791,0.035082128,0.034809034,0.037191007,0.03823623,0.038097754,0.041133754,0.04112421,0.042362187,0.044898365,0.04353632,0.046710044,0.0496027,0.05161283,0.051953726,0.049250636,0.046276953,0.044334736,0.045594018,0.050106626,0.052603178,0.054527435,0.055682477,0.056355447,0.05858623,0.060080267,0.059978995,0.061128706,0.06433076,0.067271575,0.07039065,0.07197643,0.07240004,0.07564434,0.07761327,0.07982295,0.08625937,0.090942584,0.09263223,0.099360205,0.096929386,0.09403946,0.094943896,0.089726165,0.096255206,0.09666237,0.09869233,0.10326343,0.09758679,0.10871499,0.11161966,0.11323606,0.11666327,0.108445175,0.10908884,0.10522471,0.10260309,0.10095131,0.09911207,0.09818417,0.10666226,0.11133437,0.11021376,0.109773666,0.103252,0.101765715,0.10338318,0.10227866,0.10113818,0.09563471,0.08928753,0.091353856,0.08794559,0.09005466,0.08905068,0.08686001,0.08333478,0.07484052,0.073248886,0.06865922,0.07034494,0.07032634,0.071191594,0.06190753,0.048068907
0.024104485,0.03095299,0.03454188,0.03412493,0.03533485,0.036383674,0.037392944,0.038731482,0.038765173,0.0374722,0.03765568,0.039221294,0.0409888,0.044476297,0.046135023,0.044256482,0.04369322,0.040983602,0.040545158,0.04396225,0.047577187,0.048067432,0.048966236,0.046211917,0.046548795,0.049831603,0.050595168,0.053986385,0.053796507,0.05621798,0.05753422,0.06214975,0.066283494,0.06780465,0.06950452,0.06922515,0.067815445,0.067037754,0.06862687,0.06938927,0.077962354,0.08371458,0.08999528,0.0934389,0.0889612,0.088293016,0.08617625,0.09282813,0.09904032,0.09994659,0.10221231,0.097575895,0.09778263,0.09827942,0.10477842,0.106078,0.10494138,0.11179017,0.10633197,0.11120359,0.119027026,0.114416,0.114297196,0.106745265,0.09692321,0.104824655,0.102231175,0.10532231,0.10242177,0.095436215,0.09513954,0.09296338,0.09438974,0.08683784,0.087581456,0.08195336,0.077802315,0.07761114,0.0732108,0.072022155,0.07045949,0.066970624,0.06466229,0.06232402,0.06094326,0.05348112,0.042537328
0.034184337,0.04039057,0.045860834,0.046035707,0.04769726,0.04830267,0.052007053,0.05223264,0.054735202,0.062419306,0.06278798,0.06588145,0.06596747,0.06375947,0.065388456,0.063473634,0.06512664,0.06436711,0.06337793,0.0651873,0.06454124,0.06771445,0.06950479,0.07391765,0.076242976,0.078063324,0.08150302,0.08237256,0.08434092,0.08328792,0.0845811,0.09002251,0.096451946,0.100628465,0.10165445,0.099218264,0.09903795,0.10263185,0.11189227,0.11968509,0.12473579,0.12992638,0.12991542,0.13199745,0.12730652,0.12586752,0.12600386,0.1294812,0.14285322,0.14299363,0.14242625,0.13707644,0.13532388,0.13788734,0.13899244,0.13602832,0.12791839,0.13692957,0.14213309,0.15027088,0.15224938,0.13943847,0.13441105,0.12650265,0.122163676,0.12446916,0.1176064,0.11547186,0.110216595,0.10715644,0.10792814,0.10532694,0.10243911,0.09779194,0.09207496,0.08734603,0.08690889,0.08158935,0.08015186,0.07904044,0.07394893,0.068252236,0.06606486,0.062081896,0.05911187,0.05410043,0.040046815
0.036657322,0.04473792,0.053859435,0.051170744,0.053385988,0.054220036,0.05225721,0.05488381,0.054351386,0.057123613,0.061158136,0.06426676,0.06539147,0.06560322,0.065332964,0.06456325,0.06761685,0.07157872,0.074564375,0.076156795,0.07733486,0.07524307,0.07549784,0.073151276,0.07444547,0.07773335,0.08297122,0.08469239,0.08830738,0.08492457,0.08418859,0.091686286,0.09896454,0.10605572,0.11122853,0.116301656,0.11500468,0.12126325,0.11941048,0.11899356,0.12086845,0.123046264,0.13166067,0.13765392,0.14762287,0.14766403,0.15344372,0.16010636,0.15718052,0.15912886,0.15264079,0.14753705,0.1458145,0.1528699,0.15324414,0.1565011,0.15727289,0.14540015,0.14933288,0.14846027,0.1480561,0.1546408,0.14481838,0.1381146,0.13165961,0.12729642,0.13031921,0.12774679,0.1288806,0.12768677,0.12973748,0.12371584,0.120394565,0.11268367,0.10077747,0.09894722,0.094747715,0.08977636,0.089757144,0.090514176,0.08528249,0.08235271,0.07782885,0.069017865,0.06462663,0.057016842,0.044358894
0.028889898,0.036278993,0.045178566,0.04574387,0.04762485,0.050180875,0.051628023,0.053759266,0.060231216,0.06052515,0.062170748,0.06153773,0.05978873,0.060901076,0.06084935,0.061029304,0.062030755,0.063064,0.06419492,0.06692319,0.07162509,0.07198765,0.07386128,0.073689654,0.07402604,0.081132196,0.083965324,0.08914615,0.08839443,0.084754296,0.086398095,0.09164621,0.09762925,0.10914489,0.1163526,0.11843076,0.12162444,0.12026605,0.12212845,0.12326181,0.12662968,0.12536307,0.13196777,0.142566,0.14102611,0.14800535,0.14704289,0.14292322,0.14829925,0.1522676,0.15203482,0.14706196,0.14711463,0.14335693,0.13897121,0.14861919,0.148692,0.15666245,0.15626499,0.1516889,0.14818837,0.13580686,0.13740316,0.13514003,0.13949795,0.14107926,0.14290884,0.14038867,0.130654,0.12724198,0.11260838,0.111196086,0.10757671,0.101074085,0.1075833,0.09878691,0.0934958,0.08790611,0.08309098,0.08183396,0.081818804,0.07792537,0.068545386,0.064888164,0.06176909,0.054929636,0.04601537
0.037697606,0.045227095,0.051140215,0.048045725,0.050120723,0.052323893,0.05296831,0.055129793,0.05521604,0.054553702,0.056546826,0.05566794,0.056935865,0.062287167,0.06321501,0.06617774,0.06878544,0.06633047,0.0666388,0.06811894,0.07111278,0.07519444,0.08017575,0.08049081,0.083997324,0.087898195,0.088545054,0.09347316,0.09480007,0.09164089,0.09452857,0.10117646,0.10798151,0.11579703,0.11913844,0.1205716,0.1213867,0.11810717,0.12158047,0.13312419,0.13699251,0.14660567,0.15329725,0.15124896,0.16265966,0.16517442,0.16717356,0.17031325,0.1686699,0.17343192,0.1754134,0.1693543,0.16960087,0.16357024,0.15964232,0.16488846,0.157948,0.15256858,0.15213072,0.1448157,0.13663284,0.1417763,0.13874291,0.1366349,0.13958134,0.13658667,0.13005039,0.12739806,0.11941611,0.11086635,0.107981,0.102104425,0.10297331,0.09655902,0.09061556,0.08538595,0.076865174,0.08149707,0.08400874,0.083709605,0.080812305,0.072215386,0.06483644,0.061811097,0.0607722,0.052211586,0.04049731
0.03545409,0.041912656,0.04791251,0.054223534,0.051912196,0.054561306,0.05713374,0.053501282,0.054745954,0.058486104,0.06136628,0.06190102,0.06664199,0.06789317,0.07119133,0.07631288,0.0765482,0.07438663,0.07395566,0.07499327,0.07308019,0.076893106,0.07349121,0.07811462,0.08392071,0.0846745,0.08890119,0.08875831,0.09136792,0.093776144,0.09976176,0.103294745,0.109708354,0.11360805,0.11357623,0.11464314,0.11956302,0.123194925,0.124053374,0.12801696,0.1337809,0.13535118,0.15120429,0.15706033,0.15744588,0.16221383,0.15176322,0.16093741,0.16096304,0.16098613,0.16396831,0.1634309,0.16410409,0.17310391,0.18689603,0.18624283,0.18869251,0.18400353,0.17088796,0.16549811,0.16380185,0.16005656,0.1621403,0.15982169,0.1506784,0.14590122,0.1353644,0.12507594,0.11933911,0.11305921,0.11334726,0.11714085,0.116760485,0.117136315,0.110310175,0.09867078,0.09895517,0.08975255,0.09052579,0.09086826,0.08172082,0.08137833,0.07442595,0.06783766,0.06473869,0.053587478,0.04361319
0.034279123,0.040630944,0.04655942,0.05004276,0.052750602,0.056457993,0.05693687,0.056324016,0.056035627,0.05434703,0.058783635,0.06521313,0.06552587,0.06973406,0.06953491,0.070229,0.0740159,0.07925722,0.082696036,0.081216216,0.082878575,0.08281833,0.08344954,0.088449724,0.09261978,0.09974475,0.10291531,0.103063576,0.10895014,0.10581846,0.113520056,0.116472535,0.12294681,0.12580991,0.12418791,0.12921433,0.13522704,0.1388392,0.14915016,0.15976189,0.15872364,0.16166262,0.16190109,0.15780592,0.16414392,0.1715421,0.17356732,0.18030074,0.18156196,0.18506879,0.18119374,0.18204185,0.1802652,0.17294325,0.17939596,0.16549084,0.15913138,0.16147882,0.1553716,0.16320203,0.16586693,0.15908916,0.15645719,0.15375136,0.14450367,0.1398061,0.13119584,0.12282969,0.116177075,0.115073346,0.11495467,0.10874234,0.10611688,0.10044638,0.09269098,0.08942891,0.083372645,0.079571344,0.07448374,0.069636516,0.06892502,0.06007463,0.06071523,0.061708618,0.059613492,0.0559542,0.04720211
0.03761183,0.045533743,0.051209062,0.0515015,0.052551102,0.055433594,0.05864014,0.060311522,0.062299427,0.062125992,0.062185723,0.06728167,0.065102346,0.06737119,0.0707412,0.071099035,0.07720257,0.07779385,0.08152484,0.083691135,0.08560804,0.09370863,0.09450617,0.096625306,0.097695455,0.093835674,0.10174678,0.102157205,0.103687204,0.10962917,0.11075958,0.11361991,0.119505726,0.118879534,0.12054428,0.12497965,0.13112997,0.1374669,0.14364357,0.14940256,0.15196055,0.1620127,0.16447692,0.16283248,0.16237132,0.15273345,0.14695252,0.15040413,0.15368696,0.16308364,0.17273478,0.17841195,0.18512046,0.18291594,0.18082613,0.17838977,0.16393697,0.15398492,0.14498617,0.14307538,0.14669648,0.14855283,0.14902699,0.14203265,0.13662544,0.13072994,0.12286899,0.11613994,0.112718135,0.11167398,0.10878061,0.105504036,0.09931985,0.09959499,0.09636605,0.09160375,0.089045875,0.08574418,0.08414558,0.08155711,0.081682846,0.07491278,0.073128566,0.07013092,0.06256653,0.05385652,0.04041216
0.03580533,0.045274273,0.05693378,0.061447594,0.066868976,0.06840097,0.07203783,0.07209556,0.07159568,0.07294377,0.071802884,0.07700163,0.07699503,0.08302846,0.08399931,0.08402433,0.08529476,0.08067681,0.08958859,0.09094665,0.09408912,0.10009823,0.09812361,0.09807164,0.099496916,0.10892594,0.11039614,0.11769931,0.123439565,0.119013004,0.122484736,0.12191247,0.1273335,0.13159075,0.13731757,0.14013,0.14891137,0.15782163,0.16371389,0.17661521,0.17402194,0.17349912,0.18007866,0.17158298,0.17700568,0.1832111,0.18006654,0.18911265,0.18673159,0.18389657,0.18975128,0.19030952,0.1928318,0.19508123,0.1866238,0.17699394,0.1653173,0.15117796,0.14799957,0.15581952,0.16355106,0.1677858,0.16362253,0.14883113,0.13987291,0.12968016,0.13202319,0.132566,0.12637779,0.122529574,0.1080784,0.10206232,0.09957352,0.095637515,0.09489352,0.09377493,0.089190766,0.08903507,0.08676232,0.08364166,0.084727496,0.085966416,0.08362842,0.078078955,0.07478485,0.0625836,0.048376836
0.037804987,0.04631177,0.055678807,0.0587876,0.05854345,0.062148903,0.06476139,0.067240946,0.068651356,0.069188476,0.068177275,0.07183241,0.07601348,0.07760583,0.079548046,0.08248404,0.08443494,0.08542821,0.08538328,0.087196626,0.09081149,0.09863003,0.10407485,0.10983494,0.11447087,0.11364587,0.117649294,0.11829609,0.11762594,0.12382028,0.12633376,0.12461425,0.13379557,0.13234633,0.1387977,0.15011725,0.15750344,0.17053235,0.1726286,0.17694318,0.18215778,0.1808668,0.1885951,0.19388689,0.19090866,0.19866785,0.20042968,0.2053074,0.20517556,0.20181134,0.19873534,0.19209708,0.18645842,0.18223573,0.18401366,0.17612939,0.17760085,0.17270765,0.15868115,0.15686718,0.15964036,0.15841518,0.15479062,0.15028502,0.13633086,0.13031353,0.1311038,0.12638563,0.11888691,0.112479314,0.10310267,0.09765177,0.10198558,0.09829071,0.09652385,0.09410345,0.09257836,0.089491725,0.088668555,0.0871571,0.07683661,0.07396298,0.07270744,0.073915266,0.075072676,0.06962796,0.059760053
0.03219457,0.041631576,0.04671757,0.046655737,0.048523992,0.044649478,0.047720797,0.05208874,0.051700145,0.05573838,0.0589847,0.05931475,0.061780773,0.06539066,0.061775226,0.06305114,0.065846935,0.06777839,0.07025144,0.07257064,0.07099784,0.07110256,0.07736875,0.07917291,0.08325485,0.08951746,0.09117749,0.09500913,0.097192824,0.09847414,0.10199227,0.10561055,0.11520552,0.123146296,0.12528154,0.13209179,0.1351242,0.13257681,0.1435585,0.15062593,0.15745136,0.17295994,0.17346396,0.17632449,0.17936519,0.17535162,0.17968312,0.17634521,0.16729404,0.16314587,0.16616118,0.16651346,0.1783138,0.1771051,0.16372173,0.16267912,0.15175453,0.1545786,0.1545745,0.15039706,0.14469425,0.13513014,0.13227443,0.12571087,0.12218341,0.116396025,0.10934563,0.10052823,0.08963537,0.07816037,0.0705753,0.060689438,0.055812333,0.052905772,0.048193336,0.049093634,0.04852494,0.04993343,0.047334466,0.046718616,0.044658616,0.04191471,0.04217509,0.041854884,0.041649096,0.03710395,0.0306452
0.042848144,0.053809673,0.06234251,0.065187715,0.06435351,0.062812716,0.06801853,0.07081428,0.07447809,0.07698693,0.07545154,0.07753512,0.07892977,0.08227588,0.090923816,0.093384705,0.094833896,0.09588264,0.091239646,0.09740503,0.105421156,0.11423184,0.12007245,0.12784512,0.12586066,0.12889431,0.13252163,0.12642151,0.13474455,0.13548914,0.14551026,0.14715093,0.15044549,0.1520643,0.1599256,0.16024204,0.16514893,0.1731217,0.16590443,0.18320392,0.19044536,0.19261903,0.19764695,0.19587184,0.19481143,0.19816664,0.19483905,0.19230339,0.18129562,0.17639181,0.185106,0.18466355,0.1925825,0.19001745,0.17821868,0.17611772,0.16360682,0.15949038,0.16349111,0.15760928,0.16272692,0.15447749,0.14508887,0.1494778,0.13921747,0.14119056,0.13307089,0.116553776,0.11201595,0.103351146,0.098617725,0.093820766,0.08947291,0.08705203,0.08637521,0.079438165,0.080448635,0.08013769,0.07998123,0.08561658,0.0836769,0.08128262,0.07813845,0.07613611,0.075755596,0.06705042,0.05636677
0.03708468,0.047395024,0.055391423,0.056219146,0.060086306,0.06367387,0.07118141,0.074177,0.07704117,0.08329997,0.081558146,0.081967905,0.083741575,0.07873445,0.0813798,0.08580517,0.08795476,0.097249135,0.10164398,0.106196135,0.11330394,0.11528848,0.113064304,0.11292629,0.110000096,0.10684532,0.11920193,0.12471497,0.12629308,0.14297524,0.14671086,0.15149975,0.1610505,0.16065356,0.16990036,0.17489776,0.18108691,0.18474106,0.17935106,0.18440704,0.19078669,0.18649878,0.19618954,0.19422314,0.18584432,0.1882401,0.18285017,0.1867228,0.1979147,0.21193764,0.21443841,0.2034231,0.1932306,0.1704648,0.17047037,0.1784533,0.17876063,0.1824061,0.17091392,0.16534157,0.15495741,0.150048,0.14356756,0.13153836,0.13238329,0.13192998,0.12768859,0.1263429,0.12013272,0.108230494,0.10464205,0.10190947,0.095318586,0.09588566,0.09111145,0.088758305,0.08499019,0.08040651,0.080631875,0.0788967,0.07700534,0.071025535,0.066626534,0.063695274,0.06297918,0.05795777,0.050659165
0.04283561,0.05571879,0.06393962,0.06349269,0.065595776,0.06513528,0.06910589,0.07380957,0.07649717,0.0780944,0.08602718,0.087246165,0.09003877,0.09190586,0.09010407,0.09757029,0.100891955,0.10540136,0.11067711,0.10757389,0.10717984,0.10949232,0.109413534,0.115006596,0.12833025,0.13124011,0.13727754,0.14404626,0.14095172,0.15404838,0.15759484,0.16295172,0.1708593,0.17000839,0.17510417,0.18089761,0.18267678,0.18056609,0.17850809,0.17244592,0.17686611,0.18098143,0.18620567,0.18768208,0.18742442,0.18719348,0.18980214,0.19566123,0.19692059,0.20395988,0.19876833,0.2017299,0.19385561,0.18863948,0.18737172,0.18157552,0.18254451,0.17899542,0.1739868,0.1602647,0.15611736,0.14940946,0.14198372,0.14495748,0.13794342,0.12590966,0.12599437,0.11289789,0.107411765,0.10083034,0.09264661,0.09151525,0.08775716,0.09473614,0.09033781,0.08743765,0.0829549,0.07651301,0.08311151,0.08305261,0.08042651,0.08124384,0.074973285,0.07132494,0.06974028,0.059496127,0.04560888
0.045479607,0.056179944,0.06906772,0.071230926,0.072491944,0.074482664,0.071467414,0.07386554,0.07982923,0.08490911,0.08784786,0.0883877,0.08950287,0.08900921,0.09284685,0.09361454,0.09618645,0.09506159,0.09975142,0.10186004,0.1067325,0.1195377,0.12010322,0.124243215,0.12816364,0.12883723,0.13883719,0.14489956,0.14373474,0.14959899,0.15315117,0.15699965,0.16422784,0.16682652,0.16544206,0.17066091,0.1782616,0.18089879,0.19044615,0.1922774,0.19188088,0.2011157,0.2108963,0.21896407,0.2187706,0.21602432,0.2113231,0.19972391,0.20197955,0.1956331,0.18891172,0.1945625,0.18539864,0.17839552,0.16415446,0.16223884,0.15205003,0.1419993,0.13971733,0.12147906,0.13015343,0.14389814,0.14173818,0.1406817,0.13638003,0.12132161,0.11671608,0.10739438,0.09361384,0.08668329,0.081034385,0.0775779,0.07692175,0.07377292,0.075133525,0.07677975,0.07391364,0.074738376,0.06937324,0.06297998,0.061129022,0.058878466,0.05642619,0.060845207,0.06413883,0.05799077,0.05192054
0.051743243,0.059500534,0.06961798,0.07038305,0.07062716,0.07347053,0.07344556,0.071743585,0.07620862,0.08353962,0.088985875,0.096139885,0.10198656,0.10717132,0.10881856,0.11118743,0.10985606,0.10780243,0.1135863,0.12059737,0.12256037,0.12815882,0.12743784,0.13430417,0.144366,0.14482377,0.15666033,0.15296438,0.15336797,0.15586598,0.15685903,0.16833727,0.16983327,0.17681688,0.17841804,0.18005899,0.19146435,0.19497079,0.1963737,0.19690742,0.19146265,0.18804635,0.1991216,0.20534138,0.20461611,0.21591657,0.20528698,0.2026393,0.20746355,0.20490298,0.20552601,0.1954702,0.18850335,0.1844836,0.1825875,0.1905052,0.19184613,0.18396851,0.18208781,0.1679265,0.15855823,0.15568478,0.14521927,0.1389469,0.1333248,0.12453958,0.12410874,0.11702547,0.1105818,0.1037881,0.09191007,0.09774473,0.099571206,0.09734437,0.09850437,0.08982948,0.089712,0.090236686,0.08742786,0.0918713,0.09787175,0.09728638,0.10101461,0.103995025,0.09871429,0.088538244,0.07469341
0.035247456,0.047975983,0.054134503,0.05425178,0.05858181,0.05889595,0.06146991,0.0648073,0.0627859,0.06378137,0.06588295,0.07071884,0.075938165,0.07688426,0.080843315,0.081335574,0.08030216,0.08322878,0.084523134,0.08831101,0.09246959,0.095725164,0.09851081,0.100641586,0.115720116,0.13267492,0.13987254,0.14313483,0.14682391,0.14569618,0.14834915,0.15703852,0.1546895,0.15946735,0.1627851,0.16885191,0.18013573,0.18081115,0.19008568,0.19264635,0.1897689,0.19076733,0.19097823,0.1890349,0.19118573,0.19277218,0.20056859,0.2023124,0.20392673,0.21058042,0.2030702,0.19601122,0.19048157,0.18281133,0.17806937,0.17645085,0.16710088,0.15637296,0.14866772,0.14316417,0.13889328,0.12820333,0.11229115,0.09861036,0.08594647,0.07660211,0.069941215,0.06411342,0.06292672,0.059214246,0.05989392,0.060126837,0.057119094,0.05610514,0.050638475,0.04899491,0.050172396,0.0511022,0.052269522,0.05687101,0.057898372,0.06624011,0.07120631,0.06880696,0.066998504,0.053912748,0.03981607
0.062060177,0.076422855,0.09208417,0.09598158,0.095735505,0.096562855,0.09174683,0.08524459,0.08703621,0.091423005,0.09730501,0.10722892,0.10892811,0.10842762,0.1093786,0.10794561,0.11431649,0.11500761,0.12361051,0.12923771,0.12862599,0.13444936,0.13920844,0.1433313,0.15538463,0.15519522,0.15960467,0.16460547,0.16453831,0.17384538,0.18283533,0.18077157,0.18474512,0.18651882,0.18026589,0.18536629,0.18746856,0.18856993,0.19681685,0.19744381,0.19742782,0.20157206,0.19169247,0.1930899,0.20030056,0.19842073,0.2028436,0.20564629,0.19761232,0.19799769,0.1926609,0.1890791,0.17850742,0.17343898,0.17514215,0.1685503,0.17367175,0.16250613,0.1519391,0.14582175,0.13761221,0.1469063,0.14262931,0.14052516,0.1410911,0.12686269,0.12169998,0.113017276,0.099975675,0.091464974,0.08718552,0.08491437,0.07990867,0.08035483,0.077572055,0.07331545,0.07726036,0.0815394,0.08351562,0.08628102,0.08500009,0.08573079,0.0854677,0.0858124,0.08578268,0.07323755,0.06203833
0.053696565,0.0636373,0.074640356,0.07331381,0.0732861,0.07494513,0.07902172,0.087034374,0.08862095,0.09253417,0.09426164,0.090887055,0.09536463,0.09923501,0.102684215,0.10732069,0.113810726,0.116596386,0.11648882,0.11663738,0.12408632,0.12287673,0.12849922,0.13629636,0.13096315,0.14951119,0.15600571,0.16689195,0.17149183,0.17229638,0.17493008,0.1764042,0.17712714,0.18160404,0.19188166,0.1912725,0.19905342,0.20063055,0.19690666,0.19569527,0.19394778,0.19733553,0.18179889,0.17934462,0.18159883,0.17698614,0.19110493,0.19813119,0.20139313,0.20288013,0.2063107,0.19588844,0.18934774,0.18275866,0.17121083,0.17403764,0.16741696,0.16199315,0.16301343,0.15997788,0.14820462,0.14153036,0.12880608,0.117899045,0.11737057,0.10902959,0.11488674,0.11015886,0.1099057,0.10503522,0.09397888,0.09210192,0.08711011,0.08738127,0.08723898,0.09163896,0.09401078,0.09192137,0.091734774,0.08673717,0.08652833,0.08523172,0.08549518,0.09434181,0.09866781,0.09098179,0.07650361
0.05870421,0.07385281,0.08033421,0.08299163,0.085902646,0.08478889,0.09536073,0.09363407,0.09693934,0.10137972,0.098659635,0.10139879,0.09913338,0.09939111,0.105440296,0.11092331,0.11107633,0.11576996,0.12069409,0.12308727,0.13462287,0.13737291,0.14159031,0.14677772,0.14634022,0.1516336,0.15125255,0.16715877,0.16778377,0.17055704,0.172818,0.16850986,0.17883442,0.18122815,0.18790683,0.18120387,0.17811406,0.1777389,0.18380779,0.19308978,0.20133355,0.21069942,0.21829632,0.2180635,0.21902151,0.20997056,0.2006123,0.1989377,0.19982944,0.20131753,0.19745438,0.19713096,0.18431406,0.18696986,0.18018916,0.1798924,0.17826498,0.16801691,0.16574463,0.1586749,0.15404724,0.15249242,0.14629476,0.14043888,0.13843016,0.13049829,0.1245181,0.114085585,0.10070467,0.09999071,0.10370978,0.10026045,0.10497148,0.09662186,0.088882625,0.09106171,0.084351726,0.0883707,0.0865454,0.08454772,0.08356312,0.08037692,0.08055951,0.08378026,0.083180316,0.074430116,0.06321644
0.044600364,0.05431095,0.060283396,0.06078925,0.06199803,0.064163804,0.06931021,0.06908638,0.06829646,0.06902974,0.07285147,0.0789933,0.08199089,0.08403379,0.08141801,0.08077037,0.085509315,0.092975974,0.09463484,0.09743419,0.09988498,0.0966802,0.100889765,0.10002811,0.10343449,0.11063315,0.11895412,0.13338837,0.14638588,0.14888155,0.14954187,0.14671165,0.14516605,0.14788133,0.15037893,0.15483318,0.15728638,0.17013694,0.1744626,0.18407984,0.19158903,0.18188079,0.19266099,0.19776854,0.1931482,0.2082704,0.20703778,0.20102678,0.20458798,0.19706948,0.1980578,0.19702649,0.19429994,0.19492474,0.18562403,0.17985141,0.17651387,0.16804542,0.15481098,0.14768666,0.14220698,0.13352147,0.13727929,0.13215725,0.12187667,0.11510164,0.10656219,0.104230925,0.09715269,0.10198148,0.103075296,0.09602748,0.09451483,0.08809642,0.0887401,0.093471564,0.09264199,0.09302624,0.08780471,0.0879421,0.08821316,0.09198041,0.09545088,0.09971057,0.104807615,0.09183144,0.07869681
0.01595067,0.02027952,0.024264207,0.025314383,0.025615918,0.025705218,0.02550593,0.024997162,0.025738876,0.025703171,0.027391579,0.027823694,0.029274607,0.03021901,0.031104658,0.034901343,0.03538626,0.036323883,0.0368904,0.034354366,0.034066364,0.0361095,0.035099063,0.037319176,0.038831946,0.037640147,0.03896152,0.039188273,0.03940396,0.042120982,0.04386691,0.044127055,0.04876645,0.05120949,0.052788988,0.054382812,0.051154323,0.05355645,0.05459142,0.055405416,0.063118696,0.059981417,0.059760936,0.066337675,0.06576789,0.06744592,0.07178464,0.06990904,0.066881746,0.064656414,0.065148644,0.06307975,0.062455405,0.06468674,0.066310585,0.06735583,0.07276238,0.07620057,0.07457439,0.07681175,0.075071424,0.07610041,0.0737082,0.072683804,0.07059721,0.06561751,0.06377997,0.061259862,0.058828924,0.057061266,0.060433634,0.061327256,0.065988965,0.069595195,0.0661992,0.064370856,0.058217607,0.056393877,0.055208236,0.05088347,0.051000703,0.046269134,0.045964856,0.049102258,0.04966081,0.045499083,0.03839527
0.014310583,0.019585514,0.023227168,0.025450727,0.025823053,0.025482558,0.02599341,0.025952114,0.028068885,0.03034655,0.03132986,0.031585395,0.032374963,0.031243753,0.031024782,0.033935394,0.035077818,0.03630988,0.03848394,0.03790982,0.037470534,0.03919332,0.037981603,0.040746387,0.041780625,0.041693505,0.04327764,0.04393274,0.04578969,0.047320034,0.049262613,0.04851576,0.04899127,0.051197063,0.056693226,0.06051766,0.06397269,0.066481754,0.07187063,0.07964215,0.08379122,0.08381263,0.08053522,0.0747631,0.06962221,0.07120551,0.07495425,0.0796197,0.08362485,0.08543295,0.08199092,0.08115454,0.07951524,0.080197036,0.08009066,0.076406986,0.08000471,0.07981103,0.081380345,0.08691138,0.09449259,0.092933394,0.09426656,0.095305964,0.08435942,0.08375383,0.0810146,0.076152846,0.07847785,0.076396294,0.07452326,0.07190231,0.06779236,0.06940084,0.07073239,0.07075552,0.069114596,0.06694469,0.06441496,0.059247356,0.056193735,0.055787068,0.05162404,0.051304244,0.050419413,0.040910777,0.03351137
0.013188052,0.01663812,0.020204188,0.020748332,0.021879308,0.023064451,0.023720546,0.025107611,0.026904661,0.0270213,0.027055372,0.02693993,0.026324593,0.026619257,0.031918466,0.033346772,0.035492256,0.03598758,0.031955615,0.032231547,0.031920925,0.032860506,0.034209196,0.03715067,0.038726013,0.040345,0.042191334,0.04042755,0.042104498,0.04385005,0.04301417,0.046391662,0.046409734,0.04901285,0.052320063,0.056867346,0.060731377,0.05939746,0.061837345,0.05949532,0.05873761,0.06321048,0.0650777,0.06915447,0.07270131,0.07574556,0.078873776,0.079408355,0.08070498,0.08609073,0.09008311,0.09415619,0.096949674,0.09560459,0.09529013,0.09676772,0.098977014,0.09718993,0.09896247,0.096117586,0.09602466,0.09647149,0.10102943,0.101104595,0.09581056,0.094455704,0.08696987,0.08283933,0.0826202,0.08126704,0.073734984,0.076134086,0.07455134,0.07054551,0.07294039,0.066199996,0.0660163,0.065240726,0.06280586,0.06375866,0.058639813,0.061863564,0.059764978,0.06195712,0.062038954,0.051766198,0.04257883
0.01967707,0.026169598,0.030172722,0.030570887,0.030159617,0.02863945,0.028419362,0.02817635,0.02915021,0.031055786,0.032094683,0.03358403,0.03518258,0.036889393,0.036121517,0.035896722,0.03554005,0.03377978,0.036402676,0.03760808,0.03958313,0.041270684,0.04248437,0.04381161,0.043778323,0.046420164,0.04896361,0.049320184,0.05057253,0.0488268,0.04683734,0.046295132,0.04647131,0.049135096,0.05760611,0.06239366,0.070282854,0.07403445,0.07228966,0.08218142,0.0821986,0.085012384,0.08413694,0.07771961,0.07880722,0.08318673,0.09724173,0.09930785,0.10134513,0.10049537,0.096642174,0.09861685,0.10262491,0.10581962,0.10212663,0.10341263,0.10401624,0.10267849,0.104911335,0.107624866,0.101673156,0.10346104,0.1017284,0.0994541,0.10067913,0.09866023,0.108437434,0.103312895,0.10080104,0.09439514,0.07885281,0.08258661,0.083447225,0.0828865,0.0826813,0.07755952,0.07484307,0.07702645,0.07424169,0.073186,0.06957316,0.061894424,0.05891084,0.054763258,0.052631777,0.04688499,0.038780965
0.020131364,0.026270244,0.029760055,0.030222123,0.029630812,0.028693672,0.030018188,0.03229388,0.03478288,0.035532635,0.036993522,0.036668908,0.037051965,0.036893908,0.03608611,0.0369914,0.039434057,0.04137511,0.043689143,0.04547492,0.044376004,0.04631452,0.044933107,0.047420904,0.04870006,0.052640256,0.05521919,0.056382902,0.060209684,0.064772174,0.06632824,0.06558638,0.064368166,0.06336679,0.067846976,0.06923486,0.07310775,0.07160106,0.06951944,0.08264213,0.08393731,0.085901804,0.09008993,0.08356764,0.090292215,0.09392809,0.09886217,0.10668069,0.10545825,0.10789043,0.107609905,0.104196586,0.101692274,0.108242534,0.10981931,0.11216963,0.11947572,0.11422372,0.116562575,0.11786524,0.11358283,0.11248084,0.109987505,0.101145126,0.099137686,0.09939104,0.10550867,0.108105645,0.10529419,0.098934844,0.08270709,0.07811826,0.0734791,0.07119102,0.07041254,0.0700644,0.07221032,0.07196328,0.06977022,0.06266357,0.0572757,0.054398477,0.051095624,0.050647825,0.047560994,0.039710347,0.03027221
0.018494038,0.025581961,0.02953587,0.032817982,0.032089762,0.030927928,0.032872844,0.031397883,0.032089453,0.032895908,0.031268954,0.031630997,0.0345789,0.03644041,0.038886778,0.040795386,0.041340787,0.041282907,0.043981314,0.04529975,0.045132093,0.048147686,0.04751408,0.048602246,0.051300917,0.051817637,0.05551566,0.058947373,0.06333865,0.06375686,0.06601357,0.066617705,0.065016694,0.067707546,0.070313714,0.0763919,0.08996516,0.09675949,0.1014676,0.105014935,0.10267974,0.10971735,0.11210643,0.1124359,0.11306912,0.109434426,0.108709954,0.11444722,0.11173898,0.118346944,0.12258592,0.120823145,0.1261268,0.12584127,0.12989034,0.13297981,0.13061412,0.12844336,0.122925185,0.118242726,0.11338249,0.1055544,0.10268176,0.1049088,0.111853816,0.11799915,0.11555614,0.10893935,0.103616096,0.09672751,0.09356173,0.08948333,0.087386385,0.08313716,0.07925396,0.07449382,0.06853427,0.06487372,0.06430365,0.06690732,0.064893626,0.060906585,0.05618006,0.049636003,0.04769672,0.0415639,0.033773568
0.020362971,0.026519619,0.0319983,0.032716077,0.03371874,0.035703085,0.036365513,0.03665382,0.03638822,0.03670003,0.035945863,0.03637428,0.037982203,0.038305018,0.040529322,0.04105165,0.045253873,0.04521082,0.045868378,0.046904553,0.045836616,0.046246246,0.047533613,0.05039935,0.050999973,0.054117694,0.057097506,0.059056178,0.060127556,0.06308341,0.06589688,0.06691638,0.070176415,0.07237661,0.07619926,0.07407393,0.081473775,0.08008298,0.08088701,0.08819706,0.09238192,0.09892639,0.100927904,0.10969555,0.11792745,0.12148529,0.13048992,0.12539563,0.11560919,0.12038769,0.120877296,0.1285034,0.13237524,0.13017723,0.122823484,0.12758315,0.1314579,0.13459982,0.14037946,0.1301141,0.123042315,0.116536275,0.11241228,0.110699676,0.10929433,0.108214796,0.102426484,0.1030185,0.10135756,0.09314047,0.090277076,0.0888511,0.08740967,0.08889808,0.08823683,0.08411913,0.079126105,0.08002763,0.076408066,0.073398195,0.07460916,0.06881628,0.06905536,0.06472667,0.0595605,0.05175431,0.037953924
0.020860948,0.024448581,0.02767785,0.028843893,0.027065286,0.027390461,0.027776591,0.027831074,0.029521825,0.03066344,0.033868935,0.03548503,0.035552666,0.037108265,0.03624079,0.03726269,0.0397005,0.040851887,0.042007804,0.042013228,0.042622793,0.042155743,0.043167464,0.04524522,0.046363655,0.048605826,0.050033044,0.054493606,0.0568155,0.058768384,0.06057277,0.05981077,0.066033214,0.06530018,0.06719877,0.07247301,0.071230784,0.074735045,0.076922596,0.08278076,0.09534489,0.10277695,0.10934179,0.11162213,0.11264542,0.116015084,0.12397474,0.13078782,0.12526368,0.12739277,0.12271311,0.12190031,0.12671494,0.1364086,0.14357601,0.14916413,0.15582311,0.15270363,0.14805785,0.138526,0.13847975,0.13429105,0.1339199,0.13073294,0.12107845,0.1159349,0.11321395,0.11368894,0.11590744,0.11754542,0.116616756,0.114525974,0.104813896,0.0963265,0.08957457,0.08786303,0.084312364,0.08042958,0.07919087,0.073863424,0.07269509,0.06922288,0.06300993,0.06025763,0.058793433,0.052797884,0.042501155
0.024810491,0.030948307,0.037713755,0.037549347,0.03685521,0.038010824,0.037369378,0.037003506,0.04015417,0.039759774,0.041633986,0.0443094,0.043896906,0.045671288,0.046962265,0.04953398,0.04937555,0.049227815,0.049588487,0.050903756,0.051811613,0.054788943,0.055719916,0.05341952,0.057658244,0.058672596,0.06127352,0.06314201,0.06447988,0.06864825,0.06975292,0.074152045,0.077726796,0.07936434,0.08002258,0.078294225,0.072779775,0.07322975,0.07873552,0.08158816,0.085219316,0.08932354,0.09294061,0.09578958,0.09882648,0.09643923,0.090129964,0.09219767,0.09295576,0.096034326,0.100134976,0.09529185,0.099531606,0.0951802,0.09656944,0.099303715,0.10386086,0.1056681,0.10542128,0.10809066,0.09911205,0.10364247,0.1002868,0.09908109,0.10327084,0.108033374,0.1087289,0.10790133,0.10607838,0.10150525,0.103388935,0.101661496,0.096774906,0.08848381,0.08377288,0.07780377,0.08019353,0.07864329,0.0758132,0.07760278,0.07005578,0.069734596,0.067553714,0.06866202,0.071459316,0.061943263,0.05290032
0.02242339,0.029411828,0.034382127,0.033644285,0.035133142,0.033981215,0.03340533,0.032889724,0.03202576,0.03269425,0.033886008,0.036921337,0.037352838,0.03911416,0.03916125,0.037055735,0.03779092,0.039991487,0.041090608,0.042406403,0.04444201,0.046344705,0.04738851,0.052873153,0.058191285,0.057550967,0.0590102,0.057742625,0.05527795,0.059052564,0.062267825,0.06473469,0.07202582,0.0758968,0.079769775,0.083246864,0.08322448,0.0844266,0.08891318,0.0924528,0.09990805,0.10655206,0.113732494,0.11696672,0.11785996,0.12926726,0.13416778,0.14258118,0.15154219,0.14384076,0.13986216,0.13614218,0.13379502,0.14511086,0.15277544,0.15757042,0.16349846,0.15676378,0.15119004,0.1451947,0.13362205,0.12913737,0.12612756,0.1235853,0.12562393,0.119105875,0.115952596,0.117863484,0.11576547,0.11308042,0.11427483,0.10596942,0.090171024,0.09017906,0.07779337,0.07643188,0.077949375,0.07817884,0.07488567,0.07562352,0.07357904,0.069672085,0.06626694,0.053133614,0.04880606,0.038459416,0.031061111
0.023839299,0.029420812,0.032979395,0.03490326,0.035722908,0.037401002,0.040152594,0.038680714,0.038558427,0.039707985,0.039229713,0.04469316,0.045437038,0.044953227,0.04792572,0.046402957,0.04881972,0.051617987,0.053990442,0.05568263,0.056823555,0.05790804,0.061904684,0.06674024,0.068345025,0.071431324,0.06616161,0.06396227,0.06614675,0.0660975,0.070482984,0.0762894,0.07763046,0.08162565,0.08673042,0.08898527,0.09416533,0.09675342,0.097940736,0.1003032,0.10101682,0.102251045,0.1089139,0.115941696,0.12742199,0.1320021,0.13451834,0.13499834,0.13679828,0.13588889,0.14040168,0.13885656,0.13201964,0.14030066,0.13390854,0.13426182,0.13741253,0.13243999,0.13710874,0.13044171,0.1288195,0.1206748,0.111768164,0.11178735,0.102536075,0.10017537,0.09449626,0.09644489,0.09041472,0.08469505,0.08176879,0.075014874,0.07792356,0.07855539,0.0762745,0.07102089,0.06681574,0.06470147,0.06053781,0.05707794,0.0508889,0.04816956,0.045358974,0.042915914,0.040181786,0.032878738,0.026147272
0.028681517,0.03326292,0.03908041,0.041684512,0.04135715,0.0441915,0.045099452,0.045924112,0.04825384,0.050507057,0.050905183,0.05105199,0.051162902,0.05096287,0.052789316,0.05317173,0.055886332,0.06120889,0.06462691,0.06477075,0.06520662,0.066547185,0.07199743,0.07669172,0.07760115,0.08193733,0.083404824,0.084622696,0.08868558,0.08432069,0.086737625,0.0926002,0.09710918,0.1043032,0.108569846,0.10928058,0.1123018,0.117594466,0.12002071,0.13548064,0.13811454,0.135676,0.14950392,0.15080126,0.16104065,0.17505528,0.18023098,0.18463759,0.18029103,0.17836763,0.17021263,0.16498838,0.16676097,0.16798468,0.16716477,0.16777515,0.16498393,0.15678453,0.15460542,0.15012817,0.15045206,0.1442999,0.14125626,0.13609312,0.12796308,0.1326213,0.122776166,0.114819326,0.11162305,0.09880713,0.096862726,0.09088361,0.09119512,0.08864021,0.0855661,0.08798295,0.08095505,0.080032,0.07784465,0.079963565,0.07902118,0.07761503,0.0736866,0.062689394,0.05739656,0.04722063,0.03774786
0.027928282,0.034523305,0.04009405,0.041928325,0.043948706,0.045403372,0.046434075,0.04762563,0.04959068,0.05108748,0.053411663,0.05489761,0.05381364,0.05464366,0.055846427,0.054676253,0.058081266,0.057381853,0.056405332,0.061260134,0.063273065,0.06966011,0.07752135,0.0803996,0.08237855,0.08137596,0.07913867,0.082528815,0.08412307,0.09391675,0.09775661,0.097060405,0.10319532,0.10300693,0.10692111,0.113611124,0.113781676,0.120871015,0.12974055,0.14019622,0.14404547,0.14687465,0.15095127,0.15852502,0.16652139,0.16633192,0.16652444,0.15506548,0.1508642,0.16804166,0.16719902,0.1702545,0.16832015,0.15773435,0.16308637,0.16451128,0.1734033,0.17145291,0.16829555,0.16742301,0.16398045,0.16172767,0.15569475,0.15051228,0.14483213,0.13709086,0.12802354,0.12450399,0.11865843,0.11476822,0.11662999,0.11202654,0.10806376,0.107099995,0.10859076,0.10964346,0.1013855,0.09487681,0.08565115,0.078056954,0.08013623,0.07962655,0.07793497,0.07469404,0.07152493,0.060794435,0.04691531
0.034279015,0.043356106,0.051621564,0.055414837,0.058824293,0.060666203,0.061047103,0.06551986,0.06462308,0.06130142,0.06387113,0.061080527,0.06433069,0.0694359,0.07015833,0.07401105,0.07378666,0.07490161,0.081931114,0.077570766,0.08187368,0.088251024,0.08704461,0.094077006,0.096834876,0.09318648,0.09391201,0.09458517,0.097228155,0.102107234,0.107586466,0.11544971,0.11756443,0.120088734,0.11940561,0.1267729,0.13403718,0.14129269,0.14947422,0.15061224,0.15914112,0.1654856,0.16838378,0.17106107,0.16746433,0.17213148,0.17335322,0.16737466,0.16909103,0.16507125,0.16792355,0.18373439,0.17532946,0.17707777,0.17335334,0.16270727,0.16787304,0.15793124,0.15643455,0.15762183,0.15251644,0.15118091,0.14973344,0.13720062,0.13640551,0.13399422,0.124653585,0.12301482,0.11224232,0.10602311,0.10184282,0.095896214,0.10001694,0.09813691,0.096847564,0.09385436,0.090177394,0.08656861,0.08169818,0.08029752,0.07438636,0.07025107,0.07056164,0.06940084,0.06995276,0.063860215,0.051156875
0.02476614,0.033239637,0.037172716,0.037622835,0.037049595,0.03482728,0.03562814,0.03723832,0.039710425,0.041232012,0.042287223,0.04235548,0.041976165,0.0414006,0.041626472,0.039364528,0.040131103,0.043011915,0.046201475,0.051038273,0.054119986,0.05321571,0.054726187,0.057532653,0.062001307,0.06825253,0.069859125,0.072384045,0.07632514,0.07964068,0.08859074,0.09176646,0.09536822,0.094652176,0.09625799,0.09955517,0.10954744,0.12115907,0.13029489,0.1405929,0.14138788,0.14681657,0.15093596,0.16523615,0.17047353,0.17258975,0.16831276,0.15121165,0.1547577,0.15208839,0.16037068,0.17030963,0.16552334,0.16969834,0.16301593,0.15466912,0.15655738,0.14998803,0.14775,0.15008336,0.14011195,0.13435662,0.1293806,0.12208998,0.116987735,0.1109717,0.10642561,0.09642718,0.097027026,0.09427754,0.08973772,0.08935386,0.07849999,0.079185806,0.07899789,0.07394828,0.076003075,0.06959905,0.06410833,0.061574467,0.054869596,0.053517025,0.05267267,0.050390784,0.04922914,0.04092461,0.031280745
0.030214027,0.039484292,0.048434965,0.05017588,0.05748633,0.055896956,0.057675257,0.06684657,0.06589303,0.073646836,0.077550866,0.07272979,0.07742577,0.07905567,0.07852419,0.07929546,0.080615856,0.076155774,0.0770264,0.08083082,0.08548089,0.093664385,0.09914735,0.10595655,0.11112782,0.114209175,0.120694324,0.118163005,0.12739763,0.13581443,0.1437798,0.14796928,0.14428112,0.14001955,0.13567878,0.14225827,0.14596456,0.15891136,0.1659664,0.17033654,0.17170767,0.16966395,0.17513153,0.18270817,0.18978305,0.189899,0.18968858,0.19041605,0.19149607,0.19622748,0.19007963,0.18702973,0.18901365,0.18303967,0.18811728,0.1775819,0.15826318,0.16084912,0.15223847,0.15091114,0.14932664,0.13141987,0.12473157,0.12118785,0.1200585,0.12099098,0.114863046,0.110151365,0.10320822,0.099627405,0.09146343,0.08554452,0.08684209,0.082780346,0.08080083,0.0805183,0.077559866,0.07498265,0.07583329,0.0749101,0.07461932,0.07150309,0.07060237,0.06797661,0.063908435,0.05743651,0.046800192
0.035492163,0.04264428,0.05014454,0.049906485,0.048140813,0.050287522,0.052247953,0.055082306,0.05844735,0.0608909,0.06857118,0.07269994,0.08091376,0.08241051,0.079781756,0.07905475,0.07271326,0.07220569,0.07510491,0.07835527,0.08810799,0.08896713,0.090720735,0.09003759,0.093552805,0.10154877,0.10707037,0.11179963,0.115053274,0.12396334,0.12244166,0.13078003,0.13525382,0.13680722,0.15176685,0.15478311,0.15630497,0.15827651,0.15967067,0.16240355,0.16928549,0.18344145,0.18685615,0.19516832,0.20132959,0.20460828,0.20887013,0.20745109,0.20877929,0.20364079,0.20222875,0.21119554,0.20207499,0.20018993,0.19061579,0.17417672,0.17111017,0.15478937,0.15567738,0.15111159,0.14505528,0.15589455,0.14403525,0.13786069,0.13534485,0.123011805,0.11733615,0.10903467,0.10370953,0.09178327,0.092684746,0.09433322,0.08914087,0.0864384,0.08363291,0.08138969,0.07819972,0.07991067,0.07704345,0.0728672,0.07563383,0.07329956,0.07297698,0.07537519,0.0700427,0.059263185,0.050093845
0.03595686,0.04248573,0.051943697,0.054381113,0.059291117,0.06101429,0.06284373,0.06191201,0.0665163,0.0715146,0.07264716,0.07825509,0.07855623,0.08010506,0.087243125,0.092006825,0.099666245,0.098243006,0.0958251,0.09161163,0.092106186,0.10071851,0.10130119,0.105143644,0.110262215,0.11478871,0.122335814,0.13163547,0.1332109,0.13533346,0.14678064,0.15241234,0.15449764,0.15910326,0.15475248,0.16524646,0.16792578,0.17121895,0.1840006,0.17996146,0.18922754,0.19642192,0.19614542,0.19945267,0.19096838,0.18461111,0.18615413,0.17824738,0.18632017,0.1937256,0.18901007,0.19300759,0.18199638,0.17207052,0.174849,0.17540613,0.17087418,0.15631413,0.13739532,0.1235664,0.12383628,0.13678023,0.13553126,0.12994967,0.12665,0.11665562,0.110056035,0.10283808,0.096098304,0.087806955,0.08077232,0.07716023,0.07624903,0.074280664,0.076552086,0.07589571,0.07472424,0.0748336,0.070216,0.06799182,0.06478564,0.073767245,0.07340984,0.070993155,0.07190099,0.05249614,0.04209553
0.03673062,0.04599342,0.05431631,0.056185946,0.055907033,0.05828522,0.057366844,0.056347534,0.060625326,0.063261636,0.06569759,0.07839208,0.0812615,0.08393151,0.08658693,0.081124865,0.082196124,0.082134016,0.09191106,0.09410784,0.09952808,0.103195935,0.1057462,0.11101687,0.112742,0.11235907,0.113342375,0.11803425,0.12223747,0.1309926,0.13543653,0.1362154,0.14300977,0.14443433,0.15752755,0.16269243,0.16972345,0.17496921,0.17006281,0.18284707,0.1946085,0.20972288,0.21425344,0.21070847,0.2087133,0.19870448,0.20656742,0.20897707,0.19683836,0.19579023,0.1937165,0.19317274,0.19395965,0.18825488,0.17337264,0.16616386,0.16331339,0.16037025,0.15529965,0.14988242,0.14641942,0.14407407,0.14723359,0.136865,0.12497317,0.11569343,0.1015228,0.09689096,0.088757254,0.08583225,0.08200448,0.07762185,0.07820345,0.07311746,0.06870897,0.07024536,0.06927199,0.06722328,0.06508109,0.060474902,0.062097624,0.064944126,0.06383436,0.0627901,0.060214214,0.049778704,0.040193774
0.035172347,0.045403805,0.056124303,0.058159936,0.05970872,0.062289856,0.06748526,0.0668692,0.07190786,0.07166775,0.07069239,0.07655362,0.07538398,0.07841957,0.08048016,0.08361278,0.09299752,0.09881219,0.10046018,0.103204966,0.102390505,0.103057824,0.10377017,0.10733244,0.107953794,0.11133839,0.11367167,0.12323785,0.12652212,0.12887584,0.1358116,0.13702734,0.14757833,0.15557803,0.1631036,0.16166477,0.17301388,0.18165785,0.18397741,0.18003283,0.18717398,0.18760821,0.19127737,0.20780373,0.19966297,0.20795022,0.20754041,0.20059311,0.19978318,0.19802524,0.1907767,0.18905622,0.18039002,0.15950371,0.15690368,0.15552288,0.14958008,0.1450832,0.13873434,0.13382822,0.13492644,0.13353266,0.12979974,0.11724267,0.103185356,0.094179265,0.08994683,0.08480268,0.081184864,0.07798337,0.07081291,0.06924657,0.06716809,0.06466976,0.06331541,0.058479875,0.057221506,0.05535466,0.054360934,0.05411149,0.05903318,0.057650026,0.05815483,0.05476187,0.04666515,0.040294196,0.029419811
0.036822382,0.043013778,0.0504772,0.056218702,0.055349275,0.05787415,0.057846807,0.05352484,0.05745622,0.058236618,0.062097117,0.06490963,0.065399885,0.07046436,0.06989425,0.0720151,0.075315826,0.07616873,0.076934874,0.08078981,0.08593178,0.08838187,0.09741428,0.10192816,0.10577921,0.11042181,0.11129449,0.11495589,0.116220616,0.12138135,0.13090828,0.14134434,0.14942321,0.15640868,0.16522579,0.17466988,0.18221612,0.19369358,0.19750907,0.20016767,0.2112366,0.20153973,0.20051089,0.20169136,0.19665578,0.20432337,0.20698012,0.20225234,0.19848517,0.19526534,0.19033124,0.18068326,0.17152599,0.16416587,0.15257128,0.14023814,0.12645298,0.111483455,0.11554116,0.11908529,0.11961156,0.116566055,0.09636942,0.086283006,0.08025219,0.078874305,0.07462019,0.07241958,0.06327898,0.05659716,0.05605526,0.052273236,0.05135925,0.04703362,0.043247156,0.041423116,0.041681666,0.042137373,0.040685937,0.0401736,0.048885774,0.04840319,0.04842245,0.048396137,0.038546775,0.03364147,0.027948331
0.036039215,0.044819683,0.05436354,0.054091945,0.06376446,0.06572791,0.06729758,0.068548575,0.062049106,0.066442944,0.066505045,0.07315816,0.07852621,0.0762711,0.078153074,0.08304366,0.08370528,0.09072825,0.0956745,0.09224732,0.099585935,0.09932164,0.10771671,0.11418814,0.11771506,0.12422849,0.12595885,0.13324209,0.13880876,0.1419834,0.14505757,0.14674982,0.14841571,0.15102142,0.16038826,0.16582482,0.17709902,0.19478485,0.19809651,0.20483533,0.20502563,0.2035505,0.20307009,0.20572056,0.20544676,0.20212461,0.20839724,0.20055951,0.1995931,0.1974617,0.18178475,0.17713079,0.16737834,0.16097973,0.16811824,0.16207288,0.15606917,0.14904408,0.14239737,0.14396778,0.13733593,0.13317907,0.11717177,0.10560183,0.10308127,0.09297218,0.09112601,0.088808976,0.08555521,0.08250521,0.0734721,0.06831142,0.064052604,0.056218747,0.058852922,0.05691854,0.061394095,0.065465115,0.062096387,0.061781663,0.061510712,0.05797266,0.057905987,0.056274563,0.049968287,0.043440882,0.03582714
0.04319224,0.05549634,0.06348135,0.06423858,0.06615972,0.06979249,0.06947499,0.06948325,0.07804463,0.07642886,0.08073325,0.084309325,0.08024959,0.08489691,0.093594216,0.100495085,0.10066886,0.102513745,0.103775635,0.10423218,0.11412775,0.12022772,0.121641256,0.12744182,0.13018046,0.13995455,0.1479465,0.15491767,0.15593778,0.15285105,0.15955923,0.16527238,0.17025729,0.16629192,0.16687033,0.16131686,0.1714031,0.18792711,0.18758094,0.19312072,0.19223785,0.19462672,0.19240996,0.18594043,0.19574885,0.19445181,0.20058993,0.20571622,0.19942458,0.20341128,0.2006229,0.19912638,0.18746778,0.18492652,0.17941453,0.17366417,0.16956742,0.147027,0.14038049,0.133933,0.12737116,0.123191915,0.1144813,0.10664832,0.10293567,0.09788052,0.09404791,0.08972668,0.083448716,0.07952385,0.074347846,0.0827602,0.09059553,0.0935623,0.09860781,0.09374651,0.097672574,0.09598358,0.09081463,0.08969416,0.07897079,0.07590261,0.0766822,0.07404298,0.07575255,0.067401,0.05748248
0.04223481,0.05035093,0.06000528,0.061877955,0.062484305,0.066553086,0.06869015,0.0706328,0.07671213,0.08053185,0.08073033,0.0822582,0.0803638,0.07691374,0.079809286,0.08281235,0.08730087,0.09674843,0.09558002,0.096940644,0.09746683,0.100779936,0.10616255,0.112742804,0.11797891,0.11871341,0.12831208,0.1299322,0.1351945,0.14160071,0.14387791,0.15008442,0.15064424,0.15854825,0.16477028,0.17487094,0.1815395,0.19160768,0.20283338,0.20263396,0.20734417,0.20402227,0.19317067,0.19741446,0.19496675,0.20006298,0.20744815,0.20143011,0.20450197,0.19596691,0.19785959,0.19512191,0.19258618,0.19846642,0.17954285,0.17675984,0.16425613,0.14405681,0.15448496,0.1443072,0.14539675,0.14487788,0.13183865,0.12930608,0.11966666,0.10731082,0.10428703,0.099199496,0.10211749,0.10413267,0.10046403,0.101307824,0.0904719,0.0832891,0.07917437,0.07539589,0.08290377,0.08013289,0.082242206,0.07886421,0.0721754,0.07448847,0.06303441,0.06384521,0.06332921,0.054242365,0.047403757
0.050208665,0.05807272,0.06773203,0.072713405,0.066425875,0.068260476,0.06964094,0.07328017,0.07293724,0.07301959,0.07259285,0.06668697,0.07338313,0.081677765,0.08227545,0.08839596,0.08840048,0.08809016,0.09587838,0.09425407,0.10743002,0.10847716,0.11198404,0.11590554,0.11587842,0.12643103,0.12721555,0.13208102,0.12541452,0.12320401,0.13425724,0.14778876,0.14771457,0.1488986,0.14642213,0.13826208,0.15303805,0.16413754,0.17095023,0.18067014,0.20253159,0.19860515,0.20036428,0.2057482,0.1968379,0.20207219,0.19701762,0.17957368,0.1662006,0.17528981,0.18275851,0.18506555,0.18133678,0.16537037,0.15562297,0.16379979,0.16360158,0.15776332,0.14851522,0.13277362,0.119271904,0.10821157,0.10343252,0.09580453,0.08747273,0.081169754,0.07016305,0.06372752,0.06301676,0.06259126,0.06094652,0.056824412,0.053150043,0.049337357,0.04992298,0.055674605,0.055791404,0.05852323,0.05741732,0.054865148,0.055159234,0.050169054,0.048965614,0.04960008,0.04842068,0.044649918,0.037713457
0.04428126,0.05344434,0.06270278,0.06402689,0.065978795,0.073762596,0.07688206,0.082197346,0.08734305,0.08437499,0.086437635,0.08695489,0.090660505,0.09360781,0.103300385,0.10739132,0.11258168,0.11373723,0.111619875,0.109461054,0.10963629,0.110773966,0.11219241,0.118854605,0.120131865,0.1329479,0.136321,0.13683353,0.14913028,0.14445974,0.15562116,0.1561657,0.16185835,0.17060108,0.16978602,0.1838629,0.18233517,0.18738018,0.18748158,0.18465236,0.18639517,0.17940956,0.19613649,0.20579506,0.20822625,0.21767893,0.2078662,0.20673877,0.20001283,0.19445807,0.19141993,0.18807665,0.1906097,0.19246654,0.19368789,0.17722456,0.17141806,0.16347308,0.15048866,0.15092841,0.14088456,0.12987141,0.12652512,0.12454683,0.117411725,0.11432802,0.10935742,0.09824699,0.09492606,0.09057959,0.08163585,0.07886732,0.079611175,0.07706579,0.07523922,0.076096475,0.07109614,0.06727997,0.06949918,0.06712401,0.06584412,0.063076,0.057504103,0.05734575,0.05797453,0.052875012,0.04427545
0.013486412,0.015830865,0.017838372,0.016597955,0.016478896,0.017200552,0.017178554,0.017478378,0.017905582,0.018801194,0.019365989,0.020242594,0.019099418,0.01867409,0.018834986,0.018149856,0.020275282,0.020759016,0.022964956,0.024656488,0.02579828,0.02631384,0.02502622,0.025879325,0.025099,0.026444355,0.027336022,0.02747015,0.028995093,0.03290334,0.034484144,0.03551399,0.036357246,0.032288216,0.03262732,0.031987984,0.03166347,0.034956723,0.0387671,0.042994812,0.04469659,0.045364466,0.042510603,0.044901736,0.049421605,0.055808466,0.061451953,0.06254674,0.06590846,0.06422897,0.064953804,0.06415423,0.063276686,0.061679073,0.05988372,0.06101005,0.05549415,0.055765644,0.052376047,0.049801867,0.051004745,0.049963847,0.049803935,0.047840945,0.045305237,0.04442694,0.04480845,0.043979377,0.043103304,0.04084131,0.038957346,0.036126476,0.035811286,0.033007357,0.032033723,0.03018905,0.026742766,0.024733549,0.019970456,0.021440273,0.021135367,0.020812277,0.019951724,0.017283611,0.015660595,0.013555518,0.011195815
0.018683914,0.02167929,0.024341565,0.023071514,0.024208352,0.02483786,0.026365297,0.026853789,0.026514515,0.026393034,0.026199685,0.024781553,0.02741262,0.03178096,0.032050956,0.033405643,0.035318624,0.050783955,0.05217531,0.05421711,0.05103696,0.032094326,0.028843552,0.024108961,0.026041254,0.026110781,0.028523983,0.028493783,0.031171573,0.033656128,0.033408508,0.04679232,0.060924698,0.059454504,0.058979794,0.051999066,0.033038955,0.03558909,0.03695506,0.034815393,0.03581403,0.03649167,0.03787467,0.037327584,0.042567912,0.043396413,0.04549358,0.051251203,0.050089147,0.059644762,0.064249,0.069745846,0.072338425,0.06744747,0.066349305,0.062207174,0.06308017,0.06298171,0.06367773,0.062656574,0.058451056,0.05768846,0.05480294,0.05860582,0.0633575,0.06341876,0.061234623,0.059281114,0.05813277,0.05782281,0.060487036,0.057502158,0.05510552,0.054347616,0.052475818,0.051611245,0.049879722,0.04848563,0.045720525,0.041914657,0.037351377,0.03512602,0.032820597,0.031899597,0.031122442,0.026279746,0.021848852
0.02027586,0.024569122,0.02999597,0.030578297,0.031580742,0.032828514,0.033878155,0.03489893,0.035802353,0.035874005,0.03482321,0.034826253,0.035369944,0.03506577,0.035951715,0.038016893,0.037759818,0.040886972,0.04188974,0.043892637,0.044959363,0.046777565,0.049759354,0.04886522,0.05037743,0.05091943,0.05083037,0.053769063,0.05759791,0.059756055,0.06106209,0.062329173,0.062237475,0.061547637,0.06567118,0.067037076,0.06916835,0.072847344,0.078495085,0.07971378,0.08380309,0.084840044,0.08642674,0.08994266,0.09301638,0.09956162,0.098795585,0.103021316,0.104537696,0.10192294,0.10948998,0.11303576,0.11351858,0.116414405,0.112404086,0.109191276,0.10561031,0.10589422,0.10499863,0.104655616,0.109503314,0.1072679,0.10195826,0.09846812,0.09212508,0.096053496,0.093993425,0.08939291,0.089972794,0.07921889,0.07695619,0.074285544,0.0670343,0.06422998,0.061385527,0.06162786,0.058176015,0.054826356,0.055543642,0.052036695,0.0513577,0.050220612,0.046813406,0.046480622,0.042580754,0.035217334,0.028949354
0.008727976,0.01151042,0.013082908,0.014413502,0.015061132,0.01524117,0.015751489,0.015991537,0.015893267,0.016355565,0.017371075,0.017148357,0.017693121,0.017861707,0.018341536,0.022645136,0.022556042,0.023213902,0.02318937,0.021314748,0.022553438,0.023196729,0.026027225,0.026586317,0.026672725,0.026965413,0.025961386,0.026444463,0.02705747,0.028637975,0.029170748,0.028234446,0.029328495,0.028278586,0.028550802,0.030533899,0.03276926,0.03501487,0.036637314,0.038188223,0.038613424,0.03852225,0.04227133,0.04524986,0.045876335,0.048884727,0.04843002,0.048214905,0.04895058,0.056748446,0.05735547,0.06455334,0.07031365,0.070947915,0.07082626,0.06897349,0.06545691,0.061712503,0.066530354,0.062427383,0.06218064,0.061466854,0.0593286,0.0661147,0.06840034,0.067144714,0.06610575,0.062655605,0.06128424,0.059722733,0.061969317,0.055716567,0.0508179,0.049547672,0.039526455,0.038710862,0.034609467,0.029356774,0.031463932,0.028918006,0.029114323,0.02851626,0.0225051,0.02015179,0.018938724,0.016147496,0.013154776
0.01422211,0.017989643,0.021087175,0.021627368,0.03771858,0.05306432,0.05804526,0.06959158,0.06856868,0.06900644,0.072436795,0.06630541,0.06346269,0.0587789,0.07530635,0.09059215,0.100387886,0.09821557,0.08280871,0.08531396,0.073166996,0.07325739,0.07077936,0.040076297,0.044890713,0.04271378,0.044729333,0.04735506,0.054101676,0.054596305,0.05706215,0.056488633,0.047233976,0.05221762,0.051086385,0.06318913,0.06497542,0.06667606,0.076605685,0.07973814,0.09290073,0.103116356,0.11227655,0.109778404,0.11401275,0.12443243,0.13362749,0.14198971,0.14512575,0.13475211,0.11709318,0.104851596,0.08592865,0.080878474,0.078571565,0.076923616,0.08039865,0.07629256,0.076046556,0.07599642,0.069216035,0.06702856,0.062841,0.060901243,0.06122819,0.05959482,0.054584682,0.050970096,0.04549844,0.04246901,0.04365303,0.043653626,0.043505125,0.043120854,0.042482078,0.041070193,0.039822243,0.03827652,0.036062576,0.034021016,0.03216947,0.02852322,0.026671382,0.025511082,0.02438425,0.022417538,0.018904775
0.012620654,0.016701786,0.020322932,0.02130256,0.022240805,0.023017822,0.022610461,0.022376133,0.023176905,0.023003833,0.02377366,0.025391834,0.0263344,0.026766144,0.027163226,0.028659683,0.028517859,0.027983513,0.029408107,0.029635966,0.029947849,0.030455856,0.03189879,0.033152793,0.03540852,0.039229818,0.039724763,0.041816596,0.04326173,0.04427301,0.04546141,0.04699778,0.04942444,0.051782425,0.055182204,0.056341894,0.058609653,0.06783323,0.06767598,0.06845113,0.07088926,0.06545198,0.06936367,0.07147989,0.08035225,0.07967639,0.087275036,0.09839026,0.096060365,0.109642334,0.12553503,0.12173907,0.13092533,0.12728564,0.109952025,0.105631545,0.087136365,0.07553676,0.065100186,0.062349,0.062837474,0.06413066,0.067425966,0.06943217,0.06615814,0.06275325,0.056891374,0.04832765,0.045852706,0.04068343,0.038860586,0.038090475,0.036669094,0.038733795,0.038618594,0.03787104,0.036313426,0.031367533,0.027359145,0.025125394,0.024237717,0.024918383,0.02642254,0.025308339,0.027396781,0.024148658,0.019409968
0.0159615,0.019681916,0.023571067,0.024728244,0.023713175,0.024404686,0.024504123,0.026401954,0.027794663,0.028083712,0.028812008,0.027397323,0.028419605,0.02828877,0.02931872,0.029954927,0.028678002,0.03191418,0.0343464,0.035255607,0.036254313,0.036794644,0.034833457,0.03711275,0.038470443,0.038527682,0.043892648,0.04551934,0.05167255,0.05494232,0.053814754,0.053457044,0.05227044,0.05200435,0.05274385,0.05448631,0.054046717,0.062295828,0.06417849,0.06977322,0.07211364,0.073953025,0.07741571,0.08376863,0.088493764,0.09040614,0.09646411,0.09522235,0.09839188,0.10602639,0.116613835,0.11918136,0.123851284,0.12356438,0.120153144,0.12276294,0.1195227,0.11648817,0.111862205,0.10803893,0.102874815,0.10064225,0.09675021,0.09381365,0.09409011,0.08559456,0.078842625,0.07513877,0.06872779,0.068047315,0.0679387,0.060535293,0.056785837,0.050624564,0.04128774,0.03785201,0.037415642,0.036369503,0.03557533,0.03582723,0.03190834,0.030336816,0.03197056,0.028770009,0.029403133,0.027021402,0.0195356
0.02213735,0.024046194,0.049746048,0.05072091,0.06785831,0.07882705,0.07215989,0.07116875,0.05419754,0.036646627,0.023098255,0.02257129,0.018341353,0.017188516,0.017033817,0.01767333,0.017255077,0.018139344,0.018186541,0.018335778,0.019071527,0.018323665,0.019582612,0.034620367,0.03596572,0.037637074,0.03777282,0.026360733,0.02685593,0.027883265,0.029114334,0.03114188,0.031865332,0.03168581,0.0349597,0.036010772,0.04005338,0.04260835,0.04458432,0.04560616,0.05160813,0.055210486,0.0574949,0.06041317,0.057091184,0.060668062,0.060970817,0.061614066,0.07447314,0.08252307,0.087592475,0.09074739,0.08664929,0.076351374,0.07368999,0.071633875,0.07039659,0.07319544,0.07241095,0.079330094,0.07673236,0.07773318,0.07740046,0.07564525,0.08467891,0.080608234,0.07953254,0.07450608,0.05722694,0.05695518,0.05130329,0.04256824,0.0497824,0.05042184,0.048801318,0.047840964,0.037424013,0.02842092,0.026028601,0.024858491,0.02390223,0.023741292,0.023671934,0.02321599,0.036706604,0.034982007,0.03339637
0.04062279,0.05518417,0.0674136,0.060290556,0.06383011,0.063033104,0.05726954,0.07208696,0.096851185,0.0966158,0.09531039,0.09173248,0.062868305,0.05424944,0.05018403,0.03400971,0.028376142,0.026142763,0.030861266,0.03794413,0.038569704,0.044266313,0.044437386,0.040170632,0.065650575,0.06731633,0.07364477,0.09245243,0.08319785,0.0926971,0.09638183,0.09027516,0.08743381,0.08157234,0.075031236,0.08047722,0.10489126,0.10724726,0.10577548,0.093229145,0.063576445,0.05191598,0.051140938,0.0477637,0.04722892,0.047554206,0.05002549,0.05696073,0.06439698,0.06700422,0.07135681,0.0787188,0.07761349,0.0853481,0.1038097,0.09834392,0.10374873,0.10571203,0.08848914,0.090342395,0.08038648,0.06620378,0.057222415,0.047706265,0.044020295,0.046752173,0.047252916,0.04576274,0.043122936,0.035889823,0.030916572,0.029647734,0.028541796,0.026412107,0.027700437,0.031711552,0.03294379,0.036946412,0.03562926,0.03171594,0.0308181,0.027627297,0.03136037,0.05294526,0.058788076,0.05693199,0.05351472
0.012903708,0.01554459,0.019003812,0.020227928,0.020626536,0.02140231,0.020632138,0.019775532,0.019607818,0.01961508,0.02173001,0.025976097,0.026727207,0.027986825,0.027421923,0.02615649,0.028148787,0.029900832,0.03185106,0.031594846,0.030724322,0.030553149,0.031282187,0.031618897,0.036595415,0.03690885,0.03744109,0.03873162,0.03741805,0.042814888,0.04436075,0.046298973,0.049612306,0.049119413,0.050760303,0.05282526,0.050544742,0.050331928,0.052220855,0.061585963,0.06792567,0.0772392,0.0859841,0.08702293,0.09816285,0.102410406,0.10378883,0.11264127,0.119572036,0.11964742,0.12137561,0.11837087,0.10783439,0.109346494,0.112889975,0.10960799,0.10881054,0.10437404,0.10046029,0.10128294,0.104051895,0.105758175,0.10086898,0.09821822,0.08619753,0.07388912,0.06519829,0.053201422,0.051332276,0.04885446,0.04662977,0.042967305,0.04156015,0.04045093,0.038888723,0.041242253,0.03725068,0.0350419,0.03184552,0.027556337,0.026459957,0.026318464,0.024461385,0.022334373,0.022032999,0.018873192,0.016279016
0.028375635,0.03296444,0.044281848,0.04199508,0.037819404,0.035672676,0.022462398,0.03256664,0.032334704,0.033294942,0.033370186,0.02578376,0.026207805,0.025816185,0.028281191,0.04284309,0.046294346,0.048110124,0.049496356,0.043070305,0.040927157,0.04290359,0.0430148,0.03965025,0.041128106,0.041026987,0.044151,0.04886371,0.049894024,0.05368379,0.055431765,0.06452204,0.07123332,0.07594275,0.07921856,0.07647111,0.079956055,0.08232512,0.08635048,0.09892599,0.10399492,0.108904585,0.11642089,0.118449405,0.116914935,0.12002398,0.12362517,0.118675806,0.1315351,0.132578,0.12942344,0.13122208,0.123412944,0.12353321,0.12609608,0.12706834,0.12995163,0.12269432,0.11304963,0.10693061,0.09352932,0.09515074,0.08899368,0.08212798,0.07454531,0.06327873,0.059804346,0.056511175,0.05334673,0.048410095,0.04910458,0.042743586,0.041608166,0.04750712,0.04571782,0.046038263,0.045356337,0.03507505,0.031058295,0.030641707,0.029882891,0.029679473,0.029657463,0.027563514,0.0266077,0.023770291,0.01866268
0.015501355,0.017640041,0.018867718,0.021135742,0.025328506,0.058426056,0.08459257,0.08746098,0.08968997,0.075948045,0.059644833,0.082169,0.093254685,0.101353854,0.10393541,0.09442672,0.09334437,0.08643965,0.079633325,0.076780155,0.064288266,0.07739344,0.08087494,0.086604305,0.08537359,0.06913089,0.05799926,0.06425042,0.062255707,0.062463,0.06350554,0.03430155,0.03115997,0.02961489,0.03362401,0.039921764,0.041439135,0.04267722,0.04123716,0.03560314,0.043764915,0.052168384,0.05539935,0.060046986,0.061419923,0.085187525,0.10075107,0.10935384,0.11955652,0.11386105,0.11846254,0.12640998,0.122312486,0.11739567,0.100625664,0.07805105,0.06311474,0.04659708,0.038765803,0.032001816,0.02985631,0.029772291,0.0264309,0.026182989,0.025081694,0.021576166,0.019064203,0.016412716,0.015823463,0.014202332,0.013264751,0.013089996,0.013059719,0.012989194,0.012957126,0.012552414,0.014050769,0.013773892,0.014631754,0.015395141,0.017454628,0.019991104,0.021558018,0.052276976,0.07336846,0.07355104,0.072629325
0.02309126,0.027363228,0.031980883,0.03789217,0.037375625,0.04034834,0.045863274,0.045564845,0.045574848,0.04779931,0.045154605,0.042441845,0.04291199,0.04200136,0.04154929,0.044607747,0.046376705,0.049734477,0.052182555,0.05352818,0.053409815,0.05076698,0.052748036,0.055574387,0.058997966,0.062014278,0.06186686,0.06480569,0.067986615,0.0710832,0.07751646,0.07820733,0.08151155,0.0820098,0.08696721,0.08954052,0.09397778,0.101411976,0.10312417,0.10605993,0.10697225,0.11077223,0.113910794,0.12325483,0.1358417,0.14457658,0.1499704,0.16114132,0.15877639,0.15162893,0.15334128,0.14708805,0.14712258,0.14853142,0.1401198,0.13213702,0.12368555,0.11612144,0.11790927,0.11098348,0.10499264,0.09874042,0.08402834,0.0726171,0.06385768,0.06007441,0.057901397,0.05624206,0.055027593,0.051698893,0.046188194,0.046366002,0.042989727,0.03935016,0.047973115,0.041876704,0.04004764,0.03954761,0.02450036,0.025345303,0.025413217,0.023337057,0.02276652,0.021168727,0.020966318,0.019942222,0.016336618
0.016134769,0.018536398,0.02171791,0.021649918,0.023384945,0.024244146,0.024646861,0.024297608,0.03523943,0.03654923,0.036602832,0.036972657,0.024292415,0.022579225,0.022073412,0.02164275,0.023172334,0.023095416,0.023590641,0.026881399,0.028651055,0.02928244,0.030208668,0.030205227,0.030966891,0.032140218,0.032768466,0.036092218,0.03809975,0.044754826,0.0464086,0.048991464,0.052557264,0.0588114,0.062021825,0.06246407,0.06319518,0.06777219,0.071938366,0.077389106,0.08779446,0.0879627,0.0935913,0.09873242,0.09658566,0.101325996,0.111776695,0.11685861,0.11981244,0.11990358,0.11159724,0.10543549,0.10658275,0.10952656,0.11232102,0.10989,0.104991525,0.09727422,0.09288858,0.08979277,0.08671567,0.08732621,0.079546854,0.077640586,0.07338911,0.061371017,0.056804184,0.051557817,0.046000473,0.043430515,0.04385829,0.04110064,0.039986283,0.03685875,0.031043759,0.029282583,0.026730709,0.025529243,0.023401186,0.022803491,0.022655487,0.022199463,0.020961892,0.021038445,0.020213107,0.01832007,0.014411367
0.017398492,0.022328092,0.03182973,0.031450704,0.032836832,0.03233668,0.026174659,0.028980786,0.029487086,0.030552587,0.03194189,0.031693604,0.031656474,0.0329661,0.035350285,0.035934683,0.042480342,0.04724931,0.049448118,0.05508936,0.057737943,0.054769006,0.05802394,0.058327902,0.057638872,0.06501608,0.06595516,0.06603154,0.06850258,0.072318345,0.076498196,0.080967896,0.08353722,0.080312304,0.079368494,0.08489436,0.08730652,0.09202655,0.099526286,0.09644559,0.09927027,0.1083837,0.11247828,0.12313961,0.12862024,0.13707522,0.13966228,0.14671361,0.15190442,0.15797791,0.16289823,0.15949413,0.15817513,0.142487,0.13866116,0.13317873,0.13166301,0.13170375,0.12657334,0.12228842,0.11026566,0.10203782,0.09481464,0.08847672,0.083786555,0.07693642,0.06413154,0.05573192,0.048316132,0.046975534,0.044677738,0.039248604,0.038088348,0.034388747,0.03198839,0.030948253,0.027951196,0.031093683,0.03274911,0.033241764,0.034343943,0.049241357,0.0510814,0.050109256,0.048444394,0.026114978,0.013307997
0.009021814,0.010853919,0.012946188,0.015060484,0.016633803,0.018930703,0.019958667,0.02592874,0.032752845,0.047571994,0.05422898,0.054971717,0.051880214,0.039063282,0.030520162,0.023969822,0.02393496,0.024253909,0.02395065,0.024230832,0.023639716,0.023440504,0.02527632,0.027574008,0.028848669,0.030467007,0.032183476,0.03095162,0.033833034,0.034610067,0.034867898,0.03983963,0.042813495,0.04607357,0.051288534,0.05459056,0.058182243,0.060842372,0.06450423,0.06843866,0.07180749,0.08066735,0.0849594,0.09662041,0.10171437,0.108121,0.11228118,0.11457663,0.11908103,0.121500455,0.12512404,0.12418992,0.12585881,0.11819056,0.113844536,0.10965062,0.10885439,0.11353986,0.11077852,0.10763605,0.09586048,0.08367789,0.07914762,0.07289739,0.06671544,0.060830235,0.050926074,0.04114546,0.051993374,0.051834397,0.049713857,0.04870352,0.030866811,0.02539223,0.024119735,0.020105569,0.019504298,0.018820245,0.019061461,0.019680237,0.032214828,0.032080002,0.030917868,0.030379916,0.013777792,0.011786029,0.009602209
0.025486276,0.028875155,0.032088604,0.031653542,0.02755488,0.027547797,0.028862271,0.037329882,0.037777595,0.039684784,0.04308755,0.044852063,0.058480218,0.061123163,0.059163585,0.055134878,0.042550698,0.045779523,0.048915476,0.052292537,0.058739312,0.06333356,0.06640839,0.07222379,0.07124002,0.068848245,0.07583885,0.07831743,0.087517425,0.10080773,0.099693924,0.103812665,0.10689527,0.10521012,0.11060844,0.114851885,0.1174962,0.12237133,0.12724833,0.13672219,0.14812663,0.15261146,0.16227914,0.16640738,0.16806343,0.16712886,0.16634372,0.1631572,0.15481406,0.16639298,0.16085243,0.16017799,0.1638937,0.15175736,0.14532125,0.14552313,0.13146053,0.121347256,0.12213455,0.10453097,0.10362498,0.09943723,0.0923659,0.086417586,0.07988927,0.07057834,0.05958711,0.052816626,0.047071844,0.044724345,0.04068926,0.036586247,0.03634218,0.034478646,0.034613777,0.032699347,0.029283093,0.02995464,0.029253157,0.029449096,0.030150171,0.028344411,0.026963178,0.02579804,0.025856549,0.022753846,0.018069286
0.014772569,0.020673592,0.02914243,0.031489067,0.03457261,0.036431808,0.033857096,0.03626353,0.03420057,0.037315756,0.039518744,0.04231705,0.045652896,0.04308805,0.04474702,0.049023703,0.050913632,0.04942135,0.045147594,0.03444762,0.029452847,0.034435958,0.041333057,0.04197317,0.0401962,0.03611489,0.02955072,0.03194924,0.03511859,0.042212334,0.042945754,0.046042677,0.048887666,0.053280316,0.057026967,0.060217455,0.061072875,0.062284674,0.06570426,0.07007612,0.07814409,0.084263764,0.09278566,0.09990125,0.10592682,0.11388905,0.11659053,0.13190794,0.1354602,0.1389148,0.14718588,0.13550891,0.13447677,0.12763861,0.11550072,0.113807574,0.11086284,0.10141067,0.09602005,0.088470176,0.07984027,0.075794235,0.06679232,0.054396536,0.03987093,0.054459713,0.053097565,0.06452789,0.065492,0.058993828,0.06372483,0.052435,0.056992725,0.059620388,0.060662244,0.065765075,0.062310785,0.053989973,0.050552137,0.0628767,0.06086436,0.057128616,0.052511033,0.02258211,0.015090157,0.01389407,0.011994772
0.015360762,0.019158933,0.022251122,0.022711875,0.024996119,0.02645859,0.026667533,0.027143016,0.026596222,0.027062215,0.028329048,0.028958255,0.030056044,0.029514963,0.030157896,0.029985527,0.030414006,0.034843583,0.037688095,0.040620517,0.043641113,0.04212166,0.04341212,0.047168802,0.05086284,0.060789715,0.06467613,0.06864403,0.07172361,0.07543947,0.07652406,0.07865151,0.08281928,0.08371931,0.08554642,0.084079355,0.08398099,0.08146452,0.0885332,0.096056424,0.098377466,0.11215207,0.11645378,0.117766894,0.12549795,0.12606175,0.13810045,0.15279329,0.15335996,0.15121299,0.14430422,0.13294494,0.13210113,0.12956263,0.12813355,0.123092316,0.113715485,0.11039788,0.09571092,0.08776617,0.08102051,0.067426406,0.06384697,0.05581296,0.050833736,0.047862202,0.039747704,0.035190605,0.031760298,0.027241375,0.02567219,0.02398971,0.024505666,0.024558494,0.021949282,0.021728575,0.019440798,0.01759515,0.017418742,0.016490115,0.019295312,0.020180285,0.02096363,0.022013815,0.018998878,0.015841922,0.012483454
0.030025413,0.030542988,0.030968945,0.013456009,0.011306523,0.01164905,0.014604521,0.014803947,0.014170981,0.014345448,0.017076142,0.021740368,0.046589114,0.046704385,0.06002224,0.06298256,0.05048565,0.05148264,0.034887824,0.027497873,0.024152882,0.023674753,0.022723742,0.023531947,0.023352252,0.0248382,0.029412692,0.03384336,0.036022335,0.040653575,0.04287144,0.045823127,0.05779238,0.06139715,0.062373135,0.06664686,0.06007613,0.06031286,0.060531665,0.06547758,0.074373096,0.080146275,0.08747469,0.091353014,0.10350345,0.1103389,0.118873656,0.12278442,0.11575616,0.112895064,0.11385715,0.11657203,0.124612324,0.12924366,0.12462329,0.12434664,0.114066266,0.10742242,0.101106875,0.08531365,0.08000656,0.07385464,0.069362946,0.06671514,0.060123168,0.050586723,0.044895984,0.042271342,0.042935394,0.041143533,0.040584598,0.03573243,0.032664273,0.03252287,0.030747076,0.03181033,0.03221161,0.029868329,0.026664691,0.025296815,0.022526145,0.021786477,0.0212825,0.020005552,0.0194116,0.017505731,0.015062316
0.029442813,0.034449454,0.038470037,0.03867399,0.038882468,0.041843504,0.044336453,0.043138843,0.043655835,0.04415494,0.050784178,0.054276686,0.055643633,0.056257904,0.052193627,0.057834566,0.058338773,0.058803126,0.058244016,0.05720184,0.060316518,0.06584205,0.07135572,0.0716141,0.07555715,0.08095423,0.08843837,0.09798671,0.10377624,0.106281936,0.10989004,0.11652568,0.1164859,0.12158131,0.12796983,0.123073034,0.13419648,0.13633832,0.1382228,0.14633705,0.14605208,0.1566603,0.15621172,0.16444342,0.16570972,0.16390546,0.16299328,0.1567556,0.16215037,0.15166451,0.15607083,0.15578835,0.14589512,0.14425933,0.13455187,0.12794735,0.117012605,0.10828069,0.09461605,0.07283682,0.06352826,0.05745364,0.053524554,0.07321119,0.09983337,0.10061215,0.0997212,0.08320183,0.042614963,0.03456251,0.031253643,0.031960543,0.03633666,0.043379445,0.04393716,0.043660965,0.037814338,0.026671339,0.027008453,0.024380077,0.023653919,0.023324655,0.020565357,0.02110959,0.02102815,0.01869875,0.01583811
0.04796564,0.049691524,0.051655386,0.031744476,0.023053046,0.020744575,0.017854441,0.018412484,0.0181943,0.018158035,0.01806458,0.01852005,0.01911717,0.020581217,0.021272719,0.022748904,0.023950327,0.026928125,0.028592058,0.02975122,0.03264903,0.03706848,0.039218664,0.041565187,0.044370603,0.048422784,0.051573265,0.05242517,0.054719105,0.052926764,0.056827504,0.06237522,0.06646593,0.072662376,0.07732798,0.08769697,0.09853856,0.10331927,0.10383227,0.10183444,0.09705857,0.0968321,0.10137966,0.106305905,0.112318255,0.12719977,0.13436091,0.14359583,0.14417535,0.14018993,0.14552748,0.13680838,0.13968313,0.13773924,0.12523584,0.121322036,0.12223351,0.10686582,0.09501346,0.08243697,0.049170606,0.046176735,0.052525267,0.054563086,0.05094364,0.04589681,0.03308675,0.024305057,0.023557587,0.022570506,0.020688208,0.019232992,0.040241305,0.04588679,0.046174474,0.04599081,0.028082484,0.015248515,0.013666271,0.013432535,0.014036706,0.021309802,0.038666017,0.05694813,0.05764467,0.058818217,0.04865355
0.01538146,0.020269537,0.024388822,0.02465162,0.02529924,0.024712957,0.024053315,0.02559244,0.02747591,0.030402191,0.03214992,0.03250486,0.032954056,0.033425573,0.034300156,0.034830842,0.035378233,0.037771255,0.03976757,0.04203668,0.041859366,0.042872537,0.04429498,0.04532329,0.049320217,0.052276663,0.054808524,0.063296564,0.06580799,0.06821534,0.06993054,0.07264421,0.07575753,0.083899625,0.09076937,0.0956813,0.10384639,0.103583105,0.109471776,0.1146262,0.1203735,0.12716155,0.13288254,0.14261669,0.1528473,0.15955417,0.16532509,0.16553123,0.15764606,0.15748337,0.15042481,0.14728138,0.14641252,0.14156438,0.139964,0.13281952,0.12838583,0.11935742,0.11218186,0.10177565,0.09032308,0.07842686,0.06429909,0.05576096,0.0461389,0.041833457,0.03994207,0.034876484,0.033820488,0.034090966,0.029188726,0.027608246,0.025087794,0.02367405,0.02180798,0.02157683,0.02068567,0.019544406,0.020152804,0.020093879,0.023128638,0.025997624,0.02963088,0.029124863,0.026875507,0.022462929,0.014336458
0.017615924,0.021676712,0.025206514,0.025113013,0.02531435,0.0251538,0.024411596,0.024916802,0.02475529,0.026398938,0.028343704,0.029304404,0.033552557,0.035377096,0.03773996,0.040495377,0.03915635,0.040541418,0.04186554,0.046333715,0.04947911,0.054153793,0.059694767,0.060787313,0.06882678,0.07072585,0.07547191,0.079349525,0.07587253,0.07904144,0.07846486,0.085273124,0.093768455,0.10020486,0.11333257,0.11945771,0.1299469,0.13429359,0.13076803,0.13608499,0.13628952,0.13969156,0.15191868,0.16261299,0.16773117,0.1763726,0.17833255,0.1771886,0.18160324,0.17640331,0.17862448,0.17121617,0.15943857,0.16167106,0.15444942,0.15074201,0.14764167,0.13624494,0.12341491,0.11401087,0.11018679,0.10301739,0.09672008,0.09447013,0.08434448,0.08014928,0.07786154,0.069751576,0.0685385,0.0664368,0.06110045,0.058384545,0.06170379,0.05823944,0.06005664,0.059723325,0.052467138,0.050765786,0.045629326,0.0463277,0.046886854,0.044303205,0.049748648,0.053548094,0.052226555,0.04968205,0.03849049
0.028244818,0.044709016,0.051143397,0.054831985,0.05104625,0.03825946,0.031452548,0.023987953,0.018577004,0.018400483,0.016392767,0.016845278,0.017838333,0.019779775,0.02108217,0.021456128,0.024484728,0.026169699,0.028800687,0.031846683,0.034973234,0.04183493,0.046857752,0.0479398,0.04657599,0.041939355,0.037631206,0.03723756,0.038548853,0.04252793,0.045209244,0.04929988,0.053324476,0.058264524,0.06178396,0.06274152,0.0674155,0.07671534,0.08254679,0.09162897,0.10039336,0.101710744,0.111591905,0.12572744,0.137824,0.15210246,0.16153714,0.15820742,0.15601517,0.15258995,0.14748153,0.1507796,0.15208377,0.13950504,0.12920313,0.1100078,0.0839685,0.074467696,0.05888841,0.053159207,0.048332434,0.043377504,0.037364677,0.03216789,0.026887188,0.029722529,0.038481675,0.040379457,0.039300807,0.034453217,0.027372567,0.024518782,0.03909065,0.048203412,0.045187082,0.04400195,0.030904526,0.011036143,0.010081098,0.009627857,0.00911826,0.00862933,0.008808196,0.009286709,0.009522178,0.008539443,0.007074627
0.02112989,0.027427515,0.032472692,0.032226585,0.035538968,0.038668197,0.042803448,0.04705259,0.047833964,0.049387597,0.049983196,0.056804,0.05965037,0.05905466,0.065730385,0.06223889,0.063709125,0.06950261,0.07384389,0.08013158,0.08285653,0.08627336,0.08413592,0.08929125,0.09475234,0.09606288,0.10550889,0.104547225,0.105729684,0.11156468,0.11455963,0.11828391,0.12515464,0.1302328,0.12244281,0.12127634,0.12039274,0.122138925,0.12640153,0.14858279,0.15774807,0.15279257,0.16465135,0.16393419,0.1666616,0.17673324,0.18277255,0.1719924,0.16530101,0.16235378,0.1540238,0.1580987,0.15827227,0.15627003,0.14520068,0.13691421,0.12924375,0.1178204,0.11347444,0.09914184,0.09101736,0.08336937,0.072457485,0.07438063,0.06907488,0.06572498,0.06391523,0.057208978,0.05033061,0.042169303,0.038831875,0.037309688,0.0325021,0.03820077,0.039932404,0.036137104,0.03524488,0.03099493,0.029717617,0.030459406,0.03071114,0.030551977,0.028895972,0.029950373,0.02991866,0.025073143,0.021329693
0.011155976,0.015151991,0.017132495,0.017199606,0.018351268,0.018252417,0.019178422,0.021818109,0.02685766,0.029491182,0.039882638,0.04285528,0.04167126,0.04204196,0.03599292,0.034132827,0.037238922,0.037651718,0.037536673,0.0439621,0.048965,0.054254245,0.05931082,0.061640717,0.065618396,0.06499061,0.064781725,0.0666799,0.06954441,0.074247085,0.07901876,0.08322891,0.08623859,0.096900985,0.10857522,0.11277076,0.117465585,0.12613621,0.13038045,0.1372896,0.14609393,0.14642149,0.15168795,0.15501325,0.16376877,0.17673506,0.17601052,0.18193293,0.16874984,0.16218908,0.16641797,0.16270034,0.16957307,0.15536381,0.14655747,0.12755945,0.110575266,0.10662957,0.095255315,0.09851584,0.09189804,0.0880461,0.07335535,0.06419831,0.06011985,0.047864247,0.045203853,0.039355606,0.03538557,0.03388807,0.03429333,0.03119847,0.031417333,0.03215695,0.030557292,0.036989696,0.03598927,0.03366177,0.033269405,0.02635937,0.026022756,0.025522765,0.025775919,0.024040185,0.023399834,0.021135582,0.01725322
0.018056095,0.023120716,0.027408144,0.0295494,0.031704932,0.032533858,0.034218606,0.03430597,0.033913787,0.03348041,0.03419596,0.034318663,0.037979063,0.041425455,0.042439323,0.044016443,0.044636514,0.05034832,0.053382766,0.057484936,0.059813693,0.056797955,0.057276305,0.056613065,0.06147053,0.066292726,0.06822631,0.07274745,0.0725702,0.07550563,0.08017737,0.083873086,0.0882463,0.088689744,0.090222634,0.09996937,0.110335425,0.12177415,0.12751967,0.12940824,0.13152818,0.1432665,0.15639901,0.16280314,0.17066684,0.16322587,0.16462986,0.1653032,0.1606117,0.16975227,0.16390513,0.15907198,0.15639798,0.14360318,0.13626854,0.13099796,0.1273308,0.1183883,0.10809482,0.09654651,0.082785495,0.07988783,0.075092636,0.070167676,0.061188113,0.05419632,0.050559532,0.047428932,0.04662813,0.040798165,0.04069181,0.04180083,0.04122323,0.040936634,0.03890978,0.036804534,0.033646148,0.03315191,0.034470573,0.038189918,0.04076744,0.04036115,0.043748684,0.04723701,0.050089188,0.04722169,0.039546054
0.021214517,0.027157873,0.030426795,0.029457599,0.030720267,0.029862816,0.031031039,0.034212954,0.035153612,0.035983227,0.03699114,0.035774615,0.035207674,0.035025485,0.035061203,0.038301606,0.039609175,0.0396437,0.040218405,0.03920415,0.0392262,0.041426998,0.043493036,0.044404753,0.045833267,0.04542285,0.0450157,0.04554665,0.045185354,0.045135967,0.0449663,0.0436735,0.04343721,0.04416818,0.044076625,0.047550227,0.05179013,0.05461326,0.05554516,0.059459835,0.060425863,0.061423708,0.063487224,0.060608193,0.05840707,0.059285577,0.061928585,0.065832645,0.06989411,0.07104022,0.07133278,0.07150444,0.07555631,0.077145785,0.07880797,0.08137104,0.07794795,0.07871172,0.08052271,0.08167676,0.08304313,0.08042291,0.07868184,0.07482603,0.07587246,0.08105097,0.08090162,0.08378777,0.08980562,0.085698776,0.083631,0.083210886,0.076706514,0.07876841,0.08153575,0.080558114,0.07931165,0.08378597,0.083948314,0.07856526,0.08249783,0.07654129,0.07262264,0.072645545,0.06452119,0.054353956,0.04418983
0.025424885,0.03471509,0.04116058,0.043538056,0.043968204,0.043666705,0.04311036,0.040926557,0.0403763,0.038629137,0.03734288,0.038470045,0.039403614,0.041437738,0.043458525,0.043191236,0.044813395,0.04376258,0.044117104,0.04499356,0.044303715,0.046162494,0.048762612,0.05054791,0.05360013,0.058893505,0.062103033,0.06712811,0.068373166,0.06618413,0.066908695,0.07070347,0.0722317,0.07743375,0.08022607,0.080466166,0.08593125,0.08423773,0.08583232,0.08948445,0.092855826,0.09842368,0.100865774,0.1010884,0.09943547,0.09819433,0.10213547,0.10270909,0.10425502,0.104419164,0.09816113,0.10078086,0.10037742,0.10018626,0.10432179,0.10007486,0.09882866,0.101528555,0.09378029,0.09315974,0.09703626,0.09899952,0.10741447,0.10543631,0.10229884,0.09949635,0.10078505,0.099192955,0.095644735,0.09462376,0.08493281,0.087310046,0.087754235,0.07982119,0.07795898,0.070073955,0.061681163,0.05772377,0.051489547,0.050852943,0.049033936,0.04629257,0.045396388,0.04390325,0.04250342,0.038551293,0.030957546
0.024189418,0.030347096,0.03773985,0.038535737,0.03780281,0.037314776,0.036208905,0.03621436,0.03939226,0.039984673,0.043084793,0.043215033,0.044627238,0.04622037,0.045675907,0.048811425,0.049304295,0.049508948,0.047826122,0.049104232,0.052529372,0.053801335,0.056217387,0.05986875,0.06117173,0.0647356,0.06913834,0.06834852,0.06744192,0.06540937,0.06374616,0.06583715,0.06841453,0.07205623,0.07172604,0.071202405,0.072244525,0.072966754,0.07768854,0.08899911,0.09151886,0.10180187,0.10978639,0.109455906,0.1167281,0.11362796,0.10944221,0.107960716,0.105253965,0.10811378,0.11145002,0.11993478,0.12186489,0.12472209,0.13048038,0.12306301,0.12379235,0.123288244,0.1209021,0.12633024,0.123450354,0.11692636,0.10720384,0.1030409,0.10493466,0.110076085,0.11770955,0.11879759,0.11309125,0.10665429,0.10523667,0.0965443,0.09802889,0.099548995,0.090575166,0.09581609,0.09569305,0.0948881,0.09543403,0.088780686,0.083395645,0.077932976,0.07329499,0.0696346,0.06827358,0.060495872,0.050586157
0.024388831,0.030019967,0.03416131,0.034689125,0.035904493,0.036900274,0.040112022,0.041165728,0.041108947,0.04298239,0.041388117,0.041450836,0.042581894,0.04293866,0.044723287,0.044691686,0.04439373,0.044628892,0.045763034,0.047192845,0.051716965,0.05657367,0.057970542,0.056553453,0.059229173,0.059074398,0.06496629,0.06824918,0.064999074,0.06848085,0.06447884,0.06602122,0.07168562,0.07578909,0.08124538,0.08672561,0.08678554,0.08265268,0.0877063,0.09032951,0.092928216,0.09970611,0.09853726,0.098505914,0.10351453,0.10077271,0.10639808,0.11019076,0.11232619,0.1161158,0.11255818,0.11012801,0.106281586,0.10839094,0.109688014,0.11175414,0.113648586,0.10887384,0.11006353,0.10759224,0.10907981,0.109093584,0.1054864,0.11160226,0.11107924,0.11584158,0.11532791,0.10820736,0.099121235,0.08860301,0.08819281,0.08607207,0.08844772,0.08856245,0.08461405,0.07640845,0.069974124,0.06264912,0.05229196,0.053373933,0.049938835,0.04996402,0.052867953,0.048974775,0.04844196,0.042361353,0.030948719
0.026766533,0.032969765,0.039534323,0.041158326,0.043184027,0.04515397,0.049078234,0.049406856,0.048677858,0.04725413,0.046657212,0.0487552,0.050061345,0.055525225,0.055253353,0.054034103,0.057013385,0.058289357,0.060717862,0.063501365,0.06492661,0.06733681,0.068135634,0.07363313,0.0729783,0.07465489,0.07540107,0.075119175,0.07697174,0.07513368,0.079500034,0.08297013,0.09004202,0.09587889,0.10066305,0.103204906,0.10285642,0.10314703,0.10121788,0.10445968,0.110221885,0.11960628,0.12555188,0.12908047,0.13409232,0.13791107,0.1417773,0.14114603,0.1393425,0.13654464,0.13490644,0.13599531,0.14241691,0.14134574,0.14807297,0.14983296,0.14388885,0.14397603,0.13644885,0.13637626,0.13362785,0.12968591,0.1267433,0.12821274,0.1268118,0.14060882,0.14376086,0.13360596,0.13814688,0.124526426,0.12485261,0.12711304,0.11666889,0.11189665,0.10268901,0.102081604,0.10288466,0.09899205,0.094638646,0.087069705,0.08502764,0.083837055,0.08373512,0.08383219,0.08061576,0.07088322,0.056716308
0.039903034,0.04643661,0.052402478,0.051080346,0.04756648,0.0529979,0.053418983,0.05440434,0.05635949,0.052532643,0.05556099,0.056685906,0.056960315,0.05808081,0.058074668,0.06019502,0.062827915,0.066568,0.07016464,0.07219873,0.077649735,0.08137455,0.08204563,0.079890765,0.07587744,0.07616886,0.08214555,0.08991222,0.10141296,0.10471997,0.108453594,0.11207856,0.10627391,0.10827432,0.109612085,0.11584364,0.11940718,0.12624137,0.12662292,0.12428439,0.1278795,0.12655385,0.13444358,0.13486667,0.14102553,0.14975423,0.14897802,0.1471006,0.15321253,0.14760445,0.14489555,0.1529421,0.14447533,0.14508958,0.14642765,0.14710025,0.1509047,0.1548693,0.15283199,0.15307412,0.15194361,0.15290669,0.15779376,0.15693653,0.15475509,0.15079215,0.15390368,0.14991161,0.14185725,0.1367205,0.12268751,0.118244626,0.12445705,0.11829124,0.114224255,0.10855034,0.09853837,0.10082406,0.10226724,0.09953559,0.10032412,0.09286849,0.08609032,0.084352106,0.07825794,0.06695429,0.055058517
0.036194183,0.043428674,0.053430393,0.056490276,0.05752349,0.060923573,0.05949302,0.061445147,0.064285144,0.06275527,0.06466029,0.061011706,0.06287649,0.066985816,0.069371276,0.07574214,0.074690595,0.078282565,0.077354446,0.082342096,0.08569024,0.0898511,0.09660105,0.094449684,0.09610323,0.09043666,0.09363431,0.09628637,0.10426251,0.11187399,0.11589181,0.12155245,0.124005504,0.12247162,0.121351145,0.123169504,0.12048191,0.13128576,0.13573262,0.14205262,0.14084977,0.143093,0.14601505,0.14161241,0.15162116,0.15082586,0.15437718,0.15615213,0.15806794,0.16672195,0.16108394,0.16121446,0.15500306,0.14779378,0.14921354,0.14438967,0.14318167,0.136225,0.13981213,0.13817488,0.140348,0.14452824,0.1338397,0.13993442,0.13491587,0.12696855,0.12835217,0.12611505,0.13015418,0.12615605,0.12407057,0.115665585,0.1106654,0.11458793,0.11058797,0.11161578,0.10442704,0.09736846,0.095855735,0.089685164,0.08346952,0.07905315,0.07464608,0.07173881,0.071949914,0.063152224,0.051123876
0.0358443,0.0426189,0.053090215,0.051543802,0.05235659,0.056630183,0.057138275,0.059599165,0.05966009,0.057963874,0.06007869,0.059362467,0.060145248,0.063841216,0.061379384,0.064115286,0.06799774,0.07125878,0.07944643,0.0827186,0.08541289,0.08373573,0.080497295,0.08397415,0.08520324,0.09087048,0.09918254,0.10036375,0.10292458,0.10200003,0.101267055,0.10361867,0.110718854,0.11303682,0.117334515,0.11853538,0.12196447,0.1312283,0.12962501,0.13547716,0.14068364,0.13517337,0.13714522,0.14198539,0.1373752,0.14324178,0.14929324,0.14998981,0.1589621,0.1577559,0.15596999,0.1573061,0.15699494,0.1608307,0.16226903,0.15881772,0.15009327,0.15190238,0.14969839,0.145074,0.14650159,0.13849089,0.14482892,0.13628541,0.13088834,0.12901688,0.11529051,0.1228204,0.12379231,0.12137856,0.117482066,0.11071581,0.10234402,0.0962291,0.09795605,0.100991696,0.10052269,0.096872255,0.08936127,0.08164854,0.08571637,0.09007212,0.08945491,0.089749254,0.0812523,0.06836505,0.05552969
0.031921566,0.03769519,0.045133784,0.04485466,0.049076065,0.04913192,0.04896853,0.050309427,0.05284921,0.05721034,0.05848733,0.058889527,0.058558673,0.057474174,0.060704876,0.0612094,0.06718765,0.06890375,0.06902951,0.076046325,0.07744357,0.085230745,0.08948016,0.090206824,0.08924607,0.08446591,0.09077461,0.09342608,0.09834785,0.104625165,0.10410029,0.107137136,0.10891623,0.11628722,0.11775585,0.11757409,0.11930974,0.12079307,0.13700803,0.14523523,0.15380846,0.15909918,0.16052347,0.16137168,0.1618109,0.16378747,0.16114984,0.16755414,0.17389363,0.175812,0.17360333,0.16975021,0.16604975,0.16554596,0.16483828,0.17188035,0.17367677,0.16299586,0.16399759,0.15988211,0.15143472,0.15675907,0.15029079,0.14751588,0.15454134,0.15128583,0.15322128,0.14585896,0.13098696,0.13155815,0.1265142,0.118911326,0.11245834,0.09848152,0.0934856,0.09172087,0.09643882,0.097887814,0.095576406,0.09131044,0.08603084,0.0835507,0.08845691,0.09327247,0.09263911,0.0837601,0.062824935
0.033651434,0.04380271,0.05419701,0.053406868,0.053792223,0.052352563,0.05205121,0.055936866,0.061517227,0.0635766,0.062381607,0.065703705,0.06588147,0.06451134,0.06467068,0.06195458,0.059803125,0.06339325,0.06614786,0.07194258,0.07892943,0.08377363,0.08771224,0.08970706,0.08931602,0.09130734,0.095651716,0.09786223,0.10131718,0.10234634,0.10799676,0.10952612,0.11789604,0.121467285,0.12268311,0.1281544,0.13277745,0.13839582,0.13815534,0.14771117,0.14582704,0.15001893,0.1587368,0.15501055,0.152965,0.1562069,0.15979359,0.16346677,0.17245412,0.1714285,0.16960612,0.17247942,0.16987248,0.16096504,0.16908768,0.16186804,0.15784961,0.16232453,0.1517229,0.16017362,0.15880178,0.15337807,0.1455216,0.13317372,0.12892663,0.12433785,0.12327342,0.11294052,0.116292566,0.11552817,0.11102129,0.11004348,0.09888515,0.10008482,0.09292668,0.09019948,0.08635461,0.07996286,0.081771344,0.081204206,0.078954294,0.07753705,0.07684913,0.077722736,0.076395765,0.069050975,0.05404255
0.04094535,0.05126227,0.064354554,0.06538405,0.06571992,0.0638669,0.060096227,0.061045505,0.064133376,0.06668943,0.06795961,0.07299034,0.07663203,0.0808534,0.08512519,0.08386794,0.08572565,0.08890847,0.08864506,0.098868996,0.09884429,0.10429468,0.11212971,0.11426676,0.12058075,0.12202977,0.12276203,0.122224525,0.12673113,0.12381494,0.12933981,0.13045624,0.13270433,0.14481312,0.14725696,0.1523165,0.16053216,0.15817653,0.16094081,0.16777891,0.16600813,0.17540097,0.17680994,0.17825331,0.17834978,0.17810677,0.18734601,0.18602002,0.19354372,0.18775079,0.1823067,0.1822569,0.17755021,0.18036261,0.17456503,0.17893997,0.17132565,0.1677888,0.1693736,0.15835933,0.1547058,0.1483147,0.13724752,0.13833548,0.13729356,0.13481076,0.13372628,0.12028258,0.10903391,0.09959364,0.08808185,0.081769176,0.082727715,0.080573805,0.082594946,0.07787519,0.0736064,0.07115352,0.06563349,0.066910505,0.06548722,0.06671721,0.06609013,0.06399801,0.0631718,0.05308606,0.043069374
0.041565206,0.050969794,0.061599635,0.06357085,0.06516403,0.07016772,0.072553515,0.07333905,0.077581815,0.07779786,0.082734734,0.086853795,0.088282384,0.09440625,0.09614624,0.09731581,0.0984907,0.10252581,0.099193506,0.104218826,0.10908228,0.11183693,0.119203694,0.12148846,0.11886348,0.11992459,0.12506609,0.13160864,0.14287247,0.14179859,0.14119475,0.13601501,0.13804379,0.14711903,0.15111428,0.15673822,0.16418001,0.16372076,0.16896588,0.18107502,0.1774639,0.18564959,0.18541825,0.18718421,0.18663438,0.18326499,0.18871534,0.18134177,0.18377873,0.17759217,0.17285758,0.17901069,0.17368011,0.17541532,0.16945386,0.16349289,0.16429918,0.16707346,0.16854984,0.15822625,0.15602647,0.14824817,0.1469461,0.14777786,0.14142847,0.13865463,0.12669195,0.115133144,0.1092334,0.09656786,0.08959599,0.08550707,0.07816819,0.075258374,0.071566984,0.07114168,0.06836399,0.06260444,0.063274585,0.062273353,0.059168223,0.060422495,0.058028065,0.052712932,0.05450206,0.048167963,0.0384676
0.05126819,0.064004615,0.07754217,0.08263221,0.08143139,0.081197046,0.07866509,0.08347661,0.08521509,0.09043373,0.092644624,0.09163193,0.09381213,0.09386753,0.099814385,0.10420298,0.111595966,0.113887765,0.11582954,0.11879167,0.11677545,0.12369294,0.12744924,0.12780984,0.13596216,0.1383802,0.14013767,0.15305291,0.1539464,0.15547995,0.16433255,0.15895045,0.16235064,0.1713365,0.17121081,0.17667656,0.17922802,0.17570297,0.17527866,0.1745629,0.17380632,0.18163118,0.18776265,0.18876174,0.19689813,0.19237415,0.19389422,0.19384411,0.18351315,0.1777016,0.16617776,0.16370098,0.16345929,0.16849145,0.17058721,0.16927546,0.17184302,0.16503969,0.16043071,0.15950313,0.15294866,0.14841475,0.14452566,0.14097475,0.13554575,0.13204068,0.12363071,0.11457461,0.1068531,0.10550189,0.1044996,0.101514265,0.10253217,0.09785304,0.094964914,0.08694384,0.083742894,0.083390415,0.08283155,0.08525811,0.080606684,0.07073498,0.07007358,0.06684316,0.06649646,0.0620321,0.049039908
0.034192163,0.044153217,0.056094643,0.061759487,0.066311315,0.06789266,0.065821715,0.06572939,0.063717194,0.065356776,0.066425815,0.06663995,0.06736226,0.068451606,0.071910225,0.07843819,0.08196107,0.08176527,0.08918924,0.0889723,0.09170005,0.1017856,0.10218339,0.107578285,0.11622834,0.11345964,0.111898,0.118381515,0.11655777,0.12183402,0.1298764,0.12890303,0.13280354,0.13570465,0.13725865,0.13652426,0.1464475,0.15186049,0.15100725,0.16237621,0.15880299,0.16816393,0.18068705,0.17731448,0.18208924,0.17529579,0.17570774,0.17453928,0.1793262,0.18877026,0.1860687,0.18936175,0.18398854,0.18163274,0.17871435,0.17756864,0.17423461,0.16920123,0.16819583,0.16479652,0.16859427,0.15938427,0.1577806,0.15477005,0.14403513,0.14482884,0.13957897,0.13282666,0.12874477,0.121739306,0.11600343,0.112432644,0.11008417,0.105816744,0.108244225,0.113783106,0.11174176,0.11364872,0.104780115,0.09503604,0.09000941,0.08392776,0.08299275,0.082857765,0.09026028,0.08208092,0.06950876
0.048827153,0.056402046,0.066998795,0.06800861,0.07379065,0.07988483,0.08046126,0.08387788,0.087336026,0.09196276,0.095274396,0.09860909,0.09762282,0.09595979,0.10251916,0.10360516,0.11057494,0.11703902,0.12496966,0.12968467,0.13105841,0.13526861,0.1313818,0.13564733,0.13977171,0.14402467,0.14212254,0.142299,0.14532147,0.14610507,0.15920752,0.16187686,0.16679706,0.16897306,0.17208366,0.17644955,0.1739763,0.1731561,0.17775664,0.18228419,0.19699931,0.19277856,0.18761593,0.1954562,0.18653218,0.19580065,0.19544572,0.18838206,0.17657606,0.1735946,0.17591271,0.16827783,0.18153666,0.18432,0.17754328,0.1711746,0.16044018,0.15529315,0.14845185,0.14949915,0.14438754,0.13281727,0.12327976,0.11330979,0.1069889,0.100220405,0.096853755,0.08966133,0.07817369,0.070596606,0.06972674,0.066538125,0.06943924,0.06703669,0.06205954,0.058915194,0.050926354,0.045613904,0.047470096,0.0509914,0.05254876,0.054807805,0.052600875,0.04901362,0.048083954,0.04173088,0.03410056
0.045145184,0.05549295,0.06725528,0.065420344,0.06642859,0.06849423,0.06624251,0.06852514,0.0733587,0.07654878,0.081237346,0.08202464,0.07844001,0.084070355,0.08223387,0.09144971,0.094414376,0.089565895,0.090367384,0.09236351,0.097202726,0.1011752,0.11015254,0.11216773,0.114108376,0.11897468,0.11727952,0.11998148,0.13017641,0.13347964,0.1513328,0.15220861,0.15420103,0.1554868,0.14742804,0.16067035,0.164037,0.16913705,0.17491643,0.17201006,0.1863157,0.18777286,0.19102268,0.19206826,0.18268141,0.18372704,0.18219271,0.19185032,0.19171867,0.1939119,0.19868267,0.19189112,0.19055822,0.18833478,0.18727715,0.18509142,0.18186392,0.18447497,0.18003337,0.17093228,0.1686096,0.1563161,0.14536801,0.14705014,0.14046282,0.13955878,0.1339644,0.13070826,0.12590118,0.12181904,0.11892404,0.11020924,0.10561958,0.102320686,0.09753478,0.09331166,0.09027356,0.08527405,0.0810708,0.078354545,0.07599184,0.07174547,0.07318693,0.0691983,0.06786968,0.059594125,0.04641288
0.04045206,0.05133685,0.05879195,0.06180953,0.063965626,0.06650379,0.07104551,0.07453737,0.0801462,0.08016496,0.08157778,0.08449103,0.08907759,0.095271334,0.097155355,0.100024715,0.1053811,0.111138426,0.11641417,0.12273114,0.12161068,0.120869525,0.123399496,0.12631734,0.13353823,0.13679567,0.14024729,0.14089477,0.14283158,0.14727579,0.14490274,0.15277256,0.15851633,0.1588199,0.17589298,0.17716825,0.18196946,0.18885851,0.19360498,0.1986311,0.19951975,0.20084336,0.19319963,0.19266208,0.18839821,0.18932705,0.19568877,0.19813497,0.20044684,0.203341,0.19777353,0.18489382,0.19079156,0.18066595,0.18204416,0.19153583,0.18151242,0.1809449,0.17238304,0.1572388,0.14920421,0.13992886,0.13055542,0.12962426,0.12335892,0.12880377,0.12706186,0.12372236,0.12466308,0.11436116,0.10813291,0.10158124,0.09304927,0.08858374,0.090612225,0.08853948,0.08418629,0.08523958,0.07811184,0.07504682,0.07979731,0.075725496,0.075002566,0.07622357,0.07082885,0.061091598,0.051785488
0.028446482,0.03368704,0.041018218,0.04150351,0.044152617,0.046059143,0.048066705,0.04857928,0.050395917,0.054821268,0.05732858,0.062008664,0.065967344,0.068497054,0.07772911,0.081039496,0.08467358,0.08632207,0.0922316,0.096821606,0.10090416,0.11494753,0.11162778,0.113425896,0.11223636,0.10238374,0.10572641,0.10595033,0.11625121,0.12032839,0.12623881,0.13863854,0.13779154,0.1432718,0.14455287,0.14240848,0.15696284,0.15766142,0.16496627,0.17129438,0.1690815,0.17477635,0.17880574,0.18496913,0.19025835,0.19120574,0.19198003,0.18987624,0.18316075,0.18755533,0.18105264,0.18144211,0.18856765,0.18292919,0.18433818,0.18226872,0.1750209,0.1644277,0.15413943,0.14979845,0.13862707,0.1411264,0.14027405,0.12214066,0.11676396,0.1070632,0.09671459,0.0909821,0.080871835,0.075250275,0.06981382,0.06763136,0.06391822,0.060751177,0.05804394,0.056082353,0.05392341,0.05804964,0.05738842,0.05385057,0.052432686,0.0482584,0.046918776,0.04563072,0.044281248,0.035150897,0.028011486
0.05189618,0.06024775,0.07425359,0.07193971,0.06991783,0.07362333,0.06761762,0.06998465,0.07311659,0.07261281,0.07632346,0.08378848,0.08654135,0.08721575,0.09277989,0.08745731,0.08791535,0.09283155,0.09472486,0.10026848,0.10604526,0.108532764,0.11012739,0.115134455,0.120716386,0.12870675,0.13352644,0.1374617,0.13060601,0.12877384,0.13129967,0.13206786,0.1430872,0.15886839,0.1641067,0.17537442,0.18441208,0.18091913,0.18501912,0.19079867,0.19211851,0.18743156,0.19036433,0.1852891,0.19033307,0.19808483,0.19358858,0.19239964,0.17114839,0.17044482,0.1790503,0.17051506,0.1899263,0.18716496,0.17352478,0.17646798,0.16462837,0.15695345,0.15936792,0.15412267,0.1512373,0.1537338,0.14747907,0.14281079,0.13467768,0.12511326,0.120723404,0.118735455,0.11947327,0.11476646,0.10606861,0.10114316,0.092149355,0.08962203,0.09159509,0.08957414,0.09358968,0.08990047,0.08563881,0.08408593,0.07638855,0.07384722,0.0733871,0.07226458,0.07638562,0.07045538,0.060838934
0.051670197,0.06351654,0.073569596,0.0758726,0.08442583,0.085293375,0.08856829,0.08879297,0.09341265,0.104383305,0.106135815,0.1119837,0.113577746,0.11144422,0.121863134,0.12278453,0.12826219,0.12899476,0.12743488,0.13707788,0.13599943,0.14320987,0.1458306,0.1440549,0.15015465,0.15404998,0.15843515,0.16029765,0.16760561,0.17149344,0.17931458,0.19102672,0.19266555,0.19339809,0.1917003,0.185576,0.18663643,0.1960716,0.2007396,0.20441669,0.2052861,0.19879155,0.19347084,0.19448408,0.19058105,0.19073758,0.19383658,0.18787606,0.18133119,0.17574331,0.1721491,0.17691486,0.18267608,0.18206517,0.17423725,0.17124064,0.1641992,0.16305816,0.1623769,0.14853114,0.13906497,0.1278452,0.11828887,0.11044654,0.10370992,0.09279639,0.08273413,0.07234777,0.06655654,0.061319936,0.05854035,0.058154125,0.053455736,0.050208688,0.048104875,0.047448866,0.0475871,0.046933956,0.045951687,0.044811472,0.043650333,0.041968323,0.04108913,0.038648073,0.03821307,0.03456402,0.027505422
0.04465563,0.06346077,0.0709078,0.0719519,0.07264748,0.06720946,0.06981563,0.07516671,0.08030195,0.09300135,0.1032989,0.10433225,0.10600778,0.100280054,0.10310923,0.11063653,0.12010565,0.12607284,0.12405076,0.12421849,0.12091371,0.13273239,0.14286631,0.14683194,0.16138011,0.15645647,0.15887944,0.16479489,0.16948412,0.18035038,0.18218037,0.18225776,0.17700623,0.17805766,0.1919309,0.2003686,0.20735465,0.2168507,0.20864287,0.2047241,0.19737284,0.18980156,0.19518295,0.195156,0.20167065,0.20499204,0.20104438,0.20184939,0.20174927,0.19070685,0.18960735,0.18917067,0.18619217,0.18763258,0.1828513,0.17091803,0.16246653,0.1567134,0.15005319,0.15296946,0.1482379,0.13986386,0.12801082,0.118685424,0.111797884,0.10164682,0.097081356,0.087904245,0.07627743,0.0746402,0.07333568,0.07105901,0.07244059,0.06877022,0.06585322,0.06053866,0.054153357,0.04957955,0.04465318,0.049396005,0.050343752,0.051816884,0.054829877,0.04853075,0.048720986,0.043916307,0.03455014
0.050163873,0.058711577,0.07095604,0.07639294,0.07452484,0.081552766,0.0820589,0.08567727,0.092478715,0.104965396,0.11087465,0.11349073,0.11816749,0.1110442,0.11274446,0.1168507,0.11724837,0.12321999,0.12650879,0.12854226,0.13454844,0.14032184,0.1442678,0.1496513,0.15034272,0.1448829,0.14792378,0.15174533,0.16245665,0.16968013,0.1736132,0.17883798,0.17378195,0.17534709,0.18593973,0.18415411,0.19151716,0.19960536,0.20033969,0.20949805,0.21490465,0.208415,0.21475928,0.21329202,0.20621961,0.21235807,0.20058538,0.19269831,0.19689153,0.18849504,0.18693507,0.18805721,0.17095926,0.16545185,0.16351599,0.15848339,0.1593546,0.15921383,0.14764397,0.13712268,0.13878638,0.13941231,0.13744399,0.1331538,0.12623101,0.11603826,0.10628127,0.10517777,0.1066703,0.10160884,0.105438694,0.101755776,0.08993309,0.09119723,0.08270039,0.07980397,0.07954873,0.07523651,0.0787877,0.07531998,0.076719716,0.07849473,0.073209845,0.073993616,0.069021575,0.059063565,0.04959354
0.038521774,0.04884668,0.056507632,0.061424416,0.06306629,0.064172186,0.07115775,0.07070389,0.070684224,0.07368632,0.06975263,0.072626896,0.07405146,0.07722489,0.07788911,0.07985901,0.080710344,0.07988438,0.08369044,0.090429425,0.097235,0.102657765,0.11006434,0.11319927,0.1172372,0.118913904,0.120914064,0.12205213,0.11822348,0.124048516,0.12440924,0.124770135,0.1283528,0.12825583,0.13345562,0.14590298,0.15703261,0.16124283,0.16934453,0.17254432,0.17512734,0.17854567,0.1814646,0.1829026,0.17526254,0.18086076,0.17257369,0.1691687,0.18256815,0.17527981,0.1774451,0.18071084,0.16523914,0.16828696,0.17141908,0.15470529,0.1565134,0.14740336,0.13744377,0.13984217,0.1383975,0.13727686,0.1338624,0.12946264,0.120172575,0.11183847,0.11017398,0.118080355,0.11771844,0.11575399,0.108140975,0.0917859,0.09310769,0.09682405,0.0984143,0.09856556,0.100297,0.09615549,0.09008255,0.091118805,0.08498614,0.080986805,0.089671396,0.08529035,0.08133441,0.07369054,0.050576836
0.05069642,0.06446239,0.07701901,0.08401633,0.085468255,0.08470071,0.084055476,0.08299263,0.087698534,0.09309256,0.09558302,0.09879363,0.1055228,0.11518697,0.12520143,0.12841935,0.13523512,0.13565984,0.14109637,0.14804807,0.14688817,0.14996588,0.15595065,0.16654444,0.17725724,0.18128541,0.18165067,0.1855134,0.18718383,0.18932518,0.19353479,0.19023278,0.19294119,0.19428714,0.19499226,0.19341427,0.18938933,0.19530936,0.19684552,0.19198045,0.19457412,0.20186645,0.19939183,0.21301863,0.20847976,0.2000536,0.2009752,0.18949692,0.18417063,0.1830569,0.17728324,0.18335415,0.19077452,0.18127875,0.18075971,0.17343967,0.16893801,0.17419256,0.17533316,0.17120975,0.16400936,0.15580411,0.1462557,0.14062127,0.13970776,0.13205627,0.12493441,0.11815241,0.10775879,0.10447851,0.09620833,0.093032844,0.09118861,0.08369981,0.08559061,0.08525194,0.08014625,0.079004265,0.07550365,0.07314285,0.07496961,0.075483575,0.078878075,0.07349582,0.072401226,0.06847679,0.052455965
0.05846167,0.07093264,0.080883704,0.080351606,0.078527875,0.08744775,0.091386646,0.0949756,0.09794869,0.09511519,0.09437576,0.10151836,0.104895115,0.11187959,0.11959104,0.11906585,0.12868804,0.13037252,0.12766975,0.1404413,0.14316416,0.14370784,0.15388645,0.16447346,0.17089419,0.17430505,0.17915332,0.17954023,0.18356042,0.18911599,0.19878075,0.18869452,0.18989334,0.1949205,0.18241753,0.18770169,0.18615776,0.18953949,0.19742282,0.20073158,0.20597635,0.20225506,0.20067859,0.20674999,0.20751135,0.20354156,0.20198181,0.19168182,0.18049844,0.1876615,0.18817943,0.19044796,0.19401762,0.19120373,0.19113754,0.1900168,0.18641955,0.18407424,0.17266221,0.16930309,0.16621429,0.15549682,0.15643772,0.14562587,0.13236146,0.12978514,0.12378054,0.11685134,0.11771681,0.11100476,0.10228218,0.09611969,0.09007206,0.08413409,0.08865865,0.0944586,0.10089536,0.10160431,0.10216406,0.10089763,0.095839925,0.09713328,0.09208317,0.088654146,0.08953211,0.07761245,0.06599511
0.05642941,0.07488395,0.087365605,0.09077539,0.0894722,0.088274926,0.0903331,0.09506794,0.10110457,0.10042435,0.103597656,0.105916075,0.107513055,0.115090005,0.11852631,0.12652938,0.12586552,0.12270379,0.12295489,0.1160508,0.12094162,0.13111946,0.14039557,0.15187535,0.15447219,0.15619853,0.15990674,0.16382281,0.16581644,0.16676162,0.16546851,0.16849317,0.18236111,0.18586418,0.19411004,0.19507234,0.19408129,0.20165737,0.20133932,0.1966629,0.19769435,0.19916934,0.19876151,0.20544884,0.20143516,0.20369948,0.1960596,0.1862736,0.18804401,0.18045971,0.18903194,0.18915015,0.1877326,0.17856164,0.16899942,0.16802517,0.16352032,0.16679583,0.16180678,0.15161812,0.14092176,0.12701117,0.12264257,0.12411971,0.11942688,0.117589675,0.114235766,0.10742035,0.10408151,0.09789645,0.09387273,0.09497138,0.0982843,0.10070543,0.098083094,0.09865649,0.089132205,0.094748065,0.09320771,0.087860465,0.08839694,0.07709566,0.07445958,0.0797975,0.07816507,0.07040481,0.060398646
0.05844818,0.07305947,0.08616251,0.08818283,0.09033654,0.09026218,0.08882327,0.09034566,0.09079508,0.09352191,0.10166057,0.10270651,0.10420442,0.10924493,0.11801093,0.124704525,0.13280517,0.13684162,0.13379952,0.14113489,0.1469553,0.1577098,0.16723765,0.16915846,0.17520349,0.16628528,0.17270774,0.17787169,0.18104626,0.19491315,0.19389719,0.19735384,0.19227335,0.19268297,0.19667785,0.20026918,0.19995989,0.20196855,0.1942579,0.188081,0.19911484,0.19575916,0.1993767,0.19656798,0.20159593,0.20752606,0.2010095,0.2006205,0.18240769,0.17037298,0.17864421,0.17697607,0.17660736,0.18128502,0.17200296,0.17864946,0.17072164,0.15808985,0.15886733,0.14287291,0.1424925,0.13721746,0.12119177,0.11643167,0.109231226,0.09962527,0.10096029,0.09265038,0.092382744,0.09270527,0.08423827,0.08169981,0.077601045,0.072865576,0.07173798,0.072291315,0.06764894,0.064152956,0.061128687,0.059625134,0.06090415,0.061543163,0.061634477,0.057926506,0.05578741,0.047947247,0.040194873
0.05463094,0.07186103,0.08666791,0.09521394,0.09545478,0.09641434,0.099924326,0.104162335,0.110019505,0.11650082,0.12116469,0.11685209,0.12176418,0.12565893,0.12986258,0.13595769,0.13557543,0.13273673,0.12732126,0.13031736,0.13718618,0.14199962,0.1540776,0.15118152,0.1491479,0.16029467,0.16143078,0.17493021,0.18462534,0.18127148,0.17800538,0.1814725,0.18188617,0.19094697,0.191263,0.19006918,0.1865854,0.18408236,0.18780048,0.18826008,0.19536386,0.18923067,0.19399834,0.19564264,0.19940457,0.20827214,0.20397474,0.20408627,0.19319847,0.18099193,0.18217887,0.17069167,0.18273814,0.18016575,0.1762729,0.17925969,0.15920903,0.1568609,0.14955068,0.13546056,0.13054523,0.12733164,0.116997354,0.115325876,0.10731598,0.10154685,0.1051349,0.101712465,0.1081124,0.104725115,0.106356375,0.10428561,0.098387584,0.09932044,0.09134015,0.093291864,0.09161854,0.08810045,0.087684914,0.09197194,0.09419473,0.09484265,0.09727636,0.08811153,0.08834712,0.079462074,0.062760785
