,mean_fit_time,std_fit_time,mean_score_time,std_score_time,param_hidden_layer_sizes,param_learning_rate_init,param_max_iter,params,split0_test_r2,split1_test_r2,split2_test_r2,split3_test_r2,split4_test_r2,split5_test_r2,split6_test_r2,split7_test_r2,split8_test_r2,split9_test_r2,split10_test_r2,split11_test_r2,split12_test_r2,mean_test_r2,std_test_r2,rank_test_r2,split0_test_neg_root_mean_squared_error,split1_test_neg_root_mean_squared_error,split2_test_neg_root_mean_squared_error,split3_test_neg_root_mean_squared_error,split4_test_neg_root_mean_squared_error,split5_test_neg_root_mean_squared_error,split6_test_neg_root_mean_squared_error,split7_test_neg_root_mean_squared_error,split8_test_neg_root_mean_squared_error,split9_test_neg_root_mean_squared_error,split10_test_neg_root_mean_squared_error,split11_test_neg_root_mean_squared_error,split12_test_neg_root_mean_squared_error,mean_test_neg_root_mean_squared_error,std_test_neg_root_mean_squared_error,rank_test_neg_root_mean_squared_error
160,0.183940887,0.00192101,0.001156458,0.000496849,"(100,)",0.0011,50,"{'hidden_layer_sizes': (100,), 'learning_rate_init': 0.0011, 'max_iter': 50}",0.905046813,0.823657303,0.911393917,0.885711092,0.781852744,0.854199127,0.928227103,0.703001189,0.890298519,0.790673015,0.775831512,0.838302496,0.897662343,0.845065936,0.064387689,1,-6.219530611,-8.801353301,-5.883456898,-6.314516161,-8.928668953,-7.320733236,-6.068843798,-9.916814798,-7.044140991,-9.416029278,-9.349651363,-6.843344126,-7.562656975,-7.666903115,1.37805078,1
328,0.271048619,0.005598187,0.001833402,0.000920546,"(150,)",0.0011,50,"{'hidden_layer_sizes': (150,), 'learning_rate_init': 0.0011, 'max_iter': 50}",0.905143783,0.820167654,0.919879381,0.877460946,0.788058533,0.866792656,0.925781312,0.697250921,0.889469173,0.797634384,0.758226572,0.845474745,0.890379666,0.844747671,0.066086519,2,-6.21635399,-8.888011756,-5.59465041,-6.538457392,-8.800752589,-6.997430648,-6.171380968,-10.01235552,-7.070717811,-9.258135931,-9.709847746,-6.689851175,-7.827124251,-7.675005399,1.432450591,2
152,0.185872041,0.018586898,0.001263197,0.001097907,"(100,)",0.001,50,"{'hidden_layer_sizes': (100,), 'learning_rate_init': 0.001, 'max_iter': 50}",0.906646394,0.8242136,0.911415289,0.883881028,0.779791019,0.853304046,0.928273842,0.70546284,0.891389138,0.786930944,0.774875265,0.838761336,0.89645747,0.844723247,0.064455494,3,-6.166921014,-8.787459799,-5.882747306,-6.364871319,-8.970762483,-7.34317008,-6.066867417,-9.875631923,-7.009038192,-9.499820126,-9.369571791,-6.833627735,-7.607046169,-7.675195027,1.387195022,3
144,0.199030876,0.003935228,0.001128747,0.000651548,"(100,)",0.0009,50,"{'hidden_layer_sizes': (100,), 'learning_rate_init': 0.0009, 'max_iter': 50}",0.907913034,0.820495488,0.911310084,0.881686493,0.775904214,0.853771244,0.928582255,0.705771194,0.891444436,0.784981705,0.76993699,0.837031854,0.895245229,0.843390325,0.065322508,4,-6.124941127,-8.879906642,-5.886239513,-6.42473472,-9.049585526,-7.331467471,-6.053810011,-9.870461109,-7.007253664,-9.543175225,-9.471778529,-6.870179494,-7.651446967,-7.704998461,1.410784976,4
320,0.203484645,0.001477671,0.001158384,0.000359532,"(150,)",0.001,50,"{'hidden_layer_sizes': (150,), 'learning_rate_init': 0.001, 'max_iter': 50}",0.906522033,0.81850848,0.917827097,0.874232764,0.784795642,0.864836469,0.926404244,0.696914767,0.889976686,0.795543386,0.756356838,0.842796667,0.888740125,0.843342708,0.066464482,5,-6.171027279,-8.928919027,-5.665850649,-6.624022445,-8.868238718,-7.048623002,-6.145427584,-10.01791254,-7.054466179,-9.305844124,-9.747320576,-6.747573065,-7.885440348,-7.708512734,1.437131555,5
552,0.248411307,0.010435107,0.001279391,0.000426562,"(200,)",0.0011,50,"{'hidden_layer_sizes': (200,), 'learning_rate_init': 0.0011, 'max_iter': 50}",0.910071436,0.820708297,0.917966991,0.867438721,0.781941668,0.865378454,0.928023775,0.688573267,0.899263108,0.796101346,0.764560797,0.826697234,0.885328211,0.842465639,0.067987469,6,-6.052735077,-8.874641361,-5.661025723,-6.800586668,-8.926848963,-7.034476864,-6.077434028,-10.15483315,-6.750191114,-9.293137677,-9.581809362,-7.084667432,-8.005435449,-7.715217144,1.444271864,6
329,0.512802326,0.013718598,0.001731359,0.000697858,"(150,)",0.0011,100,"{'hidden_layer_sizes': (150,), 'learning_rate_init': 0.0011, 'max_iter': 100}",0.901557339,0.819385853,0.928485396,0.891085503,0.779434942,0.876848343,0.92290183,0.683334517,0.875707492,0.80010778,0.740503259,0.846741673,0.88506823,0.842397089,0.071179226,7,-6.332781593,-8.907310617,-5.285647264,-6.164259058,-8.978012383,-6.728134241,-6.289958137,-10.23988811,-7.497979889,-9.201383601,-10.05944661,-6.662370211,-8.014505175,-7.720128991,1.558200336,7
544,0.242708628,0.013050898,0.001393887,0.000496554,"(200,)",0.001,50,"{'hidden_layer_sizes': (200,), 'learning_rate_init': 0.001, 'max_iter': 50}",0.911148141,0.823425178,0.91523757,0.864312437,0.779996193,0.863415911,0.927511563,0.690093499,0.899474189,0.794596426,0.76699363,0.824628018,0.884153246,0.841922,0.06733038,8,-6.016391587,-8.807144141,-5.754432569,-6.88031082,-8.966582365,-7.08556644,-6.099020423,-10.13001737,-6.743115332,-9.327369673,-9.53217558,-7.126837016,-8.046344092,-7.731946724,1.422980024,8
321,0.403859854,0.00135786,0.001307763,0.000461755,"(150,)",0.001,100,"{'hidden_layer_sizes': (150,), 'learning_rate_init': 0.001, 'max_iter': 100}",0.902619222,0.815537368,0.927379638,0.889413003,0.776923146,0.873853841,0.923997445,0.685668636,0.876992818,0.798080862,0.736172867,0.847412259,0.884059104,0.841393093,0.071506653,10,-6.298533677,-9.001707891,-5.326353793,-6.211408176,-9.02898849,-6.809442145,-6.245106055,-10.20207954,-7.459110314,-9.247917215,-10.14303363,-6.647778536,-8.049612843,-7.743928639,1.570690121,9
312,0.203377247,0.001987632,0.001000239,1.70E-06,"(150,)",0.0009,50,"{'hidden_layer_sizes': (150,), 'learning_rate_init': 0.0009, 'max_iter': 50}",0.908094078,0.817373329,0.914826215,0.869641534,0.78023915,0.863431243,0.926495874,0.696335892,0.890762497,0.793875616,0.754951367,0.838376387,0.886697039,0.841623094,0.066768376,9,-6.11891731,-8.956798767,-5.768378912,-6.743846207,-8.961629966,-7.085168737,-6.141600744,-10.02747478,-7.029228753,-9.343721305,-9.775394165,-6.841780355,-7.957511913,-7.750111686,1.434987354,10
536,0.289269704,0.044277605,0.001384075,0.000623363,"(200,)",0.0009,50,"{'hidden_layer_sizes': (200,), 'learning_rate_init': 0.0009, 'max_iter': 50}",0.912279232,0.8261329,0.912061662,0.860567967,0.777652998,0.861057027,0.926492791,0.691537958,0.899868123,0.793849191,0.769335316,0.822243995,0.883755083,0.841294942,0.066679836,11,-5.97797438,-8.739355797,-5.861245785,-6.974600185,-9.014206093,-7.146490362,-6.141729543,-10.10638205,-6.729890112,-9.344320216,-9.484156011,-7.175114931,-8.060159819,-7.750432714,1.397952237,11
153,0.40191434,0.037853459,0.00139915,0.000528732,"(100,)",0.001,100,"{'hidden_layer_sizes': (100,), 'learning_rate_init': 0.001, 'max_iter': 100}",0.902315401,0.820773011,0.921327108,0.893850323,0.782383689,0.855897787,0.925110151,0.675780076,0.86423156,0.797184607,0.764771228,0.84242241,0.888193967,0.841095486,0.06902829,12,-6.30835153,-8.873039599,-5.543874185,-6.08551554,-8.917796678,-7.277963021,-6.19922214,-10.3613107,-7.836483252,-9.268418772,-9.577526372,-6.755600346,-7.904770875,-7.762297924,1.479377145,12
145,0.395729762,0.006246155,0.001245645,0.001045861,"(100,)",0.0009,100,"{'hidden_layer_sizes': (100,), 'learning_rate_init': 0.0009, 'max_iter': 100}",0.903232333,0.81635152,0.922552033,0.892831609,0.779014526,0.854741722,0.926378137,0.678637114,0.867894019,0.79499028,0.759891098,0.842886747,0.889985199,0.840722026,0.06979132,14,-6.27867455,-8.981820757,-5.50054623,-6.114647023,-8.986564743,-7.307098549,-6.146517499,-10.31555756,-7.730063043,-9.31842292,-9.676365562,-6.745639567,-7.841194493,-7.764854807,1.505899124,13
136,0.189879858,0.005662934,0.001048418,0.001509054,"(100,)",0.0008,50,"{'hidden_layer_sizes': (100,), 'learning_rate_init': 0.0008, 'max_iter': 50}",0.909394779,0.815173159,0.910790749,0.876331389,0.772731281,0.852734662,0.928276942,0.70487088,0.889984525,0.781509584,0.766048264,0.834148536,0.889833224,0.840909844,0.065866138,13,-6.075463963,-9.010590147,-5.903448138,-6.568523807,-9.113426095,-7.357407113,-6.066736312,-9.885550952,-7.054214879,-9.619918365,-9.551493236,-6.930688438,-7.846608551,-7.768005384,1.42797038,14
161,0.366984312,0.004531173,0.001194385,0.000370999,"(100,)",0.0011,100,"{'hidden_layer_sizes': (100,), 'learning_rate_init': 0.0011, 'max_iter': 100}",0.900034386,0.823530555,0.92115213,0.893153165,0.782633016,0.860816592,0.924863355,0.672034094,0.861713548,0.798509425,0.765463634,0.838343177,0.886546226,0.840676408,0.069246992,15,-6.381579092,-8.804515758,-5.550035867,-6.10546672,-8.912686564,-7.15267105,-6.209428373,-10.42099521,-7.908818567,-9.238097884,-9.563420068,-6.842483218,-7.962806082,-7.773308035,1.471134861,15
528,0.249507299,0.002883726,0.001386826,0.000446316,"(200,)",0.0008,50,"{'hidden_layer_sizes': (200,), 'learning_rate_init': 0.0008, 'max_iter': 50}",0.912783346,0.827637935,0.908862503,0.857319205,0.774745149,0.858447264,0.925386614,0.692578837,0.899781517,0.793542459,0.771828309,0.819940984,0.883455025,0.840485319,0.066089543,16,-5.960772521,-8.701448617,-5.966908181,-7.055386282,-9.072958409,-7.213294327,-6.187769063,-10.08931608,-6.73279989,-9.351269349,-9.432765028,-7.221445822,-8.070555763,-7.773591487,1.373515401,16
313,0.406922927,0.005717562,0.001051077,0.000137694,"(150,)",0.0009,100,"{'hidden_layer_sizes': (150,), 'learning_rate_init': 0.0009, 'max_iter': 100}",0.904059293,0.814204748,0.925391181,0.885537624,0.771814269,0.871848077,0.925019638,0.68582738,0.878929601,0.795836384,0.732472246,0.84542095,0.883623768,0.839998858,0.072194195,18,-6.251788747,-9.034165063,-5.398783221,-6.319306426,-9.131793567,-6.863364791,-6.202967247,-10.1995031,-7.400154429,-9.299173813,-10.21392249,-6.691015545,-8.064711054,-7.774665346,1.57781495,17
553,0.511774247,0.013250532,0.001315484,0.000463721,"(200,)",0.0011,100,"{'hidden_layer_sizes': (200,), 'learning_rate_init': 0.0011, 'max_iter': 100}",0.905378421,0.821553243,0.926291538,0.878538219,0.772483157,0.870905611,0.92564305,0.675222018,0.880657871,0.797742214,0.743581616,0.831899354,0.88511519,0.839616269,0.072526184,19,-6.208660794,-8.853704958,-5.366108887,-6.509653299,-9.118399589,-6.888556142,-6.177126635,-10.37022399,-7.347146279,-9.255669023,-9.999602018,-6.977525192,-8.012867693,-7.775788038,1.542141525,18
304,0.225076327,0.006096443,0.001294613,0.000581747,"(150,)",0.0008,50,"{'hidden_layer_sizes': (150,), 'learning_rate_init': 0.0008, 'max_iter': 50}",0.909315531,0.817468051,0.911895762,0.865904202,0.77539196,0.862395635,0.926543834,0.69620861,0.890901936,0.792354087,0.754072648,0.834932011,0.884596114,0.840152337,0.066940139,17,-6.078120335,-8.954475667,-5.86677194,-6.839834933,-9.059922707,-7.111981599,-6.13959676,-10.0295761,-7.024741007,-9.378143738,-9.792905253,-6.914298933,-8.030949294,-7.786255251,1.431628387,19
545,0.487669816,0.019032605,0.001335272,0.000455261,"(200,)",0.001,100,"{'hidden_layer_sizes': (200,), 'learning_rate_init': 0.001, 'max_iter': 100}",0.906383361,0.822395633,0.924505575,0.876050878,0.770486671,0.869484434,0.925702381,0.677106837,0.882368743,0.79557203,0.743742886,0.830286744,0.885074894,0.839166236,0.07226526,23,-6.175602854,-8.832782479,-5.430730447,-6.575969114,-9.158319703,-6.92636979,-6.174661702,-10.34008887,-7.294292331,-9.305192229,-9.996456981,-7.010913425,-8.014272846,-7.787357906,1.532501568,20
554,0.769594614,0.019726207,0.001250469,0.000414075,"(200,)",0.0011,150,"{'hidden_layer_sizes': (200,), 'learning_rate_init': 0.0011, 'max_iter': 150}",0.903960486,0.827700609,0.927839299,0.884439093,0.773088403,0.8733732,0.921314849,0.670467946,0.865469785,0.797984247,0.74629435,0.837210377,0.882742409,0.839375773,0.072271582,21,-6.255007195,-8.69986647,-5.309470088,-6.349558191,-9.106263017,-6.822402452,-6.354364329,-10.44584746,-7.800666542,-9.250129436,-9.946566835,-6.866415501,-8.095191927,-7.792442265,1.542332778,21
546,0.715255737,0.018269051,0.001317501,0.000465579,"(200,)",0.001,150,"{'hidden_layer_sizes': (200,), 'learning_rate_init': 0.001, 'max_iter': 150}",0.905249299,0.828565555,0.926884079,0.882983443,0.77061188,0.871608776,0.922220467,0.672128724,0.867599496,0.795931203,0.743649165,0.838214578,0.882620911,0.839097506,0.07250244,24,-6.212895551,-8.678002248,-5.344496332,-6.389423799,-9.155821251,-6.869769875,-6.317691091,-10.41949168,-7.738675128,-9.297014184,-9.998284812,-6.845204303,-8.099384838,-7.797396546,1.547951848,22
537,0.51673449,0.028429611,0.001541725,0.000501924,"(200,)",0.0009,100,"{'hidden_layer_sizes': (200,), 'learning_rate_init': 0.0009, 'max_iter': 100}",0.907221027,0.823251362,0.922493992,0.872664842,0.769184502,0.868077886,0.92529091,0.679420671,0.883933476,0.7940268,0.74455571,0.82911782,0.885145198,0.838798784,0.071696984,28,-6.147911645,-8.811477833,-5.502606937,-6.665184903,-9.184263332,-6.963592032,-6.191736197,-10.30297402,-7.245615511,-9.34029407,-9.980590472,-7.035016328,-8.011821154,-7.798698803,1.515314824,23
538,0.736798818,0.029934243,0.001385817,0.00048834,"(200,)",0.0009,150,"{'hidden_layer_sizes': (200,), 'learning_rate_init': 0.0009, 'max_iter': 150}",0.90637015,0.828732017,0.925706985,0.880667503,0.769613759,0.870376439,0.922727472,0.674780709,0.870077284,0.794353202,0.741195314,0.839551073,0.882922817,0.839005748,0.072393187,26,-6.176038594,-8.673788067,-5.387345145,-6.452342339,-9.17571917,-6.902660176,-6.297066506,-10.37726713,-7.665921038,-9.332890426,-10.04602383,-6.816871852,-8.088962057,-7.799453564,1.546687956,24
137,0.377881655,0.010315662,0.001472198,0.001456575,"(100,)",0.0008,100,"{'hidden_layer_sizes': (100,), 'learning_rate_init': 0.0008, 'max_iter': 100}",0.904624546,0.810992714,0.921529071,0.887655913,0.777823533,0.854966006,0.92678254,0.67978027,0.870388634,0.794344498,0.753911613,0.841500688,0.886458499,0.839289117,0.070055184,22,-6.233344726,-9.1119219,-5.536753693,-6.260559492,-9.010748592,-7.301455151,-6.129612947,-10.2971939,-7.656730126,-9.333087937,-9.79611097,-6.775329361,-7.9658841,-7.800671761,1.515081709,25
520,0.293003816,0.009583438,0.001590472,0.000561701,"(200,)",0.0007,50,"{'hidden_layer_sizes': (200,), 'learning_rate_init': 0.0007, 'max_iter': 50}",0.91288287,0.826302013,0.905985859,0.854955104,0.771741574,0.855431733,0.923535641,0.69394929,0.899109628,0.79383087,0.774284384,0.817984305,0.882908589,0.839453989,0.065368624,20,-5.95737057,-8.73510457,-6.060345697,-7.113597076,-9.133248061,-7.289722682,-6.264050467,-10.06680237,-6.755331375,-9.344735448,-9.381859808,-7.260577083,-8.089453555,-7.80401529,1.348990751,26
330,0.786109172,0.05222338,0.001368944,0.000738494,"(150,)",0.0011,150,"{'hidden_layer_sizes': (150,), 'learning_rate_init': 0.0011, 'max_iter': 150}",0.899916097,0.815825481,0.929457692,0.889892625,0.77890288,0.874268093,0.914976109,0.673781627,0.859939135,0.800305545,0.748363245,0.830266035,0.891207403,0.839007844,0.071197498,25,-6.385353633,-8.994675251,-5.249593074,-6.197923939,-8.98883455,-6.798252165,-6.605355681,-10.39319452,-7.959397552,-9.196830744,-9.905928162,-7.011341165,-7.797517147,-7.806476737,1.521671055,27
305,0.448834694,0.014577722,0.001007685,0.000393092,"(150,)",0.0008,100,"{'hidden_layer_sizes': (150,), 'learning_rate_init': 0.0008, 'max_iter': 100}",0.905365088,0.814139182,0.922422713,0.88045773,0.768101214,0.869870749,0.925561169,0.689601099,0.879784634,0.794088077,0.729138365,0.841163578,0.88254931,0.83863407,0.071866605,30,-6.209098198,-9.035758964,-5.505136605,-6.45801108,-9.205790379,-6.916111454,-6.180526805,-10.13806181,-7.373977128,-9.338904597,-10.27736744,-6.782530719,-8.101854757,-7.809471534,1.563634798,28
530,0.950758989,0.060678855,0.001162547,0.000354829,"(200,)",0.0008,150,"{'hidden_layer_sizes': (200,), 'learning_rate_init': 0.0008, 'max_iter': 150}",0.907371565,0.828765832,0.923663466,0.87726668,0.767369543,0.868345218,0.923012501,0.677420459,0.872450272,0.792348601,0.739502786,0.840237073,0.882677642,0.838494741,0.072148714,33,-6.142922,-8.672931767,-5.460935238,-6.543638172,-9.220301682,-6.956532812,-6.285442054,-10.33506606,-7.595590884,-9.378267627,-10.07881974,-6.802283458,-8.097427311,-7.813089138,1.539583637,29
529,0.552160318,0.086679565,0.00148278,0.000596234,"(200,)",0.0008,100,"{'hidden_layer_sizes': (200,), 'learning_rate_init': 0.0008, 'max_iter': 100}",0.908059959,0.823937501,0.91979455,0.868378878,0.767236313,0.86612366,0.924969738,0.681097144,0.885465513,0.791873925,0.745924652,0.827978045,0.884886795,0.838132821,0.071175352,36,-6.120052992,-8.794358105,-5.597611407,-6.776428038,-9.222941593,-7.014979965,-6.205030955,-10.27599895,-7.19763689,-9.388980525,-9.953811242,-7.058438919,-8.020828659,-7.817469095,1.497331359,30
296,0.226894727,0.011295982,0.001096615,0.000306087,"(150,)",0.0007,50,"{'hidden_layer_sizes': (150,), 'learning_rate_init': 0.0007, 'max_iter': 50}",0.910617243,0.818552763,0.909778719,0.862219327,0.769682521,0.860483715,0.926086257,0.695658593,0.890340613,0.791338207,0.754799391,0.832251436,0.882768933,0.838813671,0.067054043,27,-6.034339062,-8.927829654,-5.936839414,-6.933175406,-9.174349769,-7.161219262,-6.158689627,-10.0386513,-7.042789391,-9.401056404,-9.778424974,-6.970214242,-8.094276308,-7.819373447,1.426017223,31
322,0.606147308,0.003122415,0.001186444,0.000350313,"(150,)",0.001,150,"{'hidden_layer_sizes': (150,), 'learning_rate_init': 0.001, 'max_iter': 150}",0.900879913,0.812584794,0.930155962,0.889664818,0.777267889,0.869987796,0.916642233,0.675620029,0.86197716,0.798320569,0.741686914,0.834323025,0.889497093,0.838354477,0.071851698,34,-6.3545335,-9.073464142,-5.22354664,-6.204332208,-9.022009103,-6.91300035,-6.540316373,-10.36386775,-7.901276769,-9.242426285,-10.03647807,-6.927041664,-7.858569867,-7.820066364,1.548909893,32
128,0.187849485,0.004433935,0.001079064,0.000947564,"(100,)",0.0007,50,"{'hidden_layer_sizes': (100,), 'learning_rate_init': 0.0007, 'max_iter': 50}",0.910681415,0.809898887,0.910670048,0.872678348,0.768296189,0.850682883,0.927756192,0.701504031,0.889747539,0.774856789,0.763089431,0.832227995,0.889158312,0.838557543,0.067473926,31,-6.032172513,-9.138250209,-5.907440502,-6.664831424,-9.201919563,-7.40848349,-6.088720452,-9.941778486,-7.061808598,-9.765278174,-9.611703246,-6.970701235,-7.870607084,-7.820284229,1.462289029,33
146,0.591493148,0.006026518,0.001503156,0.001339786,"(100,)",0.0009,150,"{'hidden_layer_sizes': (100,), 'learning_rate_init': 0.0009, 'max_iter': 150}",0.899216334,0.81659081,0.922918239,0.892412495,0.766588298,0.864563959,0.915431674,0.678938649,0.861378856,0.797176186,0.756880265,0.839862922,0.888557876,0.838501274,0.069519749,32,-6.407637169,-8.975967307,-5.487526375,-6.126591933,-9.235771006,-7.055724982,-6.587635917,-10.31071687,-7.918383553,-9.268611188,-9.73684469,-6.810243997,-7.891896086,-7.831811621,1.487264362,34
539,0.960758283,0.013178227,0.001162382,0.000368266,"(200,)",0.0009,200,"{'hidden_layer_sizes': (200,), 'learning_rate_init': 0.0009, 'max_iter': 200}",0.903849439,0.82199653,0.928633624,0.883987176,0.765368612,0.873220001,0.921683137,0.671095927,0.868237354,0.790566422,0.743341879,0.829203922,0.884414662,0.837353745,0.073718697,44,-6.258622368,-8.842701196,-5.28016662,-6.361961493,-9.259870198,-6.826528244,-6.339476024,-10.43588953,-7.720011522,-9.418426377,-10.00427546,-7.033243748,-8.037260406,-7.832187168,1.572743067,35
154,0.589361338,0.032869949,0.001302297,0.000430726,"(100,)",0.001,150,"{'hidden_layer_sizes': (100,), 'learning_rate_init': 0.001, 'max_iter': 150}",0.898500019,0.820261664,0.921375996,0.89168618,0.769722584,0.867929672,0.912524615,0.67735124,0.859334765,0.798668033,0.760681044,0.837904451,0.886344575,0.838637295,0.068523169,29,-6.430367851,-8.885688287,-5.542151396,-6.147237223,-9.17355181,-6.967502723,-6.699905124,-10.33617484,-7.976551678,-9.234461179,-9.660435061,-6.851761969,-7.969879442,-7.836589891,1.456203757,36
547,0.941008219,0.004542556,0.001090288,0.00026489,"(200,)",0.001,200,"{'hidden_layer_sizes': (200,), 'learning_rate_init': 0.001, 'max_iter': 200}",0.9024223,0.821172516,0.929003189,0.884683162,0.765573858,0.874345862,0.92075483,0.668111704,0.865781215,0.791889836,0.748210533,0.827345468,0.8846997,0.837230321,0.073598719,49,-6.304898871,-8.863144878,-5.266477446,-6.342849396,-9.255819228,-6.796149382,-6.376936943,-10.48312624,-7.791632265,-9.388621623,-9.908933532,-7.071405021,-8.027344212,-7.836718387,1.563906048,37
522,0.886307405,0.059641224,0.001276603,0.000379084,"(200,)",0.0007,150,"{'hidden_layer_sizes': (200,), 'learning_rate_init': 0.0007, 'max_iter': 150}",0.908177678,0.828117734,0.920979419,0.87243131,0.764945277,0.866371039,0.923565582,0.67806768,0.874805816,0.789391415,0.73816336,0.84027114,0.882105995,0.837491803,0.072200227,43,-6.11613373,-8.689329183,-5.556111032,-6.671294077,-9.268220025,-7.008495766,-6.262823932,-10.32469276,-7.525127658,-9.444810018,-10.10469817,-6.80155818,-8.117130496,-7.837725002,1.534876707,38
555,0.982430348,0.027110324,0.001258153,0.000423081,"(200,)",0.0011,200,"{'hidden_layer_sizes': (200,), 'learning_rate_init': 0.0011, 'max_iter': 200}",0.900901898,0.819590322,0.929212699,0.884685365,0.767847811,0.876190868,0.919555757,0.666403175,0.863739843,0.793342384,0.752640893,0.825570319,0.885156445,0.837295214,0.073162789,48,-6.353828755,-8.902267313,-5.258701083,-6.342788817,-9.210818736,-6.746070233,-6.425001108,-10.51007467,-7.850661247,-9.355799345,-9.821370358,-7.107664427,-8.011428855,-7.838190381,1.550147876,39
314,0.604495966,0.001732273,0.001245499,0.00041616,"(150,)",0.0009,150,"{'hidden_layer_sizes': (150,), 'learning_rate_init': 0.0009, 'max_iter': 150}",0.902358113,0.812100128,0.930173844,0.887640829,0.772032662,0.867178356,0.918809074,0.674465625,0.864427989,0.795627707,0.735150274,0.836592874,0.888382889,0.837303105,0.073304256,47,-6.30697224,-9.085188811,-5.222877901,-6.260979748,-9.127422578,-6.987292841,-6.454750613,-10.38229284,-7.830812304,-9.303924974,-10.16267179,-6.879426225,-7.898089581,-7.838669419,1.580507606,40
512,0.282357473,0.003762893,0.001451822,0.000511868,"(200,)",0.0006,50,"{'hidden_layer_sizes': (200,), 'learning_rate_init': 0.0006, 'max_iter': 50}",0.913041586,0.824326754,0.903420937,0.852643375,0.768446959,0.851972925,0.921229951,0.696245462,0.897938825,0.7947799,0.776683337,0.813759339,0.882230326,0.838209206,0.064528289,35,-5.951941348,-8.784631091,-6.142459499,-7.17006133,-9.198925221,-7.376410855,-6.357791463,-10.02896775,-6.794415114,-9.323202951,-9.331870439,-7.34436029,-8.112849208,-7.839837427,1.320739617,41
531,1.316804666,0.044898987,0.00173312,0.000578361,"(200,)",0.0008,200,"{'hidden_layer_sizes': (200,), 'learning_rate_init': 0.0008, 'max_iter': 200}",0.905075785,0.823158406,0.927362156,0.881830655,0.763340055,0.87128989,0.922199599,0.674550096,0.870678208,0.789162932,0.738875843,0.830430007,0.883557307,0.837039303,0.073648448,51,-6.218581694,-8.813794603,-5.32699489,-6.420819353,-9.299813169,-6.878295825,-6.318538533,-10.38094574,-7.648172116,-9.449931819,-10.09094087,-7.007953673,-8.067013569,-7.840138143,1.573163655,42
297,0.448087637,0.015123602,0.001602631,0.000540515,"(150,)",0.0007,100,"{'hidden_layer_sizes': (150,), 'learning_rate_init': 0.0007, 'max_iter': 100}",0.906801105,0.814287099,0.919190213,0.875514301,0.762162509,0.868269176,0.926119881,0.69059404,0.881195849,0.792654129,0.727259779,0.839257917,0.881987477,0.837330267,0.072096314,45,-6.161808795,-9.032162706,-5.618660471,-6.590187445,-9.322920946,-6.958541536,-6.157288678,-10.12183341,-7.330567597,-9.371365724,-10.31294568,-6.823096565,-8.121209497,-7.840199157,1.558635907,43
129,0.373753676,0.004960526,0.001141493,0.000522553,"(100,)",0.0007,100,"{'hidden_layer_sizes': (100,), 'learning_rate_init': 0.0007, 'max_iter': 100}",0.906238214,0.80492195,0.920916672,0.883609606,0.774225159,0.853242223,0.927394244,0.681177525,0.874339785,0.790088127,0.743861474,0.837063622,0.887868242,0.837303603,0.071548693,46,-6.18038844,-9.257099206,-5.558316524,-6.372305752,-9.083424627,-7.344717244,-6.103953918,-10.27470382,-7.539120661,-9.429174943,-9.994143695,-6.869509849,-7.916277004,-7.840241206,1.545707308,44
138,0.57206031,0.021680891,0.001036424,0.00055474,"(100,)",0.0008,150,"{'hidden_layer_sizes': (100,), 'learning_rate_init': 0.0008, 'max_iter': 150}",0.899914697,0.812934514,0.92271449,0.888677984,0.766925951,0.864228324,0.917957857,0.679259871,0.865355454,0.796874179,0.750857349,0.841111785,0.88707975,0.837991708,0.070158965,38,-6.38539828,-9.064994585,-5.494774132,-6.232016129,-9.229088373,-7.064462236,-6.488498647,-10.30555764,-7.803980557,-9.275509153,-9.856714489,-6.783636442,-7.944061223,-7.840668607,1.503702566,45
564,1.751715513,0.062967955,0.00144632,0.000510354,"(200, 50)",0.0005,250,"{'hidden_layer_sizes': (200, 50), 'learning_rate_init': 0.0005, 'max_iter': 250}",0.889498288,0.792377172,0.908389788,0.881521574,0.80747448,0.840252693,0.926254496,0.702996101,0.889049066,0.784320392,0.740402304,0.819602021,0.906904492,0.837618682,0.067157335,40,-6.709456487,-9.550107629,-5.982362861,-6.429210943,-8.387953167,-7.662867079,-6.151676571,-9.916899732,-7.0841423,-9.557839517,-10.06140319,-7.228239852,-7.213084657,-7.841172615,1.424065052,46
331,1.024185731,0.091132282,0.001597955,0.001383127,"(150,)",0.0011,200,"{'hidden_layer_sizes': (150,), 'learning_rate_init': 0.0011, 'max_iter': 200}",0.895821022,0.815858572,0.926154151,0.888642826,0.776321858,0.873081386,0.912312001,0.675161941,0.854908304,0.799883225,0.755153797,0.831405076,0.890811466,0.838116587,0.069435863,37,-6.514676922,-8.993867157,-5.371107561,-6.233000151,-9.041148807,-6.830259116,-6.708042413,-10.37118307,-8.101082857,-9.206550492,-9.771355688,-6.987775909,-7.8116933,-7.841672573,1.475677941,47
521,0.567973999,0.015424707,0.001697008,0.000506749,"(200,)",0.0007,100,"{'hidden_layer_sizes': (200,), 'learning_rate_init': 0.0007, 'max_iter': 100}",0.908603657,0.823504335,0.91662374,0.863597562,0.765588588,0.863760307,0.924765964,0.681776342,0.886879026,0.789497573,0.747848853,0.826597866,0.884555726,0.837199964,0.07072759,50,-6.101930341,-8.805169841,-5.707185817,-6.898411587,-9.255528442,-7.076627686,-6.213451355,-10.26505024,-7.15308464,-9.442429377,-9.916047773,-7.086698239,-8.032354474,-7.842613062,1.479472183,48
288,0.226099179,0.01191664,0.00122725,0.000333388,"(150,)",0.0006,50,"{'hidden_layer_sizes': (150,), 'learning_rate_init': 0.0006, 'max_iter': 50}",0.911723263,0.819377443,0.907516912,0.858086983,0.764048958,0.857634205,0.925141259,0.696188345,0.890290171,0.791510677,0.756846029,0.828306261,0.881607081,0.837559814,0.066824065,41,-5.996888486,-8.907518002,-6.010795713,-7.036377868,-9.285874165,-7.233980723,-6.197934464,-10.02991061,-7.044409005,-9.397170367,-9.737530239,-7.051702006,-8.134287737,-7.851106107,1.409940857,49
323,1.015173215,0.126146601,0.001484266,0.000675361,"(150,)",0.001,200,"{'hidden_layer_sizes': (150,), 'learning_rate_init': 0.001, 'max_iter': 200}",0.897090392,0.813811533,0.927667644,0.88931194,0.775070151,0.86845376,0.913831185,0.676318375,0.856939605,0.797423832,0.747744778,0.835337451,0.888862951,0.837527969,0.07031317,42,-6.474866215,-9.043719913,-5.315781373,-6.214245759,-9.066410729,-6.953664596,-6.649680538,-10.35270575,-8.044174914,-9.262951005,-9.918093976,-6.90580227,-7.881086573,-7.852552585,1.509070763,50
162,0.568470845,0.014969639,0.001287259,0.000427997,"(100,)",0.0011,150,"{'hidden_layer_sizes': (100,), 'learning_rate_init': 0.0011, 'max_iter': 150}",0.896288017,0.822231869,0.921149321,0.888958832,0.768097314,0.873138644,0.911048879,0.674669088,0.857530777,0.799448769,0.760587366,0.833200581,0.885493886,0.837834103,0.068741257,39,-6.5000591,-8.836853766,-5.550134726,-6.22414996,-9.205867798,-6.828718226,-6.756183462,-10.37904781,-8.027537121,-9.216538844,-9.662325612,-6.950467051,-7.999650338,-7.85673337,1.446942084,51
523,1.155855766,0.037501878,0.001334814,0.000447633,"(200,)",0.0007,200,"{'hidden_layer_sizes': (200,), 'learning_rate_init': 0.0007, 'max_iter': 200}",0.906132899,0.823851573,0.925365289,0.878115919,0.761070593,0.869600976,0.923061469,0.676549524,0.872670468,0.786564706,0.733674127,0.830297963,0.882027002,0.836075578,0.073893785,61,-6.183858443,-8.796503912,-5.399719933,-6.5209599,-9.344297275,-6.923276704,-6.283442796,-10.34900852,-7.589031697,-9.507981102,-10.19095341,-7.010681694,-8.119849413,-7.863043446,1.576391538,52
306,0.698336638,0.040044314,0.001507979,0.000520211,"(150,)",0.0008,150,"{'hidden_layer_sizes': (150,), 'learning_rate_init': 0.0008, 'max_iter': 150}",0.903906359,0.812430502,0.928853688,0.88470648,0.768654487,0.864286059,0.920190776,0.678682195,0.86601525,0.793463231,0.729102968,0.834761796,0.88644453,0.836269102,0.073388288,58,-6.256769589,-9.077198311,-5.272019429,-6.342208069,-9.194802049,-7.062960056,-6.399591684,-10.314834,-7.784836235,-9.353063448,-10.27803896,-6.917862972,-7.966374096,-7.863119915,1.583808419,53
315,0.812111818,0.011702753,0.001097441,0.000266217,"(150,)",0.0009,200,"{'hidden_layer_sizes': (150,), 'learning_rate_init': 0.0009, 'max_iter': 200}",0.898978923,0.81458651,0.928774503,0.88809345,0.769914801,0.866325939,0.916400888,0.674262673,0.859161695,0.794499182,0.739724043,0.838508879,0.887793541,0.836694233,0.072252944,52,-6.4151798,-9.02487884,-5.274952458,-6.24835635,-9.169722331,-7.009678348,-6.549777583,-10.38552872,-7.981457226,-9.329577331,-10.07453853,-6.838975482,-7.918913421,-7.863195109,1.553708496,54
130,0.5705772,0.012692129,0.001040495,0.000563701,"(100,)",0.0007,150,"{'hidden_layer_sizes': (100,), 'learning_rate_init': 0.0007, 'max_iter': 150}",0.901588965,0.808032464,0.923011173,0.886401802,0.765008692,0.861180527,0.92083207,0.680280646,0.86889218,0.79353025,0.737633993,0.838737139,0.888013268,0.836395628,0.072103818,54,-6.331764258,-9.183000552,-5.484217356,-6.295406213,-9.266969715,-7.143313572,-6.373828383,-10.28914555,-7.700804427,-9.35154584,-10.11490759,-6.834140487,-7.91115608,-7.867707694,1.548440457,55
514,0.860705009,0.028912618,0.001502367,0.000557248,"(200,)",0.0006,150,"{'hidden_layer_sizes': (200,), 'learning_rate_init': 0.0006, 'max_iter': 150}",0.908956186,0.826291411,0.917448288,0.865969255,0.761267958,0.86324211,0.923195517,0.680954386,0.87751835,0.787151321,0.738077492,0.839495039,0.88253317,0.836315422,0.071679358,56,-6.090150979,-8.735371149,-5.678895146,-6.838175645,-9.340437096,-7.090073124,-6.277966698,-10.27829874,-7.443159221,-9.494906029,-10.10635493,-6.818062097,-8.102411421,-7.868789406,1.515855717,56
289,0.445952892,0.009929527,0.001413125,0.000509917,"(150,)",0.0006,100,"{'hidden_layer_sizes': (150,), 'learning_rate_init': 0.0006, 'max_iter': 100}",0.90792233,0.814800997,0.915243011,0.869430526,0.757912962,0.865320021,0.926087401,0.692831834,0.883460937,0.791289242,0.728160319,0.83684122,0.881690521,0.836230101,0.071553111,59,-6.12463199,-9.019657319,-5.7542479,-6.749302036,-9.405840563,-7.036003367,-6.15864196,-10.08516364,-7.260349999,-9.402159392,-10.29590585,-6.874196558,-8.131420826,-7.869040108,1.535593178,57
513,0.592713723,0.041517759,0.001523806,0.000505986,"(200,)",0.0006,100,"{'hidden_layer_sizes': (200,), 'learning_rate_init': 0.0006, 'max_iter': 100}",0.909466299,0.822682054,0.912854216,0.8585937,0.763137521,0.860662501,0.923913111,0.68478739,0.888202404,0.787952608,0.75084554,0.824132969,0.88449526,0.836286583,0.069768481,57,-6.073065643,-8.825657333,-5.83477343,-7.023804524,-9.303791709,-7.156629339,-6.24856992,-10.2163706,-7.111120332,-9.477016978,-9.856948081,-7.136888922,-8.034457736,-7.869161119,1.451006243,58
121,0.380372029,0.003016823,0.001494701,0.001031808,"(100,)",0.0006,100,"{'hidden_layer_sizes': (100,), 'learning_rate_init': 0.0006, 'max_iter': 100}",0.907892655,0.804589656,0.916845892,0.879540611,0.769554479,0.851885233,0.926828364,0.686133066,0.87716603,0.783577999,0.738617383,0.83600548,0.888240321,0.835913628,0.071586032,63,-6.125618836,-9.264980076,-5.699577486,-6.482736419,-9.176899585,-7.378595438,-6.127694501,-10.1945399,-7.453856714,-9.574274948,-10.09593364,-6.891779746,-7.903132074,-7.874586104,1.544292131,59
120,0.193600875,0.007111969,0.002007558,0.001768965,"(100,)",0.0006,50,"{'hidden_layer_sizes': (100,), 'learning_rate_init': 0.0006, 'max_iter': 50}",0.91173462,0.805711389,0.908564771,0.868134122,0.762292971,0.848394699,0.926453625,0.701411013,0.889386083,0.770861202,0.761439898,0.830914116,0.887225432,0.836347996,0.068012709,55,-5.996502703,-9.238349469,-5.976646729,-6.782725659,-9.320363629,-7.465032656,-6.143365528,-9.943327409,-7.073374955,-9.851548658,-9.645106821,-6.997942959,-7.938935128,-7.874863254,1.472149389,60
540,1.186062336,0.007367004,0.001089426,0.000264245,"(200,)",0.0009,250,"{'hidden_layer_sizes': (200,), 'learning_rate_init': 0.0009, 'max_iter': 250}",0.902112675,0.822476294,0.928946935,0.881079684,0.765664623,0.875241776,0.916274239,0.670074727,0.860407625,0.791423885,0.747316658,0.823517433,0.88318233,0.835978376,0.072598314,62,-6.31489403,-8.830776506,-5.268563469,-6.441189324,-9.254027219,-6.771877762,-6.554737041,-10.45207794,-7.946074708,-9.399126139,-9.926506742,-7.149367609,-8.079992097,-7.876093122,1.539356112,61
532,1.632360844,0.039838582,0.001751166,0.000474752,"(200,)",0.0008,250,"{'hidden_layer_sizes': (200,), 'learning_rate_init': 0.0008, 'max_iter': 250}",0.903592771,0.824192081,0.928712306,0.879793254,0.763033192,0.873059459,0.917217626,0.672977127,0.863177086,0.789507544,0.741499905,0.825482437,0.882759608,0.835769569,0.072969303,67,-6.266970316,-8.787997657,-5.277255111,-6.47593466,-9.305840466,-6.830849092,-6.517704399,-10.40600216,-7.866856226,-9.442205726,-10.04011042,-7.10945471,-8.094598226,-7.878598398,1.551395978,62
307,0.930680403,0.10203345,0.001030005,0.000453316,"(150,)",0.0008,200,"{'hidden_layer_sizes': (150,), 'learning_rate_init': 0.0008, 'max_iter': 200}",0.900930074,0.816328664,0.928198515,0.886108197,0.766869107,0.863392844,0.918245591,0.678295815,0.860670047,0.792129574,0.731737732,0.837127126,0.885719781,0.835827159,0.072671788,64,-6.352925399,-8.982379673,-5.296238329,-6.303536489,-9.230213731,-7.086164723,-6.477110594,-10.32103386,-7.938602218,-9.383212327,-10.22793436,-6.868171037,-7.991755683,-7.881482955,1.56648533,63
122,0.563247662,0.00670347,0.000908063,0.000601918,"(100,)",0.0006,150,"{'hidden_layer_sizes': (100,), 'learning_rate_init': 0.0006, 'max_iter': 150}",0.904328134,0.808471373,0.91995573,0.883077305,0.761806119,0.857972476,0.922516338,0.686841027,0.871859806,0.789035132,0.729703785,0.839969332,0.888445916,0.835690959,0.072307033,69,-6.243023342,-9.172496675,-5.591984148,-6.386860718,-9.329903343,-7.225381403,-6.305663484,-10.18303596,-7.613151705,-9.452795442,-10.26663491,-6.807980936,-7.895859344,-7.882674723,1.557075169,64
548,1.301985025,0.098200548,0.001314255,0.000608414,"(200,)",0.001,250,"{'hidden_layer_sizes': (200,), 'learning_rate_init': 0.001, 'max_iter': 250}",0.900454814,0.821438441,0.928336985,0.881110735,0.766346394,0.876313949,0.915010622,0.667365104,0.857991897,0.793678468,0.753104981,0.82116726,0.883073803,0.835799496,0.072146526,65,-6.368145345,-8.856552462,-5.291128945,-6.440348344,-9.240555665,-6.74271621,-6.604014944,-10.4949108,-8.014535528,-9.348188662,-9.812152741,-7.196813317,-8.083744502,-7.884139035,1.520110245,65
504,0.312129718,0.028415095,0.001655652,0.000464556,"(200,)",0.0005,50,"{'hidden_layer_sizes': (200,), 'learning_rate_init': 0.0005, 'max_iter': 50}",0.912754713,0.822819677,0.899921264,0.849409871,0.76578692,0.848947498,0.918783348,0.698839705,0.896107612,0.797050785,0.77846813,0.804344594,0.881674196,0.836531409,0.063620698,53,-5.961750888,-8.822231712,-6.252759323,-7.248302171,-9.251612134,-7.451410349,-6.455773159,-9.986049267,-6.85509788,-9.271476016,-9.294504521,-7.527705981,-8.131981827,-7.885435018,1.280564298,66
298,0.676925769,0.023025804,0.001240675,0.000357491,"(150,)",0.0007,150,"{'hidden_layer_sizes': (150,), 'learning_rate_init': 0.0007, 'max_iter': 150}",0.905462421,0.812664964,0.927141536,0.881990295,0.762593279,0.862575301,0.92173837,0.679969393,0.867817129,0.79164169,0.723288299,0.834451367,0.885499403,0.835141034,0.074270693,75,-6.205904299,-9.07152329,-5.335078474,-6.416480791,-9.314474298,-7.107337124,-6.337240156,-10.29415267,-7.732312296,-9.394217357,-10.38775979,-6.924358114,-7.999457625,-7.886176637,1.59890237,67
556,1.251883397,0.049441893,0.001256466,0.000417253,"(200,)",0.0011,250,"{'hidden_layer_sizes': (200,), 'learning_rate_init': 0.0011, 'max_iter': 250}",0.8987956,0.819465993,0.927706192,0.880867575,0.769253228,0.878013785,0.913518792,0.665655614,0.856202498,0.796128416,0.758095792,0.818581891,0.883090717,0.835798161,0.071507824,66,-6.420998007,-8.905334277,-5.314364719,-6.446931085,-9.182895908,-6.696222826,-6.661723369,-10.52184415,-8.064871751,-9.292520759,-9.71247352,-7.248648491,-8.083159801,-7.888614513,1.49884156,68
505,0.576725593,0.016807464,0.001554416,0.000644635,"(200,)",0.0005,100,"{'hidden_layer_sizes': (200,), 'learning_rate_init': 0.0005, 'max_iter': 100}",0.909991489,0.822871406,0.908340513,0.854469025,0.760667358,0.856685858,0.922775586,0.689304951,0.889559368,0.787647071,0.756331123,0.821618602,0.884548686,0.835754695,0.068213728,68,-6.055424958,-8.820943748,-5.983971514,-7.125506746,-9.352179019,-7.258034749,-6.295105758,-10.14289696,-7.067832296,-9.483842193,-9.747834936,-7.187725843,-8.032599384,-7.888761392,1.408426379,69
280,0.247722076,0.051741301,0.001135331,0.000406444,"(150,)",0.0005,50,"{'hidden_layer_sizes': (150,), 'learning_rate_init': 0.0005, 'max_iter': 50}",0.912539558,0.817735722,0.903300022,0.854290679,0.760612558,0.854729148,0.92394801,0.697853641,0.890024723,0.792426344,0.760181059,0.822314864,0.88035926,0.836178122,0.066000878,60,-5.969097462,-8.947907681,-6.146303408,-7.129871523,-9.353249644,-7.307414802,-6.247136731,-10.00238415,-7.052925997,-9.376511886,-9.670521101,-7.17368448,-8.177041695,-7.88877312,1.379663477,70
506,0.873698491,0.054000636,0.001472143,0.000496923,"(200,)",0.0005,150,"{'hidden_layer_sizes': (200,), 'learning_rate_init': 0.0005, 'max_iter': 150}",0.909547875,0.826310205,0.913062269,0.860129696,0.757112649,0.85937203,0.922421073,0.685776315,0.881692313,0.785022073,0.741486741,0.839007937,0.882915435,0.835681278,0.070524038,70,-6.070328931,-8.734898566,-5.827804267,-6.985553079,-9.421375055,-7.189693446,-6.309538663,-10.20033196,-7.315234928,-9.542279357,-10.04036607,-6.828400006,-8.089217069,-7.8888478,1.483703355,71
533,1.974143322,0.041842457,0.00160696,0.00082553,"(200,)",0.0008,300,"{'hidden_layer_sizes': (200,), 'learning_rate_init': 0.0008, 'max_iter': 300}",0.902780651,0.824163213,0.924990687,0.88357349,0.76030387,0.875457744,0.914761453,0.668080369,0.862481459,0.791167372,0.746264335,0.823386621,0.882508055,0.835378409,0.073143866,73,-6.293310956,-8.788719129,-5.413253954,-6.373294355,-9.359278165,-6.766013857,-6.613688565,-10.48362111,-7.886828984,-9.404904034,-9.947155193,-7.152016733,-8.103277531,-7.891181736,1.536395976,72
541,1.44735804,0.057172554,0.001555039,0.000514084,"(200,)",0.0009,300,"{'hidden_layer_sizes': (200,), 'learning_rate_init': 0.0009, 'max_iter': 300}",0.901055678,0.822443577,0.924433565,0.883522267,0.762810532,0.877825874,0.913315504,0.665904774,0.86000976,0.793749843,0.752088578,0.819586979,0.883438499,0.835398879,0.072551746,72,-6.348896907,-8.831590207,-5.433319876,-6.374696175,-9.310211451,-6.701378358,-6.669548518,-10.51792287,-7.957390566,-9.346571565,-9.832329044,-7.228541213,-8.071127972,-7.894117287,1.513712076,73
515,1.166031416,0.057776321,0.001754852,0.000435557,"(200,)",0.0006,200,"{'hidden_layer_sizes': (200,), 'learning_rate_init': 0.0006, 'max_iter': 200}",0.907118151,0.823288436,0.922340407,0.871757918,0.757284437,0.866349355,0.922830813,0.680046169,0.875102993,0.784437499,0.729612132,0.830187861,0.881654339,0.834770039,0.073660149,80,-6.151319202,-8.810553665,-5.508056198,-6.688878636,-9.418042722,-7.009064363,-6.292854415,-10.29291779,-7.516191066,-9.555244355,-10.26837538,-7.012955576,-8.132664134,-7.896701346,1.5644999,74
524,1.648055975,0.108837242,0.001527034,0.000694965,"(200,)",0.0007,250,"{'hidden_layer_sizes': (200,), 'learning_rate_init': 0.0007, 'max_iter': 250}",0.904888399,0.82580809,0.927796945,0.877163114,0.760313976,0.871090774,0.918616173,0.673997691,0.865493123,0.786701828,0.733769755,0.825324102,0.881555493,0.834809189,0.07386188,79,-6.224716588,-8.747515206,-5.311028022,-6.54639846,-9.359080868,-6.883614148,-6.462413988,-10.38975209,-7.799989903,-9.504926391,-10.18912363,-7.112679072,-8.136059756,-7.897484471,1.568653016,75
299,0.917177072,0.046003436,0.001223014,0.000358878,"(150,)",0.0007,200,"{'hidden_layer_sizes': (150,), 'learning_rate_init': 0.0007, 'max_iter': 200}",0.903060257,0.817494712,0.927249814,0.885021181,0.761371427,0.861094533,0.920228924,0.678967236,0.862616911,0.790362619,0.723060817,0.836001004,0.884842364,0.834720908,0.07412717,82,-6.284254574,-8.953821695,-5.331112655,-6.333546439,-9.33841277,-7.145525738,-6.398062037,-10.31025784,-7.882943867,-9.423007863,-10.39202875,-6.891873812,-8.022376439,-7.900555729,1.594193723,76
332,1.165697281,0.090479786,0.001116569,0.000289041,"(150,)",0.0011,250,"{'hidden_layer_sizes': (150,), 'learning_rate_init': 0.0011, 'max_iter': 250}",0.89287514,0.81408036,0.923326721,0.886809331,0.769324733,0.883499359,0.909459372,0.668877405,0.844271368,0.805907585,0.761045827,0.814726804,0.8889095,0.835624116,0.070051103,71,-6.606143009,-9.0371887,-5.472966942,-6.284103805,-9.181472967,-6.543930478,-6.816280785,-10.47102642,-8.39278367,-9.066913514,-9.653069789,-7.32525956,-7.879435917,-7.902351966,1.460849327,77
525,1.652035603,0.134620071,0.001358216,0.000472731,"(200,)",0.0007,300,"{'hidden_layer_sizes': (200,), 'learning_rate_init': 0.0007, 'max_iter': 300}",0.904298603,0.825626249,0.925217504,0.882410566,0.757646888,0.873158071,0.916533671,0.668758851,0.864329724,0.787932733,0.737772093,0.824601922,0.88051952,0.834523569,0.074269026,88,-6.243986791,-8.752079828,-5.405063318,-6.405045021,-9.411008044,-6.828195356,-6.544573925,-10.47290076,-7.833649733,-9.477461107,-10.11224518,-7.127367246,-8.171563226,-7.906549195,1.565834574,78
549,1.489454159,0.033662498,0.001154258,0.000361329,"(200,)",0.001,300,"{'hidden_layer_sizes': (200,), 'learning_rate_init': 0.001, 'max_iter': 300}",0.899055365,0.821417625,0.923170758,0.882387633,0.763118725,0.878945078,0.911772617,0.663691251,0.85752945,0.796773599,0.757708405,0.815694938,0.88368824,0.834996437,0.071967998,76,-6.412752182,-8.857068679,-5.47853045,-6.405669559,-9.304160845,-6.67061299,-6.72864196,-10.55270822,-8.027574522,-9.277805303,-9.720247205,-7.306095647,-8.062476857,-7.908026493,1.486416227,79
572,1.622914021,0.104488701,0.001425927,0.000751722,"(200, 50)",0.0006,250,"{'hidden_layer_sizes': (200, 50), 'learning_rate_init': 0.0006, 'max_iter': 250}",0.878769899,0.785365196,0.917371876,0.88138227,0.815166787,0.839829066,0.921675488,0.692036479,0.8820417,0.78829573,0.737661041,0.808948548,0.904469084,0.834847166,0.068532505,77,-7.027616758,-9.710034846,-5.6815228,-6.432989475,-8.218675832,-7.673020755,-6.339785569,-10.09821202,-7.304425219,-9.469346323,-10.11438618,-7.438611776,-7.306823867,-7.908880879,1.436215479,80
324,1.136885074,0.039598392,0.001114405,0.002822687,"(150,)",0.001,250,"{'hidden_layer_sizes': (150,), 'learning_rate_init': 0.001, 'max_iter': 250}",0.894357365,0.812961579,0.924993784,0.887941786,0.768525018,0.878351754,0.910874634,0.669254501,0.846934917,0.802874444,0.753709757,0.820527478,0.886739721,0.835234365,0.070768239,74,-6.560281113,-9.064338773,-5.413142177,-6.252589029,-9.197374564,-6.686940291,-6.762797496,-10.46506231,-8.320699954,-9.137484573,-9.800127807,-7.209675277,-7.95601292,-7.909732791,1.490320601,81
290,0.656949447,0.029982504,0.001367881,0.000726548,"(150,)",0.0006,150,"{'hidden_layer_sizes': (150,), 'learning_rate_init': 0.0006, 'max_iter': 150}",0.906594592,0.813602855,0.924436183,0.876577871,0.758065295,0.859661143,0.922697508,0.683750673,0.870710712,0.789080963,0.719981881,0.834651932,0.884429158,0.834172367,0.074137577,91,-6.168631781,-9.04878655,-5.433225756,-6.561974737,-9.402880777,-7.1822991,-6.298287325,-10.23315735,-7.647210897,-9.45176862,-10.44963696,-6.920162366,-8.036756402,-7.910367587,1.591453345,82
316,1.008563243,0.003070365,0.00132005,0.000478651,"(150,)",0.0009,250,"{'hidden_layer_sizes': (150,), 'learning_rate_init': 0.0009, 'max_iter': 250}",0.89661731,0.814432495,0.926794766,0.88720005,0.763313123,0.875870503,0.913496384,0.666532373,0.849984058,0.799618188,0.74559996,0.826447488,0.885862533,0.834751479,0.072775403,81,-6.489731813,-9.028626339,-5.347759587,-6.273248479,-9.300342304,-6.75479257,-6.662586391,-10.50803926,-8.237406563,-9.212645094,-9.960169381,-7.089770456,-7.986762727,-7.911683151,1.538526486,83
281,0.443582608,0.014517131,0.001386312,0.000486378,"(150,)",0.0005,100,"{'hidden_layer_sizes': (150,), 'learning_rate_init': 0.0005, 'max_iter': 100}",0.909029791,0.813332529,0.910206606,0.862638557,0.752895372,0.861234741,0.925391216,0.695163936,0.88518761,0.788888184,0.731005327,0.833811483,0.880658642,0.834572615,0.070747481,86,-6.087688671,-9.055345742,-5.922744524,-6.922619458,-9.502815193,-7.14191856,-6.187578209,-10.04680609,-7.206363666,-9.456087052,-10.24188691,-6.937727353,-8.166804402,-7.913568141,1.507690783,84
557,1.505643606,0.04792891,0.001361975,0.000460289,"(200,)",0.0011,300,"{'hidden_layer_sizes': (200,), 'learning_rate_init': 0.0011, 'max_iter': 300}",0.897109501,0.819335934,0.922111565,0.881109216,0.765760348,0.880610646,0.909854906,0.662360607,0.855455426,0.800171559,0.762333513,0.811376742,0.88375246,0.834718648,0.071222949,83,-6.474265021,-8.908541463,-5.516165619,-6.440389487,-9.252136928,-6.624564307,-6.801375756,-10.57356411,-8.08579437,-9.199915572,-9.627025221,-7.391189592,-8.060250759,-7.919629093,1.458645622,85
565,2.16747559,0.082305961,0.00146732,0.000467044,"(200, 50)",0.0005,300,"{'hidden_layer_sizes': (200, 50), 'learning_rate_init': 0.0005, 'max_iter': 300}",0.877097278,0.777418814,0.919857965,0.884851515,0.80655468,0.84208482,0.919804914,0.69289546,0.869732359,0.802152633,0.734042959,0.81949624,0.904711913,0.83466935,0.068272662,85,-7.075930976,-9.888147631,-5.595398099,-6.338217688,-8.407966213,-7.618797999,-6.415043405,-10.08411907,-7.676090217,-9.154198573,-10.18389427,-7.230358785,-7.297531371,-7.920438023,1.450199757,86
147,0.888283253,0.110305926,0.00155559,0.001642722,"(100,)",0.0009,200,"{'hidden_layer_sizes': (100,), 'learning_rate_init': 0.0009, 'max_iter': 200}",0.896523575,0.811019436,0.922249159,0.888789215,0.760957797,0.869169442,0.909570134,0.670494896,0.857627844,0.796754446,0.757484811,0.82165888,0.888827978,0.834702124,0.070817194,84,-6.49267322,-9.111277741,-5.511291142,-6.228901896,-9.346502687,-6.934722949,-6.812110191,-10.44542031,-8.024802011,-9.278242472,-9.724731251,-7.186914313,-7.882326474,-7.921532051,1.47753975,87
308,1.013516921,0.004176046,0.001043063,0.000416187,"(150,)",0.0008,250,"{'hidden_layer_sizes': (150,), 'learning_rate_init': 0.0008, 'max_iter': 250}",0.898912141,0.81713188,0.926931368,0.885673591,0.760260895,0.87256429,0.915678028,0.670385825,0.85242129,0.796594439,0.737095676,0.827227343,0.883598213,0.834190383,0.073277358,90,-6.41729992,-8.962717653,-5.342767755,-6.315552032,-9.360117146,-6.844159009,-6.578033766,-10.44714896,-8.170218093,-9.281893959,-10.12527903,-7.073823631,-8.065596475,-7.921892879,1.556580559,88
139,0.753575068,0.010225162,0.001117431,0.000586892,"(100,)",0.0008,200,"{'hidden_layer_sizes': (100,), 'learning_rate_init': 0.0008, 'max_iter': 200}",0.896850153,0.808594005,0.9229101,0.885978895,0.76080498,0.868387532,0.911956834,0.670417241,0.861687267,0.796037986,0.752728884,0.825111426,0.887500325,0.834535818,0.071430047,87,-6.482419472,-9.169559725,-5.487816094,-6.307113678,-9.34948977,-6.955414804,-6.72161365,-10.44665108,-7.909570047,-9.294581445,-9.819623354,-7.117007775,-7.92925346,-7.922316489,1.495683108,89
155,0.769454516,0.124696681,0.00139462,0.000480155,"(100,)",0.001,200,"{'hidden_layer_sizes': (100,), 'learning_rate_init': 0.001, 'max_iter': 200}",0.89605735,0.814164022,0.920957859,0.888424313,0.76517021,0.873303355,0.907268309,0.668574677,0.856721228,0.797831725,0.759408132,0.817853319,0.887058205,0.834830208,0.070295861,78,-6.507283515,-9.035155134,-5.556868951,-6.239112578,-9.263784395,-6.824283741,-6.898264016,-10.47581189,-8.05031215,-9.253620697,-9.686092419,-7.263189122,-7.944819041,-7.92296905,1.456499728,90
291,0.862507912,0.019993369,0.001219511,0.000420608,"(150,)",0.0006,200,"{'hidden_layer_sizes': (150,), 'learning_rate_init': 0.0006, 'max_iter': 200}",0.904795004,0.819186397,0.925283436,0.880515691,0.757449057,0.857298041,0.921702152,0.683076558,0.866194593,0.786877528,0.715827194,0.836259147,0.883574281,0.833695314,0.074567206,95,-6.227772013,-8.912227525,-5.402680091,-6.456445294,-9.41484832,-7.242516377,-6.338706367,-10.24405802,-7.779624358,-9.501010835,-10.52687326,-6.886447591,-8.066425582,-7.923048894,1.601128752,91
507,1.163154584,0.069012401,0.001616148,0.000656054,"(200,)",0.0005,200,"{'hidden_layer_sizes': (200,), 'learning_rate_init': 0.0005, 'max_iter': 200}",0.907726801,0.825257792,0.91814222,0.864407284,0.752320754,0.862082176,0.921979923,0.685236953,0.878874172,0.781684487,0.729300097,0.831140865,0.881941179,0.833853439,0.072783413,93,-6.131131413,-8.761321656,-5.654976279,-6.877905698,-9.513857729,-7.120077441,-6.327452702,-10.20908259,-7.401848211,-9.616067199,-10.27429867,-6.993249152,-8.122802377,-7.923390086,1.535934306,92
112,0.192272168,0.009354787,0.000891942,0.000966339,"(100,)",0.0005,50,"{'hidden_layer_sizes': (100,), 'learning_rate_init': 0.0005, 'max_iter': 50}",0.913726595,0.806722518,0.905025029,0.861676948,0.758354219,0.846460729,0.924845172,0.702830929,0.88832115,0.766460014,0.764187344,0.825210181,0.884619466,0.834495407,0.067521694,89,-5.928451967,-9.214278724,-6.091235512,-6.946808351,-9.397264541,-7.512496038,-6.21017966,-9.919656893,-7.1073428,-9.945710555,-9.589405664,-7.114998084,-8.030136715,-7.923689654,1.452165419,93
516,1.453114381,0.055840993,0.001480359,0.000639045,"(200,)",0.0006,250,"{'hidden_layer_sizes': (200,), 'learning_rate_init': 0.0006, 'max_iter': 250}",0.906105504,0.826458726,0.925646833,0.871950161,0.756114171,0.867151417,0.919104603,0.675658872,0.868522575,0.783796999,0.726085425,0.825742476,0.881507711,0.833372729,0.074551539,99,-6.184760739,-8.731163189,-5.389525653,-6.683863248,-9.440720217,-6.988001372,-6.442992527,-10.36324722,-7.711651415,-9.569429557,-10.33512436,-7.104156036,-8.137700691,-7.929410479,1.574833114,94
113,0.39152525,0.029357937,0.002146281,0.002660043,"(100,)",0.0005,100,"{'hidden_layer_sizes': (100,), 'learning_rate_init': 0.0005, 'max_iter': 100}",0.910518657,0.799673256,0.91312581,0.871517128,0.763652801,0.851544013,0.925664223,0.688799989,0.879567288,0.779190573,0.736695255,0.828227805,0.888226515,0.833569486,0.071770918,97,-6.037665994,-9.380806578,-5.825674176,-6.695155297,-9.293666279,-7.387089783,-6.176247132,-10.15113607,-7.380640101,-9.670835518,-10.13298684,-7.053312961,-7.903620203,-7.929910533,1.53815473,95
571,1.531639466,0.175615264,0.001736054,0.000465025,"(200, 50)",0.0006,200,"{'hidden_layer_sizes': (200, 50), 'learning_rate_init': 0.0006, 'max_iter': 200}",0.892685954,0.808581535,0.890555839,0.869433259,0.808887336,0.82180185,0.933034416,0.705985772,0.881835347,0.764267864,0.738481895,0.816959116,0.906950903,0.833804699,0.066451455,94,-6.611973748,-9.169858421,-6.538785715,-6.749231419,-8.357118822,-8.093308857,-5.862077443,-9.866861243,-7.310811516,-9.992279802,-10.09854991,-7.280995692,-7.211286455,-7.934087618,1.390005777,96
300,1.095871027,0.02737743,0.001330394,0.000459162,"(150,)",0.0007,250,"{'hidden_layer_sizes': (150,), 'learning_rate_init': 0.0007, 'max_iter': 250}",0.901500368,0.819021296,0.926657443,0.885749752,0.754933871,0.869208368,0.917832325,0.670915994,0.854928624,0.793807592,0.727308385,0.827953303,0.882661594,0.833267609,0.07493254,101,-6.334613791,-8.916295479,-5.352773037,-6.313448061,-9.463537102,-6.933691228,-6.493460749,-10.43874371,-8.10051556,-9.345262969,-10.31202669,-7.058946516,-8.097981091,-7.935484306,1.592478449,97
579,1.367050813,0.108396545,0.001206526,0.000561214,"(200, 50)",0.0007,200,"{'hidden_layer_sizes': (200, 50), 'learning_rate_init': 0.0007, 'max_iter': 200}",0.886268123,0.805446961,0.897004866,0.869857944,0.819021192,0.82269279,0.933872488,0.698811161,0.877341181,0.76878092,0.736983678,0.813631737,0.907350963,0.833620308,0.067221162,96,-6.806814889,-9.244634074,-6.343211035,-6.738246092,-8.132530595,-8.073051391,-5.82528008,-9.986522491,-7.44854052,-9.896167238,-10.12743552,-7.346875836,-7.195767489,-7.935775173,1.399275484,98
114,0.569015521,0.018799381,0.000787442,0.000461966,"(100,)",0.0005,150,"{'hidden_layer_sizes': (100,), 'learning_rate_init': 0.0005, 'max_iter': 150}",0.907418987,0.802740839,0.916997727,0.876225753,0.755279317,0.855931467,0.923269128,0.690821948,0.874495227,0.784168874,0.72364684,0.831098207,0.889471663,0.833197383,0.073151036,102,-6.141349317,-9.308705823,-5.694371535,-6.571328582,-9.456864847,-7.277112446,-6.274957497,-10.11810485,-7.534456272,-9.561196176,-10.3810278,-6.994132443,-7.859474064,-7.936390896,1.567304269,99
174,2.003041469,0.072466377,0.001152515,0.000530981,"(100, 50)",0.0005,350,"{'hidden_layer_sizes': (100, 50), 'learning_rate_init': 0.0005, 'max_iter': 350}",0.889246487,0.788988876,0.927453253,0.880355453,0.804604489,0.828680796,0.936682135,0.677028363,0.874776366,0.78446731,0.682414873,0.808626056,0.913256037,0.830506192,0.081286549,145,-6.717096581,-9.627718652,-5.323653483,-6.460773146,-8.450241777,-7.935559318,-5.700183719,-10.3413453,-7.526012695,-9.554583621,-11.12854057,-7.444887254,-6.962677757,-7.936405683,1.722387766,100
163,0.75981175,0.022085793,0.001249277,0.00120004,"(100,)",0.0011,200,"{'hidden_layer_sizes': (100,), 'learning_rate_init': 0.0011, 'max_iter': 200}",0.894288525,0.815004492,0.920953951,0.886117849,0.76382739,0.878210684,0.906541351,0.665876644,0.855219391,0.798751978,0.758886345,0.812389217,0.887041981,0.834085369,0.070870638,92,-6.562418209,-9.014700594,-5.557006315,-6.30326938,-9.290233043,-6.690816434,-6.925250243,-10.51836566,-8.09239354,-9.232535816,-9.696590147,-7.371326014,-7.94538965,-7.938484234,1.456402449,101
517,1.747498897,0.07753996,0.00136038,0.000460288,"(200,)",0.0006,300,"{'hidden_layer_sizes': (200,), 'learning_rate_init': 0.0006, 'max_iter': 300}",0.905742669,0.826433391,0.924282561,0.878347965,0.753518808,0.868467862,0.917591821,0.66975408,0.866378539,0.784139165,0.727881915,0.827037787,0.879481309,0.833004452,0.075371478,103,-6.196699052,-8.731800506,-5.438745848,-6.514749578,-9.490820005,-6.95329185,-6.502956974,-10.45715577,-7.774275093,-9.561854202,-10.30117675,-7.077703067,-8.206989364,-7.939093697,1.587967227,102
131,0.743428267,0.008134941,0.001008474,0.000950307,"(100,)",0.0007,200,"{'hidden_layer_sizes': (100,), 'learning_rate_init': 0.0007, 'max_iter': 200}",0.898753219,0.804383556,0.923998877,0.885124189,0.759370908,0.864786176,0.914699905,0.672088715,0.86438746,0.792875927,0.738717585,0.827983899,0.887469031,0.833433804,0.073176768,98,-6.422342315,-9.269864707,-5.448924778,-6.330708716,-9.377474901,-7.049934253,-6.616075881,-10.42012739,-7.831982725,-9.366352105,-10.09399829,-7.058318825,-7.930356225,-7.939727778,1.546528811,103
123,0.749644555,0.009424037,0.001251331,0.000329539,"(100,)",0.0006,200,"{'hidden_layer_sizes': (100,), 'learning_rate_init': 0.0006, 'max_iter': 200}",0.901304816,0.806074914,0.922192188,0.881464589,0.755764599,0.860976426,0.916461227,0.679504714,0.867691199,0.790117489,0.730024611,0.83376458,0.887614732,0.833304314,0.073168723,100,-6.340898732,-9.229702694,-5.513309961,-6.430756895,-9.447483697,-7.148562911,-6.54741346,-10.30162343,-7.735994691,-9.428515449,-10.26054015,-6.938706285,-7.92522061,-7.94220992,1.555325503,104
282,0.654423053,0.015551675,0.001322269,0.000408618,"(150,)",0.0005,150,"{'hidden_layer_sizes': (150,), 'learning_rate_init': 0.0005, 'max_iter': 150}",0.907242164,0.814046529,0.920210842,0.870345395,0.751661607,0.856280704,0.922732241,0.68612727,0.873129484,0.786261241,0.718212797,0.83220642,0.88354117,0.832461374,0.073993346,105,-6.147211301,-9.03801089,-5.583065838,-6.725615112,-9.526508886,-7.268286867,-6.296872214,-10.19463401,-7.575340333,-9.514737983,-10.48259409,-6.971149418,-8.067572538,-7.95319996,1.574588668,105
292,1.354135367,0.181583447,0.001271211,0.000773455,"(150,)",0.0006,250,"{'hidden_layer_sizes': (150,), 'learning_rate_init': 0.0006, 'max_iter': 250}",0.903393038,0.821658336,0.925537836,0.88196672,0.750994681,0.864110302,0.919588176,0.675444166,0.85956601,0.78880259,0.718258723,0.830834779,0.88105902,0.832401106,0.07554586,106,-6.273458773,-8.851097454,-5.393474555,-6.417121691,-9.539292283,-7.067532037,-6.423706322,-10.36667676,-7.969992503,-9.458003827,-10.48173981,-6.999584518,-8.15309349,-7.953444156,1.607945849,106
508,1.457330282,0.068047321,0.001678173,0.000514473,"(200,)",0.0005,250,"{'hidden_layer_sizes': (200,), 'learning_rate_init': 0.0005, 'max_iter': 250}",0.906977801,0.828885345,0.921815082,0.865033889,0.750329986,0.861889129,0.918792297,0.679141147,0.873627979,0.780396629,0.721333757,0.82747709,0.882647731,0.832180605,0.074668231,109,-6.155964938,-8.669904585,-5.526654305,-6.861995101,-9.552015904,-7.125058762,-6.455417483,-10.30746481,-7.560443307,-9.644388413,-10.42438198,-7.068709092,-8.09845945,-7.957758318,1.563398363,107
534,2.287936742,0.04341374,0.001810606,0.000447089,"(200,)",0.0008,350,"{'hidden_layer_sizes': (200,), 'learning_rate_init': 0.0008, 'max_iter': 350}",0.901103882,0.820499659,0.924057239,0.880502044,0.758176824,0.871559963,0.912019701,0.665945973,0.852494936,0.789555678,0.75040362,0.817950854,0.881044058,0.832716495,0.072431447,104,-6.347350176,-8.879803488,-5.446832232,-6.456813982,-9.400713221,-6.871075637,-6.719213466,-10.51727435,-8.168179254,-9.441126083,-9.865685727,-7.261244242,-8.153606276,-7.963762933,1.512947775,108
342,2.054673763,0.064888309,0.001140356,0.000269782,"(150, 50)",0.0005,350,"{'hidden_layer_sizes': (150, 50), 'learning_rate_init': 0.0005, 'max_iter': 350}",0.885060993,0.793517191,0.927478173,0.875279431,0.791188799,0.832193607,0.930251425,0.674710212,0.861137241,0.7953802,0.698599484,0.838901155,0.901474969,0.831167145,0.076558506,133,-6.842842718,-9.523852597,-5.322739055,-6.59640144,-8.735519536,-7.853780697,-5.982647183,-10.37839179,-7.92528137,-9.30955708,-10.84126928,-6.830664185,-7.420445101,-7.966414772,1.630707352,109
283,0.911942097,0.050253052,0.001516342,0.000532186,"(150,)",0.0005,200,"{'hidden_layer_sizes': (150,), 'learning_rate_init': 0.0005, 'max_iter': 200}",0.90571653,0.820873935,0.921741318,0.875281309,0.751080262,0.85295142,0.922073456,0.685580005,0.869091493,0.784158844,0.70936211,0.831871323,0.882939362,0.831747797,0.075101119,115,-6.19755824,-8.87054101,-5.529260745,-6.596351793,-9.537652861,-7.351990478,-6.323658788,-10.20351778,-7.694948716,-9.561418344,-10.64594583,-6.978106917,-8.088390508,-7.967641693,1.595713037,110
526,1.870284044,0.183973283,0.001115634,0.000487412,"(200,)",0.0007,350,"{'hidden_layer_sizes': (200,), 'learning_rate_init': 0.0007, 'max_iter': 350}",0.902753289,0.822831469,0.924724028,0.880438352,0.756142862,0.86892053,0.914310836,0.668115601,0.855141167,0.786385536,0.741709775,0.819608475,0.878776613,0.83229681,0.073324193,108,-6.294196507,-8.821938125,-5.422867492,-6.458534492,-9.440164901,-6.941316667,-6.631147301,-10.48306469,-8.094579381,-9.51197104,-10.03603394,-7.228110552,-8.230948308,-7.968836415,1.542083759,111
509,1.741461222,0.091225456,0.001353246,0.000416459,"(200,)",0.0005,300,"{'hidden_layer_sizes': (200,), 'learning_rate_init': 0.0005, 'max_iter': 300}",0.906818922,0.828499864,0.921676687,0.871667512,0.747475502,0.862204254,0.917844419,0.672883726,0.869911245,0.78031978,0.719868085,0.830645972,0.880024098,0.831526159,0.075933364,121,-6.161219801,-8.679664735,-5.531543486,-6.691235947,-9.606464948,-7.116925571,-6.492982852,-10.4074881,-7.670817919,-9.646075756,-10.45176005,-7.003489593,-8.18848728,-7.97293508,1.591441987,112
542,1.692864877,0.060908706,0.001247223,0.000411862,"(200,)",0.0009,350,"{'hidden_layer_sizes': (200,), 'learning_rate_init': 0.0009, 'max_iter': 350}",0.899344042,0.81792523,0.923185731,0.879729937,0.759950667,0.874527565,0.909978561,0.662998227,0.849397598,0.792037937,0.756056797,0.81369835,0.882078043,0.832377591,0.072044954,107,-6.403576165,-8.943254723,-5.477996589,-6.477639969,-9.366171281,-6.791233806,-6.796709304,-10.56357549,-8.253492195,-9.385280348,-9.753320539,-7.345562734,-8.118092694,-7.97506968,1.492424315,113
621,2.350198379,0.060410786,0.003606429,0.00658441,"(200, 100)",0.0005,300,"{'hidden_layer_sizes': (200, 100), 'learning_rate_init': 0.0005, 'max_iter': 300}",0.888287758,0.762293703,0.929606564,0.88453168,0.777778509,0.842936792,0.920660391,0.6878424,0.86834033,0.798182002,0.72414923,0.831263386,0.893804851,0.831513661,0.07334268,122,-6.746106935,-10.21859198,-5.244050784,-6.347014047,-9.01166155,-7.598218014,-6.38073559,-10.16674203,-7.716994256,-9.245600798,-10.37158751,-6.990711621,-7.703871082,-7.980145092,1.609609709,114
115,0.745547533,0.009140853,0.001349908,0.001281257,"(100,)",0.0005,200,"{'hidden_layer_sizes': (100,), 'learning_rate_init': 0.0005, 'max_iter': 200}",0.904479136,0.803163486,0.920264064,0.876080905,0.748978784,0.858460602,0.917890582,0.685373302,0.870768436,0.784740147,0.720890381,0.827275462,0.888975121,0.831333878,0.074230544,127,-6.238094606,-9.298728075,-5.58120347,-6.575172538,-9.577828549,-7.212954476,-6.491158399,-10.20687118,-7.645503579,-9.548534259,-10.43267162,-7.072838505,-7.877108385,-7.981435972,1.574785702,115
628,2.607429651,0.077311697,0.001670122,0.001170905,"(200, 100)",0.0006,250,"{'hidden_layer_sizes': (200, 100), 'learning_rate_init': 0.0006, 'max_iter': 250}",0.890827642,0.772874366,0.9274695,0.881802927,0.787096072,0.838101672,0.917395245,0.692264367,0.868452026,0.7892805,0.720934753,0.819940966,0.899865092,0.83125424,0.072141065,130,-6.668976424,-9.988580909,-5.323057303,-6.42157262,-8.820712786,-7.714285387,-6.510708398,-10.09447509,-7.713720135,-9.447296708,-10.43184231,-7.221446196,-7.480823686,-7.987499842,1.561746813,116
451,1.842319654,0.094923286,0.001775026,0.00046455,"(150, 150)",0.0005,200,"{'hidden_layer_sizes': (150, 150), 'learning_rate_init': 0.0005, 'max_iter': 200}",0.893711599,0.784161402,0.909225843,0.867629888,0.769913421,0.834893275,0.93079462,0.693961466,0.880981974,0.78140789,0.74193271,0.820756583,0.896580265,0.831226995,0.069817603,131,-6.580301199,-9.737226469,-5.955002095,-6.795681316,-9.169749827,-7.790348746,-5.959305513,-10.06660212,-7.337162996,-9.622156856,-10.03170186,-7.205072061,-7.602534109,-7.988680398,1.480650301,117
587,1.424304962,0.035221358,0.001680759,0.003554917,"(200, 50)",0.0008,200,"{'hidden_layer_sizes': (200, 50), 'learning_rate_init': 0.0008, 'max_iter': 200}",0.88022092,0.795905895,0.905823933,0.870164484,0.821108061,0.825784854,0.934210484,0.688482172,0.86892853,0.772931968,0.73162945,0.8048265,0.904018486,0.831079672,0.069380335,137,-6.98543288,-9.468603819,-6.06556249,-6.730305708,-8.085506488,-8.002348728,-5.810373715,-10.15631823,-7.69973682,-9.806932567,-10.22999837,-7.518429762,-7.3240359,-7.991045036,1.441357666,118
343,2.338737396,0.040539467,0.001270202,0.000415178,"(150, 50)",0.0005,400,"{'hidden_layer_sizes': (150, 50), 'learning_rate_init': 0.0005, 'max_iter': 400}",0.879586729,0.80470067,0.933242804,0.874027414,0.792434294,0.842079859,0.925063816,0.664252316,0.85877248,0.80186112,0.695508109,0.822268375,0.897078193,0.830067399,0.077474483,151,-7.003901245,-9.262347949,-5.106811765,-6.629428007,-8.709428226,-7.618917667,-6.201139591,-10.54390198,-7.992478214,-9.160940098,-10.89672527,-7.174622875,-7.584210312,-7.991142553,1.612035344,119
518,2.015262861,0.075185264,0.001460167,0.000458497,"(200,)",0.0006,350,"{'hidden_layer_sizes': (200,), 'learning_rate_init': 0.0006, 'max_iter': 350}",0.904256843,0.825047398,0.924008233,0.877856198,0.752364639,0.863682274,0.915794156,0.67021889,0.858083606,0.782383195,0.730440463,0.823455604,0.877189424,0.831136994,0.074389707,134,-6.245348957,-8.766594494,-5.448589356,-6.527903918,-9.513014828,-7.078654019,-6.573502582,-10.44979414,-8.011947205,-9.600666998,-10.25263477,-7.150619841,-8.28465736,-7.992609883,1.56785293,120
317,1.214957787,0.009458418,0.001188627,0.000379296,"(150,)",0.0009,300,"{'hidden_layer_sizes': (150,), 'learning_rate_init': 0.0009, 'max_iter': 300}",0.894949761,0.805776134,0.923802438,0.884350737,0.76114911,0.871223598,0.906143065,0.666010804,0.844990934,0.798071035,0.752172489,0.818598409,0.88665608,0.831838046,0.071406484,114,-6.541861702,-9.236810045,-5.455962112,-6.351985109,-9.342761801,-6.88006693,-6.939990948,-10.51625374,-8.37337121,-9.248142246,-9.830664927,-7.248318482,-7.958950094,-7.994241488,1.492835144,121
550,1.718537826,0.044520755,0.001316236,0.00046607,"(200,)",0.001,350,"{'hidden_layer_sizes': (200,), 'learning_rate_init': 0.001, 'max_iter': 350}",0.897319538,0.816503419,0.921598001,0.878516246,0.759355324,0.876359897,0.907792523,0.660049492,0.846531649,0.794924516,0.761489484,0.809336,0.882441785,0.831709067,0.071720239,117,-6.46765348,-8.978105484,-5.534321362,-6.510242103,-9.377778549,-6.741463673,-6.878738338,-10.60968999,-8.331653669,-9.319917422,-9.644104373,-7.431065206,-8.105562486,-7.994638164,1.468734011,122
535,2.449026071,0.23190373,0.001516581,0.000490756,"(200,)",0.0008,400,"{'hidden_layer_sizes': (200,), 'learning_rate_init': 0.0008, 'max_iter': 400}",0.899443789,0.810779383,0.923227916,0.87956025,0.758424543,0.876163418,0.909756011,0.667914585,0.847524705,0.790674811,0.75603006,0.809567979,0.88177639,0.831603372,0.071584444,119,-6.400402508,-9.11706273,-5.476492168,-6.482207969,-9.395897036,-6.746818038,-6.805105509,-10.48623892,-8.304653887,-9.415988897,-9.753855009,-7.426543174,-8.128469389,-7.995364248,1.496801712,123
636,2.604912886,0.042512318,0.002291881,0.001764342,"(200, 100)",0.0007,250,"{'hidden_layer_sizes': (200, 100), 'learning_rate_init': 0.0007, 'max_iter': 250}",0.886292164,0.777917356,0.932343171,0.883659183,0.796333931,0.844251061,0.912572133,0.684046056,0.858314975,0.800483409,0.71346323,0.813166003,0.899330437,0.830936393,0.072866859,140,-6.806095436,-9.877067571,-5.141106819,-6.370948459,-8.627226199,-7.566361164,-6.69808513,-10.22837725,-8.005413542,-9.192734109,-10.5705678,-7.35605003,-7.500768453,-7.995446305,1.561854659,124
527,2.108450394,0.081630171,0.001424844,0.000551568,"(200,)",0.0007,400,"{'hidden_layer_sizes': (200,), 'learning_rate_init': 0.0007, 'max_iter': 400}",0.901609987,0.814192891,0.924769531,0.879782753,0.755877007,0.87354991,0.911944135,0.668717548,0.850673194,0.787075289,0.747523727,0.81209773,0.879517985,0.831333207,0.072735976,128,-6.331087933,-9.034453319,-5.421228226,-6.476217505,-9.445309368,-6.817640397,-6.722098382,-10.47355369,-8.218464509,-9.496601723,-9.92243862,-7.377050131,-8.205740495,-7.995529561,1.531193138,125
284,1.120835836,0.032740285,0.001053535,0.000421569,"(150,)",0.0005,250,"{'hidden_layer_sizes': (150,), 'learning_rate_init': 0.0005, 'max_iter': 250}",0.90443247,0.824399389,0.922829691,0.877349973,0.744218119,0.85802408,0.920493865,0.67887463,0.863347941,0.785182067,0.708817706,0.827898179,0.880181524,0.830465356,0.076424169,146,-6.239618221,-8.782814842,-5.490677394,-6.541417389,-9.668224641,-7.224068655,-6.387428359,-10.31174479,-7.861942899,-9.538727851,-10.65591181,-7.060077278,-8.183113259,-7.99582826,1.612996974,126
173,1.727557347,0.063310253,0.001350348,0.000666153,"(100, 50)",0.0005,300,"{'hidden_layer_sizes': (100, 50), 'learning_rate_init': 0.0005, 'max_iter': 300}",0.894383651,0.784478246,0.916337848,0.873941307,0.805564802,0.812371457,0.93427094,0.687635714,0.882429351,0.767288264,0.693719015,0.808733454,0.912001451,0.828704269,0.078475471,180,-6.559464894,-9.730076877,-5.71696222,-6.631693347,-8.429450941,-8.304700441,-5.807703437,-10.17010727,-7.292412952,-9.928058647,-10.92869118,-7.442797947,-7.012847941,-7.996536007,1.664695426,127
309,1.215655198,0.009133007,0.001208635,0.000367676,"(150,)",0.0008,300,"{'hidden_layer_sizes': (150,), 'learning_rate_init': 0.0008, 'max_iter': 300}",0.897268547,0.809710625,0.924493103,0.883011325,0.758004526,0.867354364,0.909290278,0.669933374,0.847432709,0.795070917,0.743499719,0.820719179,0.884455256,0.831557225,0.071891508,120,-6.469259196,-9.142774016,-5.431179023,-6.388662522,-9.404061604,-6.982661701,-6.822642865,-10.45431674,-8.307158802,-9.316590138,-10.00119877,-7.205823789,-8.03584894,-7.997090623,1.512130433,128
333,1.341975102,0.049267537,0.001176211,0.00030086,"(150,)",0.0011,300,"{'hidden_layer_sizes': (150,), 'learning_rate_init': 0.0011, 'max_iter': 300}",0.891118664,0.804487594,0.919798632,0.883310983,0.767388124,0.880005636,0.900389676,0.668150708,0.838696157,0.804335901,0.766732038,0.804232803,0.889009209,0.832127394,0.068885213,110,-6.660081719,-9.267399292,-5.597468977,-6.380475234,-9.219933447,-6.641328192,-7.149536654,-10.48251023,-8.54169682,-9.103549656,-9.537524866,-7.529856213,-7.875899021,-7.999020025,1.41771032,129
620,1.99903092,0.091245474,0.002472089,0.004836263,"(200, 100)",0.0005,250,"{'hidden_layer_sizes': (200, 100), 'learning_rate_init': 0.0005, 'max_iter': 250}",0.892188089,0.76954632,0.914952298,0.875672679,0.779493941,0.829985191,0.925785609,0.695209575,0.87862639,0.780165875,0.734356276,0.819975569,0.90165589,0.830585669,0.071223041,144,-6.627293555,-10.06149554,-5.764107866,-6.585993908,-8.976811539,-7.905291603,-6.171202337,-10.04605396,-7.409415167,-9.649454135,-10.17789383,-7.220752267,-7.413628909,-8.000722663,1.528962546,130
325,1.43030163,0.112791232,0.000961689,0.001670882,"(150,)",0.001,300,"{'hidden_layer_sizes': (150,), 'learning_rate_init': 0.001, 'max_iter': 300}",0.892555114,0.803669243,0.921583926,0.884851284,0.766419757,0.873953435,0.902430784,0.668994353,0.841730303,0.801249584,0.759857492,0.811041236,0.887367782,0.831977253,0.06940957,111,-6.616003273,-9.2867742,-5.534818125,-6.338224041,-9.239104885,-6.806753554,-7.075907221,-10.46917716,-8.460980248,-9.175066367,-9.677042696,-7.397760068,-7.93392307,-8.0008873,1.44362423,131
124,0.940936804,0.014748122,0.001605107,0.001176792,"(100,)",0.0006,250,"{'hidden_layer_sizes': (100,), 'learning_rate_init': 0.0006, 'max_iter': 250}",0.899720465,0.805327705,0.919840023,0.884682646,0.753383098,0.855569402,0.914547683,0.678616244,0.851194144,0.792068158,0.734966762,0.835467406,0.88364642,0.831463858,0.071747254,124,-6.391591236,-9.247466984,-5.59602441,-6.342863581,-9.493432419,-7.286250939,-6.621976608,-10.31589251,-8.204116277,-9.384598388,-10.16619199,-6.903076627,-8.063926158,-8.001339087,1.532441619,132
140,0.930354357,0.008205316,0.001749992,0.000822465,"(100,)",0.0008,250,"{'hidden_layer_sizes': (100,), 'learning_rate_init': 0.0008, 'max_iter': 250}",0.895222171,0.807613244,0.919491237,0.88532232,0.757858285,0.863885267,0.909402022,0.672075992,0.842324602,0.796998807,0.757034217,0.822394474,0.884691167,0.831870293,0.069608866,113,-6.533374236,-9.193022028,-5.608185679,-6.325246947,-9.406902676,-7.073381575,-6.81843922,-10.42032955,-8.445079921,-9.272663203,-9.733761353,-7.172077262,-8.027641226,-8.00231576,1.459762643,133
398,2.774695635,0.060789862,0.001507007,0.003017157,"(150, 100)",0.0005,350,"{'hidden_layer_sizes': (150, 100), 'learning_rate_init': 0.0005, 'max_iter': 350}",0.878957643,0.782836634,0.932426137,0.884599106,0.78961812,0.849746316,0.910395815,0.684937357,0.852628892,0.816813124,0.702088119,0.824557094,0.893556701,0.831012389,0.072707975,139,-7.022172983,-9.7670632,-5.137953643,-6.34516067,-8.768312304,-7.431681419,-6.78093949,-10.21394001,-8.164469484,-8.80850833,-10.77834418,-7.128277984,-7.712866773,-8.004591575,1.557892865,134
301,1.310116163,0.057667449,0.001421397,0.000560006,"(150,)",0.0007,300,"{'hidden_layer_sizes': (150,), 'learning_rate_init': 0.0007, 'max_iter': 300}",0.89993909,0.812769423,0.925060057,0.883786934,0.752624566,0.86337103,0.912290063,0.670097645,0.849778461,0.791848657,0.733281819,0.822775176,0.883060848,0.830821828,0.073703569,141,-6.384620115,-9.068993753,-5.41075022,-6.367449604,-9.508020912,-7.086730489,-6.708881479,-10.45171491,-8.24304934,-9.389550459,-10.19845646,-7.164386371,-8.084192339,-8.005138189,1.555037617,135
175,2.233650024,0.064791162,0.001388146,0.000528408,"(100, 50)",0.0005,400,"{'hidden_layer_sizes': (100, 50), 'learning_rate_init': 0.0005, 'max_iter': 400}",0.886034248,0.793339943,0.924410415,0.876243128,0.800373793,0.843443976,0.929139397,0.676613911,0.860842913,0.788610083,0.674694471,0.805244201,0.910885552,0.828452002,0.080315868,186,-6.813809958,-9.527939423,-5.43415205,-6.570867346,-8.541234029,-7.58594013,-6.03015038,-10.34797841,-7.933675987,-9.462313341,-11.26299415,-7.510380164,-7.057172411,-8.006046752,1.667411575,136
622,2.748998642,0.049806379,0.001355978,0.004152097,"(200, 100)",0.0005,350,"{'hidden_layer_sizes': (200, 100), 'learning_rate_init': 0.0005, 'max_iter': 350}",0.884757251,0.766352053,0.931652548,0.884151167,0.778998263,0.848077778,0.911382801,0.681827104,0.860050267,0.813442745,0.717938139,0.827261091,0.893694565,0.830737367,0.07317724,142,-6.851878308,-10.13098564,-5.167279729,-6.357463396,-8.986895413,-7.472831174,-6.743490195,-10.26423148,-7.956239208,-8.889171047,-10.48770154,-7.073132737,-7.707870372,-8.006859249,1.580261774,137
310,1.41381647,0.005275044,0.001232477,0.000422714,"(150,)",0.0008,350,"{'hidden_layer_sizes': (150,), 'learning_rate_init': 0.0008, 'max_iter': 350}",0.895717013,0.806477775,0.921620585,0.884031675,0.761114171,0.870529495,0.90692801,0.665283242,0.843741384,0.801094591,0.745835011,0.819153494,0.885247617,0.831290312,0.071725758,129,-6.51792815,-9.22011079,-5.533524236,-6.360741239,-9.343445099,-6.89858373,-6.910909751,-10.52770181,-8.407052942,-9.178643208,-9.955566998,-7.237220146,-8.008248179,-8.007667406,1.493820783,138
156,0.951960087,0.073373282,0.001231634,0.000865589,"(100,)",0.001,250,"{'hidden_layer_sizes': (100,), 'learning_rate_init': 0.001, 'max_iter': 250}",0.894336465,0.813736257,0.91752778,0.885628576,0.762868456,0.868886188,0.903947742,0.67219856,0.838578031,0.799241165,0.761957437,0.811673534,0.884686278,0.831943575,0.068204728,112,-6.560930011,-9.045547908,-5.676160283,-6.316795274,-9.309074565,-6.94222589,-7.020685359,-10.41838196,-8.544823887,-9.22130792,-9.634638953,-7.385372417,-8.027811414,-8.007981219,1.410833792,139
318,1.412876661,0.005257077,0.001083667,0.000265116,"(150,)",0.0009,350,"{'hidden_layer_sizes': (150,), 'learning_rate_init': 0.0009, 'max_iter': 350}",0.893085691,0.801923838,0.921058319,0.88502733,0.764030737,0.873824748,0.903789205,0.661579447,0.841300432,0.804507708,0.75398131,0.816685594,0.887367226,0.831397045,0.071344171,126,-6.599647717,-9.327963152,-5.553336532,-6.333377057,-9.286232699,-6.810227335,-7.026476888,-10.5857885,-8.472462746,-9.099551985,-9.79472364,-7.286433744,-7.933942652,-8.008474203,1.476954901,140
148,1.18377625,0.085027954,0.001801527,0.000930345,"(100,)",0.0009,250,"{'hidden_layer_sizes': (100,), 'learning_rate_init': 0.0009, 'max_iter': 250}",0.894771902,0.809609124,0.918624225,0.88671445,0.757869524,0.864648505,0.90617689,0.673172912,0.839276795,0.797898517,0.760813855,0.817088052,0.885912907,0.831736743,0.068858827,116,-6.547397342,-9.145212092,-5.638302553,-6.286737046,-9.406684372,-7.053522354,-6.938740314,-10.40288672,-8.526309375,-9.252091975,-9.657754146,-7.278430831,-7.985000071,-8.009159168,1.436391009,141
558,1.778632861,0.091867937,0.001358784,0.000457177,"(200,)",0.0011,350,"{'hidden_layer_sizes': (200,), 'learning_rate_init': 0.0011, 'max_iter': 350}",0.895442658,0.814062044,0.920379642,0.8773346,0.761108776,0.87883144,0.905224909,0.658205777,0.844139806,0.798301226,0.765897347,0.804122257,0.882536156,0.831198972,0.0712381,132,-6.52649643,-9.037633832,-5.577156985,-6.541827322,-9.343550598,-6.673743216,-6.973853595,-10.63842181,-8.3963281,-9.242869488,-9.55457345,-7.531981894,-8.102308435,-8.01082655,1.445660543,142
132,0.934878093,0.010115112,0.001053994,0.00067823,"(100,)",0.0007,250,"{'hidden_layer_sizes': (100,), 'learning_rate_init': 0.0007, 'max_iter': 250}",0.897392867,0.803514526,0.920957314,0.886653479,0.756778085,0.86009058,0.912282151,0.671921321,0.846066384,0.793745844,0.744050193,0.827033318,0.884002298,0.831114489,0.071586959,136,-6.46534363,-9.29043266,-5.556888104,-6.288428587,-9.427861542,-7.171301741,-6.709184082,-10.42278672,-8.344273497,-9.346662172,-9.990461243,-7.077794501,-8.051584578,-8.011000235,1.517229251,143
543,1.954288024,0.058605658,0.001240639,0.000427479,"(200,)",0.0009,400,"{'hidden_layer_sizes': (200,), 'learning_rate_init': 0.0009, 'max_iter': 400}",0.897214047,0.807301659,0.921837147,0.878810338,0.760603611,0.878813023,0.907739919,0.666322013,0.843912551,0.79367275,0.761339756,0.804352964,0.882582419,0.831115553,0.07099077,135,-6.470974978,-9.200463417,-5.525874387,-6.502357213,-9.353424437,-6.674250382,-6.880700241,-10.51135311,-8.402447102,-9.348318199,-9.64713101,-7.527544965,-8.100712716,-8.01119632,1.473276071,144
566,2.932282961,0.170759772,0.00199604,0.001319092,"(200, 50)",0.0005,350,"{'hidden_layer_sizes': (200, 50), 'learning_rate_init': 0.0005, 'max_iter': 350}",0.870785221,0.770495959,0.924561425,0.884507603,0.803539488,0.844349268,0.910725934,0.689310442,0.85960869,0.813646478,0.735026626,0.81058928,0.893844435,0.831614681,0.067320384,118,-7.25535943,-10.04074376,-5.428721283,-6.347675742,-8.473239449,-7.563975318,-6.768436793,-10.14280733,-7.968781304,-8.884315926,-10.1650438,-7.406601852,-7.702435152,-8.011395165,1.427547675,145
635,2.094978057,0.048864104,0.002337859,0.001676498,"(200, 100)",0.0007,200,"{'hidden_layer_sizes': (200, 100), 'learning_rate_init': 0.0007, 'max_iter': 200}",0.891388397,0.756074016,0.924043398,0.878067862,0.79711153,0.820792778,0.932678689,0.696863692,0.864434187,0.770584563,0.730151315,0.83895808,0.891794171,0.83022636,0.072539988,149,-6.651827054,-10.35141567,-5.447328572,-6.522245329,-8.610741015,-8.116191249,-5.877626739,-10.0187566,-7.830633285,-9.857493746,-10.25813214,-6.829457257,-7.77646094,-8.011408431,1.641049023,146
302,1.556511549,0.062089931,0.001333438,0.000475044,"(150,)",0.0007,350,"{'hidden_layer_sizes': (150,), 'learning_rate_init': 0.0007, 'max_iter': 350}",0.898728825,0.810591934,0.922254968,0.885463864,0.75594025,0.866722618,0.909932754,0.665381436,0.845843436,0.796949806,0.736033162,0.821475032,0.883717102,0.830695014,0.07345039,143,-6.423115945,-9.121577459,-5.511085263,-6.321342202,-9.444085823,-6.999269988,-6.798438337,-10.52615747,-8.350313979,-9.273782288,-10.14571879,-7.190617772,-8.061476465,-8.012844753,1.536109941,147
643,1.912258992,0.091164328,0.002241758,0.000814558,"(200, 100)",0.0008,200,"{'hidden_layer_sizes': (200, 100), 'learning_rate_init': 0.0008, 'max_iter': 200}",0.885737272,0.761963255,0.930106813,0.881517308,0.804196857,0.824259751,0.930620814,0.688737006,0.855106033,0.780780687,0.721663577,0.838360661,0.889017232,0.83015902,0.073134136,150,-6.822682028,-10.22569221,-5.225384214,-6.429326694,-8.459051589,-8.037299223,-5.966784047,-10.15216325,-8.095560957,-9.635951327,-10.41821119,-6.842113189,-7.875614389,-8.014294947,1.649473467,148
182,2.021646059,0.060105567,0.001387633,0.000528132,"(100, 50)",0.0006,350,"{'hidden_layer_sizes': (100, 50), 'learning_rate_init': 0.0006, 'max_iter': 350}",0.888103,0.78277327,0.922838904,0.871078888,0.813343761,0.829985807,0.93538536,0.678484286,0.863861464,0.782907665,0.67577613,0.80425103,0.911695091,0.827729589,0.080704947,197,-6.751683223,-9.768488008,-5.490349605,-6.706563765,-8.259107126,-7.905277296,-5.758258877,-10.31801011,-7.847156842,-9.589090908,-11.24425351,-7.529505666,-7.025044678,-8.014829971,1.695574456,149
519,2.324572306,0.10514454,0.001423634,0.000619213,"(200,)",0.0006,400,"{'hidden_layer_sizes': (200,), 'learning_rate_init': 0.0006, 'max_iter': 400}",0.90356919,0.81772471,0.925079925,0.877740736,0.751198692,0.867858129,0.913502231,0.669213369,0.853958892,0.782600682,0.735481814,0.817480323,0.877640263,0.830234535,0.074177728,148,-6.267736695,-8.948178004,-5.410032926,-6.5309886,-9.535383698,-6.969389616,-6.662361189,-10.46571301,-8.127544469,-9.59586832,-10.15630896,-7.270622016,-8.269436822,-8.016120333,1.565695288,150
326,1.879929634,0.228183025,0.001457875,0.000556801,"(150,)",0.001,350,"{'hidden_layer_sizes': (150,), 'learning_rate_init': 0.001, 'max_iter': 350}",0.890451314,0.799805197,0.918871476,0.884883098,0.769132832,0.876002674,0.900346678,0.665280936,0.838379795,0.808159748,0.761195846,0.808620741,0.887837629,0.831459074,0.069301061,125,-6.68046085,-9.377716847,-5.629730359,-6.33734839,-9.185291264,-6.751195418,-7.151079584,-10.52773807,-8.550069049,-9.014155786,-9.650039129,-7.44499064,-7.917357526,-8.016705609,1.426706372,151
334,1.618453704,0.164129917,0.001147637,0.00061512,"(150,)",0.0011,350,"{'hidden_layer_sizes': (150,), 'learning_rate_init': 0.0011, 'max_iter': 350}",0.888855748,0.800586838,0.917114343,0.882676795,0.769675841,0.881270218,0.898700507,0.665094948,0.835396808,0.811760054,0.76756133,0.801484742,0.889254292,0.831494805,0.068741161,123,-6.728935109,-9.359391735,-5.69036992,-6.397790228,-9.174482804,-6.606240107,-7.209901919,-10.53066256,-8.628611624,-8.929169878,-9.520556337,-7.582521803,-7.867198686,-8.017371747,1.399838054,152
459,1.681913302,0.162977536,0.002927377,0.004034073,"(150, 150)",0.0006,200,"{'hidden_layer_sizes': (150, 150), 'learning_rate_init': 0.0006, 'max_iter': 200}",0.890718411,0.778855361,0.922711307,0.872629645,0.768489135,0.836323571,0.927056921,0.686401161,0.871854065,0.783019507,0.72728125,0.825688017,0.895057074,0.829698879,0.073032831,162,-6.672311866,-9.856186749,-5.494887281,-6.66610601,-9.198087415,-7.756532017,-6.118116861,-10.19018504,-7.61332224,-9.586620541,-10.31253974,-7.105266042,-7.658315466,-8.017575174,1.569520721,153
510,2.049689806,0.116082137,0.001718429,0.000481245,"(200,)",0.0005,350,"{'hidden_layer_sizes': (200,), 'learning_rate_init': 0.0005, 'max_iter': 350}",0.905440092,0.828783223,0.921469989,0.872617071,0.746118338,0.856672232,0.91635609,0.674228398,0.862609235,0.778410255,0.720424935,0.82900599,0.877232092,0.82995138,0.075094174,155,-6.206637177,-8.672491325,-5.538837671,-6.666435049,-9.632244768,-7.258379783,-6.551532273,-10.3860751,-7.88316408,-9.687908326,-10.44136681,-7.03731791,-8.283218068,-8.01889295,1.577120868,154
293,1.414972305,0.046640016,0.001196843,0.000371538,"(150,)",0.0006,300,"{'hidden_layer_sizes': (150,), 'learning_rate_init': 0.0006, 'max_iter': 300}",0.90164622,0.816253969,0.925175199,0.880585317,0.748683033,0.857169745,0.914857468,0.673788544,0.854182429,0.786214699,0.722933951,0.827561647,0.880702009,0.829981095,0.074645055,153,-6.329922095,-8.984205956,-5.40659192,-6.454563861,-9.583469145,-7.245771334,-6.6099626,-10.39308433,-8.1213219,-9.515773856,-10.39440877,-7.066976616,-8.16532043,-8.020874832,1.582231464,155
452,2.297032998,0.250595425,0.002048749,0.000527551,"(150, 150)",0.0005,250,"{'hidden_layer_sizes': (150, 150), 'learning_rate_init': 0.0005, 'max_iter': 250}",0.891891574,0.783248741,0.921194315,0.874537026,0.76412526,0.843448294,0.925318448,0.683171103,0.869080541,0.789383753,0.729755329,0.822324234,0.89003127,0.829808453,0.072520036,159,-6.636400826,-9.757791398,-5.548550994,-6.616005005,-9.284372591,-7.585835517,-6.190594939,-10.24252988,-7.695270594,-9.444981806,-10.26565596,-7.173495331,-7.839552487,-8.021618256,1.544596461,156
629,2.684211438,0.312415564,0.00155592,0.000547597,"(200, 100)",0.0006,300,"{'hidden_layer_sizes': (200, 100), 'learning_rate_init': 0.0006, 'max_iter': 300}",0.887256343,0.757246048,0.932578317,0.886330686,0.786342761,0.853435489,0.914728041,0.680301815,0.856579809,0.80470932,0.713350461,0.82856143,0.887006124,0.829878973,0.07468665,156,-6.777178054,-10.32651713,-5.132164896,-6.297376451,-8.836304019,-7.339879496,-6.614984677,-10.28880491,-8.054284075,-9.094858565,-10.57264767,-7.046459979,-7.946650645,-8.025239274,1.641936496,157
164,0.954516007,0.027634587,0.001043925,0.000578129,"(100,)",0.0011,250,"{'hidden_layer_sizes': (100,), 'learning_rate_init': 0.0011, 'max_iter': 250}",0.892461826,0.813940711,0.917841836,0.88223623,0.762014397,0.873696277,0.903342857,0.669885194,0.837096372,0.799675518,0.762398178,0.803864928,0.885409742,0.831066467,0.068741411,138,-6.618874797,-9.040582078,-5.665342493,-6.409791269,-9.325823396,-6.813693521,-7.042756889,-10.45507972,-8.583949886,-9.211327125,-9.625715447,-7.536927741,-8.002589033,-8.025573338,1.407009136,158
294,1.843354078,0.278720002,0.003045761,0.002153101,"(150,)",0.0006,350,"{'hidden_layer_sizes': (150,), 'learning_rate_init': 0.0006, 'max_iter': 350}",0.90057828,0.815017262,0.922685114,0.882622463,0.751521417,0.860024252,0.912685519,0.669007815,0.850020462,0.790157764,0.725549277,0.826876969,0.881016696,0.829827945,0.074364694,158,-6.364194921,-9.01438945,-5.495818306,-6.39927146,-9.529197438,-7.173001438,-6.693740312,-10.46896425,-8.236407041,-9.427610766,-10.34523418,-7.080992673,-8.154543978,-8.029489709,1.564358049,159
181,1.74815508,0.04595373,0.001782986,0.000550762,"(100, 50)",0.0006,300,"{'hidden_layer_sizes': (100, 50), 'learning_rate_init': 0.0006, 'max_iter': 300}",0.894361274,0.78158816,0.916668987,0.865886869,0.81594679,0.816212867,0.934350795,0.690141224,0.87190656,0.767321302,0.678449538,0.811730639,0.911977886,0.827426376,0.079296407,203,-6.560159744,-9.795098428,-5.705636988,-6.840276985,-8.201315924,-8.219247722,-5.804174433,-10.12923735,-7.611762683,-9.927353893,-11.19779997,-7.384252632,-7.013786863,-8.03000797,1.682028939,160
404,1.722611886,0.056761348,0.001202602,0.004165934,"(150, 100)",0.0006,250,"{'hidden_layer_sizes': (150, 100), 'learning_rate_init': 0.0006, 'max_iter': 250}",0.884906157,0.771332698,0.927213964,0.874777604,0.784808989,0.836246594,0.924950202,0.694919333,0.863140145,0.790884344,0.711456256,0.816150396,0.89903483,0.829217039,0.072793848,171,-6.847450202,-10.02242348,-5.332426042,-6.609658794,-8.867963714,-7.758355743,-6.205838711,-10.0508361,-7.867918161,-9.411275048,-10.60752265,-7.29706258,-7.511773036,-8.030038789,1.57463884,161
116,0.932224879,0.010656273,0.0008776,0.000672692,"(100,)",0.0005,250,"{'hidden_layer_sizes': (100,), 'learning_rate_init': 0.0005, 'max_iter': 250}",0.903148042,0.803572493,0.918961164,0.880703866,0.746577547,0.852258182,0.916645119,0.684703476,0.855894197,0.786036593,0.723758357,0.83063297,0.884338807,0.829786986,0.073091251,160,-6.281408534,-9.289062141,-5.626617666,-6.451359178,-9.623529652,-7.369300024,-6.540203154,-10.21773037,-8.073512658,-9.519736855,-10.37893304,-7.003758416,-8.039897299,-8.031926845,1.561178063,162
580,1.61625941,0.022317915,0.00136071,0.000462837,"(200, 50)",0.0007,250,"{'hidden_layer_sizes': (200, 50), 'learning_rate_init': 0.0007, 'max_iter': 250}",0.871444509,0.769847525,0.922319417,0.875661662,0.816306945,0.836838464,0.920001809,0.684520001,0.874501422,0.790769205,0.733680183,0.791452385,0.897580676,0.829609554,0.070323906,163,-7.236826354,-10.05491815,-5.508800514,-6.58628569,-8.193287832,-7.744322162,-6.407163484,-10.22070285,-7.534270314,-9.413865601,-10.19083753,-7.771759191,-7.565673916,-8.032977969,1.462964598,163
551,1.985687091,0.051208597,0.001092617,0.000278614,"(200,)",0.001,400,"{'hidden_layer_sizes': (200,), 'learning_rate_init': 0.001, 'max_iter': 400}",0.894692883,0.805684206,0.919942173,0.877888375,0.760412906,0.88025258,0.905786682,0.664387523,0.840466255,0.796771104,0.766494713,0.798975122,0.882671315,0.830340449,0.07053643,147,-6.549855207,-9.238995732,-5.592457676,-6.527044029,-9.357149184,-6.634490894,-6.95315434,-10.54177873,-8.494700585,-9.277862259,-9.542375348,-7.630300205,-8.097645666,-8.033677681,1.447941089,164
125,1.127760979,0.017054989,0.002347689,0.002015949,"(100,)",0.0006,300,"{'hidden_layer_sizes': (100,), 'learning_rate_init': 0.0006, 'max_iter': 300}",0.898255935,0.805107481,0.915997676,0.879785006,0.750430426,0.860903923,0.908807269,0.673528456,0.857830884,0.794089221,0.736794606,0.823470014,0.885686917,0.830052909,0.071805282,152,-6.438094985,-9.252696122,-5.728573066,-6.476156809,-9.550094363,-7.150426703,-6.840783273,-10.39722671,-8.019077798,-9.338878659,-10.13107496,-7.150328016,-7.992904727,-8.035870476,1.486995583,165
675,1.666913674,0.012571286,0.001591756,0.000467726,"(200, 150)",0.0005,200,"{'hidden_layer_sizes': (200, 150), 'learning_rate_init': 0.0005, 'max_iter': 200}",0.90195008,0.771607831,0.90978785,0.871242028,0.765919921,0.833724569,0.932032659,0.694923121,0.87730122,0.775579953,0.726807318,0.815969124,0.894550865,0.828568965,0.073177737,185,-6.320136493,-10.01639217,-5.936538986,-6.702319108,-9.248984926,-7.817872073,-5.905760907,-10.0507737,-7.449753745,-9.749582432,-10.32149644,-7.300659085,-7.676763785,-8.038233373,1.577290309,166
396,2.050729073,0.087063553,0.000939718,0.002009166,"(150, 100)",0.0005,250,"{'hidden_layer_sizes': (150, 100), 'learning_rate_init': 0.0005, 'max_iter': 250}",0.889489545,0.767188212,0.915204462,0.870582929,0.780339302,0.827776978,0.928938661,0.707956718,0.873968514,0.778100039,0.718516167,0.817484957,0.901469124,0.829001201,0.071172933,175,-6.7097219,-10.11284145,-5.75555632,-6.719451446,-8.959587678,-7.956464349,-6.038685529,-9.833734016,-7.550249873,-9.694687277,-10.47694983,-7.270529727,-7.420665216,-8.0383942,1.544130328,167
406,2.624612075,0.094193485,0.00389277,0.004175327,"(150, 100)",0.0006,350,"{'hidden_layer_sizes': (150, 100), 'learning_rate_init': 0.0006, 'max_iter': 350}",0.878871778,0.790942068,0.931516667,0.884828405,0.792579009,0.854635368,0.900507128,0.678605376,0.840956933,0.833663506,0.699586112,0.812747906,0.889943317,0.829952582,0.072407312,154,-7.024663223,-9.583056322,-5.172413686,-6.338853691,-8.706391587,-7.309773076,-7.145320366,-10.31606692,-8.481626941,-8.393613421,-10.82351041,-7.364276118,-7.842686889,-8.03863482,1.520390664,168
397,2.451391569,0.106668048,0.001902965,0.003140339,"(150, 100)",0.0005,300,"{'hidden_layer_sizes': (150, 100), 'learning_rate_init': 0.0005, 'max_iter': 300}",0.884376029,0.777066991,0.926425568,0.879306789,0.7837776,0.836368199,0.918990249,0.697833147,0.861687154,0.796175703,0.704638026,0.821524524,0.894191243,0.829412402,0.071845858,168,-6.863201943,-9.895959395,-5.361227863,-6.489025165,-8.889189925,-7.755474498,-6.447544836,-10.00272336,-7.90957329,-9.291443025,-10.73211771,-7.189620981,-7.689842996,-8.039764999,1.551114462,169
412,1.997674814,0.139265399,0.001722721,0.000437576,"(150, 100)",0.0007,250,"{'hidden_layer_sizes': (150, 100), 'learning_rate_init': 0.0007, 'max_iter': 250}",0.879833981,0.778748279,0.931728014,0.878254652,0.789663917,0.839417947,0.919676473,0.690842162,0.853899048,0.805330154,0.70678106,0.811226923,0.893846371,0.829172999,0.072160241,172,-6.996706791,-9.858572708,-5.16442619,-6.517247657,-8.767357882,-7.682861822,-6.420178555,-10.11777409,-8.129209534,-9.080390669,-10.69311273,-7.394124338,-7.7023649,-8.040332913,1.550222325,170
644,2.384130148,0.099763803,0.001933703,0.000879996,"(200, 100)",0.0008,250,"{'hidden_layer_sizes': (200, 100), 'learning_rate_init': 0.0008, 'max_iter': 250}",0.879233429,0.780904038,0.933078255,0.881187102,0.800573487,0.845956708,0.906674985,0.682009343,0.850651794,0.809580219,0.71304379,0.798865323,0.899276121,0.829310353,0.071932126,170,-7.014168654,-9.810426821,-5.113101736,-6.438279569,-8.536960886,-7.524816516,-6.920297338,-10.26129155,-8.219053372,-8.980721351,-10.57830171,-7.63238375,-7.502791669,-8.04096884,1.514899366,171
511,2.322165196,0.105268429,0.001311706,0.000420684,"(200,)",0.0005,400,"{'hidden_layer_sizes': (200,), 'learning_rate_init': 0.0005, 'max_iter': 400}",0.905165672,0.823794473,0.923724041,0.872947385,0.743729256,0.85969411,0.914216202,0.67161051,0.85866196,0.777965865,0.72362906,0.824834116,0.876962343,0.828994999,0.075388172,176,-6.215636715,-8.797929533,-5.458768088,-6.657786151,-9.677459419,-7.181455457,-6.634807939,-10.42772266,-7.995604933,-9.697617816,-10.38136172,-7.12264804,-8.292313122,-8.041623969,1.586165984,172
563,1.441346077,0.057935139,0.00138833,0.000438331,"(200, 50)",0.0005,200,"{'hidden_layer_sizes': (200, 50), 'learning_rate_init': 0.0005, 'max_iter': 200}",0.896780833,0.805743473,0.88108864,0.863517883,0.794219681,0.820264417,0.932256902,0.712474299,0.882240595,0.751781184,0.735598985,0.807631503,0.899800304,0.829492208,0.066536993,165,-6.484597309,-9.237586644,-6.815731599,-6.900426148,-8.67189004,-8.12814704,-5.896010506,-9.757379185,-7.298264454,-10.25350956,-10.1540593,-7.464207399,-7.483243356,-8.041927118,1.391308179,173
303,1.762066126,0.074362007,0.001252266,0.000699438,"(150,)",0.0007,400,"{'hidden_layer_sizes': (150,), 'learning_rate_init': 0.0007, 'max_iter': 400}",0.89693523,0.806849959,0.92117738,0.882685577,0.750932452,0.869388134,0.908332337,0.662948066,0.844511328,0.797089524,0.741109139,0.816839059,0.884360387,0.829473736,0.073521668,166,-6.479745621,-9.211240407,-5.549147128,-6.397550783,-9.540484203,-6.928924613,-6.85857357,-10.56436162,-8.38631503,-9.270591097,-10.04769621,-7.283383102,-8.039147214,-8.042858507,1.524159109,174
311,1.619605596,0.008639265,0.001193358,0.000368269,"(150,)",0.0008,400,"{'hidden_layer_sizes': (150,), 'learning_rate_init': 0.0008, 'max_iter': 400}",0.893926784,0.802501677,0.920308223,0.88061236,0.755735344,0.873510936,0.904913112,0.663309341,0.842062948,0.801326616,0.75023798,0.813475967,0.885852083,0.829828721,0.071837393,157,-6.5736368,-9.314347181,-5.579657758,-6.453832971,-9.448049499,-6.818690977,-6.985315686,-10.5586983,-8.452084074,-9.173288163,-9.868958777,-7.349945528,-7.987128339,-8.043356466,1.481990878,175
117,1.122566737,0.011608144,0.000875565,0.00054244,"(100,)",0.0005,300,"{'hidden_layer_sizes': (100,), 'learning_rate_init': 0.0005, 'max_iter': 300}",0.902781755,0.804488509,0.916458031,0.876983316,0.744419194,0.85704783,0.912071183,0.680377154,0.862564496,0.788080929,0.725694863,0.818753804,0.886948705,0.828974598,0.073307549,177,-6.29327521,-9.267377617,-5.712854467,-6.551187737,-9.664423697,-7.248863045,-6.717247299,-10.28759252,-7.884447502,-9.474149041,-10.34248992,-7.245213246,-7.948669449,-8.049060827,1.526107878,176
676,2.079732565,0.011360961,0.001497379,0.000533734,"(200, 150)",0.0005,250,"{'hidden_layer_sizes': (200, 150), 'learning_rate_init': 0.0005, 'max_iter': 250}",0.898114174,0.768188504,0.920342886,0.881525824,0.762681194,0.845581651,0.92799935,0.685498994,0.864765033,0.787298385,0.716691429,0.820332343,0.887406003,0.828186598,0.075321364,190,-6.442578542,-10.0910928,-5.578444176,-6.429095616,-9.3127495,-7.533971473,-6.078465152,-10.20483217,-7.82107221,-9.491625301,-10.51085373,-7.213593652,-7.932576783,-8.049303932,1.635582839,177
559,2.2476774,0.178803153,0.001310055,0.000465762,"(200,)",0.0011,400,"{'hidden_layer_sizes': (200,), 'learning_rate_init': 0.0011, 'max_iter': 400}",0.892394309,0.803254949,0.918633377,0.877104265,0.762329396,0.882207279,0.903579242,0.663390799,0.837580712,0.800694867,0.770665491,0.792705973,0.882429825,0.82976696,0.070019966,161,-6.620952273,-9.296567428,-5.637985489,-6.547966415,-9.319649497,-6.580118983,-7.034139748,-10.55742096,-8.57117963,-9.187861348,-9.456770319,-7.748365816,-8.105974783,-8.051150206,1.425082377,178
319,1.626217585,0.025220799,0.001088216,0.000264638,"(150,)",0.0009,400,"{'hidden_layer_sizes': (150,), 'learning_rate_init': 0.0009, 'max_iter': 400}",0.891151329,0.797742352,0.91947556,0.881445424,0.758190138,0.877022631,0.901306409,0.659810052,0.839100307,0.804333293,0.757833505,0.809619612,0.887527451,0.829581389,0.071533555,164,-6.659082614,-9.425907897,-5.608731688,-6.431276733,-9.400454424,-6.72337163,-7.116561342,-10.61342574,-8.530989411,-9.103610316,-9.717737509,-7.425536307,-7.928297448,-8.052691004,1.466587486,179
623,3.121598024,0.066647631,0,0,"(200, 100)",0.0005,400,"{'hidden_layer_sizes': (200, 100), 'learning_rate_init': 0.0005, 'max_iter': 400}",0.880771365,0.760065482,0.92798123,0.889556203,0.775267489,0.85943857,0.904264383,0.672448094,0.848738014,0.825982272,0.726375041,0.812625562,0.892881789,0.8289535,0.073465351,178,-6.9693636,-10.26637399,-5.304245998,-6.207385263,-9.062432733,-7.187992285,-7.009103805,-10.41441579,-8.271546107,-8.585230085,-10.32965915,-7.366681499,-7.73728014,-8.054746957,1.557940251,180
295,1.817104431,0.170847453,0.001897977,0.002025619,"(150,)",0.0006,400,"{'hidden_layer_sizes': (150,), 'learning_rate_init': 0.0006, 'max_iter': 400}",0.898781321,0.81108422,0.921930728,0.880654711,0.746975908,0.861676749,0.911389262,0.665755042,0.84857778,0.790026157,0.7307084,0.823503207,0.881482671,0.828657397,0.074459061,183,-6.421450944,-9.109715905,-5.522565457,-6.452688161,-9.615962955,-7.130534937,-6.743244366,-10.52027953,-8.275926026,-9.430566672,-10.24753804,-7.149655737,-8.138560471,-8.058360708,1.55478868,181
285,1.310886163,0.030720213,0.001371879,0.000506715,"(150,)",0.0005,300,"{'hidden_layer_sizes': (150,), 'learning_rate_init': 0.0005, 'max_iter': 300}",0.902621789,0.8199705,0.924176042,0.876340456,0.741611068,0.850864523,0.916689727,0.676110318,0.857864102,0.78226475,0.711141888,0.825967909,0.8790939,0.828055152,0.076155592,191,-6.298450683,-8.892882479,-5.442570109,-6.568283019,-9.717371309,-7.40397601,-6.53845289,-10.35603248,-8.018140922,-9.603279374,-10.6132995,-7.099559301,-8.220169511,-8.059420584,1.604990388,182
133,1.123171366,0.014897824,0.000705756,0.00073287,"(100,)",0.0007,300,"{'hidden_layer_sizes': (100,), 'learning_rate_init': 0.0007, 'max_iter': 300}",0.895685155,0.801855064,0.916829027,0.881208174,0.752868193,0.865317543,0.905591029,0.66775924,0.85191204,0.794763549,0.745038152,0.814342792,0.885624097,0.829138004,0.07166736,173,-6.518923675,-9.329582391,-5.700155423,-6.43770862,-9.503337783,-7.03606811,-6.960370426,-10.48869129,-8.184302467,-9.323574376,-9.971161151,-7.332847096,-7.995100629,-8.060140264,1.473468168,183
627,1.603793163,0.070162328,0.00259724,0.005690572,"(200, 100)",0.0006,200,"{'hidden_layer_sizes': (200, 100), 'learning_rate_init': 0.0006, 'max_iter': 200}",0.893136518,0.757505471,0.912516151,0.869973922,0.785104078,0.813538242,0.932723009,0.703476628,0.873772966,0.761477296,0.738409878,0.830353598,0.894623113,0.828200836,0.071052361,188,-6.598078779,-10.32099786,-5.846079919,-6.735242988,-8.861881346,-8.278838418,-5.875691731,-9.908874138,-7.556104988,-10.0512495,-10.09994029,-7.009532404,-7.67413348,-8.062818911,1.57916247,184
141,1.124002787,0.016041691,0.001108316,0.000633437,"(100,)",0.0008,300,"{'hidden_layer_sizes': (100,), 'learning_rate_init': 0.0008, 'max_iter': 300}",0.893281783,0.805033749,0.915122788,0.879632678,0.752917663,0.86867077,0.901757292,0.669401597,0.847424054,0.798032237,0.756137418,0.809353519,0.885774566,0.829426163,0.069630495,167,-6.593592698,-9.254446218,-5.758327469,-6.480258593,-9.502386573,-6.947926544,-7.100286658,-10.46273493,-8.30739443,-9.249030666,-9.751708697,-7.430723796,-7.989839876,-8.063742858,1.417454594,185
651,1.610610503,0.038825184,0.002089941,0.003676333,"(200, 100)",0.0009,200,"{'hidden_layer_sizes': (200, 100), 'learning_rate_init': 0.0009, 'max_iter': 200}",0.880212958,0.761650954,0.932262602,0.882220525,0.805266075,0.824356385,0.927519378,0.680836674,0.845820118,0.789950211,0.716679321,0.83423528,0.885564829,0.828198101,0.073662388,189,-6.98566504,-10.232398,-5.144167042,-6.410218662,-8.435923894,-8.035089193,-6.098691674,-10.28019465,-8.3509455,-9.432272008,-10.51107833,-6.928875762,-7.997171839,-8.064822431,1.647234391,186
595,1.806540618,0.05666615,0.002058616,0.002269511,"(200, 50)",0.0009,200,"{'hidden_layer_sizes': (200, 50), 'learning_rate_init': 0.0009, 'max_iter': 200}",0.87822717,0.78092027,0.913088792,0.8685449,0.825364834,0.827570706,0.932996353,0.67228351,0.857152632,0.775516711,0.725955319,0.802403088,0.899700013,0.8276711,0.072702992,198,-7.043329991,-9.810063387,-5.82691523,-6.772152917,-7.988729098,-7.961227664,-5.863743195,-10.41703192,-8.038183514,-9.750956069,-10.3375786,-7.564962834,-7.486987448,-8.066297066,1.512908527,187
573,2.014502434,0.076206484,0.000908356,0.000883004,"(200, 50)",0.0006,300,"{'hidden_layer_sizes': (200, 50), 'learning_rate_init': 0.0006, 'max_iter': 300}",0.868687357,0.765484672,0.924053783,0.877153693,0.808399271,0.840144305,0.914171905,0.684072085,0.85808109,0.805031305,0.726246183,0.80243574,0.898991114,0.828688654,0.069808493,181,-7.314019403,-10.14977306,-5.446956173,-6.546649504,-8.367783263,-7.665466231,-6.636520757,-10.22795593,-8.012018236,-9.087357922,-10.33209113,-7.564337767,-7.513399081,-8.066486805,1.461891583,188
77,1.225546727,0.06236983,0.000998387,0.000550135,"(50, 50)",0.0007,300,"{'hidden_layer_sizes': (50, 50), 'learning_rate_init': 0.0007, 'max_iter': 300}",0.897852055,0.812771642,0.89377181,0.834736504,0.797552662,0.792700549,0.939181859,0.708234258,0.879739908,0.758048885,0.699548037,0.816692691,0.913461024,0.826483991,0.073292093,219,-6.450860538,-9.068940023,-6.441999673,-7.59322911,-8.601374941,-8.729182927,-5.586532005,-9.82906022,-7.375348752,-10.12322769,-10.82419629,-7.286292678,-6.954446067,-8.066514685,1.53468509,189
286,1.50336625,0.04692974,0.001322765,0.000455988,"(150,)",0.0005,350,"{'hidden_layer_sizes': (150,), 'learning_rate_init': 0.0005, 'max_iter': 350}",0.901927587,0.819956895,0.922508977,0.878532199,0.743158108,0.853013168,0.915012497,0.672059174,0.853479925,0.785251299,0.712991233,0.825645377,0.878919481,0.827881225,0.07597054,194,-6.320861402,-8.893218495,-5.502074989,-6.509814627,-9.688237451,-7.350446725,-6.6039421,-10.42059675,-8.1408614,-9.537190652,-10.57927039,-7.106135017,-8.226096574,-8.06759589,1.592871291,190
327,2.05425367,0.085616463,0.00175344,0.000443523,"(150,)",0.001,400,"{'hidden_layer_sizes': (150,), 'learning_rate_init': 0.001, 'max_iter': 400}",0.888200313,0.795454904,0.916852391,0.881437736,0.763238496,0.879393693,0.897565812,0.664234624,0.835756021,0.807324277,0.764718599,0.799927935,0.887518215,0.829355617,0.06946289,169,-6.748746744,-9.479059546,-5.699354741,-6.431485262,-9.301808386,-6.658241273,-7.250169928,-10.54417978,-8.619191378,-9.033762948,-9.578597736,-7.612195775,-7.928622966,-8.068108958,1.41627336,191
698,1.257103095,0.01366872,0.001358747,0.000459835,"(200, 150)",0.0008,150,"{'hidden_layer_sizes': (200, 150), 'learning_rate_init': 0.0008, 'max_iter': 150}",0.898490874,0.757048097,0.925152207,0.871777957,0.775988435,0.823285527,0.935389078,0.683653935,0.872563618,0.772855211,0.717192025,0.817018888,0.891950009,0.826335836,0.077426532,222,-6.430657523,-10.3307266,-5.407422527,-6.68835602,-9.04788483,-8.059546004,-5.75809321,-10.23472234,-7.592215228,-9.808589965,-10.50156347,-7.279806786,-7.7708591,-8.070034124,1.702063366,192
341,1.761641227,0.052805282,0.001230607,0.000344386,"(150, 50)",0.0005,300,"{'hidden_layer_sizes': (150, 50), 'learning_rate_init': 0.0005, 'max_iter': 300}",0.888058887,0.783194807,0.91468176,0.866819536,0.790157376,0.812737754,0.931680958,0.687155224,0.869117025,0.773400635,0.706761268,0.826280852,0.902379969,0.827109696,0.074308511,207,-6.753013961,-9.759005338,-5.773268427,-6.816450699,-8.757067512,-8.296590083,-5.921021065,-10.17792627,-7.694198285,-9.796806614,-10.69347361,-7.093173252,-7.386286301,-8.070637033,1.579819195,193
453,2.80146111,0.095512476,0.002063458,0.000501032,"(150, 150)",0.0005,300,"{'hidden_layer_sizes': (150, 150), 'learning_rate_init': 0.0005, 'max_iter': 300}",0.886955474,0.78140279,0.930882929,0.879209106,0.759979047,0.849404837,0.912704369,0.669503177,0.859522687,0.804303958,0.719689429,0.817352013,0.887731992,0.827587831,0.075038888,201,-6.786214841,-9.799254168,-5.196291084,-6.491650571,-9.365617612,-7.440121551,-6.69301774,-10.46112741,-7.971221756,-9.104292711,-10.45509237,-7.273177162,-7.921085027,-8.073704923,1.581184183,194
399,3.136193679,0.286950995,0.003072739,0.003292367,"(150, 100)",0.0005,400,"{'hidden_layer_sizes': (150, 100), 'learning_rate_init': 0.0005, 'max_iter': 400}",0.875684712,0.773552873,0.929675906,0.885078314,0.784523558,0.858735719,0.901282151,0.681575387,0.841561337,0.827000448,0.711016603,0.811312103,0.891095124,0.828622633,0.071577842,184,-7.11647794,-9.97364998,-5.241467288,-6.331972656,-8.873843027,-7.205940973,-7.11743588,-10.26829087,-8.465495431,-8.560077187,-10.61560088,-7.392455916,-7.801539809,-8.07417291,1.521503135,195
405,2.235620884,0.166803389,0.001135624,0.002116586,"(150, 100)",0.0006,300,"{'hidden_layer_sizes': (150, 100), 'learning_rate_init': 0.0006, 'max_iter': 300}",0.882753481,0.785903448,0.929937837,0.8807139,0.787774531,0.840298593,0.909584051,0.686965544,0.848510457,0.813022412,0.698558408,0.815241009,0.888868922,0.828317892,0.072069836,187,-6.911189742,-9.697852,-5.231696921,-6.45108785,-8.80664712,-7.661766118,-6.811585982,-10.18101128,-8.277765568,-8.899179511,-10.84200799,-7.315087278,-7.88087484,-8.074442477,1.530183525,196
335,2.008214052,0.147311853,0.002072004,0.002299673,"(150,)",0.0011,400,"{'hidden_layer_sizes': (150,), 'learning_rate_init': 0.0011, 'max_iter': 400}",0.886324128,0.795579467,0.914401197,0.879218656,0.763851897,0.884454931,0.895866886,0.664136437,0.832171843,0.810588247,0.770646631,0.791434426,0.888405303,0.829006158,0.068994591,174,-6.80513873,-9.476172839,-5.782753132,-6.491393952,-9.289751018,-6.517037616,-7.310046661,-10.54572137,-8.712729051,-8.956919132,-9.457159156,-7.772093824,-7.897296535,-8.078016386,1.39086518,197
678,2.942401244,0.058043488,0.001626712,0.000489704,"(200, 150)",0.0005,350,"{'hidden_layer_sizes': (200, 150), 'learning_rate_init': 0.0005, 'max_iter': 350}",0.892787908,0.765632575,0.928378913,0.890541332,0.756435769,0.8590553,0.90918315,0.679424361,0.853872038,0.805894835,0.713995829,0.814232503,0.887260416,0.827438071,0.075792224,202,-6.608832144,-10.14657196,-5.289580867,-6.179639165,-9.434493701,-7.197785401,-6.826670437,-10.30291473,-8.129960939,-9.067211315,-10.56073925,-7.335024796,-7.937703648,-8.078240642,1.63293862,198
706,1.248138373,0.003085231,0.001785773,0.000420494,"(200, 150)",0.0009,150,"{'hidden_layer_sizes': (200, 150), 'learning_rate_init': 0.0009, 'max_iter': 150}",0.895615386,0.758887463,0.931686876,0.874175826,0.776687117,0.82124309,0.933493809,0.683887037,0.86824534,0.772819203,0.712796782,0.819302649,0.889331766,0.826013257,0.077722396,227,-6.521103327,-10.29154582,-5.165981914,-6.62552171,-9.033763849,-8.105987672,-5.841935505,-10.23095088,-7.719777566,-9.809367387,-10.58285356,-7.234235047,-7.864446381,-8.079036202,1.72360273,199
683,1.684030845,0.035093068,0.001786525,0.000431599,"(200, 150)",0.0006,200,"{'hidden_layer_sizes': (200, 150), 'learning_rate_init': 0.0006, 'max_iter': 200}",0.897999292,0.760404707,0.919991339,0.876293503,0.761675235,0.840171211,0.92659691,0.692329245,0.8709012,0.779687669,0.712190299,0.818746007,0.891262121,0.826788365,0.075749506,212,-6.446209726,-10.25911402,-5.590740145,-6.569529861,-9.332466311,-7.664821109,-6.137378281,-10.09341095,-7.641575323,-9.659943664,-10.5940215,-7.245369067,-7.795555991,-8.079241227,1.646689999,200
777,0.856801932,0.061271257,0.001249277,0.000661562,"(200, 200)",0.0011,100,"{'hidden_layer_sizes': (200, 200), 'learning_rate_init': 0.0011, 'max_iter': 100}",0.901488634,0.773477035,0.925709737,0.86796417,0.76425939,0.831161768,0.930003689,0.671728209,0.883983519,0.767219192,0.710169805,0.806333223,0.894554214,0.825234814,0.080349274,245,-6.33499107,-9.97531995,-5.387245356,-6.787095122,-9.281732451,-7.877890074,-5.993262479,-10.42585377,-7.24405335,-9.929531929,-10.63114277,-7.489352713,-7.67664188,-8.079547147,1.71064093,201
630,2.666014066,0.059318902,0.001726499,0.000431056,"(200, 100)",0.0006,350,"{'hidden_layer_sizes': (200, 100), 'learning_rate_init': 0.0006, 'max_iter': 350}",0.884702897,0.759220204,0.929391414,0.881216756,0.790253399,0.857244871,0.906088253,0.675927663,0.842446865,0.816605156,0.715973827,0.812063283,0.892533884,0.827974498,0.073311228,192,-6.853493958,-10.28444208,-5.252058615,-6.437476067,-8.755063691,-7.243865533,-6.942017135,-10.35895216,-8.441805085,-8.813506969,-10.52415697,-7.377726309,-7.749834774,-8.07956918,1.567641854,202
690,1.26353174,0.025480124,0.001564704,0.000497144,"(200, 150)",0.0007,150,"{'hidden_layer_sizes': (200, 150), 'learning_rate_init': 0.0007, 'max_iter': 150}",0.901574066,0.761611844,0.912722648,0.865737667,0.770544457,0.822905589,0.934667791,0.685285569,0.87944504,0.770539266,0.720716372,0.816108657,0.896400979,0.826019996,0.07632035,226,-6.332243528,-10.23323747,-5.839176291,-6.844080852,-9.157166719,-8.068205405,-5.790144382,-10.20829416,-7.384385098,-9.858466846,-10.4359232,-7.29789085,-7.609121052,-8.08141045,1.64559944,203
650,1.314710104,0.129366782,0.001990612,0.000816261,"(200, 100)",0.0009,150,"{'hidden_layer_sizes': (200, 100), 'learning_rate_init': 0.0009, 'max_iter': 150}",0.89471938,0.777463906,0.904999293,0.858813245,0.799242881,0.805647338,0.937435101,0.703505565,0.869156208,0.745164996,0.728954078,0.819608472,0.90372876,0.826803017,0.07170315,211,-6.54903112,-9.88714597,-6.092060758,-7.018349876,-8.565393541,-8.452200002,-5.666189499,-9.908390634,-7.693046473,-10.38926281,-10.28086307,-7.228110612,-7.335081615,-8.081932768,1.564979116,204
420,1.943100159,0.112205055,0.001660842,0.000628962,"(150, 100)",0.0008,250,"{'hidden_layer_sizes': (150, 100), 'learning_rate_init': 0.0008, 'max_iter': 250}",0.87705623,0.782185337,0.931121278,0.8792884,0.796832113,0.833831903,0.916651179,0.686125934,0.845781923,0.816200081,0.702134091,0.802249131,0.889809679,0.827635945,0.072080195,199,-7.077112513,-9.781698486,-5.187323656,-6.489519484,-8.61666831,-7.815348369,-6.539965415,-10.19465572,-8.351979842,-8.823235044,-10.77751253,-7.567909368,-7.847447,-8.082336596,1.524655987,205
149,1.311115448,0.061383204,0.001540771,0.001255161,"(100,)",0.0009,300,"{'hidden_layer_sizes': (100,), 'learning_rate_init': 0.0009, 'max_iter': 300}",0.892161487,0.805349515,0.914188203,0.880957051,0.751846607,0.869054196,0.897521162,0.670410953,0.844652834,0.798596547,0.758617129,0.803413492,0.886697278,0.828728189,0.069067257,179,-6.628111141,-9.246948961,-5.789943242,-6.444509608,-9.522959832,-6.937776603,-7.251749906,-10.44675073,-8.382498072,-9.236100449,-9.702002005,-7.545596473,-7.957503495,-8.084034655,1.398422168,206
677,2.505383308,0.019797174,0.001481808,0.00049223,"(200, 150)",0.0005,300,"{'hidden_layer_sizes': (200, 150), 'learning_rate_init': 0.0005, 'max_iter': 300}",0.894320887,0.764416865,0.927393893,0.888113155,0.759474138,0.851390738,0.915116477,0.68988591,0.849808602,0.795661028,0.713801346,0.831201623,0.879997044,0.827737054,0.073963357,196,-6.561413636,-10.17285404,-5.325831017,-6.247806212,-9.375463215,-7.390902248,-6.599900959,-10.13340957,-8.242222331,-9.303166503,-10.56432929,-6.99199091,-8.189410473,-8.084515416,1.642666732,207
730,1.790629295,0.151625805,0.002188811,0.000371071,"(200, 200)",0.0005,150,"{'hidden_layer_sizes': (200, 200), 'learning_rate_init': 0.0005, 'max_iter': 150}",0.90814214,0.798064907,0.900675099,0.85353821,0.753899549,0.822365004,0.93134862,0.694195553,0.881799053,0.77424277,0.73520112,0.800934734,0.890702235,0.826546846,0.071464029,215,-6.117317189,-9.418388809,-6.229165625,-7.148257781,-9.483486904,-8.080510218,-5.93540499,-10.06275145,-7.311934189,-9.778585226,-10.16169622,-7.593018647,-7.815599704,-8.087393611,1.482005668,208
738,1.903552972,0.066459811,0.002093168,0.000437547,"(200, 200)",0.0006,150,"{'hidden_layer_sizes': (200, 200), 'learning_rate_init': 0.0006, 'max_iter': 150}",0.906867074,0.789037218,0.909214299,0.856476062,0.755439272,0.827581834,0.932839543,0.686754456,0.87465506,0.773990945,0.724919438,0.814792802,0.889417877,0.826306606,0.073891923,223,-6.159627664,-9.626615747,-5.955380737,-7.076201761,-9.453773716,-7.960970774,-5.870600694,-10.18444338,-7.529657106,-9.784037553,-10.35709805,-7.323954749,-7.861386152,-8.087980621,1.564593404,209
157,1.199467842,0.087340656,0.001254265,0.000366338,"(100,)",0.001,300,"{'hidden_layer_sizes': (100,), 'learning_rate_init': 0.001, 'max_iter': 300}",0.891569401,0.809117633,0.912927682,0.880148269,0.756656463,0.87288439,0.894707659,0.669427769,0.843561214,0.79969177,0.759168604,0.797616653,0.885263343,0.828672373,0.068504333,182,-6.646282022,-9.157008585,-5.832313497,-6.466364649,-9.430218431,-6.83555782,-7.350622357,-10.46232078,-8.411898314,-9.210953468,-9.690912837,-7.656038491,-8.007699427,-8.08909159,1.376135257,210
349,1.740436682,0.012862282,0.001415509,0.000475826,"(150, 50)",0.0006,300,"{'hidden_layer_sizes': (150, 50), 'learning_rate_init': 0.0006, 'max_iter': 300}",0.886159501,0.800862326,0.922835375,0.87241294,0.795728251,0.818777689,0.927353262,0.671080566,0.857068517,0.77881619,0.68844975,0.817398879,0.89943372,0.825875151,0.07775766,229,-6.810064601,-9.352924537,-5.490475165,-6.671774387,-8.640044859,-8.161694805,-6.105676366,-10.43613322,-8.040549775,-9.679030497,-11.02229901,-7.27224399,-7.496919724,-8.090756226,1.614786948,211
714,1.555058681,0.196357403,0.002009594,0.000944887,"(200, 150)",0.001,150,"{'hidden_layer_sizes': (200, 150), 'learning_rate_init': 0.001, 'max_iter': 150}",0.893745181,0.763050829,0.934655425,0.88065785,0.775953692,0.820062071,0.930107902,0.686884941,0.866053395,0.773036974,0.71053416,0.810677605,0.887315836,0.825595066,0.07736568,237,-6.579261592,-10.20230521,-5.052491327,-6.452603304,-9.048586457,-8.132721074,-5.988799325,-10.18232196,-7.783727978,-9.804664737,-10.62445829,-7.404874751,-7.935752438,-8.091736034,1.716789614,212
637,2.909431806,0.142263687,0.002356126,0.002119646,"(200, 100)",0.0007,300,"{'hidden_layer_sizes': (200, 100), 'learning_rate_init': 0.0007, 'max_iter': 300}",0.882048565,0.748784301,0.931916293,0.883777739,0.794714524,0.859006896,0.911288173,0.673894546,0.845254719,0.815642813,0.707842767,0.814868056,0.884526635,0.827197387,0.075502627,205,-6.931934529,-10.50495275,-5.157300106,-6.367701504,-8.661457048,-7.199021231,-6.747089675,-10.39139559,-8.366243536,-8.836600627,-10.67373601,-7.322466651,-8.033366447,-8.09178967,1.637589158,213
658,1.124309448,0.006414128,0.001632966,0.000484502,"(200, 100)",0.001,150,"{'hidden_layer_sizes': (200, 100), 'learning_rate_init': 0.001, 'max_iter': 150}",0.892252219,0.771053173,0.914352001,0.862607865,0.805319434,0.802285463,0.937170958,0.699910087,0.863292157,0.743001178,0.721449414,0.822044065,0.903747126,0.826037318,0.073940213,225,-6.625322227,-10.02854736,-5.784414662,-6.923392826,-8.434768057,-8.524988848,-5.678137942,-9.968287294,-7.863547434,-10.43327747,-10.42221851,-7.179148882,-7.334381889,-8.09234103,1.631777592,214
458,1.426449244,0.085740539,0.001669829,0.000468824,"(150, 150)",0.0006,150,"{'hidden_layer_sizes': (150, 150), 'learning_rate_init': 0.0006, 'max_iter': 150}",0.895062184,0.791475942,0.897635489,0.856011903,0.768239379,0.818288134,0.932915816,0.700722574,0.887829098,0.762854784,0.738466989,0.799314433,0.8958363,0.826511771,0.069930211,218,-6.538360288,-9.570812302,-6.323761991,-7.087634821,-9.20304758,-8.172711394,-5.867266175,-9.954783674,-7.122982906,-10.02218409,-10.09883771,-7.623857875,-7.629830086,-8.093543915,1.454995938,215
731,2.664562372,0.262074664,0.002776476,0.000621267,"(200, 200)",0.0005,200,"{'hidden_layer_sizes': (200, 200), 'learning_rate_init': 0.0005, 'max_iter': 200}",0.906309041,0.77964142,0.917009697,0.865414638,0.75563599,0.828968083,0.931802568,0.678297875,0.868786529,0.77811749,0.714047549,0.822349771,0.888106712,0.825729797,0.076927206,231,-6.178053696,-9.83865423,-5.693960915,-6.852309179,-9.449970777,-7.928902912,-5.915748923,-10.32100081,-7.703906573,-9.694306053,-10.55978431,-7.172979805,-7.907854754,-8.093648687,1.6469797,216
63,1.642036493,0.016691526,0.00116671,0.001386909,"(50, 50)",0.0005,400,"{'hidden_layer_sizes': (50, 50), 'learning_rate_init': 0.0005, 'max_iter': 400}",0.897469148,0.803669216,0.909681432,0.846849904,0.785854518,0.797399396,0.935191228,0.695060101,0.872444429,0.778350303,0.694493841,0.805008482,0.90679347,0.82525119,0.075050663,243,-6.462939934,-9.286774833,-5.940039451,-7.30965154,-8.846394484,-8.629683877,-5.766902597,-10.04851704,-7.595764857,-9.689218777,-10.91485877,-7.514923807,-7.217384415,-8.094081106,1.551187649,217
85,1.223575024,0.014475712,0.000728039,0.000504623,"(50, 50)",0.0008,300,"{'hidden_layer_sizes': (50, 50), 'learning_rate_init': 0.0008, 'max_iter': 300}",0.894440566,0.807675808,0.900380427,0.833541929,0.795773364,0.801562427,0.933780983,0.709339336,0.872438991,0.760240337,0.700217324,0.813771067,0.912987626,0.825857707,0.071985488,230,-6.557697246,-9.191527135,-6.238398955,-7.620622805,-8.63909075,-8.540562437,-5.82930911,-9.810428517,-7.595926743,-10.07727827,-10.81213357,-7.344129038,-6.973441741,-8.094657409,1.49849407,218
414,2.951271589,0.200817587,0.001966201,0.000501023,"(150, 100)",0.0007,350,"{'hidden_layer_sizes': (150, 100), 'learning_rate_init': 0.0007, 'max_iter': 350}",0.875226134,0.791590676,0.929831388,0.883681367,0.793600411,0.855627556,0.893962276,0.681499027,0.83393641,0.839952129,0.692421219,0.800493574,0.888802575,0.827740365,0.072216844,195,-7.129591598,-9.568178912,-5.235669823,-6.370341026,-8.684928716,-7.284783899,-7.376594647,-10.26952199,-8.666804623,-8.233417568,-10.95182061,-7.601427644,-7.883226983,-8.09663908,1.501219396,219
287,1.904845384,0.187185576,0.001234476,0.000508287,"(150,)",0.0005,400,"{'hidden_layer_sizes': (150,), 'learning_rate_init': 0.0005, 'max_iter': 400}",0.900206565,0.815658759,0.922533271,0.877151685,0.738558062,0.853468799,0.914063153,0.668143705,0.852127545,0.784912203,0.717899817,0.822924775,0.878937537,0.826660452,0.076201026,214,-6.376080957,-8.998745494,-5.501212435,-6.546702991,-9.774610728,-7.339045397,-6.64072396,-10.48262084,-8.178345197,-9.544717447,-10.48841396,-7.161361923,-8.225483193,-8.096774194,1.58915387,220
126,1.315531584,0.009677151,0.001301857,0.000963088,"(100,)",0.0006,350,"{'hidden_layer_sizes': (100,), 'learning_rate_init': 0.0006, 'max_iter': 350}",0.895365051,0.800500346,0.915238331,0.881723307,0.750806263,0.858754237,0.907131793,0.668938845,0.843648447,0.795530352,0.741757393,0.821422845,0.881803857,0.827893928,0.071216299,193,-6.528918079,-9.361421266,-5.754406734,-6.4237351,-9.542900726,-7.205468665,-6.903339813,-10.47005493,-8.409552671,-9.306140728,-10.03510878,-7.191668683,-8.127525104,-8.096941637,1.478653356,221
722,1.532845864,0.136315877,0.001887982,0.000487885,"(200, 150)",0.0011,150,"{'hidden_layer_sizes': (200, 150), 'learning_rate_init': 0.0011, 'max_iter': 150}",0.893111122,0.769401513,0.934724871,0.885239466,0.777542332,0.821688509,0.926726575,0.690111124,0.864639019,0.771587873,0.708593156,0.806381624,0.88423029,0.825690575,0.076474476,233,-6.598862759,-10.06465615,-5.049805809,-6.327531525,-9.016449079,-8.095882285,-6.131955106,-10.12972932,-7.824715238,-9.835915067,-10.66001977,-7.488416789,-8.043668049,-8.097508226,1.696410786,222
180,1.456336755,0.027183686,0.0012309,0.000422097,"(100, 50)",0.0006,250,"{'hidden_layer_sizes': (100, 50), 'learning_rate_init': 0.0006, 'max_iter': 250}",0.897723431,0.79046117,0.900284413,0.856125352,0.809691551,0.803334426,0.938094077,0.697373808,0.882625946,0.733927995,0.685022349,0.806683949,0.913192305,0.824195444,0.07952463,266,-6.454920729,-9.594071977,-6.241404526,-7.084842077,-8.33951662,-8.502344365,-5.636270422,-10.01032329,-7.286313406,-10.61585022,-11.08276197,-7.482568123,-6.965235104,-8.099724833,1.685215736,223
70,1.418483973,0.101202034,0.000675715,0.000663135,"(50, 50)",0.0006,350,"{'hidden_layer_sizes': (50, 50), 'learning_rate_init': 0.0006, 'max_iter': 350}",0.897652887,0.802056004,0.905085977,0.844997735,0.796807012,0.79227302,0.939702388,0.704827223,0.867663979,0.772783793,0.688692558,0.804411513,0.907533859,0.824960611,0.074650337,252,-6.457146427,-9.324850589,-6.089280763,-7.353719489,-8.617200586,-8.738179726,-5.562573674,-9.886282079,-7.736790408,-9.810131848,-11.01800302,-7.52641853,-7.188661472,-8.100710663,1.564854379,224
460,2.074697018,0.145264259,0.00171953,0.000481589,"(150, 150)",0.0006,250,"{'hidden_layer_sizes': (150, 150), 'learning_rate_init': 0.0006, 'max_iter': 250}",0.887474008,0.784413934,0.929999229,0.875933431,0.762506073,0.844328503,0.918128239,0.678058938,0.856899806,0.789752364,0.71160441,0.821184068,0.884479149,0.826520165,0.07460344,217,-6.770632813,-9.731528513,-5.229404284,-6.579083875,-9.31618488,-7.564479848,-6.48175764,-10.32483294,-8.04529376,-9.436713104,-10.60479906,-7.196475106,-8.035018033,-8.10124645,1.59811086,225
682,1.264684769,0.038396935,0.001876446,0.000373166,"(200, 150)",0.0006,150,"{'hidden_layer_sizes': (200, 150), 'learning_rate_init': 0.0006, 'max_iter': 150}",0.90228217,0.769187282,0.901451599,0.86252387,0.76643756,0.818710375,0.933820974,0.690346748,0.885694804,0.764157874,0.728559533,0.808527359,0.897885026,0.825352706,0.074447425,240,-6.309424454,-10.06933019,-6.204768719,-6.925508796,-9.238752785,-8.163210485,-5.827548645,-10.12587752,-7.190428654,-9.994610683,-10.28834296,-7.44680678,-7.554424445,-8.103002701,1.582467236,226
188,1.363865119,0.081484185,0.001040697,0.000135197,"(100, 50)",0.0007,250,"{'hidden_layer_sizes': (100, 50), 'learning_rate_init': 0.0007, 'max_iter': 250}",0.898264154,0.792605443,0.89761636,0.849128131,0.81711884,0.809076686,0.939015427,0.703818453,0.873685494,0.736101023,0.669797969,0.809347595,0.916315822,0.823991646,0.080001842,273,-6.437834921,-9.544856261,-6.324352825,-7.255079449,-8.175161261,-8.377298692,-5.594170724,-9.903161132,-7.558722623,-10.57241117,-11.34744291,-7.43083924,-6.838775449,-8.104623589,1.694338977,227
183,2.360695472,0.126953599,0.001406303,0.000523077,"(100, 50)",0.0006,400,"{'hidden_layer_sizes': (100, 50), 'learning_rate_init': 0.0006, 'max_iter': 400}",0.885482472,0.78573374,0.919634303,0.865146651,0.808162757,0.840041148,0.926681236,0.680259907,0.844901506,0.784829949,0.677510207,0.797999231,0.909295754,0.82505222,0.078035294,250,-6.830284907,-9.701694839,-5.603200518,-6.85912796,-8.372946309,-7.667939153,-6.133851944,-10.28947925,-8.375786245,-9.546542334,-11.21414385,-7.648798724,-7.119843962,-8.104895384,1.614895073,228
118,1.31409326,0.018808313,0.000641676,0.000536191,"(100,)",0.0005,350,"{'hidden_layer_sizes': (100,), 'learning_rate_init': 0.0005, 'max_iter': 350}",0.9000354,0.800104231,0.916210203,0.87921064,0.744159467,0.854082378,0.91027695,0.675376409,0.850032501,0.789454442,0.732157178,0.818103601,0.882677018,0.827067724,0.072524308,208,-6.381546722,-9.370710389,-5.721321802,-6.491609357,-9.66933306,-7.323663662,-6.785435621,-10.36775882,-8.236076469,-9.443396668,-10.2199352,-7.258197352,-8.097448849,-8.105110305,1.513396239,229
769,1.105393135,0.063169635,0.001724445,0.000527066,"(200, 200)",0.001,100,"{'hidden_layer_sizes': (200, 200), 'learning_rate_init': 0.001, 'max_iter': 100}",0.903690618,0.781307824,0.9192745,0.862177384,0.759961645,0.825219543,0.930199414,0.675895448,0.884202813,0.764201027,0.711263107,0.804404571,0.895023285,0.82437086,0.079110455,263,-6.263789231,-9.801382505,-5.615729472,-6.934230622,-9.365957123,-8.015321644,-5.984877375,-10.35946702,-7.237203752,-9.993696274,-10.61107234,-7.526552094,-7.659548254,-8.105294439,1.667430234,230
350,2.026788198,0.014048147,0.001293274,0.000457258,"(150, 50)",0.0006,350,"{'hidden_layer_sizes': (150, 50), 'learning_rate_init': 0.0006, 'max_iter': 350}",0.883362537,0.798005407,0.929996997,0.868827752,0.793462819,0.833610296,0.921635083,0.664421533,0.842156093,0.796795847,0.685411583,0.815427458,0.8965901,0.825361808,0.077985431,239,-6.893215705,-9.419776263,-5.229487639,-6.764863173,-8.68782304,-7.820558045,-6.341420625,-10.54124459,-8.449591377,-9.277297451,-11.0759121,-7.311395352,-7.602172599,-8.108827535,1.615537114,231
92,1.062500624,0.038528327,0.001008951,0.001492617,"(50, 50)",0.0009,250,"{'hidden_layer_sizes': (50, 50), 'learning_rate_init': 0.0009, 'max_iter': 250}",0.900508989,0.806668104,0.88603653,0.827011278,0.805745714,0.795970953,0.941614474,0.701400113,0.882775965,0.741268756,0.703406654,0.810105733,0.913103392,0.824278204,0.074919264,265,-6.366412274,-9.21557568,-6.672424053,-7.768674629,-8.425528447,-8.660052391,-5.473666352,-9.943508899,-7.281655495,-10.46838363,-10.75446567,-7.416049978,-6.968801263,-8.108861443,1.573454313,232
466,1.38814066,0.053471707,0.001866781,0.00065812,"(150, 150)",0.0007,150,"{'hidden_layer_sizes': (150, 150), 'learning_rate_init': 0.0007, 'max_iter': 150}",0.892013317,0.781507789,0.909767567,0.858962556,0.767391284,0.817563781,0.933172462,0.696875084,0.879195537,0.762449797,0.727032119,0.810959517,0.896342526,0.825633334,0.072293077,235,-6.632663101,-9.79690044,-5.937206314,-7.014637802,-9.219870818,-8.188984514,-5.856032133,-10.01856834,-7.392022581,-10.03073816,-10.31724896,-7.399359546,-7.611267347,-8.10888462,1.537742271,233
407,3.064103512,0.1587296,0.002094746,0.00073807,"(150, 100)",0.0006,400,"{'hidden_layer_sizes': (150, 100), 'learning_rate_init': 0.0006, 'max_iter': 400}",0.875237645,0.784747257,0.926598644,0.883744398,0.784881898,0.865007883,0.892700603,0.682060431,0.82611655,0.841778082,0.712124034,0.797100588,0.886562435,0.827589265,0.069971075,200,-7.129262723,-9.724002513,-5.354918295,-6.368614807,-8.866461292,-7.044152067,-7.420349505,-10.26046723,-8.868515307,-8.186316179,-10.59524101,-7.665793496,-7.962237278,-8.111256284,1.466939911,234
165,1.161906591,0.039663562,0.001042403,0.00057212,"(100,)",0.0011,300,"{'hidden_layer_sizes': (100,), 'learning_rate_init': 0.0011, 'max_iter': 300}",0.889194979,0.808691699,0.913029085,0.876738045,0.755456896,0.87689578,0.894169137,0.667099392,0.841326093,0.799502396,0.759849501,0.7884005,0.886033189,0.827414361,0.069176107,204,-6.718658352,-9.167219354,-5.828916401,-6.557715368,-9.453433071,-6.726838327,-7.369395933,-10.49910168,-8.471777727,-9.2153065,-9.677203701,-7.828418605,-7.980789652,-8.114982667,1.374075852,235
652,2.086261823,0.118257119,0.000168892,0.000585059,"(200, 100)",0.0009,250,"{'hidden_layer_sizes': (200, 100), 'learning_rate_init': 0.0009, 'max_iter': 250}",0.874225489,0.778759684,0.931136875,0.877740585,0.801635163,0.848745405,0.900615769,0.682587231,0.842751991,0.815079511,0.711175261,0.779995824,0.897488969,0.826302904,0.071438193,224,-7.158122993,-9.858318618,-5.186736335,-6.530992634,-8.514206698,-7.456393292,-7.141418118,-10.25196333,-8.433626682,-8.850090429,-10.6126864,-7.982376065,-7.569060345,-8.118922457,1.476532868,236
413,2.518667093,0.097149472,0.002050473,0.00037119,"(150, 100)",0.0007,300,"{'hidden_layer_sizes': (150, 100), 'learning_rate_init': 0.0007, 'max_iter': 300}",0.879280517,0.790149877,0.928750155,0.880202039,0.79197013,0.841247214,0.900694285,0.688563304,0.836850161,0.824122617,0.696073805,0.80916396,0.885445586,0.827116435,0.070318607,206,-7.012801087,-9.601195875,-5.275854007,-6.46491396,-8.719160917,-7.638976899,-7.138596641,-10.15499558,-8.590434287,-8.630981565,-10.8865984,-7.434417049,-8.001337349,-8.119251047,1.482295991,237
761,1.086834412,0.045744975,0.00194412,0.000631106,"(200, 200)",0.0009,100,"{'hidden_layer_sizes': (200, 200), 'learning_rate_init': 0.0009, 'max_iter': 100}",0.905047329,0.789730732,0.91224503,0.857942871,0.757769257,0.820725469,0.930274221,0.679351444,0.885978525,0.763529977,0.715415687,0.799559359,0.894670475,0.82401849,0.077547591,272,-6.21951373,-9.610779564,-5.855131683,-7.039949656,-9.408631843,-8.117715318,-5.981669428,-10.3040864,-7.181499317,-10.00790647,-10.53449241,-7.61920421,-7.672408728,-8.119460673,1.6138715,238
467,1.857266683,0.084302796,0.001940489,0.00034459,"(150, 150)",0.0007,200,"{'hidden_layer_sizes': (150, 150), 'learning_rate_init': 0.0007, 'max_iter': 200}",0.888696213,0.778988925,0.932013878,0.872877147,0.764159458,0.82223097,0.921339085,0.682601732,0.863135749,0.783003314,0.704468676,0.825899985,0.888597217,0.825231719,0.075943662,246,-6.733762706,-9.853209876,-5.153602785,-6.659626191,-9.283699533,-8.083558218,-6.35338564,-10.25172914,-7.868044498,-9.586978238,-10.73519396,-7.100944622,-7.890502971,-8.119556798,1.641399047,239
684,2.085328432,0.015191953,0.001556286,0.000505973,"(200, 150)",0.0006,250,"{'hidden_layer_sizes': (200, 150), 'learning_rate_init': 0.0006, 'max_iter': 250}",0.894742452,0.764784584,0.925736585,0.885983872,0.758179134,0.847862083,0.918691389,0.681844242,0.852086985,0.794627382,0.709681704,0.816718445,0.881895199,0.82560262,0.0758904,236,-6.548313468,-10.16491161,-5.386271793,-6.306976031,-9.400668333,-7.478134152,-6.459426947,-10.26395504,-8.179466727,-9.326666775,-10.64009092,-7.285780815,-8.124384028,-8.120388202,1.648419178,240
679,3.343250073,0.031468102,0.001709993,0.000606995,"(200, 150)",0.0005,400,"{'hidden_layer_sizes': (200, 150), 'learning_rate_init': 0.0005, 'max_iter': 400}",0.889758233,0.765095432,0.925265352,0.889449503,0.755767957,0.856798461,0.89935246,0.677858719,0.845319981,0.81492173,0.723881176,0.809583531,0.889509617,0.826350935,0.073425552,221,-6.701560142,-10.15819269,-5.403333878,-6.210383026,-9.447418747,-7.25518283,-7.186663375,-10.32804302,-8.364479157,-8.853865233,-10.37662552,-7.426239911,-7.858124517,-8.12077785,1.561315873,241
189,1.639823382,0.104671408,0.001344791,0.000563217,"(100, 50)",0.0007,300,"{'hidden_layer_sizes': (100, 50), 'learning_rate_init': 0.0007, 'max_iter': 300}",0.892360505,0.78797677,0.911097828,0.854012146,0.820772919,0.816252307,0.931449022,0.692874815,0.859657021,0.769417594,0.668066179,0.795177804,0.911783249,0.823915243,0.078627497,275,-6.621992166,-9.650780521,-5.893278876,-7.136682869,-8.093076758,-8.218365777,-5.931063147,-10.08445802,-7.96740954,-9.882533029,-11.37716059,-7.702030439,-7.021537131,-8.121566836,1.624183713,242
454,3.200880876,0.079115039,0.002083393,0.000578214,"(150, 150)",0.0005,350,"{'hidden_layer_sizes': (150, 150), 'learning_rate_init': 0.0005, 'max_iter': 350}",0.882405421,0.78709482,0.93058266,0.881638969,0.758897184,0.855235446,0.902465891,0.669604926,0.850891128,0.808497553,0.723394796,0.800609337,0.886818851,0.826010537,0.073479307,228,-6.921440466,-9.670831783,-5.207566106,-6.426024931,-9.38670103,-7.294669776,-7.074634091,-10.45951698,-8.21246512,-9.006215922,-10.38576064,-7.599221981,-7.953233182,-8.122944769,1.525974742,243
691,1.66506107,0.00663364,0.001556396,0.00050774,"(200, 150)",0.0007,200,"{'hidden_layer_sizes': (200, 150), 'learning_rate_init': 0.0007, 'max_iter': 200}",0.898073637,0.7594426,0.927357691,0.880620121,0.752608105,0.843407196,0.917615801,0.684944139,0.86584326,0.785193455,0.705612255,0.817410361,0.886385291,0.824962609,0.077614863,251,-6.44386007,-10.27969138,-5.327158607,-6.453623173,-9.50833726,-7.586831157,-6.502010762,-10.21383008,-7.789831153,-9.538475017,-10.71440354,-7.272015354,-7.968451743,-8.122963023,1.683818758,244
619,1.537552889,0.067591705,0.002705849,0.003855114,"(200, 100)",0.0005,200,"{'hidden_layer_sizes': (200, 100), 'learning_rate_init': 0.0005, 'max_iter': 200}",0.895289661,0.771718541,0.895671297,0.862031563,0.774783092,0.807972783,0.9333348,0.70345414,0.881179842,0.754730093,0.746440273,0.812878432,0.894558881,0.825695646,0.069454774,232,-6.531269742,-10.01396421,-6.38414454,-6.937897965,-9.072194232,-8.401482225,-5.848915078,-9.909249871,-7.331061411,-10.19242031,-9.943705961,-7.361708993,-7.676471986,-8.12342204,1.49052637,245
134,1.306389313,0.016383017,0.001418957,0.000489279,"(100,)",0.0007,350,"{'hidden_layer_sizes': (100,), 'learning_rate_init': 0.0007, 'max_iter': 350}",0.893189092,0.797353069,0.915819824,0.882781007,0.75312444,0.863517959,0.903987226,0.663565022,0.836549476,0.795298608,0.74822029,0.811838244,0.882351617,0.826738144,0.0714061,213,-6.596455557,-9.434974495,-5.734634207,-6.394948186,-9.498409594,-7.082918959,-7.019242229,-10.55468843,-8.598346719,-9.311412987,-9.908741536,-7.382142089,-8.108670402,-8.12504503,1.473435374,246
567,3.178711543,0.235141611,0.001625446,0.000497878,"(200, 50)",0.0005,400,"{'hidden_layer_sizes': (200, 50), 'learning_rate_init': 0.0005, 'max_iter': 400}",0.866388072,0.758540917,0.923412448,0.879668317,0.799251666,0.844006247,0.902950782,0.685016445,0.857739639,0.81987546,0.737527238,0.785702971,0.888814535,0.826838057,0.067835554,210,-7.377775774,-10.29893907,-5.469906474,-6.479299151,-8.565206128,-7.572305417,-7.057026375,-10.21265797,-8.021650721,-8.734572084,-10.11696522,-7.878159994,-7.882803054,-8.128251341,1.400823406,247
746,2.055749912,0.227405633,0.00211215,0.000588718,"(200, 200)",0.0007,150,"{'hidden_layer_sizes': (200, 200), 'learning_rate_init': 0.0007, 'max_iter': 150}",0.904595719,0.780649746,0.915852631,0.859985883,0.755925008,0.83201388,0.932112612,0.681750527,0.866925252,0.774119673,0.711340401,0.820958187,0.883251175,0.824575438,0.076090503,258,-6.234286666,-9.816118352,-5.733516645,-6.989143388,-9.444380713,-7.857985408,-5.90228628,-10.26546659,-7.758354527,-9.781250799,-10.60965198,-7.201018982,-8.077610846,-8.128543936,1.633426584,248
142,1.307478373,0.015189028,0.001512216,0.001269194,"(100,)",0.0008,350,"{'hidden_layer_sizes': (100,), 'learning_rate_init': 0.0008, 'max_iter': 350}",0.891013848,0.800411789,0.914289816,0.880562304,0.752353846,0.866943066,0.900540038,0.666894407,0.831247566,0.798449231,0.757319837,0.806360935,0.882893658,0.826867718,0.06947104,209,-6.663286657,-9.363498785,-5.786514176,-6.455185777,-9.513222132,-6.993478998,-7.1441385,-10.50233361,-8.736687833,-9.239477687,-9.728038379,-7.488816864,-8.089969305,-8.131126823,1.42343053,249
78,1.43626822,0.013888066,0.000689818,0.000428221,"(50, 50)",0.0007,350,"{'hidden_layer_sizes': (50, 50), 'learning_rate_init': 0.0007, 'max_iter': 350}",0.892976507,0.806017896,0.910491582,0.842242962,0.789643268,0.79880289,0.932523168,0.703115508,0.856938607,0.772141905,0.70061654,0.806968585,0.906521353,0.824538521,0.071894204,259,-6.603016738,-9.231059447,-5.913338606,-7.418778566,-8.767788235,-8.599741319,-5.884411895,-9.914906046,-8.044202959,-9.82397893,-10.80493199,-7.477057471,-7.227912332,-8.131624964,1.495934706,250
62,1.464277689,0.057544076,0.001137843,0.001631913,"(50, 50)",0.0005,350,"{'hidden_layer_sizes': (50, 50), 'learning_rate_init': 0.0005, 'max_iter': 350}",0.898926167,0.80538521,0.898169055,0.846485212,0.788987587,0.786578145,0.936582382,0.703095105,0.877353614,0.762963471,0.697608732,0.79558101,0.908582733,0.823561417,0.074623321,290,-6.416854691,-9.246101074,-6.307259431,-7.318349489,-8.781442168,-8.857149282,-5.704672079,-9.915246743,-7.448163,-10.01988717,-10.85907317,-7.694445722,-7.147773518,-8.132032118,1.539804955,251
411,1.472804858,0.039258598,0.001541706,0.000496269,"(150, 100)",0.0007,200,"{'hidden_layer_sizes': (150, 100), 'learning_rate_init': 0.0007, 'max_iter': 200}",0.886041148,0.775155594,0.913795759,0.866283755,0.777875559,0.826435916,0.926483974,0.711607121,0.866965535,0.767735897,0.705367739,0.806090507,0.898274143,0.825239434,0.071391297,244,-6.813603687,-9.938292138,-5.803167714,-6.830148134,-9.009693513,-7.987381882,-6.14209787,-9.772082245,-7.757180167,-9.918505501,-10.71885227,-7.494044329,-7.540017373,-8.132697448,1.527725807,252
190,1.908274706,0.039882154,0.001231725,0.000423919,"(100, 50)",0.0007,350,"{'hidden_layer_sizes': (100, 50), 'learning_rate_init': 0.0007, 'max_iter': 350}",0.887458201,0.784307516,0.917353009,0.861670818,0.814539017,0.824326242,0.930474034,0.683233961,0.853526352,0.783420169,0.675265257,0.778705967,0.908910872,0.823322417,0.078873665,292,-6.771108359,-9.733930047,-5.682171388,-6.946962288,-8.232621004,-8.035778642,-5.973092434,-10.24151379,-8.139571538,-9.577765424,-11.2531087,-8.005741701,-7.134933669,-8.132946076,1.612360412,253
642,1.417426293,0.055855528,0.002058689,0.001151694,"(200, 100)",0.0008,150,"{'hidden_layer_sizes': (200, 100), 'learning_rate_init': 0.0008, 'max_iter': 150}",0.896043793,0.784258415,0.891958747,0.852402855,0.790303126,0.805070424,0.935722053,0.704175613,0.874116379,0.739558693,0.735514671,0.812318167,0.901196857,0.824818446,0.070212357,255,-6.507707868,-9.73503792,-6.496741888,-7.175910532,-8.754025801,-8.464735417,-5.743236767,-9.897188312,-7.545819433,-10.50292162,-10.15567817,-7.372721688,-7.43091077,-8.137125861,1.499840468,254
230,2.363759811,0.122274052,0.001463285,0.000498648,"(100, 100)",0.0005,350,"{'hidden_layer_sizes': (100, 100), 'learning_rate_init': 0.0005, 'max_iter': 350}",0.881462396,0.756177257,0.93609948,0.878912053,0.772482758,0.837946829,0.912152397,0.679838731,0.867243298,0.793966514,0.698067161,0.792780648,0.90025628,0.823645062,0.078595576,285,-6.949137571,-10.34922484,-4.996351735,-6.499627912,-9.118407598,-7.71797355,-6.714144435,-10.2962539,-7.749077819,-9.341660867,-10.8508388,-7.746970049,-7.466197058,-8.138143549,1.669729355,255
588,1.909985597,0.180890705,0.001052655,0.00265308,"(200, 50)",0.0008,250,"{'hidden_layer_sizes': (200, 50), 'learning_rate_init': 0.0008, 'max_iter': 250}",0.869586924,0.752333145,0.925063835,0.870731028,0.812174427,0.837745388,0.919008128,0.674513419,0.868389866,0.792652732,0.730631598,0.771538357,0.894122629,0.824499344,0.0737201,260,-7.288923745,-10.43048878,-5.410613823,-6.715605619,-8.2849369,-7.722768996,-6.446833269,-10.38153067,-7.715542377,-9.371397286,-10.24899924,-8.13435963,-7.692335912,-8.141872019,1.51607414,256
100,1.01502501,0.092742745,0.000310806,0.000525436,"(50, 50)",0.001,250,"{'hidden_layer_sizes': (50, 50), 'learning_rate_init': 0.001, 'max_iter': 250}",0.897464773,0.800883094,0.894835549,0.82824929,0.80253566,0.798458155,0.938266283,0.705326518,0.876400655,0.746105424,0.690264118,0.80915182,0.91235728,0.823099894,0.075414803,297,-6.463077821,-9.352436831,-6.409664337,-7.74082604,-8.494859172,-8.607105659,-5.62842567,-9.877917046,-7.477043021,-10.37007512,-10.99015699,-7.434653505,-6.998655096,-8.141915101,1.579781448,257
770,1.427077697,0.131968263,0.001768076,0.000831791,"(200, 200)",0.001,150,"{'hidden_layer_sizes': (200, 200), 'learning_rate_init': 0.001, 'max_iter': 150}",0.900857092,0.783139698,0.92619896,0.87681405,0.751487053,0.843050276,0.925572287,0.687751115,0.856621182,0.778967479,0.692443876,0.822499783,0.870949872,0.824334825,0.077418157,264,-6.355265003,-9.760245561,-5.369477767,-6.555693277,-9.529856332,-7.595472534,-6.180065236,-10.16822846,-8.053122285,-9.675719736,-10.95141724,-7.16995064,-8.492506492,-8.142847736,1.698749825,258
158,1.480088656,0.170370182,0.001148206,0.000483277,"(100,)",0.001,350,"{'hidden_layer_sizes': (100,), 'learning_rate_init': 0.001, 'max_iter': 350}",0.889683153,0.804154286,0.913138037,0.880598997,0.756191502,0.871384826,0.894431957,0.668270082,0.82953075,0.800443318,0.759795025,0.793901492,0.88343333,0.826535135,0.068486621,216,-6.703841803,-9.275295438,-5.825264184,-6.454194122,-9.439223374,-6.875758647,-7.360239684,-10.48062466,-8.781017042,-9.19365767,-9.678301225,-7.725990071,-8.07130691,-8.143439602,1.386408313,259
419,1.699252055,0.110894076,0.001773908,0.000422459,"(150, 100)",0.0008,200,"{'hidden_layer_sizes': (150, 100), 'learning_rate_init': 0.0008, 'max_iter': 200}",0.882286643,0.779795491,0.92006061,0.868222911,0.784085422,0.826175256,0.924501156,0.707256392,0.856770974,0.775969995,0.696725082,0.807074029,0.895248526,0.824936345,0.071679469,253,-6.92493512,-9.835214123,-5.588319419,-6.780441782,-8.88286019,-7.993377407,-6.224376749,-9.845517704,-8.048914513,-9.741106357,-10.87492782,-7.475015002,-7.651326557,-8.143564057,1.534070965,260
753,1.083471041,0.081329109,0.001716449,0.000689319,"(200, 200)",0.0008,100,"{'hidden_layer_sizes': (200, 200), 'learning_rate_init': 0.0008, 'max_iter': 100}",0.905587097,0.795457454,0.904220291,0.85415973,0.756149978,0.81592406,0.929344149,0.685809213,0.887950368,0.761115019,0.722539605,0.790393107,0.894504535,0.823319585,0.075504275,293,-6.20181078,-9.47900045,-6.116987069,-7.133074616,-9.440027162,-8.225703151,-6.021432027,-10.19979798,-7.119131469,-10.05887969,-10.40180328,-7.791471782,-7.678450016,-8.14365919,1.550653596,261
666,1.136720951,0.040890989,0.001480451,0.000520382,"(200, 100)",0.0011,150,"{'hidden_layer_sizes': (200, 100), 'learning_rate_init': 0.0011, 'max_iter': 150}",0.888060275,0.766973478,0.921990923,0.861720407,0.807560042,0.799786171,0.935422341,0.693832589,0.85591585,0.742233577,0.710055455,0.821991271,0.901688104,0.823633114,0.076117987,287,-6.752972079,-10.11750417,-5.520435951,-6.945716977,-8.386089064,-8.578701465,-5.756610827,-10.06872149,-8.072906083,-10.44884686,-10.63323979,-7.180213716,-7.412414608,-8.144182544,1.681990329,262
348,1.446989078,0.01376757,0.001178723,0.00031525,"(150, 50)",0.0006,250,"{'hidden_layer_sizes': (150, 50), 'learning_rate_init': 0.0006, 'max_iter': 250}",0.893345864,0.795962701,0.897471704,0.858716691,0.790375338,0.80587916,0.936346215,0.694215222,0.867440324,0.744914014,0.699112895,0.821851906,0.903700983,0.823794847,0.075047565,280,-6.591612785,-9.467286035,-6.328819027,-7.020749301,-8.752518393,-8.447157648,-5.715284273,-10.06242782,-7.74332544,-10.39437765,-10.83203174,-7.183023908,-7.336139713,-8.144211826,1.588060202,263
150,1.438823627,0.123318261,0.001282637,0.000369038,"(100,)",0.0009,350,"{'hidden_layer_sizes': (100,), 'learning_rate_init': 0.0009, 'max_iter': 350}",0.889848779,0.800041698,0.913986843,0.881692498,0.751190648,0.867642934,0.896451658,0.669093519,0.8304697,0.798941312,0.758998122,0.800036251,0.884441936,0.826371992,0.068968595,220,-6.698807461,-9.372175988,-5.796732376,-6.424571691,-9.535537852,-6.97506221,-7.289492537,-10.4676088,-8.756800591,-9.228191821,-9.69434228,-7.610134925,-8.036312119,-8.145059281,1.40729917,264
196,1.410182513,0.054963045,0.001449273,0.000494673,"(100, 50)",0.0008,250,"{'hidden_layer_sizes': (100, 50), 'learning_rate_init': 0.0008, 'max_iter': 250}",0.896275272,0.796302223,0.898918425,0.843071785,0.813290795,0.812501703,0.937251801,0.70826142,0.862339561,0.746066647,0.657370097,0.810403626,0.913560612,0.822739536,0.079387093,304,-6.500458477,-9.459405871,-6.284009123,-7.399264524,-8.260278868,-8.301817518,-5.674483692,-9.828602692,-7.890896938,-10.37086701,-11.55901341,-7.410230802,-6.950443358,-8.145367099,1.665690601,265
119,1.501042329,0.01758965,0.000823956,0.000641334,"(100,)",0.0005,400,"{'hidden_layer_sizes': (100,), 'learning_rate_init': 0.0005, 'max_iter': 400}",0.899806642,0.796239176,0.91349473,0.879371433,0.739493834,0.851309938,0.904616455,0.670864881,0.849388539,0.792647808,0.738528896,0.812405608,0.882719072,0.825452847,0.072279842,238,-6.388844289,-9.460869664,-5.813291352,-6.487287146,-9.757102048,-7.392911215,-6.996203788,-10.43955434,-8.25374042,-9.371508559,-10.0976424,-7.371004004,-8.095997459,-8.148150514,1.485312657,266
674,1.254390551,0.011085005,0.001562027,0.000502002,"(200, 150)",0.0005,150,"{'hidden_layer_sizes': (200, 150), 'learning_rate_init': 0.0005, 'max_iter': 150}",0.903852535,0.778434548,0.892126838,0.858161442,0.762688171,0.813133755,0.931511151,0.696247927,0.888620645,0.7608843,0.733739831,0.793704769,0.895538585,0.823741884,0.072514394,281,-6.258521595,-9.865559892,-6.491686103,-7.034531694,-9.312612601,-8.287813093,-5.92837484,-10.02892705,-7.097806335,-10.06373604,-10.18969624,-7.729676461,-7.640725876,-8.148435986,1.511942577,267
685,2.517728384,0.032656389,0.001480781,0.000498572,"(200, 150)",0.0006,300,"{'hidden_layer_sizes': (200, 150), 'learning_rate_init': 0.0006, 'max_iter': 300}",0.891645145,0.75583208,0.92809824,0.891317295,0.755076626,0.852649248,0.904297443,0.681543659,0.840360435,0.804990371,0.716140154,0.827124962,0.879388702,0.825266489,0.074536047,242,-6.643960245,-10.35654787,-5.2999353,-6.157696176,-9.460780384,-7.35954045,-7.007893486,-10.26880242,-8.497517424,-9.088311818,-10.52107503,-7.075919218,-8.210141879,-8.149855515,1.644251422,268
243,1.406453353,0.189101286,0.00112264,0.000737958,"(100, 100)",0.0007,200,"{'hidden_layer_sizes': (100, 100), 'learning_rate_init': 0.0007, 'max_iter': 200}",0.888196342,0.776330067,0.919945884,0.872052643,0.776527937,0.806840672,0.931178231,0.684175411,0.863888749,0.770152776,0.718428361,0.786894515,0.903345031,0.82291974,0.075847863,301,-6.74886658,-9.912301857,-5.592328049,-6.681188074,-9.036982962,-8.426211622,-5.942766114,-10.22628323,-7.846370435,-9.866765874,-10.47858379,-7.85622722,-7.349685571,-8.151120106,1.593313187,269
778,1.352122362,0.140013277,0.001781739,0.000655111,"(200, 200)",0.0011,150,"{'hidden_layer_sizes': (200, 200), 'learning_rate_init': 0.0011, 'max_iter': 150}",0.897786429,0.78940777,0.925044143,0.880377143,0.756085077,0.84438124,0.921470102,0.683213845,0.848783776,0.780760945,0.69885413,0.825575297,0.868324668,0.824620351,0.075694655,256,-6.452932436,-9.618157551,-5.411324716,-6.460187483,-9.441283306,-7.563198409,-6.348092372,-10.24183898,-8.27029479,-9.636385198,-10.83668854,-7.107562994,-8.578451063,-8.151261373,1.658035801,270
699,1.672270793,0.021367256,0.001397995,0.000495914,"(200, 150)",0.0008,200,"{'hidden_layer_sizes': (200, 150), 'learning_rate_init': 0.0008, 'max_iter': 200}",0.894821666,0.763330341,0.933641201,0.88725996,0.750934175,0.842945081,0.912159668,0.67887731,0.860912536,0.779822226,0.70930993,0.813233449,0.882321568,0.823813009,0.078070322,278,-6.545848959,-10.19628597,-5.0915506,-6.271582352,-9.540451203,-7.598017522,-6.713866552,-10.31170176,-7.931691049,-9.656993298,-10.64690146,-7.354722153,-8.109705866,-8.151486057,1.705283456,271
594,1.002272404,0.094914517,0.003652848,0.00607231,"(200, 50)",0.0009,150,"{'hidden_layer_sizes': (200, 50), 'learning_rate_init': 0.0009, 'max_iter': 150}",0.896665118,0.830114305,0.8644022,0.828711515,0.813406546,0.81042343,0.937885295,0.712030305,0.875333554,0.715109617,0.731181464,0.797644353,0.901183998,0.8241609,0.069356904,269,-6.488231103,-8.638714495,-7.278252674,-7.730402748,-8.257717965,-8.347700325,-5.645766788,-9.764909894,-7.509250379,-10.98484886,-10.23853318,-7.655514545,-7.431394305,-8.151633636,1.426019307,272
428,2.075739365,0.086142387,0.001960406,0.000308735,"(150, 100)",0.0009,250,"{'hidden_layer_sizes': (150, 100), 'learning_rate_init': 0.0009, 'max_iter': 250}",0.874822626,0.786355662,0.929017026,0.876480848,0.799100825,0.833337018,0.912525537,0.684524805,0.837524005,0.820751957,0.673308739,0.799212689,0.890627378,0.824429932,0.075310955,262,-7.141110529,-9.687604694,-5.2659642,-6.564553431,-8.568423449,-7.826977627,-6.699869807,-10.22062504,-8.572675752,-8.713294688,-11.28695763,-7.625790203,-7.81827567,-8.153240209,1.559199402,273
422,2.603417672,0.151125682,0.001560725,0.00052207,"(150, 100)",0.0008,350,"{'hidden_layer_sizes': (150, 100), 'learning_rate_init': 0.0008, 'max_iter': 350}",0.872821407,0.795539092,0.929098438,0.880206561,0.797463057,0.849677538,0.890273113,0.676519475,0.827553526,0.846788921,0.683798976,0.79075173,0.887475907,0.825228288,0.073488829,247,-7.197966891,-9.477108621,-5.262943517,-6.464791944,-8.603278257,-7.433382115,-7.503817279,-10.34948923,-8.831794491,-8.055644217,-11.10426384,-7.784803594,-7.930113945,-8.153799841,1.498713939,274
228,1.688471996,0.094997238,0.001544421,0.000467841,"(100, 100)",0.0005,250,"{'hidden_layer_sizes': (100, 100), 'learning_rate_init': 0.0005, 'max_iter': 250}",0.887994706,0.761834668,0.916561406,0.865697907,0.77214147,0.820369366,0.925144375,0.690175977,0.87144639,0.779009018,0.723996453,0.792745767,0.900181391,0.823638377,0.073465069,286,-6.75494958,-10.22845379,-5.709318814,-6.845094159,-9.125244078,-8.125773651,-6.197805473,-10.1286693,-7.625422882,-9.674810488,-10.37445921,-7.747622051,-7.46899938,-8.154355605,1.538670594,275
356,1.475296002,0.054462224,0.001361902,0.000445815,"(150, 50)",0.0007,250,"{'hidden_layer_sizes': (150, 50), 'learning_rate_init': 0.0007, 'max_iter': 250}",0.890711799,0.79823952,0.906816492,0.86183402,0.804649312,0.806649591,0.93434523,0.685821019,0.852649184,0.758567904,0.683811154,0.826884308,0.896615544,0.82366116,0.076149614,284,-6.672513724,-9.414315898,-6.033514128,-6.942863035,-8.449272494,-8.430378357,-5.804420425,-10.19960635,-8.163907359,-10.11236399,-11.10405,-7.080842581,-7.601237282,-8.154560433,1.60792277,276
71,1.635887476,0.125808189,0.00075067,0.001266682,"(50, 50)",0.0006,400,"{'hidden_layer_sizes': (50, 50), 'learning_rate_init': 0.0006, 'max_iter': 400}",0.892802463,0.802392729,0.912924995,0.842654821,0.786068669,0.805660942,0.931797383,0.692457179,0.86217224,0.78248722,0.686084892,0.803084283,0.901179851,0.823212897,0.074803515,295,-6.608383539,-9.316915912,-5.832403502,-7.409088074,-8.841970082,-8.451904203,-5.915973804,-10.09131223,-7.895691025,-9.598372063,-11.06405293,-7.551911848,-7.431550265,-8.154579191,1.532112144,277
127,1.497507939,0.015621015,0.001420021,0.00133951,"(100,)",0.0006,400,"{'hidden_layer_sizes': (100,), 'learning_rate_init': 0.0006, 'max_iter': 400}",0.894639927,0.795508284,0.911829352,0.880207595,0.745830746,0.857498671,0.899965606,0.664745888,0.84354444,0.798442787,0.74591116,0.81402645,0.881821071,0.825690152,0.071024882,234,-6.551501869,-9.477822578,-5.868982618,-6.464764042,-9.63769884,-7.237423338,-7.164739319,-10.53614901,-8.412349267,-9.239625387,-9.954075512,-7.339091661,-8.126933235,-8.15470436,1.447556963,278
69,1.289154053,0.106184227,0.000850219,0.001612717,"(50, 50)",0.0006,300,"{'hidden_layer_sizes': (50, 50), 'learning_rate_init': 0.0006, 'max_iter': 300}",0.898149295,0.80579733,0.886955721,0.83655937,0.795483266,0.7830878,0.94104267,0.70415629,0.881833964,0.752959699,0.694171046,0.799131514,0.910139655,0.82226674,0.075317587,314,-6.441468057,-9.236306017,-6.645460806,-7.55123613,-8.64522435,-8.929281367,-5.500404431,-9.897511552,-7.310854301,-10.22913934,-10.92062353,-7.627331544,-7.08664549,-8.155498993,1.562907328,279
659,1.485758121,0.013600832,0.001638467,0.00049489,"(200, 100)",0.001,200,"{'hidden_layer_sizes': (200, 100), 'learning_rate_init': 0.001, 'max_iter': 200}",0.880333909,0.760042926,0.932016472,0.880918391,0.805919372,0.819462336,0.924486187,0.677327102,0.837251658,0.779074502,0.716350706,0.829249894,0.877490763,0.824609555,0.073795695,257,-6.982137383,-10.26685656,-5.153504476,-6.445555974,-8.421761502,-8.146263026,-6.224993776,-10.33656148,-8.579857637,-9.673376965,-10.51717232,-7.032297133,-8.274487107,-8.158063487,1.65628266,280
686,2.942475942,0.034499193,0.001400654,0.000507452,"(200, 150)",0.0006,350,"{'hidden_layer_sizes': (200, 150), 'learning_rate_init': 0.0006, 'max_iter': 350}",0.888285183,0.757516679,0.927250105,0.892448134,0.752640445,0.86156563,0.898583782,0.671734364,0.842772849,0.812771024,0.721419221,0.805687205,0.885529301,0.824477225,0.075584315,261,-6.746184693,-10.32075934,-5.331102007,-6.125577123,-9.507715746,-7.133398465,-7.214054636,-10.42575603,-8.433067335,-8.905159905,-10.42278334,-7.501833494,-7.998413157,-8.158908098,1.615247109,281
754,1.399140963,0.106540887,0.001489584,0.000667297,"(200, 200)",0.0008,150,"{'hidden_layer_sizes': (200, 200), 'learning_rate_init': 0.0008, 'max_iter': 150}",0.903107362,0.777907491,0.920776315,0.866875154,0.752722044,0.835576726,0.930845977,0.682486589,0.861656345,0.775961015,0.69660639,0.822631734,0.875027358,0.823244654,0.077854019,294,-6.282727552,-9.87728694,-5.563246808,-6.815027229,-9.50614743,-7.774208167,-5.957093923,-10.2535885,-7.910454156,-9.741301602,-10.87705566,-7.167285118,-8.357264414,-8.160206731,1.691420347,282
235,1.30788627,0.116916009,0.001218942,0.000731646,"(100, 100)",0.0006,200,"{'hidden_layer_sizes': (100, 100), 'learning_rate_init': 0.0006, 'max_iter': 200}",0.890858263,0.770855012,0.903415919,0.866901121,0.776351974,0.80678468,0.930211936,0.684828848,0.875733428,0.766031462,0.733334433,0.788336367,0.904568741,0.822939399,0.073726957,300,-6.668041102,-10.03288644,-6.142619054,-6.814362547,-9.040540129,-8.427432807,-5.984340504,-10.21569872,-7.497197549,-9.954831697,-10.19745053,-7.82960485,-7.303011635,-8.162155197,1.521030418,283
84,1.02798207,0.014458236,0.000936893,0.000482621,"(50, 50)",0.0008,250,"{'hidden_layer_sizes': (50, 50), 'learning_rate_init': 0.0008, 'max_iter': 250}",0.900253036,0.809938634,0.87902614,0.82522165,0.804849653,0.7882367,0.942836856,0.698678308,0.884774703,0.734923324,0.699740648,0.803593941,0.910728524,0.821754009,0.07618619,326,-6.374596199,-9.137294838,-6.874586436,-7.80875603,-8.444938834,-8.822666582,-5.416063831,-9.988724746,-7.219310385,-10.5959756,-10.82072619,-7.542132579,-7.063387355,-8.162243046,1.588292777,284
229,2.082412426,0.248929511,0.001365185,0.000768919,"(100, 100)",0.0005,300,"{'hidden_layer_sizes': (100, 100), 'learning_rate_init': 0.0005, 'max_iter': 300}",0.884287874,0.756271374,0.927983864,0.876306007,0.772757582,0.827648833,0.917142773,0.688287029,0.860224913,0.78911819,0.709746594,0.802611314,0.894736396,0.823624826,0.07470205,288,-6.865817788,-10.34722721,-5.304148996,-6.569197834,-9.112898748,-7.95942386,-6.520650438,-10.15949883,-7.951273301,-9.450934454,-10.63890176,-7.560975825,-7.670007443,-8.162381268,1.59886974,285
251,1.182261412,0.042097327,0.001522651,0.004100312,"(100, 100)",0.0008,200,"{'hidden_layer_sizes': (100, 100), 'learning_rate_init': 0.0008, 'max_iter': 200}",0.884005897,0.780790216,0.922462594,0.867697435,0.783747028,0.836113548,0.929699572,0.685150623,0.856613939,0.767098484,0.691217437,0.784010938,0.901999632,0.822354411,0.077891075,313,-6.874178288,-9.812974784,-5.503721372,-6.793947219,-8.889818345,-7.761506855,-6.006267983,-10.21048251,-8.053325682,-9.932106069,-10.97323096,-7.909200797,-7.40066115,-8.163186309,1.630182215,286
762,1.628768077,0.090846851,0.002280712,0.000781396,"(200, 200)",0.0009,150,"{'hidden_layer_sizes': (200, 200), 'learning_rate_init': 0.0009, 'max_iter': 150}",0.902206013,0.779676205,0.924315081,0.873125448,0.751277751,0.837549571,0.928470579,0.685728044,0.859597907,0.776981427,0.688310835,0.823348515,0.870527366,0.823162672,0.07849947,296,-6.311882594,-9.837877655,-5.437577792,-6.653119104,-9.533868607,-7.727427704,-6.058541348,-10.20111543,-7.96908733,-9.719092323,-11.02475606,-7.152788237,-8.506397217,-8.1641178,1.718189755,287
574,2.375721656,0.039931379,0.002044164,0.003343615,"(200, 50)",0.0006,350,"{'hidden_layer_sizes': (200, 50), 'learning_rate_init': 0.0006, 'max_iter': 350}",0.86639387,0.760544244,0.927354599,0.875177873,0.80523419,0.8406183,0.902992826,0.683950487,0.848776457,0.81254456,0.731618613,0.782131902,0.889308578,0.825126654,0.0684377,249,-7.377615688,-10.25612619,-5.327271992,-6.599086578,-8.436614496,-7.654093213,-7.05549758,-10.22992406,-8.270494939,-8.910543926,-10.2302049,-7.943530046,-7.865270266,-8.165867221,1.422300097,288
732,3.181259834,0.238427,0.002188499,0.000757883,"(200, 200)",0.0005,250,"{'hidden_layer_sizes': (200, 200), 'learning_rate_init': 0.0005, 'max_iter': 250}",0.902605462,0.781177805,0.926784913,0.873073626,0.7461878,0.840658616,0.925646121,0.674493299,0.862807544,0.780005948,0.687993617,0.80865387,0.8792699,0.822258348,0.080952039,315,-6.29897866,-9.804295681,-5.348119429,-6.654477702,-9.630926986,-7.653125074,-6.176999063,-10.38185153,-7.877472766,-9.652963425,-11.0303648,-7.444346231,-8.214184394,-8.166777364,1.725200064,289
450,1.392596813,0.086142132,0.001732551,0.000466244,"(150, 150)",0.0005,150,"{'hidden_layer_sizes': (150, 150), 'learning_rate_init': 0.0005, 'max_iter': 150}",0.896963321,0.792145999,0.885767928,0.852508418,0.765450227,0.813372115,0.929925588,0.70888553,0.890450665,0.760868963,0.740431071,0.783367563,0.889960477,0.823853682,0.068143184,277,-6.4788625,-9.555422837,-6.680282575,-7.17334393,-9.258259562,-8.28252558,-5.996605154,-9.818084009,-7.039254514,-10.06405879,-10.0608457,-7.92097175,-7.842075454,-8.166968643,1.393376982,290
166,1.283048611,0.08431897,0.001191231,0.000679901,"(100,)",0.0011,350,"{'hidden_layer_sizes': (100,), 'learning_rate_init': 0.0011, 'max_iter': 350}",0.887442019,0.803727023,0.913377296,0.876421177,0.755184994,0.875420036,0.893922707,0.666124722,0.827013448,0.800828368,0.760601923,0.784633109,0.884667956,0.825335752,0.069136407,241,-6.771595141,-9.285407554,-5.817235902,-6.566138879,-9.458687141,-6.767038079,-7.377970845,-10.51446012,-8.845613649,-9.184783683,-9.662031844,-7.897801077,-8.028449142,-8.167477927,1.383051383,291
638,3.32863771,0.125358434,0.002076369,0.001004351,"(200, 100)",0.0007,350,"{'hidden_layer_sizes': (200, 100), 'learning_rate_init': 0.0007, 'max_iter': 350}",0.88066551,0.752588429,0.928108699,0.87641006,0.796659612,0.862473194,0.901300599,0.670690526,0.828311174,0.824713746,0.709304501,0.78627216,0.894103227,0.823969341,0.074994811,274,-6.972456719,-10.42511174,-5.299549819,-6.566434207,-8.620325565,-7.109977027,-7.116770821,-10.44231909,-8.812371764,-8.61646485,-10.64700087,-7.867690554,-7.693040711,-8.168424134,1.568832699,292
645,2.861096602,0.116722667,0.002102265,0.000540579,"(200, 100)",0.0008,300,"{'hidden_layer_sizes': (200, 100), 'learning_rate_init': 0.0008, 'max_iter': 300}",0.874007228,0.743177618,0.934967252,0.878823051,0.79833849,0.859396037,0.906291956,0.677008491,0.836404987,0.819959383,0.703552921,0.798149219,0.883078727,0.824088874,0.075180964,271,-7.164331172,-10.62153172,-5.040421537,-6.502016147,-8.584664992,-7.189079728,-6.934484097,-10.34166344,-8.602146332,-8.73253707,-10.75181354,-7.64595855,-8.083574295,-8.168786356,1.62730574,293
403,1.439886643,0.04589534,0.001140521,0.002799756,"(150, 100)",0.0006,200,"{'hidden_layer_sizes': (150, 100), 'learning_rate_init': 0.0006, 'max_iter': 200}",0.889093783,0.775890757,0.901424368,0.861704488,0.770979739,0.820039038,0.929006065,0.714414811,0.874892794,0.758162232,0.714293615,0.801006409,0.89724738,0.823704268,0.070537939,283,-6.721725667,-9.922031455,-6.205625922,-6.946116786,-9.148476912,-8.133241577,-6.035820912,-9.724397154,-7.522513187,-10.1208562,-10.55523992,-7.591651555,-7.577974125,-8.169667029,1.494935971,294
745,1.353614899,0.153949895,0.002282179,0.00044281,"(200, 200)",0.0007,100,"{'hidden_layer_sizes': (200, 200), 'learning_rate_init': 0.0007, 'max_iter': 100}",0.905994894,0.797360462,0.896670522,0.850730074,0.755566658,0.813480145,0.928202456,0.694998689,0.88828557,0.761409656,0.729566632,0.779269976,0.892286845,0.822601737,0.073026817,307,-6.188402568,-9.434802386,-6.353498408,-7.216459784,-9.451311286,-8.280128059,-6.069885745,-10.04952883,-7.108474873,-10.05267456,-10.2692393,-7.995533134,-7.758737158,-8.171436622,1.483499486,295
357,2.164407473,0.091034803,0.001553829,0.0005175,"(150, 50)",0.0007,300,"{'hidden_layer_sizes': (150, 50), 'learning_rate_init': 0.0007, 'max_iter': 300}",0.881738249,0.800338895,0.925594746,0.864783549,0.80689665,0.820668203,0.921158159,0.661792881,0.848548428,0.786826532,0.671638567,0.808726783,0.894776286,0.822575994,0.079589097,309,-6.941047077,-9.365208494,-5.391413101,-6.868356106,-8.400531178,-8.119011738,-6.360688072,-10.58244986,-8.276728094,-9.502147469,-11.31577249,-7.442927744,-7.668553993,-8.171910417,1.616379289,296
631,3.974715325,0.431017001,0.001989933,0.001793045,"(200, 100)",0.0006,400,"{'hidden_layer_sizes': (200, 100), 'learning_rate_init': 0.0006, 'max_iter': 400}",0.880065869,0.746116214,0.925791341,0.88125588,0.784486949,0.867039739,0.896829648,0.669319097,0.835737617,0.824172466,0.720454291,0.790179321,0.891828584,0.824098232,0.074470936,270,-6.989952647,-10.56059039,-5.384285745,-6.436415831,-8.874596815,-6.990937968,-7.276175708,-10.46404033,-8.61967429,-8.629758333,-10.44081862,-7.795444179,-7.775224249,-8.172147317,1.561247552,297
739,2.555287966,0.05655687,0.002334998,0.000398078,"(200, 200)",0.0006,200,"{'hidden_layer_sizes': (200, 200), 'learning_rate_init': 0.0006, 'max_iter': 200}",0.90390308,0.770444345,0.925703967,0.873208635,0.751637566,0.829672757,0.926632952,0.672501541,0.857648483,0.776349437,0.69769933,0.823822758,0.879980841,0.822246592,0.080009749,316,-6.256876328,-10.04187273,-5.387454559,-6.650937646,-9.526969992,-7.912551999,-6.135871335,-10.4135661,-8.024220338,-9.732853557,-10.85744632,-7.143180504,-8.189963305,-8.174904978,1.732795636,298
415,3.188561586,0.21075686,0.00157923,0.000553171,"(150, 100)",0.0007,400,"{'hidden_layer_sizes': (150, 100), 'learning_rate_init': 0.0007, 'max_iter': 400}",0.870355526,0.786634007,0.924464936,0.881252622,0.787684667,0.866817954,0.887682728,0.686359514,0.817711004,0.845703419,0.703019658,0.786311519,0.883078696,0.825159712,0.069674383,248,-7.26741302,-9.681291917,-5.432191965,-6.436504107,-8.808511452,-6.996766172,-7.591874045,-10.19086166,-9.08033815,-8.084130993,-10.76147962,-7.86696608,-8.083575386,-8.175531121,1.45317451,299
707,1.666952427,0.018139689,0.001628876,0.000497551,"(200, 150)",0.0009,200,"{'hidden_layer_sizes': (200, 150), 'learning_rate_init': 0.0009, 'max_iter': 200}",0.892837397,0.771812426,0.933323518,0.890365033,0.748743531,0.840671897,0.905506496,0.674768999,0.856724895,0.776605408,0.713653842,0.811654208,0.883333694,0.823077027,0.077374236,299,-6.60730665,-10.01190478,-5.103723581,-6.184613755,-9.582315593,-7.652806142,-6.963485856,-10.37745396,-8.050209129,-9.727282279,-10.56705132,-7.385751343,-8.074755668,-8.176050773,1.677407844,300
93,1.202704063,0.03891315,0.000696861,0.001646338,"(50, 50)",0.0009,300,"{'hidden_layer_sizes': (50, 50), 'learning_rate_init': 0.0009, 'max_iter': 300}",0.890371604,0.805814979,0.903353635,0.831322282,0.789048529,0.802618998,0.927337481,0.703990591,0.86190456,0.760858153,0.707569088,0.802430564,0.909943752,0.822812632,0.07052506,302,-6.682890818,-9.235886306,-6.144599328,-7.671263405,-8.78017402,-8.517795198,-6.106339508,-9.900282914,-7.903354535,-10.06428625,-10.67873416,-7.564436851,-7.094366018,-8.180339178,1.43901445,301
421,2.175244185,0.070254977,0.001576625,0.000481187,"(150, 100)",0.0008,300,"{'hidden_layer_sizes': (150, 100), 'learning_rate_init': 0.0008, 'max_iter': 300}",0.877874263,0.789281017,0.927485463,0.879507081,0.798375081,0.835999569,0.89290726,0.687097667,0.825708747,0.832679505,0.690946614,0.801985063,0.883289132,0.824856651,0.07014325,254,-7.053528679,-9.621051645,-5.322471503,-6.483638616,-8.583886107,-7.764205353,-7.413200337,-10.17886251,-8.878908732,-8.418403967,-10.97804203,-7.572960608,-8.076297646,-8.180419825,1.469215346,302
455,3.676933325,0.160107227,0.001698054,0.000465456,"(150, 150)",0.0005,400,"{'hidden_layer_sizes': (150, 150), 'learning_rate_init': 0.0005, 'max_iter': 400}",0.878321369,0.779709416,0.926506704,0.880256387,0.756141675,0.853263525,0.896879253,0.666467886,0.852240606,0.811760161,0.728004979,0.795948919,0.885342318,0.823911015,0.072793576,276,-7.040605239,-9.837136154,-5.35827093,-6.463447357,-9.440187871,-7.34418418,-7.274426266,-10.50905525,-8.175218065,-8.92916734,-10.29884716,-7.687518467,-8.004943027,-8.181769793,1.488628238,303
461,2.775414724,0.197472091,0.002170361,0.000495018,"(150, 150)",0.0006,300,"{'hidden_layer_sizes': (150, 150), 'learning_rate_init': 0.0006, 'max_iter': 300}",0.883167025,0.784160307,0.931184314,0.877322198,0.760447682,0.850454481,0.89771719,0.665524323,0.850824183,0.809141848,0.707614681,0.809730361,0.881037015,0.823717354,0.074755407,282,-6.898990622,-9.737251178,-5.184949489,-6.542158023,-9.356470065,-7.414147482,-7.244810785,-10.52390982,-8.21430848,-8.991052814,-10.67790167,-7.423376181,-8.153847659,-8.181782637,1.557354585,304
603,1.272790909,0.031947849,0.00120196,0.004163711,"(200, 50)",0.001,200,"{'hidden_layer_sizes': (200, 50), 'learning_rate_init': 0.001, 'max_iter': 200}",0.877658603,0.76979958,0.915103354,0.865064324,0.823695618,0.825879496,0.933148237,0.667023265,0.847474925,0.770212095,0.707135193,0.789358311,0.896835594,0.822183738,0.076422645,318,-7.059753778,-10.05596543,-5.758986687,-6.861221368,-8.026817667,-8.0001748,-5.857093447,-10.50030206,-8.306009422,-9.865492567,-10.68665353,-7.810680738,-7.593143503,-8.183253461,1.589167997,305
692,2.08235891,0.014959236,0.001648609,0.000504853,"(200, 150)",0.0007,250,"{'hidden_layer_sizes': (200, 150), 'learning_rate_init': 0.0007, 'max_iter': 250}",0.896448784,0.762239044,0.927213473,0.888137181,0.756759159,0.84567124,0.908145526,0.675167566,0.835760067,0.797798659,0.718906885,0.81296214,0.879985292,0.82347654,0.075025316,291,-6.495019177,-10.21976677,-5.332444029,-6.247135353,-9.428228349,-7.531785663,-6.865558597,-10.37109328,-8.619085212,-9.254377425,-10.46967595,-7.360062202,-8.189811455,-8.183387958,1.63173327,306
586,1.224192564,0.158124072,0.001648664,0.001014368,"(200, 50)",0.0008,150,"{'hidden_layer_sizes': (200, 50), 'learning_rate_init': 0.0008, 'max_iter': 150}",0.896069699,0.830249685,0.860029142,0.83194605,0.803244079,0.805635078,0.938292749,0.712967955,0.876708955,0.715101699,0.732655915,0.791157036,0.900514305,0.822659411,0.069417309,305,-6.506896954,-8.635271748,-7.394683997,-7.657066161,-8.479607475,-8.452466591,-5.627219059,-9.748999319,-7.467712036,-10.98500151,-10.21041575,-7.777260495,-7.456533723,-8.184548832,1.420251564,307
172,1.455654346,0.098341904,0.001237502,0.00041813,"(100, 50)",0.0005,250,"{'hidden_layer_sizes': (100, 50), 'learning_rate_init': 0.0005, 'max_iter': 250}",0.895069883,0.793593225,0.892953832,0.857678781,0.792562605,0.793799248,0.934034316,0.691449754,0.885456469,0.735429344,0.702917292,0.792072252,0.907110249,0.821086712,0.077231394,339,-6.538120429,-9.522098925,-6.466754429,-7.046490392,-8.706735851,-8.706019606,-5.818147897,-10.10782689,-7.197921065,-10.58585713,-10.76333414,-7.760200572,-7.205109165,-8.186508961,1.596110594,308
236,1.734188593,0.139942614,0.00114175,0.000760782,"(100, 100)",0.0006,250,"{'hidden_layer_sizes': (100, 100), 'learning_rate_init': 0.0006, 'max_iter': 250}",0.8898258,0.761750333,0.926678977,0.872306776,0.77372601,0.821685895,0.918926598,0.682401614,0.859267443,0.788242113,0.7100951,0.788286294,0.89436855,0.822120116,0.075628937,320,-6.699506132,-10.23026459,-5.35198718,-6.674549579,-9.093460006,-8.095941615,-6.450077302,-10.25496046,-7.97846024,-9.470545372,-10.6325128,-7.83053092,-7.68339726,-8.188168728,1.590545941,309
135,1.555205345,0.063895982,0.001228314,0.001112776,"(100,)",0.0007,400,"{'hidden_layer_sizes': (100,), 'learning_rate_init': 0.0007, 'max_iter': 400}",0.892263051,0.791828001,0.912579527,0.879865424,0.748274045,0.863434454,0.895696348,0.660149447,0.836928446,0.79779539,0.750638166,0.802805533,0.882193692,0.824188579,0.071257961,267,-6.624989181,-9.562729501,-5.843961985,-6.473990349,-9.59126395,-7.08508544,-7.316030023,-10.60813011,-8.588373043,-9.254452221,-9.861049253,-7.557255131,-8.114110908,-8.190878546,1.442968699,310
259,1.502282344,0.057884982,0.001377142,0.000801131,"(100, 100)",0.0009,200,"{'hidden_layer_sizes': (100, 100), 'learning_rate_init': 0.0009, 'max_iter': 200}",0.880884513,0.787593491,0.914416673,0.855135535,0.783487514,0.840811286,0.935324632,0.670340129,0.853393278,0.770237975,0.691500515,0.782922943,0.903984714,0.820771784,0.078883616,346,-6.966055847,-9.659499539,-5.782230375,-7.10917116,-8.895150837,-7.649457848,-5.760964173,-10.44787311,-8.14326818,-9.864937006,-10.96819992,-7.929096141,-7.325324311,-8.192402188,1.611313267,311
373,1.738392757,0.013772467,0.001052306,9.74E-05,"(150, 50)",0.0009,300,"{'hidden_layer_sizes': (150, 50), 'learning_rate_init': 0.0009, 'max_iter': 300}",0.87872189,0.79971977,0.925273479,0.86028481,0.820822804,0.819037857,0.913964528,0.666723546,0.840996626,0.801471616,0.67882838,0.797769148,0.890619025,0.822633344,0.075952526,306,-7.029008156,-9.379717442,-5.403040063,-6.981678569,-8.0919504,-8.155834117,-6.644533489,-10.50502677,-8.480568489,-9.169940029,-11.19120155,-7.653153566,-7.818574209,-8.192632835,1.524848217,312
351,2.418727673,0.172937103,0.001495636,0.00049433,"(150, 50)",0.0006,400,"{'hidden_layer_sizes': (150, 50), 'learning_rate_init': 0.0006, 'max_iter': 400}",0.87424151,0.804866409,0.933858632,0.862978956,0.793523459,0.838760894,0.911843479,0.657121514,0.841086122,0.799445686,0.690142214,0.787968429,0.889934512,0.821982447,0.077258639,321,-7.157667082,-9.25841691,-5.083202297,-6.914036573,-8.686547568,-7.698563742,-6.725939301,-10.65528242,-8.478181474,-9.216609669,-10.99231949,-7.836407057,-7.843000613,-8.195859553,1.55493313,313
108,1.026705944,0.013525516,0.000776584,0.000562845,"(50, 50)",0.0011,250,"{'hidden_layer_sizes': (50, 50), 'learning_rate_init': 0.0011, 'max_iter': 250}",0.89112327,0.797105306,0.903047422,0.826927449,0.795977612,0.798692116,0.933904948,0.706649593,0.868226019,0.748429424,0.694148672,0.804849518,0.908616308,0.821361358,0.073759615,333,-6.659940829,-9.440740509,-6.154325849,-7.770556722,-8.634769677,-8.602108392,-5.823850204,-9.85571633,-7.720343598,-10.32250527,-10.921023,-7.5179864,-7.146460814,-8.197717507,1.53754821,314
143,1.587769875,0.055935407,0.001308716,0.001252136,"(100,)",0.0008,400,"{'hidden_layer_sizes': (100,), 'learning_rate_init': 0.0008, 'max_iter': 400}",0.889782758,0.794377933,0.911165391,0.877073369,0.747356967,0.86830509,0.891719655,0.664156999,0.833098835,0.80079564,0.757481394,0.796061204,0.882843741,0.824170691,0.069548543,268,-6.700814664,-9.503981365,-5.891039074,-6.548789428,-9.608719313,-6.95759289,-7.454191335,-10.54539856,-8.688633525,-9.185538274,-9.72479975,-7.685403023,-8.091693308,-8.198968808,1.397869278,315
474,1.376221107,0.103192192,0.001894144,0.000742058,"(150, 150)",0.0008,150,"{'hidden_layer_sizes': (150, 150), 'learning_rate_init': 0.0008, 'max_iter': 150}",0.888474403,0.777667384,0.916092505,0.858968882,0.76183992,0.81151698,0.929862462,0.695706602,0.869226588,0.759408259,0.710374156,0.816873668,0.889551684,0.821966423,0.073962406,322,-6.740468978,-9.882624722,-5.725338724,-7.014480493,-9.32924133,-8.323589132,-5.999305508,-10.03785949,-7.690977187,-10.09474955,-10.62739426,-7.282694966,-7.856628478,-8.200411755,1.586066227,316
374,2.033153662,0.02234358,0.001315154,0.000443656,"(150, 50)",0.0009,350,"{'hidden_layer_sizes': (150, 50), 'learning_rate_init': 0.0009, 'max_iter': 350}",0.881006543,0.790534812,0.924343104,0.844654557,0.824670166,0.837291513,0.91289573,0.680473348,0.810733125,0.813242909,0.69941302,0.788099859,0.892858866,0.823093658,0.070915878,298,-6.96248668,-9.592385927,-5.436571046,-7.36185562,-8.004602218,-7.733562898,-6.6856778,-10.28604434,-9.252500146,-8.893930718,-10.8266281,-7.833977952,-7.73810799,-8.200640879,1.455638442,317
715,2.277532247,0.241905881,0.002378941,0.00047529,"(200, 150)",0.001,200,"{'hidden_layer_sizes': (200, 150), 'learning_rate_init': 0.001, 'max_iter': 200}",0.892094795,0.779414001,0.930880885,0.889327184,0.752965019,0.839399817,0.899863644,0.674586406,0.851526044,0.780093698,0.717887634,0.795175928,0.885551711,0.822212828,0.075550296,317,-6.630160379,-9.843729865,-5.196367905,-6.213817836,-9.501475904,-7.683295503,-7.168389779,-10.38036663,-8.194961825,-9.65103807,-10.48864045,-7.702065706,-7.997630209,-8.203995389,1.606336193,318
581,2.015349993,0.096435508,0.001169388,0.000550718,"(200, 50)",0.0007,300,"{'hidden_layer_sizes': (200, 50), 'learning_rate_init': 0.0007, 'max_iter': 300}",0.865165802,0.749186833,0.925302672,0.869981491,0.806356345,0.838667826,0.914066802,0.682380647,0.845511646,0.808701361,0.72121797,0.778456077,0.890931152,0.822763587,0.071337645,303,-7.411444582,-10.49653315,-5.401984587,-6.735046944,-8.412275354,-7.700785249,-6.640582968,-10.25529896,-8.359295323,-9.001422178,-10.42654745,-8.010260541,-7.807410779,-8.204529851,1.484178094,319
231,2.540393811,0.145504107,0.002108115,0.002537118,"(100, 100)",0.0005,400,"{'hidden_layer_sizes': (100, 100), 'learning_rate_init': 0.0005, 'max_iter': 400}",0.879114082,0.758948587,0.935012379,0.875269716,0.780798545,0.850696122,0.902697904,0.682786876,0.847109725,0.794285911,0.702762597,0.785548644,0.892560369,0.82212242,0.075030164,319,-7.017633658,-10.29024123,-5.038672443,-6.596658356,-8.950216912,-7.408155033,-7.066214552,-10.24873871,-8.315947251,-9.334417246,-10.76613608,-7.880996243,-7.748879737,-8.204839035,1.597950794,320
596,2.014732434,0.309366788,0.001909843,0.001490536,"(200, 50)",0.0009,250,"{'hidden_layer_sizes': (200, 50), 'learning_rate_init': 0.0009, 'max_iter': 250}",0.871520195,0.735475454,0.928366155,0.866313264,0.814224453,0.835619834,0.918271634,0.661690144,0.863543391,0.798415135,0.727045959,0.75218921,0.897261893,0.820764363,0.078566986,347,-7.234695751,-10.77962627,-5.290051966,-6.829394444,-8.239599797,-7.773188983,-6.476078865,-10.58405706,-7.856318512,-9.240259177,-10.3169874,-8.471822111,-7.577438958,-8.205347637,1.591201736,321
159,1.490764636,0.037456745,0.001311632,0.000505692,"(100,)",0.001,400,"{'hidden_layer_sizes': (100,), 'learning_rate_init': 0.001, 'max_iter': 400}",0.887579681,0.798192691,0.910519323,0.876371248,0.751718953,0.874351217,0.885678492,0.66520498,0.832951484,0.802982727,0.759708391,0.780715901,0.883563485,0.823810659,0.068944094,279,-6.767452912,-9.415408371,-5.912422188,-6.567465198,-9.525408913,-6.796004579,-7.659310803,-10.52893252,-8.692468112,-9.134974577,-9.680046389,-7.969302133,-8.066799546,-8.208922787,1.365761063,322
227,1.355391007,0.093009943,0.001646555,0.000478286,"(100, 100)",0.0005,200,"{'hidden_layer_sizes': (100, 100), 'learning_rate_init': 0.0005, 'max_iter': 200}",0.887667476,0.776301522,0.886935574,0.859290298,0.771164952,0.806833075,0.929955693,0.692952498,0.882507205,0.759817737,0.742575653,0.785424252,0.900079556,0.821654269,0.070382647,328,-6.764809873,-9.912934358,-6.646052973,-7.006482765,-9.144776888,-8.426377311,-5.99531688,-10.08318259,-7.28999807,-10.08615545,-10.0191977,-7.883281579,-7.472808336,-8.210105751,1.427934515,323
602,0.986983336,0.032253767,0.00054453,0.000639224,"(200, 50)",0.001,150,"{'hidden_layer_sizes': (200, 50), 'learning_rate_init': 0.001, 'max_iter': 150}",0.893854843,0.829093198,0.867067327,0.815417046,0.814433946,0.809159165,0.937404097,0.70676813,0.87227213,0.710482374,0.714493036,0.803730483,0.902397955,0.821274902,0.072014122,335,-6.575865615,-8.664637314,-7.206371985,-8.024792894,-8.234952718,-8.375489005,-5.667593281,-9.853724879,-7.600893211,-11.07369852,-10.55155552,-7.539510478,-7.385605821,-8.211899327,1.475339112,324
151,1.489577954,0.082507383,0.00126692,0.000471988,"(100,)",0.0009,400,"{'hidden_layer_sizes': (100,), 'learning_rate_init': 0.0009, 'max_iter': 400}",0.888112608,0.793869389,0.911209435,0.877561548,0.746235455,0.870010344,0.887471197,0.666797791,0.832775501,0.801185486,0.758528722,0.788361836,0.88449264,0.823585535,0.069176037,289,-6.751393372,-9.515726701,-5.88957851,-6.535772871,-9.630022821,-6.912400882,-7.599019705,-10.50385657,-8.697045613,-9.17654575,-9.70377854,-7.829133787,-8.034548844,-8.21375569,1.384907893,325
364,1.448015451,0.008635168,0.00130901,0.000401883,"(150, 50)",0.0008,250,"{'hidden_layer_sizes': (150, 50), 'learning_rate_init': 0.0008, 'max_iter': 250}",0.888982701,0.797984075,0.914667027,0.863763504,0.81199273,0.803541096,0.932534579,0.682823396,0.835048583,0.767748351,0.669882667,0.824896412,0.884263535,0.821394512,0.077239524,332,-6.725091011,-9.420273643,-5.773766888,-6.894214144,-8.288943241,-8.497875754,-5.883914317,-10.24814873,-8.637733887,-9.918239576,-11.34598748,-7.121381376,-8.042513024,-8.215237159,1.644064208,326
721,1.041711826,0.046284661,0.001771688,0.000372792,"(200, 150)",0.0011,100,"{'hidden_layer_sizes': (200, 150), 'learning_rate_init': 0.0011, 'max_iter': 100}",0.901199128,0.782519499,0.902942807,0.85763565,0.773002164,0.80138736,0.9376694,0.688875239,0.860276532,0.740015355,0.729765478,0.822891896,0.88045586,0.821433567,0.073216026,330,-6.344292907,-9.774192259,-6.157645316,-7.047558053,-9.107993295,-8.544328961,-5.655569897,-10.14990869,-7.949804963,-10.49370958,-10.26546319,-7.162026738,-8.173739878,-8.217402595,1.600584708,327
427,1.670167996,0.053633434,0.001438379,0.000495035,"(150, 100)",0.0009,200,"{'hidden_layer_sizes': (150, 100), 'learning_rate_init': 0.0009, 'max_iter': 200}",0.878949602,0.781749776,0.923401126,0.87042648,0.783617815,0.822002215,0.920057838,0.700749455,0.846377594,0.78035062,0.676766265,0.807021959,0.891267258,0.821749077,0.07427813,327,-7.022406224,-9.791473764,-5.470310756,-6.72351171,-8.892473808,-8.088757547,-6.404919367,-9.954336594,-8.335834365,-9.645398659,-11.22707119,-7.47602368,-7.795371852,-8.217529963,1.576200449,328
700,2.078674775,0.008628628,0.001517699,0.000480129,"(200, 150)",0.0008,250,"{'hidden_layer_sizes': (200, 150), 'learning_rate_init': 0.0008, 'max_iter': 250}",0.893026911,0.770223275,0.928211073,0.886715471,0.766144616,0.841268124,0.903002764,0.671711083,0.823181982,0.790051119,0.734826855,0.804682825,0.879439793,0.822498915,0.072351222,311,-6.601461655,-10.04670691,-5.295775139,-6.286708724,-9.244544788,-7.638473796,-7.055136176,-10.42612573,-8.943037561,-9.430006085,-10.16887492,-7.521196571,-8.208402778,-8.220496218,1.572124064,329
372,1.446880359,0.007877384,0.001224811,0.000345526,"(150, 50)",0.0009,250,"{'hidden_layer_sizes': (150, 50), 'learning_rate_init': 0.0009, 'max_iter': 250}",0.88762294,0.792739345,0.918951776,0.864702726,0.81627226,0.803353752,0.930216039,0.695704866,0.82678751,0.776371492,0.666771034,0.824994805,0.878414721,0.82176179,0.075355135,325,-6.76615074,-9.541774494,-5.626943565,-6.870408496,-8.194061324,-8.501926591,-5.984164601,-10.03788812,-8.851388406,-9.732373648,-11.3993348,-7.119380304,-8.243225203,-8.220693868,1.636034816,330
468,2.32731909,0.098069835,0.001807158,0.000425865,"(150, 150)",0.0007,250,"{'hidden_layer_sizes': (150, 150), 'learning_rate_init': 0.0007, 'max_iter': 250}",0.883582665,0.777728791,0.931557845,0.874271227,0.762852983,0.839802405,0.908780298,0.676348759,0.843974556,0.790766553,0.695270594,0.819258711,0.879966553,0.821858611,0.075413779,323,-6.886707925,-9.881259872,-5.170858386,-6.623009469,-9.309378255,-7.673659337,-6.841794802,-10.35221982,-8.400778021,-9.413925273,-10.90097437,-7.235114521,-8.190450792,-8.221548527,1.615614737,331
380,1.447378947,0.014484568,0.001203959,0.000388942,"(150, 50)",0.001,250,"{'hidden_layer_sizes': (150, 50), 'learning_rate_init': 0.001, 'max_iter': 250}",0.886240159,0.782840991,0.919292453,0.866452097,0.828068915,0.806704633,0.926127484,0.69999369,0.820471243,0.772669847,0.671382782,0.817288645,0.886370071,0.821838693,0.074620888,324,-6.807651651,-9.766965206,-5.615104971,-6.825847388,-7.926638391,-8.429178308,-6.156971849,-9.966898635,-9.011328194,-9.812591366,-11.32017898,-7.274438738,-7.968985477,-8.221752243,1.623984586,332
610,1.337942288,0.019843267,0.001289588,0.001059789,"(200, 50)",0.0011,150,"{'hidden_layer_sizes': (200, 50), 'learning_rate_init': 0.0011, 'max_iter': 150}",0.892759188,0.824738186,0.877130785,0.81534679,0.816419956,0.811340806,0.934530281,0.697452186,0.868325526,0.717726905,0.70863605,0.806429195,0.9014051,0.820941612,0.072759552,343,-6.609717275,-8.774338139,-6.928230841,-8.026319951,-8.19076714,-8.327478241,-5.796234657,-10.0090269,-7.717428102,-10.93427354,-10.65923518,-7.487496805,-7.423075763,-8.221817118,1.478967323,333
381,1.735210694,0.008644769,0.001331036,0.000452112,"(150, 50)",0.001,300,"{'hidden_layer_sizes': (150, 50), 'learning_rate_init': 0.001, 'max_iter': 300}",0.877788871,0.791691313,0.922801587,0.859615958,0.83003556,0.822442013,0.904412561,0.661875911,0.833680516,0.793561111,0.693538835,0.784777205,0.902288076,0.821423809,0.075129696,331,-7.05599419,-9.565868483,-5.491677097,-6.998370137,-7.881173303,-8.078758482,-7.00367742,-10.58115078,-8.673479566,-9.35084692,-10.93190529,-7.895158538,-7.389761979,-8.222909399,1.491649038,334
244,1.789617869,0.231129071,0.000950483,0.000482664,"(100, 100)",0.0007,250,"{'hidden_layer_sizes': (100, 100), 'learning_rate_init': 0.0007, 'max_iter': 250}",0.882197703,0.773795243,0.932125973,0.870098461,0.781390918,0.823850051,0.922779653,0.679275753,0.840823557,0.790363853,0.696090577,0.782945987,0.890451071,0.820476062,0.076438438,352,-6.927550766,-9.968311065,-5.149352418,-6.73201671,-8.938115121,-8.04666238,-6.294940005,-10.30530249,-8.485182605,-9.42298015,-10.88629801,-7.928675281,-7.82457458,-8.223843198,1.613351328,335
197,1.635265662,0.127432787,0.001353319,0.000417762,"(100, 50)",0.0008,300,"{'hidden_layer_sizes': (100, 50), 'learning_rate_init': 0.0008, 'max_iter': 300}",0.891673135,0.790142832,0.909550771,0.844353348,0.815346824,0.812997887,0.926993483,0.70061645,0.846821413,0.774489311,0.66036452,0.786653528,0.904511872,0.820347336,0.076930741,356,-6.643102062,-9.60135702,-5.944334535,-7.36898935,-8.214672135,-8.290825531,-6.1207767,-9.956548505,-8.323784451,-9.773244353,-11.50839242,-7.860668014,-7.305187322,-8.223990954,1.567154922,336
86,1.435915543,0.015818595,0.000683619,0.000457438,"(50, 50)",0.0008,350,"{'hidden_layer_sizes': (50, 50), 'learning_rate_init': 0.0008, 'max_iter': 350}",0.887626966,0.804528612,0.911718534,0.83653106,0.786010452,0.809068403,0.924715311,0.697534841,0.846302903,0.769784339,0.708406918,0.78793472,0.903101702,0.821020366,0.070341556,342,-6.766029563,-9.266427109,-5.872669698,-7.551890084,-8.843173067,-8.377480422,-6.21554266,-10.0076596,-8.337860557,-9.874670728,-10.66342563,-7.837029966,-7.358931183,-8.228676174,1.425087664,337
713,0.996371196,0.053091802,0.002029419,0.000205046,"(200, 150)",0.001,100,"{'hidden_layer_sizes': (200, 150), 'learning_rate_init': 0.001, 'max_iter': 100}",0.901024204,0.786177569,0.895182717,0.853738395,0.768065098,0.801904732,0.936807088,0.692552683,0.865784489,0.739781741,0.734112414,0.819607015,0.880716441,0.821188814,0.071783392,337,-6.349906627,-9.691641626,-6.399075828,-7.143370956,-9.206507209,-8.533193029,-5.694556488,-10.08974524,-7.791537219,-10.49842317,-10.18256442,-7.2281398,-8.164826518,-8.228729856,1.551556623,338
693,2.501432932,0.013721439,0.001407678,0.000478672,"(200, 150)",0.0007,300,"{'hidden_layer_sizes': (200, 150), 'learning_rate_init': 0.0007, 'max_iter': 300}",0.892272884,0.740110354,0.925827369,0.888965263,0.754915416,0.853186617,0.896631844,0.674486359,0.829259917,0.796622139,0.735368264,0.825849858,0.878099459,0.822430442,0.073940286,312,-6.624686839,-10.68477064,-5.382978544,-6.223969707,-9.463893436,-7.346108559,-7.283147498,-10.38196221,-8.787989698,-9.281261927,-10.15848863,-7.101966798,-8.253905322,-8.228856139,1.640178975,339
379,1.168990924,0.03233296,0.001251184,0.000420694,"(150, 50)",0.001,200,"{'hidden_layer_sizes': (150, 50), 'learning_rate_init': 0.001, 'max_iter': 200}",0.894884935,0.805715524,0.896656236,0.83735018,0.81614444,0.80232929,0.930111095,0.715555285,0.856454627,0.725520008,0.664408469,0.808268157,0.907671369,0.820082278,0.077279328,361,-6.543879871,-9.238251176,-6.35393759,-7.532945594,-8.196911164,-8.524043953,-5.98866249,-9.704960709,-8.057798338,-10.7822783,-11.43967358,-7.451845558,-7.183314251,-8.230654044,1.610030541,340
365,1.744490147,0.018426279,0.001279684,0.00041846,"(150, 50)",0.0008,300,"{'hidden_layer_sizes': (150, 50), 'learning_rate_init': 0.0008, 'max_iter': 300}",0.879948989,0.80170614,0.926601643,0.861331824,0.813065005,0.815733834,0.916475337,0.656871614,0.843759678,0.793079357,0.667082478,0.796806933,0.889765286,0.820171394,0.079934192,359,-6.993357787,-9.333087732,-5.354808906,-6.955469303,-8.265271972,-8.229952303,-6.546860503,-10.65916465,-8.406560788,-9.361751327,-11.3940065,-7.671338817,-7.849027619,-8.232358323,1.596930331,341
395,1.647849743,0.071987591,0.000655193,0.001877317,"(150, 100)",0.0005,200,"{'hidden_layer_sizes': (150, 100), 'learning_rate_init': 0.0005, 'max_iter': 200}",0.891376827,0.77554587,0.888705988,0.857427131,0.767558149,0.810292627,0.930279702,0.718179478,0.880439368,0.750532634,0.723664456,0.790024869,0.891893157,0.821224635,0.069266677,336,-6.652181329,-9.929663151,-6.593814224,-7.052717381,-9.21656322,-8.350579681,-5.981434312,-9.660089605,-7.353869124,-10.279265,-10.38069692,-7.798312812,-7.772903203,-8.232468459,1.454920482,342
167,1.431079058,0.036493288,0.001093369,0.000487914,"(100,)",0.0011,400,"{'hidden_layer_sizes': (100,), 'learning_rate_init': 0.0011, 'max_iter': 400}",0.884722381,0.796844729,0.910943892,0.871648637,0.751149386,0.878348642,0.885691805,0.6625667,0.831067012,0.803556456,0.761395636,0.770454672,0.884832501,0.822555573,0.069785157,310,-6.852914855,-9.44680092,-5.898378826,-6.69172799,-9.536328495,-6.68702581,-7.658864819,-10.57033659,-8.741360425,-9.121664012,-9.646001557,-8.153629077,-8.022719989,-8.232904105,1.363836296,343
382,2.028377918,0.018133643,0.001333328,0.000381665,"(150, 50)",0.001,350,"{'hidden_layer_sizes': (150, 50), 'learning_rate_init': 0.001, 'max_iter': 350}",0.879841228,0.772305165,0.920867765,0.844242399,0.831800681,0.839901959,0.907105574,0.674451018,0.807129242,0.80380971,0.708761423,0.774009957,0.90949237,0.821055269,0.072767435,340,-6.99649581,-10.00108929,-5.560034966,-7.371615278,-7.840142569,-7.671274579,-6.904314219,-10.38252577,-9.340174483,-9.11578231,-10.6569416,-8.090239413,-7.112123071,-8.234057951,1.482070054,344
423,2.970260382,0.082103623,0.001536644,0.000459169,"(150, 100)",0.0008,400,"{'hidden_layer_sizes': (150, 100), 'learning_rate_init': 0.0008, 'max_iter': 400}",0.868049278,0.795522002,0.923082548,0.874731569,0.791647204,0.86328146,0.884586664,0.678416956,0.81062881,0.851500495,0.694552544,0.778262868,0.879375088,0.822587499,0.070939487,308,-7.331768138,-9.477504678,-5.481674602,-6.610873632,-8.725925686,-7.089053018,-7.695799024,-10.31909042,-9.255049566,-7.930812707,-10.91381008,-8.013752664,-8.210605248,-8.235055343,1.444491017,345
191,2.178896317,0.111244898,0.001329257,0.00045447,"(100, 50)",0.0007,400,"{'hidden_layer_sizes': (100, 50), 'learning_rate_init': 0.0007, 'max_iter': 400}",0.886557587,0.789701613,0.916816022,0.856531157,0.806170704,0.831259938,0.921871136,0.685585845,0.83285976,0.786585347,0.686045592,0.759235983,0.901197069,0.820032135,0.075615227,363,-6.798147202,-9.611445024,-5.700601078,-7.074843455,-8.416306692,-7.875599471,-6.331862526,-10.20342301,-8.694854236,-9.507521336,-11.06474548,-8.350500614,-7.430902819,-8.235442534,1.516197072,346
737,1.27062572,0.061256453,0.002109509,0.00033049,"(200, 200)",0.0006,100,"{'hidden_layer_sizes': (200, 200), 'learning_rate_init': 0.0006, 'max_iter': 100}",0.904526773,0.795006281,0.889409589,0.845711672,0.755043754,0.810554387,0.92635757,0.703903407,0.886095394,0.761873855,0.734438438,0.765543911,0.887318055,0.820444853,0.070661584,353,-6.236538932,-9.489448934,-6.572938097,-7.3367644,-9.461415231,-8.34481659,-6.147375994,-9.901740776,-7.177817933,-10.0428906,-10.17631973,-8.240384564,-7.935674288,-8.235702006,1.415126025,347
387,1.368464983,0.127408668,0.001685253,0.000572874,"(150, 50)",0.0011,200,"{'hidden_layer_sizes': (150, 50), 'learning_rate_init': 0.0011, 'max_iter': 200}",0.893925727,0.805015608,0.899254131,0.837506084,0.827766428,0.806997148,0.92555127,0.712437932,0.850499075,0.726068904,0.659569843,0.808241978,0.908045132,0.820067635,0.077756277,362,-6.573669559,-9.254876749,-6.273565405,-7.529334451,-7.933608184,-8.422797948,-6.180937728,-9.757996236,-8.223254562,-10.7714919,-11.52184818,-7.452354266,-7.168759827,-8.235730384,1.61237634,348
340,1.460389394,0.016439215,0.001216888,0.000353119,"(150, 50)",0.0005,250,"{'hidden_layer_sizes': (150, 50), 'learning_rate_init': 0.0005, 'max_iter': 250}",0.892740514,0.789055318,0.88404002,0.847297815,0.776759414,0.800153136,0.933626807,0.702328943,0.877660498,0.738566486,0.713655818,0.805141832,0.901997825,0.820232648,0.072496772,357,-6.610292752,-9.62620277,-6.730616913,-7.298954594,-9.032301386,-8.570836055,-5.836091305,-9.928031624,-7.438838821,-10.52290917,-10.56701485,-7.512353741,-7.400729379,-8.236551797,1.509175798,349
747,2.544693507,0.320199916,0.002122439,0.000477204,"(200, 200)",0.0007,200,"{'hidden_layer_sizes': (200, 200), 'learning_rate_init': 0.0007, 'max_iter': 200}",0.902425425,0.769027211,0.930020119,0.880446968,0.748840936,0.827316436,0.919837012,0.673941561,0.848208323,0.776589518,0.684346473,0.821489666,0.874469324,0.819766075,0.081154436,370,-6.304797915,-10.07282119,-5.228623927,-6.458301769,-9.580458018,-7.96709546,-6.413759497,-10.39064649,-8.286016138,-9.72762822,-11.09464624,-7.190323054,-8.375902241,-8.237770781,1.768597906,350
740,3.149305637,0.064973456,0.002669701,0.000453494,"(200, 200)",0.0006,250,"{'hidden_layer_sizes': (200, 200), 'learning_rate_init': 0.0006, 'max_iter': 250}",0.900816091,0.776890779,0.930637668,0.878918774,0.740746706,0.840613062,0.916883421,0.678708807,0.856030115,0.777738329,0.674933221,0.807492041,0.872156487,0.819428115,0.081880977,375,-6.356578962,-9.899869625,-5.205502396,-6.499447528,-9.733610991,-7.654218983,-6.530847636,-10.31440685,-8.069704365,-9.702585497,-11.25886028,-7.466912583,-8.452710891,-8.241942814,1.759874443,351
267,1.679592133,0.067266562,0.00197981,0.001724128,"(100, 100)",0.001,200,"{'hidden_layer_sizes': (100, 100), 'learning_rate_init': 0.001, 'max_iter': 200}",0.879704909,0.812034275,0.907949244,0.849874421,0.779009782,0.843330774,0.93299905,0.669806272,0.850125455,0.752376097,0.680895502,0.783799739,0.902329125,0.81878728,0.079762708,384,-7.000463407,-9.086780714,-5.996729878,-7.237113504,-8.98666121,-7.588682248,-5.863625168,-10.45632942,-8.233523586,-10.24121477,-11.15512906,-7.91306674,-7.388209578,-8.242117637,1.597300025,352
204,1.399891633,0.041085329,0.001350366,0.000417121,"(100, 50)",0.0009,250,"{'hidden_layer_sizes': (100, 50), 'learning_rate_init': 0.0009, 'max_iter': 250}",0.896535374,0.791613262,0.897453895,0.838280529,0.807733493,0.814132946,0.935918456,0.703846155,0.849081436,0.752973837,0.655144725,0.799576232,0.905236241,0.819040506,0.078591605,378,-6.492303044,-9.56766045,-6.329368637,-7.511370654,-8.382308913,-8.26562555,-5.734455741,-9.902698012,-8.262150998,-10.22884665,-11.59649041,-7.618883499,-7.27742616,-8.243814516,1.63132649,353
733,3.134138492,0.135942172,0.002087721,0.000586726,"(200, 200)",0.0005,300,"{'hidden_layer_sizes': (200, 200), 'learning_rate_init': 0.0005, 'max_iter': 300}",0.901279799,0.781871014,0.929112393,0.877707575,0.739879421,0.841073439,0.916694207,0.672576128,0.851493122,0.779632346,0.688192866,0.809156917,0.868178647,0.819757529,0.080228205,371,-6.341702326,-9.78875381,-5.262425545,-6.531874259,-9.74987842,-7.643156679,-6.538277111,-10.41238019,-8.195870335,-9.661156449,-11.02684221,-7.434554233,-8.583206253,-8.24385214,1.722952073,354
646,3.362121692,0.137090808,0.002404048,0.003126075,"(200, 100)",0.0008,350,"{'hidden_layer_sizes': (200, 100), 'learning_rate_init': 0.0008, 'max_iter': 350}",0.874361332,0.751944482,0.932631778,0.867767467,0.798766239,0.867200695,0.894839777,0.669681203,0.821210404,0.827422997,0.704881281,0.763202189,0.892880999,0.820522372,0.076093483,350,-7.154256377,-10.43866983,-5.130129772,-6.792148865,-8.575555588,-6.986705216,-7.34600924,-10.45830954,-8.992758226,-8.549616852,-10.7276974,-8.281434353,-7.737308689,-8.243892304,1.576007135,355
266,1.265127035,0.066214709,0.001832302,0.002033967,"(100, 100)",0.001,150,"{'hidden_layer_sizes': (100, 100), 'learning_rate_init': 0.001, 'max_iter': 150}",0.886578925,0.794129727,0.909771262,0.853128216,0.794252157,0.818090479,0.941143215,0.687640921,0.850994915,0.73138922,0.690164717,0.796019094,0.893660225,0.81899716,0.077844608,381,-6.797507817,-9.509715744,-5.937084746,-7.158255933,-8.671205719,-8.177155067,-5.495712306,-10.1700225,-8.209606486,-10.66637653,-10.99192033,-7.686196449,-7.709115183,-8.244605755,1.656272319,356
358,2.410960087,0.165840174,0.001334025,0.000398045,"(150, 50)",0.0007,350,"{'hidden_layer_sizes': (150, 50), 'learning_rate_init': 0.0007, 'max_iter': 350}",0.881180568,0.795975992,0.928075545,0.85267882,0.800750162,0.832885681,0.913750893,0.661629215,0.827247102,0.801106986,0.673195315,0.801263446,0.89148945,0.820094552,0.077904449,360,-6.957393598,-9.466977666,-5.300771644,-7.169198921,-8.533178534,-7.837568516,-6.652777887,-10.5850101,-8.839637709,-9.178357213,-11.28891682,-7.586746951,-7.787402999,-8.244918351,1.57796669,357
79,1.651615033,0.037956344,0.001136908,0.001012979,"(50, 50)",0.0007,400,"{'hidden_layer_sizes': (50, 50), 'learning_rate_init': 0.0007, 'max_iter': 400}",0.886084559,0.805252744,0.914187221,0.837247456,0.777064314,0.816146782,0.920318748,0.689983927,0.846471662,0.77630949,0.708315732,0.790621145,0.89869784,0.820515509,0.070555873,351,-6.812305796,-9.249247249,-5.789976371,-7.535323991,-9.026131169,-8.220725318,-6.394458816,-10.13180803,-8.333281821,-9.733722722,-10.66509281,-7.787232333,-7.524298555,-8.246431152,1.414134203,358
660,1.853650753,0.005996986,0.001559294,0.000494757,"(200, 100)",0.001,250,"{'hidden_layer_sizes': (200, 100), 'learning_rate_init': 0.001, 'max_iter': 250}",0.874675971,0.777510607,0.925343058,0.871985931,0.804369494,0.849411839,0.89477476,0.682669939,0.833910343,0.800651813,0.709289695,0.760805782,0.891879896,0.821329164,0.071050912,334,-7.145292493,-9.886108459,-5.400524062,-6.682929632,-8.455321654,-7.439948585,-7.348279775,-10.25062756,-8.667484818,-9.188853682,-10.64727202,-8.32323316,-7.773379906,-8.246865831,1.44172593,359
238,2.571878892,0.187544453,0.001388146,0.000739353,"(100, 100)",0.0006,350,"{'hidden_layer_sizes': (100, 100), 'learning_rate_init': 0.0006, 'max_iter': 350}",0.881026283,0.766647695,0.934653837,0.872024147,0.779628837,0.84230664,0.899950348,0.675076099,0.846515025,0.802116291,0.713028062,0.760999178,0.888364101,0.820179734,0.074712422,358,-6.961909152,-10.1245741,-5.052552698,-6.681932021,-8.974065303,-7.613445142,-7.165285702,-10.37255333,-8.332104898,-9.155039274,-10.57859161,-8.319867669,-7.898754269,-8.248513474,1.540315288,360
667,1.482466331,0.003922315,0.001313246,0.000468121,"(200, 100)",0.0011,200,"{'hidden_layer_sizes': (200, 100), 'learning_rate_init': 0.0011, 'max_iter': 200}",0.877457452,0.756842815,0.93218099,0.878489996,0.809784779,0.816557464,0.921219234,0.671073012,0.826540172,0.776629755,0.708821044,0.825325288,0.870846588,0.820905276,0.074794189,344,-7.065555136,-10.33509014,-5.147265025,-6.510945409,-8.337473707,-8.211538658,-6.358223939,-10.43625306,-8.857705782,-9.726752195,-10.65585073,-7.112654924,-8.495904249,-8.250093304,1.674737166,361
653,2.391697737,0.101021637,0.00163733,0.000453351,"(200, 100)",0.0009,300,"{'hidden_layer_sizes': (200, 100), 'learning_rate_init': 0.0009, 'max_iter': 300}",0.871124204,0.738461141,0.935853655,0.872482543,0.799616354,0.860843713,0.901347868,0.679788353,0.82851077,0.821310044,0.697039111,0.782703841,0.880192787,0.820713414,0.075447551,348,-7.245836298,-10.71861885,-5.005952954,-6.66995429,-8.557422624,-7.151974123,-7.115066435,-10.29706393,-8.807247885,-8.699719749,-10.86929608,-7.933096674,-8.182728641,-8.25030604,1.62622642,362
611,1.811174521,0.054455483,0.003102119,0.00274545,"(200, 50)",0.0011,200,"{'hidden_layer_sizes': (200, 50), 'learning_rate_init': 0.0011, 'max_iter': 200}",0.87632339,0.762771465,0.925652382,0.861959135,0.823045538,0.827670936,0.929787798,0.660910139,0.833944495,0.778834504,0.698556027,0.776179109,0.891637545,0.819020959,0.078680914,379,-7.09817371,-10.20831773,-5.389324536,-6.939718785,-8.041602518,-7.95891347,-6.002497898,-10.5962513,-8.666593641,-9.678629789,-10.84205082,-8.051318959,-7.782087069,-8.250421555,1.639371595,363
198,1.80771615,0.079981732,0.001336575,0.000457699,"(100, 50)",0.0008,350,"{'hidden_layer_sizes': (100, 50), 'learning_rate_init': 0.0008, 'max_iter': 350}",0.889869454,0.775798043,0.915388793,0.853706156,0.807769632,0.816795395,0.92334644,0.694184675,0.843486955,0.785996982,0.670963862,0.762196679,0.905234036,0.818825931,0.077582845,383,-6.69817875,-9.92408361,-5.749297088,-7.144158191,-8.381521094,-8.206211614,-6.27179547,-10.06293042,-8.413894577,-9.520617997,-11.32739214,-8.298998378,-7.277510802,-8.252045394,1.568097499,364
475,1.796330415,0.104274604,0.001896987,0.000628363,"(150, 150)",0.0008,200,"{'hidden_layer_sizes': (150, 150), 'learning_rate_init': 0.0008, 'max_iter': 200}",0.887049676,0.776806682,0.932641879,0.870855863,0.756433606,0.809757781,0.91254452,0.680185855,0.858643942,0.781674935,0.690434877,0.81951693,0.881479881,0.819848187,0.077172585,368,-6.783386734,-9.901735234,-5.129745151,-6.712362219,-9.434535597,-8.362342872,-6.699142799,-10.2906707,-7.996114557,-9.616277562,-10.9871271,-7.229944393,-8.138656258,-8.252464706,1.651121143,365
634,1.583253934,0.061125229,0.001779703,0.00149142,"(200, 100)",0.0007,150,"{'hidden_layer_sizes': (200, 100), 'learning_rate_init': 0.0007, 'max_iter': 150}",0.89488999,0.786479273,0.879033841,0.845029288,0.776722535,0.800880202,0.933507319,0.70267941,0.876791526,0.732510111,0.738540277,0.796009198,0.895980415,0.819927184,0.069941792,366,-6.54372253,-9.684801743,-6.874367601,-7.352970965,-9.033047416,-8.555230991,-5.841342115,-9.922185447,-7.465210967,-10.64409829,-10.09742263,-7.686382894,-7.624550144,-8.255794903,1.452854396,366
237,2.22718281,0.243485659,0.001465651,0.000502669,"(100, 100)",0.0006,300,"{'hidden_layer_sizes': (100, 100), 'learning_rate_init': 0.0006, 'max_iter': 300}",0.884005732,0.759804099,0.932645498,0.876455719,0.777113367,0.824107418,0.908573964,0.681200553,0.843014249,0.796915014,0.710940721,0.779302068,0.885964781,0.820003322,0.074176233,364,-6.874183183,-10.27196452,-5.129607338,-6.565221145,-9.025138099,-8.040781878,-6.849528314,-10.27433275,-8.426590967,-9.274576753,-10.61699454,-7.99495187,-7.983184509,-8.255927374,1.570883785,367
708,2.098637251,0.044610902,0.001399645,0.000494409,"(200, 150)",0.0009,250,"{'hidden_layer_sizes': (200, 150), 'learning_rate_init': 0.0009, 'max_iter': 250}",0.890923962,0.774187102,0.925875076,0.882274623,0.770390337,0.84051733,0.895465236,0.669041268,0.817212021,0.785248469,0.74071485,0.797564268,0.885642548,0.821158238,0.071187053,338,-6.666033843,-9.95967319,-5.381247124,-6.408746336,-9.160241515,-7.656517293,-7.324130812,-10.4684352,-9.092757554,-9.537253481,-10.05534459,-7.657029284,-7.994455747,-8.258605075,1.520471197,368
252,1.43405929,0.017856517,0.001587263,0.00419264,"(100, 100)",0.0008,250,"{'hidden_layer_sizes': (100, 100), 'learning_rate_init': 0.0008, 'max_iter': 250}",0.874956745,0.779090775,0.929327593,0.86060765,0.78259742,0.851554827,0.921026588,0.679190445,0.827796836,0.784659259,0.686633136,0.774141555,0.89488582,0.818959127,0.077219444,382,-7.137283912,-9.850939262,-5.25443168,-6.973607616,-8.913416313,-7.386820714,-6.365993243,-10.30667293,-8.825561755,-9.550328118,-11.05438718,-8.087883537,-7.664561627,-8.259375991,1.608222247,369
705,0.837384187,0.010482158,0.001559092,0.000509353,"(200, 150)",0.0009,100,"{'hidden_layer_sizes': (200, 150), 'learning_rate_init': 0.0009, 'max_iter': 100}",0.900358721,0.786342186,0.888359825,0.848142991,0.763540867,0.801137753,0.934836527,0.697221354,0.871271497,0.739218748,0.73712773,0.809963036,0.882134174,0.819973493,0.070626039,365,-6.371218254,-9.687910229,-6.604060779,-7.278727448,-9.295866766,-8.549696341,-5.78266234,-10.01284443,-7.630608205,-10.50977393,-10.12466176,-7.418835871,-8.116160339,-8.260232822,1.502328718,370
430,2.96229533,0.125533183,0.001737154,0.000510759,"(150, 100)",0.0009,350,"{'hidden_layer_sizes': (150, 100), 'learning_rate_init': 0.0009, 'max_iter': 350}",0.870391514,0.789256336,0.928254714,0.863823022,0.800196316,0.855424488,0.884292532,0.671582608,0.816960239,0.844831307,0.676646552,0.783540986,0.885392431,0.82081485,0.074268325,345,-7.266404246,-9.62161509,-5.294165254,-6.892708042,-8.545029955,-7.289905326,-7.705599192,-10.42816565,-9.099017811,-8.106945285,-11.22915002,-7.917800594,-8.003193497,-8.261515381,1.500352987,371
723,1.89484765,0.076415599,0.002028337,0.000567303,"(200, 150)",0.0011,200,"{'hidden_layer_sizes': (200, 150), 'learning_rate_init': 0.0011, 'max_iter': 200}",0.891664857,0.788763724,0.928915657,0.884673648,0.763659202,0.843155927,0.89869683,0.672825514,0.846310057,0.761193969,0.718677192,0.77141101,0.885225521,0.819628701,0.075829265,373,-6.643355878,-9.63285374,-5.269722947,-6.343111037,-9.293540436,-7.592915647,-7.210032778,-10.40841409,-8.337666502,-10.05721737,-10.47395269,-8.136626408,-8.009019144,-8.26218682,1.58263574,372
76,1.104943477,0.110652551,0.000958736,0.000591145,"(50, 50)",0.0007,250,"{'hidden_layer_sizes': (50, 50), 'learning_rate_init': 0.0007, 'max_iter': 250}",0.899381478,0.809505901,0.872202677,0.82477794,0.797237804,0.777003259,0.940827395,0.692268632,0.885833491,0.729339061,0.703618451,0.789997198,0.905410592,0.817492606,0.076787628,409,-6.402385265,-9.147690836,-7.065805602,-7.818661786,-8.608061017,-9.05365158,-5.510437317,-10.09440513,-7.186065252,-10.70700446,-10.75062512,-7.79882663,-7.270728391,-8.262642183,1.570678496,373
429,2.470351549,0.078285418,0.001938526,0.000588454,"(150, 100)",0.0009,300,"{'hidden_layer_sizes': (150, 100), 'learning_rate_init': 0.0009, 'max_iter': 300}",0.875780799,0.792204299,0.925274301,0.873808114,0.800171189,0.839169484,0.885074774,0.68411638,0.813303093,0.833629435,0.678036111,0.798517436,0.880497619,0.821506387,0.071143487,329,-7.113727146,-9.554082665,-5.403010348,-6.635195931,-8.545567247,-7.688803224,-7.679508137,-10.22723888,-9.18946774,-8.394473004,-11.20499632,-7.638981464,-8.172312138,-8.265181865,1.476841335,374
687,3.336644925,0.022607858,0.001325974,0.000470881,"(200, 150)",0.0006,400,"{'hidden_layer_sizes': (200, 150), 'learning_rate_init': 0.0006, 'max_iter': 400}",0.883852432,0.747323229,0.92149304,0.886190774,0.752326135,0.854320536,0.888407582,0.666668225,0.830281919,0.81963418,0.729586467,0.797496644,0.889315988,0.82053055,0.074201851,349,-6.8787242,-10.53545689,-5.538024677,-6.301250879,-9.513754377,-7.317684579,-7.567336838,-10.5058986,-8.761649011,-8.740420182,-10.2688627,-7.658308105,-7.865006986,-8.265567541,1.552932961,375
211,1.132971709,0.112863913,0.001431814,0.000451508,"(100, 50)",0.001,200,"{'hidden_layer_sizes': (100, 50), 'learning_rate_init': 0.001, 'max_iter': 200}",0.903612153,0.812344102,0.8808141,0.829812561,0.811594057,0.790551998,0.938432661,0.715796329,0.862666468,0.715132023,0.650437552,0.801485932,0.910665251,0.817180399,0.081663259,419,-6.266340307,-9.079288686,-6.823595076,-7.705517095,-8.297727015,-8.774303052,-5.620835969,-9.700847754,-7.881521963,-10.98441688,-11.6753665,-7.582499083,-7.065890086,-8.266011497,1.697025469,376
694,2.919430348,0.029155562,0.001619431,0.000482134,"(200, 150)",0.0007,350,"{'hidden_layer_sizes': (200, 150), 'learning_rate_init': 0.0007, 'max_iter': 350}",0.888726691,0.739612211,0.924038091,0.886787855,0.752877955,0.86386267,0.891994569,0.668673578,0.830110478,0.798785596,0.739660258,0.796135343,0.883539326,0.820369586,0.074727218,355,-6.732840697,-10.69500574,-5.447518843,-6.284699923,-9.503150101,-7.073968703,-7.44472256,-10.47424872,-8.766073207,-9.231764665,-10.07577291,-7.684005936,-8.067636412,-8.267800647,1.604283833,377
375,2.329013733,0.051440565,0.001251202,0.000418126,"(150, 50)",0.0009,400,"{'hidden_layer_sizes': (150, 50), 'learning_rate_init': 0.0009, 'max_iter': 400}",0.872843899,0.789981058,0.924965077,0.841164135,0.822726839,0.851304849,0.903644213,0.673884479,0.821937626,0.814673159,0.697449805,0.767161697,0.883226019,0.820381758,0.071430942,354,-7.197330378,-9.605057044,-5.414177969,-7.444102133,-8.048840824,-7.393037723,-7.03176944,-10.39155598,-8.974450683,-8.859808858,-10.86192637,-8.211905343,-8.078481051,-8.270187984,1.420327013,378
755,2.005258725,0.240209971,0.001637459,0.000559784,"(200, 200)",0.0008,200,"{'hidden_layer_sizes': (200, 200), 'learning_rate_init': 0.0008, 'max_iter': 200}",0.904118277,0.774209583,0.930057409,0.883319924,0.745560448,0.825771477,0.914009631,0.666634979,0.838274298,0.775703542,0.68824697,0.817237434,0.876711937,0.818450455,0.081370727,389,-6.249866667,-9.95917739,-5.22723067,-6.380230799,-9.642822103,-8.002655949,-6.642791604,-10.5064225,-8.552859116,-9.74689749,-11.02588549,-7.275458129,-8.300747082,-8.27023423,1.758837825,379
371,1.165370538,0.013455381,0.00138103,0.000477408,"(150, 50)",0.0009,200,"{'hidden_layer_sizes': (150, 50), 'learning_rate_init': 0.0009, 'max_iter': 200}",0.895179336,0.806544545,0.89156501,0.83005276,0.805812518,0.798863575,0.932709515,0.710766364,0.86030908,0.723547874,0.672596854,0.806955937,0.903345919,0.818326868,0.076497796,392,-6.534709578,-9.218520064,-6.508569235,-7.700077482,-8.424079548,-8.5984443,-5.876280936,-9.786316246,-7.948878959,-10.82094423,-11.2992485,-7.477302434,-7.349651818,-8.272540256,1.587479938,380
250,0.910395017,0.041200397,0.000880021,0.000682626,"(100, 100)",0.0008,150,"{'hidden_layer_sizes': (100, 100), 'learning_rate_init': 0.0008, 'max_iter': 150}",0.888749275,0.772493739,0.897996094,0.852571107,0.782291158,0.808503782,0.93474452,0.693612778,0.868421088,0.731351083,0.719297273,0.789874313,0.898795106,0.81836164,0.074548555,391,-6.732157398,-9.996947043,-6.312613622,-7.171819305,-8.9196924,-8.389858182,-5.78674326,-10.07233523,-7.71462713,-10.66713369,-10.46240317,-7.801108083,-7.520685437,-8.272932612,1.565951457,381
274,1.166576019,0.091406739,0.001373034,0.001211283,"(100, 100)",0.0011,150,"{'hidden_layer_sizes': (100, 100), 'learning_rate_init': 0.0011, 'max_iter': 150}",0.882916201,0.800406423,0.909104675,0.852388887,0.796130367,0.82235529,0.941439748,0.690814917,0.845325563,0.726991984,0.678609901,0.797333998,0.888989632,0.817908276,0.078369057,400,-6.906392241,-9.363624653,-5.958975219,-7.176250062,-8.631536566,-8.080731162,-5.481850523,-10.11821989,-8.364328227,-10.75332794,-11.19500734,-7.661382965,-7.87659361,-8.274478493,1.66883647,382
701,2.513143796,0.049986962,0.001701538,0.000468402,"(200, 150)",0.0008,300,"{'hidden_layer_sizes': (200, 150), 'learning_rate_init': 0.0008, 'max_iter': 300}",0.889618695,0.743662065,0.925073529,0.881175015,0.763369441,0.84908143,0.894294959,0.672768753,0.819514748,0.788973256,0.750432895,0.819540651,0.875989075,0.821038039,0.071052559,341,-6.705800043,-10.61150923,-5.410263851,-6.438607052,-9.29923578,-7.448106192,-7.365013911,-10.40931692,-9.035301621,-9.454181613,-9.865107156,-7.229469259,-8.325045966,-8.276689122,1.574056066,383
366,2.03070083,0.01973083,0.001156752,0.000281086,"(150, 50)",0.0008,350,"{'hidden_layer_sizes': (150, 50), 'learning_rate_init': 0.0008, 'max_iter': 350}",0.881632046,0.792601967,0.927385603,0.844357195,0.813369557,0.830504045,0.90975937,0.663834542,0.814590342,0.806615601,0.688058508,0.784169005,0.890851114,0.819056069,0.075029182,377,-6.944163005,-9.544936243,-5.326135052,-7.368898269,-8.258536397,-7.893219635,-6.804978872,-10.55045988,-9.157732893,-9.050361134,-11.02921768,-7.906306159,-7.810274916,-8.280401548,1.511571764,384
258,1.087120808,0.032567304,0.001400251,0.000445696,"(100, 100)",0.0009,150,"{'hidden_layer_sizes': (100, 100), 'learning_rate_init': 0.0009, 'max_iter': 150}",0.88821063,0.772673377,0.906991915,0.854285346,0.7915895,0.81363975,0.939975612,0.680296271,0.860026062,0.727826896,0.693714839,0.793335849,0.897972479,0.816964502,0.079957332,425,-6.748435332,-9.992999506,-6.027832269,-7.130001988,-8.727133944,-8.276584639,-5.549956681,-10.28889412,-7.956927229,-10.73687245,-10.92876567,-7.736584896,-7.551188894,-8.28093674,1.694937192,385
219,1.109264465,0.073277277,0.001051261,0.000415385,"(100, 50)",0.0011,200,"{'hidden_layer_sizes': (100, 50), 'learning_rate_init': 0.0011, 'max_iter': 200}",0.899066765,0.811181002,0.885206901,0.818692544,0.813945353,0.792041412,0.94011263,0.717536824,0.856723979,0.724011074,0.644922722,0.80051211,0.911000341,0.816534897,0.08135695,433,-6.412390067,-9.107382148,-6.696666889,-7.953272614,-8.245786855,-8.743049736,-5.543618579,-9.671097592,-8.050234884,-10.81187509,-11.7671036,-7.60107452,-7.052625742,-8.281244486,1.687400966,386
639,3.820286457,0.118507131,0.002171516,0.00102536,"(200, 100)",0.0007,400,"{'hidden_layer_sizes': (200, 100), 'learning_rate_init': 0.0007, 'max_iter': 400}",0.87715552,0.736002615,0.92630981,0.873549203,0.788288387,0.870262596,0.891194754,0.664698582,0.823702593,0.82898389,0.709193874,0.765623008,0.892080074,0.819003454,0.077321848,380,-7.074254171,-10.76887976,-5.36544375,-6.641999253,-8.795979012,-6.905690661,-7.472237015,-10.53689232,-8.92986221,-8.510865025,-10.64902659,-8.238994435,-7.766180614,-8.281254218,1.59519983,387
462,3.327962582,0.127873775,0.001693084,0.000462207,"(150, 150)",0.0006,350,"{'hidden_layer_sizes': (150, 150), 'learning_rate_init': 0.0006, 'max_iter': 350}",0.877652358,0.775456687,0.925827123,0.876904213,0.759504681,0.854425185,0.888979108,0.670985278,0.839211242,0.810418198,0.718815299,0.778264434,0.882483985,0.819917522,0.07227027,367,-7.059933971,-9.931635642,-5.382987473,-6.553293682,-9.374867923,-7.315055783,-7.547933716,-10.43764478,-8.528048004,-8.960938882,-10.47138143,-8.013724374,-8.104107542,-8.2831964,1.476506506,388
748,3.51243661,0.824665982,0.002853614,0.001241066,"(200, 200)",0.0007,250,"{'hidden_layer_sizes': (200, 200), 'learning_rate_init': 0.0007, 'max_iter': 250}",0.900088223,0.77744343,0.929659989,0.88089894,0.742017773,0.838467625,0.908482323,0.677766666,0.85242491,0.778204191,0.673782277,0.805452383,0.870398965,0.818083669,0.08101412,397,-6.379860439,-9.887600834,-5.242060426,-6.446082375,-9.709720694,-7.705561809,-6.852960285,-10.32951855,-8.170117894,-9.692411841,-11.27877446,-7.50636502,-8.510614168,-8.285511445,1.733143415,389
582,2.359190959,0.136035366,0.001978948,0.002996129,"(200, 50)",0.0007,350,"{'hidden_layer_sizes': (200, 50), 'learning_rate_init': 0.0007, 'max_iter': 350}",0.86459284,0.751620719,0.92784583,0.870714132,0.806821739,0.839291308,0.901498258,0.682973985,0.836639425,0.815166841,0.725967651,0.748300933,0.883742556,0.81962894,0.070805911,372,-7.427174911,-10.44547991,-5.30922983,-6.716044492,-8.402160437,-7.685890671,-7.109641088,-10.24571563,-8.595980505,-8.848000419,-10.337346,-8.538027014,-8.060594091,-8.286252692,1.442728783,390
388,1.38057419,0.012731932,0.001169315,0.000369247,"(150, 50)",0.0011,250,"{'hidden_layer_sizes': (150, 50), 'learning_rate_init': 0.0011, 'max_iter': 250}",0.885068973,0.769896957,0.919142477,0.865606196,0.832923279,0.810789567,0.921559537,0.696662812,0.809342754,0.764642327,0.680955098,0.808236712,0.886607398,0.819341084,0.074168465,376,-6.842605164,-10.0538383,-5.62031975,-6.84743092,-7.813935392,-8.339635295,-6.344476523,-10.02207561,-9.286422815,-9.98434024,-11.15408733,-7.452456601,-7.96065912,-8.286329467,1.624451079,391
756,2.353627828,0.156046208,0.001730314,0.000682801,"(200, 200)",0.0008,250,"{'hidden_layer_sizes': (200, 200), 'learning_rate_init': 0.0008, 'max_iter': 250}",0.900288432,0.78161593,0.925491789,0.882067236,0.743009269,0.840214457,0.90264717,0.673156673,0.846324293,0.77702353,0.686156295,0.799852368,0.879217929,0.818235798,0.079399891,394,-6.373465054,-9.794475691,-5.395141933,-6.414388736,-9.691044198,-7.663784071,-7.068056494,-10.40314516,-8.337280353,-9.718174855,-11.06279455,-7.613633192,-8.215952168,-8.288564343,1.671975124,392
589,2.516277442,0.272429605,0.00151625,0.002429718,"(200, 50)",0.0008,300,"{'hidden_layer_sizes': (200, 50), 'learning_rate_init': 0.0008, 'max_iter': 300}",0.867714338,0.735639812,0.923705482,0.865224413,0.801209642,0.846189176,0.913403624,0.679645195,0.83414762,0.808342348,0.714508895,0.759786892,0.892403043,0.818609268,0.074401787,386,-7.341067613,-10.77627688,-5.459432166,-6.857150057,-8.52333389,-7.519136487,-6.666157636,-10.29936545,-8.66129139,-9.009864768,-10.55126247,-8.34094145,-7.754551092,-8.289217797,1.532443263,393
575,2.830337781,0.235176382,0.001262078,0.002004671,"(200, 50)",0.0006,400,"{'hidden_layer_sizes': (200, 50), 'learning_rate_init': 0.0006, 'max_iter': 400}",0.864781593,0.748240634,0.925315979,0.869012941,0.800261816,0.844118172,0.896511636,0.679520711,0.84563677,0.815917736,0.730651036,0.747295691,0.885737816,0.819461733,0.070965334,374,-7.421996495,-10.51631371,-5.401503404,-6.760086177,-8.543629216,-7.56958838,-7.287381103,-10.30136633,-8.355909433,-8.830009387,-10.24862944,-8.555059723,-7.991125069,-8.290969067,1.422886171,394
418,1.260263736,0.079579664,0.001937903,0.001695819,"(150, 100)",0.0008,150,"{'hidden_layer_sizes': (150, 100), 'learning_rate_init': 0.0008, 'max_iter': 150}",0.891279819,0.797706033,0.88750545,0.840155899,0.774587877,0.804244069,0.929298507,0.717415789,0.868625541,0.73240507,0.710081488,0.796227584,0.894031297,0.818735725,0.069871117,385,-6.655151115,-9.426754145,-6.629282826,-7.46769108,-9.07612522,-8.482658506,-6.02337653,-9.673169401,-7.708631137,-10.64618801,-10.6327624,-7.682267381,-7.695653001,-8.292285443,1.446630856,395
716,2.54264362,0.25898327,0.001584108,0.000481582,"(200, 150)",0.001,250,"{'hidden_layer_sizes': (200, 150), 'learning_rate_init': 0.001, 'max_iter': 250}",0.891540828,0.770507561,0.924058199,0.88331258,0.776001605,0.844353633,0.888987731,0.664523381,0.815397272,0.788762487,0.740676709,0.784593359,0.884435022,0.819780797,0.071553883,369,-6.647157646,-10.04048996,-5.446797799,-6.380431584,-9.04761887,-7.563869257,-7.547640572,-10.53964483,-9.137783268,-9.458901747,-10.05608413,-7.898529896,-8.036552514,-8.292423236,1.509665705,396
763,2.0415,0.121192332,0.001861004,0.000434143,"(200, 200)",0.0009,200,"{'hidden_layer_sizes': (200, 200), 'learning_rate_init': 0.0009, 'max_iter': 200}",0.903772477,0.780008696,0.926309806,0.884299741,0.743642357,0.824500298,0.906627535,0.660372602,0.828241601,0.776843602,0.696561674,0.81881716,0.88179624,0.817830292,0.080295481,401,-6.261126673,-9.830451671,-5.365443873,-6.353385412,-9.679100041,-8.031796773,-6.922056394,-10.60464675,-8.81415709,-9.722095057,-10.87785719,-7.243946807,-8.127786972,-8.294911592,1.713314792,397
426,1.296033566,0.077576694,0.00171898,0.000505902,"(150, 100)",0.0009,150,"{'hidden_layer_sizes': (150, 100), 'learning_rate_init': 0.0009, 'max_iter': 150}",0.890009538,0.79549117,0.898633041,0.841516219,0.778038117,0.803116785,0.92911003,0.716518299,0.859721477,0.731532279,0.693281999,0.803142209,0.896952511,0.818235667,0.072554816,395,-6.693917416,-9.478219184,-6.29287372,-7.435847068,-9.006396114,-8.507047642,-6.031399824,-9.688518265,-7.965579715,-10.66353576,-10.93648517,-7.550801022,-7.588839591,-8.295343114,1.521016118,398
771,2.105762133,0.074737248,0.001779263,0.000699257,"(200, 200)",0.001,200,"{'hidden_layer_sizes': (200, 200), 'learning_rate_init': 0.001, 'max_iter': 200}",0.903159037,0.785130754,0.923844128,0.884588248,0.74467004,0.834623947,0.900297622,0.657031113,0.81482984,0.779167975,0.705099008,0.820044659,0.885077433,0.818274139,0.078971338,393,-6.281051976,-9.715336457,-5.454469351,-6.345459178,-9.659679845,-7.796700104,-7.152839485,-10.65668698,-9.151816342,-9.671330364,-10.72373943,-7.219366532,-8.01418429,-8.295589257,1.680165995,399
61,1.234013246,0.010742267,0.001559441,0.001279966,"(50, 50)",0.0005,300,"{'hidden_layer_sizes': (50, 50), 'learning_rate_init': 0.0005, 'max_iter': 300}",0.896473289,0.8010343,0.877096134,0.837605126,0.78300257,0.772412427,0.933615997,0.70291432,0.881828653,0.74553698,0.704484481,0.782017344,0.902828495,0.816988471,0.073863444,423,-6.494250623,-9.348885111,-6.929207684,-7.527039502,-8.905106949,-9.146370522,-5.836566515,-9.918264973,-7.311018586,-10.3816774,-10.7349069,-7.945618179,-7.369298202,-8.296016243,1.489425199,400
41,0.257584792,0.004516759,0.000946045,0.000459841,"(50,)",0.001,100,"{'hidden_layer_sizes': (50,), 'learning_rate_init': 0.001, 'max_iter': 100}",0.872779316,0.812623622,0.897862082,0.867196166,0.770719273,0.813821504,0.931305905,0.692731059,0.85462426,0.732794179,0.698549802,0.816197103,0.880571925,0.818598169,0.073062102,388,-7.199157907,-9.072524196,-6.316759003,-6.80680553,-9.153677746,-8.272547661,-5.937251196,-10.08681787,-8.109008677,-10.63844491,-10.84216276,-7.296135612,-8.16977099,-8.30008185,1.530923247,401
101,1.255878045,0.051130329,0.000840609,0.000620498,"(50, 50)",0.001,300,"{'hidden_layer_sizes': (50, 50), 'learning_rate_init': 0.001, 'max_iter': 300}",0.886311473,0.800422787,0.907637118,0.829337666,0.781025179,0.800896497,0.922415598,0.700371087,0.848030481,0.762371888,0.70059403,0.786614789,0.905457783,0.817806644,0.071226348,403,-6.805517531,-9.363240795,-6.006888135,-7.716260425,-8.945588863,-8.554880933,-6.309761297,-9.960627669,-8.290868743,-10.03238292,-10.80533819,-7.861381641,-7.268914449,-8.301665507,1.433044022,402
604,1.660100919,0.161663239,0.004047009,0.006396589,"(200, 50)",0.001,250,"{'hidden_layer_sizes': (200, 50), 'learning_rate_init': 0.001, 'max_iter': 250}",0.873236961,0.7328039,0.923198961,0.868062884,0.81290223,0.831746968,0.917280039,0.663086316,0.860730612,0.786857948,0.710265566,0.721421149,0.902157501,0.815673156,0.082599296,456,-7.186197654,-10.83392371,-5.477524813,-6.784557554,-8.268869729,-7.864225691,-6.515246971,-10.56219478,-7.936876616,-9.501447273,-10.62938635,-8.98236695,-7.39469788,-8.302885844,1.633882991,403
203,1.191610006,0.082581141,0.001350641,0.000533156,"(100, 50)",0.0009,200,"{'hidden_layer_sizes': (100, 50), 'learning_rate_init': 0.0009, 'max_iter': 200}",0.902297166,0.807386612,0.873098875,0.822293118,0.806628129,0.786366645,0.937849557,0.710247175,0.871249771,0.713530887,0.65775572,0.804595641,0.910197904,0.815653631,0.081057279,458,-6.308940291,-9.198435132,-7.040987002,-7.873904817,-8.406369843,-8.861536886,-5.647390714,-9.795095776,-7.63125208,-11.01524326,-11.55250686,-7.522875003,-7.08434828,-8.302991227,1.678292346,404
482,1.216562106,0.02266717,0.001645748,0.000541238,"(150, 150)",0.0009,150,"{'hidden_layer_sizes': (150, 150), 'learning_rate_init': 0.0009, 'max_iter': 150}",0.884967497,0.778374863,0.919812549,0.857703056,0.757611115,0.805640439,0.922229317,0.693308622,0.86281547,0.757239974,0.693655542,0.819445646,0.880746009,0.817965392,0.07509434,399,-6.845625263,-9.866888582,-5.596983315,-7.045889427,-9.411702576,-8.452350032,-6.317331637,-10.07733347,-7.877245231,-10.14013597,-10.92982353,-7.231372023,-8.163814512,-8.304345813,1.603829072,405
734,3.924944768,0.376424004,0.002157101,0.000639741,"(200, 200)",0.0005,350,"{'hidden_layer_sizes': (200, 200), 'learning_rate_init': 0.0005, 'max_iter': 350}",0.897258317,0.779342014,0.924675297,0.876149162,0.730632511,0.849645827,0.908371451,0.660575555,0.852121853,0.787608912,0.693413116,0.804403795,0.864008153,0.817554305,0.080398092,408,-6.469581306,-9.845335948,-5.4246225,-6.573361426,-9.921662116,-7.434166134,-6.857110138,-10.60147774,-8.178502583,-9.484694272,-10.93414735,-7.526567041,-8.717924502,-8.305319465,1.684208225,406
741,3.553657238,0.357387919,0.001934858,0.000657888,"(200, 200)",0.0006,300,"{'hidden_layer_sizes': (200, 200), 'learning_rate_init': 0.0006, 'max_iter': 300}",0.899472907,0.77820584,0.928913133,0.877551676,0.735998197,0.84100387,0.905718988,0.679468617,0.848077877,0.778652401,0.693321407,0.797453201,0.86616159,0.817692285,0.077928328,404,-6.399475758,-9.87065037,-5.269816498,-6.536036363,-9.822347403,-7.644829357,-6.955651905,-10.30220353,-8.28957578,-9.682613556,-10.93578258,-7.659129526,-8.648624695,-8.308979795,1.67161093,407
578,0.993592336,0.058504659,0.001226664,0.000525535,"(200, 50)",0.0007,150,"{'hidden_layer_sizes': (200, 50), 'learning_rate_init': 0.0007, 'max_iter': 150}",0.895143043,0.824304103,0.853794651,0.831797209,0.792532921,0.801922484,0.935502637,0.709755497,0.874692104,0.708903181,0.726327181,0.774908847,0.895199934,0.817291061,0.070832072,412,-6.53584075,-8.785197412,-7.557574509,-7.660456244,-8.707358801,-8.532810672,-5.753030821,-9.803402844,-7.528544383,-11.10385855,-10.33056249,-8.07413366,-7.653100993,-8.309682472,1.422985109,408
697,0.832299911,0.002670812,0.001641072,0.000491008,"(200, 150)",0.0008,100,"{'hidden_layer_sizes': (200, 150), 'learning_rate_init': 0.0008, 'max_iter': 100}",0.899189212,0.782786286,0.88258127,0.845378204,0.75955782,0.800274399,0.932502551,0.701656907,0.874391115,0.739985057,0.738119933,0.796921126,0.880793164,0.818010542,0.069704127,398,-6.408499303,-9.768195343,-6.772819416,-7.344688701,-9.373832144,-8.568235348,-5.88531076,-9.939232304,-7.537580723,-10.49432102,-10.1055361,-7.6691829,-8.162200289,-8.309971873,1.462165407,409
383,2.331375269,0.048301436,0.00108574,0.000271346,"(150, 50)",0.001,400,"{'hidden_layer_sizes': (150, 50), 'learning_rate_init': 0.001, 'max_iter': 400}",0.869513704,0.774613113,0.924388054,0.841586318,0.829276636,0.85092383,0.901488853,0.663927596,0.821826159,0.802185395,0.703363483,0.744681881,0.899258374,0.817464107,0.07530025,410,-7.290969614,-9.95027395,-5.434955791,-7.434202411,-7.898749195,-7.402503674,-7.10998049,-10.54899955,-8.977259227,-9.153440612,-10.75524833,-8.599189904,-7.503452617,-8.312248105,1.469631427,410
275,1.487008352,0.06436044,0.001196641,0.000783817,"(100, 100)",0.0011,200,"{'hidden_layer_sizes': (100, 100), 'learning_rate_init': 0.0011, 'max_iter': 200}",0.881469851,0.817555632,0.904777154,0.850879982,0.777558083,0.843966097,0.930725716,0.673089262,0.838399486,0.753627524,0.675104844,0.774985424,0.890383678,0.816347903,0.078783604,437,-6.948919049,-8.95232718,-6.099179101,-7.212835214,-9.016129862,-7.573279837,-5.962271435,-10.40421793,-8.549548181,-10.21530376,-11.25588778,-8.072760116,-7.826980993,-8.314587726,1.567720451,411
597,1.977971169,0.09121127,0.000885688,0.000547741,"(200, 50)",0.0009,300,"{'hidden_layer_sizes': (200, 50), 'learning_rate_init': 0.0009, 'max_iter': 300}",0.872337365,0.730959499,0.927147034,0.862649633,0.803347613,0.849099778,0.912356944,0.670492224,0.823255601,0.813109583,0.709215744,0.737991375,0.899753612,0.816285847,0.079038119,438,-7.211651615,-10.8712516,-5.33487719,-6.92234036,-8.477376177,-7.44765342,-6.70632315,-10.44546267,-8.941175612,-8.897104826,-10.64862615,-8.711130417,-7.484986707,-8.31538153,1.605289182,412
389,1.650648924,0.013034641,0.00135132,0.000449711,"(150, 50)",0.0011,300,"{'hidden_layer_sizes': (150, 50), 'learning_rate_init': 0.0011, 'max_iter': 300}",0.877606376,0.786037953,0.919919961,0.858718052,0.83090413,0.823270127,0.898167578,0.654855997,0.826292185,0.782088255,0.70771475,0.759823573,0.900865145,0.817404929,0.075255975,411,-7.061260503,-9.694805198,-5.593233443,-7.020715488,-7.861009922,-8.05989718,-7.228842424,-10.69042604,-8.864035241,-9.607170775,-10.67607426,-8.340304599,-7.443374241,-8.318549947,1.466510954,413
242,1.094473527,0.114293323,0.001467265,0.000820477,"(100, 100)",0.0007,150,"{'hidden_layer_sizes': (100, 100), 'learning_rate_init': 0.0007, 'max_iter': 150}",0.888813669,0.775351082,0.886683789,0.850019856,0.775059582,0.792866351,0.933397722,0.68937737,0.874578387,0.73527275,0.736090959,0.780485385,0.897427912,0.81657114,0.073041525,430,-6.730208785,-9.933970841,-6.65344896,-7.233607157,-9.066623743,-8.725691346,-5.846154137,-10.1417148,-7.531959675,-10.58898944,-10.14460801,-7.973489778,-7.571314118,-8.318598523,1.494339571,414
481,0.840738627,0.039173634,0.001507998,0.000489433,"(150, 150)",0.0009,100,"{'hidden_layer_sizes': (150, 150), 'learning_rate_init': 0.0009, 'max_iter': 100}",0.890008608,0.794123734,0.891265478,0.83878384,0.760918113,0.796935956,0.93383696,0.70131233,0.8793427,0.730738143,0.719533324,0.777797576,0.895923099,0.816193835,0.073907657,441,-6.693945724,-9.509854161,-6.517552409,-7.499672919,-9.347278472,-8.639548247,-5.826844767,-9.944970401,-7.387518768,-10.67929565,-10.45800319,-8.022156267,-7.626650466,-8.319483957,1.508224098,415
654,2.950432136,0.273387635,0.000848697,0.000870942,"(200, 100)",0.0009,350,"{'hidden_layer_sizes': (200, 100), 'learning_rate_init': 0.0009, 'max_iter': 350}",0.873605972,0.751098928,0.93317993,0.857726156,0.799949787,0.872302226,0.888229836,0.666008068,0.817490891,0.829251,0.694707323,0.748581728,0.889973826,0.817085052,0.077972803,421,-7.1757304,-10.456446,-5.109216066,-7.045317498,-8.550300003,-6.851192701,-7.573361102,-10.51629681,-9.085818732,-8.504215869,-10.91104457,-8.533263174,-7.841599784,-8.319523285,1.593438383,416
764,2.400046715,0.167097343,0.001451346,0.000618816,"(200, 200)",0.0009,250,"{'hidden_layer_sizes': (200, 200), 'learning_rate_init': 0.0009, 'max_iter': 250}",0.898812036,0.782727558,0.920935996,0.880106458,0.742113118,0.84435052,0.895648061,0.66977428,0.84184184,0.777135132,0.690896989,0.797154494,0.882770643,0.817251317,0.078297778,415,-6.420476558,-9.769515764,-5.557637391,-6.467492471,-9.70792628,-7.563944899,-7.317723281,-10.45683596,-8.457998386,-9.715742543,-10.97892337,-7.664775112,-8.094217294,-8.321016101,1.625697487,417
702,2.932665495,0.028671281,0.001795915,0.000580054,"(200, 150)",0.0008,350,"{'hidden_layer_sizes': (200, 150), 'learning_rate_init': 0.0008, 'max_iter': 350}",0.886529409,0.751576743,0.925218115,0.876178205,0.762157219,0.865013785,0.888260662,0.668946661,0.820458662,0.787926233,0.745959095,0.783296726,0.880301034,0.818601734,0.072138928,387,-6.798991458,-10.44640456,-5.405041245,-6.572590656,-9.323024629,-7.04399809,-7.572316684,-10.46993134,-9.011643941,-9.477606349,-9.95313654,-7.922266692,-8.179031217,-8.321229492,1.540843045,418
363,1.165243112,0.015103719,0.001430328,0.000480456,"(150, 50)",0.0008,200,"{'hidden_layer_sizes': (150, 50), 'learning_rate_init': 0.0008, 'max_iter': 200}",0.895672628,0.807722773,0.88377574,0.823848472,0.799804904,0.79403478,0.934636863,0.704922072,0.866448673,0.716519454,0.681748411,0.801620893,0.899048701,0.816138797,0.076358307,442,-6.519315074,-9.190404796,-6.738282286,-7.83937147,-8.553395647,-8.701045994,-5.791514714,-9.884693544,-7.772234577,-10.95763478,-11.14021124,-7.579921137,-7.511257031,-8.321483253,1.57349654,419
199,2.143028149,0.117422757,0.001921232,0.002496109,"(100, 50)",0.0008,400,"{'hidden_layer_sizes': (100, 50), 'learning_rate_init': 0.0008, 'max_iter': 400}",0.890356443,0.783715738,0.916565773,0.849636673,0.801888342,0.827168316,0.915043779,0.696091674,0.823049669,0.788935028,0.682710914,0.739680029,0.898913775,0.816442781,0.075229227,435,-6.683352919,-9.747273999,-5.709169397,-7.242841802,-8.508771476,-7.970511621,-6.602726573,-10.03150621,-8.946382967,-9.455037888,-11.12335256,-8.683013278,-7.516274915,-8.32463197,1.494745032,420
724,2.435667863,0.134039116,0.001528777,0.000616708,"(200, 150)",0.0011,250,"{'hidden_layer_sizes': (200, 150), 'learning_rate_init': 0.0011, 'max_iter': 250}",0.893070112,0.766174714,0.924643431,0.876122872,0.782431903,0.853031324,0.889642972,0.657832813,0.816823345,0.766900856,0.737726311,0.775458424,0.889792751,0.817665525,0.074611765,405,-6.600128527,-10.13482963,-5.425769818,-6.574059045,-8.916808723,-7.34999273,-7.525332948,-10.64422452,-9.102419715,-9.936319103,-10.11312788,-8.064270837,-7.848049744,-8.325794863,1.56241249,421
489,0.743748647,0.00481704,0.001543485,0.000493121,"(150, 150)",0.001,100,"{'hidden_layer_sizes': (150, 150), 'learning_rate_init': 0.001, 'max_iter': 100}",0.888824908,0.790650797,0.895775964,0.840579397,0.762196404,0.796342641,0.934310006,0.695004658,0.877162696,0.727300018,0.709977502,0.78476461,0.898883254,0.815520989,0.076220531,462,-6.729868622,-9.589729806,-6.380941322,-7.457791885,-9.322256603,-8.652160606,-5.805977291,-10.04943048,-7.453957878,-10.74725977,-10.63466907,-7.89538955,-7.517409513,-8.325910954,1.566315497,422
212,1.434206853,0.152219154,0.001193909,0.000666787,"(100, 50)",0.001,250,"{'hidden_layer_sizes': (100, 50), 'learning_rate_init': 0.001, 'max_iter': 250}",0.892458445,0.801585606,0.902435989,0.831863176,0.806955555,0.810413369,0.932784319,0.695459393,0.837086628,0.754379354,0.655414042,0.781847097,0.900134321,0.81560133,0.078608404,459,-6.618978835,-9.335923905,-6.173701554,-7.65895392,-8.399249812,-8.347921834,-5.873013836,-10.04193605,-8.584206619,-10.19970536,-11.59196134,-7.948720392,-7.470760187,-8.32654105,1.59557917,423
245,2.112961934,0.187106222,0.00119875,0.000836631,"(100, 100)",0.0007,300,"{'hidden_layer_sizes': (100, 100), 'learning_rate_init': 0.0007, 'max_iter': 300}",0.874597349,0.764086201,0.932923122,0.865185084,0.792713387,0.819718724,0.914876699,0.67703143,0.82522236,0.800421685,0.702681896,0.756833271,0.88829416,0.816506567,0.075323089,434,-7.147533437,-10.17999085,-5.119024713,-6.858150469,-8.703570914,-8.140476574,-6.609216066,-10.3412962,-8.891289088,-9.194155969,-10.7675975,-8.392064209,-7.901228236,-8.326584171,1.560831111,424
779,1.807467681,0.1584028,0.001406083,0.00064757,"(200, 200)",0.0011,200,"{'hidden_layer_sizes': (200, 200), 'learning_rate_init': 0.0011, 'max_iter': 200}",0.901496272,0.789962654,0.92174153,0.886188565,0.748571766,0.835925827,0.893913049,0.651230785,0.801999658,0.773555239,0.710798497,0.822874872,0.88644164,0.817284643,0.078598768,413,-6.334745477,-9.605477886,-5.529253256,-6.301312049,-9.585590377,-7.765950718,-7.378306723,-10.7464227,-9.463564924,-9.79346398,-10.61960611,-7.162370958,-7.966475469,-8.32711851,1.672665106,425
483,1.678118119,0.080301884,0.001786562,0.000517327,"(150, 150)",0.0009,200,"{'hidden_layer_sizes': (150, 150), 'learning_rate_init': 0.0009, 'max_iter': 200}",0.884015775,0.771694701,0.926764973,0.874094933,0.758649361,0.807991912,0.903009125,0.684254298,0.856620253,0.78563807,0.68000037,0.820972213,0.874729789,0.817571982,0.075967243,407,-6.873885592,-10.0144871,-5.348847654,-6.627651159,-9.391523955,-8.401063747,-7.054904821,-10.22500599,-8.053148363,-9.52859835,-11.17076393,-7.200736914,-8.36720813,-8.327525054,1.616063353,426
33,0.271185728,0.033527962,0.000921745,0.000577984,"(50,)",0.0009,100,"{'hidden_layer_sizes': (50,), 'learning_rate_init': 0.0009, 'max_iter': 100}",0.877204821,0.810580647,0.895818787,0.86181147,0.75960076,0.819199331,0.933135018,0.690809718,0.854863629,0.732491702,0.683926514,0.822179846,0.879104372,0.81697897,0.075836248,424,-7.072834487,-9.121849237,-6.379630305,-6.94342957,-9.37299508,-8.152194561,-5.857672506,-10.11830496,-8.102329954,-10.64446455,-11.10202419,-7.176409507,-8.21981353,-8.327996342,1.588406533,427
729,1.339872617,0.06481539,0.002075966,0.00073321,"(200, 200)",0.0005,100,"{'hidden_layer_sizes': (200, 200), 'learning_rate_init': 0.0005, 'max_iter': 100}",0.901559269,0.79013382,0.882117993,0.839651094,0.752615196,0.808019891,0.92432398,0.711681136,0.88164169,0.763576979,0.736586424,0.750479947,0.879590232,0.817075204,0.06867052,422,-6.3327195,-9.60156319,-6.786167394,-7.479473671,-9.508200995,-8.400451641,-6.231675976,-9.770828177,-7.316799801,-10.00691181,-10.13508074,-8.500988898,-8.203279829,-8.328780125,1.350985033,428
499,1.56021241,0.071179261,0.001396876,0.000484978,"(150, 150)",0.0011,200,"{'hidden_layer_sizes': (150, 150), 'learning_rate_init': 0.0011, 'max_iter': 200}",0.883160609,0.79544942,0.918263428,0.882369246,0.763462765,0.809778172,0.8984559,0.687420561,0.843739746,0.797923546,0.671131115,0.814965737,0.870227781,0.818180617,0.073844551,396,-6.899180063,-9.479186613,-5.650788019,-6.406170264,-9.297401836,-8.361894691,-7.21860152,-10.1736092,-8.407097003,-9.251519062,-11.32451286,-7.320534631,-8.516232931,-8.331286822,1.53658183,429
260,1.850630962,0.087303435,0.001668068,0.000647258,"(100, 100)",0.0009,250,"{'hidden_layer_sizes': (100, 100), 'learning_rate_init': 0.0009, 'max_iter': 250}",0.87222945,0.778846075,0.91907373,0.851668865,0.784011905,0.853606441,0.924611669,0.663464531,0.800154485,0.78430564,0.701535347,0.773609089,0.899569841,0.815899005,0.077000608,448,-7.214699045,-9.85639366,-5.622708482,-7.193731036,-8.884372339,-7.335597659,-6.219819573,-10.55626463,-9.507558324,-9.558166367,-10.78833909,-8.097411588,-7.491844301,-8.33283893,1.583437195,430
195,1.114020146,0.033060825,0.001039615,0.000415903,"(100, 50)",0.0008,200,"{'hidden_layer_sizes': (100, 50), 'learning_rate_init': 0.0008, 'max_iter': 200}",0.898826121,0.810169303,0.868383805,0.823474723,0.804286534,0.785964273,0.936113761,0.70513803,0.880085556,0.705969892,0.66722194,0.79113572,0.908462364,0.814248617,0.080826157,483,-6.420029707,-9.131748397,-7.1705996,-7.847683639,-8.457114264,-8.86987818,-5.725710463,-9.881075739,-7.364742112,-11.15966334,-11.39161972,-7.777657388,-7.15247772,-8.334615405,1.64940569,431
469,2.789578768,0.110315748,0.001647436,0.000648388,"(150, 150)",0.0007,300,"{'hidden_layer_sizes': (150, 150), 'learning_rate_init': 0.0007, 'max_iter': 300}",0.881256935,0.759672669,0.928250139,0.874753072,0.760501068,0.848625443,0.882847367,0.662513663,0.842891036,0.811485932,0.701797327,0.80225937,0.874696128,0.81781155,0.074952068,402,-6.955157436,-10.27477445,-5.294334033,-6.610306218,-9.35542743,-7.459349585,-7.753570645,-10.57116727,-8.429897184,-8.935669019,-10.78360328,-7.567713433,-8.368332191,-8.335330937,1.568653357,432
87,1.6454262,0.021197965,0.001418425,0.00167642,"(50, 50)",0.0008,400,"{'hidden_layer_sizes': (50, 50), 'learning_rate_init': 0.0008, 'max_iter': 400}",0.884331589,0.80722515,0.912996013,0.830599105,0.77621108,0.827425721,0.91086341,0.685360557,0.836021403,0.773155116,0.726348851,0.760223735,0.893364283,0.817240462,0.06877896,417,-6.864520744,-9.202289724,-5.830024559,-7.687690432,-9.043387377,-7.964574028,-6.76322333,-10.2070779,-8.612225228,-9.802112572,-10.33015348,-8.333353732,-7.719834922,-8.335420618,1.324646165,433
239,2.792329513,0.246686541,0.001385597,0.000666797,"(100, 100)",0.0006,400,"{'hidden_layer_sizes': (100, 100), 'learning_rate_init': 0.0006, 'max_iter': 400}",0.876090175,0.766894696,0.930885885,0.864663358,0.785028311,0.853679939,0.890185116,0.678186423,0.825599913,0.806793411,0.728838724,0.743319312,0.878640614,0.817600452,0.070933947,406,-7.104862999,-10.11921429,-5.196179941,-6.871407993,-8.863443446,-7.333755976,-7.506825581,-10.32278849,-8.881680445,-9.046199427,-10.28305054,-8.62210523,-8.235564112,-8.337467574,1.449182034,434
772,2.532217026,0.224150815,0.001906432,0.000760485,"(200, 200)",0.001,250,"{'hidden_layer_sizes': (200, 200), 'learning_rate_init': 0.001, 'max_iter': 250}",0.897912334,0.785166511,0.916030728,0.878163067,0.746734251,0.858050489,0.890619608,0.665981825,0.837556679,0.773008034,0.690141498,0.789001294,0.887088792,0.81657347,0.078496393,429,-6.448956896,-9.714528046,-5.727445953,-6.519698559,-9.62055384,-7.223396743,-7.491960167,-10.51670995,-8.571813733,-9.805289818,-10.99233219,-7.817297102,-7.94374315,-8.337978934,1.608009488,435
359,2.431902482,0.122317376,0.001249405,0.000415427,"(150, 50)",0.0007,400,"{'hidden_layer_sizes': (150, 50), 'learning_rate_init': 0.0007, 'max_iter': 400}",0.874779511,0.79657575,0.929226776,0.845952652,0.797445212,0.841237986,0.90147555,0.656081798,0.831774848,0.804192068,0.680338406,0.769633363,0.88475843,0.81642095,0.077000778,436,-7.142340224,-9.453052647,-5.258178149,-7.331032583,-8.603657258,-7.639198909,-7.110460556,-10.67142528,-8.723027877,-9.106895044,-11.16486217,-8.168202821,-8.025299509,-8.338279464,1.507419127,436
661,2.229309229,0.018681238,0.001317703,0.00046908,"(200, 100)",0.001,300,"{'hidden_layer_sizes': (200, 100), 'learning_rate_init': 0.001, 'max_iter': 300}",0.876757226,0.746546909,0.933978718,0.865658384,0.800179072,0.859108152,0.898847226,0.680668667,0.820147246,0.800849564,0.692096299,0.772104793,0.875737571,0.817129217,0.075071558,420,-7.085713188,-10.55162896,-5.078585672,-6.846101296,-8.545398695,-7.196435728,-7.204678738,-10.28290004,-9.019455954,-9.184294951,-10.95760373,-8.124269432,-8.333483628,-8.339273077,1.612922729,437
42,0.384725479,0.00510454,0.000680557,0.001105436,"(50,)",0.001,150,"{'hidden_layer_sizes': (50,), 'learning_rate_init': 0.001, 'max_iter': 150}",0.868496783,0.816999481,0.90105447,0.874812402,0.759638391,0.820111933,0.922440355,0.689009405,0.849673256,0.736872514,0.690180307,0.817364606,0.877497303,0.817242401,0.073948594,416,-7.319324884,-8.965961621,-6.217258088,-6.608740359,-9.37226145,-8.131594177,-6.308754513,-10.14771998,-8.245935251,-10.55694598,-10.9916438,-7.272926434,-8.274266253,-8.339487137,1.532659359,438
367,2.321905356,0.02094609,0.001199942,0.000364518,"(150, 50)",0.0008,400,"{'hidden_layer_sizes': (150, 50), 'learning_rate_init': 0.0008, 'max_iter': 400}",0.876016576,0.791347296,0.928112199,0.836249779,0.811768251,0.843716321,0.898499984,0.660668552,0.827012087,0.811501426,0.694131136,0.75596516,0.882754672,0.816749495,0.074397964,426,-7.106972746,-9.573764142,-5.299420798,-7.558384545,-8.293890226,-7.579338989,-7.217034421,-10.60002531,-8.845648452,-8.935301803,-10.92133606,-8.407030794,-8.094768621,-8.340993608,1.446110202,439
709,2.494182385,0.01928471,0.001544017,0.000503726,"(200, 150)",0.0009,300,"{'hidden_layer_sizes': (200, 150), 'learning_rate_init': 0.0009, 'max_iter': 300}",0.889909178,0.745013423,0.922169437,0.877828525,0.768831713,0.842616518,0.890759155,0.666621721,0.809451837,0.77974748,0.75423917,0.812622229,0.87891536,0.818363519,0.070982728,390,-6.696970613,-10.58350147,-5.514115929,-6.528643372,-9.191279465,-7.605960986,-7.487179512,-10.50663143,-9.283765842,-9.658632324,-9.789589222,-7.366747024,-8.226236574,-8.341481059,1.553544127,440
497,0.807866647,0.025117686,0.001629224,0.000498212,"(150, 150)",0.0011,100,"{'hidden_layer_sizes': (150, 150), 'learning_rate_init': 0.0011, 'max_iter': 100}",0.887194807,0.7884602,0.900978508,0.843921755,0.763206267,0.793567078,0.93601365,0.685581127,0.873624542,0.725692369,0.698102412,0.788403575,0.900327435,0.81423644,0.079294499,485,-6.779027307,-9.639771955,-6.219644188,-7.379199026,-9.302441465,-8.710919476,-5.730194859,-10.20349957,-7.560546126,-10.77889239,-10.85020534,-7.828361714,-7.463533466,-8.342018222,1.635647794,441
390,1.928877354,0.029806371,0.001159998,0.000359035,"(150, 50)",0.0011,350,"{'hidden_layer_sizes': (150, 50), 'learning_rate_init': 0.0011, 'max_iter': 350}",0.880649276,0.764215448,0.917935555,0.844847272,0.83340071,0.838962807,0.902971244,0.671405364,0.80023927,0.789303734,0.718271303,0.744574709,0.904221421,0.816230624,0.073788555,440,-6.972930965,-10.17720188,-5.662110285,-7.357287787,-7.802763021,-7.693741926,-7.05628238,-10.43097926,-9.505541308,-9.446775853,-10.48150581,-8.600994498,-7.316289161,-8.346492625,1.477847807,442
647,3.465346978,0.226940932,0.001498681,0.002636458,"(200, 100)",0.0008,400,"{'hidden_layer_sizes': (200, 100), 'learning_rate_init': 0.0008, 'max_iter': 400}",0.874915194,0.734707158,0.932560924,0.859566867,0.790581575,0.872156904,0.886307541,0.666333697,0.814272248,0.831535423,0.706910555,0.745637993,0.890072368,0.815812188,0.078096983,451,-7.138469625,-10.79526931,-5.132826816,-6.999593671,-8.748211796,-6.855089976,-7.638209223,-10.51116908,-9.165585156,-8.447136048,-10.69075127,-8.583073734,-7.838087426,-8.349497933,1.609148856,443
463,3.700390797,0.097053992,0.001818052,0.000557859,"(150, 150)",0.0006,400,"{'hidden_layer_sizes': (150, 150), 'learning_rate_init': 0.0006, 'max_iter': 400}",0.874187853,0.75827746,0.921051546,0.872236383,0.754519898,0.854005902,0.88403107,0.666706214,0.845329896,0.810849312,0.725344818,0.775445382,0.882297843,0.817252583,0.072420783,414,-7.159193892,-10.30455615,-5.553574763,-6.676389038,-9.471526772,-7.32558257,-7.714300398,-10.50529992,-8.364211078,-8.950744375,-10.34908692,-8.064505025,-8.110523311,-8.349961093,1.460038527,444
669,2.231078203,0.017982345,0.001709736,0.000465394,"(200, 100)",0.0011,300,"{'hidden_layer_sizes': (200, 100), 'learning_rate_init': 0.0011, 'max_iter': 300}",0.878271215,0.758138406,0.933885353,0.863428447,0.808010029,0.859395751,0.897369353,0.678198028,0.811019318,0.795401614,0.693620385,0.766005876,0.874397018,0.816703138,0.074554336,427,-7.042056096,-10.30751964,-5.08217538,-6.902686686,-8.376278629,-7.189087026,-7.257119162,-10.32260236,-9.2455021,-9.309069939,-10.93045069,-8.232262261,-8.378314188,-8.351932627,1.596752288,445
473,0.973224126,0.115044288,0.001742473,0.000515596,"(150, 150)",0.0008,100,"{'hidden_layer_sizes': (150, 150), 'learning_rate_init': 0.0008, 'max_iter': 100}",0.889857571,0.794168391,0.88500632,0.838218569,0.759422554,0.797550415,0.931434317,0.702863017,0.880597888,0.735075823,0.723886548,0.76527088,0.892923962,0.815098173,0.072610772,468,-6.69854009,-9.508822701,-6.702514964,-7.512809426,-9.376468497,-8.626466991,-5.931699262,-9.919121321,-7.348992439,-10.59292721,-10.37652458,-8.245181258,-7.735756918,-8.351986589,1.453204611,446
410,1.146556084,0.084431995,0.001593516,0.000475959,"(150, 100)",0.0007,150,"{'hidden_layer_sizes': (150, 100), 'learning_rate_init': 0.0007, 'max_iter': 150}",0.89112659,0.79650506,0.874999478,0.836867706,0.768695051,0.801147098,0.929195732,0.716117997,0.873503864,0.729388632,0.71917719,0.784039158,0.890498044,0.816250892,0.069027323,439,-6.659839304,-9.45469499,-6.988061515,-7.544109928,-9.193995925,-8.549495447,-6.027752882,-9.695356387,-7.564155087,-10.70602392,-10.46464082,-7.908684084,-7.822896866,-8.352285166,1.404632687,447
25,0.258312831,0.01014956,0.000955417,0.000577556,"(50,)",0.0008,100,"{'hidden_layer_sizes': (50,), 'learning_rate_init': 0.0008, 'max_iter': 100}",0.881743753,0.798019349,0.893575721,0.855686856,0.753332746,0.820771439,0.931242626,0.69804446,0.850529532,0.742177811,0.693823475,0.81991491,0.87629004,0.816550209,0.07264153,432,-6.940885533,-9.419451166,-6.44794265,-7.095630318,-9.494401507,-8.116674472,-5.9399852,-9.999225169,-8.222416896,-10.44997705,-10.92682735,-7.221968667,-8.314937725,-8.353101823,1.533035818,448
612,2.017668706,0.245732652,0.001727801,0.001543595,"(200, 50)",0.0011,250,"{'hidden_layer_sizes': (200, 50), 'learning_rate_init': 0.0011, 'max_iter': 250}",0.874276881,0.725832589,0.928501474,0.862365155,0.814805347,0.838469286,0.90795386,0.658048163,0.851533519,0.79352513,0.705914131,0.701728366,0.904904074,0.812912152,0.085470595,512,-7.156660405,-10.97434555,-5.285053043,-6.929505376,-8.226707681,-7.705522181,-6.872717794,-10.64087442,-8.194755545,-9.351661787,-10.70890866,-9.294428655,-7.290169456,-8.356254658,1.668498396,449
742,4.315967578,0.38145635,0.002182502,0.000646127,"(200, 200)",0.0006,350,"{'hidden_layer_sizes': (200, 200), 'learning_rate_init': 0.0006, 'max_iter': 350}",0.89333557,0.775493192,0.919683684,0.875331293,0.728364973,0.858183664,0.898028739,0.65857495,0.848689355,0.787888804,0.702488801,0.793721001,0.867061576,0.8159112,0.078793782,447,-6.5919309,-9.930828295,-5.601478798,-6.595029837,-9.963334911,-7.220007507,-7.233768682,-10.63267496,-8.272876427,-9.478442671,-10.77109348,-7.729372349,-8.619497124,-8.356948919,1.620983277,450
590,2.340059629,0.160668645,0.001116386,0.000626098,"(200, 50)",0.0008,350,"{'hidden_layer_sizes': (200, 50), 'learning_rate_init': 0.0008, 'max_iter': 350}",0.870515407,0.743705697,0.924687119,0.862324812,0.804371014,0.848521084,0.898238425,0.677795789,0.827069004,0.811298792,0.71959463,0.732949044,0.888001332,0.816082473,0.073763591,443,-7.262930456,-10.61060608,-5.424196796,-6.930520885,-8.455288793,-7.461920419,-7.226327337,-10.32905175,-8.844193112,-8.940103176,-10.45686014,-8.794553406,-7.911577648,-8.357548461,1.474573521,451
253,1.968303387,0.208783896,0.001081357,0.000706734,"(100, 100)",0.0008,300,"{'hidden_layer_sizes': (100, 100), 'learning_rate_init': 0.0008, 'max_iter': 300}",0.867177255,0.770712652,0.931892026,0.853517478,0.777735979,0.848063488,0.910050474,0.681887413,0.819486193,0.787565686,0.713567145,0.737868859,0.896498831,0.815078729,0.074791564,469,-7.355954973,-10.03600251,-5.158219131,-7.148763677,-9.012523853,-7.47318261,-6.79399402,-10.26325865,-9.036016352,-9.485659377,-10.56865088,-8.713166855,-7.605526687,-8.357763045,1.522111977,452
94,1.352074238,0.061175274,0.000723454,0.002108657,"(50, 50)",0.0009,350,"{'hidden_layer_sizes': (50, 50), 'learning_rate_init': 0.0009, 'max_iter': 350}",0.882547801,0.796883494,0.911104864,0.828966654,0.775763974,0.81121503,0.916831693,0.68873536,0.834869565,0.771173348,0.72908365,0.764432928,0.89681632,0.816032668,0.068569246,445,-6.917249051,-9.445899582,-5.893045667,-7.724643274,-9.052416719,-8.330253677,-6.532879569,-10.15219008,-8.642419792,-9.844836201,-10.27840542,-8.259885238,-7.593852782,-8.359075158,1.339996051,453
436,2.115189351,0.098538294,0.001830156,0.00067806,"(150, 100)",0.001,250,"{'hidden_layer_sizes': (150, 100), 'learning_rate_init': 0.001, 'max_iter': 250}",0.876116985,0.790805162,0.925964412,0.858251877,0.80014533,0.797795452,0.908100556,0.686054046,0.829016252,0.803960334,0.63883425,0.796242034,0.888430881,0.81536289,0.07913517,463,-7.104094342,-9.586193638,-5.378003376,-7.032288749,-8.546120156,-8.621244827,-6.867239013,-10.19582311,-8.794258179,-9.112282357,-11.86755944,-7.681995,-7.896391441,-8.36026874,1.597342677,454
246,2.106212671,0.076144112,0.000504182,0.000790016,"(100, 100)",0.0007,350,"{'hidden_layer_sizes': (100, 100), 'learning_rate_init': 0.0007, 'max_iter': 350}",0.871499755,0.762030142,0.93206133,0.853109962,0.793813347,0.836437455,0.904700995,0.669813278,0.831689777,0.803591841,0.71277573,0.728510516,0.892986431,0.814847735,0.076262781,472,-7.235271211,-10.22425543,-5.151803947,-7.158700751,-8.680447581,-7.753833101,-6.993102669,-10.45621848,-8.725233211,-9.120842451,-10.58324142,-8.867337286,-7.733500004,-8.36029135,1.506747424,455
780,2.408463625,0.268765078,0.001737741,0.000735191,"(200, 200)",0.0011,250,"{'hidden_layer_sizes': (200, 200), 'learning_rate_init': 0.0011, 'max_iter': 250}",0.896442595,0.789483811,0.910951931,0.877068799,0.755219329,0.869040548,0.884645339,0.653191414,0.836966787,0.76732419,0.688910135,0.785538994,0.88785784,0.815587824,0.079757219,460,-6.495213294,-9.616420941,-5.898112621,-6.548911152,-9.458023842,-6.938138145,-7.693842571,-10.71617427,-8.587363342,-9.927292278,-11.01415203,-7.88117355,-7.916644189,-8.36088171,1.607627898,456
49,0.262800694,0.008158715,0.000823406,0.000500353,"(50,)",0.0011,100,"{'hidden_layer_sizes': (50,), 'learning_rate_init': 0.0011, 'max_iter': 100}",0.873827248,0.809518814,0.90017167,0.85969661,0.771696753,0.804662096,0.928842191,0.681123188,0.850551158,0.730939083,0.697480367,0.81607754,0.881112317,0.815823003,0.07447868,450,-7.169446438,-9.147380805,-6.244931943,-6.996359534,-9.134144717,-8.473596511,-6.042783094,-10.27557934,-8.221822037,-10.67531013,-10.86137776,-7.298508291,-8.151266614,-8.360962093,1.539943161,457
749,4.907567464,1.23899656,0.002531492,0.001000434,"(200, 200)",0.0007,300,"{'hidden_layer_sizes': (200, 200), 'learning_rate_init': 0.0007, 'max_iter': 300}",0.89706803,0.774928763,0.924645575,0.877469735,0.738531125,0.84387594,0.895457082,0.678422416,0.841113624,0.781078939,0.703052538,0.783898151,0.869322432,0.816066488,0.075621442,444,-6.47556964,-9.943303919,-5.425692631,-6.538222922,-9.77511428,-7.575467465,-7.324416458,-10.31900282,-8.477447813,-9.629394154,-10.76088388,-7.911265558,-8.545887842,-8.361666875,1.596640831,458
34,0.442327004,0.041842789,0.001080348,0.000473686,"(50,)",0.0009,150,"{'hidden_layer_sizes': (50,), 'learning_rate_init': 0.0009, 'max_iter': 150}",0.87389991,0.819282616,0.898535356,0.872665347,0.752980294,0.818213241,0.925177452,0.689153244,0.846722407,0.737376623,0.675726395,0.818260599,0.877367678,0.815797012,0.07643256,453,-7.167381726,-8.909855924,-6.295905113,-6.665171705,-9.501182162,-8.174395419,-6.196436013,-10.14537296,-8.326474033,-10.54682845,-11.2451159,-7.255064338,-8.278642767,-8.3621405,1.57864598,459
107,0.826855935,0.019702815,0.000872154,0.000543673,"(50, 50)",0.0011,200,"{'hidden_layer_sizes': (50, 50), 'learning_rate_init': 0.0011, 'max_iter': 200}",0.900666443,0.804647165,0.865363977,0.808907951,0.804623358,0.775809076,0.943141244,0.671974567,0.879172644,0.704848165,0.692958694,0.804488136,0.90401037,0.812354753,0.08210108,524,-6.361372564,-9.263616635,-7.252394907,-8.165059352,-8.449833757,-9.077861089,-5.401624573,-10.42194089,-7.39272295,-11.18093017,-10.94224762,-7.524944129,-7.324345563,-8.366068785,1.685538032,460
491,1.491230818,0.024059606,0.001621998,0.000492365,"(150, 150)",0.001,200,"{'hidden_layer_sizes': (150, 150), 'learning_rate_init': 0.001, 'max_iter': 200}",0.880911521,0.774844948,0.921869394,0.87842205,0.760609912,0.808464285,0.896648091,0.687182907,0.851968246,0.792499983,0.672438982,0.820269941,0.869106773,0.816556695,0.074691754,431,-6.965266074,-9.945155173,-5.524734376,-6.512765569,-9.353301326,-8.390723357,-7.282575123,-10.17747596,-8.182749158,-9.374848534,-11.3019724,-7.214846242,-8.552936616,-8.367642301,1.579314358,461
668,1.906736631,0.106388649,0.001717824,0.000462843,"(200, 100)",0.0011,250,"{'hidden_layer_sizes': (200, 100), 'learning_rate_init': 0.0011, 'max_iter': 250}",0.870574715,0.772623881,0.920552096,0.869156741,0.806243076,0.853284202,0.887247047,0.681426447,0.821589559,0.797821482,0.703096781,0.748861738,0.884435325,0.816685622,0.071026445,428,-7.26126694,-9.994087326,-5.571113793,-6.756374475,-8.414735319,-7.343666727,-7.60658433,-10.27069202,-8.983217777,-9.253855124,-10.7600822,-8.528510023,-8.036541974,-8.36774831,1.429396793,462
431,3.151668218,0.298227198,0.001753642,0.000646891,"(150, 100)",0.0009,400,"{'hidden_layer_sizes': (150, 100), 'learning_rate_init': 0.0009, 'max_iter': 400}",0.864386313,0.787799405,0.921890751,0.856074583,0.797000687,0.863073668,0.875713984,0.676763774,0.802676259,0.847770993,0.686835171,0.767774784,0.875906334,0.817205131,0.070846939,418,-7.432836824,-9.654816284,-5.523979231,-7.086091967,-8.613092834,-7.09443815,-7.986138805,-10.34558042,-9.447381767,-8.02978466,-11.0508231,-8.201086824,-8.327822789,-8.368759512,1.427943717,463
490,1.110406637,0.005455036,0.001466366,0.000504332,"(150, 150)",0.001,150,"{'hidden_layer_sizes': (150, 150), 'learning_rate_init': 0.001, 'max_iter': 150}",0.881995049,0.780048145,0.921183905,0.857214291,0.756556102,0.802780608,0.915859937,0.690635745,0.858782971,0.757993178,0.680398869,0.819897503,0.873536475,0.815144829,0.07580626,465,-6.933506899,-9.82957023,-5.54891745,-7.05797974,-9.432162852,-8.514307425,-6.570934511,-10.12115122,-7.992181368,-10.12439303,-11.16380622,-7.222317702,-8.406966337,-8.378322691,1.609337635,464
205,1.690092344,0.011024126,0.001293934,0.000435369,"(100, 50)",0.0009,300,"{'hidden_layer_sizes': (100, 50), 'learning_rate_init': 0.0009, 'max_iter': 300}",0.890527232,0.778142821,0.906412887,0.839702571,0.801248962,0.812675315,0.924565364,0.700905177,0.832761248,0.776392307,0.662989586,0.769731833,0.891278464,0.81441029,0.075458757,481,-6.678145647,-9.872052551,-6.046566487,-7.478273004,-8.522490914,-8.297973131,-6.221729446,-9.951746281,-8.697416231,-9.731920701,-11.46383157,-8.166456886,-7.794970135,-8.378736383,1.528256988,465
434,1.118000507,0.061062551,0.001753367,0.000554097,"(150, 100)",0.001,150,"{'hidden_layer_sizes': (150, 100), 'learning_rate_init': 0.001, 'max_iter': 150}",0.888582668,0.80195419,0.905084562,0.839731539,0.778789265,0.788195606,0.92812443,0.716731008,0.847879148,0.720793747,0.660455849,0.806359912,0.897733972,0.813878146,0.078219639,488,-6.737196513,-9.32724844,-6.089326126,-7.477597243,-8.991143794,-8.823522584,-6.073183053,-9.684882714,-8.29499578,-10.87471192,-11.50684499,-7.488836646,-7.560009858,-8.379192282,1.634400694,466
626,1.179949687,0.033221783,0.003605696,0.00658307,"(200, 100)",0.0006,150,"{'hidden_layer_sizes': (200, 100), 'learning_rate_init': 0.0006, 'max_iter': 150}",0.892437385,0.786847209,0.867099981,0.838727226,0.764234567,0.797796341,0.932003282,0.70175653,0.876667085,0.727185347,0.739605632,0.778093422,0.889004721,0.814727594,0.069884436,474,-6.619626904,-9.676453801,-7.205486823,-7.500989626,-9.28222112,-8.621225875,-5.907037056,-9.937572704,-7.468979942,-10.74951915,-10.07682995,-8.016814043,-7.876058268,-8.379908867,1.415716435,467
435,1.63846247,0.166138524,0.001662878,0.000460549,"(150, 100)",0.001,200,"{'hidden_layer_sizes': (150, 100), 'learning_rate_init': 0.001, 'max_iter': 200}",0.878890231,0.793695431,0.922797904,0.86387644,0.777208875,0.790739402,0.916706373,0.699595478,0.835665323,0.760259679,0.649118454,0.804044638,0.891688592,0.814175909,0.079011612,486,-7.024128124,-9.519741129,-5.491808086,-6.891356001,-9.023204232,-8.770376763,-6.537799664,-9.973511214,-8.62157088,-10.07687177,-11.69737465,-7.533474062,-7.780253852,-8.38011311,1.645815299,468
689,0.836832542,0.005468997,0.001419214,0.000505066,"(200, 150)",0.0007,100,"{'hidden_layer_sizes': (200, 150), 'learning_rate_init': 0.0007, 'max_iter': 100}",0.897503551,0.779212121,0.875168681,0.840698324,0.757548713,0.797867015,0.929682926,0.708167878,0.875219685,0.739724641,0.737770983,0.779774468,0.878957719,0.81517667,0.068565455,464,-6.461855559,-9.848233324,-6.983330349,-7.455009647,-9.412913998,-8.619719106,-6.006979051,-9.830178272,-7.512679017,-10.49957495,-10.11226657,-7.986390767,-8.224797535,-8.381071396,1.412158597,469
26,0.382513835,0.035383216,0.001586144,0.002461112,"(50,)",0.0008,150,"{'hidden_layer_sizes': (50,), 'learning_rate_init': 0.0008, 'max_iter': 150}",0.87841646,0.807060113,0.898188529,0.863440816,0.751537534,0.819571625,0.924065601,0.693279319,0.838446257,0.745421062,0.691090499,0.819378475,0.874332827,0.815709932,0.072530455,455,-7.037853601,-9.206227977,-6.306656281,-6.902374105,-9.528888385,-8.143796966,-6.242305238,-10.0778149,-8.548310887,-10.38404176,-10.97548623,-7.232717036,-8.380454833,-8.3820714,1.516358394,470
670,2.585927156,0.052937083,0.001470841,0.000509284,"(200, 100)",0.0011,350,"{'hidden_layer_sizes': (200, 100), 'learning_rate_init': 0.0011, 'max_iter': 350}",0.873384045,0.770993776,0.928974574,0.854253474,0.805518127,0.871519492,0.882242031,0.660461875,0.824733086,0.808133574,0.707600905,0.729483,0.878566577,0.815066503,0.075749801,470,-7.18202736,-10.02984817,-5.267538647,-7.130781725,-8.430462639,-6.872158089,-7.773576459,-10.6032529,-8.903725568,-9.014770704,-10.67815322,-8.851441496,-8.23807584,-8.382754831,1.498534348,471
43,0.512867249,0.006143125,0.000948172,0.000493725,"(50,)",0.001,200,"{'hidden_layer_sizes': (50,), 'learning_rate_init': 0.001, 'max_iter': 200}",0.86832828,0.817790918,0.904518749,0.873522263,0.757784544,0.834856125,0.912359003,0.681406172,0.844097155,0.743198292,0.686297781,0.813113151,0.869327099,0.815892272,0.073795534,449,-7.324012743,-8.946552715,-6.10744912,-6.642706738,-9.408334945,-7.791225143,-6.706244371,-10.27101884,-8.397476864,-10.42927562,-11.06030062,-7.357090402,-8.545735241,-8.383647952,1.515504279,472
36,0.660055986,0.068997113,0.000824011,0.000378705,"(50,)",0.0009,250,"{'hidden_layer_sizes': (50,), 'learning_rate_init': 0.0009, 'max_iter': 250}",0.875515005,0.813487679,0.908075544,0.870488295,0.761705524,0.832017736,0.908445277,0.684794988,0.840404828,0.743864692,0.677317285,0.816138204,0.873262686,0.815809057,0.074560829,452,-7.121333761,-9.051581763,-5.992614505,-6.721907747,-9.331873259,-7.857895237,-6.854347176,-10.21624748,-8.496335826,-10.41573486,-11.21749765,-7.297304537,-8.416061813,-8.383902739,1.537848018,473
109,1.227694658,0.013094932,0.001358784,0.001231507,"(50, 50)",0.0011,300,"{'hidden_layer_sizes': (50, 50), 'learning_rate_init': 0.0011, 'max_iter': 300}",0.879165325,0.79742485,0.913247422,0.826556912,0.774487777,0.799772322,0.9190737,0.696586706,0.835509798,0.765363884,0.712552991,0.770193645,0.899934801,0.814605395,0.069910739,476,-7.016146145,-9.433303346,-5.821595186,-7.778870391,-9.078140226,-8.578998155,-6.444223054,-10.02333279,-8.625649615,-9.969023557,-10.58734421,-8.158263695,-7.478219336,-8.384085361,1.391484508,474
35,0.687786616,0.093214299,0.001357445,0.000611946,"(50,)",0.0009,200,"{'hidden_layer_sizes': (50,), 'learning_rate_init': 0.0009, 'max_iter': 200}",0.873637998,0.823019088,0.903030032,0.872880195,0.752695378,0.832013305,0.915334938,0.682282891,0.841496127,0.743062513,0.671783375,0.813971803,0.871577941,0.815137353,0.076482425,466,-7.174821263,-8.817265724,-6.154877786,-6.659546336,-9.506659971,-7.857998877,-6.591402557,-10.25687702,-8.467237353,-10.43203241,-11.31327707,-7.340169869,-8.471815358,-8.387998584,1.56229096,475
476,2.264605522,0.10389517,0.00172538,0.000503437,"(150, 150)",0.0008,250,"{'hidden_layer_sizes': (150, 150), 'learning_rate_init': 0.0008, 'max_iter': 250}",0.880523734,0.758136505,0.926433618,0.872856554,0.753405599,0.834325767,0.899552428,0.68076725,0.83387919,0.790227881,0.688973406,0.812230838,0.870681788,0.815538043,0.074721894,461,-6.976597336,-10.30756015,-5.360934575,-6.660165563,-9.492999317,-7.803725829,-7.179520541,-10.28131266,-8.668297641,-9.426035556,-11.01303192,-7.374436753,-8.501322906,-8.388149288,1.605753842,476
735,5.17970076,0.102357081,0.002133296,0.000641106,"(200, 200)",0.0005,400,"{'hidden_layer_sizes': (200, 200), 'learning_rate_init': 0.0005, 'max_iter': 400}",0.89170196,0.770044798,0.924914936,0.872220183,0.725315225,0.849427493,0.890359742,0.659123205,0.834060795,0.795888118,0.708325188,0.805835524,0.869149336,0.815105116,0.077255305,467,-6.642218143,-10.050608,-5.41598666,-6.676812307,-10.01910986,-7.439561863,-7.500854571,-10.62413464,-8.663558208,-9.297995559,-10.66491993,-7.498969872,-8.551545928,-8.388175042,1.613070072,477
44,0.64035135,0.006126543,0.000584896,0.000512829,"(50,)",0.001,250,"{'hidden_layer_sizes': (50,), 'learning_rate_init': 0.001, 'max_iter': 250}",0.869755025,0.810843997,0.908990433,0.86916056,0.76099937,0.83632281,0.907795286,0.68339549,0.843864348,0.743432303,0.688528024,0.814517118,0.869386088,0.815922373,0.072844229,446,-7.284224555,-9.115505958,-5.962718838,-6.756275882,-9.345689904,-7.756550055,-6.878635301,-10.23890222,-8.40374443,-10.4245227,-11.02091429,-7.329403647,-8.543806144,-8.389299533,1.507336096,478
583,2.623469591,0.100277484,0.001276071,0.000539985,"(200, 50)",0.0007,400,"{'hidden_layer_sizes': (200, 50), 'learning_rate_init': 0.0007, 'max_iter': 400}",0.864737923,0.742989287,0.926087504,0.865703709,0.802063723,0.848262667,0.893925398,0.676129603,0.833258122,0.81931595,0.722736343,0.710276946,0.882568682,0.814465835,0.075320835,480,-7.42319488,-10.62542545,-5.373530775,-6.844946323,-8.505004405,-7.468282591,-7.377877261,-10.35572415,-8.684486406,-8.748127415,-10.39811485,-9.160269456,-8.101186585,-8.389705427,1.470049691,479
50,0.387332421,0.005219894,0.000909237,0.000587594,"(50,)",0.0011,150,"{'hidden_layer_sizes': (50,), 'learning_rate_init': 0.0011, 'max_iter': 150}",0.86970261,0.812321866,0.903529516,0.865810522,0.762889631,0.808665135,0.923134489,0.682784012,0.846825475,0.735706315,0.684794672,0.817183874,0.878015855,0.814720306,0.075231446,475,-7.285690108,-9.079826573,-6.139005684,-6.842223684,-9.308658914,-8.386322826,-6.280460379,-10.24878496,-8.323674069,-10.58031467,-11.08676676,-7.276524118,-8.256735274,-8.391922156,1.550163841,480
710,2.919531547,0.02211822,0.001477168,0.000500496,"(200, 150)",0.0009,350,"{'hidden_layer_sizes': (200, 150), 'learning_rate_init': 0.0009, 'max_iter': 350}",0.886778333,0.751753338,0.921220979,0.87161931,0.769490328,0.866258117,0.884636674,0.665344261,0.805250787,0.777254989,0.745412181,0.775692274,0.882871331,0.815660223,0.072373863,457,-6.791529772,-10.44269093,-5.54761221,-6.692492444,-9.178176821,-7.011456366,-7.694131531,-10.52674216,-9.385548351,-9.713129603,-9.963844627,-8.060070447,-8.090740482,-8.392166596,1.537179653,481
757,2.808600187,0.202600314,0.001722097,0.000596451,"(200, 200)",0.0008,300,"{'hidden_layer_sizes': (200, 200), 'learning_rate_init': 0.0008, 'max_iter': 300}",0.8954871,0.777278536,0.919857745,0.87689477,0.739115507,0.850352347,0.888589192,0.676545588,0.834366069,0.779298041,0.69941288,0.769844381,0.881412889,0.814496542,0.076347834,479,-6.525109238,-9.891263043,-5.595405772,-6.553545052,-9.764184494,-7.416678839,-7.561176626,-10.34907148,-8.655585491,-9.668481833,-10.82663062,-8.164460884,-8.140956063,-8.393273033,1.569653319,482
355,1.172781504,0.018195811,0.001599734,0.000512718,"(150, 50)",0.0007,200,"{'hidden_layer_sizes': (150, 50), 'learning_rate_init': 0.0007, 'max_iter': 200}",0.89341116,0.808131752,0.871509658,0.819181067,0.788061256,0.789988873,0.934811416,0.705565311,0.871612722,0.708730521,0.694105673,0.78997833,0.895822194,0.813146918,0.075097678,503,-6.589594722,-9.180625467,-7.084937936,-7.942550564,-8.800696061,-8.786090484,-5.783776414,-9.873913877,-7.620488143,-11.10715113,-10.92179064,-7.799176981,-7.63034669,-8.393933778,1.529224865,483
598,2.346995445,0.106753527,0.000871787,0.000585751,"(200, 50)",0.0009,350,"{'hidden_layer_sizes': (200, 50), 'learning_rate_init': 0.0009, 'max_iter': 350}",0.872539387,0.739234602,0.928440657,0.861643171,0.808340884,0.851123833,0.894353659,0.66392388,0.822132996,0.811535121,0.71653,0.705488452,0.894807158,0.813084138,0.079729971,505,-7.205943273,-10.70275777,-5.28730031,-6.947656482,-8.369058122,-7.39753636,-7.362968632,-10.54905787,-8.969525954,-8.934503152,-10.51384785,-9.23565892,-7.667428952,-8.395634127,1.557601335,484
725,2.927860994,0.162967727,0.001726664,0.000528166,"(200, 150)",0.0011,300,"{'hidden_layer_sizes': (200, 150), 'learning_rate_init': 0.0011, 'max_iter': 300}",0.890307295,0.782330826,0.924985712,0.873004646,0.789445263,0.801138037,0.887635379,0.665142384,0.802663646,0.756116946,0.754189558,0.799999153,0.878277872,0.81578744,0.069235731,454,-6.684850677,-9.778431098,-5.413433468,-6.656285685,-8.771913739,-8.549690227,-7.593474122,-10.52991675,-9.447683697,-10.16356347,-9.790577283,-7.610840835,-8.247862945,-8.402963384,1.491952546,485
220,1.326995648,0.090110729,0.001306882,0.000708582,"(100, 50)",0.0011,250,"{'hidden_layer_sizes': (100, 50), 'learning_rate_init': 0.0011, 'max_iter': 250}",0.89083017,0.798431197,0.902881272,0.812228723,0.800629286,0.806870931,0.930055017,0.698660137,0.829165717,0.765133067,0.657428264,0.775414888,0.897127303,0.812681228,0.076740806,520,-6.668899218,-9.409842912,-6.159597022,-8.093802767,-8.5357665,-8.4255516,-5.991064653,-9.989025933,-8.790413613,-9.973925723,-11.55803221,-8.065052582,-7.582400666,-8.403336569,1.54073058,486
187,1.080770749,0.086472981,0.000966934,0.000608748,"(100, 50)",0.0007,200,"{'hidden_layer_sizes': (100, 50), 'learning_rate_init': 0.0007, 'max_iter': 200}",0.8973386,0.807143673,0.864826793,0.826241323,0.801592266,0.781050936,0.933764448,0.690061633,0.883247519,0.699575767,0.683321308,0.771003894,0.904837304,0.811077343,0.081156762,547,-6.467053124,-9.204234197,-7.266848666,-7.785944212,-8.515127256,-8.971107585,-5.830036849,-10.13053818,-7.266994884,-11.28035251,-11.11264798,-8.143868842,-7.292728342,-8.405190972,1.622271853,487
234,1.001344993,0.073793554,0.001425065,0.000618089,"(100, 100)",0.0006,150,"{'hidden_layer_sizes': (100, 100), 'learning_rate_init': 0.0006, 'max_iter': 150}",0.887103532,0.771772589,0.871662167,0.843537888,0.768403583,0.790318803,0.930194501,0.690221759,0.879198609,0.737232639,0.74071786,0.768799219,0.892668235,0.813217799,0.071535331,501,-6.781769338,-10.01277869,-7.080732027,-7.388267835,-9.199786779,-8.779186242,-5.985088001,-10.12792092,-7.391928603,-10.54971921,-10.05528622,-8.18297775,-7.744988952,-8.406186967,1.426072091,488
37,0.929580578,0.125302974,0.001349523,0.001325093,"(50,)",0.0009,300,"{'hidden_layer_sizes': (50,), 'learning_rate_init': 0.0009, 'max_iter': 300}",0.872311145,0.80286107,0.90654236,0.869414084,0.765030748,0.84217533,0.905626118,0.676473442,0.842520243,0.750452895,0.678158596,0.809660993,0.87208395,0.814870075,0.074599994,471,-7.212392168,-9.305868542,-6.042382474,-6.749726979,-9.266534793,-7.616614305,-6.95907683,-10.3502256,-8.439839021,-10.28090769,-11.20286476,-7.424729247,-8.455108546,-8.408174688,1.521784372,489
268,2.084671534,0.077488647,0.002299951,0.001981152,"(100, 100)",0.001,250,"{'hidden_layer_sizes': (100, 100), 'learning_rate_init': 0.001, 'max_iter': 250}",0.877892034,0.808566556,0.910454108,0.851652902,0.783483182,0.853582098,0.921191136,0.664612552,0.792981566,0.762912925,0.678199805,0.768347991,0.891860353,0.812749016,0.078816618,517,-7.053015468,-9.170217183,-5.914576331,-7.194118117,-8.895239841,-7.336207539,-6.359357733,-10.53824399,-9.676678332,-10.02095544,-11.20214752,-8.190959104,-7.774082417,-8.409676847,1.58589934,490
443,1.67666637,0.174019098,0.002055883,0.000628436,"(150, 100)",0.0011,200,"{'hidden_layer_sizes': (150, 100), 'learning_rate_init': 0.0011, 'max_iter': 200}",0.875962422,0.819016215,0.918869364,0.851940988,0.772593408,0.798590004,0.915435307,0.697309343,0.82511645,0.756769088,0.656377335,0.795279226,0.88956033,0.813293806,0.076689492,497,-7.108524675,-8.916420638,-5.629803635,-7.187129348,-9.116190005,-8.60428979,-6.587494403,-10.01138942,-8.893982608,-10.14996572,-11.57574729,-7.700123291,-7.856320935,-8.410567827,1.561355154,491
444,1.963612006,0.157653521,0.001495526,0.000442404,"(150, 100)",0.0011,250,"{'hidden_layer_sizes': (150, 100), 'learning_rate_init': 0.0011, 'max_iter': 250}",0.874715724,0.808066905,0.921838789,0.848889431,0.80635772,0.799586021,0.898360367,0.68639543,0.82430005,0.788512813,0.647824353,0.79888635,0.882315443,0.814311492,0.075191058,482,-7.144159157,-9.182176748,-5.525816328,-7.260816431,-8.412245491,-8.582988367,-7.221996364,-10.19027814,-8.91471809,-9.464490117,-11.71892559,-7.631984788,-8.109916929,-8.412347119,1.505359284,492
45,0.770994278,0.009540525,0.001191744,0.000506559,"(50,)",0.001,300,"{'hidden_layer_sizes': (50,), 'learning_rate_init': 0.001, 'max_iter': 300}",0.866867482,0.803852862,0.907900618,0.868368958,0.761343243,0.84500303,0.907186722,0.67408032,0.846475838,0.749684555,0.686935468,0.808832502,0.866068864,0.81481542,0.073762731,473,-7.36452786,-9.282430424,-5.998313568,-6.776683395,-9.338964227,-7.548073537,-6.90129795,-10.38843531,-8.333168501,-10.29672266,-11.04905333,-7.440870572,-8.651620132,-8.413089344,1.510529132,493
695,3.327422601,0.020585598,0.001398894,0.000495678,"(200, 150)",0.0007,400,"{'hidden_layer_sizes': (200, 150), 'learning_rate_init': 0.0007, 'max_iter': 400}",0.885284198,0.726235215,0.916890041,0.878346927,0.750437813,0.854825314,0.880727918,0.662246305,0.817678893,0.800905664,0.743497711,0.786312358,0.886046935,0.814571946,0.074321713,477,-6.836195283,-10.96628445,-5.698064224,-6.514777368,-9.54995302,-7.304995728,-7.823392545,-10.5753537,-9.081137887,-9.183001254,-10.00123791,-7.866950631,-7.980308334,-8.413973256,1.558367875,494
442,1.198823892,0.061236888,0.001602283,0.000549007,"(150, 100)",0.0011,150,"{'hidden_layer_sizes': (150, 100), 'learning_rate_init': 0.0011, 'max_iter': 150}",0.887284473,0.813579782,0.906670825,0.831083647,0.776965022,0.785608443,0.928085018,0.71609342,0.835253378,0.723257254,0.652748639,0.805754821,0.897192967,0.812275207,0.078773099,525,-6.776332537,-9.049346565,-6.038228183,-7.676687909,-9.028140992,-8.877248109,-6.074847891,-9.695776058,-8.632370159,-10.82663048,-11.63670739,-7.500528165,-7.579980339,-8.414832675,1.635289109,495
662,2.59547914,0.011638663,0.001862361,0.000358096,"(200, 100)",0.001,350,"{'hidden_layer_sizes': (200, 100), 'learning_rate_init': 0.001, 'max_iter': 350}",0.878771776,0.762743803,0.931164054,0.85059476,0.795955607,0.872265119,0.882930564,0.662775575,0.818359887,0.810793032,0.683563477,0.733127559,0.884403189,0.812880646,0.079301517,513,-7.027562367,-10.20891289,-5.185712666,-7.219729926,-8.635235306,-6.852188034,-7.750817004,-10.5670645,-9.06416237,-8.952075875,-11.10839817,-8.791613471,-8.037659301,-8.415471683,1.588709107,496
655,3.172060948,0.102863549,0.00156542,0.000506293,"(200, 100)",0.0009,400,"{'hidden_layer_sizes': (200, 100), 'learning_rate_init': 0.0009, 'max_iter': 400}",0.876889995,0.729873772,0.933939861,0.850127511,0.793132274,0.87286341,0.883270718,0.668778772,0.801875616,0.833657657,0.702508771,0.735705247,0.885702809,0.812948186,0.078804451,510,-7.081895445,-10.89316526,-5.080079975,-7.231010584,-8.694772313,-6.836121894,-7.739548543,-10.47258584,-9.466528781,-8.393760985,-10.77073198,-8.749051899,-7.992349115,-8.415507893,1.632574046,497
498,1.158560404,0.041208828,0.001551298,0.000504705,"(150, 150)",0.0011,150,"{'hidden_layer_sizes': (150, 150), 'learning_rate_init': 0.0011, 'max_iter': 150}",0.880108391,0.788602247,0.92226802,0.859539674,0.755718777,0.800867288,0.913414493,0.683518779,0.857580303,0.758141273,0.667431157,0.815875527,0.868789728,0.813219666,0.077850119,500,-6.988713405,-9.63653491,-5.510622626,-7.00027132,-9.448369887,-8.555508431,-6.665739271,-10.23690845,-8.026141727,-10.12129476,-11.38803821,-7.302515386,-8.563288684,-8.418765159,1.631214782,498
40,0.13193567,0.002935981,0.001001486,0.000391564,"(50,)",0.001,50,"{'hidden_layer_sizes': (50,), 'learning_rate_init': 0.001, 'max_iter': 50}",0.877858086,0.812498658,0.872360275,0.83793961,0.7749236,0.791305755,0.935244231,0.692017138,0.877278979,0.721074915,0.716782112,0.784279841,0.875823158,0.81302972,0.07150303,506,-7.0539958,-9.075548993,-7.061447526,-7.519283798,-9.069363811,-8.758500433,-5.764543957,-10.09852912,-7.450428914,-10.869235,-10.50917142,-7.904275834,-8.330613243,-8.420379834,1.439424193,499
470,3.364278812,0.131405073,0.001977517,0.000469325,"(150, 150)",0.0007,350,"{'hidden_layer_sizes': (150, 150), 'learning_rate_init': 0.0007, 'max_iter': 350}",0.877409266,0.754084547,0.926203954,0.871605007,0.760924602,0.852511825,0.877571823,0.671100584,0.83321669,0.806682899,0.71891321,0.758491795,0.876371366,0.814237505,0.072703493,484,-7.066944159,-10.39354319,-5.369296067,-6.692865232,-9.347151634,-7.362971504,-7.926225287,-10.43581564,-8.685565295,-9.04878622,-10.46955817,-8.363396114,-8.312204161,-8.421101744,1.49308821,500
206,1.981832174,0.023875121,0.001377949,0.000547686,"(100, 50)",0.0009,350,"{'hidden_layer_sizes': (100, 50), 'learning_rate_init': 0.0009, 'max_iter': 350}",0.887746398,0.766802457,0.910918895,0.850657203,0.792165238,0.813868575,0.918716332,0.695359764,0.83462572,0.782458229,0.673465939,0.73838003,0.891785415,0.812073092,0.076867398,526,-6.762433082,-10.12121617,-5.899206594,-7.218221043,-8.715071179,-8.271501828,-6.458436114,-10.04357851,-8.648798484,-9.599011709,-11.28424172,-8.704667116,-7.77677556,-8.423319931,1.523511205,501
254,2.170951275,0.073954621,0.001394565,0.00052669,"(100, 100)",0.0008,350,"{'hidden_layer_sizes': (100, 100), 'learning_rate_init': 0.0008, 'max_iter': 350}",0.866482322,0.765389009,0.931126272,0.839722906,0.77261885,0.863837846,0.893636869,0.679176858,0.824687933,0.783695753,0.726672207,0.709737357,0.899922479,0.812054359,0.075993956,527,-7.375173174,-10.151843,-5.187135622,-7.477798642,-9.115680051,-7.074613603,-7.387904591,-10.30689119,-8.904872398,-9.571669939,-10.32404843,-9.168795669,-7.478679741,-8.425008158,1.493138444,502
1,0.357310992,0.014640123,0.001421708,0.001699115,"(50,)",0.0005,100,"{'hidden_layer_sizes': (50,), 'learning_rate_init': 0.0005, 'max_iter': 100}",0.890198401,0.770554885,0.886404785,0.847455966,0.742129927,0.828227595,0.927632666,0.701486184,0.860523887,0.750747504,0.6651866,0.822706326,0.875338972,0.812968746,0.077026531,509,-6.688167918,-10.03945468,-6.661634873,-7.295173924,-9.707609889,-7.946048609,-6.093923652,-9.942075691,-7.942764994,-10.2748372,-11.42640338,-7.165777873,-8.346838667,-8.425439334,1.614204944,503
27,0.50758747,0.020828476,0.000890402,0.000388312,"(50,)",0.0008,200,"{'hidden_layer_sizes': (50,), 'learning_rate_init': 0.0008, 'max_iter': 200}",0.875866204,0.810991085,0.903199408,0.864202913,0.751816438,0.832820626,0.915171037,0.68098961,0.829796779,0.749638518,0.688512239,0.812848504,0.868108296,0.814150897,0.073132943,487,-7.111281243,-9.111961155,-6.149500096,-6.883087084,-9.523538687,-7.839093903,-6.597779544,-10.27773134,-8.774162698,-10.29766948,-11.02119356,-7.362297675,-8.585496338,-8.425753293,1.508914627,504
17,0.24274263,0.006232752,0.000906082,0.000416152,"(50,)",0.0007,100,"{'hidden_layer_sizes': (50,), 'learning_rate_init': 0.0007, 'max_iter': 100}",0.880665251,0.796340568,0.886083882,0.849151884,0.749000823,0.826203379,0.9278526,0.695984889,0.851915839,0.741313957,0.671113081,0.820108273,0.875492371,0.813171292,0.075140324,502,-6.972464295,-9.45851549,-6.671037692,-7.254508297,-9.577408094,-7.992730741,-6.084656452,-10.03326845,-8.18419747,-10.46746916,-11.32482334,-7.218090408,-8.341701571,-8.429297805,1.551799355,505
3,0.678671158,0.044001619,0.000767818,0.000704418,"(50,)",0.0005,200,"{'hidden_layer_sizes': (50,), 'learning_rate_init': 0.0005, 'max_iter': 200}",0.882618764,0.805662253,0.892016627,0.856109364,0.733142536,0.83465581,0.921355466,0.689443416,0.842009724,0.764536933,0.658342174,0.823430015,0.869079601,0.813261745,0.077070436,498,-6.915159084,-9.239517599,-6.495001442,-7.085235722,-9.875327824,-7.795948973,-6.352724078,-10.14063655,-8.453508114,-9.986575488,-11.5426047,-7.151138042,-8.553824344,-8.429784766,1.568870874,506
750,3.522069326,0.157949379,0.001552875,0.000637284,"(200, 200)",0.0007,350,"{'hidden_layer_sizes': (200, 200), 'learning_rate_init': 0.0007, 'max_iter': 350}",0.890095344,0.768892826,0.913681604,0.873754001,0.72995969,0.866897318,0.888429413,0.65064306,0.838615723,0.787809944,0.709331679,0.780248078,0.87090134,0.813020001,0.078461175,507,-6.691305876,-10.07575107,-5.807008862,-6.636618437,-9.934045466,-6.994681159,-7.56659659,-10.75547351,-8.543826214,-9.480204481,-10.64650316,-7.977798506,-8.49410322,-8.431070503,1.582130789,507
99,0.761624721,0.029643235,0.001141566,0.002838919,"(50, 50)",0.001,200,"{'hidden_layer_sizes': (50, 50), 'learning_rate_init': 0.001, 'max_iter': 200}",0.900732419,0.806773325,0.856902613,0.809108476,0.800913303,0.769319595,0.942004918,0.667574348,0.881396044,0.701142031,0.694502276,0.789139394,0.90170332,0.809324005,0.082749465,571,-6.359259615,-9.213067563,-7.476815405,-8.160774154,-8.529684443,-9.208308726,-5.455333471,-10.49160935,-7.324388685,-11.25090899,-10.91470809,-7.814738449,-7.41184094,-8.431649068,1.672529568,508
261,2.225516466,0.064923332,0.001910778,0.001124985,"(100, 100)",0.0009,300,"{'hidden_layer_sizes': (100, 100), 'learning_rate_init': 0.0009, 'max_iter': 300}",0.86631476,0.769794005,0.922033221,0.846734463,0.779824852,0.845523456,0.915127436,0.662522238,0.798875586,0.784745038,0.725176909,0.738966031,0.897699772,0.811795213,0.075607469,531,-7.379799564,-10.05608719,-5.518939105,-7.312405928,-8.970073304,-7.53539099,-6.599474925,-10.57103296,-9.537931338,-9.548425786,-10.35224987,-8.694912894,-7.561273852,-8.433692132,1.506277649,509
605,2.063425559,0.081553904,0.001978874,0.004765838,"(200, 50)",0.001,300,"{'hidden_layer_sizes': (200, 50), 'learning_rate_init': 0.001, 'max_iter': 300}",0.872886608,0.735686983,0.921928375,0.862416293,0.800742435,0.852328642,0.910741742,0.676941772,0.814480461,0.79198883,0.690886169,0.697841103,0.903810368,0.810206137,0.083387611,558,-7.196121547,-10.7753154,-5.522648691,-6.928217927,-8.533344004,-7.36754256,-6.767837538,-10.34273151,-9.160446093,-9.386388382,-10.97911553,-9.354798025,-7.331971998,-8.434344554,1.647812414,510
2,0.526601663,0.018317462,0.001839491,0.001745384,"(50,)",0.0005,150,"{'hidden_layer_sizes': (50,), 'learning_rate_init': 0.0005, 'max_iter': 150}",0.885295526,0.790168094,0.889028981,0.854615919,0.735816489,0.823877499,0.924859685,0.696069601,0.848807089,0.76029815,0.660234604,0.827486387,0.871543641,0.812930897,0.076738919,511,-6.835857735,-9.600779113,-6.584239103,-7.121909724,-9.825727102,-8.046035429,-6.209580004,-10.0318705,-8.269657257,-10.07606323,-11.51059329,-7.068518637,-8.472946615,-8.43490598,1.586048203,511
68,1.112452489,0.073693174,0.001752523,0.002375995,"(50, 50)",0.0006,250,"{'hidden_layer_sizes': (50, 50), 'learning_rate_init': 0.0006, 'max_iter': 250}",0.895472297,0.796543668,0.864525027,0.82390815,0.786434658,0.766654124,0.935071067,0.693848732,0.882317768,0.727616496,0.699949824,0.766751562,0.897898641,0.810537847,0.076430894,553,-6.525571321,-9.45379804,-7.274955527,-7.838043409,-8.834403504,-9.261356113,-5.772246299,-10.06845604,-7.295872646,-10.74102165,-10.8169564,-8.21913462,-7.55392081,-8.435056645,1.521606257,512
51,0.513254514,0.00734937,0.000739721,0.000510441,"(50,)",0.0011,200,"{'hidden_layer_sizes': (50,), 'learning_rate_init': 0.0011, 'max_iter': 200}",0.868637803,0.811000272,0.907047094,0.865371639,0.763042511,0.822463777,0.913334034,0.679437578,0.841111442,0.739505391,0.676809531,0.816724591,0.868984795,0.813343881,0.074968993,496,-7.315399337,-9.111739697,-6.02604393,-6.853403725,-9.305657495,-8.078263353,-6.668835606,-10.30270233,-8.47750604,-10.50399633,-11.22631977,-7.285658654,-8.556920904,-8.439419013,1.542190439,513
52,0.693839147,0.070647185,0.000893171,0.000871549,"(50,)",0.0011,250,"{'hidden_layer_sizes': (50,), 'learning_rate_init': 0.0011, 'max_iter': 250}",0.87055801,0.803569648,0.910490903,0.861717113,0.768678595,0.826847614,0.908380244,0.685214868,0.840339785,0.739913223,0.674399031,0.817663163,0.869626255,0.813646035,0.074102053,490,-7.26173551,-9.289129412,-5.913361023,-6.945799717,-9.194322951,-7.977903142,-6.856781115,-10.20944074,-8.498066981,-10.49577055,-11.26810747,-7.266979423,-8.535947541,-8.439488121,1.538201801,514
465,0.935727083,0.061401357,0.002011244,0.000588835,"(150, 150)",0.0007,100,"{'hidden_layer_sizes': (150, 150), 'learning_rate_init': 0.0007, 'max_iter': 100}",0.888477713,0.790347728,0.878144642,0.836352603,0.754722967,0.794167618,0.927155185,0.704685885,0.879909273,0.73720483,0.724256599,0.748022056,0.887737388,0.811629576,0.072001041,538,-6.740368973,-9.596668694,-6.899587417,-7.556011099,-9.467608395,-8.698239648,-6.113994513,-9.888648724,-7.370153482,-10.55027745,-10.36956885,-8.542755678,-7.920894673,-8.439598277,1.403665318,515
11,0.538902008,0.033571449,0.00116163,0.000527729,"(50,)",0.0006,200,"{'hidden_layer_sizes': (50,), 'learning_rate_init': 0.0006, 'max_iter': 200}",0.877356335,0.807985186,0.89077744,0.859287086,0.742808705,0.843331305,0.915859976,0.685129668,0.835816611,0.75224387,0.661040218,0.825353972,0.873526233,0.813116662,0.076588843,504,-7.068469626,-9.184131286,-6.532162533,-7.006562751,-9.694825056,-7.588669387,-6.570932986,-10.21082229,-8.617601414,-10.24394872,-11.49693886,-7.112070914,-8.407306751,-8.441110967,1.555463888,516
10,0.380414027,0.02352867,0.000964128,0.000636055,"(50,)",0.0006,150,"{'hidden_layer_sizes': (50,), 'learning_rate_init': 0.0006, 'max_iter': 150}",0.879951659,0.796588571,0.887153935,0.85587013,0.744378728,0.828974823,0.921754599,0.692746498,0.842219843,0.747931332,0.662195077,0.829837313,0.877814019,0.812878194,0.076286439,514,-6.993280024,-9.452754756,-6.639632114,-7.091123249,-9.665188749,-7.928746698,-6.336583069,-10.08656444,-8.447884885,-10.33271914,-11.47733672,-7.020190374,-8.263563269,-8.441197499,1.567268606,517
28,0.616065906,0.028132986,0.000734879,0.00041932,"(50,)",0.0008,250,"{'hidden_layer_sizes': (50,), 'learning_rate_init': 0.0008, 'max_iter': 250}",0.877395198,0.802559107,0.908709898,0.863057384,0.75741224,0.832049662,0.908977213,0.68081609,0.827761163,0.747113675,0.689335817,0.810683745,0.869991607,0.813527908,0.072938591,492,-7.067349637,-9.312992841,-5.971901732,-6.912057569,-9.415562829,-7.857148485,-6.834406164,-10.28052616,-8.826475855,-10.34946414,-11.00661382,-7.404754666,-8.523978819,-8.443325594,1.513805049,518
726,3.914484941,0.423181217,0.001994628,0.000514792,"(200, 150)",0.0011,350,"{'hidden_layer_sizes': (200, 150), 'learning_rate_init': 0.0011, 'max_iter': 350}",0.871293714,0.782330826,0.920429697,0.871654762,0.790920581,0.874586874,0.880074484,0.621325236,0.791719086,0.756765343,0.738987999,0.773108079,0.88962002,0.812524362,0.079125491,522,-7.241069514,-9.778431098,-5.575403605,-6.691568327,-8.741128138,-6.789628546,-7.844793551,-11.19767939,-9.706139597,-10.15004385,-10.08877355,-8.106366547,-7.854197571,-8.443478714,1.592418588,519
591,2.616548245,0.075395518,0.00023686,0.000593653,"(200, 50)",0.0008,400,"{'hidden_layer_sizes': (200, 50), 'learning_rate_init': 0.0008, 'max_iter': 400}",0.872405346,0.737365841,0.922932701,0.85698433,0.800137817,0.857786154,0.888893524,0.668693252,0.824388065,0.813698681,0.71954388,0.704037002,0.886864543,0.811825472,0.077558928,528,-7.209731239,-10.74103968,-5.487011571,-7.063661008,-8.546280797,-7.230119239,-7.550842449,-10.47393774,-8.91248496,-8.883071456,-10.45780639,-9.25838914,-7.951627638,-8.443538716,1.499348782,520
9,0.283417922,0.071910604,0.001646739,0.001950118,"(50,)",0.0006,100,"{'hidden_layer_sizes': (50,), 'learning_rate_init': 0.0006, 'max_iter': 100}",0.883988499,0.782020886,0.883651852,0.845996356,0.748890418,0.826684269,0.926511296,0.700231169,0.855266883,0.739825063,0.666509035,0.822616784,0.878898603,0.812391624,0.075960211,523,-6.874693798,-9.785390388,-6.741872648,-7.329992582,-9.579514214,-7.98166526,-6.140956434,-9.962953055,-8.091066185,-10.49754924,-11.40381524,-7.167587185,-8.226805743,-8.44491246,1.576100333,521
4,0.834395996,0.010458209,0.001579615,0.001640191,"(50,)",0.0005,250,"{'hidden_layer_sizes': (50,), 'learning_rate_init': 0.0005, 'max_iter': 250}",0.88195781,0.806165737,0.894433838,0.857150652,0.731852718,0.826885575,0.918383636,0.686398124,0.839685792,0.763448862,0.667122388,0.822235516,0.86983653,0.812735168,0.075984093,519,-6.934600823,-9.227541122,-6.421894602,-7.059552424,-9.899164561,-7.977028573,-6.47163987,-10.19023438,-8.515453902,-10.0096228,-11.39332352,-7.175286051,-8.529061114,-8.446492595,1.542837357,522
38,0.994394632,0.067430023,0.000795163,0.000443748,"(50,)",0.0009,350,"{'hidden_layer_sizes': (50,), 'learning_rate_init': 0.0009, 'max_iter': 350}",0.872812002,0.801530566,0.906380814,0.865712097,0.771611173,0.840424578,0.898362377,0.679576352,0.837924868,0.754774513,0.67519539,0.804724106,0.869557048,0.813737376,0.072866053,489,-7.198233031,-9.337218706,-6.047602476,-6.84473254,-9.135856534,-7.658743409,-7.221924968,-10.30047204,-8.56209391,-10.19149731,-11.25431919,-7.520401701,-8.538212819,-8.447023741,1.480976281,523
32,0.144983934,0.006015758,0.00082977,0.000382238,"(50,)",0.0009,50,"{'hidden_layer_sizes': (50,), 'learning_rate_init': 0.0009, 'max_iter': 50}",0.884576363,0.810905408,0.869018255,0.830053408,0.760773065,0.798151121,0.935730762,0.695639972,0.879134238,0.721119762,0.703776353,0.785971822,0.874589461,0.811495384,0.073159814,541,-6.857253655,-9.11402614,-7.153295942,-7.70006279,-9.350113481,-8.613659294,-5.742847678,-10.0389584,-7.393897801,-10.86836116,-10.74776095,-7.873216582,-8.371893285,-8.448103627,1.480497082,524
18,0.366716495,0.011642338,0.000840095,0.000518426,"(50,)",0.0007,150,"{'hidden_layer_sizes': (50,), 'learning_rate_init': 0.0007, 'max_iter': 150}",0.875643206,0.806836183,0.890123603,0.857728136,0.743811325,0.829161386,0.921549982,0.691778482,0.836913659,0.746453544,0.666106542,0.827531305,0.872430659,0.812774462,0.075323569,516,-7.117665857,-9.211568903,-6.551685048,-7.045268478,-9.675909728,-7.924420961,-6.344862957,-10.10244105,-8.588762434,-10.36296338,-11.41069484,-7.067598345,-8.443642214,-8.449806477,1.549905587,525
53,0.761412492,0.055949076,0.001499635,0.002516361,"(50,)",0.0011,300,"{'hidden_layer_sizes': (50,), 'learning_rate_init': 0.0011, 'max_iter': 300}",0.868080922,0.798079078,0.909829116,0.861733113,0.769353008,0.836547391,0.907483702,0.679326923,0.8445521,0.745412953,0.669987633,0.811215567,0.867015349,0.812970527,0.075038169,508,-7.330888945,-9.418058315,-5.935181029,-6.945397862,-9.180910234,-7.751226853,-6.890247845,-10.30448038,-8.385215446,-10.38420715,-11.34418352,-7.394346742,-8.620995651,-8.452718459,1.542658202,526
39,1.035737716,0.01549396,0.001021312,0.000371502,"(50,)",0.0009,400,"{'hidden_layer_sizes': (50,), 'learning_rate_init': 0.0009, 'max_iter': 400}",0.872373759,0.794085807,0.909272964,0.864579003,0.772646295,0.845307308,0.896081928,0.678288458,0.835590804,0.755875798,0.671732923,0.806996447,0.871450425,0.813406302,0.073753285,495,-7.210623606,-9.510730078,-5.953456288,-6.873549115,-9.115129892,-7.540661006,-7.302494868,-10.32115186,-8.623525433,-10.16858702,-11.31414656,-7.476517841,-8.476020309,-8.452814913,1.50898927,527
402,1.106427871,0.056511925,0.000296171,0.000695391,"(150, 100)",0.0006,150,"{'hidden_layer_sizes': (150, 100), 'learning_rate_init': 0.0006, 'max_iter': 150}",0.889531946,0.794560684,0.864255779,0.831606157,0.758548748,0.797915072,0.928114855,0.715143529,0.874495109,0.725835447,0.72124181,0.76575117,0.88643714,0.81180288,0.069390762,529,-6.708434565,-9.499756989,-7.282181222,-7.664805531,-9.393481302,-8.618694385,-6.073587554,-9.711982514,-7.534459823,-10.7760809,-10.42610162,-8.236741512,-7.96663329,-8.45330317,1.378593102,528
213,1.72309804,0.10342446,0.001231927,0.00054205,"(100, 50)",0.001,300,"{'hidden_layer_sizes': (100, 50), 'learning_rate_init': 0.001, 'max_iter': 300}",0.887436468,0.784899265,0.905801163,0.838265196,0.802511628,0.80903625,0.920538758,0.694421692,0.822928601,0.773929106,0.665325841,0.754800842,0.887443045,0.811333681,0.075272594,544,-6.771762106,-9.720568449,-6.066295717,-7.51172673,-8.495376063,-8.37818578,-6.385624775,-10.05903011,-8.949442954,-9.785375988,-11.42402714,-8.427062384,-7.931271812,-8.454288462,1.493523053,529
484,2.184177069,0.169811229,0.001811706,0.000311543,"(150, 150)",0.0009,250,"{'hidden_layer_sizes': (150, 150), 'learning_rate_init': 0.0009, 'max_iter': 250}",0.879470143,0.757543812,0.919136371,0.876884599,0.757434385,0.836148661,0.89178518,0.680325255,0.829028313,0.79271015,0.686186591,0.808762328,0.860755122,0.813551608,0.073021446,491,-7.007291067,-10.3201819,-5.620531964,-6.553815768,-9.415133075,-7.760675355,-7.451935592,-10.28842772,-8.79394801,-9.370099667,-11.06226057,-7.442236145,-8.821578056,-8.454470376,1.566602893,530
471,3.69917809,0.162941938,0.001772037,0.000424874,"(150, 150)",0.0007,400,"{'hidden_layer_sizes': (150, 150), 'learning_rate_init': 0.0007, 'max_iter': 400}",0.876742311,0.739617227,0.924598287,0.863807641,0.757766219,0.856727581,0.875522118,0.664713794,0.837940397,0.803866219,0.728233696,0.759521097,0.876678918,0.812748885,0.073458176,518,-7.086141952,-10.69490274,-5.427394783,-6.893097292,-9.40869083,-7.256978146,-7.992300732,-10.53665331,-8.561683714,-9.114469409,-10.29451617,-8.345554785,-8.301858575,-8.454941726,1.500116798,531
12,0.643510452,0.039339989,0.001206453,0.001014585,"(50,)",0.0006,250,"{'hidden_layer_sizes': (50,), 'learning_rate_init': 0.0006, 'max_iter': 250}",0.876820944,0.802928573,0.893739697,0.859889199,0.745796689,0.840689489,0.910989195,0.682798378,0.833243341,0.75087722,0.668700949,0.82632368,0.874310084,0.812854418,0.075323303,515,-7.083881261,-9.304275167,-6.44297331,-6.99155606,-9.638344511,-7.65238363,-6.758449679,-10.24855289,-8.684871328,-10.27216322,-11.3662769,-7.092298821,-8.381213139,-8.455172302,1.534816991,532
599,2.600143818,0.090479642,0.00271192,0.005538142,"(200, 50)",0.0009,400,"{'hidden_layer_sizes': (200, 50), 'learning_rate_init': 0.0009, 'max_iter': 400}",0.873688569,0.737990519,0.927490852,0.858704137,0.804627578,0.859413496,0.883541486,0.651483416,0.818143116,0.812863258,0.719859291,0.686210538,0.8962017,0.810016766,0.0829173,561,-7.173385414,-10.72825824,-5.322273727,-7.021061216,-8.449742491,-7.188633371,-7.730566906,-10.74252991,-9.069569402,-8.902966179,-10.45192411,-9.53313842,-7.616435836,-8.456191172,1.580489964,533
273,0.827450954,0.0145642,0.001126436,0.001004333,"(100, 100)",0.0011,100,"{'hidden_layer_sizes': (100, 100), 'learning_rate_init': 0.0011, 'max_iter': 100}",0.886852475,0.818426184,0.866304735,0.818935137,0.788232744,0.782542661,0.938185651,0.671888377,0.877150082,0.696238608,0.710552144,0.772511262,0.893431686,0.809327057,0.079257367,570,-6.789305721,-8.930943166,-7.227012743,-7.947950014,-8.797134836,-8.940494782,-5.632100161,-10.42331,-7.454340582,-11.34283145,-10.62412825,-8.117021059,-7.717394747,-8.45722827,1.560722583,534
276,2.128879749,0.113770661,0.001260959,0.001741939,"(100, 100)",0.0011,250,"{'hidden_layer_sizes': (100, 100), 'learning_rate_init': 0.0011, 'max_iter': 250}",0.889391501,0.812129044,0.902855484,0.850212596,0.783074463,0.852852054,0.917116462,0.666493565,0.803351334,0.762809594,0.680173649,0.757103434,0.871778338,0.811487809,0.07690549,542,-6.712697647,-9.084489735,-6.160414728,-7.228957715,-8.903631653,-7.354474062,-6.521685641,-10.50865069,-9.431207444,-10.02313894,-11.16773906,-8.387401041,-8.46520281,-8.457668551,1.527777783,535
717,2.754527771,0.173533435,0.001507942,0.000529747,"(200, 150)",0.001,300,"{'hidden_layer_sizes': (200, 150), 'learning_rate_init': 0.001, 'max_iter': 300}",0.891425812,0.747135885,0.922183752,0.876546378,0.779709589,0.835715626,0.855939967,0.663826416,0.802731676,0.776135884,0.755374248,0.807700568,0.874269241,0.814515003,0.068335185,478,-6.650681207,-10.53936186,-5.513608807,-6.56281187,-8.972420949,-7.770923755,-8.598000714,-10.5505874,-9.446055067,-9.737499173,-9.766955805,-7.462867348,-8.382574756,-8.458026824,1.527128655,536
46,0.892688916,0.007464823,0.001003467,0.001271269,"(50,)",0.001,350,"{'hidden_layer_sizes': (50,), 'learning_rate_init': 0.001, 'max_iter': 350}",0.867782663,0.806271264,0.907205623,0.865318417,0.765482905,0.841267428,0.900317145,0.678392692,0.839002297,0.754156288,0.682300369,0.80417164,0.862886873,0.813427354,0.071920911,494,-7.339171565,-9.225028949,-6.020903107,-6.854758256,-9.257614597,-7.638490542,-7.152139149,-10.31947971,-8.533587287,-10.20433583,-11.13054658,-7.531032381,-8.753791229,-8.458529168,1.466968608,537
47,1.041541778,0.049180795,0.00088611,0.000537785,"(50,)",0.001,400,"{'hidden_layer_sizes': (50,), 'learning_rate_init': 0.001, 'max_iter': 400}",0.867953756,0.801093128,0.908436463,0.86486929,0.766398956,0.845742031,0.899227896,0.675132751,0.840054109,0.75497329,0.677401024,0.807042559,0.863872655,0.813245993,0.073251618,499,-7.33442148,-9.347502925,-5.980838677,-6.866178136,-9.239516253,-7.530058037,-7.191109219,-10.37164904,-8.505666279,-10.1873659,-11.21604204,-7.475624653,-8.72226655,-8.459095322,1.496082962,538
24,0.14948623,0.014643013,0.001251606,0.001070719,"(50,)",0.0008,50,"{'hidden_layer_sizes': (50,), 'learning_rate_init': 0.0008, 'max_iter': 50}",0.888029603,0.794818314,0.863003537,0.830527413,0.753438256,0.806725244,0.934867604,0.70364238,0.877551259,0.728466599,0.707818253,0.785094702,0.874048657,0.811387063,0.071259622,543,-6.753897191,-9.493798547,-7.315693203,-7.689317019,-9.492370713,-8.428728911,-5.781283268,-9.906104294,-7.442159222,-10.72424731,-10.6741838,-7.88933292,-8.389924813,-8.460080093,1.457406064,539
48,0.131026525,0.003244775,0.001133369,0.001553822,"(50,)",0.0011,50,"{'hidden_layer_sizes': (50,), 'learning_rate_init': 0.0011, 'max_iter': 50}",0.878256026,0.806725352,0.873385771,0.831622258,0.777567113,0.783072962,0.9339832,0.691688967,0.876155383,0.71571738,0.717960528,0.777778028,0.878532646,0.810957355,0.072196982,549,-7.042495441,-9.214211155,-7.033023424,-7.664439093,-9.015946864,-8.929586773,-5.820401675,-10.10390794,-7.484458114,-10.97312549,-10.48728529,-8.022509141,-8.239226685,-8.463893622,1.442864235,540
681,0.834958462,0.004704483,0.001637752,0.000496399,"(200, 150)",0.0006,100,"{'hidden_layer_sizes': (200, 150), 'learning_rate_init': 0.0006, 'max_iter': 100}",0.895118604,0.776314786,0.871051552,0.835539719,0.754329665,0.795254024,0.926660984,0.71181067,0.874198296,0.740279933,0.735326139,0.758880192,0.875802079,0.81158205,0.068385842,540,-6.536602359,-9.912640452,-7.097556633,-7.574754304,-9.475196013,-8.675254138,-6.134699005,-9.768633039,-7.543363855,-10.48836867,-10.15929712,-8.356668345,-8.331320258,-8.465719554,1.373232002,541
703,3.342293391,0.051954403,0.00181222,0.000425597,"(200, 150)",0.0008,400,"{'hidden_layer_sizes': (200, 150), 'learning_rate_init': 0.0008, 'max_iter': 400}",0.882849233,0.744074577,0.920517094,0.870183365,0.757356619,0.854385353,0.878288354,0.663365579,0.809107696,0.786569216,0.743803218,0.774040549,0.879880599,0.812647804,0.072011017,521,-6.908367051,-10.60296749,-5.572340879,-6.729816311,-9.416642179,-7.316056494,-7.902996477,-10.55781645,-9.29214559,-9.507880645,-9.995280161,-8.089691818,-8.193382786,-8.468106487,1.509503407,542
95,1.580275224,0.059690825,0.000624528,0.002163429,"(50, 50)",0.0009,400,"{'hidden_layer_sizes': (50, 50), 'learning_rate_init': 0.0009, 'max_iter': 400}",0.881137709,0.795973011,0.912176571,0.824509225,0.766332048,0.825575466,0.901563432,0.679371931,0.823943154,0.772074516,0.754258071,0.728608381,0.887188805,0.811747102,0.068381218,534,-6.958648267,-9.467046841,-5.85741508,-7.824654725,-9.240839356,-8.007156265,-7.10728863,-10.30375722,-8.923767641,-9.825431536,-9.789212753,-8.86573892,-7.940224208,-8.47009088,1.26397164,543
765,3.019336224,0.321549998,0.001991785,0.000541023,"(200, 200)",0.0009,300,"{'hidden_layer_sizes': (200, 200), 'learning_rate_init': 0.0009, 'max_iter': 300}",0.892337028,0.777206481,0.91607354,0.873780595,0.737232138,0.852625294,0.879964604,0.672752322,0.826985049,0.775859397,0.697424893,0.757335905,0.88376616,0.811026416,0.076634444,548,-6.622714292,-9.892862945,-5.725985698,-6.635919382,-9.799365751,-7.360138638,-7.848386568,-10.40957825,-8.846339712,-9.743510548,-10.86237355,-8.383386388,-8.059775778,-8.476179808,1.547704094,544
5,1.039986886,0.04463346,0.001485366,0.00210547,"(50,)",0.0005,300,"{'hidden_layer_sizes': (50,), 'learning_rate_init': 0.0005, 'max_iter': 300}",0.879268648,0.799279952,0.891218394,0.859768885,0.733570865,0.830332547,0.914538404,0.675489762,0.838315289,0.766776093,0.674237293,0.81750474,0.870962455,0.811635641,0.075499403,537,-7.013145832,-9.390010782,-6.518963345,-6.994557269,-9.867399268,-7.897211865,-6.622336142,-10.36594855,-8.551775137,-9.938977883,-11.27090577,-7.27013568,-8.492092434,-8.476419997,1.511262736,545
500,2.313143162,0.098592965,0.002180081,0.00042799,"(150, 150)",0.0011,250,"{'hidden_layer_sizes': (150, 150), 'learning_rate_init': 0.0011, 'max_iter': 250}",0.861221352,0.802585625,0.908721496,0.883845834,0.76711887,0.829579328,0.893925401,0.69269972,0.807972032,0.799107406,0.672174473,0.802637159,0.854183975,0.813520975,0.068985293,493,-7.519070601,-9.312367393,-5.971522386,-6.365835808,-9.225268043,-7.914721827,-7.377877151,-10.08733223,-9.319745198,-9.224379339,-11.30653469,-7.560480825,-9.027329503,-8.477881923,1.45298431,546
207,2.460581358,0.11692661,0.001545319,0.000786809,"(100, 50)",0.0009,400,"{'hidden_layer_sizes': (100, 50), 'learning_rate_init': 0.0009, 'max_iter': 400}",0.886079573,0.784396371,0.911478477,0.847713616,0.785799426,0.82503874,0.913069591,0.694846572,0.811411741,0.783184154,0.688542389,0.71691355,0.884828062,0.81025402,0.074728149,557,-6.812454889,-9.731924884,-5.880648837,-7.289010462,-8.847532353,-8.019466329,-6.679002126,-10.05203457,-9.235897858,-9.582982637,-11.02066015,-9.05474581,-8.02287459,-8.479171961,1.450924274,547
19,0.505412927,0.058387307,0.000866633,0.000374922,"(50,)",0.0007,200,"{'hidden_layer_sizes': (50,), 'learning_rate_init': 0.0007, 'max_iter': 200}",0.872439244,0.811871325,0.894395656,0.85977725,0.741787265,0.84178565,0.912809051,0.684942247,0.829429381,0.749355247,0.664852033,0.822225577,0.867650788,0.811793901,0.075411421,532,-7.208773479,-9.090718592,-6.423055848,-6.994348642,-9.714057578,-7.626011472,-6.689003504,-10.21386075,-8.783627458,-10.30349346,-11.43211094,-7.175486656,-8.600374173,-8.481147889,1.537775973,548
391,2.621682497,0.299957076,0.002031932,0.002812853,"(150, 50)",0.0011,400,"{'hidden_layer_sizes': (150, 50), 'learning_rate_init': 0.0011, 'max_iter': 400}",0.868473946,0.758065981,0.926874939,0.841555038,0.831501998,0.845398641,0.900741971,0.659200755,0.814285517,0.771264267,0.710115737,0.694544421,0.895100599,0.809009524,0.081106185,576,-7.319960399,-10.3090628,-5.34483039,-7.434936339,-7.847100622,-7.538434628,-7.136882483,-10.62292607,-9.165257732,-9.842880193,-10.63213435,-9.405691989,-7.656727137,-8.48129424,1.563752337,549
102,1.438484559,0.018516496,0.00059612,0.000601295,"(50, 50)",0.001,350,"{'hidden_layer_sizes': (50, 50), 'learning_rate_init': 0.001, 'max_iter': 350}",0.880867457,0.79004415,0.913664858,0.825994349,0.766233411,0.812236044,0.909878001,0.685744457,0.8214491,0.774569473,0.726825733,0.741803992,0.890785702,0.810776671,0.069742256,551,-6.966554568,-9.603614203,-5.807572097,-7.791475567,-9.242789527,-8.30769669,-6.800504466,-10.20084904,-8.986753236,-9.771507148,-10.32114855,-8.647518179,-7.812614866,-8.481584472,1.340223169,550
13,0.838894899,0.165212472,0.001194899,0.000314352,"(50,)",0.0006,300,"{'hidden_layer_sizes': (50,), 'learning_rate_init': 0.0006, 'max_iter': 300}",0.873419767,0.796272542,0.891021129,0.862375113,0.748495469,0.845964526,0.906420842,0.671350084,0.831806417,0.754166606,0.674458542,0.822023462,0.874480563,0.811711928,0.07511207,536,-7.181014135,-9.46009501,-6.524871436,-6.929254703,-9.587044659,-7.524625563,-6.929713631,-10.43185664,-8.722209349,-10.20412171,-11.26707768,-7.179564454,-8.375527303,-8.485921252,1.512190565,551
29,0.814474839,0.101113814,0.000883231,0.000458979,"(50,)",0.0008,300,"{'hidden_layer_sizes': (50,), 'learning_rate_init': 0.0008, 'max_iter': 300}",0.873836597,0.792993692,0.907861569,0.864178029,0.756639373,0.838561339,0.905347155,0.673479293,0.826867299,0.751047973,0.688187782,0.802523997,0.86948385,0.811615996,0.073603352,539,-7.169180823,-9.535917951,-5.999585027,-6.88371769,-9.430549569,-7.703326273,-6.969354523,-10.39800953,-8.849349511,-10.26864227,-11.02693209,-7.562647992,-8.540608115,-8.48752472,1.510689029,552
247,2.511963496,0.119122594,0.000742509,0.000903022,"(100, 100)",0.0007,400,"{'hidden_layer_sizes': (100, 100), 'learning_rate_init': 0.0007, 'max_iter': 400}",0.867442691,0.756483772,0.929238327,0.843991424,0.791791304,0.840055361,0.892493148,0.672165278,0.806228684,0.801423501,0.734073491,0.713766348,0.886439778,0.810430239,0.073132871,555,-7.348601161,-10.34271767,-5.257749036,-7.3775519,-8.722907683,-7.667598477,-7.427519366,-10.41891085,-9.361954796,-9.171051169,-10.18330971,-9.104939561,-7.966540767,-8.48856555,1.434306605,553
55,1.017646313,0.0631641,0.002210855,0.002821937,"(50,)",0.0011,400,"{'hidden_layer_sizes': (50,), 'learning_rate_init': 0.0011, 'max_iter': 400}",0.867803984,0.797080115,0.911010848,0.856903543,0.773747532,0.841547765,0.899550995,0.68321098,0.840115281,0.747533891,0.658928949,0.81046562,0.86515398,0.811773345,0.074909382,533,-7.338579793,-9.441326564,-5.89616109,-7.065655803,-9.093027539,-7.63174241,-7.179571771,-10.24188529,-8.50403961,-10.34086181,-11.5326886,-7.409019226,-8.681119462,-8.488898382,1.538305529,554
570,1.052755448,0.050240155,0.00143682,0.0004371,"(200, 50)",0.0006,150,"{'hidden_layer_sizes': (200, 50), 'learning_rate_init': 0.0006, 'max_iter': 150}",0.890280164,0.810606084,0.851144942,0.828411877,0.780371401,0.796084875,0.931528694,0.704290225,0.869286051,0.704061419,0.720079502,0.753297499,0.886143397,0.809660472,0.071965508,566,-6.685677321,-9.121236723,-7.625750728,-7.737161259,-8.958933024,-8.657634333,-5.927615528,-9.895270891,-7.689228422,-11.195822,-10.44781531,-8.452856527,-7.976929957,-8.490148617,1.409219692,555
776,0.433893405,0.022472497,0.001347047,0.000543423,"(200, 200)",0.0011,50,"{'hidden_layer_sizes': (200, 200), 'learning_rate_init': 0.0011, 'max_iter': 50}",0.887442292,0.785663,0.877768304,0.829877124,0.764654601,0.791235804,0.925139933,0.699956369,0.879761718,0.743552677,0.725611399,0.725197699,0.884274921,0.809241219,0.072566381,572,-6.771586929,-9.703296205,-6.910233548,-7.704055361,-9.273948937,-8.759968163,-6.197989371,-9.967518563,-7.374679937,-10.42207698,-10.34406328,-8.921274535,-8.04211741,-8.491754555,1.37178161,556
758,3.400421619,0.310998682,0.001977719,0.000545513,"(200, 200)",0.0008,350,"{'hidden_layer_sizes': (200, 200), 'learning_rate_init': 0.0008, 'max_iter': 350}",0.888296404,0.769054264,0.910390886,0.874685365,0.729777477,0.874936751,0.882146182,0.641521334,0.832240924,0.782749753,0.688139178,0.76725058,0.881251979,0.809418544,0.082880466,569,-6.745845856,-10.07223129,-5.916663878,-6.612092706,-9.93739646,-6.780151099,-7.776739463,-10.89498168,-8.710935695,-9.592577812,-11.02779148,-8.2103378,-8.146477395,-8.49417097,1.638625361,557
54,0.938880994,0.077925584,0.000673386,0.000548124,"(50,)",0.0011,350,"{'hidden_layer_sizes': (50,), 'learning_rate_init': 0.0011, 'max_iter': 350}",0.868575748,0.80131797,0.908788339,0.85812897,0.772538634,0.835746095,0.900500117,0.685260021,0.837754816,0.748163651,0.664706817,0.806818769,0.864266064,0.811735847,0.073389638,535,-7.317127021,-9.342218264,-5.96933552,-7.035336872,-9.117287829,-7.7702031,-7.145572125,-10.20870849,-8.56658449,-10.32795646,-11.43458739,-7.479958461,-8.709653722,-8.494194596,1.503009571,558
179,1.136726563,0.052207425,0.001315557,0.000440327,"(100, 50)",0.0006,200,"{'hidden_layer_sizes': (100, 50), 'learning_rate_init': 0.0006, 'max_iter': 200}",0.892700399,0.796903646,0.862045464,0.828475514,0.790959977,0.775878008,0.930853428,0.681381418,0.883203053,0.697535567,0.698295796,0.760231304,0.899712378,0.807551996,0.080224762,592,-6.611528734,-9.44543098,-7.341229472,-7.735726382,-8.740304573,-9.076465395,-5.956772953,-10.27141785,-7.268378605,-11.31859051,-10.84672969,-8.333222203,-7.486525925,-8.494794098,1.578852714,559
477,2.748532295,0.115245412,0.001769983,0.000432775,"(150, 150)",0.0008,300,"{'hidden_layer_sizes': (150, 150), 'learning_rate_init': 0.0008, 'max_iter': 300}",0.884777146,0.74699615,0.923141775,0.87129363,0.749617026,0.849429337,0.872744304,0.664298547,0.830202346,0.806509158,0.699083241,0.783454699,0.865436543,0.811306454,0.074917461,545,-6.851286847,-10.54227353,-5.479563717,-6.700975924,-9.565644586,-7.439516323,-8.080985672,-10.54317603,-8.763702754,-9.052851554,-10.83256551,-7.919378562,-8.672019276,-8.495687713,1.569947095,560
743,4.742713506,0.471880708,0.002205812,0.00074271,"(200, 200)",0.0006,400,"{'hidden_layer_sizes': (200, 200), 'learning_rate_init': 0.0006, 'max_iter': 400}",0.887630122,0.75442184,0.91744996,0.870186255,0.721902731,0.855813663,0.876337671,0.659192347,0.825686397,0.791752801,0.718916539,0.787380746,0.873543563,0.810785741,0.075805171,550,-6.765934529,-10.38641296,-5.678837612,-6.729741397,-10.081153,-7.280087079,-7.966075749,-10.62305712,-8.879477993,-9.3917122,-10.46949616,-7.847259543,-8.40673075,-8.500459699,1.56135603,561
20,0.634098493,0.023917905,0.000943642,0.000311121,"(50,)",0.0007,250,"{'hidden_layer_sizes': (50,), 'learning_rate_init': 0.0007, 'max_iter': 250}",0.872304652,0.801423253,0.898244135,0.858450488,0.745271706,0.839161204,0.90670293,0.683778283,0.825926822,0.747811476,0.674451379,0.822313556,0.870398145,0.811249079,0.073739247,546,-7.212575547,-9.339742688,-6.304933817,-7.027360379,-9.648291968,-7.689001149,-6.919261177,-10.23271063,-8.873352299,-10.3351754,-11.26720162,-7.173710887,-8.510641083,-8.502612204,1.512782975,562
221,1.605400489,0.0819322,0.00116594,0.000698445,"(100, 50)",0.0011,300,"{'hidden_layer_sizes': (100, 50), 'learning_rate_init': 0.0011, 'max_iter': 300}",0.887517573,0.783302454,0.907388577,0.822498642,0.795704648,0.804907246,0.918788475,0.700689231,0.816775882,0.785348201,0.671562066,0.744084153,0.884277038,0.809449553,0.073407858,568,-6.769322043,-9.756582294,-6.014964746,-7.869350272,-8.640544028,-8.468277651,-6.455569378,-9.955338205,-9.103598901,-9.535038641,-11.31709058,-8.609249847,-8.042043853,-8.50284388,1.442727639,563
214,2.031721243,0.130015124,0.001326011,0.000420463,"(100, 50)",0.001,350,"{'hidden_layer_sizes': (100, 50), 'learning_rate_init': 0.001, 'max_iter': 350}",0.884253249,0.77598868,0.905310797,0.852840137,0.798109051,0.812753216,0.91219139,0.688949325,0.828033892,0.774853428,0.672134226,0.719609635,0.889349968,0.80879823,0.077385447,578,-6.86684494,-9.919863534,-6.082064724,-7.165272722,-8.589547167,-8.296247553,-6.712654159,-10.14870015,-8.819485022,-9.76535107,-11.30722873,-9.011524432,-7.863799616,-8.503737217,1.481252346,564
91,0.822971381,0.00673272,0.001313833,0.001170968,"(50, 50)",0.0009,200,"{'hidden_layer_sizes': (50, 50), 'learning_rate_init': 0.0009, 'max_iter': 200}",0.897945709,0.805388611,0.849123456,0.809356094,0.794674069,0.762357087,0.939452873,0.664294951,0.882528192,0.700276988,0.70581086,0.77310753,0.897773242,0.806314589,0.081723263,606,-6.447902657,-9.246020281,-7.677355846,-8.155479513,-8.662310451,-9.3462405,-5.574070954,-10.54323251,-7.289346942,-11.26718007,-10.71078876,-8.106376355,-7.558558175,-8.506527924,1.619417433,565
262,2.895610332,0.085592042,0.001793935,0.0012162,"(100, 100)",0.0009,350,"{'hidden_layer_sizes': (100, 100), 'learning_rate_init': 0.0009, 'max_iter': 350}",0.866213527,0.7556831,0.917724921,0.834718106,0.774300293,0.862820843,0.903120768,0.650027834,0.81934754,0.77766521,0.72967222,0.712841515,0.899581176,0.807978235,0.079251255,585,-7.382593204,-10.35970693,-5.669372086,-7.593651772,-9.081913091,-7.100984811,-7.050843321,-10.76493965,-9.039485974,-9.704181344,-10.26723435,-9.119636934,-7.49142149,-8.509689613,1.50207747,566
437,2.508538998,0.108137478,0.001811339,0.000673699,"(150, 100)",0.001,300,"{'hidden_layer_sizes': (150, 100), 'learning_rate_init': 0.001, 'max_iter': 300}",0.879151906,0.803741886,0.924494982,0.852909661,0.800382012,0.786044403,0.881029125,0.679437732,0.8021879,0.813234863,0.637841778,0.794565339,0.876609562,0.810125473,0.076918695,560,-7.016535696,-9.285055974,-5.431111459,-7.16357993,-8.541058197,-8.868217684,-7.813507775,-10.30269986,-9.459065272,-8.894122283,-11.88385409,-7.713537263,-8.304192725,-8.513579862,1.545699168,567
618,1.296827188,0.093872735,0.001144116,0.000960488,"(200, 100)",0.0005,150,"{'hidden_layer_sizes': (200, 100), 'learning_rate_init': 0.0005, 'max_iter': 150}",0.888967473,0.784314655,0.859096666,0.83305362,0.750481764,0.795435144,0.930041685,0.701805601,0.872859631,0.72287971,0.738682688,0.761487012,0.879685821,0.809137805,0.069909578,573,-6.725552229,-9.733768965,-7.419274545,-7.63179226,-9.549112066,-8.671416203,-5.99163557,-9.936755141,-7.583392389,-10.83401304,-10.09467235,-8.311372341,-8.200023047,-8.514060011,1.387652777,568
438,2.970391824,0.123249452,0.001782527,0.000610291,"(150, 100)",0.001,350,"{'hidden_layer_sizes': (150, 100), 'learning_rate_init': 0.001, 'max_iter': 350}",0.873547391,0.782723568,0.925640039,0.839447517,0.803396464,0.827554179,0.880511434,0.665269116,0.806829322,0.825362891,0.626530564,0.774059203,0.886385384,0.809019775,0.081483259,575,-7.177393132,-9.769605475,-5.389771859,-7.484220095,-8.476323158,-7.961609209,-7.830489208,-10.52792396,-9.347433786,-8.600495195,-12.06801021,-8.089357898,-7.968448494,-8.514698591,1.589024033,569
6,1.184455725,0.025498467,0.001681566,0.001796489,"(50,)",0.0005,350,"{'hidden_layer_sizes': (50,), 'learning_rate_init': 0.0005, 'max_iter': 350}",0.87787082,0.798755265,0.890180561,0.85831486,0.735183,0.82715874,0.91036856,0.676992007,0.833295334,0.769855025,0.677482524,0.811186346,0.868674698,0.810409057,0.073542372,556,-7.053628102,-9.402275646,-6.549986694,-7.030726246,-9.837500671,-7.970732436,-6.78197068,-10.34192734,-8.68351729,-9.873154652,-11.21462516,-7.394918982,-8.567041497,-8.515538876,1.462130828,570
492,1.853471059,0.016507291,0.001500331,0.000480468,"(150, 150)",0.001,250,"{'hidden_layer_sizes': (150, 150), 'learning_rate_init': 0.001, 'max_iter': 250}",0.869925933,0.767546075,0.913574725,0.880861274,0.763890942,0.837943328,0.888606316,0.686143234,0.815896407,0.796363175,0.677613663,0.805758134,0.849277403,0.811800047,0.070620482,530,-7.279443776,-10.10506606,-5.810602845,-6.447101589,-9.288983013,-7.718056917,-7.560595523,-10.19437475,-9.125421372,-9.287169027,-11.21234493,-7.500464201,-9.17795345,-8.515967497,1.527278612,571
226,1.12253543,0.097708925,0.001927926,0.000879951,"(100, 100)",0.0005,150,"{'hidden_layer_sizes': (100, 100), 'learning_rate_init': 0.0005, 'max_iter': 150}",0.884270042,0.766231392,0.860722966,0.837222641,0.75823526,0.791496004,0.926126802,0.69838854,0.876575426,0.737577082,0.7420167,0.753813235,0.883893101,0.808966861,0.069399913,577,-6.866346803,-10.13360125,-7.376333802,-7.535898431,-9.399577328,-8.754507321,-6.15700023,-9.993526457,-7.471754858,-10.54280251,-10.03006928,-8.444016493,-8.055373466,-8.520062172,1.355640996,572
14,0.849508707,0.027047566,0.00066682,0.000464939,"(50,)",0.0006,350,"{'hidden_layer_sizes': (50,), 'learning_rate_init': 0.0006, 'max_iter': 350}",0.872598462,0.796500335,0.890585437,0.861572413,0.75292678,0.843196413,0.899923106,0.675159218,0.82604885,0.75669671,0.67654606,0.816182883,0.872152638,0.8107761,0.072687,552,-7.204273165,-9.454804759,-6.537901467,-6.949432821,-9.50221125,-7.591935599,-7.166261128,-10.37122655,-8.870241568,-10.15147577,-11.2308948,-7.29641785,-8.452838126,-8.521531911,1.460270008,573
347,1.16566691,0.013516252,0.00122538,0.00038862,"(150, 50)",0.0006,200,"{'hidden_layer_sizes': (150, 50), 'learning_rate_init': 0.0006, 'max_iter': 200}",0.889813117,0.804457156,0.857531429,0.816602256,0.767377641,0.786443221,0.931664803,0.705437727,0.873435983,0.701696326,0.701194006,0.773918818,0.891441936,0.80777034,0.074562019,588,-6.699891754,-9.268120669,-7.460369565,-7.998987735,-9.220141197,-8.859948553,-5.921721063,-9.876052912,-7.566184375,-11.24047055,-10.79450641,-8.091870601,-7.789107745,-8.522105625,1.484898053,574
665,0.743679413,0.002135248,0.001484229,0.000485144,"(200, 100)",0.0011,100,"{'hidden_layer_sizes': (200, 100), 'learning_rate_init': 0.0011, 'max_iter': 100}",0.888734633,0.798143774,0.86067531,0.819061735,0.774068095,0.791558124,0.933707671,0.702502415,0.866078648,0.682757524,0.721406093,0.766675379,0.892806861,0.80755202,0.075100331,591,-6.732600412,-9.416549422,-7.377595667,-7.945170982,-9.086583591,-8.753203105,-5.832535092,-9.925138348,-7.782994206,-11.59179939,-10.42302893,-8.220476773,-7.73998576,-8.525204745,1.506519898,575
711,3.974963555,0.666896326,0.001928843,0.000709656,"(200, 150)",0.0009,400,"{'hidden_layer_sizes': (200, 150), 'learning_rate_init': 0.0009, 'max_iter': 400}",0.882271932,0.746110777,0.916501925,0.867597574,0.762743004,0.855328606,0.878678978,0.659269001,0.798652236,0.774024912,0.741168018,0.765123485,0.881639601,0.809931542,0.072852138,563,-6.925367846,-10.56070348,-5.711353449,-6.796510743,-9.311536671,-7.292322241,-7.890304276,-10.62186238,-9.543225825,-9.783302306,-10.04655359,-8.247769564,-8.133170524,-8.527998684,1.511761647,576
15,1.003380665,0.056566304,0.001016195,0.000359987,"(50,)",0.0006,400,"{'hidden_layer_sizes': (50,), 'learning_rate_init': 0.0006, 'max_iter': 400}",0.87264106,0.79085073,0.891662257,0.864287112,0.754082461,0.844174323,0.895731213,0.67384215,0.822427636,0.755240455,0.67798179,0.818351398,0.874958622,0.810479324,0.072831793,554,-7.203068672,-9.585149513,-6.505650052,-6.880952857,-9.479961994,-7.568224911,-7.314807154,-10.39223036,-8.962093758,-10.1818105,-11.20594152,-7.253251754,-8.359562357,-8.530208108,1.472790433,577
7,1.39291723,0.074368805,0.000962624,0.001197177,"(50,)",0.0005,400,"{'hidden_layer_sizes': (50,), 'learning_rate_init': 0.0005, 'max_iter': 400}",0.877513393,0.793149407,0.889943317,0.860835153,0.73547886,0.826723548,0.906630544,0.673050113,0.829546987,0.76836249,0.680554241,0.812252155,0.87321306,0.809788713,0.073701744,564,-7.063942235,-9.532330688,-6.557057876,-6.967914448,-9.832003783,-7.980760768,-6.921944873,-10.40484088,-8.780598857,-9.905117576,-11.16109229,-7.374018157,-8.417709359,-8.53071783,1.462601543,578
269,2.505780513,0.078178508,0.001750598,0.002054,"(100, 100)",0.001,300,"{'hidden_layer_sizes': (100, 100), 'learning_rate_init': 0.001, 'max_iter': 300}",0.870571228,0.799560006,0.9147742,0.847388348,0.780770942,0.842412234,0.910461893,0.668432326,0.786961454,0.770194551,0.686214785,0.740542994,0.886368481,0.808050265,0.076579424,584,-7.261364745,-9.383457824,-5.77014001,-7.296790612,-8.950780414,-7.61089566,-6.778438755,-10.47806139,-9.816369323,-9.865869169,-11.06176363,-8.668609174,-7.969041224,-8.531660149,1.50749788,579
718,3.317103881,0.165669502,0.001688884,0.000571247,"(200, 150)",0.001,350,"{'hidden_layer_sizes': (200, 150), 'learning_rate_init': 0.001, 'max_iter': 350}",0.884433925,0.750961883,0.918520453,0.873342224,0.781796844,0.870146378,0.855939967,0.625085956,0.791682688,0.774810569,0.7431783,0.771732889,0.882272398,0.809531113,0.077586327,567,-6.861483428,-10.45932426,-5.641896449,-6.647432942,-8.929812866,-6.908783001,-8.598000714,-11.14193708,-9.70698764,-9.766280492,-10.00746302,-8.130895755,-8.111399937,-8.531669045,1.603782432,580
30,1.017625699,0.05923612,0.001845066,0.002401134,"(50,)",0.0008,350,"{'hidden_layer_sizes': (50,), 'learning_rate_init': 0.0008, 'max_iter': 350}",0.873645441,0.793385505,0.907875176,0.862631748,0.761632205,0.834388326,0.897823676,0.675349495,0.82248072,0.753574733,0.685516106,0.796998583,0.866553018,0.810142672,0.07214156,559,-7.174609948,-9.526889061,-5.999142,-6.922791029,-9.333308774,-7.802252348,-7.241038542,-10.3681886,-8.96075409,-10.21639813,-11.07407193,-7.667720191,-8.6359684,-8.532548696,1.475204667,581
663,2.94711311,0.086441619,0.001559056,0.000509833,"(200, 100)",0.001,400,"{'hidden_layer_sizes': (200, 100), 'learning_rate_init': 0.001, 'max_iter': 400}",0.883281198,0.726542855,0.931873357,0.845019394,0.799624589,0.865884194,0.882147561,0.677258575,0.784837659,0.81190193,0.706480987,0.724367848,0.872146444,0.808566661,0.076957649,579,-6.895618847,-10.9601211,-5.158926052,-7.353205679,-8.557246784,-7.021251043,-7.776693957,-10.33765902,-9.865178002,-8.925804315,-10.69858288,-8.934734661,-8.453042882,-8.533697325,1.623138214,582
0,0.182879961,0.010619665,0.001639384,0.001855862,"(50,)",0.0005,50,"{'hidden_layer_sizes': (50,), 'learning_rate_init': 0.0005, 'max_iter': 50}",0.89387201,0.766516546,0.866120154,0.828246278,0.745708294,0.821553913,0.930605576,0.692708557,0.874131704,0.726622374,0.700648082,0.798573339,0.863599621,0.808377419,0.073886313,581,-6.575333837,-10.1274188,-7.231999852,-7.740893903,-9.640020152,-8.098937247,-5.967439278,-10.0871872,-7.545360121,-10.76060465,-10.80436279,-7.637921646,-8.73100938,-8.534499142,1.545296909,583
31,1.158270267,0.075979994,0.001321187,0.00036943,"(50,)",0.0008,400,"{'hidden_layer_sizes': (50,), 'learning_rate_init': 0.0008, 'max_iter': 400}",0.873352233,0.78769259,0.910091845,0.863660449,0.761641237,0.837192094,0.895178596,0.674610702,0.820368765,0.752879031,0.683918901,0.800432918,0.868927839,0.809995938,0.072802875,562,-7.182929522,-9.657245937,-5.926528127,-6.8968212,-9.333131933,-7.735925242,-7.334165534,-10.37997912,-9.013899753,-10.23080931,-11.10215789,-7.602583096,-8.558780656,-8.534996716,1.500311579,584
613,1.991387404,0.060773491,0.00125918,0.000434536,"(200, 50)",0.0011,300,"{'hidden_layer_sizes': (200, 50), 'learning_rate_init': 0.0011, 'max_iter': 300}",0.873412176,0.734596644,0.923068017,0.85637341,0.792485813,0.851680621,0.903497017,0.674470133,0.801807843,0.791991922,0.695294679,0.65846986,0.907101935,0.804942313,0.087443185,621,-7.18122947,-10.7975176,-5.48219237,-7.078731846,-8.708347292,-7.383690228,-7.037138358,-10.38222096,-9.468147784,-9.386318606,-10.90054357,-9.94560575,-7.205431619,-8.535162728,1.672222727,585
255,2.671831626,0.247451681,0.0016169,0.000953874,"(100, 100)",0.0008,400,"{'hidden_layer_sizes': (100, 100), 'learning_rate_init': 0.0008, 'max_iter': 400}",0.86383329,0.758656007,0.928745643,0.832595093,0.765217247,0.860231083,0.881200691,0.684665444,0.800158561,0.778383589,0.754916192,0.708837642,0.893781555,0.808555541,0.071687873,580,-7.447976697,-10.29648432,-5.276021066,-7.642265631,-9.262856577,-7.167699975,-7.807871869,-10.2183466,-9.507461367,-9.688491214,-9.776095738,-9.182994739,-7.704716023,-8.536867832,1.4247749,586
21,0.743970467,0.052080004,0.000929209,0.000268973,"(50,)",0.0007,300,"{'hidden_layer_sizes': (50,), 'learning_rate_init': 0.0007, 'max_iter': 300}",0.870010728,0.788672744,0.896535081,0.859983111,0.746345162,0.844785806,0.902016203,0.67426456,0.825091814,0.751943669,0.678511261,0.816869825,0.871335018,0.809720383,0.073845788,565,-7.277070667,-9.63492797,-6.357660999,-6.989212561,-9.627940983,-7.553360893,-7.090924385,-10.38549865,-8.894609037,-10.25015303,-11.19672518,-7.282771375,-8.479824204,-8.540052302,1.501716075,587
485,2.750728626,0.133033833,0.002060487,0.000465588,"(150, 150)",0.0009,300,"{'hidden_layer_sizes': (150, 150), 'learning_rate_init': 0.0009, 'max_iter': 300}",0.888604541,0.753674678,0.916769163,0.879083564,0.75236352,0.855199477,0.866304625,0.653172884,0.81664134,0.80865318,0.694610295,0.765980788,0.866342474,0.80903081,0.077018469,574,-6.736535145,-10.4022011,-5.702206448,-6.495023184,-9.51303632,-7.295575959,-8.282928512,-10.71646054,-9.106940693,-9.002555679,-10.91277829,-8.232703571,-8.642778365,-8.541671062,1.581726234,588
110,1.431898557,0.017064895,0.000850879,0.001345801,"(50, 50)",0.0011,350,"{'hidden_layer_sizes': (50, 50), 'learning_rate_init': 0.0011, 'max_iter': 350}",0.874014995,0.787444428,0.919819449,0.824011256,0.761208886,0.815885897,0.902447441,0.682847873,0.808111668,0.776094631,0.744512477,0.722762549,0.887054234,0.808170445,0.069580434,582,-7.164110335,-9.66288838,-5.596742502,-7.835748403,-9.341592638,-8.226555786,-7.075303167,-10.24775328,-9.31635608,-9.738396334,-9.98143502,-8.960715116,-7.944958716,-8.545581212,1.323239895,589
768,0.467946163,0.037388172,0.001723289,0.000763766,"(200, 200)",0.001,50,"{'hidden_layer_sizes': (200, 200), 'learning_rate_init': 0.001, 'max_iter': 50}",0.885419039,0.784645649,0.873769624,0.826086528,0.760393544,0.790400708,0.924454946,0.701140344,0.87684578,0.743991685,0.723285972,0.71959852,0.880779702,0.806985542,0.072249754,595,-6.832176331,-9.726297301,-7.022354424,-7.789411537,-9.357527276,-8.777471433,-6.226281313,-9.947833167,-7.46356716,-10.41315245,-10.38780345,-9.011703044,-8.162661143,-8.547556926,1.350115589,590
265,0.820621399,0.010165112,0.002652847,0.002225599,"(100, 100)",0.001,100,"{'hidden_layer_sizes': (100, 100), 'learning_rate_init': 0.001, 'max_iter': 100}",0.884592626,0.805325579,0.859154982,0.816830609,0.780210457,0.78138948,0.935195189,0.671852992,0.873427095,0.697784356,0.716311815,0.766819494,0.888644765,0.805964572,0.077332383,610,-6.856770537,-9.247517483,-7.417739067,-7.994006324,-8.962214965,-8.964169244,-5.76672639,-10.42387205,-7.566450057,-11.31393455,-10.51789328,-8.217937645,-7.888818912,-8.549080808,1.508205498,591
222,2.113798912,0.108477936,0.001713441,0.000835701,"(100, 50)",0.0011,350,"{'hidden_layer_sizes': (100, 50), 'learning_rate_init': 0.0011, 'max_iter': 350}",0.883743285,0.776635147,0.909114925,0.831907397,0.791597612,0.810166342,0.91019806,0.697866199,0.820584539,0.781873293,0.681518671,0.708025925,0.887294959,0.806963566,0.075177361,596,-6.881955497,-9.905539483,-5.958639226,-7.657946673,-8.726964102,-8.353358624,-6.788418049,-10.00217628,-9.008484338,-9.611908154,-11.14423148,-9.195786248,-7.93648752,-8.551684283,1.421646796,592
673,0.841399468,0.009301777,0.001508933,0.00054371,"(200, 150)",0.0005,100,"{'hidden_layer_sizes': (200, 150), 'learning_rate_init': 0.0005, 'max_iter': 100}",0.892625641,0.772918234,0.866222371,0.829539687,0.748206763,0.795635954,0.923660955,0.714167622,0.871690039,0.742851627,0.732502858,0.740639294,0.872065208,0.807902019,0.068387103,586,-6.613831536,-9.987616248,-7.229238523,-7.711692035,-9.59254565,-8.667159014,-6.258915421,-9.728604732,-7.618193202,-10.43631266,-10.21333811,-8.667000299,-8.455727931,-8.552321182,1.336387338,593
457,0.776200881,0.013682514,0.00130613,0.000461664,"(150, 150)",0.0006,100,"{'hidden_layer_sizes': (150, 150), 'learning_rate_init': 0.0006, 'max_iter': 100}",0.886174539,0.78521679,0.870165549,0.830149677,0.749030432,0.791038769,0.922680474,0.707370669,0.877494842,0.737398654,0.721812761,0.730219131,0.881598921,0.806950093,0.071641802,598,-6.809614806,-9.713391193,-7.121898503,-7.697881572,-9.576843165,-8.764101088,-6.298981193,-9.843595841,-7.443873469,-10.54638607,-10.41541881,-8.839390011,-8.134568056,-8.554303368,1.356853587,594
16,0.119665403,0.006005332,0.001069876,0.000382934,"(50,)",0.0007,50,"{'hidden_layer_sizes': (50,), 'learning_rate_init': 0.0007, 'max_iter': 50}",0.887120776,0.78533369,0.858596443,0.823840517,0.746616315,0.812307605,0.930053763,0.699842872,0.877475166,0.723669688,0.690746098,0.787570732,0.871549593,0.807286404,0.073433665,593,-6.781251391,-9.710747482,-7.432432493,-7.839548484,-9.62279354,-8.306113421,-5.991118357,-9.969403581,-7.444471258,-10.81855993,-10.98160276,-7.843752799,-8.472750342,-8.554965065,1.488110195,595
215,2.474715251,0.105774001,0.001636909,0.000446162,"(100, 50)",0.001,400,"{'hidden_layer_sizes': (100, 50), 'learning_rate_init': 0.001, 'max_iter': 400}",0.882308809,0.788540085,0.903073433,0.850403428,0.793500754,0.829538226,0.906658178,0.686403626,0.800284045,0.771958197,0.692586854,0.704194156,0.884126718,0.807198193,0.075024123,594,-6.924283111,-9.637951624,-6.153500259,-7.22435133,-8.687025152,-7.915676202,-6.920920455,-10.19014499,-9.504475942,-9.827938375,-10.94887138,-9.255930749,-8.047265348,-8.556794993,1.418056164,596
606,2.308711309,0.068361638,0.002751992,0.005620646,"(200, 50)",0.001,350,"{'hidden_layer_sizes': (200, 50), 'learning_rate_init': 0.001, 'max_iter': 350}",0.86664409,0.741876871,0.922233901,0.856054077,0.810326652,0.853906132,0.889766477,0.666413852,0.815327218,0.784003755,0.695608175,0.666878061,0.898569511,0.805200675,0.084713523,616,-7.370703992,-10.64839556,-5.511831889,-7.086596747,-8.3255896,-7.328085247,-7.521120826,-10.50990648,-9.139516933,-9.564852831,-10.89493461,-9.822416364,-7.529062914,-8.557924154,1.59677544,597
277,2.208541577,0.245800601,0.001247259,0.000744083,"(100, 100)",0.0011,300,"{'hidden_layer_sizes': (100, 100), 'learning_rate_init': 0.0011, 'max_iter': 300}",0.877867668,0.803234337,0.914515069,0.850938994,0.782772616,0.840513138,0.905444363,0.670550489,0.800909832,0.77069124,0.686803782,0.73490174,0.861997543,0.807780062,0.07471171,587,-7.053719127,-9.297054407,-5.778905473,-7.2114079,-8.909824096,-7.656617917,-6.965774875,-10.44453911,-9.489573665,-9.855201641,-11.0513769,-8.762341204,-8.782134332,-8.558343896,1.473762831,598
727,4.128096507,0.502477434,0.002066557,0.000623394,"(200, 150)",0.0011,400,"{'hidden_layer_sizes': (200, 150), 'learning_rate_init': 0.0011, 'max_iter': 400}",0.868916189,0.782330826,0.917600043,0.871278186,0.783489312,0.867678981,0.880074484,0.621325236,0.790146807,0.756765343,0.727618141,0.721077444,0.891059181,0.806104629,0.08246359,609,-7.30764375,-9.778431098,-5.673672956,-6.701377957,-8.89511392,-6.974112311,-7.844793551,-11.19767939,-9.742705746,-10.15004385,-10.30616819,-8.987906376,-7.802827104,-8.566344323,1.585185532,599
607,2.990306286,0.373483321,0.0034775,0.005800928,"(200, 50)",0.001,400,"{'hidden_layer_sizes': (200, 50), 'learning_rate_init': 0.001, 'max_iter': 400}",0.872290205,0.75011017,0.921135542,0.855005112,0.803635461,0.85494064,0.878737766,0.652259774,0.807101728,0.787773924,0.711669963,0.671088151,0.898848147,0.804968968,0.0834557,620,-7.212983543,-10.4771945,-5.550619647,-7.112370677,-8.471169567,-7.302093641,-7.888392344,-10.73055818,-9.340840665,-9.481009101,-10.60359374,-9.760149751,-7.518714383,-8.573053056,1.557891899,600
8,0.175047233,0.006406093,0.00113236,0.00083846,"(50,)",0.0006,50,"{'hidden_layer_sizes': (50,), 'learning_rate_init': 0.0006, 'max_iter': 50}",0.891326802,0.77657581,0.85980241,0.825087815,0.74931899,0.811373402,0.92929947,0.693700896,0.873463227,0.721002407,0.693694186,0.792246368,0.868584949,0.806575133,0.0738768,602,-6.653712952,-9.906855109,-7.400670712,-7.811745207,-9.571335986,-8.326758812,-6.023335537,-10.0708867,-7.565369989,-10.87064765,-10.92913414,-7.756950751,-8.569968406,-8.573643996,1.512264506,601
773,2.790881615,0.18017425,0.00167225,0.000851809,"(200, 200)",0.001,300,"{'hidden_layer_sizes': (200, 200), 'learning_rate_init': 0.001, 'max_iter': 300}",0.888843711,0.778069745,0.910413349,0.872535698,0.742954876,0.857758072,0.874811883,0.667903592,0.816388789,0.767397453,0.689708293,0.732714379,0.885179759,0.806513815,0.078539669,603,-6.729299478,-9.87367826,-5.915922246,-6.66856398,-9.692069701,-7.230833048,-8.015069177,-10.48641247,-9.113210304,-9.925729243,-11.00001356,-8.798416559,-8.010615624,-8.573833358,1.548778072,602
478,3.052769056,0.182872291,0.001870192,0.000307473,"(150, 150)",0.0008,350,"{'hidden_layer_sizes': (150, 150), 'learning_rate_init': 0.0008, 'max_iter': 350}",0.883122598,0.755861618,0.922836151,0.867218533,0.748841975,0.853047381,0.867094433,0.673784478,0.825084071,0.799293516,0.711634673,0.728625845,0.862538708,0.807614152,0.073911394,590,-6.900302208,-10.35592142,-5.49044758,-6.8062323,-9.580438205,-7.349591219,-8.258426491,-10.39314911,-8.894805912,-9.220105556,-10.60424263,-8.865453647,-8.764898231,-8.575693424,1.501137909,603
270,2.920696259,0.078871447,0.002866983,0.002651972,"(100, 100)",0.001,350,"{'hidden_layer_sizes': (100, 100), 'learning_rate_init': 0.001, 'max_iter': 350}",0.8629443,0.790319406,0.911354139,0.83867265,0.775679261,0.858830561,0.898492806,0.651776591,0.824980648,0.775585412,0.685964646,0.684642439,0.896991601,0.804325728,0.083375984,623,-7.472249912,-9.597316879,-5.88477739,-7.502258714,-9.054126494,-7.203521618,-7.217289618,-10.73801061,-8.89743515,-9.749463848,-11.06617179,-9.556928692,-7.587400106,-8.578996217,1.491265987,604
218,0.89873457,0.05716128,0.001592526,0.00055935,"(100, 50)",0.0011,150,"{'hidden_layer_sizes': (100, 50), 'learning_rate_init': 0.0011, 'max_iter': 150}",0.898859635,0.828500856,0.837844346,0.784047565,0.803749587,0.768565089,0.936413362,0.68896452,0.881054357,0.666161927,0.672383712,0.768230167,0.898640954,0.802570467,0.085769691,634,-6.4189663,-8.679639632,-7.959153029,-8.679947327,-8.468707508,-9.223355633,-5.712269021,-10.14845226,-7.334931542,-11.89112992,-11.30292585,-8.193041887,-7.526410876,-8.579917752,1.695549368,605
766,3.395885174,0.230516626,0.001992262,0.000629934,"(200, 200)",0.0009,350,"{'hidden_layer_sizes': (200, 200), 'learning_rate_init': 0.0009, 'max_iter': 350}",0.886692616,0.770356946,0.907903852,0.87171454,0.730373635,0.871449595,0.872056415,0.628731622,0.833399772,0.774079686,0.683501878,0.757092697,0.881076828,0.805263852,0.084613101,615,-6.794100139,-10.04378419,-5.998208245,-6.690009808,-9.926428591,-6.874027146,-8.102797384,-11.08763262,-8.680796821,-9.782116536,-11.10947932,-8.387586424,-8.152483133,-8.586880796,1.638049004,606
22,0.90651437,0.070603161,0.001060504,0.000460687,"(50,)",0.0007,350,"{'hidden_layer_sizes': (50,), 'learning_rate_init': 0.0007, 'max_iter': 350}",0.870572206,0.787257602,0.896768826,0.858312652,0.751308038,0.841397527,0.894263847,0.675106145,0.818983748,0.754394034,0.677773346,0.810538407,0.868726801,0.808107937,0.072236607,583,-7.261337303,-9.667134049,-6.350475419,-7.030781046,-9.533288107,-7.635359617,-7.366097701,-10.37207374,-9.048583119,-10.19940053,-11.20956777,-7.407596439,-8.565341856,-8.588233593,1.465193615,607
486,3.237283927,0.117302225,0.001705316,0.000595272,"(150, 150)",0.0009,350,"{'hidden_layer_sizes': (150, 150), 'learning_rate_init': 0.0009, 'max_iter': 350}",0.886011302,0.773772598,0.91684382,0.879786236,0.754282734,0.854982858,0.861566293,0.6661846,0.812552693,0.801640437,0.698453649,0.723067377,0.861365737,0.806962333,0.075671576,597,-6.814495891,-9.968810022,-5.699648478,-6.476123696,-9.476101004,-7.30103095,-8.42842925,-10.51351725,-9.207917047,-9.16604031,-10.84389179,-8.95578752,-8.802214659,-8.588769835,1.519647347,608
501,2.731230607,0.125665216,0.001862086,0.000669417,"(150, 150)",0.0011,300,"{'hidden_layer_sizes': (150, 150), 'learning_rate_init': 0.0011, 'max_iter': 300}",0.885505982,0.782942574,0.909775623,0.878084208,0.774613383,0.852618016,0.861271186,0.637710368,0.804066187,0.808134409,0.666711842,0.745151854,0.87419933,0.806214228,0.0809157,607,-6.829583741,-9.76468054,-5.936941288,-6.521808161,-9.075611702,-7.360320378,-8.437408142,-10.95274054,-9.414049787,-9.014751071,-11.40034719,-8.591271834,-8.384904959,-8.59110918,1.56766382,609
394,1.245113666,0.048243769,0.001711277,0.003360852,"(150, 100)",0.0005,150,"{'hidden_layer_sizes': (150, 100), 'learning_rate_init': 0.0005, 'max_iter': 150}",0.888110688,0.784201894,0.856312038,0.825050327,0.744592332,0.791781432,0.925911636,0.714254482,0.872613259,0.722347286,0.719086143,0.746716823,0.88145629,0.805571895,0.070751751,614,-6.751451279,-9.736313061,-7.492228256,-7.812582279,-9.661149669,-8.748513105,-6.165960298,-9.727126437,-7.590736366,-10.8444156,-10.46633707,-8.564852614,-8.139466195,-8.592394787,1.377019804,610
760,0.516957558,0.020575891,0.001834411,0.000538292,"(200, 200)",0.0009,50,"{'hidden_layer_sizes': (200, 200), 'learning_rate_init': 0.0009, 'max_iter': 50}",0.8843319,0.782533669,0.870049474,0.822861875,0.755503424,0.790248758,0.923877232,0.701919388,0.874178757,0.745672636,0.722481118,0.715384643,0.877347108,0.805106922,0.071872406,618,-6.864511503,-9.773873834,-7.125081362,-7.861294352,-9.452533709,-8.780652488,-6.250043039,-9.934859092,-7.543949646,-10.37890976,-10.40289953,-9.07916453,-8.279337069,-8.594393071,1.33118774,611
439,3.363191256,0.207063248,0.001855997,0.00064299,"(150, 100)",0.001,400,"{'hidden_layer_sizes': (150, 100), 'learning_rate_init': 0.001, 'max_iter': 400}",0.86682761,0.789404925,0.918450236,0.836834594,0.799721738,0.834816257,0.87001867,0.670487462,0.800718653,0.827274433,0.638692297,0.757679934,0.876468336,0.806722703,0.076796054,599,-7.36563059,-9.61822253,-5.644326947,-7.54487554,-8.555172115,-7.792165534,-8.167068701,-10.44553815,-9.494128821,-8.553296056,-11.86989142,-8.377441636,-8.308943644,-8.595130899,1.475063434,612
223,2.234777304,0.150737282,0.00111059,0.000621747,"(100, 50)",0.0011,400,"{'hidden_layer_sizes': (100, 50), 'learning_rate_init': 0.0011, 'max_iter': 400}",0.882571477,0.786731447,0.910279732,0.826484545,0.790390867,0.829690846,0.90314456,0.699256841,0.79346703,0.777521634,0.698147536,0.692972167,0.882480104,0.80562606,0.073582681,613,-6.916551832,-9.679081056,-5.920332374,-7.78049303,-8.752194188,-7.912131838,-7.049977486,-9.979131046,-9.665325627,-9.707314154,-10.84939445,-9.429867603,-8.104241338,-8.595848925,1.386933347,613
23,1.062957855,0.116209533,0.00112385,0.000295924,"(50,)",0.0007,400,"{'hidden_layer_sizes': (50,), 'learning_rate_init': 0.0007, 'max_iter': 400}",0.871608421,0.779073251,0.898947287,0.860151471,0.752939174,0.842777593,0.89074484,0.672616256,0.815151021,0.75338991,0.677807062,0.812296594,0.872254277,0.807673627,0.073075253,589,-7.232211305,-9.851329967,-6.283111914,-6.985009298,-9.501972931,-7.602067815,-7.487670065,-10.41174211,-9.143875909,-10.22022865,-11.2089813,-7.373145404,-8.449477455,-8.59621724,1.493506912,614
479,3.623165369,0.22372619,0.001705225,0.00051035,"(150, 150)",0.0008,400,"{'hidden_layer_sizes': (150, 150), 'learning_rate_init': 0.0008, 'max_iter': 400}",0.884557785,0.751701346,0.922363155,0.858205275,0.745903765,0.856822809,0.865100722,0.671118704,0.824196113,0.799023917,0.717092802,0.726295586,0.863527053,0.806608387,0.074010091,601,-6.857805469,-10.4437844,-5.507249434,-7.033444645,-9.636314348,-7.254566033,-8.320138082,-10.43552816,-8.917354502,-9.226295923,-10.50340555,-8.903435614,-8.733331613,-8.597896444,1.493867384,615
103,1.628885398,0.01852679,0.001403295,0.00124748,"(50, 50)",0.001,400,"{'hidden_layer_sizes': (50, 50), 'learning_rate_init': 0.001, 'max_iter': 400}",0.881998925,0.790355251,0.913335921,0.823406275,0.760538626,0.826901344,0.89260126,0.678228804,0.81098377,0.772091932,0.743193456,0.701133803,0.881929309,0.805899898,0.071282072,611,-6.933393021,-9.596496522,-5.818625015,-7.849204988,-9.354693848,-7.976665241,-7.423783792,-10.32210873,-9.246371608,-9.825056146,-10.00716774,-9.303687626,-8.123210721,-8.598497307,1.300849751,616
278,2.37207156,0.050854469,0.001525072,0.000512619,"(100, 100)",0.0011,350,"{'hidden_layer_sizes': (100, 100), 'learning_rate_init': 0.0011, 'max_iter': 350}",0.884092778,0.79096828,0.908295169,0.849622597,0.781015102,0.853515807,0.896146037,0.649439894,0.816627991,0.776782279,0.685390037,0.677638531,0.880151512,0.803822001,0.083958725,626,-6.871603382,-9.582455536,-5.985451466,-7.243180825,-8.945794689,-7.337868098,-7.300242032,-10.77397822,-9.107272186,-9.723430767,-11.07629138,-9.662472805,-8.184138064,-8.599552265,1.51176735,617
751,3.94372223,0.334778136,0.001992776,0.000542847,"(200, 200)",0.0007,400,"{'hidden_layer_sizes': (200, 200), 'learning_rate_init': 0.0007, 'max_iter': 400}",0.886336928,0.743954931,0.910713942,0.868022987,0.7237933,0.863726912,0.864211824,0.655071004,0.811032531,0.788370706,0.72149346,0.772917203,0.876461498,0.806623633,0.075907687,600,-6.804755613,-10.60544567,-5.905988985,-6.785583265,-10.04682757,-7.077494933,-8.34750521,-10.68709572,-9.24517888,-9.467669359,-10.42139447,-8.109775637,-8.309173599,-8.601068378,1.555067172,618
494,2.763754845,0.392021829,0.001700255,0.000506308,"(150, 150)",0.001,350,"{'hidden_layer_sizes': (150, 150), 'learning_rate_init': 0.001, 'max_iter': 350}",0.878046656,0.788821442,0.915188548,0.881959903,0.762784357,0.854943365,0.875484199,0.676233837,0.798501284,0.801839538,0.668794557,0.730268362,0.851753012,0.806509158,0.076375765,604,-7.04854853,-9.631537613,-5.756096366,-6.417307005,-9.310725155,-7.302025046,-7.993517939,-10.3540576,-9.546802477,-9.161439009,-11.36467103,-8.838583443,-9.102267749,-8.602121459,1.547245864,619
60,1.040857388,0.049030871,0.000897609,0.000745361,"(50, 50)",0.0005,250,"{'hidden_layer_sizes': (50, 50), 'learning_rate_init': 0.0005, 'max_iter': 250}",0.890214548,0.782913171,0.855949992,0.821155774,0.768726764,0.758131867,0.925650526,0.695741103,0.877792089,0.726240951,0.709066889,0.750504938,0.888823941,0.80391635,0.074057369,625,-6.687676131,-9.76534189,-7.501661283,-7.899061554,-9.193365633,-9.428961128,-6.176816089,-10.03729043,-7.434837057,-10.76810875,-10.65135137,-8.500563171,-7.882469587,-8.609808006,1.427191433,620
445,2.264385664,0.196416881,0.001734018,0.000466997,"(150, 100)",0.0011,300,"{'hidden_layer_sizes': (150, 100), 'learning_rate_init': 0.0011, 'max_iter': 300}",0.877082685,0.816685904,0.921249094,0.841676864,0.798410983,0.797557944,0.877346883,0.674744068,0.790719608,0.776308664,0.648542491,0.793819688,0.869903671,0.806465273,0.074579151,605,-7.076351055,-8.973640063,-5.546622193,-7.43207749,-8.583121847,-8.62630657,-7.933503466,-10.3778517,-9.729400154,-9.733740709,-11.70697119,-7.72752321,-8.526861072,-8.613382363,1.512324822,621
446,2.681053602,0.261082634,0.001698751,0.000419511,"(150, 100)",0.0011,350,"{'hidden_layer_sizes': (150, 100), 'learning_rate_init': 0.0011, 'max_iter': 350}",0.869214726,0.804120915,0.920261083,0.833182404,0.801943501,0.835681423,0.872962861,0.654939072,0.79477242,0.788937681,0.633986235,0.767649269,0.888036749,0.805052949,0.080474576,619,-7.299317579,-9.276085616,-5.581307795,-7.628848061,-8.507586878,-7.771732631,-8.074043293,-10.68913938,-9.634732402,-9.454978466,-11.94694447,-8.20330282,-7.910326634,-8.613718925,1.548559478,622
386,1.006918229,0.104428146,0.001055791,0.000642294,"(150, 50)",0.0011,150,"{'hidden_layer_sizes': (150, 50), 'learning_rate_init': 0.0011, 'max_iter': 150}",0.895509292,0.833278592,0.852457025,0.779802518,0.796719545,0.771735589,0.93669301,0.710335896,0.870109054,0.665993686,0.66412591,0.76140417,0.885833618,0.801845993,0.0836986,641,-6.524416431,-8.557884099,-7.592067757,-8.764844403,-8.61905508,-9.159960928,-5.699694196,-9.793596049,-7.6649837,-11.89412585,-11.44448851,-8.312815585,-7.987774319,-8.616592839,1.658860546,623
83,0.816783648,0.007194882,0.001069381,0.000380807,"(50, 50)",0.0008,200,"{'hidden_layer_sizes': (50, 50), 'learning_rate_init': 0.0008, 'max_iter': 200}",0.893772847,0.794887294,0.844744057,0.807821579,0.787404569,0.758366162,0.935534203,0.665031788,0.880979964,0.700432683,0.703085863,0.757856473,0.893028285,0.801765059,0.081152396,642,-6.578404995,-9.492202569,-7.787981731,-8.188235917,-8.814319877,-9.424393151,-5.751622823,-10.5316555,-7.337224946,-11.26425325,-10.76028004,-8.374389451,-7.731987562,-8.618227063,1.579717126,624
495,2.895677915,0.423935145,0.001477645,0.000500101,"(150, 150)",0.001,400,"{'hidden_layer_sizes': (150, 150), 'learning_rate_init': 0.001, 'max_iter': 400}",0.879494789,0.783000726,0.910748245,0.87610177,0.762784357,0.854943365,0.875484199,0.677905615,0.797529707,0.806435597,0.672972912,0.730268362,0.851753012,0.806109435,0.07489109,608,-7.006574597,-9.763372429,-5.904854358,-6.574618968,-9.310725155,-7.302025046,-7.993517939,-10.32729122,-9.569790965,-9.054572233,-11.29275743,-8.838583443,-9.102267749,-8.618534733,1.506459041,625
671,2.877275742,0.168754597,0.00167722,0.00053611,"(200, 100)",0.0011,400,"{'hidden_layer_sizes': (200, 100), 'learning_rate_init': 0.0011, 'max_iter': 400}",0.879419462,0.724110196,0.924248822,0.852586688,0.805518127,0.853536026,0.882463947,0.685639234,0.761757503,0.803787422,0.707600905,0.731923476,0.86397245,0.805889558,0.074076608,612,-7.00876414,-11.00876347,-5.439957448,-7.171440332,-8.430462639,-7.337361658,-7.76624833,-10.20255668,-10.38081405,-9.116300107,-10.67815322,-8.811424285,-8.719068813,-8.620870397,1.594629288,626
657,0.771806497,0.033258964,0.001784196,0.000428961,"(200, 100)",0.001,100,"{'hidden_layer_sizes': (200, 100), 'learning_rate_init': 0.001, 'max_iter': 100}",0.884806423,0.795232977,0.851790887,0.816978246,0.767076077,0.78766973,0.93108159,0.698065953,0.865748876,0.683821601,0.725859,0.756064257,0.88465449,0.803757701,0.074019101,627,-6.850416364,-9.484200434,-7.609187061,-7.990784031,-9.226115605,-8.834469476,-5.946937103,-9.998869295,-7.792570883,-11.57234278,-10.33939512,-8.405323675,-8.02891785,-8.621502283,1.454662646,627
487,3.115801775,0.268642012,0.001388715,0.000493504,"(150, 150)",0.0009,400,"{'hidden_layer_sizes': (150, 150), 'learning_rate_init': 0.0009, 'max_iter': 400}",0.888214948,0.766883812,0.914961827,0.875091805,0.757894489,0.855211402,0.857629792,0.663720752,0.813619168,0.803343219,0.701223161,0.706395789,0.85998252,0.80493636,0.076683342,622,-6.748305,-10.11945054,-5.763784939,-6.601361305,-9.406199416,-7.295275546,-8.547424637,-10.55224536,-9.181685608,-9.12661341,-10.79397978,-9.221421253,-8.846017512,-8.631058793,1.514185285,628
752,0.519337672,0.034921724,0.002097552,0.000680905,"(200, 200)",0.0008,50,"{'hidden_layer_sizes': (200, 200), 'learning_rate_init': 0.0008, 'max_iter': 50}",0.884337533,0.777357976,0.866420936,0.820880252,0.750397048,0.790721203,0.92248828,0.704016226,0.871647116,0.749023053,0.723493154,0.714254351,0.873756432,0.803753351,0.070944433,628,-6.864344347,-9.889498897,-7.223871369,-7.905143756,-9.550732978,-8.770758125,-6.306805067,-9.899854208,-7.619467331,-10.31031912,-10.38391394,-9.097174695,-8.39965208,-8.632425839,1.309019502,629
279,2.940575838,0.377606715,0.001490153,0.000979461,"(100, 100)",0.0011,400,"{'hidden_layer_sizes': (100, 100), 'learning_rate_init': 0.0011, 'max_iter': 400}",0.885250273,0.784382096,0.915017515,0.840974297,0.783316792,0.848353817,0.886615933,0.6652692,0.794779603,0.780420967,0.687717077,0.681215243,0.883552525,0.802835795,0.080715514,633,-6.837206026,-9.732247073,-5.761897375,-7.448549339,-8.898657102,-7.466039098,-7.627842833,-10.52792263,-9.634563792,-9.643853973,-11.03525197,-9.608719054,-8.067179212,-8.637686883,1.498216466,630
493,2.422835368,0.163432481,0.001715623,0.000518954,"(150, 150)",0.001,300,"{'hidden_layer_sizes': (150, 150), 'learning_rate_init': 0.001, 'max_iter': 300}",0.885430442,0.760513969,0.911095554,0.880140574,0.762784357,0.859068327,0.861508189,0.646906797,0.803684562,0.81030344,0.678922268,0.755249672,0.851753012,0.805181628,0.077869999,617,-6.83183638,-10.25677453,-5.893354241,-6.466572233,-9.310725155,-7.197452746,-8.430197877,-10.81283375,-9.423213299,-8.963650591,-11.18956567,-8.419346108,-9.102267749,-8.638291564,1.591518495,631
263,3.310724203,0.044453448,0.001736696,0.00149606,"(100, 100)",0.0009,400,"{'hidden_layer_sizes': (100, 100), 'learning_rate_init': 0.0009, 'max_iter': 400}",0.859828288,0.759457586,0.92316989,0.830431032,0.768026944,0.856931709,0.892186412,0.655743149,0.790264175,0.7678122,0.735814897,0.708258578,0.893102632,0.803155961,0.077010252,630,-7.556714692,-10.27937117,-5.478561428,-7.691503211,-9.207264419,-7.251806602,-7.438107854,-10.67667796,-9.739980897,-9.916876148,-10.14991251,-9.192121789,-7.729300151,-8.639092218,1.489740943,632
171,1.212652702,0.077478205,0.001860307,0.001204285,"(100, 50)",0.0005,200,"{'hidden_layer_sizes': (100, 50), 'learning_rate_init': 0.0005, 'max_iter': 200}",0.885794941,0.781368743,0.858246959,0.823324042,0.767939311,0.770880293,0.925993211,0.680558911,0.878467484,0.704976939,0.711701806,0.740944181,0.891158418,0.801642711,0.077661191,644,-6.820960092,-9.800017276,-7.441611598,-7.851032297,-9.209003379,-9.177105867,-6.162564837,-10.28466703,-7.414263889,-11.1784908,-10.6030082,-8.661904635,-7.799272416,-8.646454024,1.485171323,633
111,1.668483184,0.04912541,0.000956095,0.000706033,"(50, 50)",0.0011,400,"{'hidden_layer_sizes': (50, 50), 'learning_rate_init': 0.0011, 'max_iter': 400}",0.875521149,0.788025836,0.919203548,0.820988267,0.757309194,0.829666591,0.883780637,0.674594792,0.798227085,0.770066356,0.761302856,0.684311008,0.883241554,0.803556836,0.07258436,629,-7.121157999,-9.649663768,-5.618196838,-7.902759854,-9.417562395,-7.912695231,-7.722625369,-10.38023287,-9.553295904,-9.868620597,-9.647876766,-9.561949397,-8.077943671,-8.648813897,1.316434671,634
719,4.116849973,0.566383896,0.002044219,0.00045595,"(200, 150)",0.001,400,"{'hidden_layer_sizes': (200, 150), 'learning_rate_init': 0.001, 'max_iter': 400}",0.879112446,0.739114573,0.912019104,0.874535319,0.769980199,0.867491594,0.855939967,0.625085956,0.788404946,0.768338423,0.737356589,0.753253737,0.882342876,0.804075056,0.078964888,624,-7.017681157,-10.70522071,-5.862663911,-6.616050011,-9.168419068,-6.979048783,-8.598000714,-11.14193708,-9.783056264,-9.905632143,-10.12025349,-8.453606211,-8.108971641,-8.650810861,1.603391363,635
502,3.073923606,0.257753985,0.00206399,0.00057702,"(150, 150)",0.0011,350,"{'hidden_layer_sizes': (150, 150), 'learning_rate_init': 0.0011, 'max_iter': 350}",0.885505982,0.799395589,0.900856546,0.879130082,0.774613383,0.854380838,0.866283605,0.632053985,0.796870385,0.798255072,0.652913663,0.730502389,0.869094223,0.803065826,0.083700637,631,-6.829583741,-9.387305563,-6.223473291,-6.493773699,-9.075611702,-7.316169893,-8.283579631,-11.03791128,-9.585359773,-9.243926917,-11.63394202,-8.834748304,-8.553346651,-8.653748651,1.577884636,636
781,2.47270386,0.196037069,0.001374373,0.000513888,"(200, 200)",0.0011,300,"{'hidden_layer_sizes': (200, 200), 'learning_rate_init': 0.0011, 'max_iter': 300}",0.881880561,0.772565473,0.90680231,0.871979078,0.75306655,0.862358131,0.871862226,0.653191414,0.810278461,0.761041429,0.681991739,0.721130867,0.884975632,0.80254799,0.081221062,635,-6.936869493,-9.995370877,-6.03397325,-6.683108493,-9.499523163,-7.112950715,-8.108944129,-10.71617427,-9.263606834,-10.06042893,-11.13595166,-8.987045594,-8.017733103,-8.657821578,1.572882445,637
257,0.742682072,0.028100395,0.00187309,0.001044642,"(100, 100)",0.0009,100,"{'hidden_layer_sizes': (100, 100), 'learning_rate_init': 0.0009, 'max_iter': 100}",0.88142923,0.789895769,0.850666957,0.814759979,0.768409552,0.780334,0.930882033,0.677226223,0.871202718,0.693725537,0.720180743,0.759579681,0.883652483,0.801688069,0.075669181,643,-6.950109663,-9.607007164,-7.637984356,-8.039063289,-9.199668232,-8.985783283,-5.955540736,-10.33817714,-7.632646428,-11.38965541,-10.44592578,-8.344538178,-8.063716061,-8.660755056,1.465748669,638
449,0.846322848,0.089252192,0.001775907,0.00046937,"(150, 150)",0.0005,100,"{'hidden_layer_sizes': (150, 150), 'learning_rate_init': 0.0005, 'max_iter': 100}",0.884228827,0.775486193,0.863239459,0.823317751,0.741771485,0.789478243,0.919667441,0.709028512,0.874613632,0.738615813,0.717519634,0.7149398,0.877981171,0.802299074,0.072175829,636,-6.867569352,-9.930983082,-7.309391293,-7.85117209,-9.714354386,-8.796765446,-6.420539478,-9.815672611,-7.530901304,-10.5219164,-10.49547914,-9.086256955,-8.257909012,-8.661454658,1.337092355,639
562,1.121179251,0.027750506,0.001549281,0.000490738,"(200, 50)",0.0005,150,"{'hidden_layer_sizes': (200, 50), 'learning_rate_init': 0.0005, 'max_iter': 150}",0.884506264,0.794756256,0.845696498,0.824892592,0.764790424,0.793588129,0.92743813,0.701661491,0.864792068,0.700836303,0.716395377,0.733535625,0.875729913,0.802201467,0.072419236,638,-6.859335609,-9.495234159,-7.764056695,-7.816103403,-9.271272456,-8.710475315,-6.102108921,-9.939155941,-7.820290388,-11.25666229,-10.51634413,-8.784889405,-8.333740394,-8.666897623,1.387453053,640
339,1.173525113,0.033578874,0.00111789,0.000150152,"(150, 50)",0.0005,200,"{'hidden_layer_sizes': (150, 50), 'learning_rate_init': 0.0005, 'max_iter': 200}",0.885540024,0.792626034,0.847174739,0.812832084,0.752573885,0.783529,0.927612662,0.703273185,0.872326437,0.704265384,0.706609579,0.747951517,0.88377402,0.801545273,0.073765365,645,-6.828568358,-9.544382421,-7.726777017,-8.080788481,-9.508994852,-8.920195652,-6.094765852,-9.91227277,-7.599277159,-11.19196318,-10.69623907,-8.543951334,-8.059503247,-8.669821491,1.423290399,641
759,3.785358997,0.290590959,0.001603493,0.000862335,"(200, 200)",0.0008,400,"{'hidden_layer_sizes': (200, 200), 'learning_rate_init': 0.0008, 'max_iter': 400}",0.885741001,0.746271451,0.9083681,0.868387655,0.725052928,0.872796149,0.855164373,0.654455219,0.799798704,0.780804419,0.687706395,0.767478189,0.885377185,0.802877059,0.079913037,632,-6.8225707,-10.55736128,-5.983070963,-6.776202109,-10.02389234,-6.837929973,-8.621114702,-10.69663104,-9.51601763,-9.635429735,-11.03544071,-8.206322301,-8.00372579,-8.670439175,1.640411297,642
503,3.251091774,0.387219252,0.00182592,0.000568146,"(150, 150)",0.0011,400,"{'hidden_layer_sizes': (150, 150), 'learning_rate_init': 0.0011, 'max_iter': 400}",0.885505982,0.799395589,0.900856546,0.873731267,0.774613383,0.853573986,0.866283605,0.632053985,0.789581111,0.799703435,0.653874721,0.727840394,0.871938644,0.802227127,0.08357997,637,-6.829583741,-9.387305563,-6.223473291,-6.637215958,-9.075611702,-7.336410761,-8.283579631,-11.03791128,-9.755828496,-9.210685264,-11.61782406,-8.878274227,-8.459909442,-8.671816417,1.568124134,643
378,0.876397591,0.012355633,0.001180814,0.000357265,"(150, 50)",0.001,150,"{'hidden_layer_sizes': (150, 50), 'learning_rate_init': 0.001, 'max_iter': 150}",0.891630864,0.834043884,0.840177749,0.779526848,0.791445218,0.769636322,0.93471485,0.702420032,0.870629426,0.662046855,0.673052528,0.754807844,0.884309272,0.799110899,0.08298704,652,-6.644398046,-8.53822012,-7.901679843,-8.77032914,-8.730154303,-9.201985003,-5.788058678,-9.926512485,-7.649614459,-11.96419376,-11.29138272,-8.426942061,-8.040923752,-8.68264572,1.619808362,644
744,0.745897311,0.045739478,0.002553756,0.001137481,"(200, 200)",0.0007,50,"{'hidden_layer_sizes': (200, 200), 'learning_rate_init': 0.0007, 'max_iter': 50}",0.884294685,0.76914845,0.861980697,0.819172101,0.743204383,0.790786508,0.919670312,0.705069427,0.86879284,0.752085649,0.724998355,0.714615096,0.870275604,0.801853393,0.070026418,640,-6.865615707,-10.0701772,-7.34295255,-7.942747467,-9.687364651,-8.769389558,-6.420424776,-9.88222515,-7.703721294,-10.24721917,-10.35561227,-9.091430431,-8.514663609,-8.684118756,1.287304364,645
271,3.553414345,0.293285795,0.002063861,0.002940022,"(100, 100)",0.001,400,"{'hidden_layer_sizes': (100, 100), 'learning_rate_init': 0.001, 'max_iter': 400}",0.858898966,0.782614265,0.917173154,0.836512263,0.772120296,0.852475729,0.887613785,0.662033503,0.787371867,0.779346432,0.691787143,0.69080459,0.892460669,0.800862512,0.079341016,646,-7.581723385,-9.772062504,-5.688350755,-7.552324262,-9.125668065,-7.363872439,-7.594203723,-10.57868468,-9.806909291,-9.667421827,-10.96310344,-9.463095886,-7.752474245,-8.6853765,1.474549574,646
614,2.59895156,0.415453021,0.001101384,0.001007795,"(200, 50)",0.0011,350,"{'hidden_layer_sizes': (200, 50), 'learning_rate_init': 0.0011, 'max_iter': 350}",0.860127363,0.718399532,0.915843306,0.853000417,0.815221859,0.854926893,0.880592925,0.661897259,0.806482351,0.784880667,0.686194377,0.642379165,0.902955283,0.798684723,0.089426752,653,-7.54864876,-11.12211551,-5.733834316,-7.161369595,-8.217451323,-7.302439614,-7.827818577,-10.58081675,-9.355824888,-9.545417145,-11.06212335,-10.17719575,-7.364488968,-8.692272658,1.653233658,647
767,3.572670331,0.283086335,0.001624346,0.000574771,"(200, 200)",0.0009,400,"{'hidden_layer_sizes': (200, 200), 'learning_rate_init': 0.0009, 'max_iter': 400}",0.886163518,0.745946852,0.905725159,0.861893341,0.727114886,0.870840437,0.839114496,0.653870205,0.833399772,0.771254142,0.683475938,0.762410629,0.883955501,0.80193576,0.079663454,639,-6.809944467,-10.56411222,-6.068742501,-6.941372423,-9.986234653,-6.890294786,-9.086239488,-10.70568201,-8.680796821,-9.843098038,-11.10993457,-8.295264256,-8.053208548,-8.694994214,1.613918691,648
210,0.902168732,0.064186832,0.001700566,0.001072879,"(100, 50)",0.001,150,"{'hidden_layer_sizes': (100, 50), 'learning_rate_init': 0.001, 'max_iter': 150}",0.895070441,0.827520243,0.831766299,0.788230873,0.792426854,0.761394753,0.934042846,0.676855464,0.879064776,0.661181679,0.673670219,0.753418151,0.892382882,0.797463498,0.086702385,656,-6.538103026,-8.704418863,-8.106946491,-8.595464682,-8.709584316,-9.365145166,-5.817771719,-10.34411299,-7.396022121,-11.97949841,-11.28071145,-8.45078931,-7.755277547,-8.695680469,1.676975739,649
783,3.733715516,0.859965977,0.001933226,0.000528267,"(200, 200)",0.0011,400,"{'hidden_layer_sizes': (200, 200), 'learning_rate_init': 0.0011, 'max_iter': 400}",0.886325122,0.772565473,0.89711356,0.850341658,0.747862207,0.871353952,0.880802171,0.653191414,0.787597771,0.752188773,0.66651179,0.7669336,0.876998976,0.800752805,0.080064967,647,-6.805108997,-9.995370877,-6.339863059,-7.225842677,-9.599106658,-6.876583868,-7.820956934,-10.71617427,-9.801698295,-10.2450877,-11.40376812,-8.215926697,-8.291078559,-8.718197439,1.600277245,650
782,3.03749974,0.477012974,0.001478434,0.000695384,"(200, 200)",0.0011,350,"{'hidden_layer_sizes': (200, 200), 'learning_rate_init': 0.0011, 'max_iter': 350}",0.885024032,0.772565473,0.897729657,0.868913097,0.747862207,0.869037955,0.880802171,0.653191414,0.785670416,0.757844056,0.667084578,0.7416196,0.87494508,0.800176134,0.081581381,648,-6.843942841,-9.995370877,-6.320852589,-6.762662115,-9.599106658,-6.938206836,-7.820956934,-10.71617427,-9.846068573,-10.12751181,-11.39397056,-8.650605457,-8.360015036,-8.721188042,1.617392765,651
649,0.859742641,0.017709747,0.001815044,0.000499612,"(200, 100)",0.0009,100,"{'hidden_layer_sizes': (200, 100), 'learning_rate_init': 0.0009, 'max_iter': 100}",0.882340697,0.791656401,0.844203097,0.81512924,0.758354368,0.785616292,0.92932812,0.694937411,0.864045759,0.685011219,0.72326724,0.740156164,0.877579587,0.799355815,0.074184931,650,-6.923344991,-9.566670064,-7.801537799,-8.031046672,-9.397261638,-8.877085601,-6.022114963,-10.0505383,-7.841843589,-11.55055185,-10.38815506,-8.675068865,-8.271486913,-8.722823562,1.429478842,652
774,3.386443413,0.262962863,0.001607528,0.001137012,"(200, 200)",0.001,350,"{'hidden_layer_sizes': (200, 200), 'learning_rate_init': 0.001, 'max_iter': 350}",0.886241999,0.776545533,0.90228742,0.868973925,0.738060542,0.870293868,0.862941078,0.622161985,0.804752549,0.764513018,0.672636416,0.743335627,0.878404349,0.799319101,0.085227766,651,-6.807596608,-9.907526353,-6.178400373,-6.761092882,-9.783906787,-6.90485835,-8.386473461,-11.18530093,-9.397546464,-9.987082624,-11.29856581,-8.621831212,-8.243576808,-8.727981435,1.63917179,653
75,0.836122348,0.066046012,0.001017112,0.000179577,"(50, 50)",0.0007,200,"{'hidden_layer_sizes': (50, 50), 'learning_rate_init': 0.0007, 'max_iter': 200}",0.889435379,0.781579817,0.841847141,0.805205999,0.776544361,0.752206885,0.92978711,0.668759873,0.879436329,0.702443262,0.708107254,0.743276172,0.888132813,0.797443261,0.079513434,657,-6.71136608,-9.795285501,-7.860303766,-8.243769219,-9.036650865,-9.543751814,-6.002527331,-10.47288461,-7.384651874,-11.22638898,-10.6689035,-8.622829751,-7.906932384,-8.728941976,1.517225865,654
441,0.807260752,0.067732668,0.001841655,0.000657346,"(150, 100)",0.0011,100,"{'hidden_layer_sizes': (150, 100), 'learning_rate_init': 0.0011, 'max_iter': 100}",0.88493539,0.808908274,0.846508201,0.800193556,0.758871295,0.77303433,0.932191118,0.697921256,0.864036558,0.678132794,0.690362609,0.745512974,0.884542597,0.797319304,0.078820745,660,-6.846580552,-9.1620289,-7.743608622,-8.349159972,-9.387204968,-9.133865361,-5.89887254,-10.00126491,-7.842108937,-11.67598575,-10.98840951,-8.585182769,-8.032811187,-8.742083383,1.522929613,655
736,0.632573825,0.011644184,0.002010107,0.000508321,"(200, 200)",0.0006,50,"{'hidden_layer_sizes': (200, 200), 'learning_rate_init': 0.0006, 'max_iter': 50}",0.883572634,0.762693156,0.85680331,0.814751233,0.73611949,0.790945868,0.917378841,0.704903279,0.865662427,0.754430051,0.724766472,0.71308135,0.867406604,0.799424209,0.069584883,649,-6.887004595,-10.21000246,-7.47940924,-8.039253071,-9.820090759,-8.766049058,-6.511354827,-9.885008316,-7.795079416,-10.19865267,-10.35997733,-9.115827766,-8.60830436,-8.744308759,1.268646476,656
433,0.734660515,0.026326102,0.001311632,0.000420672,"(150, 100)",0.001,100,"{'hidden_layer_sizes': (150, 100), 'learning_rate_init': 0.001, 'max_iter': 100}",0.88238809,0.805195567,0.843969829,0.803414844,0.756130945,0.77782966,0.929354579,0.698084752,0.864177187,0.681851063,0.701162975,0.742188495,0.8797589,0.797346683,0.076336256,658,-6.921950477,-9.250604918,-7.807376074,-8.281583743,-9.440395548,-9.036860101,-6.020987555,-9.99855802,-7.838052277,-11.60834827,-10.79506691,-8.641076873,-8.197532329,-8.756799469,1.461460036,657
249,0.599961648,0.044516791,0.000308239,0.000606996,"(100, 100)",0.0008,100,"{'hidden_layer_sizes': (100, 100), 'learning_rate_init': 0.0008, 'max_iter': 100}",0.877748932,0.782144785,0.84471909,0.81187215,0.747329514,0.775897472,0.926310635,0.685442304,0.866932948,0.698732257,0.730770397,0.75048581,0.87758758,0.798151836,0.072797084,655,-7.057147055,-9.782609,-7.788607896,-8.101484075,-9.609241367,-9.076071259,-6.149334666,-10.20575186,-7.758130192,-11.29617751,-10.24635838,-8.500889017,-8.27121687,-8.757155319,1.386770182,658
615,2.610565534,0.12061388,0.001201978,0.004163774,"(200, 50)",0.0011,400,"{'hidden_layer_sizes': (200, 50), 'learning_rate_init': 0.0011, 'max_iter': 400}",0.869348575,0.721591169,0.916711877,0.847909637,0.823997423,0.843625847,0.873082433,0.650233671,0.797778719,0.783530159,0.693669639,0.592885572,0.907795861,0.794012352,0.097174247,666,-7.295581485,-11.05890732,-5.704168486,-7.284317793,-8.019944402,-7.581532547,-8.070242593,-10.76177348,-9.563904359,-9.575333098,-10.92957205,-10.85862834,-7.178469767,-8.760182747,1.716170207,659
370,0.876920865,0.021507179,0.001289863,0.000413173,"(150, 50)",0.0009,150,"{'hidden_layer_sizes': (150, 50), 'learning_rate_init': 0.0009, 'max_iter': 150}",0.887311336,0.832271797,0.828866088,0.777054546,0.782905845,0.769379509,0.932647593,0.697749865,0.867691073,0.662297759,0.679117787,0.745152708,0.879193778,0.795510745,0.081561287,663,-6.775524992,-8.583684825,-8.17652645,-8.819365632,-8.907091408,-9.207112818,-5.878984056,-10.00410173,-7.735998372,-11.95975169,-11.18615823,-8.59125744,-8.216773535,-8.772487013,1.565924585,660
425,0.801156576,0.08443772,0.001709645,0.000613955,"(150, 100)",0.0009,100,"{'hidden_layer_sizes': (150, 100), 'learning_rate_init': 0.0009, 'max_iter': 100}",0.879697713,0.797789749,0.842053778,0.806218692,0.751104187,0.782016056,0.926825805,0.696827719,0.863399564,0.688136755,0.711186977,0.738910727,0.875094601,0.796866332,0.074043341,661,-7.000672777,-9.424803392,-7.855167105,-8.222312494,-9.537194495,-8.951313586,-6.12780165,-10.01935104,-7.860457769,-11.49310272,-10.61247114,-8.695833909,-8.355015754,-8.78119214,1.405293803,661
447,2.814579212,0.370127287,0.001429943,0.000612181,"(150, 100)",0.0011,400,"{'hidden_layer_sizes': (150, 100), 'learning_rate_init': 0.0011, 'max_iter': 400}",0.861795872,0.762428371,0.918655844,0.831490231,0.801943501,0.835681423,0.851793801,0.660902619,0.802103834,0.783021188,0.633986235,0.752654953,0.883109514,0.798428261,0.078729687,654,-7.503490639,-10.215697,-5.637207037,-7.6674434,-8.507586878,-7.771732631,-8.720851797,-10.59636879,-9.461075016,-9.586583392,-11.94694447,-8.463857261,-8.082509955,-8.781642174,1.54246353,662
728,0.65575684,0.038141482,0.002317539,0.000633296,"(200, 200)",0.0005,50,"{'hidden_layer_sizes': (200, 200), 'learning_rate_init': 0.0005, 'max_iter': 50}",0.881567132,0.764051958,0.85083848,0.803920053,0.732070295,0.790716113,0.917790444,0.701651342,0.862340203,0.75429562,0.719722735,0.705344561,0.865777336,0.796160483,0.07033292,662,-6.94606686,-10.18072963,-7.633596629,-8.270935366,-9.895147614,-8.770864772,-6.495115398,-9.939324996,-7.890878527,-10.20144377,-10.45447121,-9.237914801,-8.661031028,-8.813655432,1.256708747,663
202,0.856281849,0.050934677,0.001366689,0.000695058,"(100, 50)",0.0009,150,"{'hidden_layer_sizes': (100, 50), 'learning_rate_init': 0.0009, 'max_iter': 150}",0.88917995,0.820794926,0.826711967,0.784775383,0.781115093,0.753194451,0.930550096,0.667955075,0.877483949,0.663334854,0.67656172,0.741118306,0.887351807,0.792317506,0.086204433,668,-6.719113975,-8.872497096,-8.227825884,-8.665308091,-8.943752081,-9.524714771,-5.969824256,-10.48559962,-7.444204412,-11.94137316,-11.23062291,-8.658993078,-7.934485681,-8.816793463,1.628060457,664
775,3.572935086,0.303458329,0.00154862,0.000697619,"(200, 200)",0.001,400,"{'hidden_layer_sizes': (200, 200), 'learning_rate_init': 0.001, 'max_iter': 400}",0.886600166,0.76980668,0.9004319,0.856240684,0.736987843,0.870717572,0.830409856,0.657441085,0.783084835,0.76300528,0.673164845,0.758836935,0.878734171,0.797343219,0.077172989,659,-6.796871299,-10.05581034,-6.236787061,-7.08200184,-9.803919925,-6.893571249,-9.328805232,-10.65031577,-9.905279922,-10.01900347,-11.28944308,-8.357417902,-8.232389073,-8.819355088,1.590232752,665
641,0.952381336,0.070862409,0.00182713,0.000590144,"(200, 100)",0.0008,100,"{'hidden_layer_sizes': (200, 100), 'learning_rate_init': 0.0008, 'max_iter': 100}",0.878639753,0.786860066,0.837028338,0.810509277,0.748405521,0.782805261,0.927208057,0.689361483,0.86207848,0.684924679,0.721390583,0.724554703,0.872754997,0.794347784,0.074968867,664,-7.031387994,-9.676161949,-7.97915414,-8.130776316,-9.588758864,-8.9350949,-6.111775256,-10.14197416,-7.898376141,-11.55213845,-10.42331906,-8.93170565,-8.432901661,-8.833348041,1.409995671,666
241,0.67895594,0.099301345,0.001501597,0.000481947,"(100, 100)",0.0007,100,"{'hidden_layer_sizes': (100, 100), 'learning_rate_init': 0.0007, 'max_iter': 100}",0.874118773,0.769739264,0.842642085,0.807966973,0.737851208,0.775013334,0.921884711,0.690598423,0.862906445,0.703624005,0.730171223,0.738439704,0.871123355,0.794313808,0.071334534,665,-7.161159075,-10.05728274,-7.840524253,-8.185137895,-9.787815506,-9.093957267,-6.331312406,-10.12176171,-7.874632868,-11.20409296,-10.25775373,-8.703674312,-8.486796302,-8.854300079,1.338740204,667
417,0.726397496,0.039302253,0.001626547,0.000498637,"(150, 100)",0.0008,100,"{'hidden_layer_sizes': (150, 100), 'learning_rate_init': 0.0008, 'max_iter': 100}",0.876389017,0.792434477,0.838668814,0.805682977,0.741885664,0.779153397,0.92214625,0.691972083,0.860756309,0.691884363,0.712563876,0.7297085,0.871474084,0.793439986,0.073556406,667,-7.096290201,-9.548789596,-7.938893393,-8.233670072,-9.712206488,-9.009898136,-6.320704521,-10.09926775,-7.936144351,-11.42383865,-10.58714376,-8.847751496,-8.475240291,-8.863833747,1.362016712,668
67,0.81933414,0.010094296,0.001922846,0.002180019,"(50, 50)",0.0006,200,"{'hidden_layer_sizes': (50, 50), 'learning_rate_init': 0.0006, 'max_iter': 200}",0.883398241,0.768655296,0.838523317,0.801332953,0.764561975,0.747356144,0.921735672,0.676267942,0.872941916,0.70580501,0.706527381,0.72857765,0.882502728,0.792168171,0.07727116,669,-6.892160581,-10.08092761,-7.942472452,-8.325320372,-9.275773742,-9.636712207,-6.337349396,-10.35351224,-7.580938024,-11.16279188,-10.69773732,-8.866240862,-8.103461244,-8.86579984,1.434448991,669
362,0.867843665,0.005006899,0.001237209,0.000386593,"(150, 50)",0.0008,150,"{'hidden_layer_sizes': (150, 50), 'learning_rate_init': 0.0008, 'max_iter': 150}",0.880880359,0.826452879,0.819684806,0.775390507,0.772136985,0.76879477,0.929729294,0.695417976,0.863387018,0.662063324,0.685241177,0.730975174,0.874601322,0.791135045,0.080035514,671,-6.966177332,-8.73131029,-8.392995091,-8.852217792,-9.125333895,-9.218777779,-6.004998168,-10.04261888,-7.860818716,-11.96390223,-11.07891148,-8.82699542,-8.371497401,-8.87973496,1.502839041,670
720,0.561524336,0.04568659,0.002032408,0.000379435,"(200, 150)",0.0011,50,"{'hidden_layer_sizes': (200, 150), 'learning_rate_init': 0.0011, 'max_iter': 50}",0.871802892,0.774122212,0.843799874,0.81018613,0.739946145,0.773506828,0.92110567,0.696457278,0.861242219,0.710581974,0.718579301,0.709976543,0.861132192,0.791726097,0.071720868,670,-7.226732036,-9.961104092,-7.811626984,-8.137706255,-9.748627861,-9.124352939,-6.362805037,-10.02547041,-7.922285115,-11.07179357,-10.47577482,-9.165017199,-8.809625707,-8.910994002,1.312615443,671
194,0.859856826,0.02825372,0.001609876,0.000492538,"(100, 50)",0.0008,150,"{'hidden_layer_sizes': (100, 50), 'learning_rate_init': 0.0008, 'max_iter': 150}",0.882593495,0.811371072,0.824331847,0.78428762,0.766075193,0.750450202,0.926242376,0.663527703,0.873229089,0.665455145,0.684157025,0.729949925,0.886125583,0.788292021,0.084755235,677,-6.915903386,-9.102797126,-8.284137989,-8.675121617,-9.245916856,-9.577521391,-6.15218209,-10.55527381,-7.572366077,-11.90371085,-11.09797512,-8.843799194,-7.977553939,-8.915712265,1.562630719,672
633,1.064731525,0.050448438,0.002475427,0.001689977,"(200, 100)",0.0007,100,"{'hidden_layer_sizes': (200, 100), 'learning_rate_init': 0.0007, 'max_iter': 100}",0.875314646,0.780126403,0.833504816,0.806197423,0.737808734,0.778506742,0.924220477,0.685504809,0.859942307,0.686450578,0.719228636,0.710080339,0.868040253,0.789609705,0.075661165,674,-7.12706235,-9.827821418,-8.064949368,-8.222763711,-9.788608402,-9.023079312,-6.235936069,-10.20473782,-7.959307433,-11.52413119,-10.46368223,-9.163377022,-8.587710679,-8.937935924,1.390316021,673
712,0.474671547,0.033042393,0.001919215,0.000726302,"(200, 150)",0.001,50,"{'hidden_layer_sizes': (200, 150), 'learning_rate_init': 0.001, 'max_iter': 50}",0.871346719,0.770603962,0.842117267,0.808854604,0.735046602,0.774640824,0.919656946,0.695840502,0.860534908,0.712721883,0.71820093,0.707120724,0.860339809,0.790540437,0.071743651,672,-7.239578308,-10.03838092,-7.853588185,-8.166198979,-9.840033817,-9.101482581,-6.420958882,-10.03565074,-7.942451182,-11.03078612,-10.48281481,-9.210029958,-8.834723928,-8.938206032,1.303539991,674
233,0.707305523,0.043731374,0.001253587,0.000635901,"(100, 100)",0.0006,100,"{'hidden_layer_sizes': (100, 100), 'learning_rate_init': 0.0006, 'max_iter': 100}",0.87065501,0.759566387,0.841869562,0.804200424,0.72554601,0.772957788,0.917029477,0.693171998,0.860049755,0.709509816,0.724510175,0.724280009,0.867684506,0.790079301,0.071419086,673,-7.25901414,-10.27704614,-7.859746586,-8.265020024,-10.01490002,-9.13540537,-6.52510696,-10.07957784,-7.956253762,-11.09228252,-10.36479979,-8.936158215,-8.599278579,-8.951122303,1.309859634,675
409,0.80368174,0.058146175,0.001722391,0.000659501,"(150, 100)",0.0007,100,"{'hidden_layer_sizes': (150, 100), 'learning_rate_init': 0.0007, 'max_iter': 100}",0.872719898,0.786814054,0.835023032,0.800914779,0.732834704,0.774058182,0.919191812,0.686547902,0.858944942,0.692480188,0.708128114,0.716815758,0.868276485,0.788673065,0.074596652,676,-7.200838892,-9.67720634,-8.028094315,-8.334077755,-9.881021992,-9.113240424,-6.439518633,-10.18780064,-7.987596668,-11.41278778,-10.66852228,-9.056309642,-8.580020454,-8.966695063,1.348366712,676
704,0.419251259,0.002393168,0.00132016,0.000452834,"(200, 150)",0.0009,50,"{'hidden_layer_sizes': (200, 150), 'learning_rate_init': 0.0009, 'max_iter': 50}",0.871450894,0.766303327,0.840629665,0.807790919,0.727975424,0.774322513,0.917228474,0.696518655,0.860170244,0.713845619,0.717545779,0.705841356,0.859919185,0.789195543,0.071806504,675,-7.236646633,-10.13204197,-7.890500461,-8.188889066,-9.970476521,-9.107908045,-6.517277325,-10.02445677,-7.952828114,-11.00919061,-10.49499341,-9.230123866,-8.848017971,-8.96948852,1.297307598,677
106,0.612725625,0.005752562,0.001229176,0.000924366,"(50, 50)",0.0011,150,"{'hidden_layer_sizes': (50, 50), 'learning_rate_init': 0.0011, 'max_iter': 150}",0.884292663,0.804003811,0.817006072,0.773904008,0.776016245,0.740851906,0.926104009,0.642760763,0.879328746,0.653105603,0.687197423,0.728705689,0.886503336,0.784598482,0.088955071,685,-6.865675713,-9.278858017,-8.455107745,-8.881462144,-9.047323184,-9.75997103,-6.15795004,-10.87613084,-7.387945933,-12.12142933,-11.04442975,-8.864149362,-7.964311097,-8.977288015,1.634416023,678
98,0.608516326,0.018603253,0.001092361,0.002756152,"(50, 50)",0.001,150,"{'hidden_layer_sizes': (50, 50), 'learning_rate_init': 0.001, 'max_iter': 150}",0.882836818,0.796508845,0.820545314,0.776561879,0.76977925,0.738813882,0.923205639,0.647782307,0.877477179,0.658198723,0.694314443,0.724889935,0.885020185,0.784302646,0.08673518,687,-6.908733101,-9.454607053,-8.372944421,-8.829104807,-9.172423029,-9.798273645,-6.277552989,-10.79941999,-7.444410098,-12.0321166,-10.91806299,-8.926268817,-8.016180181,-8.996161364,1.583199586,679
354,0.871626194,0.00480373,0.001177439,0.000369758,"(150, 50)",0.0007,150,"{'hidden_layer_sizes': (150, 50), 'learning_rate_init': 0.0007, 'max_iter': 150}",0.874367621,0.817163679,0.813310628,0.772581043,0.757343526,0.766732711,0.927198311,0.688821739,0.85910461,0.660661377,0.688597696,0.71366405,0.870852266,0.785415327,0.080023153,683,-7.154077293,-8.961938364,-8.540053746,-8.907408481,-9.416896239,-9.259796447,-6.112184422,-10.15078132,-7.983074588,-11.98869297,-11.01968162,-9.106566443,-8.495717494,-9.007451494,1.463519163,680
696,0.419039304,0.002721586,0.001616148,0.000487777,"(200, 150)",0.0008,50,"{'hidden_layer_sizes': (200, 150), 'learning_rate_init': 0.0008, 'max_iter': 50}",0.870337451,0.764561819,0.83892895,0.803398169,0.720212916,0.774371051,0.915127428,0.695850668,0.85927196,0.71364171,0.714341837,0.703091937,0.860069687,0.78716966,0.072335869,678,-7.267919608,-10.16972391,-7.932490334,-8.281934969,-10.1117349,-9.106928549,-6.599475245,-10.03548303,-7.978332181,-11.01311239,-10.55434912,-9.273159238,-8.843263569,-9.012915926,1.29243731,681
59,0.848824171,0.026268523,0.001333769,0.001120797,"(50, 50)",0.0005,200,"{'hidden_layer_sizes': (50, 50), 'learning_rate_init': 0.0005, 'max_iter': 200}",0.876732517,0.755811963,0.836638862,0.79481523,0.745795835,0.742205241,0.913035061,0.683504342,0.866207512,0.708914145,0.709209827,0.717480029,0.87338914,0.786441516,0.074712192,679,-7.086423453,-10.35697451,-7.988682885,-8.460783797,-9.638360698,-9.734453193,-6.680328514,-10.23714195,-7.779248789,-11.10364944,-10.6487345,-9.045681634,-8.411862141,-9.013255808,1.34891985,682
186,0.878360877,0.092504654,0.001608702,0.000542194,"(100, 50)",0.0007,150,"{'hidden_layer_sizes': (100, 50), 'learning_rate_init': 0.0007, 'max_iter': 150}",0.874441639,0.801711609,0.823569499,0.78172573,0.752191589,0.749639391,0.920382265,0.66766935,0.869284449,0.667927403,0.692725966,0.712476473,0.88052543,0.784174677,0.082228242,688,-7.151969537,-9.332959039,-8.302093884,-8.726484241,-9.516338143,-9.593067894,-6.391909684,-10.49011008,-7.689275536,-11.85964557,-10.94639378,-9.125431621,-8.171361134,-9.022849242,1.470438668,683
90,0.614939745,0.006550247,0.001198347,0.00100027,"(50, 50)",0.0009,150,"{'hidden_layer_sizes': (50, 50), 'learning_rate_init': 0.0009, 'max_iter': 150}",0.880475875,0.786204208,0.822427408,0.778155313,0.763333795,0.736245837,0.919740387,0.653462661,0.87512551,0.665324439,0.706793878,0.720787671,0.881695724,0.78382867,0.083612975,689,-6.977994496,-9.691037894,-8.328921592,-8.797566392,-9.299936156,-9.846325308,-6.417623762,-10.71198276,-7.51551349,-11.90603599,-10.69287901,-8.992573932,-8.131242027,-9.023817909,1.512134278,684
625,0.77324207,0.02248115,0.001279446,0.004149907,"(200, 100)",0.0006,100,"{'hidden_layer_sizes': (200, 100), 'learning_rate_init': 0.0006, 'max_iter': 100}",0.872397488,0.773957452,0.831870865,0.801892235,0.727098816,0.773861092,0.920655794,0.683687633,0.857863497,0.690412009,0.716833518,0.699938525,0.863280997,0.785673071,0.075775946,681,-7.209953264,-9.964736356,-8.104426644,-8.313593516,-9.986528687,-9.117214336,-6.380920457,-10.23417722,-8.018157984,-11.45110097,-10.50821763,-9.322273524,-8.741201039,-9.02711551,1.363983057,685
688,0.419748435,0.002225055,0.001498589,0.000480163,"(200, 150)",0.0007,50,"{'hidden_layer_sizes': (200, 150), 'learning_rate_init': 0.0007, 'max_iter': 50}",0.869246829,0.76708205,0.837380536,0.796792685,0.716007122,0.776935669,0.915530368,0.696364576,0.858494194,0.716378484,0.710007737,0.698610027,0.860058534,0.78606837,0.07276789,680,-7.298421677,-10.11514691,-7.970527602,-8.419914976,-10.18745183,-9.055023539,-6.583790782,-10.02700118,-8.000348857,-10.96035897,-10.63411473,-9.34288754,-8.843615979,-9.033738813,1.285450289,686
609,0.915622253,0.058436328,0.002206876,0.002290008,"(200, 50)",0.0011,100,"{'hidden_layer_sizes': (200, 50), 'learning_rate_init': 0.0011, 'max_iter': 100}",0.875615666,0.830335064,0.7986974,0.761117097,0.764326147,0.764411354,0.930662651,0.677092821,0.850027998,0.641187603,0.707314608,0.703169435,0.87304642,0.782846482,0.083237906,692,-7.118453933,-8.633099845,-8.867996218,-9.129154785,-9.280418154,-9.305756765,-5.964984754,-10.34031329,-8.236200116,-12.32789455,-10.6833796,-9.271948939,-8.423239394,-9.044833873,1.513054308,687
225,0.644709037,0.034333799,0.001159833,0.000661227,"(100, 100)",0.0005,100,"{'hidden_layer_sizes': (100, 100), 'learning_rate_init': 0.0005, 'max_iter': 100}",0.869126838,0.747834558,0.837888525,0.797160693,0.717595491,0.771888386,0.91092754,0.696812041,0.85572952,0.71275107,0.718215488,0.712072667,0.863875366,0.785529091,0.071237761,682,-7.301769765,-10.52479146,-7.958068728,-8.412287283,-10.15892273,-9.156894652,-6.760789982,-10.01961011,-8.078124335,-11.03022575,-10.48254403,-9.131837383,-8.722179699,-9.056772761,1.279532922,688
680,0.426652743,0.010651979,0.001408063,0.000493892,"(200, 150)",0.0006,50,"{'hidden_layer_sizes': (200, 150), 'learning_rate_init': 0.0006, 'max_iter': 50}",0.86964966,0.770005484,0.835249812,0.787884713,0.714687053,0.778698353,0.9157191,0.697270967,0.856818433,0.718816767,0.705717327,0.691796412,0.859964894,0.78479069,0.07328615,684,-7.287170344,-10.05146711,-8.022574649,-8.602486934,-10.21110128,-9.01917559,-6.576431541,-10.01202405,-8.047580908,-10.91314439,-10.71249131,-9.447906074,-8.846574307,-9.057702191,1.276970018,689
401,0.718520164,0.043028714,0.00296347,0.00453797,"(150, 100)",0.0006,100,"{'hidden_layer_sizes': (150, 100), 'learning_rate_init': 0.0006, 'max_iter': 100}",0.869716012,0.775369082,0.831863528,0.796439812,0.72637333,0.769974062,0.916742001,0.684193209,0.857102638,0.694567807,0.70400476,0.70537128,0.864589831,0.784331335,0.075132656,686,-7.285315399,-9.933572858,-8.104603479,-8.427222452,-9.999794074,-9.195236941,-6.536401268,-10.22599509,-8.039590009,-11.37398357,-10.74361655,-9.237495962,-8.69925991,-9.061699043,1.337257349,690
82,0.609525222,0.00717925,0.000918755,0.000450644,"(50, 50)",0.0008,150,"{'hidden_layer_sizes': (50, 50), 'learning_rate_init': 0.0008, 'max_iter': 150}",0.87620311,0.772236826,0.824595967,0.778757013,0.756651695,0.73609973,0.915629611,0.65914897,0.871388875,0.673189406,0.707692327,0.715817518,0.877850215,0.781943174,0.081056575,694,-7.101624477,-10.00259001,-8.277907975,-8.785627658,-9.430310818,-9.849052132,-6.579922021,-10.62373312,-7.627128516,-11.76530674,-10.67648376,-9.0722576,-8.262339209,-9.081098773,1.451309518,691
496,0.398141953,0.008721292,0.00151891,0.000473062,"(150, 150)",0.0011,50,"{'hidden_layer_sizes': (150, 150), 'learning_rate_init': 0.0011, 'max_iter': 50}",0.863297546,0.77419123,0.83038168,0.801652626,0.72299075,0.770040008,0.91400301,0.691974458,0.862121516,0.710647747,0.697113895,0.684852158,0.85922312,0.783268442,0.074755116,690,-7.462614233,-9.959582152,-8.140239562,-8.318619598,-10.06141308,-9.193918756,-6.643047315,-10.09922883,-7.897143784,-11.07053541,-10.86795449,-9.553750396,-8.869973753,-9.087540104,1.28996538,692
617,0.786542672,0.021666261,0.001201886,0.004163457,"(200, 100)",0.0005,100,"{'hidden_layer_sizes': (200, 100), 'learning_rate_init': 0.0005, 'max_iter': 100}",0.87040812,0.767161832,0.830539674,0.798213101,0.715814268,0.771144633,0.916713607,0.684678639,0.855504325,0.69582286,0.713707689,0.696708814,0.859933818,0.78279626,0.075246249,693,-7.265938751,-10.11341437,-8.136447475,-8.390435817,-10.19091029,-9.171810439,-6.537515749,-10.21813282,-8.084426541,-11.35059107,-10.56605771,-9.372309389,-8.847555832,-9.09581125,1.336413682,693
672,0.419383764,0.002459594,0.001405459,0.000497544,"(200, 150)",0.0005,50,"{'hidden_layer_sizes': (200, 150), 'learning_rate_init': 0.0005, 'max_iter': 50}",0.870680944,0.769134632,0.830861789,0.782069899,0.714616924,0.778632503,0.913135264,0.698214409,0.852797509,0.720988286,0.704670912,0.688071584,0.857599546,0.783190323,0.072546819,691,-7.258286395,-10.07047859,-8.128710815,-8.71960169,-10.21235614,-9.020517353,-6.676478772,-9.996410856,-8.159797387,-10.87092275,-10.73152021,-9.504826461,-8.920975646,-9.097760236,1.247162318,694
178,0.862546279,0.032765332,0.001229946,0.000419749,"(100, 50)",0.0006,150,"{'hidden_layer_sizes': (100, 50), 'learning_rate_init': 0.0006, 'max_iter': 150}",0.865901105,0.782714812,0.826867382,0.784728133,0.741032537,0.756114044,0.917933733,0.670182504,0.862511916,0.673449034,0.701130731,0.70540837,0.873583242,0.781658273,0.079152991,696,-7.391208214,-9.769802315,-8.224135468,-8.666259232,-9.728243779,-9.468210731,-6.489452553,-10.4503706,-7.885955549,-11.76063245,-10.79564926,-9.236914489,-8.405411722,-9.097865105,1.398401201,695
601,0.647933061,0.019994337,0.002213551,0.003883005,"(200, 50)",0.001,100,"{'hidden_layer_sizes': (200, 50), 'learning_rate_init': 0.001, 'max_iter': 100}",0.871530731,0.826290421,0.79519393,0.761477894,0.756041652,0.761700798,0.930437808,0.672936055,0.846711113,0.641534904,0.707841271,0.695589773,0.872019273,0.779946586,0.083445109,699,-7.234399097,-8.735396034,-8.944832644,-9.12225808,-9.442123703,-9.359137189,-5.974648378,-10.40665561,-8.326780779,-12.32192692,-10.67376334,-9.38958377,-8.457245795,-9.106827026,1.499978086,696
346,0.877041395,0.01627536,0.001188883,0.000289176,"(150, 50)",0.0006,150,"{'hidden_layer_sizes': (150, 50), 'learning_rate_init': 0.0006, 'max_iter': 150}",0.869478556,0.807623603,0.811307461,0.773776584,0.741581226,0.763852037,0.923716075,0.681304975,0.855956779,0.66285699,0.689354708,0.703529909,0.867610569,0.78091919,0.079971596,697,-7.291951495,-9.192774537,-8.585748659,-8.883964498,-9.717932432,-9.316796749,-6.256655412,-10.27264994,-8.071759386,-11.94984498,-11.00627917,-9.26631725,-8.601680838,-9.108796564,1.42949972,697
488,0.378188959,0.009669407,0.001691873,0.000461419,"(150, 150)",0.001,50,"{'hidden_layer_sizes': (150, 150), 'learning_rate_init': 0.001, 'max_iter': 50}",0.861827537,0.767751713,0.830403881,0.797962606,0.719498255,0.770652393,0.911384718,0.691196568,0.861241171,0.711650257,0.695642102,0.682108757,0.86024841,0.781659105,0.074925396,695,-7.502630988,-10.10059541,-8.139706796,-8.395642092,-10.12464088,-9.181668849,-6.743417253,-10.11197311,-7.922315027,-11.05134089,-10.89432743,-9.595243573,-8.837614356,-9.12316282,1.280823485,698
593,0.64459698,0.019212189,0.002356419,0.005152595,"(200, 50)",0.0009,100,"{'hidden_layer_sizes': (200, 50), 'learning_rate_init': 0.0009, 'max_iter': 100}",0.868251264,0.821098352,0.796895765,0.772735409,0.74892804,0.764230491,0.928021303,0.668349729,0.845196783,0.64292256,0.705798918,0.692792395,0.870938522,0.778935349,0.083118417,701,-7.326154367,-8.864982571,-8.907591577,-8.904384908,-9.578796585,-9.30932814,-6.077538384,-10.4793664,-8.367809535,-12.29805405,-10.71100616,-9.432627905,-8.492879938,-9.134655424,1.478321674,699
393,0.72313261,0.042011105,0.001007887,0.001996213,"(150, 100)",0.0005,100,"{'hidden_layer_sizes': (150, 100), 'learning_rate_init': 0.0005, 'max_iter': 100}",0.866930539,0.761350199,0.828568698,0.793609518,0.720029898,0.769933243,0.912679147,0.684727942,0.853408621,0.698171069,0.701744365,0.700008951,0.859926696,0.780852991,0.074324276,698,-7.362783596,-10.23885173,-8.183627796,-8.48560612,-10.11504156,-9.196052758,-6.693984541,-10.21733394,-8.142842042,-11.30669361,-10.78456084,-9.32117948,-8.847780781,-9.145872215,1.310242953,700
585,0.74792574,0.056071258,0.001500827,0.000503859,"(200, 50)",0.0008,100,"{'hidden_layer_sizes': (200, 50), 'learning_rate_init': 0.0008, 'max_iter': 100}",0.868248547,0.813538437,0.79797216,0.775717313,0.743398827,0.770167805,0.924876876,0.667586113,0.845489815,0.644820326,0.706675883,0.691853057,0.868606177,0.778380872,0.082201547,704,-7.326229899,-9.050350013,-8.883956384,-8.845775476,-9.683696342,-9.19136369,-6.20886964,-10.49142369,-8.359885945,-12.26533017,-10.69503036,-9.447037805,-8.569276203,-9.155248124,1.451190545,701
480,0.404069387,0.016642567,0.001578881,0.000552112,"(150, 150)",0.0009,50,"{'hidden_layer_sizes': (150, 150), 'learning_rate_init': 0.0009, 'max_iter': 50}",0.860610471,0.762960576,0.829602502,0.792940615,0.715058473,0.770438823,0.909248815,0.689349082,0.860810808,0.711966254,0.693391061,0.678302113,0.86203205,0.77974705,0.075640288,700,-7.535601292,-10.20424805,-8.158915084,-8.499345756,-10.20445271,-9.185942876,-6.824201982,-10.14217658,-7.93459114,-11.04528376,-10.93454061,-9.652522567,-8.781036298,-9.161758362,1.279152537,702
74,0.673852994,0.052635674,0.001134322,0.000458739,"(50, 50)",0.0007,150,"{'hidden_layer_sizes': (50, 50), 'learning_rate_init': 0.0007, 'max_iter': 150}",0.871931585,0.757914526,0.825366283,0.777029953,0.746764596,0.733034721,0.909956629,0.663985955,0.865773071,0.679794098,0.708667242,0.710018019,0.873542246,0.778752225,0.078827178,703,-7.223103781,-10.31228913,-8.259711079,-8.819852035,-9.619977476,-9.906081791,-6.797537214,-10.54808358,-7.791868648,-11.64581422,-10.6586646,-9.164361832,-8.40677452,-9.16570153,1.39078777,703
338,0.99679824,0.05569032,0.001522046,0.000407555,"(150, 50)",0.0005,150,"{'hidden_layer_sizes': (150, 50), 'learning_rate_init': 0.0005, 'max_iter': 150}",0.867352217,0.785050177,0.816695077,0.77637424,0.729915262,0.766427761,0.918983857,0.682600676,0.852774651,0.671790474,0.691913554,0.701658985,0.862537598,0.778774964,0.07756206,702,-7.351108527,-9.717157927,-8.462289347,-8.832811287,-9.934862608,-9.265847132,-6.447799187,-10.25174621,-8.160430899,-11.79046089,-10.96085498,-9.295509585,-8.764933626,-9.171985554,1.377568621,704
170,0.870411359,0.07894041,0.001157504,0.000495977,"(100, 50)",0.0005,150,"{'hidden_layer_sizes': (100, 50), 'learning_rate_init': 0.0005, 'max_iter': 150}",0.86462952,0.761840364,0.827759649,0.784170532,0.721790937,0.75576084,0.912714882,0.675161447,0.855897642,0.682993099,0.701738071,0.699669834,0.869101959,0.777940675,0.077461248,706,-7.426168871,-10.22833149,-8.202915881,-8.677475711,-10.08317909,-9.475064344,-6.692614685,-10.37119095,-8.073416149,-11.58749473,-10.78467464,-9.326446421,-8.553093916,-9.190928221,1.355882008,705
472,0.489169304,0.044486233,0.001922864,0.000504778,"(150, 150)",0.0008,50,"{'hidden_layer_sizes': (150, 150), 'learning_rate_init': 0.0008, 'max_iter': 50}",0.860063037,0.760914402,0.828378432,0.786752985,0.713067609,0.769746105,0.908269306,0.68644534,0.860515298,0.71165369,0.691049875,0.673845359,0.863690962,0.778030185,0.076580576,705,-7.550384325,-10.24819601,-8.188167897,-8.625405423,-10.24003951,-9.199792076,-6.860931129,-10.18946722,-7.943009548,-11.0512751,-10.97620789,-9.719154885,-8.728085516,-9.193855118,1.281818836,706
464,0.454203386,0.014067068,0.00176692,0.000530067,"(150, 150)",0.0007,50,"{'hidden_layer_sizes': (150, 150), 'learning_rate_init': 0.0007, 'max_iter': 50}",0.860113235,0.761668099,0.826587336,0.780447616,0.714098779,0.769269375,0.908213481,0.684868698,0.859592705,0.711977592,0.689098234,0.670168641,0.864585795,0.776976122,0.077059188,707,-7.549029993,-10.23202998,-8.230784132,-8.751996103,-10.22162276,-9.209311022,-6.863018536,-10.21505288,-7.96923495,-11.04506637,-11.01082171,-9.773783037,-8.699389546,-9.213164694,1.278286165,707
577,0.70018286,0.052021812,0.001310165,0.000605737,"(200, 50)",0.0007,100,"{'hidden_layer_sizes': (200, 50), 'learning_rate_init': 0.0007, 'max_iter': 100}",0.865337484,0.801714681,0.800721217,0.773565429,0.732318438,0.770959275,0.920385765,0.669233893,0.842805035,0.646039086,0.705152828,0.687876815,0.864887988,0.77546138,0.081086045,709,-7.406724646,-9.332886732,-8.823305926,-8.888109645,-9.89056435,-9.175523962,-6.391769189,-10.46538833,-8.432204113,-12.24426852,-10.72276084,-9.507793407,-8.689677269,-9.228536686,1.413070225,708
456,0.410898979,0.024615803,0.001392163,0.000531224,"(150, 150)",0.0006,50,"{'hidden_layer_sizes': (150, 150), 'learning_rate_init': 0.0006, 'max_iter': 50}",0.861721563,0.758746848,0.823626418,0.77671776,0.715016195,0.767217349,0.905504382,0.684897984,0.855848223,0.712528793,0.6893929,0.671681525,0.862260158,0.775781546,0.075960228,708,-7.505507573,-10.29454635,-8.300754599,-8.826024466,-10.20520973,-9.250172335,-6.963563761,-10.21457821,-8.074800409,-11.03449259,-11.00560256,-9.751341872,-8.773774263,-9.246182209,1.253038578,709
217,0.584520817,0.084631968,0.001599954,0.001322817,"(100, 50)",0.0011,100,"{'hidden_layer_sizes': (100, 50), 'learning_rate_init': 0.0011, 'max_iter': 100}",0.866622896,0.807803532,0.80313361,0.757186105,0.751970179,0.741403089,0.914004707,0.655123625,0.865186051,0.630850573,0.686975738,0.684752772,0.872272227,0.772098854,0.087744965,713,-7.371289688,-9.188474545,-8.769737526,-9.203961731,-9.520588495,-9.749586246,-6.642981774,-10.68628051,-7.808888296,-12.50421091,-11.04834269,-9.555256724,-8.448883792,-9.269114071,1.508420137,710
66,0.619774287,0.009436022,0.000802829,0.00057129,"(50, 50)",0.0006,150,"{'hidden_layer_sizes': (50, 50), 'learning_rate_init': 0.0006, 'max_iter': 150}",0.867165188,0.746214174,0.825113786,0.772101512,0.734027498,0.73034885,0.902321428,0.669868471,0.857875354,0.68617692,0.704826288,0.698717072,0.867926631,0.774052552,0.076913379,710,-7.356289107,-10.55855282,-8.265680142,-8.916794518,-9.858939763,-9.955788396,-7.079871444,-10.45534454,-8.017823534,-11.52915907,-10.72869686,-9.34122824,-8.591407045,-9.281198114,1.322538486,711
569,0.723583918,0.023030222,0.001587189,0.000510351,"(200, 50)",0.0006,100,"{'hidden_layer_sizes': (200, 50), 'learning_rate_init': 0.0006, 'max_iter': 100}",0.861443919,0.789059842,0.804438345,0.772865985,0.717098525,0.770214507,0.916274466,0.671997082,0.838264151,0.650129437,0.703066799,0.686459755,0.859907977,0.772401599,0.079525188,712,-7.513038807,-9.626099552,-8.740628428,-8.901826499,-10.16785748,-9.19042981,-6.554728138,-10.42158322,-8.553127419,-12.17331593,-10.76062547,-9.529351975,-8.848371934,-9.30622959,1.373762779,712
448,0.462644467,0.057966043,0.001795989,0.000593142,"(150, 150)",0.0005,50,"{'hidden_layer_sizes': (150, 150), 'learning_rate_init': 0.0005, 'max_iter': 50}",0.862584424,0.747305296,0.816696109,0.780278074,0.709821173,0.763491784,0.895252052,0.688508163,0.847127665,0.715485672,0.697496677,0.685727756,0.852304901,0.774006134,0.070825041,711,-7.482053666,-10.53583074,-8.462265545,-8.75537467,-10.29780597,-9.323900597,-7.331595269,-10.15589453,-8.31545936,-10.97759646,-10.86108496,-9.540469224,-9.085309146,-9.317280011,1.168649948,713
561,0.759187735,0.039385001,0.001619211,0.000594143,"(200, 50)",0.0005,100,"{'hidden_layer_sizes': (200, 50), 'learning_rate_init': 0.0005, 'max_iter': 100}",0.858857534,0.776131841,0.807883055,0.773685698,0.70270915,0.769720615,0.912304204,0.676692305,0.833580217,0.655080479,0.700157805,0.687605157,0.854558507,0.769920505,0.07792144,714,-7.582836414,-9.916693253,-8.663305774,-8.885748907,-10.42323706,-9.200301275,-6.708340672,-10.34672407,-8.676094436,-12.08687633,-10.81320684,-9.511930091,-9.015728586,-9.371617208,1.344351591,714
209,0.585092324,0.03254466,0.001504348,0.000682473,"(100, 50)",0.001,100,"{'hidden_layer_sizes': (100, 50), 'learning_rate_init': 0.001, 'max_iter': 100}",0.855535845,0.798723134,0.801774277,0.753200047,0.739681406,0.740187827,0.909811498,0.655025614,0.858625844,0.635293997,0.689799362,0.675725899,0.867556313,0.767764697,0.08538594,716,-7.671545887,-9.403026198,-8.799962305,-9.279200812,-9.753588721,-9.77246821,-6.80301312,-10.68779887,-7.996626438,-12.42872696,-10.99839921,-9.691095068,-8.603443248,-9.37606885,1.426077004,715
385,0.589804759,0.016177921,0.001328248,0.00039446,"(150, 50)",0.0011,100,"{'hidden_layer_sizes': (150, 50), 'learning_rate_init': 0.0011, 'max_iter': 100}",0.850996979,0.814997385,0.792211727,0.741543744,0.742628222,0.758649051,0.917800709,0.653191226,0.850804511,0.627152005,0.686445603,0.658756517,0.863727636,0.76606964,0.088200475,717,-7.791128604,-9.014873739,-9.009720605,-9.495800052,-9.698226117,-9.418874812,-6.494709899,-10.71617717,-8.214850064,-12.56669565,-11.05769442,-9.941431049,-8.726911294,-9.395930267,1.469879279,716
58,0.641598738,0.013744234,0.000602997,0.000588395,"(50, 50)",0.0005,150,"{'hidden_layer_sizes': (50, 50), 'learning_rate_init': 0.0005, 'max_iter': 150}",0.861003411,0.731548694,0.82180647,0.765020831,0.717957533,0.729481501,0.894811332,0.677581795,0.850020454,0.691298802,0.703612442,0.689864274,0.861774385,0.768906302,0.074818328,715,-7.524972334,-10.85934112,-8.343471223,-9.05425494,-10.15240878,-9.971787227,-7.347002707,-10.33248123,-8.236407258,-11.43468878,-10.7507341,-9.477474412,-8.789232084,-9.405712015,1.257457183,717
105,0.409919959,0.004396973,0.000683473,0.000951551,"(50, 50)",0.0011,100,"{'hidden_layer_sizes': (50, 50), 'learning_rate_init': 0.0011, 'max_iter': 100}",0.868045801,0.762189648,0.812984049,0.746332875,0.740560687,0.717591758,0.901835055,0.646865497,0.861463859,0.636964485,0.700424229,0.693835555,0.869696756,0.766060789,0.085341504,718,-7.331864724,-10.2208283,-8.547520124,-9.407411258,-9.737102394,-10.18856927,-7.097476027,-10.81346611,-7.915955382,-12.40023021,-10.80840174,-9.416599477,-8.533639272,-9.4168511,1.458324442,718
377,0.582138795,0.006755475,0.001001395,7.59E-06,"(150, 50)",0.001,100,"{'hidden_layer_sizes': (150, 50), 'learning_rate_init': 0.001, 'max_iter': 100}",0.846153736,0.807726236,0.793017798,0.741788819,0.736202578,0.757550844,0.915568678,0.654275027,0.848125663,0.627662643,0.684485673,0.655839779,0.860319598,0.763747467,0.087171939,720,-7.91673877,-9.190322026,-8.992227957,-9.4912969,-9.818544603,-9.440279607,-6.582297634,-10.69941968,-8.28827197,-12.55808727,-11.09219966,-9.983827244,-8.835363172,-9.452990499,1.439004497,719
97,0.40918794,0.016461294,7.79E-05,0.00026969,"(50, 50)",0.001,100,"{'hidden_layer_sizes': (50, 50), 'learning_rate_init': 0.001, 'max_iter': 100}",0.864788546,0.753561273,0.813704161,0.745796492,0.733717385,0.716072272,0.89774161,0.648667241,0.858642458,0.643977641,0.701312949,0.691133816,0.867272046,0.76433753,0.08354505,719,-7.421805654,-10.40459532,-8.531047986,-9.41735207,-9.864685647,-10.21594209,-7.243945882,-10.78584488,-7.996156531,-12.27987167,-10.79235776,-9.458056471,-8.612671191,-9.463410242,1.411566409,720
201,0.521605235,0.030515584,0.001059789,0.000580018,"(100, 50)",0.0009,100,"{'hidden_layer_sizes': (100, 50), 'learning_rate_init': 0.0009, 'max_iter': 100}",0.849644805,0.788601782,0.800613763,0.748675473,0.725527877,0.739757886,0.904194415,0.65458574,0.852029317,0.639534784,0.686808658,0.667806526,0.864335204,0.76323971,0.083997026,721,-7.826400288,-9.636545505,-8.825684451,-9.363872107,-10.01523087,-9.780550676,-7.01166463,-10.69461066,-8.181061061,-12.35625529,-11.05129088,-9.80871848,-8.707435171,-9.481486159,1.366612877,721
369,0.594595542,0.028593697,0.001335236,0.000464743,"(150, 50)",0.0009,100,"{'hidden_layer_sizes': (150, 50), 'learning_rate_init': 0.0009, 'max_iter': 100}",0.846818426,0.799672799,0.793664129,0.74101154,0.726177273,0.756682052,0.913908858,0.653645501,0.845112853,0.630634182,0.688789588,0.649223039,0.85866615,0.761846645,0.086723369,723,-7.899618177,-9.380817287,-8.978177238,-9.505571727,-10.00337593,-9.457178619,-6.646682846,-10.70915647,-8.370077629,-12.50787528,-11.01628581,-10.07934364,-8.887503015,-9.49551259,1.415304981,722
272,0.418413877,0.010346814,0.000830375,0.001463867,"(100, 100)",0.0011,50,"{'hidden_layer_sizes': (100, 100), 'learning_rate_init': 0.0011, 'max_iter': 50}",0.845967862,0.755713392,0.812396151,0.769109435,0.7055462,0.743670291,0.899994961,0.654877058,0.85193404,0.670309995,0.677481505,0.659581368,0.867555803,0.762626005,0.082735192,722,-7.921519739,-10.35906469,-8.56094446,-8.975137902,-10.3733833,-9.706753288,-7.163688016,-10.69009987,-8.183694514,-11.81702302,-11.21464287,-9.929408601,-8.603459811,-9.499909237,1.332913704,723
264,0.414632779,0.005512978,0.001744454,0.00245031,"(100, 100)",0.001,50,"{'hidden_layer_sizes': (100, 100), 'learning_rate_init': 0.001, 'max_iter': 50}",0.844815001,0.753595515,0.811237366,0.765186086,0.699485041,0.748184547,0.898707905,0.656151118,0.849367493,0.671385323,0.675947082,0.657376072,0.866234808,0.761359489,0.082466956,725,-7.951108975,-10.40387245,-8.587343213,-9.051070552,-10.47960446,-9.620900168,-7.20963863,-10.67034976,-8.254317084,-11.79773589,-11.24128877,-9.961518976,-8.646258703,-9.528846741,1.319519241,724
89,0.414044509,0.004973429,0.00084248,0.000363434,"(50, 50)",0.0009,100,"{'hidden_layer_sizes': (50, 50), 'learning_rate_init': 0.0009, 'max_iter': 100}",0.858770039,0.74365008,0.813416681,0.746109419,0.724218184,0.714518463,0.891603343,0.651091097,0.853515324,0.650672032,0.701154308,0.687072913,0.864167169,0.761535312,0.081286615,724,-7.585186374,-10.61175729,-8.537627725,-9.411553856,-10.03909716,-10.24385759,-7.45819382,-10.74857455,-8.139877946,-12.16387281,-10.79522343,-9.520029641,-8.712826039,-9.535975248,1.348370316,725
256,0.380160038,0.008462477,0.001099256,0.00073983,"(100, 100)",0.0009,50,"{'hidden_layer_sizes': (100, 100), 'learning_rate_init': 0.0009, 'max_iter': 50}",0.844176702,0.750578908,0.810293067,0.761247025,0.698472121,0.751036875,0.89802486,0.65976463,0.846662728,0.673379667,0.677162406,0.656715477,0.864584551,0.760930694,0.081400892,726,-7.967444237,-10.46736344,-8.608795847,-9.126671783,-10.49725097,-9.566256728,-7.233906261,-10.61413427,-8.328094834,-11.76188151,-11.22018937,-9.971117493,-8.699429526,-9.54327202,1.297351066,726
664,0.374499064,0.003111255,0.001483404,0.000521261,"(200, 100)",0.0011,50,"{'hidden_layer_sizes': (200, 100), 'learning_rate_init': 0.0011, 'max_iter': 50}",0.843423985,0.788566869,0.795017368,0.748024389,0.696266679,0.765024309,0.91277488,0.647922785,0.83778352,0.638656841,0.704814716,0.648450473,0.850660311,0.75979901,0.084859985,727,-7.986664746,-9.637341229,-8.948687437,-9.375993341,-10.53557063,-9.293643023,-6.690314101,-10.79726617,-8.565826671,-12.37129349,-10.72890716,-10.09043712,-9.13575172,-9.550592065,1.369891377,727
361,0.587356219,0.012789873,0.001325882,0.000384179,"(150, 50)",0.0008,100,"{'hidden_layer_sizes': (150, 50), 'learning_rate_init': 0.0008, 'max_iter': 100}",0.844090821,0.791017214,0.793950756,0.741742385,0.71742557,0.756371961,0.910367076,0.653814918,0.84201917,0.628810729,0.687396465,0.646874175,0.857535528,0.759339751,0.086266407,729,-7.969639532,-9.581333855,-8.97193916,-9.492150273,-10.16197855,-9.463202941,-6.78202683,-10.70653699,-8.453255405,-12.53871117,-11.04091531,-10.11303387,-8.92298068,-9.553669582,1.394643148,728
440,0.4113908,0.031089622,0.001723363,0.000743,"(150, 100)",0.0011,50,"{'hidden_layer_sizes': (150, 100), 'learning_rate_init': 0.0011, 'max_iter': 50}",0.843800434,0.784066861,0.800452375,0.746495191,0.689219568,0.759563013,0.90653237,0.652115525,0.840863369,0.648185129,0.687829963,0.635040698,0.860977294,0.75808783,0.086626976,739,-7.977057978,-9.73935878,-8.829255585,-9.404400974,-10.65709108,-9.401023923,-6.925582979,-10.73278356,-8.48412141,-12.20709396,-11.03325724,-10.28108478,-8.814537628,-9.575896144,1.360091359,729
248,0.290788082,0.009913586,0,0,"(100, 100)",0.0008,50,"{'hidden_layer_sizes': (100, 100), 'learning_rate_init': 0.0008, 'max_iter': 50}",0.844261871,0.745300128,0.809141205,0.756335216,0.695598836,0.750361886,0.895557072,0.662314811,0.843204616,0.673734753,0.679729774,0.656448711,0.863292455,0.759637026,0.080432224,728,-7.965266555,-10.5775498,-8.634891703,-9.22007428,-10.54714699,-9.579215979,-7.320912909,-10.57428115,-8.421480189,-11.75548628,-11.17548601,-9.974991015,-8.740834724,-9.575970584,1.275001625,730
648,0.477016339,0.106575384,0.001822563,0.000543229,"(200, 100)",0.0009,50,"{'hidden_layer_sizes': (200, 100), 'learning_rate_init': 0.0009, 'max_iter': 50}",0.844833357,0.780783552,0.797796723,0.749008418,0.68782131,0.763443608,0.909626236,0.655820675,0.834738694,0.644590749,0.700776612,0.646332694,0.848656914,0.758786888,0.083580811,732,-7.950638726,-9.813123933,-8.887812859,-9.357667607,-10.68103826,-9.32485017,-6.809996773,-10.6754757,-8.645843801,-12.26929349,-10.80204305,-10.12078452,-9.196825795,-9.579645745,1.342377239,731
353,0.602225615,0.032589149,0.001415399,0.00047805,"(150, 50)",0.0007,100,"{'hidden_layer_sizes': (150, 50), 'learning_rate_init': 0.0007, 'max_iter': 100}",0.843703749,0.782204517,0.794936668,0.744490134,0.707294573,0.756850811,0.907443086,0.657026732,0.83934315,0.633071954,0.68761515,0.650566179,0.856573951,0.758547743,0.084585743,733,-7.979526435,-9.781267807,-8.950448779,-9.441519061,-10.34254052,-9.453898427,-6.891760134,-10.65675504,-8.524549163,-12.46653168,-11.03705273,-10.06002802,-8.953043288,-9.579917007,1.364198455,732
193,0.532234027,0.004235537,0.001300592,0.00043388,"(100, 50)",0.0008,100,"{'hidden_layer_sizes': (100, 50), 'learning_rate_init': 0.0008, 'max_iter': 100}",0.845433557,0.778221479,0.8004843,0.74527191,0.710267912,0.738015717,0.899105118,0.654618162,0.845384218,0.643809237,0.681898788,0.661585833,0.86054168,0.758818301,0.083003868,731,-7.935246893,-9.870302354,-8.828549277,-9.427064018,-10.28987602,-9.813233608,-7.195488608,-10.69410872,-8.362742156,-12.2827756,-11.13757901,-9.900132103,-8.828336548,-9.581956533,1.322678178,733
656,0.382545728,0.006754124,0.001476948,0.000514851,"(200, 100)",0.001,50,"{'hidden_layer_sizes': (200, 100), 'learning_rate_init': 0.001, 'max_iter': 50}",0.8434792,0.784605951,0.79653148,0.747006744,0.691874238,0.763028154,0.911557446,0.650106026,0.835795341,0.638219307,0.701231591,0.643852224,0.849971302,0.758250693,0.085191546,736,-7.985256418,-9.727193726,-8.915576285,-9.394907503,-10.6114773,-9.33303501,-6.736841946,-10.76373702,-8.618159615,-12.37878114,-10.79382749,-10.15621393,-9.15680228,-9.582446898,1.369813023,734
432,0.351159554,0.00450151,0.001616074,0.000527842,"(150, 100)",0.001,50,"{'hidden_layer_sizes': (150, 100), 'learning_rate_init': 0.001, 'max_iter': 50}",0.845285042,0.779862779,0.801945385,0.746125351,0.689113388,0.758232088,0.904596321,0.656131721,0.83886007,0.649323874,0.688358479,0.640621176,0.858565128,0.758232369,0.084975623,737,-7.939058264,-9.833711321,-8.796163447,-9.411258556,-10.65891145,-9.427007418,-6.996942147,-10.67065072,-8.537355776,-12.18732215,-11.02391342,-10.20217957,-8.890678755,-9.582704077,1.338236326,735
424,0.362777912,0.018395754,0.001403607,0.000515232,"(150, 100)",0.0009,50,"{'hidden_layer_sizes': (150, 100), 'learning_rate_init': 0.0009, 'max_iter': 50}",0.846773601,0.774893447,0.802462704,0.747029834,0.689188644,0.757640336,0.902016479,0.660495543,0.836722263,0.652154043,0.688007993,0.648428583,0.854984182,0.758522896,0.082720163,734,-7.900773923,-9.944084011,-8.784668121,-9.394478779,-10.65762127,-9.438537153,-7.090914406,-10.60272719,-8.593800773,-12.13804299,-11.03011068,-10.09075127,-9.002525384,-9.589925842,1.308380752,736
416,0.408609042,0.029316088,0.001695284,0.000417387,"(150, 100)",0.0008,50,"{'hidden_layer_sizes': (150, 100), 'learning_rate_init': 0.0008, 'max_iter': 50}",0.848834689,0.765713545,0.802289399,0.751170556,0.685845292,0.75472288,0.897887507,0.668070643,0.834010809,0.659093919,0.690301518,0.662476577,0.849476313,0.759222588,0.078841528,730,-7.847456346,-10.14481906,-8.788520798,-9.317275157,-10.71478917,-9.495176421,-7.238776399,-10.4837747,-8.664862971,-12.01634989,-10.98949345,-9.887094386,-9.171895358,-9.596944931,1.259619659,737
345,0.582783607,0.007987038,0.001248085,0.000415199,"(150, 50)",0.0006,100,"{'hidden_layer_sizes': (150, 50), 'learning_rate_init': 0.0006, 'max_iter': 100}",0.843882609,0.773545669,0.796279239,0.747768082,0.695207529,0.755305467,0.904371752,0.660992608,0.83524945,0.635937585,0.686067999,0.658292532,0.856082865,0.757614107,0.083007681,742,-7.97495938,-9.973808627,-8.921100913,-9.380760707,-10.55392397,-9.483893149,-7.005172296,-10.59496267,-8.632473064,-12.41775578,-11.06435064,-9.948187382,-8.968357639,-9.60920817,1.343797033,738
240,0.332049498,0.032112897,0.001507631,0.000563817,"(100, 100)",0.0007,50,"{'hidden_layer_sizes': (100, 100), 'learning_rate_init': 0.0007, 'max_iter': 50}",0.84464782,0.739708827,0.806926703,0.753357747,0.690902186,0.748715751,0.892805839,0.663530546,0.839983545,0.674527621,0.682962391,0.65800155,0.861348671,0.758263015,0.079393136,735,-7.955390695,-10.69302139,-8.684841831,-9.276235721,-10.62820226,-9.610747179,-7.416709802,-10.55522921,-8.507542311,-11.7411939,-11.11894361,-9.952422181,-8.802756444,-9.611018195,1.253361416,739
640,0.50211679,0.03153921,0.001480451,0.000809216,"(200, 100)",0.0008,50,"{'hidden_layer_sizes': (200, 100), 'learning_rate_init': 0.0008, 'max_iter': 50}",0.845500835,0.768100785,0.800072619,0.754374915,0.679781961,0.75923912,0.903127186,0.661983452,0.83331246,0.649880799,0.7021302,0.654221706,0.844275664,0.758153977,0.080688681,738,-7.933519724,-10.0930019,-8.837652994,-9.257088078,-10.81769521,-9.407353843,-7.050609794,-10.57946797,-8.683071249,-12.17764069,-10.77758292,-10.00726927,-9.328996071,-9.611611517,1.295164411,740
81,0.410572107,0.007035784,0.000652497,0.000518929,"(50, 50)",0.0008,100,"{'hidden_layer_sizes': (50, 50), 'learning_rate_init': 0.0008, 'max_iter': 100}",0.853156234,0.735127893,0.812485237,0.742500131,0.712118879,0.713805045,0.886705414,0.653783618,0.846546358,0.656769387,0.700250605,0.679111728,0.860744836,0.757931182,0.079650209,740,-7.73447062,-10.78670566,-8.558911581,-9.478214712,-10.25695468,-10.25664929,-7.624832371,-10.70702099,-8.331254378,-12.05724816,-10.81153338,-9.640368699,-8.821903865,-9.620466798,1.291806786,741
337,0.725461556,0.054362383,0.00117599,0.000518344,"(150, 50)",0.0005,100,"{'hidden_layer_sizes': (150, 50), 'learning_rate_init': 0.0005, 'max_iter': 100}",0.845400901,0.758742096,0.799177715,0.752858671,0.683886442,0.753479983,0.898664845,0.667180273,0.831230039,0.642304978,0.685027985,0.667538469,0.853738954,0.75686395,0.080534239,744,-7.936085088,-10.29464774,-8.857410212,-9.285616133,-10.74814225,-9.519203548,-7.211170931,-10.49782618,-8.737141512,-12.30868448,-11.08266281,-9.812675162,-9.041094403,-9.640950803,1.311322614,742
185,0.551796106,0.048325172,0.001228791,0.000624125,"(100, 50)",0.0007,100,"{'hidden_layer_sizes': (100, 50), 'learning_rate_init': 0.0007, 'max_iter': 100}",0.84270641,0.765415868,0.800812497,0.744667331,0.695081345,0.739450671,0.894559981,0.656633298,0.838934278,0.646676656,0.682025609,0.660764469,0.857124715,0.755757933,0.08152299,747,-8.004944955,-10.15126186,-8.821284929,-9.438244623,-10.55610841,-9.786321939,-7.355775395,-10.66286562,-8.535389753,-12.23323608,-11.13535862,-9.912139105,-8.935836649,-9.656059072,1.286560167,743
408,0.430436079,0.063926297,0.001886258,0.000711805,"(150, 100)",0.0007,50,"{'hidden_layer_sizes': (150, 100), 'learning_rate_init': 0.0007, 'max_iter': 50}",0.848693072,0.750632289,0.799187298,0.756528861,0.678987618,0.750203353,0.889536464,0.673272127,0.827814249,0.663914652,0.693989194,0.678920911,0.839339343,0.757770725,0.074138563,741,-7.851131373,-10.46624326,-8.857198878,-9.216409878,-10.83110425,-9.582257149,-7.528963513,-10.40130759,-8.82511554,-11.93108614,-10.92386985,-9.643234604,-9.475702928,-9.656432689,1.199935598,744
232,0.325664117,0.01800692,0.001255952,0.000549141,"(100, 100)",0.0006,50,"{'hidden_layer_sizes': (100, 100), 'learning_rate_init': 0.0006, 'max_iter': 50}",0.84522944,0.730715177,0.803518992,0.754887958,0.685726827,0.745883011,0.887048109,0.665237921,0.835313407,0.676992643,0.688098145,0.665516329,0.855229856,0.756876755,0.076701142,743,-7.940484722,-10.8761867,-8.761149597,-9.247415278,-10.71680922,-9.664766577,-7.613291769,-10.52841452,-8.630797311,-11.6966474,-11.02851695,-9.842471865,-8.994896493,-9.657065261,1.209882513,745
632,0.522814696,0.007883959,0.002410192,0.002204002,"(200, 100)",0.0007,50,"{'hidden_layer_sizes': (200, 100), 'learning_rate_init': 0.0007, 'max_iter': 50}",0.844224091,0.748834159,0.800388031,0.763882383,0.665867477,0.75110751,0.890308014,0.670450867,0.828694812,0.657657308,0.706178737,0.672675256,0.834560028,0.756525283,0.075407333,746,-7.966232622,-10.50391026,-8.830678965,-9.07616187,-11.05022749,-9.564899597,-7.502623804,-10.44611815,-8.802520665,-12.04164229,-10.70408986,-9.736573353,-9.615611129,-9.680099235,1.219202127,746
224,0.362980274,0.03549932,0.00134336,0.000491431,"(100, 100)",0.0005,50,"{'hidden_layer_sizes': (100, 100), 'learning_rate_init': 0.0005, 'max_iter': 50}",0.846570749,0.715816326,0.797224746,0.764336359,0.679395211,0.742213918,0.878255066,0.670497434,0.827943018,0.6859924,0.698739393,0.684366988,0.844884798,0.75663357,0.071405838,745,-7.906001989,-11.17301231,-8.900374567,-9.067432436,-10.82422588,-9.734289355,-7.904077134,-10.44538008,-8.821814983,-11.53254801,-10.83875275,-9.561101565,-9.310732466,-9.693826425,1.145904149,747
73,0.415806697,0.006233157,0.000730349,0.000490723,"(50, 50)",0.0007,100,"{'hidden_layer_sizes': (50, 50), 'learning_rate_init': 0.0007, 'max_iter': 100}",0.848007629,0.728881823,0.808959976,0.736515007,0.699093681,0.714509229,0.882291117,0.656113543,0.838766392,0.6617192,0.698354497,0.670452709,0.85748642,0.753934709,0.078395603,749,-7.868894658,-10.91314771,-8.638990354,-9.587734059,-10.48642604,-10.24402326,-7.771956118,-10.67093276,-8.539837018,-11.96999215,-10.84567443,-9.769573282,-8.924518449,-9.710130791,1.238913927,748
177,0.549691934,0.01894191,0.001317519,0.000413558,"(100, 50)",0.0006,100,"{'hidden_layer_sizes': (100, 50), 'learning_rate_init': 0.0006, 'max_iter': 100}",0.840201993,0.751103304,0.80208156,0.743430962,0.683459407,0.738017045,0.888796111,0.658940211,0.832489049,0.649801439,0.682224514,0.66155699,0.852987503,0.752699238,0.079803765,750,-8.068420343,-10.45635407,-8.793138961,-9.461067914,-10.75539958,-9.813208736,-7.554151818,-10.62698595,-8.704491337,-12.17902073,-11.13187528,-9.900553979,-9.064290048,-9.731458365,1.250310514,749
400,0.337160899,0.009013321,0.002531969,0.005534997,"(150, 100)",0.0006,50,"{'hidden_layer_sizes': (150, 100), 'learning_rate_init': 0.0006, 'max_iter': 50}",0.847903738,0.726474321,0.792009102,0.765183914,0.66866546,0.743921249,0.879120296,0.679024608,0.819214063,0.671922375,0.70076911,0.699024569,0.825492227,0.755286541,0.068914868,748,-7.871583518,-10.96149443,-9.014112466,-9.051112419,-11.00386363,-9.702000442,-7.875940282,-10.30933652,-9.042824808,-11.78809148,-10.80217846,-9.336460075,-9.875612814,-9.74112395,1.155999051,750
169,0.544152095,0.020524555,0.001209204,0.000557542,"(100, 50)",0.0005,100,"{'hidden_layer_sizes': (100, 50), 'learning_rate_init': 0.0005, 'max_iter': 100}",0.839663845,0.73966146,0.804969189,0.748370896,0.675157792,0.736008242,0.886789803,0.665974761,0.827432211,0.655204728,0.684749205,0.668926214,0.851442749,0.752642392,0.077832142,751,-8.081994835,-10.69399429,-8.72875733,-9.36954438,-10.89552273,-9.850759202,-7.621992105,-10.51682117,-8.8349005,-12.08469912,-11.08756634,-9.792173942,-9.111787733,-9.743885667,1.233686623,751
65,0.410659478,0.004940831,0.001019551,0.001113173,"(50, 50)",0.0006,100,"{'hidden_layer_sizes': (50, 50), 'learning_rate_init': 0.0006, 'max_iter': 100}",0.842381329,0.722171423,0.803723666,0.728970287,0.68684299,0.717207341,0.878299509,0.658106712,0.830751442,0.665014853,0.691277972,0.661124841,0.854110483,0.74922945,0.077721466,753,-8.013212654,-11.04737693,-8.756585151,-9.724034472,-10.69776155,-10.1955013,-7.902634338,-10.63996341,-8.749521133,-11.91154147,-10.97215528,-9.90687285,-9.029604113,-9.811289588,1.197764313,752
624,0.404656062,0.011174116,0.000731377,0.002533563,"(200, 100)",0.0006,50,"{'hidden_layer_sizes': (200, 100), 'learning_rate_init': 0.0006, 'max_iter': 50}",0.837213924,0.713956094,0.793157161,0.77222661,0.642781325,0.733335943,0.867794622,0.672979832,0.81919641,0.663895502,0.709889836,0.698797272,0.815083504,0.749254464,0.06989251,752,-8.143506823,-11.20952127,-8.989200192,-8.914346883,-11.42559753,-9.900491614,-8.236643764,-10.40595913,-9.0432663,-11.93142604,-10.63627625,-9.339984867,-10.16586867,-9.872468409,1.167792645,753
57,0.436615064,0.032257771,0.001541193,0.001150644,"(50, 50)",0.0005,100,"{'hidden_layer_sizes': (50, 50), 'learning_rate_init': 0.0005, 'max_iter': 100}",0.83832509,0.715630148,0.798258402,0.725047131,0.677484407,0.71886985,0.873339173,0.656747381,0.82331318,0.665546858,0.687328286,0.659030322,0.850678507,0.745353749,0.07677952,754,-8.115665723,-11.17667162,-8.877660561,-9.794159329,-10.85643414,-10.16548799,-8.062075877,-10.66109411,-8.939719104,-11.90207907,-11.04211925,-9.93744188,-9.135195122,-9.897369521,1.164663495,754
392,0.37119682,0.010108906,0.002684025,0.003614767,"(150, 100)",0.0005,50,"{'hidden_layer_sizes': (150, 100), 'learning_rate_init': 0.0005, 'max_iter': 50}",0.838325183,0.682973053,0.774986544,0.771131635,0.642727914,0.724214462,0.856353902,0.671007272,0.801692952,0.668295303,0.703626926,0.720805225,0.801437546,0.742890609,0.066464214,755,-8.115663404,-11.80099984,-9.375729136,-8.935748156,-11.42645166,-10.06839542,-8.58563927,-10.43729591,-9.470891685,-11.85307417,-10.75047141,-8.99229126,-10.53428909,-10.02668772,1.180498158,755
616,0.394725543,0.012266114,0.002404616,0.005639326,"(200, 100)",0.0005,50,"{'hidden_layer_sizes': (200, 100), 'learning_rate_init': 0.0005, 'max_iter': 50}",0.8239791,0.660612412,0.773236325,0.773690875,0.611050121,0.704085981,0.840124402,0.662842851,0.800715663,0.662857718,0.711198933,0.725908416,0.784899487,0.733477099,0.068847016,756,-8.468080064,-12.21008515,-9.412122048,-8.88564727,-11.92226208,-10.42935113,-9.057676637,-10.56601039,-9.494200042,-11.94983208,-10.61225148,-8.909730593,-10.96421112,-10.22165078,1.234711295,756
104,0.204516301,0.003351221,0.001185619,0.001587431,"(50, 50)",0.0011,50,"{'hidden_layer_sizes': (50, 50), 'learning_rate_init': 0.0011, 'max_iter': 50}",0.8140823,0.707752625,0.782482174,0.702061863,0.647360507,0.697454027,0.850512322,0.630341114,0.804916473,0.626918148,0.666427609,0.636969919,0.846295763,0.724121142,0.081076004,757,-8.702884227,-11.33042042,-9.218244741,-10.19532527,-11.35212901,-10.54557361,-8.758473468,-11.06357342,-9.393600677,-12.57063606,-11.40520735,-10.25387522,-9.268289403,-10.31217176,1.149708524,757
96,0.202780559,0.007336604,0.000615835,0.002133316,"(50, 50)",0.001,50,"{'hidden_layer_sizes': (50, 50), 'learning_rate_init': 0.001, 'max_iter': 50}",0.812114212,0.704152036,0.779512009,0.700968112,0.64200581,0.695958678,0.84698612,0.628312983,0.800432942,0.62731062,0.669386411,0.63577883,0.844445274,0.722104926,0.080373114,758,-8.748826473,-11.4000041,-9.28096804,-10.21402198,-11.43799318,-10.57160251,-8.861171353,-11.09388202,-9.500932278,-12.56402234,-11.35451232,-10.27068275,-9.323914281,-10.35557951,1.127317681,758
88,0.20600594,0.002275326,0.001016213,0.000585901,"(50, 50)",0.0009,50,"{'hidden_layer_sizes': (50, 50), 'learning_rate_init': 0.0009, 'max_iter': 50}",0.81091445,0.700163099,0.775845959,0.700907203,0.636984079,0.694401625,0.843414994,0.626612917,0.796128938,0.62721996,0.672350969,0.636702589,0.842052139,0.720284532,0.079493534,759,-8.776715235,-11.47660027,-9.357807207,-10.21506216,-11.51793651,-10.59863752,-8.963978527,-11.11922433,-9.60283769,-12.5655504,-11.30349067,-10.25764992,-9.395362493,-10.39621946,1.107801548,759
216,0.28918347,0.019768346,0.001350109,0.000690801,"(100, 50)",0.0011,50,"{'hidden_layer_sizes': (100, 50), 'learning_rate_init': 0.0011, 'max_iter': 50}",0.808724004,0.666300358,0.779964479,0.724917805,0.619589817,0.700070401,0.843449102,0.644432541,0.804105536,0.609082813,0.680907319,0.648837986,0.824126779,0.719577611,0.079717646,760,-8.827405414,-12.10733575,-9.271440276,-9.796462441,-11.79065443,-10.49987629,-8.963002207,-10.85065241,-9.413104422,-12.86760064,-11.1549225,-10.08487425,-9.914173758,-10.4262696,1.215198083,760
80,0.20622589,0.003983729,0.001156697,0.001257907,"(50, 50)",0.0008,50,"{'hidden_layer_sizes': (50, 50), 'learning_rate_init': 0.0008, 'max_iter': 50}",0.810052262,0.69408945,0.771985153,0.702325802,0.632497986,0.69234153,0.839309498,0.625642519,0.791457081,0.626495671,0.674615808,0.639927007,0.838444463,0.718398787,0.07828529,762,-8.796702414,-11.59225545,-9.43805209,-10.19080832,-11.58888639,-10.63430121,-9.0807313,-11.13366386,-9.712242551,-12.57775154,-11.26435583,-10.21202798,-9.502056116,-10.440295,1.091628052,761
64,0.208889429,0.004376468,0.001025878,0.000526883,"(50, 50)",0.0006,50,"{'hidden_layer_sizes': (50, 50), 'learning_rate_init': 0.0006, 'max_iter': 50}",0.812473429,0.683305434,0.765432772,0.712902573,0.626611064,0.693580869,0.836357647,0.631863768,0.784439325,0.632122907,0.680065074,0.657736201,0.829912012,0.718984852,0.074499634,761,-8.740459057,-11.79481195,-9.572700563,-10.00812421,-11.68133736,-10.61286053,-9.1637573,-11.04076405,-9.874305572,-12.4826434,-11.16963451,-9.956282369,-9.749750194,-10.44980239,1.072636547,762
72,0.210380793,0.003485084,0.001040862,0.000399587,"(50, 50)",0.0007,50,"{'hidden_layer_sizes': (50, 50), 'learning_rate_init': 0.0007, 'max_iter': 50}",0.810647686,0.689052992,0.768823049,0.706456265,0.630000878,0.692662595,0.838002797,0.627499927,0.787795318,0.628229417,0.677405143,0.647078543,0.834625796,0.718329262,0.076622267,763,-8.782904202,-11.68729232,-9.503270101,-10.1198586,-11.62819191,-10.6287509,-9.117577844,-11.10600918,-9.797139145,-12.54852564,-11.21597044,-10.11010704,-9.613699654,-10.45071515,1.080343363,763
208,0.294821006,0.019791809,0.001358821,0.000469022,"(100, 50)",0.001,50,"{'hidden_layer_sizes': (100, 50), 'learning_rate_init': 0.001, 'max_iter': 50}",0.810629924,0.653128344,0.774811476,0.728332165,0.607919369,0.69270972,0.839327539,0.640506825,0.797163808,0.606733846,0.687310362,0.659725901,0.81742432,0.716594123,0.07963867,764,-8.783316116,-12.34397752,-9.379375735,-9.735475045,-11.9701485,-10.62793599,-9.080221531,-10.91038741,-9.578434201,-12.90620256,-11.04243575,-9.927300494,-10.10132003,-10.49127161,1.239376941,764
56,0.208212761,0.004153258,0.000860379,0.000502378,"(50, 50)",0.0005,50,"{'hidden_layer_sizes': (50, 50), 'learning_rate_init': 0.0005, 'max_iter': 50}",0.81290041,0.669354573,0.758844182,0.719865318,0.615409377,0.689084714,0.827855096,0.632670947,0.777746022,0.634042811,0.68170318,0.671501902,0.822192998,0.71639781,0.072682158,765,-8.730502785,-12.05180166,-9.706209907,-9.886019812,-11.85526291,-10.6904394,-9.398808624,-11.02865336,-10.02643556,-12.45002813,-11.14100287,-9.754008985,-9.968529447,-10.51443873,1.080790158,765
200,0.266201459,0.01425035,0.001477388,0.001153306,"(100, 50)",0.0009,50,"{'hidden_layer_sizes': (100, 50), 'learning_rate_init': 0.0009, 'max_iter': 50}",0.808535698,0.634629134,0.768729538,0.729327655,0.59766387,0.681222634,0.828900911,0.636381045,0.788414614,0.605383171,0.690733123,0.67067176,0.808018415,0.711431659,0.078842544,766,-8.831749508,-12.66886396,-9.505191929,-9.717621503,-12.12568722,-10.82475954,-9.370215308,-10.9728162,-9.782832772,-12.92834676,-10.98183313,-9.766325811,-10.35825155,-10.60265348,1.252745476,766
192,0.266113648,0.00254381,0.00119743,0.000368052,"(100, 50)",0.0008,50,"{'hidden_layer_sizes': (100, 50), 'learning_rate_init': 0.0008, 'max_iter': 50}",0.80827439,0.619016891,0.762070478,0.73096946,0.583720873,0.672224893,0.82166466,0.633593652,0.780634734,0.605621245,0.695800582,0.683130638,0.799756035,0.707421425,0.079200147,767,-8.837774192,-12.93670206,-9.641064152,-9.688104818,-12.33400618,-10.97646515,-9.566309518,-11.01479305,-9.961063909,-12.92444631,-10.89149071,-9.579808922,-10.57879947,-10.6869868,1.287362503,767
184,0.282306928,0.025917464,0.001589702,0.001212582,"(100, 50)",0.0007,50,"{'hidden_layer_sizes': (100, 50), 'learning_rate_init': 0.0007, 'max_iter': 50}",0.808631356,0.604652626,0.754180946,0.732622725,0.570951473,0.664725203,0.815914062,0.629587369,0.773768463,0.60839403,0.701658955,0.696192125,0.789670637,0.703919228,0.079843782,768,-8.829543012,-13.1783229,-9.799605173,-9.658290933,-12.52175067,-11.10132898,-9.719323301,-11.07484714,-10.11575654,-12.87893179,-10.78610489,-9.380289354,-10.84193052,-10.76046348,1.328081116,768
608,0.453923574,0.008907031,0.001469374,0.002405721,"(200, 50)",0.0011,50,"{'hidden_layer_sizes': (200, 50), 'learning_rate_init': 0.0011, 'max_iter': 50}",0.788987735,0.621910549,0.742766388,0.708882562,0.548437365,0.675340339,0.83489142,0.649252466,0.770991656,0.554219471,0.701181515,0.693434261,0.744574079,0.694989985,0.082402301,769,-9.271642684,-12.88747974,-10.02454489,-10.07794879,-12.84608654,-10.92417589,-9.204719159,-10.77685799,-10.17764851,-13.74091772,-10.79473203,-9.422768692,-11.94783321,-10.93056584,1.430236646,769
176,0.274331001,0.008903747,0.001312238,0.00046941,"(100, 50)",0.0006,50,"{'hidden_layer_sizes': (100, 50), 'learning_rate_init': 0.0006, 'max_iter': 50}",0.801636167,0.578642703,0.741407062,0.72878714,0.54955149,0.644522686,0.80069427,0.61708242,0.760351181,0.600951021,0.700291832,0.708123916,0.771496588,0.692579883,0.08238883,770,-8.989469909,-13.60491946,-10.05099686,-9.72731939,-12.83022939,-11.43090102,-10.11313056,-11.26023618,-10.41140743,-13.00074659,-10.81078985,-9.194242987,-11.30063927,-10.97884838,1.399681007,770
600,0.324465403,0.009541827,0.001396968,0.000490494,"(200, 50)",0.001,50,"{'hidden_layer_sizes': (200, 50), 'learning_rate_init': 0.001, 'max_iter': 50}",0.783158638,0.605393062,0.737850333,0.710299614,0.546115197,0.66645623,0.8251288,0.643970573,0.769858564,0.55058488,0.697537809,0.702208371,0.736792983,0.690411927,0.082453459,771,-9.398832278,-13.16597645,-10.11988231,-10.053391,-12.87907479,-11.07263376,-9.472941747,-10.85769892,-10.20279602,-13.79682104,-10.86034653,-9.286946951,-12.12845268,-11.02275342,1.454242945,771
384,0.289662343,0.002607067,0.00137142,0.000438556,"(150, 50)",0.0011,50,"{'hidden_layer_sizes': (150, 50), 'learning_rate_init': 0.0011, 'max_iter': 50}",0.780476626,0.58210726,0.74601056,0.716674499,0.572661711,0.67067066,0.823746224,0.632240592,0.7733187,0.552699234,0.676491541,0.692687531,0.736752952,0.688964468,0.08189899,772,-9.45677859,-13.54887165,-9.961130676,-9.942162783,-12.49676916,-11.00245829,-9.51031575,-11.03511194,-10.12580695,-13.76432797,-11.23184124,-9.434237668,-12.12937497,-11.04916828,1.459515429,772
592,0.322378177,0.01046063,0.001115616,0.003053198,"(200, 50)",0.0009,50,"{'hidden_layer_sizes': (200, 50), 'learning_rate_init': 0.0009, 'max_iter': 50}",0.774212106,0.590122766,0.729762965,0.711167238,0.535521336,0.654350266,0.817601735,0.632661494,0.759334705,0.549147107,0.689119242,0.710757194,0.720668219,0.682648182,0.082795917,773,-9.59076309,-13.41830359,-10.27479678,-10.03832526,-13.02850934,-11.27178334,-9.674668059,-11.02879527,-10.43346419,-13.81887288,-11.0104497,-9.152674236,-12.49444133,-11.17198824,1.487369219,773
168,0.26018647,0.020150703,0.001279116,0.000379797,"(100, 50)",0.0005,50,"{'hidden_layer_sizes': (100, 50), 'learning_rate_init': 0.0005, 'max_iter': 50}",0.794629687,0.552650839,0.726784215,0.724205529,0.529962698,0.62380401,0.786591321,0.606211749,0.746073848,0.594362812,0.695793252,0.719759065,0.751701875,0.680963915,0.085320677,774,-9.146852369,-14.01825737,-10.33126973,-9.809137327,-13.10623667,-11.75930351,-10.46481994,-11.4189514,-10.71705628,-13.10762696,-10.89162193,-9.00912284,-11.77994836,-11.19693882,1.480272907,774
376,0.290888181,0.002747817,0.001225288,0.000345071,"(150, 50)",0.001,50,"{'hidden_layer_sizes': (150, 50), 'learning_rate_init': 0.001, 'max_iter': 50}",0.776065556,0.566994582,0.736873355,0.712474181,0.555914968,0.655168768,0.81535653,0.626080951,0.764468348,0.548955651,0.67282373,0.69917877,0.721892858,0.680942173,0.083205318,775,-9.551317593,-13.79168663,-10.13872215,-10.01558823,-12.73928084,-11.25842957,-9.734030402,-11.1271423,-10.32158598,-13.82180667,-11.29533288,-9.334068059,-12.46702235,-11.19969336,1.499562142,775
584,0.328172078,0.006599526,0.001319115,0.000495896,"(200, 50)",0.0008,50,"{'hidden_layer_sizes': (200, 50), 'learning_rate_init': 0.0008, 'max_iter': 50}",0.76621014,0.565424873,0.719756492,0.711863083,0.524545075,0.640014596,0.80610308,0.616452982,0.748021665,0.544749181,0.679474784,0.722375268,0.706096767,0.673160614,0.084875187,776,-9.759232681,-13.81666247,-10.46329783,-10.02622599,-13.18155114,-11.50315483,-9.974960323,-11.26948714,-10.67587294,-13.88610866,-11.17993392,-8.966971683,-12.81618738,-11.34766515,1.548510714,776
368,0.29014769,0.003347561,0.001212799,0.00035518,"(150, 50)",0.0009,50,"{'hidden_layer_sizes': (150, 50), 'learning_rate_init': 0.0009, 'max_iter': 50}",0.769854172,0.544172838,0.726703011,0.708146926,0.541881679,0.637837972,0.803923845,0.620949387,0.751913461,0.547914656,0.669218078,0.707522938,0.709261864,0.67225391,0.084472431,777,-9.682876446,-14.15046839,-10.33280493,-10.09067394,-12.93899885,-11.53787887,-10.03085868,-11.20323508,-10.5931079,-13.83774762,-11.35740255,-9.203703679,-12.74699065,-11.36205751,1.541290945,777
360,0.291550581,0.003590406,0.001193982,0.000369287,"(150, 50)",0.0008,50,"{'hidden_layer_sizes': (150, 50), 'learning_rate_init': 0.0008, 'max_iter': 50}",0.76322662,0.52336846,0.716044687,0.700730984,0.521694727,0.619310437,0.792775983,0.608888283,0.74022887,0.537589016,0.663422232,0.714309507,0.693298574,0.66114526,0.08797897,778,-9.821306709,-14.46978586,-10.5323627,-10.21807097,-13.22100374,-11.82932609,-10.31206793,-11.38007856,-10.83969936,-13.99488268,-11.45647071,-9.096296671,-13.09225829,-11.55873925,1.608719752,778
576,0.367025871,0.039127635,0.001512803,0.000584628,"(200, 50)",0.0007,50,"{'hidden_layer_sizes': (200, 50), 'learning_rate_init': 0.0007, 'max_iter': 50}",0.746935952,0.524937268,0.701610303,0.704012431,0.498763192,0.606822951,0.784813618,0.595028738,0.730927135,0.535201529,0.663619942,0.72921841,0.678838956,0.65390234,0.089173245,779,-10.15355351,-14.44595296,-10.79674187,-10.16189664,-13.5342228,-12.02177508,-10.50831574,-11.57995709,-11.03206334,-14.03096485,-11.45310537,-8.855769185,-13.39732514,-11.69012643,1.639080734,779
352,0.32196861,0.017248385,0.001343214,0.000448893,"(150, 50)",0.0007,50,"{'hidden_layer_sizes': (150, 50), 'learning_rate_init': 0.0007, 'max_iter': 50}",0.757529794,0.505089728,0.704145625,0.694299571,0.49979413,0.602772477,0.783048417,0.59738597,0.731844324,0.534249114,0.661228298,0.720851308,0.682055564,0.651868794,0.091543645,780,-9.938755986,-14.74463239,-10.75077579,-10.32728259,-13.52029712,-12.08354003,-10.55132821,-11.54620595,-11.01324479,-14.04533287,-11.49374874,-8.991549101,-13.33006544,-11.71821223,1.663270571,780
344,0.29476749,0.006993344,0.001246984,0.000441667,"(150, 50)",0.0006,50,"{'hidden_layer_sizes': (150, 50), 'learning_rate_init': 0.0006, 'max_iter': 50}",0.747847294,0.479949794,0.689153508,0.681962485,0.467467157,0.576496804,0.766278236,0.573099984,0.717622435,0.52537662,0.651881104,0.724630168,0.663817576,0.63581409,0.097053811,781,-10.13525439,-15.11448493,-11.01980202,-10.53360946,-13.95034804,-12.47678999,-10.95154265,-11.88934509,-11.30152084,-14.17848262,-11.65123427,-8.930482036,-13.70705542,-11.9876886,1.7347219,781
568,0.378778861,0.030176634,0.001694367,0.000419217,"(200, 50)",0.0006,50,"{'hidden_layer_sizes': (200, 50), 'learning_rate_init': 0.0006, 'max_iter': 50}",0.7243136,0.475218428,0.67835128,0.687282513,0.469108541,0.565632425,0.756992172,0.560964295,0.703579348,0.518248847,0.640143659,0.72989911,0.645696679,0.627340838,0.095084229,782,-10.59767283,-15.1830843,-11.20964143,-10.44513651,-13.92883241,-12.63581381,-11.16698295,-12.05715288,-11.57913253,-14.2845503,-11.84602693,-8.844631222,-14.07162582,-12.14232953,1.740187758,782
336,0.414997468,0.041491968,0.001295988,0.001347224,"(150, 50)",0.0005,50,"{'hidden_layer_sizes': (150, 50), 'learning_rate_init': 0.0005, 'max_iter': 50}",0.734439365,0.449209773,0.670701202,0.666837721,0.436692549,0.544860554,0.74720514,0.539068325,0.697640413,0.510856498,0.635869366,0.725390076,0.638933569,0.615208042,0.103168235,783,-10.40122966,-15.5547784,-11.34216287,-10.78117136,-14.34777614,-12.93441399,-11.3896359,-12.35415722,-11.6945541,-14.39372945,-11.91617149,-8.918151287,-14.2052939,-12.32563275,1.814617225,783
560,0.367823087,0.016255717,0.001425413,0.000554508,"(200, 50)",0.0005,50,"{'hidden_layer_sizes': (200, 50), 'learning_rate_init': 0.0005, 'max_iter': 50}",0.695754527,0.419229687,0.6506984,0.661823258,0.436945279,0.519024304,0.726134496,0.511272252,0.669578813,0.49166078,0.610223746,0.723670185,0.601057475,0.593621016,0.102512767,784,-11.13306897,-15.97250084,-11.68156674,-10.86200265,-14.34455718,-13.29646163,-11.85480424,-12.72120777,-12.22519341,-14.67344202,-12.32865855,-8.946035046,-14.93178861,-12.69009905,1.853993272,784
