3472,3528,3776,3965,3894,4012,4209,4260,4130,4200,4392,4453,4588,4662,4425,4602,5103,5120,5346,5330,5002,5208,5208,5376,5610,5695,6003,6020,5865,5780,5796,6072,6210,6390,6120,6532,6603,6768,6768,7500,7777,7752,8034,8295,8190,8453,9153,8991,9213,9890,10005,10502,10875,11684,11718,11718,12610,13192,13600,14058,14100,14626,14700,15515,16459,17094,18126,18400,19920,20252,21672,23187,24702,26535,27115,28224,29747,30653,32395,32895,34540,37556,39377,41520,42558,45232,48944,51522,52353,57710,60792,64470,70632,74925,80385,86751,96000,105336,112320,124644,134946,145684,158299,177344,199977,217448,231616,254370,264864,267670,256737,264924,259241,252630,246233,236592,235662,230337,232716,216138,194133,172198,142857,0,0,0,0,0,0,0,0,0,0,0,0,0,0,0,0,0,0,0,0,0,0,0,0,0,0,0,0,0,0,0,0,0,0,0,0,0,0,0,0,0,0,0,0,0,0,0,0,0,0,0,0,0,0,0
3276,3648,3705,3894,4092,4221,4410,4420,4544,4544,4480,4745,4864,5070,5148,5293,5280,5265,5412,5561,5796,5934,6160,6141,6052,6120,6300,6650,6768,6510,6912,7154,7252,7623,8364,8610,8343,8034,8320,8400,9072,9240,9379,9945,10556,11400,11500,11776,12462,12960,13524,14280,15158,15370,15225,15622,16317,17136,18683,19886,21168,22059,23450,25098,25844,27405,29100,30030,31200,32656,36186,37884,39435,41624,44888,47430,49662,53654,57130,62400,66768,72320,75710,83072,91750,97524,111650,125772,131660,147440,165750,183245,209051,225567,251160,262359,275210,275804,274824,273533,264918,254610,251573,249314,243474,247500,226233,190508,162690,130563,0,0,0,0,0,0,0,0,0,0,0,0,0,0,0,0,0,0,0,0,0,0,0,0,0,0,0,0,0,0,0,0,0,0,0,0,0,0,0,0,0,0,0,0,0,0,0,0,0,0,0,0,0,0,0,0,0,0,0,0,0,0,0,0,0,0,0,0
1680,1720,1848,1760,1760,1720,1763,2016,2107,2156,2950,3233,3348,3348,3233,3348,3355,3534,3596,3717,3776,3835,3776,3654,3828,3876,4002,4140,4620,4860,4800,4800,4920,5022,5460,5330,5561,5658,5576,5880,6351,6264,6351,6390,7584,7584,7663,7800,7840,7600,8085,8400,8829,8374,9213,9492,9945,10788,10591,11011,11970,12314,13230,13563,14178,15015,16092,16872,18408,18792,19920,21125,22352,24480,25806,27985,28762,31200,31650,33201,36160,39480,41067,44288,47972,50318,54720,59800,66990,72261,80272,86519,99840,109032,126948,142376,152886,185772,209650,228960,249612,264000,260680,256304,252168,243758,235620,231016,227088,211344,186147,159080,119808,0,0,0,0,0,0,0,0,0,0,0,0,0,0,0,0,0,0,0,0,0,0,0,0,0,0,0,0,0,0,0,0,0,0,0,0,0,0,0,0,0,0,0,0,0,0,0,0,0,0,0,0,0,0,0,0,0,0,0,0,0,0,0,0,0
1845,2244,3078,3245,3363,3540,3472,3132,3465,3392,3432,3484,3795,3484,3536,4032,4161,4307,4189,4440,4788,4800,5168,5508,5589,5740,6035,6600,6525,6840,7238,6603,6603,6887,6887,7313,8480,7800,8190,8910,9102,8774,8774,9213,10164,10472,11250,12126,12707,13500,13916,14729,15540,16830,17316,19188,20280,22225,22833,23496,24888,26549,27777,31650,33790,35076,38157,40748,42588,47128,52452,55188,61408,69760,76050,86279,93940,109296,126387,144045,160165,181500,211552,238196,246684,244032,249210,242193,226966,217710,217128,206904,185334,153690,0,0,0,0,0,0,0,0,0,0,0,0,0,0,0,0,0,0,0,0,0,0,0,0,0,0,0,0,0,0,0,0,0,0,0,0,0,0,0,0,0,0,0,0,0,0,0,0,0,0,0,0,0,0,0,0,0,0,0,0,0,0,0,0,0,0,0,0,0,0,0,0,0,0,0,0,0,0,0,0,0,0,0,0
1554,2891,3000,3172,3060,3180,3180,3534,3528,3472,3465,3564,3498,3618,3740,3410,3819,3864,4104,4307,4161,4543,5002,4860,4836,4928,5005,5280,5494,5561,5848,6586,6586,7068,7488,7296,6887,7100,7632,7918,8025,8453,8829,9102,9102,9794,10164,11088,11520,12408,13464,13900,14832,15476,16264,17538,19024,20160,22528,22400,22784,25212,26852,29808,32465,33945,35953,40748,42148,47056,50874,53956,62727,69324,77518,86715,96720,112252,129156,146616,163800,194820,230040,243090,239200,240411,239994,221364,212790,213486,193620,168012,129600,0,0,0,0,0,0,0,0,0,0,0,0,0,0,0,0,0,0,0,0,0,0,0,0,0,0,0,0,0,0,0,0,0,0,0,0,0,0,0,0,0,0,0,0,0,0,0,0,0,0,0,0,0,0,0,0,0,0,0,0,0,0,0,0,0,0,0,0,0,0,0,0,0,0,0,0,0,0,0,0,0,0,0,0,0
3009,2950,3120,3654,3712,3828,3648,3762,3933,4218,4292,4350,4524,4661,4920,4941,4860,5330,5494,5561,5796,6264,6816,6862,7056,7056,7650,7725,8112,8085,9072,9379,9775,10440,10324,11375,12090,13034,13635,14766,16912,16761,18012,19188,21590,23718,25986,27489,28906,30600,34720,37620,40800,45135,49368,53568,60196,66671,76820,87596,102440,118556,139633,158884,190742,221604,252980,262448,267578,257200,247422,234464,236410,217305,173760,129330,0,0,0,0,0,0,0,0,0,0,0,0,0,0,0,0,0,0,0,0,0,0,0,0,0,0,0,0,0,0,0,0,0,0,0,0,0,0,0,0,0,0,0,0,0,0,0,0,0,0,0,0,0,0,0,0,0,0,0,0,0,0,0,0,0,0,0,0,0,0,0,0,0,0,0,0,0,0,0,0,0,0,0,0,0,0,0,0,0,0,0,0,0,0,0,0,0,0,0,0,0,0
3410,3224,3685,3905,3976,3888,4070,4256,4408,4425,4836,5082,5280,5576,5670,5964,6192,6424,6716,7125,6840,6860,7344,7696,8374,8748,8640,8856,9130,9960,10769,11625,12707,13736,14700,15768,16478,17380,19723,21336,22750,24030,25760,27354,32072,33852,37584,40581,44275,50499,56056,62628,72594,82250,95865,112194,133860,153110,179963,222500,254560,251844,246350,244416,225585,224460,216161,181608,138768,0,0,0,0,0,0,0,0,0,0,0,0,0,0,0,0,0,0,0,0,0,0,0,0,0,0,0,0,0,0,0,0,0,0,0,0,0,0,0,0,0,0,0,0,0,0,0,0,0,0,0,0,0,0,0,0,0,0,0,0,0,0,0,0,0,0,0,0,0,0,0,0,0,0,0,0,0,0,0,0,0,0,0,0,0,0,0,0,0,0,0,0,0,0,0,0,0,0,0,0,0,0,0,0,0,0,0,0,0
3315,3150,3315,3417,3498,3685,3630,4012,4260,4560,4575,4864,4680,5103,5418,5568,6120,6370,6160,6324,6580,6887,6935,7178,7575,8034,8532,9153,9794,10080,11070,11160,12065,12960,13959,14994,16786,17556,18354,19140,21500,23495,26772,28258,30636,33726,37680,39680,45414,50318,58706,65932,75702,90639,100947,120768,141708,174945,207432,234650,226695,236512,216546,204911,196128,176732,143601,91805,0,0,0,0,0,0,0,0,0,0,0,0,0,0,0,0,0,0,0,0,0,0,0,0,0,0,0,0,0,0,0,0,0,0,0,0,0,0,0,0,0,0,0,0,0,0,0,0,0,0,0,0,0,0,0,0,0,0,0,0,0,0,0,0,0,0,0,0,0,0,0,0,0,0,0,0,0,0,0,0,0,0,0,0,0,0,0,0,0,0,0,0,0,0,0,0,0,0,0,0,0,0,0,0,0,0,0,0,0,0
1722,1806,3294,3294,3472,3770,3828,3770,3886,4189,4410,4292,4680,4661,4800,5146,5525,5544,5865,5865,6106,6141,6696,7008,7300,7700,8085,8910,8720,9775,10750,11408,11656,12635,13736,14144,16060,18290,19560,21294,24386,26825,29400,32813,35139,39546,43542,50320,55554,63840,74592,84109,104675,122516,150660,188042,221331,259440,271810,269325,248800,245196,240937,206349,153416,0,0,0,0,0,0,0,0,0,0,0,0,0,0,0,0,0,0,0,0,0,0,0,0,0,0,0,0,0,0,0,0,0,0,0,0,0,0,0,0,0,0,0,0,0,0,0,0,0,0,0,0,0,0,0,0,0,0,0,0,0,0,0,0,0,0,0,0,0,0,0,0,0,0,0,0,0,0,0,0,0,0,0,0,0,0,0,0,0,0,0,0,0,0,0,0,0,0,0,0,0,0,0,0,0,0,0,0,0,0,0,0,0
3276,3672,3640,3960,4088,4440,4526,4650,5200,5304,5865,5829,5963,6188,6417,6510,6745,7300,7575,7777,8400,8667,9711,10370,11340,12126,13095,14100,15435,16786,18720,20541,21328,23541,26167,30076,32283,36093,40338,45236,49594,61103,68472,80968,95480,117504,143338,174736,226256,246257,250648,237804,220400,211068,189744,149310,0,0,0,0,0,0,0,0,0,0,0,0,0,0,0,0,0,0,0,0,0,0,0,0,0,0,0,0,0,0,0,0,0,0,0,0,0,0,0,0,0,0,0,0,0,0,0,0,0,0,0,0,0,0,0,0,0,0,0,0,0,0,0,0,0,0,0,0,0,0,0,0,0,0,0,0,0,0,0,0,0,0,0,0,0,0,0,0,0,0,0,0,0,0,0,0,0,0,0,0,0,0,0,0,0,0,0,0,0,0,0,0,0,0,0,0,0,0,0,0,0,0
3068,3185,3710,3834,4088,4292,4526,4736,4992,5304,5712,5934,6120,6370,6417,6790,6958,7575,8190,8295,8560,8880,9976,10947,12513,12768,14382,15476,16786,19071,21500,22098,24978,27580,31350,34503,39105,42419,50232,56066,68985,77180,92826,114633,141519,170772,225093,247416,251286,237406,218829,215784,186116,135177,61887,0,0,0,0,0,0,0,0,0,0,0,0,0,0,0,0,0,0,0,0,0,0,0,0,0,0,0,0,0,0,0,0,0,0,0,0,0,0,0,0,0,0,0,0,0,0,0,0,0,0,0,0,0,0,0,0,0,0,0,0,0,0,0,0,0,0,0,0,0,0,0,0,0,0,0,0,0,0,0,0,0,0,0,0,0,0,0,0,0,0,0,0,0,0,0,0,0,0,0,0,0,0,0,0,0,0,0,0,0,0,0,0,0,0,0,0,0,0,0,0,0,0,0
3360,3315,3726,3726,3888,4125,4332,4484,4836,4864,5214,5520,6336,6264,6440,7050,6816,7242,7548,8343,8829,8667,9296,10384,11684,12936,14100,15582,16786,18468,21844,23364,25760,27936,32648,37064,40581,45150,54812,61206,73575,88572,108093,135024,169575,221862,253675,243376,242500,223262,220371,189600,139104,52932,0,0,0,0,0,0,0,0,0,0,0,0,0,0,0,0,0,0,0,0,0,0,0,0,0,0,0,0,0,0,0,0,0,0,0,0,0,0,0,0,0,0,0,0,0,0,0,0,0,0,0,0,0,0,0,0,0,0,0,0,0,0,0,0,0,0,0,0,0,0,0,0,0,0,0,0,0,0,0,0,0,0,0,0,0,0,0,0,0,0,0,0,0,0,0,0,0,0,0,0,0,0,0,0,0,0,0,0,0,0,0,0,0,0,0,0,0,0,0,0,0,0,0,0
3498,3657,3960,4070,4275,4543,4697,5135,5360,5520,6177,6643,6975,6720,6790,7272,8295,8748,8748,9545,10560,11684,13328,14484,15330,17004,20086,22188,23895,26367,31768,34937,40992,45924,55104,65912,76388,93992,119784,149188,199920,239094,251277,247038,222555,215110,182875,123873,0,0,0,0,0,0,0,0,0,0,0,0,0,0,0,0,0,0,0,0,0,0,0,0,0,0,0,0,0,0,0,0,0,0,0,0,0,0,0,0,0,0,0,0,0,0,0,0,0,0,0,0,0,0,0,0,0,0,0,0,0,0,0,0,0,0,0,0,0,0,0,0,0,0,0,0,0,0,0,0,0,0,0,0,0,0,0,0,0,0,0,0,0,0,0,0,0,0,0,0,0,0,0,0,0,0,0,0,0,0,0,0,0,0,0,0,0,0,0,0,0,0,0,0,0,0,0,0,0,0
3520,3894,4189,4200,4661,4661,4740,4992,5589,5893,6160,6624,6745,7128,7474,8008,8720,9348,9775,10769,11921,13034,14840,17024,18080,20956,24165,26825,28565,33755,39715,44718,49776,61910,73902,89915,112336,145613,183596,234786,263523,248320,234949,226963,193992,141717,0,0,0,0,0,0,0,0,0,0,0,0,0,0,0,0,0,0,0,0,0,0,0,0,0,0,0,0,0,0,0,0,0,0,0,0,0,0,0,0,0,0,0,0,0,0,0,0,0,0,0,0,0,0,0,0,0,0,0,0,0,0,0,0,0,0,0,0,0,0,0,0,0,0,0,0,0,0,0,0,0,0,0,0,0,0,0,0,0,0,0,0,0,0,0,0,0,0,0,0,0,0,0,0,0,0,0,0,0,0,0,0,0,0,0,0,0,0,0,0,0,0,0,0,0,0,0,0,0,0,0,0
3180,3584,3445,3905,3960,4389,4602,4740,5200,5412,5880,6390,6417,6790,7300,8190,8424,8910,9660,10824,11557,12635,14456,15836,16848,20207,22925,25944,28080,33540,38305,43516,51324,58996,71583,90882,114091,145530,195460,235365,238491,241984,216008,204303,152208,0,0,0,0,0,0,0,0,0,0,0,0,0,0,0,0,0,0,0,0,0,0,0,0,0,0,0,0,0,0,0,0,0,0,0,0,0,0,0,0,0,0,0,0,0,0,0,0,0,0,0,0,0,0,0,0,0,0,0,0,0,0,0,0,0,0,0,0,0,0,0,0,0,0,0,0,0,0,0,0,0,0,0,0,0,0,0,0,0,0,0,0,0,0,0,0,0,0,0,0,0,0,0,0,0,0,0,0,0,0,0,0,0,0,0,0,0,0,0,0,0,0,0,0,0,0,0,0,0,0,0,0,0
3456,3976,4088,4389,4466,4680,5214,5427,5810,6160,6552,6816,7128,7904,8346,9020,9379,10234,11340,12768,14560,16200,17113,20708,23760,26085,28762,35098,39765,44376,55198,66780,80040,102960,133056,171600,224640,257686,247156,221822,215110,178600,0,0,0,0,0,0,0,0,0,0,0,0,0,0,0,0,0,0,0,0,0,0,0,0,0,0,0,0,0,0,0,0,0,0,0,0,0,0,0,0,0,0,0,0,0,0,0,0,0,0,0,0,0,0,0,0,0,0,0,0,0,0,0,0,0,0,0,0,0,0,0,0,0,0,0,0,0,0,0,0,0,0,0,0,0,0,0,0,0,0,0,0,0,0,0,0,0,0,0,0,0,0,0,0,0,0,0,0,0,0,0,0,0,0,0,0,0,0,0,0,0,0,0,0,0,0,0,0,0,0,0,0,0,0,0,0
3770,3630,4012,4015,4144,4408,4800,4620,5360,5644,6035,6461,7050,6984,7373,7904,8667,9102,9690,11036,12314,13938,15805,17222,20449,23807,27027,29896,35040,40656,47241,58000,68952,85555,108945,142922,187152,245798,257491,243824,223146,216189,154882,53998,0,0,0,0,0,0,0,0,0,0,0,0,0,0,0,0,0,0,0,0,0,0,0,0,0,0,0,0,0,0,0,0,0,0,0,0,0,0,0,0,0,0,0,0,0,0,0,0,0,0,0,0,0,0,0,0,0,0,0,0,0,0,0,0,0,0,0,0,0,0,0,0,0,0,0,0,0,0,0,0,0,0,0,0,0,0,0,0,0,0,0,0,0,0,0,0,0,0,0,0,0,0,0,0,0,0,0,0,0,0,0,0,0,0,0,0,0,0,0,0,0,0,0,0,0,0,0,0,0,0,0,0,0,0
3604,3834,4015,4484,4650,5056,5304,5796,6210,6279,6460,6930,8346,8034,8829,9594,11070,12445,13344,15330,17004,20049,21798,25160,30636,35139,42081,50034,58806,73920,94620,129048,167040,232407,246553,238510,211233,192360,133764,0,0,0,0,0,0,0,0,0,0,0,0,0,0,0,0,0,0,0,0,0,0,0,0,0,0,0,0,0,0,0,0,0,0,0,0,0,0,0,0,0,0,0,0,0,0,0,0,0,0,0,0,0,0,0,0,0,0,0,0,0,0,0,0,0,0,0,0,0,0,0,0,0,0,0,0,0,0,0,0,0,0,0,0,0,0,0,0,0,0,0,0,0,0,0,0,0,0,0,0,0,0,0,0,0,0,0,0,0,0,0,0,0,0,0,0,0,0,0,0,0,0,0,0,0,0,0,0,0,0,0,0,0,0,0,0,0,0,0
3024,3432,3536,3417,3536,4002,4200,4248,4209,4402,4320,4514,4774,4788,4864,5005,4977,5056,5360,5576,5508,5740,5304,5520,5796,5964,6600,6570,6716,7050,7030,7296,7448,7722,8058,8240,8466,8484,10764,10374,9520,10208,10948,11616,12932,14820,15912,16800,14664,16568,17480,16724,17901,17063,18207,18876,19116,20160,20910,20086,19305,20691,21472,22017,23552,24252,24500,26733,27265,28080,29960,31746,32634,35030,36498,39366,41656,41334,43921,46806,50040,52416,54978,58672,63315,65302,71712,75258,81753,84016,91744,99935,103886,112360,124944,137566,149688,160776,177004,188832,220067,242896,272232,307860,297440,292520,289914,300219,294806,299650,293733,276804,269360,273812,0,0,0,0,0,0,0,0,0,0,0,0,0,0,0,0,0,0,0,0,0,0,0,0,0,0,0,0,0,0,0,0,0,0,0,0,0,0,0,0,0,0,0,0,0,0,0,0,0,0,0,0,0,0,0,0,0,0,0,0,0,0,0,0
2912,3078,3172,3120,3111,3050,3038,2989,2880,2940,3060,3162,3111,3233,3213,3224,3465,4225,3402,3315,4836,4788,4680,5200,6162,5928,6156,6237,5727,5670,5508,5609,5658,5616,5767,5840,6068,6264,6600,6512,6708,7176,6882,6882,7533,7347,7440,7614,7776,7857,8200,8300,8820,8904,9202,9048,9720,10101,10602,10396,10602,10716,11328,11662,11931,12276,12573,13260,13728,14416,15207,15985,16644,17284,17464,17908,19096,20088,20125,18000,22008,23220,23800,24288,24978,25340,27783,28616,30545,32283,32760,35478,37290,39270,41174,43400,45793,47241,49128,50505,55199,60282,64988,68688,71175,76500,81543,86979,93992,101745,113742,121440,130356,141414,153621,168327,189720,211344,234990,257907,305558,314760,314505,314922,318459,310992,301876,291716,271136,261855,203708,0,0,0,0,0,0,0,0,0,0,0,0,0,0,0,0,0,0,0,0,0,0,0,0,0,0,0,0,0,0,0,0,0,0,0,0,0,0,0,0,0,0,0,0,0,0,0
1700,2091,1715,1862,1989,2150,2438,2279,2585,2592,2750,2805,2805,2912,2700,2650,2700,2805,2860,2805,2964,3016,3127,3120,3233,2880,3294,3233,3286,3233,3276,3402,3224,3339,3392,3520,3630,3564,3484,3618,3551,3618,3685,3618,3795,3933,4118,4189,4392,4320,4307,4575,4440,4636,4819,4560,4800,5040,5312,5712,5950,6035,6106,6300,6853,6786,6873,6699,6497,6497,6764,7007,7708,8232,7968,8181,8160,8528,8610,9095,9483,9701,10080,10192,10509,11305,11662,11979,12152,13312,12954,13650,13650,13965,15120,15651,15540,16272,17980,18972,20574,21912,22743,21672,23275,25020,27048,29835,28650,29529,31044,33327,35588,37668,39330,41650,45136,47684,50540,53952,59885,62073,65484,71060,76944,82476,88938,98938,109890,120830,130232,145743,160590,183060,204630,225823,316656,347600,365452,378000,375935,366336,330528,308736,273842,0,0,0,0,0,0,0,0,0,0,0,0,0,0,0,0,0,0,0,0,0,0,0,0,0,0,0,0,0,0,0,0,0
2352,3604,3726,3850,4060,4260,4248,4392,4588,4599,4662,4725,4650,4725,4788,5082,5135,5427,5360,5740,5810,6192,6035,6586,6660,6660,7410,8148,8217,8466,8632,8670,8944,9222,9856,10235,10580,9545,10179,10406,12500,13020,13482,14336,15428,17262,17082,17374,17784,18910,20410,20480,21120,20875,21930,23140,24024,23994,26190,26865,27738,28980,30888,32032,34500,36036,38955,42240,42665,46368,51976,53619,58368,62449,67524,73563,82401,89147,97750,106554,120012,138620,156570,172160,193006,237880,262548,299823,304096,302996,308016,308672,302991,302736,285120,279558,273000,0,0,0,0,0,0,0,0,0,0,0,0,0,0,0,0,0,0,0,0,0,0,0,0,0,0,0,0,0,0,0,0,0,0,0,0,0,0,0,0,0,0,0,0,0,0,0,0,0,0,0,0,0,0,0,0,0,0,0,0,0,0,0,0,0,0,0,0,0,0,0,0,0,0,0,0,0,0,0,0,0
1650,2050,2000,2000,2000,2050,2142,2173,2184,2214,2365,2109,2128,2958,2964,3060,3111,3111,3162,3213,3328,3392,3510,3630,3740,3685,3740,3672,3795,3990,3920,3933,4060,4047,4260,4331,4402,4464,4526,4662,5025,4940,5148,5451,5440,5810,5893,5964,6048,6408,6570,7584,7220,7315,8245,8613,8352,7360,8036,8316,9540,9936,10944,10925,11115,12019,12792,12700,13910,14256,14715,15400,15651,17700,17731,18634,19875,21156,22176,23842,24603,26970,27565,29760,29450,32136,35154,38280,41934,44352,47684,53289,56826,60501,68052,72376,80500,87362,98141,111072,123640,144342,158610,183120,214666,256557,290440,305172,292082,287950,289224,288800,271848,260370,202536,169167,0,0,0,0,0,0,0,0,0,0,0,0,0,0,0,0,0,0,0,0,0,0,0,0,0,0,0,0,0,0,0,0,0,0,0,0,0,0,0,0,0,0,0,0,0,0,0,0,0,0,0,0,0,0,0,0,0,0,0,0,0,0
2064,3190,3599,3658,3162,3410,3648,3350,3726,3795,3752,3876,3876,3886,4012,3819,4071,4148,4278,4550,4544,4662,4662,4940,5236,5226,5451,6177,6570,6552,7068,7238,7347,7790,7968,7980,8051,8585,8961,9048,9202,9701,9483,9546,10120,10296,12160,12125,12544,13534,14338,14874,15732,16302,17365,17400,19065,20224,21679,23220,24505,25404,26075,28336,26969,30301,34506,37632,41650,45287,47730,53156,58200,62700,69015,75364,82128,94248,105864,118722,134320,149755,175480,209380,356265,365935,371778,361584,350500,342565,291344,251544,0,0,0,0,0,0,0,0,0,0,0,0,0,0,0,0,0,0,0,0,0,0,0,0,0,0,0,0,0,0,0,0,0,0,0,0,0,0,0,0,0,0,0,0,0,0,0,0,0,0,0,0,0,0,0,0,0,0,0,0,0,0,0,0,0,0,0,0,0,0,0,0,0,0,0,0,0,0,0,0,0,0,0,0,0,0
3888,3445,4408,4680,5070,5148,5148,5236,5530,5372,5880,6059,6438,6750,6734,7426,7600,8019,8118,8383,8610,9919,12348,13130,15318,15755,17875,18250,17595,20000,20664,20584,22836,24165,23973,24639,26664,28566,29468,33823,33892,37130,39196,44278,49175,51404,56935,60786,69056,77220,84346,96612,109710,123096,143075,162966,191080,229152,320350,347565,364021,350001,358656,369000,360172,346145,0,0,0,0,0,0,0,0,0,0,0,0,0,0,0,0,0,0,0,0,0,0,0,0,0,0,0,0,0,0,0,0,0,0,0,0,0,0,0,0,0,0,0,0,0,0,0,0,0,0,0,0,0,0,0,0,0,0,0,0,0,0,0,0,0,0,0,0,0,0,0,0,0,0,0,0,0,0,0,0,0,0,0,0,0,0,0,0,0,0,0,0,0,0,0,0,0,0,0,0,0,0,0,0,0,0,0,0,0,0,0,0
1836,1700,2028,2268,2576,2832,2891,2668,2565,2552,2832,2714,2914,3038,3087,3213,3100,3339,3456,4588,4514,4788,4928,5226,5427,5658,5644,5695,5628,5695,5848,6319,6408,6424,6525,7566,7821,8100,8736,9752,10230,10101,11305,11232,11931,12028,12500,13493,14280,15478,15587,16128,17582,17940,18644,20007,20875,22925,24165,25116,26412,28512,30488,33418,36252,38479,42081,46992,49128,58608,60894,64985,75480,84448,96750,106141,122204,143260,169708,193795,231012,328320,308637,304382,275624,0,0,0,0,0,0,0,0,0,0,0,0,0,0,0,0,0,0,0,0,0,0,0,0,0,0,0,0,0,0,0,0,0,0,0,0,0,0,0,0,0,0,0,0,0,0,0,0,0,0,0,0,0,0,0,0,0,0,0,0,0,0,0,0,0,0,0,0,0,0,0,0,0,0,0,0,0,0,0,0,0,0,0,0,0,0,0,0,0,0,0,0,0
3185,3120,3234,3604,3657,3432,3618,3850,3920,3960,4218,4234,4218,4440,4526,4599,4725,5082,5070,5508,5658,5880,5880,6090,6480,6570,6716,7030,6956,7200,8137,8736,10622,10560,12300,13932,16714,16920,17516,19468,20828,21125,21525,21539,22878,23188,25090,27405,28196,32266,36190,37200,40068,43344,49762,54168,59170,63516,72633,83585,89349,106398,121930,137460,165900,191285,224840,275132,335975,404820,410078,420900,408511,0,0,0,0,0,0,0,0,0,0,0,0,0,0,0,0,0,0,0,0,0,0,0,0,0,0,0,0,0,0,0,0,0,0,0,0,0,0,0,0,0,0,0,0,0,0,0,0,0,0,0,0,0,0,0,0,0,0,0,0,0,0,0,0,0,0,0,0,0,0,0,0,0,0,0,0,0,0,0,0,0,0,0,0,0,0,0,0,0,0,0,0,0,0,0,0,0,0,0,0,0,0,0,0,0
2806,2820,3392,3264,3564,3510,3498,3672,3726,3795,4440,4940,5248,5976,6536,6942,7268,7742,7426,8019,8316,8632,10602,11232,12524,14148,15290,16272,18600,17825,19764,17696,18908,19942,20349,23616,23312,25608,25935,29260,32704,34881,38160,43512,46512,52072,57408,66950,75117,86612,101745,114215,139098,165792,198702,245100,306488,390572,370552,373650,359595,338643,0,0,0,0,0,0,0,0,0,0,0,0,0,0,0,0,0,0,0,0,0,0,0,0,0,0,0,0,0,0,0,0,0,0,0,0,0,0,0,0,0,0,0,0,0,0,0,0,0,0,0,0,0,0,0,0,0,0,0,0,0,0,0,0,0,0,0,0,0,0,0,0,0,0,0,0,0,0,0,0,0,0,0,0,0,0,0,0,0,0,0,0,0,0,0,0,0,0,0,0,0,0,0,0,0,0,0,0,0,0,0,0,0,0,0,0
2700,2880,2760,4130,3740,3864,4032,3780,4500,4560,4977,5056,5082,5016,5304,5520,5760,5904,6450,6438,6699,7238,7392,7546,7644,8330,8484,8820,10010,10304,10944,11564,12772,13965,14098,14204,14933,16986,17850,18285,19118,21930,23220,25844,28305,30098,32292,35581,38610,42750,49476,52920,59202,67731,74698,87360,100330,119136,139576,173225,215517,448877,415370,398524,394506,0,0,0,0,0,0,0,0,0,0,0,0,0,0,0,0,0,0,0,0,0,0,0,0,0,0,0,0,0,0,0,0,0,0,0,0,0,0,0,0,0,0,0,0,0,0,0,0,0,0,0,0,0,0,0,0,0,0,0,0,0,0,0,0,0,0,0,0,0,0,0,0,0,0,0,0,0,0,0,0,0,0,0,0,0,0,0,0,0,0,0,0,0,0,0,0,0,0,0,0,0,0,0,0,0,0,0,0,0,0,0,0,0
2050,2714,2842,2900,3484,3850,3864,3795,4047,4176,4307,4380,4800,5148,5265,5265,5561,5494,5762,5896,6003,6480,6790,7777,8190,10057,11446,12463,12200,11760,12423,15180,16541,16530,18923,16677,18193,18315,19323,21420,22814,23250,25026,28222,30528,35568,39123,43180,48144,55581,61093,69208,77625,89726,105060,124547,146412,184140,225423,325584,333644,311640,299575,281622,0,0,0,0,0,0,0,0,0,0,0,0,0,0,0,0,0,0,0,0,0,0,0,0,0,0,0,0,0,0,0,0,0,0,0,0,0,0,0,0,0,0,0,0,0,0,0,0,0,0,0,0,0,0,0,0,0,0,0,0,0,0,0,0,0,0,0,0,0,0,0,0,0,0,0,0,0,0,0,0,0,0,0,0,0,0,0,0,0,0,0,0,0,0,0,0,0,0,0,0,0,0,0,0,0,0,0,0,0,0,0,0,0,0
1645,1764,1739,1833,1800,1716,1518,1598,1764,1813,1911,2940,2784,2679,2842,3111,2989,3348,3410,3465,3705,3575,3630,3808,3894,3770,4071,4672,5037,4928,5796,5848,6090,6120,5986,6586,6408,6716,7238,7776,7885,8036,10396,10246,11682,11979,12600,12573,13566,14008,14734,15792,16820,18600,20088,20708,24165,25488,28416,30150,35860,38180,42456,47241,53204,55777,66254,74919,87840,101515,123105,147084,177002,224688,401960,400596,386073,363870,0,0,0,0,0,0,0,0,0,0,0,0,0,0,0,0,0,0,0,0,0,0,0,0,0,0,0,0,0,0,0,0,0,0,0,0,0,0,0,0,0,0,0,0,0,0,0,0,0,0,0,0,0,0,0,0,0,0,0,0,0,0,0,0,0,0,0,0,0,0,0,0,0,0,0,0,0,0,0,0,0,0,0,0,0,0,0,0,0,0,0,0,0,0,0,0,0,0,0,0
1440,1288,1215,1568,1911,1872,1739,1887,1850,1989,2106,2408,2726,2784,2668,2537,2580,2640,2640,2891,2989,3162,3328,3445,4248,4234,5005,4880,5148,5016,5346,5346,5427,5934,6210,6248,6319,6789,7178,8343,8652,9464,10058,11210,11760,11880,12400,12827,14017,15180,15680,17940,18634,20160,20769,24112,25760,28457,31350,35640,40053,41664,47866,53580,59302,68908,81396,92254,111565,138180,165880,199065,253092,331596,381766,373584,359568,345340,265068,0,0,0,0,0,0,0,0,0,0,0,0,0,0,0,0,0,0,0,0,0,0,0,0,0,0,0,0,0,0,0,0,0,0,0,0,0,0,0,0,0,0,0,0,0,0,0,0,0,0,0,0,0,0,0,0,0,0,0,0,0,0,0,0,0,0,0,0,0,0,0,0,0,0,0,0,0,0,0,0,0,0,0,0,0,0,0,0,0,0,0,0,0,0,0,0,0,0,0
897,1000,1148,1148,1290,1333,1364,1408,1452,1440,1530,1598,1568,1470,1650,1802,1768,2160,2337,2460,2580,2604,2623,2944,2860,2860,3136,3432,3120,3216,3933,4307,4307,4697,4914,4992,5346,5561,5695,6020,6290,6512,6992,7469,7900,8320,9919,10152,11155,11520,12726,13335,13952,14933,16675,17550,19434,19080,21590,24208,26980,29694,32283,36064,40560,45232,50142,57135,66671,77850,94184,109671,133194,165478,201950,272136,368160,365283,359985,347892,306090,231956,0,0,0,0,0,0,0,0,0,0,0,0,0,0,0,0,0,0,0,0,0,0,0,0,0,0,0,0,0,0,0,0,0,0,0,0,0,0,0,0,0,0,0,0,0,0,0,0,0,0,0,0,0,0,0,0,0,0,0,0,0,0,0,0,0,0,0,0,0,0,0,0,0,0,0,0,0,0,0,0,0,0,0,0,0,0,0,0,0,0,0,0,0,0,0,0
3465,4154,3510,4453,4118,4599,4662,4752,4864,4928,4875,5810,6688,7189,8544,8772,8316,8874,10545,11058,12826,13356,13416,14008,13483,15660,16416,18645,18975,19890,20886,23247,26865,28773,31031,38394,43253,48321,55352,62685,73684,88536,106655,130746,163908,206739,281801,315375,306944,308492,298034,277794,0,0,0,0,0,0,0,0,0,0,0,0,0,0,0,0,0,0,0,0,0,0,0,0,0,0,0,0,0,0,0,0,0,0,0,0,0,0,0,0,0,0,0,0,0,0,0,0,0,0,0,0,0,0,0,0,0,0,0,0,0,0,0,0,0,0,0,0,0,0,0,0,0,0,0,0,0,0,0,0,0,0,0,0,0,0,0,0,0,0,0,0,0,0,0,0,0,0,0,0,0,0,0,0,0,0,0,0,0,0,0,0,0,0,0,0,0,0,0,0,0,0,0,0,0,0
2862,2200,2268,2867,2745,2806,2709,2772,2944,3350,3417,4851,4819,4898,5056,5120,5508,6072,6570,6660,6716,7128,7546,8181,8652,10120,10672,11543,12028,13287,14231,14715,16898,19026,19968,22545,22704,25803,29008,32548,37575,42175,48384,52060,61800,69336,83660,99072,119387,149596,192296,241636,323904,364519,354996,330992,290358,117298,0,0,0,0,0,0,0,0,0,0,0,0,0,0,0,0,0,0,0,0,0,0,0,0,0,0,0,0,0,0,0,0,0,0,0,0,0,0,0,0,0,0,0,0,0,0,0,0,0,0,0,0,0,0,0,0,0,0,0,0,0,0,0,0,0,0,0,0,0,0,0,0,0,0,0,0,0,0,0,0,0,0,0,0,0,0,0,0,0,0,0,0,0,0,0,0,0,0,0,0,0,0,0,0,0,0,0,0,0,0,0,0,0,0,0,0,0,0,0,0
1591,1628,1960,2714,3276,3510,3392,3213,3445,3575,4020,4575,4176,4560,4819,5040,5376,5610,5544,5880,6160,6432,7425,8000,8961,8904,9632,10324,12446,14300,14763,15762,17328,17464,18212,18998,20933,22015,25344,29820,31458,34352,40824,47972,53960,63342,73372,87966,105370,131385,166516,210870,276174,371250,378560,370392,348480,279220,0,0,0,0,0,0,0,0,0,0,0,0,0,0,0,0,0,0,0,0,0,0,0,0,0,0,0,0,0,0,0,0,0,0,0,0,0,0,0,0,0,0,0,0,0,0,0,0,0,0,0,0,0,0,0,0,0,0,0,0,0,0,0,0,0,0,0,0,0,0,0,0,0,0,0,0,0,0,0,0,0,0,0,0,0,0,0,0,0,0,0,0,0,0,0,0,0,0,0,0,0,0,0,0,0,0,0,0,0,0,0,0,0,0,0,0,0,0,0,0
2255,2296,2394,2596,2552,2508,2464,2668,3172,3213,3315,3510,3762,4012,3933,4189,4464,4526,4484,5200,5460,6319,6984,7275,8466,10101,10230,11446,9576,10353,12707,13400,13500,13728,16744,16585,16585,17538,19720,21720,25414,26928,30246,36115,41500,46612,55614,65920,77625,95060,116242,149646,185409,248346,322180,339480,302202,268035,0,0,0,0,0,0,0,0,0,0,0,0,0,0,0,0,0,0,0,0,0,0,0,0,0,0,0,0,0,0,0,0,0,0,0,0,0,0,0,0,0,0,0,0,0,0,0,0,0,0,0,0,0,0,0,0,0,0,0,0,0,0,0,0,0,0,0,0,0,0,0,0,0,0,0,0,0,0,0,0,0,0,0,0,0,0,0,0,0,0,0,0,0,0,0,0,0,0,0,0,0,0,0,0,0,0,0,0,0,0,0,0,0,0,0,0,0,0,0,0
2242,2052,2030,2166,2394,2552,2640,2684,2835,3366,4104,4500,4620,4524,4800,5248,5460,5628,5478,5896,6072,7178,7524,7931,8320,8715,10057,11328,12474,13566,14659,15552,17255,19685,21060,21970,24840,27695,32589,37620,42416,49068,54912,66882,80730,95887,118642,154728,190068,253232,348192,412646,382660,355284,333408,259336,0,0,0,0,0,0,0,0,0,0,0,0,0,0,0,0,0,0,0,0,0,0,0,0,0,0,0,0,0,0,0,0,0,0,0,0,0,0,0,0,0,0,0,0,0,0,0,0,0,0,0,0,0,0,0,0,0,0,0,0,0,0,0,0,0,0,0,0,0,0,0,0,0,0,0,0,0,0,0,0,0,0,0,0,0,0,0,0,0,0,0,0,0,0,0,0,0,0,0,0,0,0,0,0,0,0,0,0,0,0,0,0,0,0,0,0,0,0,0,0,0,0
1092,1120,1092,1230,1568,1488,1536,1764,1836,1924,2378,2537,3038,2961,2666,3479,3570,3834,4015,4218,4582,5084,5312,5395,5742,5135,6461,6789,7275,7676,8400,9222,10350,11712,12125,14040,15478,16008,18724,20800,21679,23852,25806,29988,35139,39208,45135,53196,63536,73372,93623,113475,145827,185808,243588,345680,399090,373650,346192,0,0,0,0,0,0,0,0,0,0,0,0,0,0,0,0,0,0,0,0,0,0,0,0,0,0,0,0,0,0,0,0,0,0,0,0,0,0,0,0,0,0,0,0,0,0,0,0,0,0,0,0,0,0,0,0,0,0,0,0,0,0,0,0,0,0,0,0,0,0,0,0,0,0,0,0,0,0,0,0,0,0,0,0,0,0,0,0,0,0,0,0,0,0,0,0,0,0,0,0,0,0,0,0,0,0,0,0,0,0,0,0,0,0,0,0,0,0,0
1632,1800,1924,2145,2223,2262,2340,2852,2976,3200,3380,3888,4161,4928,5346,5610,5780,5628,5676,5950,7332,7546,7448,7854,8736,10028,11615,12000,12740,14904,16611,18360,20800,22512,24616,26696,30429,37682,42525,51724,59400,69660,86760,108669,140125,183366,246400,348102,396375,389504,351540,317955,0,0,0,0,0,0,0,0,0,0,0,0,0,0,0,0,0,0,0,0,0,0,0,0,0,0,0,0,0,0,0,0,0,0,0,0,0,0,0,0,0,0,0,0,0,0,0,0,0,0,0,0,0,0,0,0,0,0,0,0,0,0,0,0,0,0,0,0,0,0,0,0,0,0,0,0,0,0,0,0,0,0,0,0,0,0,0,0,0,0,0,0,0,0,0,0,0,0,0,0,0,0,0,0,0,0,0,0,0,0,0,0,0,0,0,0,0,0,0,0,0,0,0,0,0,0
1820,2160,2378,2537,2520,2562,3038,3213,3250,3685,3990,4161,4292,4992,5265,5695,5395,5712,5695,7104,7546,7956,8988,9768,11058,12222,13029,14766,16416,18120,21091,22344,24881,27690,33540,39377,48100,57113,65817,81666,100487,130585,175686,238260,395960,399300,359040,311318,0,0,0,0,0,0,0,0,0,0,0,0,0,0,0,0,0,0,0,0,0,0,0,0,0,0,0,0,0,0,0,0,0,0,0,0,0,0,0,0,0,0,0,0,0,0,0,0,0,0,0,0,0,0,0,0,0,0,0,0,0,0,0,0,0,0,0,0,0,0,0,0,0,0,0,0,0,0,0,0,0,0,0,0,0,0,0,0,0,0,0,0,0,0,0,0,0,0,0,0,0,0,0,0,0,0,0,0,0,0,0,0,0,0,0,0,0,0,0,0,0,0,0,0,0,0,0,0,0,0
1440,1728,1715,2173,2520,2806,2989,2852,3250,3220,3381,4543,5412,5561,5762,5727,6789,7081,7275,7878,8295,9630,11385,11424,13464,15012,16530,19177,20352,22477,23701,29596,34286,40248,47988,55185,68155,85680,107464,141900,186660,368529,397917,399168,343602,284121,0,0,0,0,0,0,0,0,0,0,0,0,0,0,0,0,0,0,0,0,0,0,0,0,0,0,0,0,0,0,0,0,0,0,0,0,0,0,0,0,0,0,0,0,0,0,0,0,0,0,0,0,0,0,0,0,0,0,0,0,0,0,0,0,0,0,0,0,0,0,0,0,0,0,0,0,0,0,0,0,0,0,0,0,0,0,0,0,0,0,0,0,0,0,0,0,0,0,0,0,0,0,0,0,0,0,0,0,0,0,0,0,0,0,0,0,0,0,0,0,0,0,0,0,0,0,0,0,0,0,0,0
1696,1632,1715,1764,1785,1785,1872,1716,3024,3510,3685,3953,3380,3740,4140,4392,5412,5742,5963,6497,6825,7857,8874,9408,10384,11067,13034,13332,16428,18240,19840,22815,26931,31775,33970,40729,51456,58108,76050,94107,127395,174168,231992,335664,331254,314264,286520,233655,0,0,0,0,0,0,0,0,0,0,0,0,0,0,0,0,0,0,0,0,0,0,0,0,0,0,0,0,0,0,0,0,0,0,0,0,0,0,0,0,0,0,0,0,0,0,0,0,0,0,0,0,0,0,0,0,0,0,0,0,0,0,0,0,0,0,0,0,0,0,0,0,0,0,0,0,0,0,0,0,0,0,0,0,0,0,0,0,0,0,0,0,0,0,0,0,0,0,0,0,0,0,0,0,0,0,0,0,0,0,0,0,0,0,0,0,0,0,0,0,0,0,0,0,0,0,0,0,0,0
1680,1470,1760,1664,1650,1750,1800,1976,1998,2240,2976,3300,3498,3864,3808,3350,3876,4071,4453,4992,5229,5610,5644,6300,7315,8240,8991,9775,10304,12513,13362,14933,16837,18644,20040,24522,28470,32186,37760,44352,55005,68480,84609,110922,150670,194704,283030,329360,310352,279216,231756,0,0,0,0,0,0,0,0,0,0,0,0,0,0,0,0,0,0,0,0,0,0,0,0,0,0,0,0,0,0,0,0,0,0,0,0,0,0,0,0,0,0,0,0,0,0,0,0,0,0,0,0,0,0,0,0,0,0,0,0,0,0,0,0,0,0,0,0,0,0,0,0,0,0,0,0,0,0,0,0,0,0,0,0,0,0,0,0,0,0,0,0,0,0,0,0,0,0,0,0,0,0,0,0,0,0,0,0,0,0,0,0,0,0,0,0,0,0,0,0,0,0,0,0,0,0,0
1836,1887,1924,1887,1938,1924,1976,2240,2296,2451,2478,2537,2478,2684,2728,2728,2772,2790,2898,2790,2852,3024,2898,2961,3024,3120,3055,3008,3216,3332,3381,3430,3570,3588,3640,3692,4015,4446,4524,4256,4543,4680,4602,4503,4503,4524,4779,4860,4838,4838,4897,5074,5160,5185,5220,5544,5696,5733,5504,5824,5915,6460,6138,5980,6298,6408,6887,6831,6664,6969,7350,7704,7952,8436,8512,8436,8550,8814,8658,9711,10030,10332,10578,10578,10209,11616,11440,11440,11748,12420,12741,13677,14112,14553,15000,15808,16799,17600,17649,17767,19435,19720,21402,21538,23560,24600,25125,26201,28217,29751,31610,32544,32544,32742,37026,37908,39606,42405,43824,46512,52072,54604,58006,60334,64277,70350,73530,76601,81918,87622,99120,105825,116032,128851,138105,148614,164749,176390,199424,223215,250344,286704,312000,329056,346448,347984,327060,332852,324764,333683,316635,308963,295488,285634,276451,259825,236280,207368,174251,103275,0,0,0,0,0,0,0,0,0,0,0,0,0,0,0,0,0,0
1836,1836,1785,1908,1855,1944,1944,1980,2035,2035,2072,2166,2240,2552,2745,2961,2976,3024,2914,3008,3008,3008,3168,3700,3825,3876,3700,4187,4187,4424,4180,4125,3816,3942,3942,4050,4104,4620,4860,5208,5355,5040,5355,5394,5733,5980,5915,6144,6499,6499,6499,6566,6762,6958,6762,6633,6936,7313,7446,7500,7632,7770,7770,8025,8547,8547,8624,8814,8991,9711,10200,10080,10320,11036,11049,12144,12864,12540,13563,14157,14210,15300,16524,16524,17784,18012,17316,19090,22000,22680,23184,24252,27522,25403,28288,29607,30597,33060,35568,36960,38465,40290,44756,46475,50940,53985,59058,61425,64200,70380,75168,80949,88830,94724,101675,114737,127440,142915,153300,179922,195000,219304,257052,291126,333936,362635,381695,374480,358415,363804,362223,347945,334466,325995,319190,287830,264620,238251,196417,151900,0,0,0,0,0,0,0,0,0,0,0,0,0,0,0,0,0,0,0,0,0,0,0,0,0,0,0,0,0,0,0,0,0,0,0,0,0,0
3038,8400,8686,8925,9180,9266,9639,9877,10248,9963,10836,10836,11310,11352,11745,12282,12816,12549,13248,13392,14535,15741,15246,17472,16583,18083,19548,21505,21996,23808,24948,26240,28329,28542,30912,33552,35136,38628,41120,42343,47090,50343,53521,57474,62918,66495,72674,82894,91142,97760,106330,124285,140154,155760,178911,201759,234960,270900,308154,371790,378108,382398,365806,381766,387714,380165,365200,369966,327168,295407,267860,215002,0,0,0,0,0,0,0,0,0,0,0,0,0,0,0,0,0,0,0,0,0,0,0,0,0,0,0,0,0,0,0,0,0,0,0,0,0,0,0,0,0,0,0,0,0,0,0,0,0,0,0,0,0,0,0,0,0,0,0,0,0,0,0,0,0,0,0,0,0,0,0,0,0,0,0,0,0,0,0,0,0,0,0,0,0,0,0,0,0,0,0,0,0,0,0,0,0,0,0,0,0,0,0,0,0,0
1376,1386,1344,1802,1836,1836,1855,1944,1980,1890,1944,2160,2120,2200,2700,2700,3008,3450,3500,3500,3332,3468,3400,3588,3710,3692,3723,3763,3996,4158,4345,4424,4640,4560,4956,5280,5002,5063,5208,5640,5580,5640,5760,6305,6110,6762,6887,7154,7300,7455,7770,7416,7811,7738,7992,8436,8880,8892,9120,9922,9882,10540,10922,11921,12090,13192,13837,13536,15408,14382,16324,16940,17490,20272,17480,19635,19764,22500,25058,25090,26069,30173,31099,33872,37576,37820,41817,47300,50225,52780,59136,62766,66584,74686,81312,87688,99663,111760,123500,138040,155394,181540,204227,245520,274792,326556,361045,385278,354795,359456,359412,356070,330443,327660,317254,278684,256793,215589,160839,0,0,0,0,0,0,0,0,0,0,0,0,0,0,0,0,0,0,0,0,0,0,0,0,0,0,0,0,0,0,0,0,0,0,0,0,0,0,0,0,0,0,0,0,0,0,0,0,0,0,0,0,0,0,0,0,0,0,0
1776,1813,1887,1800,1820,1872,1908,1855,1924,1887,2928,2940,2891,2940,3498,3564,3740,5280,5265,5934,5481,5865,6364,6460,7544,8091,8160,8624,9373,9240,9680,9810,10304,10192,10396,10005,10980,11036,11250,11610,12103,13110,12788,12467,13632,14553,14259,14112,15708,17702,19980,20091,21294,23188,25088,26260,27324,29172,32430,34128,35750,37000,41760,48267,52128,56610,63954,72732,79476,85950,93666,108630,122695,138040,158470,185150,226845,270777,300173,354200,379682,377208,374990,362358,359632,357035,360009,352656,304146,259316,0,0,0,0,0,0,0,0,0,0,0,0,0,0,0,0,0,0,0,0,0,0,0,0,0,0,0,0,0,0,0,0,0,0,0,0,0,0,0,0,0,0,0,0,0,0,0,0,0,0,0,0,0,0,0,0,0,0,0,0,0,0,0,0,0,0,0,0,0,0,0,0,0,0,0,0,0,0,0,0,0,0,0,0,0,0,0,0
5040,4800,4779,5063,5270,5590,5628,5544,5427,5950,5916,6461,6862,7030,7722,7979,8216,8343,8925,9737,10137,10101,11210,11520,12222,12804,12936,13426,13440,14900,16275,16380,17982,19604,19608,21240,23312,23560,24846,27604,32148,36391,40000,43725,47300,51798,57716,62205,72030,77615,88011,102588,116424,136800,160590,192290,227160,270180,312570,343476,357785,353568,356510,352590,344624,349082,0,0,0,0,0,0,0,0,0,0,0,0,0,0,0,0,0,0,0,0,0,0,0,0,0,0,0,0,0,0,0,0,0,0,0,0,0,0,0,0,0,0,0,0,0,0,0,0,0,0,0,0,0,0,0,0,0,0,0,0,0,0,0,0,0,0,0,0,0,0,0,0,0,0,0,0,0,0,0,0,0,0,0,0,0,0,0,0,0,0,0,0,0,0,0,0,0,0,0,0,0,0,0,0,0,0,0,0,0,0,0,0
3432,3922,4125,3996,3888,4088,4275,4408,4602,4756,5100,5246,5332,5915,6045,6392,6596,6900,7416,6900,7446,7770,8132,8424,8880,9234,9676,10200,11430,11036,12635,13563,12730,14300,15660,16317,16912,18630,20060,21525,21894,23184,26136,27860,29952,34352,35574,38868,42021,47502,50400,59100,66654,72670,82308,94644,104904,121485,142496,166920,202640,248625,304410,353232,422864,427008,422997,416175,402210,391285,377580,337497,284108,207726,0,0,0,0,0,0,0,0,0,0,0,0,0,0,0,0,0,0,0,0,0,0,0,0,0,0,0,0,0,0,0,0,0,0,0,0,0,0,0,0,0,0,0,0,0,0,0,0,0,0,0,0,0,0,0,0,0,0,0,0,0,0,0,0,0,0,0,0,0,0,0,0,0,0,0,0,0,0,0,0,0,0,0,0,0,0,0,0,0,0,0,0,0,0,0,0,0,0,0,0,0,0,0,0
8364,9047,9288,9296,9396,10736,10416,11303,12462,12741,13728,13824,14256,16632,18648,20227,23124,25220,26796,28485,31360,35015,37901,40280,43953,47770,56966,64288,72570,80250,97055,109062,127893,148816,179838,220248,254592,277780,300000,332145,305584,291500,275028,249249,217248,179376,94192,32215,0,0,0,0,0,0,0,0,0,0,0,0,0,0,0,0,0,0,0,0,0,0,0,0,0,0,0,0,0,0,0,0,0,0,0,0,0,0,0,0,0,0,0,0,0,0,0,0,0,0,0,0,0,0,0,0,0,0,0,0,0,0,0,0,0,0,0,0,0,0,0,0,0,0,0,0,0,0,0,0,0,0,0,0,0,0,0,0,0,0,0,0,0,0,0,0,0,0,0,0,0,0,0,0,0,0,0,0,0,0,0,0,0,0,0,0,0,0,0,0,0,0,0,0,0,0,0,0,0,0
5525,6486,7474,8658,9280,9758,10492,11000,12065,12408,13344,14484,15120,16632,15656,17658,20468,20587,23241,26866,29051,30704,34950,37604,44488,50445,55648,64400,74088,86394,93600,114668,136285,161424,200178,227792,240758,259008,280539,254007,257972,246697,223914,197185,150870,95600,0,0,0,0,0,0,0,0,0,0,0,0,0,0,0,0,0,0,0,0,0,0,0,0,0,0,0,0,0,0,0,0,0,0,0,0,0,0,0,0,0,0,0,0,0,0,0,0,0,0,0,0,0,0,0,0,0,0,0,0,0,0,0,0,0,0,0,0,0,0,0,0,0,0,0,0,0,0,0,0,0,0,0,0,0,0,0,0,0,0,0,0,0,0,0,0,0,0,0,0,0,0,0,0,0,0,0,0,0,0,0,0,0,0,0,0,0,0,0,0,0,0,0,0,0,0,0,0,0,0,0,0
1598,2898,3763,3834,4543,4543,6764,9072,9130,9594,10788,10750,10836,12052,11520,11880,14553,14652,16218,16695,19435,19071,21000,23625,26162,28427,31220,34075,38465,43560,48222,50575,59974,68136,77280,91336,109687,124280,148379,186079,230509,289810,371732,386580,401760,381840,388518,348084,313239,271800,0,0,0,0,0,0,0,0,0,0,0,0,0,0,0,0,0,0,0,0,0,0,0,0,0,0,0,0,0,0,0,0,0,0,0,0,0,0,0,0,0,0,0,0,0,0,0,0,0,0,0,0,0,0,0,0,0,0,0,0,0,0,0,0,0,0,0,0,0,0,0,0,0,0,0,0,0,0,0,0,0,0,0,0,0,0,0,0,0,0,0,0,0,0,0,0,0,0,0,0,0,0,0,0,0,0,0,0,0,0,0,0,0,0,0,0,0,0,0,0,0,0,0,0,0,0,0,0
1564,1598,1666,1666,2596,2552,2537,2596,2760,2976,3072,3168,3072,3120,3250,3484,3672,3657,3710,4180,4389,4524,4814,5100,5270,5418,5696,5824,6080,6432,6392,6984,7128,7125,7700,8848,8910,9660,9120,9860,11070,13056,14280,13152,13344,15862,16905,18150,18857,21301,23595,27537,28912,31104,34800,38236,45123,51870,60216,70173,79875,89300,107169,128583,153470,192642,242802,291270,349140,384420,368940,357480,340308,319221,223876,142785,0,0,0,0,0,0,0,0,0,0,0,0,0,0,0,0,0,0,0,0,0,0,0,0,0,0,0,0,0,0,0,0,0,0,0,0,0,0,0,0,0,0,0,0,0,0,0,0,0,0,0,0,0,0,0,0,0,0,0,0,0,0,0,0,0,0,0,0,0,0,0,0,0,0,0,0,0,0,0,0,0,0,0,0,0,0,0,0,0,0,0,0,0,0,0,0,0,0,0,0,0,0
1872,1872,1924,2067,2184,2200,2184,2537,3120,3072,3315,9660,9594,10370,11830,12328,10769,13152,14454,16016,16748,17930,19323,21122,23188,25856,27738,32890,38779,40480,43195,51798,61740,70110,79205,96882,111760,135520,167940,224350,276360,350100,375741,408456,381151,356448,325440,282645,227732,0,0,0,0,0,0,0,0,0,0,0,0,0,0,0,0,0,0,0,0,0,0,0,0,0,0,0,0,0,0,0,0,0,0,0,0,0,0,0,0,0,0,0,0,0,0,0,0,0,0,0,0,0,0,0,0,0,0,0,0,0,0,0,0,0,0,0,0,0,0,0,0,0,0,0,0,0,0,0,0,0,0,0,0,0,0,0,0,0,0,0,0,0,0,0,0,0,0,0,0,0,0,0,0,0,0,0,0,0,0,0,0,0,0,0,0,0,0,0,0,0,0,0,0,0,0,0,0,0
3264,3456,3456,4758,6808,6882,15732,18468,20230,21576,25800,28152,30738,31175,35636,39835,49175,57528,68470,82855,99064,119328,146955,187580,248346,313484,365838,354071,353360,333266,309994,274820,0,0,0,0,0,0,0,0,0,0,0,0,0,0,0,0,0,0,0,0,0,0,0,0,0,0,0,0,0,0,0,0,0,0,0,0,0,0,0,0,0,0,0,0,0,0,0,0,0,0,0,0,0,0,0,0,0,0,0,0,0,0,0,0,0,0,0,0,0,0,0,0,0,0,0,0,0,0,0,0,0,0,0,0,0,0,0,0,0,0,0,0,0,0,0,0,0,0,0,0,0,0,0,0,0,0,0,0,0,0,0,0,0,0,0,0,0,0,0,0,0,0,0,0,0,0,0,0,0,0,0,0,0,0,0,0,0,0,0,0,0,0,0,0,0,0
3536,3657,3763,4408,4758,4819,4920,5332,5796,6486,6486,6580,7008,7600,8532,9379,9430,9711,10738,11625,12012,12513,13426,15453,16740,18792,21301,23424,25996,28016,33288,36391,44322,49280,58500,67184,78942,94770,111795,143172,178560,236160,311182,350030,335844,336831,309684,280298,244979,171600,0,0,0,0,0,0,0,0,0,0,0,0,0,0,0,0,0,0,0,0,0,0,0,0,0,0,0,0,0,0,0,0,0,0,0,0,0,0,0,0,0,0,0,0,0,0,0,0,0,0,0,0,0,0,0,0,0,0,0,0,0,0,0,0,0,0,0,0,0,0,0,0,0,0,0,0,0,0,0,0,0,0,0,0,0,0,0,0,0,0,0,0,0,0,0,0,0,0,0,0,0,0,0,0,0,0,0,0,0,0,0,0,0,0,0,0,0,0,0,0,0,0,0,0,0,0,0,0
4050,4125,4125,5040,6840,7920,8881,10848,11040,12000,13755,14040,13800,14308,15582,16157,17402,20178,20944,27470,31020,35313,37114,40960,49416,61661,69422,89320,104656,134552,172536,230679,305300,341380,354445,340200,308538,275880,223686,0,0,0,0,0,0,0,0,0,0,0,0,0,0,0,0,0,0,0,0,0,0,0,0,0,0,0,0,0,0,0,0,0,0,0,0,0,0,0,0,0,0,0,0,0,0,0,0,0,0,0,0,0,0,0,0,0,0,0,0,0,0,0,0,0,0,0,0,0,0,0,0,0,0,0,0,0,0,0,0,0,0,0,0,0,0,0,0,0,0,0,0,0,0,0,0,0,0,0,0,0,0,0,0,0,0,0,0,0,0,0,0,0,0,0,0,0,0,0,0,0,0,0,0,0,0,0,0,0,0,0,0,0,0,0,0,0,0,0
3072,3087,2961,3087,3136,3072,3168,3185,4161,4524,4446,5022,4880,5146,5568,5632,5963,6528,7104,7592,8025,8829,8610,9288,10620,11532,11868,12513,14178,14645,17172,18645,20230,22440,25212,28356,34251,38465,43884,53985,65852,76869,93456,116667,148258,188760,251250,286875,285144,277695,255285,242556,201096,136948,0,0,0,0,0,0,0,0,0,0,0,0,0,0,0,0,0,0,0,0,0,0,0,0,0,0,0,0,0,0,0,0,0,0,0,0,0,0,0,0,0,0,0,0,0,0,0,0,0,0,0,0,0,0,0,0,0,0,0,0,0,0,0,0,0,0,0,0,0,0,0,0,0,0,0,0,0,0,0,0,0,0,0,0,0,0,0,0,0,0,0,0,0,0,0,0,0,0,0,0,0,0,0,0,0,0,0,0,0,0,0,0,0,0,0,0,0,0,0,0,0,0,0,0
4015,4218,4368,4720,5658,6764,8811,11346,11562,12768,13524,14300,15450,18190,18480,26130,29376,33033,37544,41762,50634,57846,70847,91080,110500,146592,190836,264033,327600,313866,313302,295152,251160,0,0,0,0,0,0,0,0,0,0,0,0,0,0,0,0,0,0,0,0,0,0,0,0,0,0,0,0,0,0,0,0,0,0,0,0,0,0,0,0,0,0,0,0,0,0,0,0,0,0,0,0,0,0,0,0,0,0,0,0,0,0,0,0,0,0,0,0,0,0,0,0,0,0,0,0,0,0,0,0,0,0,0,0,0,0,0,0,0,0,0,0,0,0,0,0,0,0,0,0,0,0,0,0,0,0,0,0,0,0,0,0,0,0,0,0,0,0,0,0,0,0,0,0,0,0,0,0,0,0,0,0,0,0,0,0,0,0,0,0,0,0,0,0,0
3264,3816,3996,4275,4864,6864,7695,7885,9309,10320,11160,11868,14688,15759,18360,23058,26130,28676,34104,38052,43248,50740,60610,75645,94656,119454,161218,220077,291819,314450,305292,288819,253708,204228,0,0,0,0,0,0,0,0,0,0,0,0,0,0,0,0,0,0,0,0,0,0,0,0,0,0,0,0,0,0,0,0,0,0,0,0,0,0,0,0,0,0,0,0,0,0,0,0,0,0,0,0,0,0,0,0,0,0,0,0,0,0,0,0,0,0,0,0,0,0,0,0,0,0,0,0,0,0,0,0,0,0,0,0,0,0,0,0,0,0,0,0,0,0,0,0,0,0,0,0,0,0,0,0,0,0,0,0,0,0,0,0,0,0,0,0,0,0,0,0,0,0,0,0,0,0,0,0,0,0,0,0,0,0,0,0,0,0,0,0,0,0,0,0
3942,4332,4602,6048,7885,8989,8888,11625,12408,13662,15450,17535,24696,28274,31136,35760,41919,48332,58590,72800,92230,115570,155100,213616,290496,322848,322582,304584,274638,208896,109716,0,0,0,0,0,0,0,0,0,0,0,0,0,0,0,0,0,0,0,0,0,0,0,0,0,0,0,0,0,0,0,0,0,0,0,0,0,0,0,0,0,0,0,0,0,0,0,0,0,0,0,0,0,0,0,0,0,0,0,0,0,0,0,0,0,0,0,0,0,0,0,0,0,0,0,0,0,0,0,0,0,0,0,0,0,0,0,0,0,0,0,0,0,0,0,0,0,0,0,0,0,0,0,0,0,0,0,0,0,0,0,0,0,0,0,0,0,0,0,0,0,0,0,0,0,0,0,0,0,0,0,0,0,0,0,0,0,0,0,0,0,0,0,0,0,0,0
4543,4698,6048,7128,8245,8700,11760,12864,12576,14832,16065,18094,17548,21948,27040,31666,36000,42826,49305,58968,73071,91014,118424,162260,223360,306020,348119,335160,308762,212058,0,0,0,0,0,0,0,0,0,0,0,0,0,0,0,0,0,0,0,0,0,0,0,0,0,0,0,0,0,0,0,0,0,0,0,0,0,0,0,0,0,0,0,0,0,0,0,0,0,0,0,0,0,0,0,0,0,0,0,0,0,0,0,0,0,0,0,0,0,0,0,0,0,0,0,0,0,0,0,0,0,0,0,0,0,0,0,0,0,0,0,0,0,0,0,0,0,0,0,0,0,0,0,0,0,0,0,0,0,0,0,0,0,0,0,0,0,0,0,0,0,0,0,0,0,0,0,0,0,0,0,0,0,0,0,0,0,0,0,0,0,0,0,0,0,0,0,0
3942,4292,4389,5600,5986,7047,7200,8051,8428,8019,10488,11250,11868,14256,14014,15965,17388,22320,27192,28994,35550,39627,47094,55748,67080,89010,117963,157642,220748,291617,315182,318756,278184,230550,159552,0,0,0,0,0,0,0,0,0,0,0,0,0,0,0,0,0,0,0,0,0,0,0,0,0,0,0,0,0,0,0,0,0,0,0,0,0,0,0,0,0,0,0,0,0,0,0,0,0,0,0,0,0,0,0,0,0,0,0,0,0,0,0,0,0,0,0,0,0,0,0,0,0,0,0,0,0,0,0,0,0,0,0,0,0,0,0,0,0,0,0,0,0,0,0,0,0,0,0,0,0,0,0,0,0,0,0,0,0,0,0,0,0,0,0,0,0,0,0,0,0,0,0,0,0,0,0,0,0,0,0,0,0,0,0,0,0,0,0,0,0,0,0
5822,6290,6480,7125,7200,7738,8510,7800,8475,9360,10710,10578,11868,13064,14210,17280,19205,21600,25676,29565,34075,40506,47940,57279,78000,91254,125757,164288,244055,297705,290136,277066,241516,190212,88725,0,0,0,0,0,0,0,0,0,0,0,0,0,0,0,0,0,0,0,0,0,0,0,0,0,0,0,0,0,0,0,0,0,0,0,0,0,0,0,0,0,0,0,0,0,0,0,0,0,0,0,0,0,0,0,0,0,0,0,0,0,0,0,0,0,0,0,0,0,0,0,0,0,0,0,0,0,0,0,0,0,0,0,0,0,0,0,0,0,0,0,0,0,0,0,0,0,0,0,0,0,0,0,0,0,0,0,0,0,0,0,0,0,0,0,0,0,0,0,0,0,0,0,0,0,0,0,0,0,0,0,0,0,0,0,0,0,0,0,0,0,0,0
5976,6278,6882,7050,6486,7384,7072,7313,8932,9396,10668,10080,12285,15096,18480,20944,23940,27398,30520,37392,43195,52392,64222,81748,110805,145920,200451,275539,291992,282153,243536,200720,110450,0,0,0,0,0,0,0,0,0,0,0,0,0,0,0,0,0,0,0,0,0,0,0,0,0,0,0,0,0,0,0,0,0,0,0,0,0,0,0,0,0,0,0,0,0,0,0,0,0,0,0,0,0,0,0,0,0,0,0,0,0,0,0,0,0,0,0,0,0,0,0,0,0,0,0,0,0,0,0,0,0,0,0,0,0,0,0,0,0,0,0,0,0,0,0,0,0,0,0,0,0,0,0,0,0,0,0,0,0,0,0,0,0,0,0,0,0,0,0,0,0,0,0,0,0,0,0,0,0,0,0,0,0,0,0,0,0,0,0,0,0,0,0,0,0
2322,2394,2880,3672,4176,4514,5600,5986,8316,8466,9460,8829,9676,10086,10836,11481,12232,13775,14798,18480,21275,24924,28408,34748,40320,49248,60724,78690,98792,139221,191316,241180,276762,252234,218562,172159,77677,0,0,0,0,0,0,0,0,0,0,0,0,0,0,0,0,0,0,0,0,0,0,0,0,0,0,0,0,0,0,0,0,0,0,0,0,0,0,0,0,0,0,0,0,0,0,0,0,0,0,0,0,0,0,0,0,0,0,0,0,0,0,0,0,0,0,0,0,0,0,0,0,0,0,0,0,0,0,0,0,0,0,0,0,0,0,0,0,0,0,0,0,0,0,0,0,0,0,0,0,0,0,0,0,0,0,0,0,0,0,0,0,0,0,0,0,0,0,0,0,0,0,0,0,0,0,0,0,0,0,0,0,0,0,0,0,0,0,0,0,0
1938,2052,1989,3087,3162,3770,5032,4536,4588,5070,5950,5695,7125,7425,8624,8316,8624,9360,10496,11528,13254,15965,17010,19494,23940,26316,29260,35816,46332,55047,67900,90048,121940,168696,214170,241536,237165,189369,145440,57620,0,0,0,0,0,0,0,0,0,0,0,0,0,0,0,0,0,0,0,0,0,0,0,0,0,0,0,0,0,0,0,0,0,0,0,0,0,0,0,0,0,0,0,0,0,0,0,0,0,0,0,0,0,0,0,0,0,0,0,0,0,0,0,0,0,0,0,0,0,0,0,0,0,0,0,0,0,0,0,0,0,0,0,0,0,0,0,0,0,0,0,0,0,0,0,0,0,0,0,0,0,0,0,0,0,0,0,0,0,0,0,0,0,0,0,0,0,0,0,0,0,0,0,0,0,0,0,0,0,0,0,0,0,0,0,0,0,0
2145,3087,3726,4060,4047,4200,5751,9213,9184,10086,10004,10922,11748,12727,15000,16905,19936,22729,27470,30192,37101,45314,55892,71400,91800,127332,177536,225600,261030,242400,193515,152254,0,0,0,0,0,0,0,0,0,0,0,0,0,0,0,0,0,0,0,0,0,0,0,0,0,0,0,0,0,0,0,0,0,0,0,0,0,0,0,0,0,0,0,0,0,0,0,0,0,0,0,0,0,0,0,0,0,0,0,0,0,0,0,0,0,0,0,0,0,0,0,0,0,0,0,0,0,0,0,0,0,0,0,0,0,0,0,0,0,0,0,0,0,0,0,0,0,0,0,0,0,0,0,0,0,0,0,0,0,0,0,0,0,0,0,0,0,0,0,0,0,0,0,0,0,0,0,0,0,0,0,0,0,0,0,0,0,0,0,0,0,0,0,0,0,0
1260,1288,2242,2360,2520,2400,2360,2360,2520,2460,2542,2501,3430,3479,3479,3528,3528,3723,3723,3848,3996,3942,5418,5610,6052,6045,6528,7425,7125,7100,7210,7313,7632,8360,8393,10209,10292,9840,10664,11000,11375,12319,12348,12969,14076,14734,15052,15729,15900,16912,18921,20418,21710,21546,20178,20241,20585,22015,22491,25026,26130,26520,27456,30719,31920,32660,33872,35816,37638,39273,43326,46070,47921,50160,52598,57645,61858,65044,69472,74686,83028,91476,97605,103944,112250,127958,141400,151116,164768,189833,215950,248570,291312,351329,398351,447797,461304,506391,479068,438984,457072,433350,422010,418122,408044,405621,384104,364086,337288,304386,261560,93010,37224,0,0,0,0,0,0,0,0,0,0,0,0,0,0,0,0,0,0,0,0,0,0,0,0,0,0,0,0,0,0,0,0,0,0,0,0,0,0,0,0,0,0,0,0,0,0,0,0,0,0,0,0,0,0,0,0,0,0,0,0,0,0,0,0,0
2280,2400,2320,2378,2806,2867,3136,3250,3366,3315,3300,3234,3168,3300,3283,3640,3500,3621,3816,3796,4234,4484,4602,4800,5002,5208,5185,5208,5418,5292,5440,5440,5590,5655,5676,5896,6188,6324,6486,6745,6745,6840,6935,7227,7519,7704,7526,8030,8284,8580,9348,9860,10043,10836,11223,11570,11440,11830,12255,12768,12864,13289,13761,14523,15244,16275,16585,16799,17710,18928,19600,20300,21060,23064,24639,26004,27336,28912,29892,32544,33369,36036,37114,39468,42543,44088,46306,49280,56536,58330,61953,68136,72240,79059,86400,92800,102303,113985,124136,139885,155992,178870,200466,226626,261747,309960,329875,353520,376194,361788,364704,362730,373264,351450,339350,325398,319081,303743,292842,265188,228260,180090,34338,0,0,0,0,0,0,0,0,0,0,0,0,0,0,0,0,0,0,0,0,0,0,0,0,0,0,0,0,0,0,0,0,0,0,0,0,0,0,0,0,0,0,0,0,0,0,0,0,0,0,0,0,0,0,0
972,975,1014,1014,1014,1014,1053,1120,1080,1120,1092,1092,1170,1170,1170,1170,1131,1170,1200,1240,1271,1271,1302,1302,1408,1485,1564,1610,1540,1620,1540,1620,1584,1620,1702,1739,1702,1824,1862,1960,2050,2091,2142,2132,2279,2332,2430,2484,2484,2438,2530,2565,2640,2745,2728,2760,2867,2700,2596,2832,2989,3100,3024,3150,3136,3300,3185,3381,3332,3200,3234,3400,3381,3430,3528,3550,3500,3519,3640,3692,3588,3618,3795,3976,4060,4060,4118,4218,4602,4661,4779,4640,4661,5002,5400,5460,5612,6048,6045,6204,6045,6045,6432,6732,6596,6930,7070,7272,7344,7878,8008,8658,8910,8800,8829,9184,9296,9918,10440,11102,11253,12288,12920,13720,14645,14892,14355,16006,16585,17538,18032,18560,19844,21500,22606,24472,25482,27522,28078,29051,30368,30952,32035,37206,39245,40729,45325,48400,53016,61401,65664,71383,77616,82348,89792,99176,109203,126618,138408,151470,174525,189610,218631,262675,301608,378684,457025,494010,513024,499497,509330,472538,459834,439128,442550,409658,402480,377475
1590,1612,2440,2795,2646,2646,2688,2752,2752,2816,2970,3128,3290,3528,3672,3744,3900,4104,3869,3942,3942,4070,4200,3900,4389,4134,4503,4674,4838,4920,5160,5280,5368,5824,6016,6270,6298,6790,7100,7070,7242,7592,7770,8208,8658,9243,9760,9840,10458,10707,11004,11524,11610,12922,13485,13920,15049,16748,17496,18204,18759,20826,22066,24552,25326,27348,30003,32175,33785,37240,41022,44715,48393,54168,58844,66129,74390,81395,91415,109368,120912,136773,151088,185150,222824,257040,282267,280410,274560,273315,268515,264450,251517,236135,226498,208962,184875,155358,106330,0,0,0,0,0,0,0,0,0,0,0,0,0,0,0,0,0,0,0,0,0,0,0,0,0,0,0,0,0,0,0,0,0,0,0,0,0,0,0,0,0,0,0,0,0,0,0,0,0,0,0,0,0,0,0,0,0,0,0,0,0,0,0,0,0,0,0,0,0,0,0,0,0,0,0,0,0,0,0
1700,1700,1666,1768,1802,1785,1820,1855,1944,2016,2035,2106,2184,2280,2280,2436,2508,2537,2478,2520,2604,2790,2790,2852,2790,2914,3024,3072,3168,3350,3350,3536,3468,3774,3876,4004,4050,4104,4104,4368,4400,4455,4674,4872,5063,5124,5146,5185,5185,5312,5376,5590,5874,6030,6279,6300,6486,6887,7227,7875,8560,8829,8910,9348,10285,10492,10875,10875,11739,12825,14014,14256,14300,15184,16170,17604,18256,18810,20240,21600,23814,25284,27537,29680,32856,35955,39040,40662,45675,49594,55772,62118,68364,76608,82720,93119,110616,123542,144918,169278,198121,232500,278637,308848,320210,303688,305373,316764,311283,317356,299715,286880,294240,283038,235752,0,0,0,0,0,0,0,0,0,0,0,0,0,0,0,0,0,0,0,0,0,0,0,0,0,0,0,0,0,0,0,0,0,0,0,0,0,0,0,0,0,0,0,0,0,0,0,0,0,0,0,0,0,0,0,0,0,0,0,0,0,0,0
11960,12972,14356,13622,14900,15504,16380,28509,38160,43230,50336,45236,48960,53392,57618,56355,60988,64056,74898,79116,90387,101632,115240,129614,157815,182050,209924,261051,537383,526164,521352,478272,457881,440064,445638,421974,0,0,0,0,0,0,0,0,0,0,0,0,0,0,0,0,0,0,0,0,0,0,0,0,0,0,0,0,0,0,0,0,0,0,0,0,0,0,0,0,0,0,0,0,0,0,0,0,0,0,0,0,0,0,0,0,0,0,0,0,0,0,0,0,0,0,0,0,0,0,0,0,0,0,0,0,0,0,0,0,0,0,0,0,0,0,0,0,0,0,0,0,0,0,0,0,0,0,0,0,0,0,0,0,0,0,0,0,0,0,0,0,0,0,0,0,0,0,0,0,0,0,0,0,0,0,0,0,0,0,0,0,0,0,0,0,0,0,0,0,0,0
1215,1377,1392,1440,1519,1440,1470,1519,1470,1410,1550,1632,1488,1600,1768,1820,1802,1855,1872,1872,1908,2014,1836,1836,1961,1961,1998,2052,2242,2301,2340,2379,2418,2480,2583,2542,2624,2709,2925,2880,2880,2898,3120,3120,3283,3234,3350,3468,3588,3763,4050,3869,3900,4424,4345,4536,4788,4788,5015,5246,5292,5368,5440,5440,5742,5676,6003,6348,6440,6603,6912,7350,7956,8938,9072,9379,9690,10701,10788,10962,11648,13015,13959,14355,15288,16264,17538,17871,19890,20592,21780,23375,25671,28905,30597,34121,37440,41160,44548,49413,55963,60600,69122,79002,87724,103878,121716,138816,164430,194544,233376,285650,316400,318366,316004,306341,306912,309738,293180,285138,278005,256728,0,0,0,0,0,0,0,0,0,0,0,0,0,0,0,0,0,0,0,0,0,0,0,0,0,0,0,0,0,0,0,0,0,0,0,0,0,0,0,0,0,0,0,0,0,0,0,0,0,0,0,0,0,0,0,0
1178,1140,1178,1140,1216,1326,1360,1400,1428,1470,1505,1575,1665,1628,1755,1665,1665,1645,1764,1728,1776,1813,1813,1900,1950,1950,2132,2160,2160,2268,2226,2184,2142,2193,2288,2438,2475,2610,2760,2700,2773,2668,2655,2760,2640,2728,2806,2806,2914,3120,3283,3350,3366,3484,3834,3942,3905,3976,4161,4851,4928,5146,5568,5696,5850,6072,6204,6392,6348,6603,6745,6090,6555,6624,7056,7665,7980,8008,8190,9020,9718,10824,12144,13205,15000,15642,16377,17604,18975,20709,22320,23711,26441,28980,31320,33674,38078,41583,45236,50691,52910,59085,64640,73850,83127,92344,108712,128506,148608,170100,211698,262434,328950,427586,435831,434775,416950,417361,396888,399764,376188,334062,288876,0,0,0,0,0,0,0,0,0,0,0,0,0,0,0,0,0,0,0,0,0,0,0,0,0,0,0,0,0,0,0,0,0,0,0,0,0,0,0,0,0,0,0,0,0,0,0,0,0,0,0,0,0,0,0
1536,2501,2623,2772,2790,2898,2944,2835,2898,2944,3120,3332,3468,3519,3640,3952,4004,4081,4081,4158,4345,4536,4674,4814,5015,5104,5400,5368,5332,5394,5590,5808,6120,6580,6532,6580,7081,7777,8938,9296,9348,9828,10625,10614,11088,12012,13483,14400,14500,15836,17649,18696,19205,20768,22022,24448,26400,29751,32996,35872,41160,44376,49868,56727,62727,73040,81432,94736,114325,132160,156045,190380,241016,284468,310440,306471,303810,307330,310320,288909,281883,271800,245952,203300,0,0,0,0,0,0,0,0,0,0,0,0,0,0,0,0,0,0,0,0,0,0,0,0,0,0,0,0,0,0,0,0,0,0,0,0,0,0,0,0,0,0,0,0,0,0,0,0,0,0,0,0,0,0,0,0,0,0,0,0,0,0,0,0,0,0,0,0,0,0,0,0,0,0,0,0,0,0,0,0,0,0,0,0,0,0,0,0,0,0,0,0,0,0
1728,2914,3024,2898,2835,2944,2961,3008,3055,3149,4187,4212,4235,4180,4424,4592,4617,5015,4872,4930,5040,5040,5270,5525,5676,6052,6030,6300,6510,6816,7950,8453,8829,8991,9976,10440,10947,11125,12596,14200,14544,14484,15960,17985,18419,20240,21720,24130,25935,28633,33078,36580,41236,45325,51708,59004,66253,78648,87600,106449,125160,156045,192427,237254,298000,314650,309175,310086,314066,316536,299782,281112,273170,0,0,0,0,0,0,0,0,0,0,0,0,0,0,0,0,0,0,0,0,0,0,0,0,0,0,0,0,0,0,0,0,0,0,0,0,0,0,0,0,0,0,0,0,0,0,0,0,0,0,0,0,0,0,0,0,0,0,0,0,0,0,0,0,0,0,0,0,0,0,0,0,0,0,0,0,0,0,0,0,0,0,0,0,0,0,0,0,0,0,0,0,0,0,0,0,0,0,0,0,0,0,0,0,0
1276,1350,1395,1530,1518,1518,1551,1568,1683,1938,1887,1850,1850,2067,2255,2310,2420,2464,2365,2622,2622,2773,2914,3087,3380,3657,3640,3417,4740,5040,5307,5270,5518,5922,5888,6204,6144,6402,7056,7372,7878,8988,10005,10413,11000,11659,12462,13720,14443,15656,17712,19264,20470,22692,24444,27811,32045,35720,38319,43776,52452,57330,64148,76146,85668,102564,120150,149212,181260,233508,294882,402288,439830,414990,423360,389241,384615,356942,314118,0,0,0,0,0,0,0,0,0,0,0,0,0,0,0,0,0,0,0,0,0,0,0,0,0,0,0,0,0,0,0,0,0,0,0,0,0,0,0,0,0,0,0,0,0,0,0,0,0,0,0,0,0,0,0,0,0,0,0,0,0,0,0,0,0,0,0,0,0,0,0,0,0,0,0,0,0,0,0,0,0,0,0,0,0,0,0,0,0,0,0,0,0,0,0,0,0,0,0
2640,2745,3008,3072,3102,3360,3479,3550,3381,3744,3848,4004,4158,4212,4400,4424,4466,4640,4779,4941,5292,5376,5720,6072,6528,7100,7227,7548,8008,8640,8960,9912,11094,11528,11704,12927,13490,14948,15900,16590,18315,20416,22444,26334,29400,32120,34251,39445,45050,52521,59994,71064,81543,98853,121040,143664,177973,236368,296608,304965,295889,297140,292716,271768,261099,236640,194256,0,0,0,0,0,0,0,0,0,0,0,0,0,0,0,0,0,0,0,0,0,0,0,0,0,0,0,0,0,0,0,0,0,0,0,0,0,0,0,0,0,0,0,0,0,0,0,0,0,0,0,0,0,0,0,0,0,0,0,0,0,0,0,0,0,0,0,0,0,0,0,0,0,0,0,0,0,0,0,0,0,0,0,0,0,0,0,0,0,0,0,0,0,0,0,0,0,0,0,0,0,0,0,0,0,0,0,0,0,0,0
1734,2262,2419,2537,2580,2640,3128,3848,4028,7918,8736,11025,11856,10800,11160,12065,14454,14847,15198,16585,18354,21960,22264,22144,26666,28912,33750,37576,40922,45630,54418,61440,69056,78897,92106,112406,139876,172620,223245,318384,431520,457974,422280,412500,392685,335748,98889,0,0,0,0,0,0,0,0,0,0,0,0,0,0,0,0,0,0,0,0,0,0,0,0,0,0,0,0,0,0,0,0,0,0,0,0,0,0,0,0,0,0,0,0,0,0,0,0,0,0,0,0,0,0,0,0,0,0,0,0,0,0,0,0,0,0,0,0,0,0,0,0,0,0,0,0,0,0,0,0,0,0,0,0,0,0,0,0,0,0,0,0,0,0,0,0,0,0,0,0,0,0,0,0,0,0,0,0,0,0,0,0,0,0,0,0,0,0,0,0,0,0,0,0,0,0,0,0,0,0,0
2040,2080,2080,2226,2268,2310,2610,2576,2668,2867,3000,3111,3328,3264,3315,3498,3136,3200,3685,3920,4234,4524,4582,4582,4720,5146,5166,5376,5632,5785,6256,6279,6912,7548,7777,8162,8532,9296,9576,10492,11700,12183,12596,13662,15300,15759,17710,18480,20296,21720,24768,28152,31317,35015,41164,48650,53754,65626,73803,89147,107008,135660,170272,213624,287527,374976,377937,405610,364305,340992,332050,317814,263228,0,0,0,0,0,0,0,0,0,0,0,0,0,0,0,0,0,0,0,0,0,0,0,0,0,0,0,0,0,0,0,0,0,0,0,0,0,0,0,0,0,0,0,0,0,0,0,0,0,0,0,0,0,0,0,0,0,0,0,0,0,0,0,0,0,0,0,0,0,0,0,0,0,0,0,0,0,0,0,0,0,0,0,0,0,0,0,0,0,0,0,0,0,0,0,0,0,0,0,0,0,0,0,0,0
816,875,972,972,1064,1064,1064,1036,1026,999,1053,1131,1189,1218,1260,1419,1496,1462,1564,1656,1728,1715,1850,1900,1911,2028,2067,2255,2184,2322,2352,2610,2714,2552,2832,2914,3087,3100,3264,3328,3672,4050,3975,4104,4592,4560,4582,4543,4680,4880,4898,4941,5504,6324,6596,6693,7272,7056,7400,7425,8162,8393,8658,9840,10209,10455,11739,12194,12972,14847,15656,19097,20416,22015,25856,29181,32461,37355,40733,49046,59200,69120,79326,98000,116928,149352,189333,265568,358584,407416,412380,414630,385550,363768,311502,0,0,0,0,0,0,0,0,0,0,0,0,0,0,0,0,0,0,0,0,0,0,0,0,0,0,0,0,0,0,0,0,0,0,0,0,0,0,0,0,0,0,0,0,0,0,0,0,0,0,0,0,0,0,0,0,0,0,0,0,0,0,0,0,0,0,0,0,0,0,0,0,0,0,0,0,0,0,0,0,0,0,0
2520,2542,2604,2604,2970,3060,3290,3220,3504,3773,3750,3978,4316,4950,5162,5487,5670,6336,8736,9213,9840,10248,13113,12012,13160,16478,17876,20760,21896,25019,26390,29526,32289,37050,41958,49104,59592,70794,84448,108375,135800,178038,249197,335754,358620,364809,352488,350620,342543,305025,78155,0,0,0,0,0,0,0,0,0,0,0,0,0,0,0,0,0,0,0,0,0,0,0,0,0,0,0,0,0,0,0,0,0,0,0,0,0,0,0,0,0,0,0,0,0,0,0,0,0,0,0,0,0,0,0,0,0,0,0,0,0,0,0,0,0,0,0,0,0,0,0,0,0,0,0,0,0,0,0,0,0,0,0,0,0,0,0,0,0,0,0,0,0,0,0,0,0,0,0,0,0,0,0,0,0,0,0,0,0,0,0,0,0,0,0,0,0,0,0,0,0,0,0,0,0,0,0
2365,2376,2464,2622,2736,2736,3060,3339,3510,3315,3445,3850,3888,3888,4218,4661,4543,4602,4819,4800,5208,5394,6674,7200,7622,8284,8769,8960,10795,11739,12502,13386,13916,15862,16695,18984,20292,22385,26865,29318,33663,40386,47676,55130,66010,79032,97416,127600,160512,202572,315590,381888,367575,346104,334054,326096,306875,222888,0,0,0,0,0,0,0,0,0,0,0,0,0,0,0,0,0,0,0,0,0,0,0,0,0,0,0,0,0,0,0,0,0,0,0,0,0,0,0,0,0,0,0,0,0,0,0,0,0,0,0,0,0,0,0,0,0,0,0,0,0,0,0,0,0,0,0,0,0,0,0,0,0,0,0,0,0,0,0,0,0,0,0,0,0,0,0,0,0,0,0,0,0,0,0,0,0,0,0,0,0,0,0,0,0,0,0,0,0,0,0,0,0,0,0,0,0,0,0,0
1092,1092,1120,1120,1247,1176,1218,1148,1218,1260,1302,1462,1596,1551,1680,1776,1872,1998,1890,2072,2072,2320,2400,2419,2419,2580,2880,2880,3185,3519,3519,3283,3216,3381,3869,4125,4320,5063,4814,5673,5890,5551,5859,5828,6762,7811,7854,8829,8927,9875,10875,11610,12103,13916,14600,16328,18426,21712,23837,27560,31360,36720,43092,49206,61464,75336,86941,110250,137319,190512,260130,332878,340954,335472,318920,316598,273942,213408,0,0,0,0,0,0,0,0,0,0,0,0,0,0,0,0,0,0,0,0,0,0,0,0,0,0,0,0,0,0,0,0,0,0,0,0,0,0,0,0,0,0,0,0,0,0,0,0,0,0,0,0,0,0,0,0,0,0,0,0,0,0,0,0,0,0,0,0,0,0,0,0,0,0,0,0,0,0,0,0,0,0,0,0,0,0,0,0,0,0,0,0,0,0,0,0,0,0,0,0
1764,1989,2028,2120,2214,2166,2436,2109,1980,1980,2109,2440,2560,2860,3036,3312,3360,3430,3550,3570,3672,3796,4070,4290,4536,6045,6072,9234,10440,10858,12384,13440,16092,18573,20664,20691,23680,25074,28512,32604,37114,44550,52740,63570,75774,98245,121440,163142,228265,307892,357057,374970,361944,355790,327860,271312,118215,0,0,0,0,0,0,0,0,0,0,0,0,0,0,0,0,0,0,0,0,0,0,0,0,0,0,0,0,0,0,0,0,0,0,0,0,0,0,0,0,0,0,0,0,0,0,0,0,0,0,0,0,0,0,0,0,0,0,0,0,0,0,0,0,0,0,0,0,0,0,0,0,0,0,0,0,0,0,0,0,0,0,0,0,0,0,0,0,0,0,0,0,0,0,0,0,0,0,0,0,0,0,0,0,0,0,0,0,0,0,0,0,0,0,0,0,0,0,0,0,0
1519,1700,1683,1683,1716,1728,1815,1980,2052,1855,1938,2052,2146,2146,2184,2622,2726,2726,3168,3300,3816,4050,4050,4256,4368,6164,6900,7500,8436,9922,10500,11223,12060,12600,13650,15680,17098,18920,21879,24696,28196,31950,36240,42987,53460,65207,80740,106026,135038,181178,246960,342456,368128,375650,332592,289155,218280,0,0,0,0,0,0,0,0,0,0,0,0,0,0,0,0,0,0,0,0,0,0,0,0,0,0,0,0,0,0,0,0,0,0,0,0,0,0,0,0,0,0,0,0,0,0,0,0,0,0,0,0,0,0,0,0,0,0,0,0,0,0,0,0,0,0,0,0,0,0,0,0,0,0,0,0,0,0,0,0,0,0,0,0,0,0,0,0,0,0,0,0,0,0,0,0,0,0,0,0,0,0,0,0,0,0,0,0,0,0,0,0,0,0,0,0,0,0,0,0,0
2310,2891,3550,3952,4500,4636,6650,7154,7425,7828,9086,10370,10353,12150,12690,15147,16642,19836,21060,25019,28215,33596,38844,46440,56358,70725,88218,113538,154944,216580,301644,313500,310104,286235,271194,228000,0,0,0,0,0,0,0,0,0,0,0,0,0,0,0,0,0,0,0,0,0,0,0,0,0,0,0,0,0,0,0,0,0,0,0,0,0,0,0,0,0,0,0,0,0,0,0,0,0,0,0,0,0,0,0,0,0,0,0,0,0,0,0,0,0,0,0,0,0,0,0,0,0,0,0,0,0,0,0,0,0,0,0,0,0,0,0,0,0,0,0,0,0,0,0,0,0,0,0,0,0,0,0,0,0,0,0,0,0,0,0,0,0,0,0,0,0,0,0,0,0,0,0,0,0,0,0,0,0,0,0,0,0,0,0,0,0,0,0,0,0,0
925,962,999,1036,999,1036,1073,1147,1140,1147,1110,1178,1254,1326,1462,1462,1505,1505,1505,1575,1575,1620,1665,1710,1632,1700,1666,1749,1815,1925,1890,1960,2242,2400,2460,2562,2666,2835,3102,2898,2944,3055,3381,3700,3774,4125,4345,4756,5002,5063,5208,5544,6006,6392,7344,7770,8360,9164,10292,10584,13020,14688,17050,19352,20007,22200,25326,27336,32915,38000,45318,55200,65934,84976,109220,151774,205095,309372,411730,414520,376810,347553,0,0,0,0,0,0,0,0,0,0,0,0,0,0,0,0,0,0,0,0,0,0,0,0,0,0,0,0,0,0,0,0,0,0,0,0,0,0,0,0,0,0,0,0,0,0,0,0,0,0,0,0,0,0,0,0,0,0,0,0,0,0,0,0,0,0,0,0,0,0,0,0,0,0,0,0,0,0,0,0,0,0,0,0,0,0,0,0,0,0,0,0,0,0,0,0
2820,2976,2989,3162,3050,3213,3726,3920,4176,4292,4389,5002,4880,5376,5395,5963,6188,6720,7008,8268,8658,9072,10324,11375,13248,13677,15750,17876,19436,21594,24444,29820,36567,44200,56356,71496,90639,118864,164519,257796,357808,377576,382500,370004,355740,307020,0,0,0,0,0,0,0,0,0,0,0,0,0,0,0,0,0,0,0,0,0,0,0,0,0,0,0,0,0,0,0,0,0,0,0,0,0,0,0,0,0,0,0,0,0,0,0,0,0,0,0,0,0,0,0,0,0,0,0,0,0,0,0,0,0,0,0,0,0,0,0,0,0,0,0,0,0,0,0,0,0,0,0,0,0,0,0,0,0,0,0,0,0,0,0,0,0,0,0,0,0,0,0,0,0,0,0,0,0,0,0,0,0,0,0,0,0,0,0,0,0,0,0,0,0,0,0,0,0,0,0,0
1887,1800,1813,2200,3072,3136,3185,3445,3763,3996,4125,4218,4389,4560,5063,5100,5418,5980,6958,7344,8008,8910,10370,11904,12730,14544,15198,17222,19372,22627,26595,32120,38654,46956,60645,77390,102910,146234,207858,318848,320144,317631,286235,256834,172992,0,0,0,0,0,0,0,0,0,0,0,0,0,0,0,0,0,0,0,0,0,0,0,0,0,0,0,0,0,0,0,0,0,0,0,0,0,0,0,0,0,0,0,0,0,0,0,0,0,0,0,0,0,0,0,0,0,0,0,0,0,0,0,0,0,0,0,0,0,0,0,0,0,0,0,0,0,0,0,0,0,0,0,0,0,0,0,0,0,0,0,0,0,0,0,0,0,0,0,0,0,0,0,0,0,0,0,0,0,0,0,0,0,0,0,0,0,0,0,0,0,0,0,0,0,0,0,0,0,0,0,0,0
2700,3024,3604,3672,3551,3618,3551,3996,3869,3763,3942,4144,4292,4234,4350,4500,4680,4650,4851,4898,5005,5082,4940,5412,5280,5544,5762,5727,5762,5950,6020,6300,6072,6319,6300,6461,6789,7200,7081,7252,7548,8239,8424,9296,9690,10647,11592,11718,12125,13208,14896,16520,15096,14317,14768,15552,15768,16112,16430,16956,17658,18315,20178,21528,22253,22440,23750,24638,25350,25929,25830,28140,29181,31603,34164,35787,37268,39564,43624,46096,48048,50091,53395,56848,59724,65124,68675,71951,79059,86480,91103,100122,111872,124304,133668,149270,157800,176592,203814,227238,260166,296010,338548,389940,437544,434420,420750,417360,416745,413504,407616,393141,383959,351026,322436,309565,232974,176904,0,0,0,0,0,0,0,0,0,0,0,0,0,0,0,0,0,0,0,0,0,0,0,0,0,0,0,0,0,0,0,0,0,0,0,0,0,0,0,0,0,0,0,0,0,0,0,0,0,0,0,0,0,0,0,0,0,0,0,0
1728,1656,1692,1776,1728,1728,1786,1960,1950,2050,2040,2080,2040,2132,2173,2184,2100,2142,2340,2332,2385,2484,2475,2475,2576,2565,2668,2668,2552,2610,2714,2668,2773,2760,2852,2790,3038,2891,2940,3000,3050,2989,3111,3162,3100,3150,3162,3224,3213,3200,3400,3450,3780,3780,3780,4015,4332,4275,4088,4032,4088,4032,4366,4620,4758,4680,5040,5184,5184,5412,5478,5848,5984,6072,6188,6256,6660,6734,6900,6816,6984,7154,7372,7315,7722,8364,8446,8904,9072,9570,9570,9680,10260,10260,10440,11280,11875,11904,11625,12090,13095,13761,14039,14382,15052,15943,15984,16170,17584,18170,18012,20460,21420,21844,22302,23296,24497,26112,26910,27264,28712,31500,33945,36869,38318,40180,43605,45500,48688,50299,53912,58560,61936,68103,70304,78366,89388,95918,103663,114140,123924,143260,152789,175389,199626,223608,254408,295400,338684,387732,411070,423916,384928,393840,399045,376884,365298,334800,314465,283798,242536,0,0,0,0,0,0,0,0,0,0,0,0,0,0,0,0,0
3520,3564,3696,3808,3933,3905,4260,4453,4380,4392,4440,4440,4500,4650,4851,5056,5135,5184,5494,5478,5984,5984,5916,6319,6716,6882,7200,7252,7081,7425,7575,8085,8640,9265,9605,9831,9379,10440,10647,11284,11253,11132,11532,12384,13365,14484,14552,15120,15984,16758,16308,17160,18908,19234,19824,20296,21182,22632,23562,24192,24250,24960,27945,29751,31080,33744,35802,36652,39878,42930,47538,52020,55242,59401,63112,68544,71482,77903,86033,99387,110334,121404,136604,160992,173982,202713,229264,273060,319566,362992,418470,415776,433226,424457,413693,422997,430218,416344,420288,379766,337932,301500,0,0,0,0,0,0,0,0,0,0,0,0,0,0,0,0,0,0,0,0,0,0,0,0,0,0,0,0,0,0,0,0,0,0,0,0,0,0,0,0,0,0,0,0,0,0,0,0,0,0,0,0,0,0,0,0,0,0,0,0,0,0,0,0,0,0,0,0,0,0,0,0,0,0,0,0
1665,1548,1692,1598,1750,1680,1632,1692,1764,1836,1887,2014,2014,2255,2268,2365,2310,2464,2408,2508,2451,2280,2242,2242,2220,2419,2537,2320,2419,2460,2623,2623,2772,2880,2852,3149,3216,3264,3168,3196,3430,3692,3922,3922,4028,4028,4125,4290,4235,4275,4275,4408,4680,4788,4836,5200,5200,5395,5561,5658,6020,6336,6570,6789,7125,6984,7056,7029,7548,7800,8190,8320,8480,8611,10208,11250,11625,11186,12276,12827,12928,12642,12700,13100,14111,15301,15914,16428,16688,18212,18515,19024,20124,22082,24440,24704,26112,27020,29046,30459,33072,35568,38868,41236,43848,46898,52264,56240,60496,63742,71712,76908,85008,92400,107426,120450,131880,148352,173774,199404,235928,271830,318406,356202,352488,375255,368808,358415,364270,352995,340415,318592,293683,270000,219341,0,0,0,0,0,0,0,0,0,0,0,0,0,0,0,0,0,0,0,0,0,0,0,0,0,0,0,0,0,0,0,0,0,0,0,0,0,0,0,0,0,0,0
1302,2050,2226,2268,2226,2332,2255,2451,2842,2679,2773,2880,2784,2940,3024,3200,3250,3366,3366,3484,3551,3618,3618,3672,3604,3710,3960,4400,4312,4503,4446,4640,4720,5185,5504,6030,6006,5963,6030,6120,6256,6624,6580,6831,7171,7548,7725,7875,8316,8640,8960,8927,9315,9996,10353,11466,12864,13300,13534,13668,14008,15184,15900,16200,16830,18837,19352,20740,21875,23318,25620,27936,29435,31350,33755,36024,38232,41160,43860,46537,50374,54604,60172,67275,74338,87232,88856,100750,110460,129082,144845,171275,199296,229152,266742,318542,330576,337260,336600,328668,328768,303140,288723,264575,242446,199500,0,0,0,0,0,0,0,0,0,0,0,0,0,0,0,0,0,0,0,0,0,0,0,0,0,0,0,0,0,0,0,0,0,0,0,0,0,0,0,0,0,0,0,0,0,0,0,0,0,0,0,0,0,0,0,0,0,0,0,0,0,0,0,0,0,0,0,0,0,0,0,0
3876,4060,4130,4060,5460,5984,6278,6497,6570,6675,7520,7360,7857,8217,9167,9345,9831,10556,11495,13716,13493,15276,13200,13872,14595,16560,16539,17172,18285,19481,19886,21750,22940,22875,23188,23808,26445,29468,30816,34350,35955,39974,42994,47128,52598,59192,64464,71529,77088,85790,99294,113013,131100,154128,173340,206500,254961,288838,331352,362471,359424,354937,351744,349596,355186,341550,319440,274040,236380,0,0,0,0,0,0,0,0,0,0,0,0,0,0,0,0,0,0,0,0,0,0,0,0,0,0,0,0,0,0,0,0,0,0,0,0,0,0,0,0,0,0,0,0,0,0,0,0,0,0,0,0,0,0,0,0,0,0,0,0,0,0,0,0,0,0,0,0,0,0,0,0,0,0,0,0,0,0,0,0,0,0,0,0,0,0,0,0,0,0,0,0,0,0,0,0,0,0,0,0,0,0,0,0,0,0,0,0,0
2700,2760,2914,2961,2944,2835,3102,3072,3185,3315,3380,3640,3763,4070,4332,4218,4218,4275,4218,4543,4620,4914,4914,5166,5762,5762,6072,6370,6768,6984,6930,6930,7350,7100,7242,7474,8295,9213,9879,10283,11590,12065,11500,11750,12255,13700,13938,14544,15900,16983,17696,18193,19754,20706,22386,24104,25270,27383,29520,31524,33152,35416,39284,42476,45050,50580,55755,62884,67445,77220,83328,96380,111629,128700,147300,169708,196040,242440,287700,320664,336156,333136,321120,320395,303550,286677,256800,228806,184023,0,0,0,0,0,0,0,0,0,0,0,0,0,0,0,0,0,0,0,0,0,0,0,0,0,0,0,0,0,0,0,0,0,0,0,0,0,0,0,0,0,0,0,0,0,0,0,0,0,0,0,0,0,0,0,0,0,0,0,0,0,0,0,0,0,0,0,0,0,0,0,0,0,0,0,0,0,0,0,0,0,0,0,0,0,0,0,0,0
3162,3575,3752,3685,3808,3740,3726,3740,3657,3976,4248,4320,4725,4774,5103,4977,5330,5166,5460,5561,5610,5865,6177,6424,6570,7030,7070,7770,7650,8346,9690,9660,9576,9945,10353,11125,11264,11392,12502,15228,15120,15450,16016,16536,18055,18306,18648,19890,22017,22200,24822,27117,28274,29104,31553,34075,37791,41310,46410,48894,52380,60356,69451,72592,82510,93615,105716,119856,146412,171211,203061,245110,275416,308000,312984,314630,314356,299640,290290,282268,253006,217412,177709,125125,0,0,0,0,0,0,0,0,0,0,0,0,0,0,0,0,0,0,0,0,0,0,0,0,0,0,0,0,0,0,0,0,0,0,0,0,0,0,0,0,0,0,0,0,0,0,0,0,0,0,0,0,0,0,0,0,0,0,0,0,0,0,0,0,0,0,0,0,0,0,0,0,0,0,0,0,0,0,0,0,0,0,0,0,0,0,0,0,0,0,0,0,0,0
1680,1551,1551,1715,1836,2223,2596,2806,2790,2852,3024,3024,3120,3234,3283,3234,3400,3536,3834,3834,4161,4234,4575,4636,4712,4758,5040,5312,5265,5412,5780,5916,6300,6624,6643,7050,7350,7650,8085,8268,8586,9790,10283,10947,11250,11750,12500,12771,13132,13433,14523,15729,17063,18240,19539,20618,22500,23750,25155,25935,28905,30305,32832,37098,41480,45240,48867,53010,58672,63945,73224,81360,94916,106296,128698,149202,179944,207211,243542,279174,306532,301644,308098,301290,302016,277986,264936,239571,204984,0,0,0,0,0,0,0,0,0,0,0,0,0,0,0,0,0,0,0,0,0,0,0,0,0,0,0,0,0,0,0,0,0,0,0,0,0,0,0,0,0,0,0,0,0,0,0,0,0,0,0,0,0,0,0,0,0,0,0,0,0,0,0,0,0,0,0,0,0,0,0,0,0,0,0,0,0,0,0,0,0,0,0,0,0,0,0,0,0
1551,1632,1617,1764,1764,1850,1887,2236,2200,2295,2484,2475,2475,2576,2632,2679,2784,2832,2820,2806,3111,3213,3213,3339,3445,3657,3672,3672,3920,3905,3976,4161,4104,4466,4582,4720,5103,5166,5544,5655,5916,6348,6440,6745,7100,7227,7500,8056,8624,8778,9153,9690,10092,11132,11970,12642,13332,14560,15805,15950,17094,17670,19278,20496,22750,23580,26358,28743,32072,33572,37979,39930,45153,47872,54243,61093,68997,77571,87320,101655,119408,131320,161082,196528,244338,304992,349180,371457,354768,356440,349206,331840,304920,274560,220397,0,0,0,0,0,0,0,0,0,0,0,0,0,0,0,0,0,0,0,0,0,0,0,0,0,0,0,0,0,0,0,0,0,0,0,0,0,0,0,0,0,0,0,0,0,0,0,0,0,0,0,0,0,0,0,0,0,0,0,0,0,0,0,0,0,0,0,0,0,0,0,0,0,0,0,0,0,0,0,0,0,0,0
4176,4118,4104,4380,4380,4977,5280,6003,5829,6528,6256,6887,7154,7800,8611,10235,9660,9660,10948,13230,17760,16308,16692,16906,17928,19600,21060,22200,24304,24278,26240,30140,33086,38654,40704,46314,52569,56856,63765,73006,85202,99308,115514,141284,172150,198387,256896,320450,411600,455585,421311,418290,403650,355191,312872,261862,157850,0,0,0,0,0,0,0,0,0,0,0,0,0,0,0,0,0,0,0,0,0,0,0,0,0,0,0,0,0,0,0,0,0,0,0,0,0,0,0,0,0,0,0,0,0,0,0,0,0,0,0,0,0,0,0,0,0,0,0,0,0,0,0,0,0,0,0,0,0,0,0,0,0,0,0,0,0,0,0,0,0,0,0,0,0,0,0,0,0,0,0,0,0,0,0,0,0,0,0,0,0,0,0,0,0,0,0,0,0,0,0,0,0,0,0,0,0,0,0,0,0
2350,2548,2448,2548,2544,2695,2640,3087,3315,3905,4060,3920,4047,4500,5103,5330,5460,5874,6141,6510,6555,6664,7000,7242,7770,8175,8880,8938,9831,10502,11011,11439,12144,13386,14317,14523,15943,16940,18908,19352,20760,23168,25785,29054,31588,34100,36570,40014,44802,50580,58286,63282,74431,85875,95438,111800,134345,166742,200312,253988,330174,392178,388608,373934,373592,349149,309692,264888,190944,90288,0,0,0,0,0,0,0,0,0,0,0,0,0,0,0,0,0,0,0,0,0,0,0,0,0,0,0,0,0,0,0,0,0,0,0,0,0,0,0,0,0,0,0,0,0,0,0,0,0,0,0,0,0,0,0,0,0,0,0,0,0,0,0,0,0,0,0,0,0,0,0,0,0,0,0,0,0,0,0,0,0,0,0,0,0,0,0,0,0,0,0,0,0,0,0,0,0,0,0,0,0,0,0,0,0,0,0,0
3366,3380,3672,3920,3933,4104,4366,5084,5610,6240,6732,8374,8800,10530,12954,12502,13677,14800,15190,15049,16642,19580,20292,22015,22748,24830,29190,30825,32092,38220,44756,49175,52746,60356,67938,86136,89768,107930,130744,156645,189120,245061,309550,381300,388917,359814,326480,294567,235600,148500,0,0,0,0,0,0,0,0,0,0,0,0,0,0,0,0,0,0,0,0,0,0,0,0,0,0,0,0,0,0,0,0,0,0,0,0,0,0,0,0,0,0,0,0,0,0,0,0,0,0,0,0,0,0,0,0,0,0,0,0,0,0,0,0,0,0,0,0,0,0,0,0,0,0,0,0,0,0,0,0,0,0,0,0,0,0,0,0,0,0,0,0,0,0,0,0,0,0,0,0,0,0,0,0,0,0,0,0,0,0,0,0,0,0,0,0,0,0,0,0,0,0,0,0,0,0,0,0
4898,5022,4992,5346,5644,5644,6230,6480,6935,6745,8480,8658,9315,10266,11610,12635,13802,13677,14406,15553,16799,18370,18530,20768,23010,25413,27477,30800,35400,38688,45024,51040,57102,69179,83328,95274,116590,138308,170190,219035,289575,366996,381582,379995,366333,320892,285762,223020,125492,0,0,0,0,0,0,0,0,0,0,0,0,0,0,0,0,0,0,0,0,0,0,0,0,0,0,0,0,0,0,0,0,0,0,0,0,0,0,0,0,0,0,0,0,0,0,0,0,0,0,0,0,0,0,0,0,0,0,0,0,0,0,0,0,0,0,0,0,0,0,0,0,0,0,0,0,0,0,0,0,0,0,0,0,0,0,0,0,0,0,0,0,0,0,0,0,0,0,0,0,0,0,0,0,0,0,0,0,0,0,0,0,0,0,0,0,0,0,0,0,0,0,0,0,0,0,0,0,0
1610,1862,1911,1950,1800,1938,2028,2184,2040,2132,2279,2394,2464,2520,2700,2668,2655,2820,2714,2820,2976,2914,3234,3432,3604,4015,3976,3976,4176,4500,4575,5070,5214,5880,5576,6177,6408,6497,7125,7275,8137,7920,8774,9047,9408,10057,10472,11125,13563,13959,15336,16095,17556,18837,20496,22144,24472,27406,31050,34697,37816,43264,48400,54390,62720,74898,87780,104076,122876,152700,197225,249716,342450,411640,378756,379665,344908,313950,261795,0,0,0,0,0,0,0,0,0,0,0,0,0,0,0,0,0,0,0,0,0,0,0,0,0,0,0,0,0,0,0,0,0,0,0,0,0,0,0,0,0,0,0,0,0,0,0,0,0,0,0,0,0,0,0,0,0,0,0,0,0,0,0,0,0,0,0,0,0,0,0,0,0,0,0,0,0,0,0,0,0,0,0,0,0,0,0,0,0,0,0,0,0,0,0,0,0,0,0
3024,3200,3417,3692,3976,4158,4408,4500,4758,5022,5395,5916,5896,6210,7350,7650,8162,9374,10323,11172,12036,13970,14170,15904,16206,16023,15582,16848,17762,18700,21594,23875,25984,28676,33810,36735,43725,50336,59328,70015,78013,95274,118190,149060,187015,250519,326160,404296,408652,398055,367235,296820,248838,145656,0,0,0,0,0,0,0,0,0,0,0,0,0,0,0,0,0,0,0,0,0,0,0,0,0,0,0,0,0,0,0,0,0,0,0,0,0,0,0,0,0,0,0,0,0,0,0,0,0,0,0,0,0,0,0,0,0,0,0,0,0,0,0,0,0,0,0,0,0,0,0,0,0,0,0,0,0,0,0,0,0,0,0,0,0,0,0,0,0,0,0,0,0,0,0,0,0,0,0,0,0,0,0,0,0,0,0,0,0,0,0,0,0,0,0,0,0,0,0,0,0,0,0,0
2832,3009,3111,3264,3432,3672,3740,3366,3905,4292,4740,4697,4819,5208,8137,8320,8798,13736,14400,15330,15965,17227,19380,21228,25074,26999,30163,35015,38000,44499,52740,62856,72941,87928,106250,140343,179278,246456,315228,379168,365680,330008,282864,229890,145965,0,0,0,0,0,0,0,0,0,0,0,0,0,0,0,0,0,0,0,0,0,0,0,0,0,0,0,0,0,0,0,0,0,0,0,0,0,0,0,0,0,0,0,0,0,0,0,0,0,0,0,0,0,0,0,0,0,0,0,0,0,0,0,0,0,0,0,0,0,0,0,0,0,0,0,0,0,0,0,0,0,0,0,0,0,0,0,0,0,0,0,0,0,0,0,0,0,0,0,0,0,0,0,0,0,0,0,0,0,0,0,0,0,0,0,0,0,0,0,0,0,0,0,0,0,0,0,0,0,0,0,0,0
2867,3038,3024,3283,3816,3763,3780,3920,4002,4712,5248,5590,6072,6188,6461,6603,6816,7178,7644,8748,9435,10120,10620,11625,12901,15015,16092,17050,18837,21250,24497,26264,29400,34565,38718,44376,54708,61600,74140,87927,104599,139712,182268,250488,371460,482850,430416,442377,408856,345832,259980,0,0,0,0,0,0,0,0,0,0,0,0,0,0,0,0,0,0,0,0,0,0,0,0,0,0,0,0,0,0,0,0,0,0,0,0,0,0,0,0,0,0,0,0,0,0,0,0,0,0,0,0,0,0,0,0,0,0,0,0,0,0,0,0,0,0,0,0,0,0,0,0,0,0,0,0,0,0,0,0,0,0,0,0,0,0,0,0,0,0,0,0,0,0,0,0,0,0,0,0,0,0,0,0,0,0,0,0,0,0,0,0,0,0,0,0,0,0,0,0,0,0,0,0,0,0,0
1564,1632,1666,1800,2173,2622,2610,2760,3024,3120,3484,3575,3618,3834,4070,4332,4697,4977,5440,6035,6975,7332,7840,8514,9328,10230,11368,12750,12000,12480,12420,13015,13348,14847,16218,18315,20634,22448,25220,27738,33408,38052,43624,50982,61311,71829,84422,111252,138276,184960,242953,331617,354288,352090,322392,263526,205898,99060,0,0,0,0,0,0,0,0,0,0,0,0,0,0,0,0,0,0,0,0,0,0,0,0,0,0,0,0,0,0,0,0,0,0,0,0,0,0,0,0,0,0,0,0,0,0,0,0,0,0,0,0,0,0,0,0,0,0,0,0,0,0,0,0,0,0,0,0,0,0,0,0,0,0,0,0,0,0,0,0,0,0,0,0,0,0,0,0,0,0,0,0,0,0,0,0,0,0,0,0,0,0,0,0,0,0,0,0,0,0,0,0,0,0,0,0,0,0,0,0
1518,1710,1989,2226,2268,3087,3213,4392,4425,4514,4880,5022,5208,5246,5632,6210,6912,7400,7777,8268,8927,10062,11316,11718,12276,13728,15688,16632,18126,20862,24180,27064,31390,35266,38955,46551,53754,65076,78366,95520,123026,160454,212772,300300,393816,373734,366480,342160,278735,198968,0,0,0,0,0,0,0,0,0,0,0,0,0,0,0,0,0,0,0,0,0,0,0,0,0,0,0,0,0,0,0,0,0,0,0,0,0,0,0,0,0,0,0,0,0,0,0,0,0,0,0,0,0,0,0,0,0,0,0,0,0,0,0,0,0,0,0,0,0,0,0,0,0,0,0,0,0,0,0,0,0,0,0,0,0,0,0,0,0,0,0,0,0,0,0,0,0,0,0,0,0,0,0,0,0,0,0,0,0,0,0,0,0,0,0,0,0,0,0,0,0,0,0,0,0,0,0,0
2050,2430,2322,2530,2679,2784,2989,3038,3087,3300,3710,4015,3996,3996,4312,4312,4980,5200,5312,5915,6461,6580,8424,9030,9890,10057,12054,11960,12610,12220,13426,14256,15912,17655,20943,22692,24960,28560,30962,37599,42135,52920,62918,74694,91640,117711,153592,206518,283610,386676,372992,393492,323070,263150,154980,0,0,0,0,0,0,0,0,0,0,0,0,0,0,0,0,0,0,0,0,0,0,0,0,0,0,0,0,0,0,0,0,0,0,0,0,0,0,0,0,0,0,0,0,0,0,0,0,0,0,0,0,0,0,0,0,0,0,0,0,0,0,0,0,0,0,0,0,0,0,0,0,0,0,0,0,0,0,0,0,0,0,0,0,0,0,0,0,0,0,0,0,0,0,0,0,0,0,0,0,0,0,0,0,0,0,0,0,0,0,0,0,0,0,0,0,0,0,0,0,0,0,0
1748,1872,2132,2236,2332,2376,2385,2475,2464,2622,2773,2832,2784,3575,4176,4234,4514,4189,4650,4575,5304,5576,5796,6586,6624,7296,7663,8840,9790,10101,10192,11590,12635,13662,15435,16786,19188,21960,24180,27336,30240,37584,41750,47600,58255,71400,90240,114142,149500,199065,286624,383268,392476,387115,329708,270048,144180,0,0,0,0,0,0,0,0,0,0,0,0,0,0,0,0,0,0,0,0,0,0,0,0,0,0,0,0,0,0,0,0,0,0,0,0,0,0,0,0,0,0,0,0,0,0,0,0,0,0,0,0,0,0,0,0,0,0,0,0,0,0,0,0,0,0,0,0,0,0,0,0,0,0,0,0,0,0,0,0,0,0,0,0,0,0,0,0,0,0,0,0,0,0,0,0,0,0,0,0,0,0,0,0,0,0,0,0,0,0,0,0,0,0,0,0,0,0,0,0,0
2508,3360,5451,5548,5550,5106,4884,4851,4960,4914,5270,5742,6256,7326,8056,8316,9006,11125,11132,12416,13700,14832,17024,18285,20541,22987,25212,30740,33975,39680,47502,56474,67855,85330,106260,144336,181440,268372,399330,422604,395316,348840,295412,167657,0,0,0,0,0,0,0,0,0,0,0,0,0,0,0,0,0,0,0,0,0,0,0,0,0,0,0,0,0,0,0,0,0,0,0,0,0,0,0,0,0,0,0,0,0,0,0,0,0,0,0,0,0,0,0,0,0,0,0,0,0,0,0,0,0,0,0,0,0,0,0,0,0,0,0,0,0,0,0,0,0,0,0,0,0,0,0,0,0,0,0,0,0,0,0,0,0,0,0,0,0,0,0,0,0,0,0,0,0,0,0,0,0,0,0,0,0,0,0,0,0,0,0,0,0,0,0,0,0,0,0,0,0,0
2679,2420,2773,3074,3120,5390,4875,4875,5040,4960,4960,5208,5655,6279,7469,7650,8085,8658,11036,11160,12125,14352,15080,16872,18400,20496,22568,25669,30459,34720,39909,48498,58520,72373,88540,115896,153882,200334,287861,408858,398991,395580,328280,254171,106372,0,0,0,0,0,0,0,0,0,0,0,0,0,0,0,0,0,0,0,0,0,0,0,0,0,0,0,0,0,0,0,0,0,0,0,0,0,0,0,0,0,0,0,0,0,0,0,0,0,0,0,0,0,0,0,0,0,0,0,0,0,0,0,0,0,0,0,0,0,0,0,0,0,0,0,0,0,0,0,0,0,0,0,0,0,0,0,0,0,0,0,0,0,0,0,0,0,0,0,0,0,0,0,0,0,0,0,0,0,0,0,0,0,0,0,0,0,0,0,0,0,0,0,0,0,0,0,0,0,0,0,0,0
1395,1715,1900,1938,2214,2279,2145,2072,2530,2494,2596,2736,3250,3300,3726,3888,4088,4088,4292,4425,4620,4898,5785,6230,6324,6860,7700,8424,9711,10115,11036,12540,14382,16830,17584,20130,22625,26069,29329,35183,41656,48786,60840,76032,96882,133280,172765,258796,407550,431292,408216,343982,270699,95580,0,0,0,0,0,0,0,0,0,0,0,0,0,0,0,0,0,0,0,0,0,0,0,0,0,0,0,0,0,0,0,0,0,0,0,0,0,0,0,0,0,0,0,0,0,0,0,0,0,0,0,0,0,0,0,0,0,0,0,0,0,0,0,0,0,0,0,0,0,0,0,0,0,0,0,0,0,0,0,0,0,0,0,0,0,0,0,0,0,0,0,0,0,0,0,0,0,0,0,0,0,0,0,0,0,0,0,0,0,0,0,0,0,0,0,0,0,0,0,0,0,0,0,0
1472,1887,2040,1925,1925,2142,2255,2508,2784,2976,3264,3604,3850,4032,4032,4032,4144,4774,5440,5720,6030,6790,7296,8528,9102,9545,10824,12032,14241,15876,17205,19920,22375,26190,29469,34500,41998,47644,60288,73698,95600,133756,169785,265440,388104,422800,412135,338010,254340,0,0,0,0,0,0,0,0,0,0,0,0,0,0,0,0,0,0,0,0,0,0,0,0,0,0,0,0,0,0,0,0,0,0,0,0,0,0,0,0,0,0,0,0,0,0,0,0,0,0,0,0,0,0,0,0,0,0,0,0,0,0,0,0,0,0,0,0,0,0,0,0,0,0,0,0,0,0,0,0,0,0,0,0,0,0,0,0,0,0,0,0,0,0,0,0,0,0,0,0,0,0,0,0,0,0,0,0,0,0,0,0,0,0,0,0,0,0,0,0,0,0,0,0,0,0,0,0,0
1540,1551,1632,1850,2014,1938,2262,2223,2451,2610,2655,3024,3417,3498,3850,3905,4292,4292,4425,4602,4650,5412,6052,6392,7029,7828,8424,9462,10115,10736,12690,15080,17205,18837,21576,24830,28428,32708,40000,47520,56610,70380,92904,129541,173628,254127,432640,419932,414540,345548,243361,0,0,0,0,0,0,0,0,0,0,0,0,0,0,0,0,0,0,0,0,0,0,0,0,0,0,0,0,0,0,0,0,0,0,0,0,0,0,0,0,0,0,0,0,0,0,0,0,0,0,0,0,0,0,0,0,0,0,0,0,0,0,0,0,0,0,0,0,0,0,0,0,0,0,0,0,0,0,0,0,0,0,0,0,0,0,0,0,0,0,0,0,0,0,0,0,0,0,0,0,0,0,0,0,0,0,0,0,0,0,0,0,0,0,0,0,0,0,0,0,0,0,0,0,0,0,0
1887,1836,1705,2205,4235,4836,5070,5214,4992,5148,5293,5508,5986,5576,5589,5670,5751,6132,6290,8400,9396,10101,10622,10810,11067,10881,11468,11750,11808,12054,12954,12978,13287,13910,13910,14231,14445,15429,15960,17316,17818,18360,18802,19926,20336,20875,21504,22270,22984,24360,25454,27740,29502,30400,31200,34400,36907,40600,41064,44820,47915,50424,52260,56444,62640,66521,72732,78255,84870,90780,97240,107045,115092,127604,138168,154440,175761,191520,207774,244584,271232,317552,351594,397896,419832,423700,422714,422684,408800,420898,443460,429240,434320,424143,435479,0,0,0,0,0,0,0,0,0,0,0,0,0,0,0,0,0,0,0,0,0,0,0,0,0,0,0,0,0,0,0,0,0,0,0,0,0,0,0,0,0,0,0,0,0,0,0,0,0,0,0,0,0,0,0,0,0,0,0,0,0,0,0,0,0,0,0,0,0,0,0,0,0,0,0,0,0,0,0,0,0,0,0
1664,1855,1881,3136,3834,4898,4977,5280,5280,5280,5561,5893,6132,6375,6708,6864,6864,9009,8976,9167,9737,10856,11040,11424,11590,11808,12446,13000,13362,13728,13755,14740,14497,14850,15481,16330,17052,18207,19398,20125,20336,21672,21590,23364,24288,26280,27930,28611,32028,32656,36023,38988,40584,45510,47656,50440,54175,59280,62208,67346,72504,80106,88146,96416,105030,116724,128184,140605,152944,176352,196182,224026,263159,304410,351120,415944,426315,431390,435942,440154,423330,452325,466299,449980,461912,459488,400089,0,0,0,0,0,0,0,0,0,0,0,0,0,0,0,0,0,0,0,0,0,0,0,0,0,0,0,0,0,0,0,0,0,0,0,0,0,0,0,0,0,0,0,0,0,0,0,0,0,0,0,0,0,0,0,0,0,0,0,0,0,0,0,0,0,0,0,0,0,0,0,0,0,0,0,0,0,0,0,0,0,0,0,0,0,0,0,0,0,0,0
1176,1247,1276,3402,3575,3584,5964,6205,6248,6336,6480,6900,6975,7220,7238,7469,7900,8100,9483,9879,10170,10620,11102,12125,12870,13566,13699,13965,14280,14659,15540,16095,16872,18408,21414,23940,25345,26696,26901,28985,31600,35916,38988,39732,42944,46552,51264,54040,57327,65178,70299,76923,84000,94376,105336,117300,136010,152000,167480,196650,223015,259515,309458,354277,376096,382503,360010,387261,375390,361137,377304,357896,344809,290862,0,0,0,0,0,0,0,0,0,0,0,0,0,0,0,0,0,0,0,0,0,0,0,0,0,0,0,0,0,0,0,0,0,0,0,0,0,0,0,0,0,0,0,0,0,0,0,0,0,0,0,0,0,0,0,0,0,0,0,0,0,0,0,0,0,0,0,0,0,0,0,0,0,0,0,0,0,0,0,0,0,0,0,0,0,0,0,0,0,0,0,0,0,0,0,0,0,0,0,0,0,0,0,0
1134,1134,1247,1161,1242,1300,1508,1612,1696,2145,2214,2408,2464,2280,2726,2668,2773,2773,2655,2745,2914,3072,3008,3150,3328,3465,3591,3445,3498,3315,5810,5796,6248,6480,6643,6643,6900,7238,7426,7760,7938,8282,8181,8610,9095,9483,9944,10324,10881,11232,12700,12750,12524,13416,14070,14522,15012,16240,17582,21780,22545,23908,25521,27115,28371,31416,33338,35581,38844,42039,46299,50274,54292,58580,64377,72160,79002,87220,97665,111930,127872,141252,161670,191197,211680,247793,309170,362520,352590,363307,357124,376278,362304,358225,356252,322525,262020,0,0,0,0,0,0,0,0,0,0,0,0,0,0,0,0,0,0,0,0,0,0,0,0,0,0,0,0,0,0,0,0,0,0,0,0,0,0,0,0,0,0,0,0,0,0,0,0,0,0,0,0,0,0,0,0,0,0,0,0,0,0,0,0,0,0,0,0,0,0,0,0,0,0,0,0,0,0,0,0,0
975,1000,1000,975,1040,1025,1392,1536,1680,1632,1683,1700,1785,1961,2106,2240,2610,2655,2580,2400,2360,2666,2772,2745,2976,2914,3024,2772,2666,2772,2772,2898,3136,3185,5360,5893,5712,5934,6319,6480,6808,7200,8200,8424,9116,9416,9570,9856,10283,11040,12348,12423,12546,12750,13650,13936,14734,15840,17316,20930,23460,24464,24660,28665,30300,33441,36900,38911,42039,46299,49632,53268,60802,67308,74654,84109,95634,107868,122972,138700,157366,185772,210630,248325,309889,345976,359632,358781,366623,361152,348684,346472,330480,275884,0,0,0,0,0,0,0,0,0,0,0,0,0,0,0,0,0,0,0,0,0,0,0,0,0,0,0,0,0,0,0,0,0,0,0,0,0,0,0,0,0,0,0,0,0,0,0,0,0,0,0,0,0,0,0,0,0,0,0,0,0,0,0,0,0,0,0,0,0,0,0,0,0,0,0,0,0,0,0,0,0,0,0,0
1000,1040,1066,1320,1426,2576,2464,3120,3009,3009,3060,3111,2852,2684,2928,2835,3008,3055,3200,3575,3630,3604,3726,3726,3740,5610,5916,6248,6390,6789,7008,7050,8200,8364,8528,8692,9350,10350,11186,11520,12400,13231,13390,13860,14416,14734,15904,17135,18240,19656,20992,24080,27448,28650,29445,29184,34185,37575,41586,46805,50730,56600,61705,67362,76272,86994,98800,112336,127296,146349,174084,203328,230020,296652,357476,368388,374232,361342,379974,374535,364088,356320,310976,0,0,0,0,0,0,0,0,0,0,0,0,0,0,0,0,0,0,0,0,0,0,0,0,0,0,0,0,0,0,0,0,0,0,0,0,0,0,0,0,0,0,0,0,0,0,0,0,0,0,0,0,0,0,0,0,0,0,0,0,0,0,0,0,0,0,0,0,0,0,0,0,0,0,0,0,0,0,0,0,0,0,0,0,0,0,0,0,0,0,0,0,0,0,0
1218,1247,1428,1479,1643,1908,2080,2160,2255,2365,2451,2451,3120,3050,2745,2820,3111,2961,3024,3136,3584,3575,3630,3696,3551,5525,5796,6497,6675,6624,6716,7220,7392,8100,8364,8988,9374,9879,10350,10998,11400,12827,13520,13081,14445,14766,15950,17284,19965,22568,23392,24603,27048,28712,31620,34821,37785,42558,45682,51300,55160,59898,68586,78521,88179,101140,115920,134151,153264,185706,211820,260015,323253,357273,364227,359352,371735,362356,355806,350880,333396,262000,184140,0,0,0,0,0,0,0,0,0,0,0,0,0,0,0,0,0,0,0,0,0,0,0,0,0,0,0,0,0,0,0,0,0,0,0,0,0,0,0,0,0,0,0,0,0,0,0,0,0,0,0,0,0,0,0,0,0,0,0,0,0,0,0,0,0,0,0,0,0,0,0,0,0,0,0,0,0,0,0,0,0,0,0,0,0,0,0,0,0,0,0,0,0,0,0
975,1040,1232,1550,1581,1716,1802,1980,2296,2537,2940,2714,2760,2806,2944,3136,3402,3136,3087,2852,3120,3185,3120,3380,3672,5280,5395,6090,6020,6319,6552,6900,7068,7584,7821,8019,8080,9095,9570,10080,10810,11466,13081,13755,13755,14256,15651,16820,18327,22302,25311,27565,26426,29070,34080,37687,42186,46686,52796,58752,64024,74328,82764,95115,109175,124416,152079,179692,214985,267300,346962,371520,391560,390000,399762,393104,361743,0,0,0,0,0,0,0,0,0,0,0,0,0,0,0,0,0,0,0,0,0,0,0,0,0,0,0,0,0,0,0,0,0,0,0,0,0,0,0,0,0,0,0,0,0,0,0,0,0,0,0,0,0,0,0,0,0,0,0,0,0,0,0,0,0,0,0,0,0,0,0,0,0,0,0,0,0,0,0,0,0,0,0,0,0,0,0,0,0,0,0,0,0,0,0,0,0,0,0,0,0
945,936,972,1102,1170,1189,1260,1080,1380,1410,1862,2700,2695,2850,3074,3120,3120,3009,3172,3286,3328,3276,3456,3648,3965,3944,3933,3920,4402,4575,4800,6035,5950,6319,6643,7296,7663,7695,8217,8330,9030,8755,9265,9968,11616,12078,13231,14070,14796,15792,16758,18029,18724,20769,22712,23838,27676,29988,31512,34182,38250,44526,49590,56481,62700,71928,82800,96512,110565,131264,156187,190022,224237,304432,366813,372890,384750,391242,386868,375354,341387,0,0,0,0,0,0,0,0,0,0,0,0,0,0,0,0,0,0,0,0,0,0,0,0,0,0,0,0,0,0,0,0,0,0,0,0,0,0,0,0,0,0,0,0,0,0,0,0,0,0,0,0,0,0,0,0,0,0,0,0,0,0,0,0,0,0,0,0,0,0,0,0,0,0,0,0,0,0,0,0,0,0,0,0,0,0,0,0,0,0,0,0,0,0,0,0,0
1040,1372,1617,1764,1785,2014,2090,2090,2408,2520,2773,2852,2852,2940,2914,2580,2562,2646,2880,5135,5135,5427,5695,5934,6177,6552,6789,7125,7425,8383,8925,9350,9680,9768,10374,11280,11136,12625,12500,13493,14910,16095,17748,20511,22401,23496,27840,30247,33072,36320,39508,44275,49593,55970,65410,73260,90768,102960,120725,140640,172692,211580,257180,319880,348551,339000,346338,336890,312639,307092,230256,0,0,0,0,0,0,0,0,0,0,0,0,0,0,0,0,0,0,0,0,0,0,0,0,0,0,0,0,0,0,0,0,0,0,0,0,0,0,0,0,0,0,0,0,0,0,0,0,0,0,0,0,0,0,0,0,0,0,0,0,0,0,0,0,0,0,0,0,0,0,0,0,0,0,0,0,0,0,0,0,0,0,0,0,0,0,0,0,0,0,0,0,0,0,0,0,0,0,0,0,0,0,0,0,0,0,0
1107,1189,1232,1276,1632,1728,1911,1785,1836,1944,2052,2280,2610,2714,2478,2684,2772,2835,3162,2961,2867,2944,2835,2990,5214,5214,5810,5964,6230,6300,6570,6789,7030,7900,8466,9010,9156,10080,9968,10810,11931,12221,13416,14008,15805,17289,18840,20511,21912,23628,27360,29600,33325,35550,39342,44856,50778,58307,66669,73814,89540,104260,123265,145730,179626,215985,279794,328844,340464,336896,341600,318640,314500,257843,176320,0,0,0,0,0,0,0,0,0,0,0,0,0,0,0,0,0,0,0,0,0,0,0,0,0,0,0,0,0,0,0,0,0,0,0,0,0,0,0,0,0,0,0,0,0,0,0,0,0,0,0,0,0,0,0,0,0,0,0,0,0,0,0,0,0,0,0,0,0,0,0,0,0,0,0,0,0,0,0,0,0,0,0,0,0,0,0,0,0,0,0,0,0,0,0,0,0,0,0,0,0,0,0
1204,1148,1107,1218,1305,1504,1508,1749,1749,2052,2310,2610,2714,2891,2790,2745,2880,3136,2944,2816,3185,3315,3432,5248,5544,5896,6300,6552,6862,7125,7469,8240,9010,9047,9918,9680,10672,11904,12300,13056,12544,14280,15805,17710,20670,22401,24024,27792,31350,30615,37440,43472,49662,55678,64999,72488,90036,102564,123542,146510,179634,222992,292740,347040,341848,340831,322952,323408,241935,0,0,0,0,0,0,0,0,0,0,0,0,0,0,0,0,0,0,0,0,0,0,0,0,0,0,0,0,0,0,0,0,0,0,0,0,0,0,0,0,0,0,0,0,0,0,0,0,0,0,0,0,0,0,0,0,0,0,0,0,0,0,0,0,0,0,0,0,0,0,0,0,0,0,0,0,0,0,0,0,0,0,0,0,0,0,0,0,0,0,0,0,0,0,0,0,0,0,0,0,0,0,0,0,0,0,0,0,0
1092,1053,1302,1564,1488,1392,1551,1598,1584,1872,2072,2090,1960,2109,2166,2419,2640,2596,2976,2790,2852,2684,2684,3087,4992,5346,5561,5780,6230,6390,6603,7154,7700,8320,9095,9010,9450,10032,10502,11186,11439,12573,13872,15228,16464,17667,19840,21294,24386,26180,28855,32895,35482,38794,45066,50690,58705,68799,80730,97272,114056,134900,165672,207792,261366,312453,326368,317016,320682,293280,273675,207194,0,0,0,0,0,0,0,0,0,0,0,0,0,0,0,0,0,0,0,0,0,0,0,0,0,0,0,0,0,0,0,0,0,0,0,0,0,0,0,0,0,0,0,0,0,0,0,0,0,0,0,0,0,0,0,0,0,0,0,0,0,0,0,0,0,0,0,0,0,0,0,0,0,0,0,0,0,0,0,0,0,0,0,0,0,0,0,0,0,0,0,0,0,0,0,0,0,0,0,0,0,0,0,0,0,0
988,925,1026,1092,1120,1148,1392,1734,1862,2067,2109,2301,2400,2565,2773,2989,2880,2928,2745,2976,2816,3328,3136,4940,4940,5214,5494,6020,6072,6390,6716,7200,7623,8505,8881,9592,9790,10556,10738,11808,12827,12900,14606,16350,17632,19840,21384,23270,27072,30192,32376,36024,40320,46197,53676,61712,71832,88452,103974,125086,150696,189840,242720,305280,340065,332353,311850,309245,231504,0,0,0,0,0,0,0,0,0,0,0,0,0,0,0,0,0,0,0,0,0,0,0,0,0,0,0,0,0,0,0,0,0,0,0,0,0,0,0,0,0,0,0,0,0,0,0,0,0,0,0,0,0,0,0,0,0,0,0,0,0,0,0,0,0,0,0,0,0,0,0,0,0,0,0,0,0,0,0,0,0,0,0,0,0,0,0,0,0,0,0,0,0,0,0,0,0,0,0,0,0,0,0,0,0,0,0,0,0
1080,1189,1120,1269,1296,1457,1488,1632,1666,1887,2145,2520,2408,2494,2460,2542,2666,2440,2520,2772,2976,2976,4960,5214,5478,5712,5934,6090,6552,7050,7275,8080,8692,9095,9680,10440,10488,12100,12524,13287,14204,16280,17433,19344,20480,22794,26226,29748,32186,35796,41624,47684,55390,63549,77402,89915,109145,133056,164222,207900,269399,333684,335650,331002,325164,305152,270633,179634,0,0,0,0,0,0,0,0,0,0,0,0,0,0,0,0,0,0,0,0,0,0,0,0,0,0,0,0,0,0,0,0,0,0,0,0,0,0,0,0,0,0,0,0,0,0,0,0,0,0,0,0,0,0,0,0,0,0,0,0,0,0,0,0,0,0,0,0,0,0,0,0,0,0,0,0,0,0,0,0,0,0,0,0,0,0,0,0,0,0,0,0,0,0,0,0,0,0,0,0,0,0,0,0,0,0,0,0,0,0
1204,1247,1700,1900,2014,2200,2478,2714,2760,2728,2944,3286,3172,3410,3200,3200,3264,5312,6048,6177,6319,6808,7238,7663,7938,9030,9680,10580,10998,13081,13545,14904,15620,18120,19625,22512,25098,27213,31775,36572,42039,48951,55380,65720,79900,99456,119262,146046,193572,241392,333289,349666,356352,354060,338528,313684,210123,0,0,0,0,0,0,0,0,0,0,0,0,0,0,0,0,0,0,0,0,0,0,0,0,0,0,0,0,0,0,0,0,0,0,0,0,0,0,0,0,0,0,0,0,0,0,0,0,0,0,0,0,0,0,0,0,0,0,0,0,0,0,0,0,0,0,0,0,0,0,0,0,0,0,0,0,0,0,0,0,0,0,0,0,0,0,0,0,0,0,0,0,0,0,0,0,0,0,0,0,0,0,0,0,0,0,0,0,0,0,0,0,0,0,0,0,0,0,0,0,0
1025,1092,1305,1260,1363,1768,1728,2610,2832,3009,3009,2880,3264,3213,3264,3575,4020,5695,6160,6789,7275,7566,8585,8446,9240,10948,11446,13056,13158,14552,16046,16905,20670,23085,25060,28224,29800,35616,42350,49444,58893,67580,84350,104145,130659,165880,212652,303738,363968,361500,373412,365210,344131,288063,0,0,0,0,0,0,0,0,0,0,0,0,0,0,0,0,0,0,0,0,0,0,0,0,0,0,0,0,0,0,0,0,0,0,0,0,0,0,0,0,0,0,0,0,0,0,0,0,0,0,0,0,0,0,0,0,0,0,0,0,0,0,0,0,0,0,0,0,0,0,0,0,0,0,0,0,0,0,0,0,0,0,0,0,0,0,0,0,0,0,0,0,0,0,0,0,0,0,0,0,0,0,0,0,0,0,0,0,0,0,0,0,0,0,0,0,0,0,0,0,0,0,0,0
1230,1230,1504,1457,1488,1683,1870,2109,1938,2166,2109,2223,2340,2562,2806,2880,2537,4884,5148,5427,5628,6020,6390,6552,7144,7623,8692,9374,9879,9790,11305,11543,12726,13464,15087,16539,18150,20500,23040,26600,29000,34697,38704,45150,52173,62016,74928,94500,117776,143863,189378,242263,318150,325316,322196,306912,288057,211485,0,0,0,0,0,0,0,0,0,0,0,0,0,0,0,0,0,0,0,0,0,0,0,0,0,0,0,0,0,0,0,0,0,0,0,0,0,0,0,0,0,0,0,0,0,0,0,0,0,0,0,0,0,0,0,0,0,0,0,0,0,0,0,0,0,0,0,0,0,0,0,0,0,0,0,0,0,0,0,0,0,0,0,0,0,0,0,0,0,0,0,0,0,0,0,0,0,0,0,0,0,0,0,0,0,0,0,0,0,0,0,0,0,0,0,0,0,0,0,0
1170,1218,1410,1551,1568,1785,2120,2451,2537,2580,2440,2623,2520,2520,5005,5070,5950,6106,6248,6789,7392,7872,9072,9592,9657,11305,12221,12875,13390,14522,16986,20955,23496,28130,31160,37584,42385,50232,60996,72380,90896,115056,145530,193795,263143,344862,337402,341069,312698,289605,0,0,0,0,0,0,0,0,0,0,0,0,0,0,0,0,0,0,0,0,0,0,0,0,0,0,0,0,0,0,0,0,0,0,0,0,0,0,0,0,0,0,0,0,0,0,0,0,0,0,0,0,0,0,0,0,0,0,0,0,0,0,0,0,0,0,0,0,0,0,0,0,0,0,0,0,0,0,0,0,0,0,0,0,0,0,0,0,0,0,0,0,0,0,0,0,0,0,0,0,0,0,0,0,0,0,0,0,0,0,0,0,0,0,0,0,0,0,0,0,0,0,0,0,0,0,0,0
1550,1836,1764,1924,2052,2320,2337,2440,2852,2684,2562,2816,3024,4864,4864,5427,5712,6160,6696,7030,7350,8320,9592,9810,10350,11280,12125,13130,15515,16576,18910,21042,24420,27936,32528,36110,43769,51336,62118,78624,97524,122598,153510,207306,284616,331968,318150,298656,274968,187425,0,0,0,0,0,0,0,0,0,0,0,0,0,0,0,0,0,0,0,0,0,0,0,0,0,0,0,0,0,0,0,0,0,0,0,0,0,0,0,0,0,0,0,0,0,0,0,0,0,0,0,0,0,0,0,0,0,0,0,0,0,0,0,0,0,0,0,0,0,0,0,0,0,0,0,0,0,0,0,0,0,0,0,0,0,0,0,0,0,0,0,0,0,0,0,0,0,0,0,0,0,0,0,0,0,0,0,0,0,0,0,0,0,0,0,0,0,0,0,0,0,0,0,0,0,0,0,0
1820,1590,4015,4032,4320,4320,4331,4599,4608,8755,10170,10602,10695,12276,13231,15228,17284,16905,19602,21375,25137,30135,34776,41040,49368,60320,73902,91500,115080,151101,201260,278208,381972,404210,390818,384483,346164,211323,0,0,0,0,0,0,0,0,0,0,0,0,0,0,0,0,0,0,0,0,0,0,0,0,0,0,0,0,0,0,0,0,0,0,0,0,0,0,0,0,0,0,0,0,0,0,0,0,0,0,0,0,0,0,0,0,0,0,0,0,0,0,0,0,0,0,0,0,0,0,0,0,0,0,0,0,0,0,0,0,0,0,0,0,0,0,0,0,0,0,0,0,0,0,0,0,0,0,0,0,0,0,0,0,0,0,0,0,0,0,0,0,0,0,0,0,0,0,0,0,0,0,0,0,0,0,0,0,0,0,0,0,0,0,0,0,0,0,0,0
1598,1824,1911,2310,2436,3672,3795,3933,3808,4080,6336,7760,7920,8200,8652,9523,11400,12125,13400,13287,15444,15768,18676,19824,23449,27580,32802,36570,43050,52716,64500,77860,98670,125888,165996,216550,326564,367851,358415,341088,313992,0,0,0,0,0,0,0,0,0,0,0,0,0,0,0,0,0,0,0,0,0,0,0,0,0,0,0,0,0,0,0,0,0,0,0,0,0,0,0,0,0,0,0,0,0,0,0,0,0,0,0,0,0,0,0,0,0,0,0,0,0,0,0,0,0,0,0,0,0,0,0,0,0,0,0,0,0,0,0,0,0,0,0,0,0,0,0,0,0,0,0,0,0,0,0,0,0,0,0,0,0,0,0,0,0,0,0,0,0,0,0,0,0,0,0,0,0,0,0,0,0,0,0,0,0,0,0,0,0,0,0,0,0,0,0,0,0
1645,1584,1800,2000,4176,4060,7020,8232,8585,9010,9555,9680,12250,12827,14522,16352,15762,17710,20812,23808,28171,32494,38280,48208,57936,72364,90138,114806,151101,202769,306720,395715,372215,384665,359328,0,0,0,0,0,0,0,0,0,0,0,0,0,0,0,0,0,0,0,0,0,0,0,0,0,0,0,0,0,0,0,0,0,0,0,0,0,0,0,0,0,0,0,0,0,0,0,0,0,0,0,0,0,0,0,0,0,0,0,0,0,0,0,0,0,0,0,0,0,0,0,0,0,0,0,0,0,0,0,0,0,0,0,0,0,0,0,0,0,0,0,0,0,0,0,0,0,0,0,0,0,0,0,0,0,0,0,0,0,0,0,0,0,0,0,0,0,0,0,0,0,0,0,0,0,0,0,0,0,0,0,0,0,0,0,0,0,0,0,0,0,0,0
5184,5124,5346,5628,5644,5628,5780,5829,6003,6003,5984,6210,6745,7752,7575,7777,7777,8346,8216,8480,8829,9744,9912,9912,10455,10332,10664,10500,11352,11830,11557,11904,11921,12285,12784,13622,13720,13720,14500,14652,16218,17538,18204,19205,19665,20178,21000,20933,22196,23936,24948,26852,28656,29930,31464,31950,34342,36547,40482,42303,45135,48861,50050,54432,55581,59400,66144,70299,74475,79453,87242,92476,101750,106967,116298,135177,138003,156263,168113,177344,204680,223215,234608,262592,284416,311904,334880,342433,347620,348036,348169,340092,338252,326400,320380,329217,319605,298080,271440,234780,189221,0,0,0,0,0,0,0,0,0,0,0,0,0,0,0,0,0,0,0,0,0,0,0,0,0,0,0,0,0,0,0,0,0,0,0,0,0,0,0,0,0,0,0,0,0,0,0,0,0,0,0,0,0,0,0,0,0,0,0,0,0,0,0,0,0,0,0,0,0,0,0,0,0,0,0,0,0
1161,1276,1376,1617,3276,3213,3339,3584,6120,6097,6840,7238,7644,7821,8800,9102,9020,9600,9963,9794,9996,10527,11408,11960,12502,12462,13677,14200,14994,14847,15402,16585,16956,17280,19323,20475,20355,21360,22500,24123,28000,30135,31080,33572,35866,40080,42804,46620,48240,51615,56154,60085,66990,72600,77292,85442,93312,103314,112200,131312,140238,158921,175825,201936,227285,247100,276789,290280,336165,339904,344698,346978,322575,317993,318648,336690,322819,303654,277178,235800,190092,0,0,0,0,0,0,0,0,0,0,0,0,0,0,0,0,0,0,0,0,0,0,0,0,0,0,0,0,0,0,0,0,0,0,0,0,0,0,0,0,0,0,0,0,0,0,0,0,0,0,0,0,0,0,0,0,0,0,0,0,0,0,0,0,0,0,0,0,0,0,0,0,0,0,0,0,0,0,0,0,0,0,0,0,0,0,0,0,0,0,0,0,0,0,0,0,0
1739,1813,1850,1862,3150,3286,3348,3348,3348,4697,4332,5568,5785,6052,6279,6532,6768,6992,7268,7488,7742,8532,8910,9477,9963,9628,9996,9912,10148,11160,11684,12369,12596,13440,14100,14935,15855,15496,17160,17967,18368,19720,20933,21420,22196,22912,25785,29290,31141,34069,35200,39780,42525,46410,50778,51336,58706,61908,69015,77520,82836,90266,103424,112560,127855,145015,168751,182364,205508,230061,252384,286560,322593,367952,344668,356732,347270,346462,345312,244650,185536,0,0,0,0,0,0,0,0,0,0,0,0,0,0,0,0,0,0,0,0,0,0,0,0,0,0,0,0,0,0,0,0,0,0,0,0,0,0,0,0,0,0,0,0,0,0,0,0,0,0,0,0,0,0,0,0,0,0,0,0,0,0,0,0,0,0,0,0,0,0,0,0,0,0,0,0,0,0,0,0,0,0,0,0,0,0,0,0,0,0,0,0,0,0,0,0,0
3050,5785,5850,6006,6164,6300,6510,7104,7488,7566,7722,8000,9720,9758,9794,10560,10824,11125,12314,13386,14058,14484,15096,16065,16799,17160,18532,19890,21120,21358,22680,25482,27406,29841,34540,36320,38911,43676,46368,52882,55198,59976,65310,74144,81892,88330,103057,114512,132114,148886,164745,190068,214200,236664,276900,315416,333792,359288,358182,362475,345605,363102,347688,214344,0,0,0,0,0,0,0,0,0,0,0,0,0,0,0,0,0,0,0,0,0,0,0,0,0,0,0,0,0,0,0,0,0,0,0,0,0,0,0,0,0,0,0,0,0,0,0,0,0,0,0,0,0,0,0,0,0,0,0,0,0,0,0,0,0,0,0,0,0,0,0,0,0,0,0,0,0,0,0,0,0,0,0,0,0,0,0,0,0,0,0,0,0,0,0,0,0,0,0,0,0,0,0,0,0,0,0,0,0,0,0,0,0,0
5525,5808,6120,6030,6030,6188,6279,6532,7030,7220,7575,8262,8453,8774,9379,9266,10680,10858,11036,11176,11125,11739,13266,14076,14484,15330,16308,17205,18032,19305,20328,21771,23091,25345,26271,29253,31977,36064,40185,43011,47360,51840,56883,62816,69799,75799,83190,96768,113400,123480,145564,161616,194586,216240,238042,272648,321824,353648,361140,350840,357280,341088,246915,0,0,0,0,0,0,0,0,0,0,0,0,0,0,0,0,0,0,0,0,0,0,0,0,0,0,0,0,0,0,0,0,0,0,0,0,0,0,0,0,0,0,0,0,0,0,0,0,0,0,0,0,0,0,0,0,0,0,0,0,0,0,0,0,0,0,0,0,0,0,0,0,0,0,0,0,0,0,0,0,0,0,0,0,0,0,0,0,0,0,0,0,0,0,0,0,0,0,0,0,0,0,0,0,0,0,0,0,0,0,0,0,0,0,0
5355,5481,5632,5742,5984,5984,6248,6789,7068,6992,7700,7722,7900,8667,9440,9594,9477,9315,9877,10200,10648,11520,12864,13761,14200,14600,16006,16478,17222,18256,19836,20358,21875,25296,26358,29664,33507,32767,39312,44322,50384,51986,58904,64377,73367,79344,90134,103458,119508,139830,167580,181830,210380,241512,272800,319485,363051,356964,344960,328245,318002,276006,214742,0,0,0,0,0,0,0,0,0,0,0,0,0,0,0,0,0,0,0,0,0,0,0,0,0,0,0,0,0,0,0,0,0,0,0,0,0,0,0,0,0,0,0,0,0,0,0,0,0,0,0,0,0,0,0,0,0,0,0,0,0,0,0,0,0,0,0,0,0,0,0,0,0,0,0,0,0,0,0,0,0,0,0,0,0,0,0,0,0,0,0,0,0,0,0,0,0,0,0,0,0,0,0,0,0,0,0,0,0,0,0,0,0,0,0
2223,2280,2280,2296,2378,2296,3300,3692,5040,5307,5368,5481,5590,5504,5742,5984,6643,6900,7350,7392,7700,8295,9243,9600,9440,9794,10769,10824,11790,12420,12901,13110,13728,14454,16112,17227,18871,19604,20414,22625,25021,28200,30240,33440,37746,40898,45675,50040,55352,61908,68373,75140,82942,97020,119260,131776,157990,183933,215343,239430,282047,325076,345186,342709,307310,307710,318780,311025,274116,245865,187812,0,0,0,0,0,0,0,0,0,0,0,0,0,0,0,0,0,0,0,0,0,0,0,0,0,0,0,0,0,0,0,0,0,0,0,0,0,0,0,0,0,0,0,0,0,0,0,0,0,0,0,0,0,0,0,0,0,0,0,0,0,0,0,0,0,0,0,0,0,0,0,0,0,0,0,0,0,0,0,0,0,0,0,0,0,0,0,0,0,0,0,0,0,0,0,0,0,0,0,0,0,0,0,0,0,0,0
3350,3570,3723,4028,3975,4235,4104,4389,4408,4453,4484,4758,5040,6580,7038,6790,7425,7904,8690,8960,9040,9758,10500,10500,11050,11790,12635,13536,14308,15750,16632,17538,18515,18954,20374,22875,23808,27000,30885,33896,37680,40836,46070,48224,57300,61858,69680,77571,88972,99715,121230,148385,171497,194472,231387,270686,306227,323625,312858,303744,295568,288864,267561,248625,214207,155925,0,0,0,0,0,0,0,0,0,0,0,0,0,0,0,0,0,0,0,0,0,0,0,0,0,0,0,0,0,0,0,0,0,0,0,0,0,0,0,0,0,0,0,0,0,0,0,0,0,0,0,0,0,0,0,0,0,0,0,0,0,0,0,0,0,0,0,0,0,0,0,0,0,0,0,0,0,0,0,0,0,0,0,0,0,0,0,0,0,0,0,0,0,0,0,0,0,0,0,0,0,0,0,0,0,0,0,0,0,0,0,0
3762,3808,5481,5568,6370,6674,6956,7575,8008,8085,8400,9296,9676,10030,11136,12194,12604,13344,12825,13800,15435,16568,18080,20296,21417,23875,25542,27405,33448,35100,38936,44540,50160,56488,63180,72080,85560,98576,121370,143070,168236,208760,247806,293132,310125,287154,278980,273609,256750,244375,205027,146862,0,0,0,0,0,0,0,0,0,0,0,0,0,0,0,0,0,0,0,0,0,0,0,0,0,0,0,0,0,0,0,0,0,0,0,0,0,0,0,0,0,0,0,0,0,0,0,0,0,0,0,0,0,0,0,0,0,0,0,0,0,0,0,0,0,0,0,0,0,0,0,0,0,0,0,0,0,0,0,0,0,0,0,0,0,0,0,0,0,0,0,0,0,0,0,0,0,0,0,0,0,0,0,0,0,0,0,0,0,0,0,0,0,0,0,0,0,0,0,0,0,0,0,0,0,0
3975,3975,4050,4864,5040,7752,8374,9545,9153,9462,10455,11438,11570,12220,13632,14645,16065,17113,17270,18676,20040,22680,24948,27675,33048,35495,40836,44370,48752,58752,64923,75020,86376,105984,124476,150490,184140,218730,263440,326368,339786,320100,303416,298623,292595,268335,217128,147972,0,0,0,0,0,0,0,0,0,0,0,0,0,0,0,0,0,0,0,0,0,0,0,0,0,0,0,0,0,0,0,0,0,0,0,0,0,0,0,0,0,0,0,0,0,0,0,0,0,0,0,0,0,0,0,0,0,0,0,0,0,0,0,0,0,0,0,0,0,0,0,0,0,0,0,0,0,0,0,0,0,0,0,0,0,0,0,0,0,0,0,0,0,0,0,0,0,0,0,0,0,0,0,0,0,0,0,0,0,0,0,0,0,0,0,0,0,0,0,0,0,0,0,0,0,0,0,0,0,0
3551,3588,3869,3960,5896,5568,5590,5655,5720,6256,6935,7575,7622,8025,8453,8991,9396,10030,11926,12194,12194,13095,13736,14626,16872,18144,20587,21240,24003,26865,28826,34048,36024,42640,47644,53820,62146,73402,87232,103572,126408,158080,191649,226630,273764,310500,289476,283500,272610,257752,236856,191819,117512,0,0,0,0,0,0,0,0,0,0,0,0,0,0,0,0,0,0,0,0,0,0,0,0,0,0,0,0,0,0,0,0,0,0,0,0,0,0,0,0,0,0,0,0,0,0,0,0,0,0,0,0,0,0,0,0,0,0,0,0,0,0,0,0,0,0,0,0,0,0,0,0,0,0,0,0,0,0,0,0,0,0,0,0,0,0,0,0,0,0,0,0,0,0,0,0,0,0,0,0,0,0,0,0,0,0,0,0,0,0,0,0,0,0,0,0,0,0,0,0,0,0,0,0,0
3869,3796,4158,4212,4424,4503,4602,4740,5022,5312,7081,6840,7154,7400,8346,9545,9877,9996,11049,11310,11700,13328,14300,15600,16848,18256,18984,21033,23424,26004,29680,34188,38796,43350,47872,58446,63879,76687,91098,106092,137655,166734,198000,248159,301623,328482,315479,297220,298410,276024,254790,184005,0,0,0,0,0,0,0,0,0,0,0,0,0,0,0,0,0,0,0,0,0,0,0,0,0,0,0,0,0,0,0,0,0,0,0,0,0,0,0,0,0,0,0,0,0,0,0,0,0,0,0,0,0,0,0,0,0,0,0,0,0,0,0,0,0,0,0,0,0,0,0,0,0,0,0,0,0,0,0,0,0,0,0,0,0,0,0,0,0,0,0,0,0,0,0,0,0,0,0,0,0,0,0,0,0,0,0,0,0,0,0,0,0,0,0,0,0,0,0,0,0,0,0,0,0,0
3726,3640,3763,3975,4266,4212,4424,4524,4602,4725,4977,5166,6720,6958,6768,7592,8346,8611,9430,10406,10455,11088,12052,12730,14200,15943,17064,18645,19890,22272,24123,27674,32184,36869,43172,49322,54435,66044,77970,90000,113787,133848,171304,212553,261324,336720,346528,339416,319950,318750,263655,169260,0,0,0,0,0,0,0,0,0,0,0,0,0,0,0,0,0,0,0,0,0,0,0,0,0,0,0,0,0,0,0,0,0,0,0,0,0,0,0,0,0,0,0,0,0,0,0,0,0,0,0,0,0,0,0,0,0,0,0,0,0,0,0,0,0,0,0,0,0,0,0,0,0,0,0,0,0,0,0,0,0,0,0,0,0,0,0,0,0,0,0,0,0,0,0,0,0,0,0,0,0,0,0,0,0,0,0,0,0,0,0,0,0,0,0,0,0,0,0,0,0,0,0,0,0,0
3417,3570,3744,3723,3672,3996,4015,4047,4500,4819,5590,6510,6440,6460,6510,7300,8769,8880,9396,10769,10795,11352,12825,14300,15198,16416,16895,19116,21350,22932,26934,33264,36580,39772,46806,56212,63083,76146,91776,110336,145791,178200,220402,270606,335153,324940,298372,292530,271320,245532,173768,0,0,0,0,0,0,0,0,0,0,0,0,0,0,0,0,0,0,0,0,0,0,0,0,0,0,0,0,0,0,0,0,0,0,0,0,0,0,0,0,0,0,0,0,0,0,0,0,0,0,0,0,0,0,0,0,0,0,0,0,0,0,0,0,0,0,0,0,0,0,0,0,0,0,0,0,0,0,0,0,0,0,0,0,0,0,0,0,0,0,0,0,0,0,0,0,0,0,0,0,0,0,0,0,0,0,0,0,0,0,0,0,0,0,0,0,0,0,0,0,0,0,0,0,0,0,0
3640,3869,3996,3922,4125,3960,4366,4697,5166,6674,6580,7128,8374,9153,9040,9840,11094,11264,12369,14058,15049,16632,16416,18354,20812,23622,26800,32333,36425,39432,46806,55986,62524,77220,92160,114318,142766,181526,227285,279661,322608,306783,294032,288933,260470,220010,128557,0,0,0,0,0,0,0,0,0,0,0,0,0,0,0,0,0,0,0,0,0,0,0,0,0,0,0,0,0,0,0,0,0,0,0,0,0,0,0,0,0,0,0,0,0,0,0,0,0,0,0,0,0,0,0,0,0,0,0,0,0,0,0,0,0,0,0,0,0,0,0,0,0,0,0,0,0,0,0,0,0,0,0,0,0,0,0,0,0,0,0,0,0,0,0,0,0,0,0,0,0,0,0,0,0,0,0,0,0,0,0,0,0,0,0,0,0,0,0,0,0,0,0,0,0,0,0,0,0,0,0
3315,3536,3640,3710,3796,3588,3780,3726,4032,4440,4740,4897,6016,6324,6693,7008,8162,8814,9280,9794,10750,11264,13066,14443,14935,15120,15943,19397,21106,23940,27948,32333,38157,42336,50596,57950,69208,82698,100936,136604,167796,207740,261324,335153,313857,301864,297432,275847,229923,141515,0,0,0,0,0,0,0,0,0,0,0,0,0,0,0,0,0,0,0,0,0,0,0,0,0,0,0,0,0,0,0,0,0,0,0,0,0,0,0,0,0,0,0,0,0,0,0,0,0,0,0,0,0,0,0,0,0,0,0,0,0,0,0,0,0,0,0,0,0,0,0,0,0,0,0,0,0,0,0,0,0,0,0,0,0,0,0,0,0,0,0,0,0,0,0,0,0,0,0,0,0,0,0,0,0,0,0,0,0,0,0,0,0,0,0,0,0,0,0,0,0,0,0,0,0,0,0,0
3588,3864,3672,3795,4047,4366,4819,4898,5100,6720,6984,8374,8748,9153,9945,10875,11592,13300,14200,16050,16720,17595,20449,22987,27000,32680,37130,42160,48238,59444,70716,84474,108120,142691,178648,230782,288720,331128,329222,313131,298473,208302,0,0,0,0,0,0,0,0,0,0,0,0,0,0,0,0,0,0,0,0,0,0,0,0,0,0,0,0,0,0,0,0,0,0,0,0,0,0,0,0,0,0,0,0,0,0,0,0,0,0,0,0,0,0,0,0,0,0,0,0,0,0,0,0,0,0,0,0,0,0,0,0,0,0,0,0,0,0,0,0,0,0,0,0,0,0,0,0,0,0,0,0,0,0,0,0,0,0,0,0,0,0,0,0,0,0,0,0,0,0,0,0,0,0,0,0,0,0,0,0,0,0,0,0,0,0,0,0,0,0,0,0,0,0,0,0
3763,3942,3905,4234,4484,4941,6486,7100,8240,9492,9120,10080,11088,11592,13632,14790,16264,16677,18792,21525,24960,27948,32856,38560,44278,54760,63481,77827,95832,127684,163699,198655,265251,325629,317460,293608,291900,265816,192705,0,0,0,0,0,0,0,0,0,0,0,0,0,0,0,0,0,0,0,0,0,0,0,0,0,0,0,0,0,0,0,0,0,0,0,0,0,0,0,0,0,0,0,0,0,0,0,0,0,0,0,0,0,0,0,0,0,0,0,0,0,0,0,0,0,0,0,0,0,0,0,0,0,0,0,0,0,0,0,0,0,0,0,0,0,0,0,0,0,0,0,0,0,0,0,0,0,0,0,0,0,0,0,0,0,0,0,0,0,0,0,0,0,0,0,0,0,0,0,0,0,0,0,0,0,0,0,0,0,0,0,0,0,0,0,0,0,0,0
3536,3763,3996,3888,3976,4176,4366,4880,5063,6603,6674,6860,7474,8800,8880,9877,11049,11340,12927,14645,16371,16940,19188,21700,25026,29610,33823,38720,46170,55800,69056,84346,103412,144420,174812,232858,292656,323015,308100,290725,268600,232760,0,0,0,0,0,0,0,0,0,0,0,0,0,0,0,0,0,0,0,0,0,0,0,0,0,0,0,0,0,0,0,0,0,0,0,0,0,0,0,0,0,0,0,0,0,0,0,0,0,0,0,0,0,0,0,0,0,0,0,0,0,0,0,0,0,0,0,0,0,0,0,0,0,0,0,0,0,0,0,0,0,0,0,0,0,0,0,0,0,0,0,0,0,0,0,0,0,0,0,0,0,0,0,0,0,0,0,0,0,0,0,0,0,0,0,0,0,0,0,0,0,0,0,0,0,0,0,0,0,0,0,0,0,0,0,0
3200,3621,3796,3869,4050,3996,4292,4680,6460,6555,6555,7272,8701,9006,9639,11220,11303,13536,14500,16264,16478,19470,22428,25740,30816,36735,42330,52052,61110,76167,95600,127370,166860,224940,279464,324096,294513,279423,255346,201480,0,0,0,0,0,0,0,0,0,0,0,0,0,0,0,0,0,0,0,0,0,0,0,0,0,0,0,0,0,0,0,0,0,0,0,0,0,0,0,0,0,0,0,0,0,0,0,0,0,0,0,0,0,0,0,0,0,0,0,0,0,0,0,0,0,0,0,0,0,0,0,0,0,0,0,0,0,0,0,0,0,0,0,0,0,0,0,0,0,0,0,0,0,0,0,0,0,0,0,0,0,0,0,0,0,0,0,0,0,0,0,0,0,0,0,0,0,0,0,0,0,0,0,0,0,0,0,0,0,0,0,0,0,0,0,0,0,0
3864,3763,5185,5670,6164,6720,7029,8436,8532,9315,10440,12420,12834,13860,14664,16872,20040,22196,25938,31098,35650,42757,52089,62568,80358,102000,137088,179034,241805,310980,302995,291954,264712,232656,132823,0,0,0,0,0,0,0,0,0,0,0,0,0,0,0,0,0,0,0,0,0,0,0,0,0,0,0,0,0,0,0,0,0,0,0,0,0,0,0,0,0,0,0,0,0,0,0,0,0,0,0,0,0,0,0,0,0,0,0,0,0,0,0,0,0,0,0,0,0,0,0,0,0,0,0,0,0,0,0,0,0,0,0,0,0,0,0,0,0,0,0,0,0,0,0,0,0,0,0,0,0,0,0,0,0,0,0,0,0,0,0,0,0,0,0,0,0,0,0,0,0,0,0,0,0,0,0,0,0,0,0,0,0,0,0,0,0,0,0,0,0,0,0
3536,3869,3744,4050,4070,4500,4697,6555,6650,6720,7548,9360,9594,10750,11049,12540,14157,16350,18080,19470,22606,25740,33354,40016,46550,57984,71355,86245,117572,160060,208320,279531,342992,312816,309672,282240,211084,0,0,0,0,0,0,0,0,0,0,0,0,0,0,0,0,0,0,0,0,0,0,0,0,0,0,0,0,0,0,0,0,0,0,0,0,0,0,0,0,0,0,0,0,0,0,0,0,0,0,0,0,0,0,0,0,0,0,0,0,0,0,0,0,0,0,0,0,0,0,0,0,0,0,0,0,0,0,0,0,0,0,0,0,0,0,0,0,0,0,0,0,0,0,0,0,0,0,0,0,0,0,0,0,0,0,0,0,0,0,0,0,0,0,0,0,0,0,0,0,0,0,0,0,0,0,0,0,0,0,0,0,0,0,0,0,0,0,0,0,0
4484,4620,4697,4914,4851,4977,5040,4960,5040,5312,5478,5412,5628,5848,6192,7332,7050,7392,7680,8100,7920,7821,7900,8058,12078,14098,13936,14214,14946,14443,16200,14256,14994,14504,15504,15453,15759,16432,16800,16848,17712,18537,19210,20125,20996,21762,22570,24064,24700,24570,25740,27000,27948,28826,29664,31390,33750,35650,37604,40672,41500,43010,47025,48786,49762,53465,58110,61292,65096,68575,71810,75428,81675,88125,98208,103824,112060,122580,131880,141426,158928,172356,194297,210192,228750,254976,283152,301840,302220,301567,286474,274670,274559,271200,274949,257839,254012,229671,213532,191646,174246,151998,79170,39444,0,0,0,0,0,0,0,0,0,0,0,0,0,0,0,0,0,0,0,0,0,0,0,0,0,0,0,0,0,0,0,0,0,0,0,0,0,0,0,0,0,0,0,0,0,0,0,0,0,0,0,0,0,0,0,0,0,0,0,0,0,0,0,0,0,0,0,0,0,0,0,0,0,0
2394,2537,2596,2552,2655,2655,2736,2714,2726,2820,2867,3100,3150,3200,3200,3250,3250,3250,3450,3519,3350,3400,3519,3588,3604,3710,3763,4218,3922,3996,4050,4312,4500,4712,4636,4712,4774,5103,5312,5544,5544,5628,5865,5762,6003,5695,6090,6278,6336,6336,6160,6141,6408,6660,6808,7125,7372,7448,7600,7575,7854,8034,9202,8480,8774,9592,9990,10396,10856,11132,11316,11656,11500,11500,11776,12314,12540,13205,14162,14900,15300,16065,16324,16895,17854,18285,19800,19886,21080,23318,24840,24480,24570,27354,27936,28944,30488,32742,34352,36570,37280,39528,42250,43095,48198,50414,55242,57720,61182,64370,72360,76832,81720,87750,93360,102816,113184,122744,135274,150098,171272,187248,200334,228165,252554,270864,274560,268056,273306,257025,253732,252992,233680,230319,208624,196524,182468,159236,129360,99199,55520,21360,0,0,0,0,0,0,0,0,0,0,0,0,0,0,0,0,0,0,0,0,0,0,0,0,0,0,0,0,0,0,0,0,0,0,0,0
3588,3588,3640,8265,7520,7161,7125,8019,7676,8132,8085,8239,8239,8470,8880,9360,9676,9912,10209,10962,11352,12012,11648,12220,13034,13837,14560,15120,14935,16112,16459,16568,17094,18630,19352,19635,20760,21452,22000,23495,25080,25669,26460,27200,29328,30745,30952,33371,35266,37130,38720,40824,43086,46512,49737,52338,57984,60282,63742,71476,75210,78588,86394,95648,105060,112230,124304,137170,153216,173661,181830,199580,215600,249555,274224,299706,305244,310542,301020,296361,295680,275124,262309,247380,236572,212004,184860,162239,122988,83436,33695,0,0,0,0,0,0,0,0,0,0,0,0,0,0,0,0,0,0,0,0,0,0,0,0,0,0,0,0,0,0,0,0,0,0,0,0,0,0,0,0,0,0,0,0,0,0,0,0,0,0,0,0,0,0,0,0,0,0,0,0,0,0,0,0,0,0,0,0,0,0,0,0,0,0,0,0,0,0,0,0,0,0,0,0,0,0,0
2714,2891,2928,2880,2726,2760,2714,2820,2760,2806,2745,3834,3888,4015,4070,4408,4524,4640,4720,4620,4740,4800,4860,5063,5246,5332,4960,5248,5696,5874,6120,5963,6300,7030,6912,7154,7500,7956,7878,7676,8112,8364,8610,8988,9102,9660,10062,10266,10736,11102,11718,12052,13464,14659,15933,14400,15392,16275,15656,17270,17808,18012,18676,20787,21888,21625,22176,23680,25021,26989,28826,30595,31899,33136,34119,36581,38957,41415,44720,48475,51798,53390,58695,62216,70929,76869,80908,88935,98490,111350,121500,135278,155742,182820,199386,227794,255668,298316,328855,364190,348691,347598,346311,340686,320408,315381,298935,285140,230374,193644,157458,0,0,0,0,0,0,0,0,0,0,0,0,0,0,0,0,0,0,0,0,0,0,0,0,0,0,0,0,0,0,0,0,0,0,0,0,0,0,0,0,0,0,0,0,0,0,0,0,0,0,0,0,0,0,0,0,0,0,0,0,0,0,0,0,0,0,0
3888,3942,4144,4256,4389,4560,4582,4740,4898,5120,5166,5166,5270,5355,5655,6279,6624,7326,7931,8208,8547,8470,8239,8056,9804,11250,12784,11684,13110,13775,14308,14356,15554,15965,15750,17658,19550,20349,21360,23058,23940,25283,26069,26999,29044,29820,33673,37288,38001,40913,43848,49132,51120,57408,61661,64351,74390,80002,87400,97990,113360,126752,140580,169495,190900,215682,244944,295395,337546,324269,310464,304776,299556,277400,264158,253895,210757,169818,129444,65688,0,0,0,0,0,0,0,0,0,0,0,0,0,0,0,0,0,0,0,0,0,0,0,0,0,0,0,0,0,0,0,0,0,0,0,0,0,0,0,0,0,0,0,0,0,0,0,0,0,0,0,0,0,0,0,0,0,0,0,0,0,0,0,0,0,0,0,0,0,0,0,0,0,0,0,0,0,0,0,0,0,0,0,0,0,0,0,0,0,0,0,0,0,0,0,0,0,0
1131,1170,1200,1140,1170,1131,1131,1160,1333,1333,1408,1408,1419,1428,1419,1496,1564,1598,1692,1692,1776,1776,1824,1911,1911,1911,1862,1900,1950,2000,2000,1960,1950,1950,2080,2214,2160,2320,2090,2280,2128,2204,2320,2508,2700,2852,3038,3150,3213,3200,3250,3185,3283,3400,3519,3570,3570,3869,4312,4290,4235,4312,4256,4389,4235,4235,5265,5628,5568,5896,6300,6348,6862,6650,6486,7300,7575,7600,7524,7752,7676,8162,8393,8701,9153,9828,10285,11067,10998,12000,13068,14280,15038,16050,16264,17094,18560,20252,21033,21463,23892,25756,26852,29000,31524,32376,36729,38704,41583,45153,49775,54530,61093,67520,75680,82929,92928,104085,120053,136325,159135,183580,215517,258720,301740,337365,330932,335472,324324,296205,286308,262440,235710,191484,142884,0,0,0,0,0,0,0,0,0,0,0,0,0,0,0,0,0,0,0,0,0,0,0,0,0,0,0,0,0,0,0,0,0,0,0,0,0,0,0,0,0,0,0
2806,2752,2688,2665,3604,3780,4047,4275,4425,4620,4575,4588,4588,4712,5120,5103,5544,5628,7373,7725,7519,8480,8424,9020,9632,10502,13287,17255,18573,18696,16390,17214,16854,17930,18924,19494,20414,22082,22816,24570,25872,28634,29744,31828,33744,35805,39852,42500,48144,52155,59192,63539,72455,77526,83916,101343,112060,130665,153000,188244,209088,249333,294203,332250,327204,330832,327360,312654,287726,265815,240458,194388,149188,73566,0,0,0,0,0,0,0,0,0,0,0,0,0,0,0,0,0,0,0,0,0,0,0,0,0,0,0,0,0,0,0,0,0,0,0,0,0,0,0,0,0,0,0,0,0,0,0,0,0,0,0,0,0,0,0,0,0,0,0,0,0,0,0,0,0,0,0,0,0,0,0,0,0,0,0,0,0,0,0,0,0,0,0,0,0,0,0,0,0,0,0,0,0,0,0,0,0,0,0,0,0,0,0,0
3185,3905,3710,3780,4125,4290,4466,4408,4466,4602,4860,4720,4720,4720,4920,5292,5762,6003,6210,6390,6935,7008,8085,8208,8239,9594,11011,10974,15096,14317,15080,13230,15120,15836,16170,17871,20007,19942,21894,22375,23562,25740,27540,29680,32700,34272,37837,42418,47520,51947,57109,61600,72670,80416,90171,105728,118272,137852,174174,201372,235116,280984,338826,346684,327248,330860,308505,290739,270764,207792,165726,97020,0,0,0,0,0,0,0,0,0,0,0,0,0,0,0,0,0,0,0,0,0,0,0,0,0,0,0,0,0,0,0,0,0,0,0,0,0,0,0,0,0,0,0,0,0,0,0,0,0,0,0,0,0,0,0,0,0,0,0,0,0,0,0,0,0,0,0,0,0,0,0,0,0,0,0,0,0,0,0,0,0,0,0,0,0,0,0,0,0,0,0,0,0,0,0,0,0,0,0,0,0,0,0,0,0,0
972,910,925,975,1066,1066,1160,1160,1160,1140,1131,1170,1131,1131,1120,1189,1189,1189,1160,1230,1271,1271,1302,1312,1353,1353,1428,1505,1462,1485,1530,1617,1550,1600,1568,1666,1800,1900,1989,2067,2200,2408,2365,2322,2288,2295,2340,2332,2430,2622,2679,2852,2790,2880,2880,2990,3008,3120,2925,3055,3234,3350,3588,3672,3744,3795,4292,4774,4960,5248,5376,5610,5628,5780,5780,6177,6336,6160,6370,6790,7081,7575,8008,8505,9265,9010,9680,10647,11214,11997,13095,13266,14420,14544,15704,16065,16380,17496,18370,21000,22375,23424,26496,28356,30602,33300,36425,41917,46018,49500,57424,63960,68880,78455,96530,103250,125304,147882,175266,212058,255146,291214,311493,283416,275652,263670,244647,198510,170188,110334,31486,0,0,0,0,0,0,0,0,0,0,0,0,0,0,0,0,0,0,0,0,0,0,0,0,0,0,0,0,0,0,0,0,0,0,0,0,0,0,0,0,0,0,0,0,0,0,0
4332,4836,4758,4800,4920,5670,9213,10126,11430,11440,11440,12103,12927,13299,13912,15147,16485,16590,18816,20587,22196,24252,25935,26934,30456,33522,37752,40000,44278,49737,56050,64000,69472,81536,92904,109368,128037,154714,198258,234240,277830,333644,354576,310236,304984,284900,240133,195408,135792,44298,0,0,0,0,0,0,0,0,0,0,0,0,0,0,0,0,0,0,0,0,0,0,0,0,0,0,0,0,0,0,0,0,0,0,0,0,0,0,0,0,0,0,0,0,0,0,0,0,0,0,0,0,0,0,0,0,0,0,0,0,0,0,0,0,0,0,0,0,0,0,0,0,0,0,0,0,0,0,0,0,0,0,0,0,0,0,0,0,0,0,0,0,0,0,0,0,0,0,0,0,0,0,0,0,0,0,0,0,0,0,0,0,0,0,0,0,0,0,0,0,0,0,0,0,0,0,0,0
680,756,700,756,756,988,1040,1248,1248,1240,1248,1320,1394,1386,1428,1428,1575,1710,1710,1794,1833,1920,2009,2050,2040,2040,2091,2091,2142,2184,2376,2464,2352,2508,2508,2520,2520,2622,2632,2793,3000,3100,3136,3024,3072,3185,3234,3185,3432,3498,3763,3816,3905,4408,4560,4880,4977,5248,5695,5896,6279,6256,6486,6790,7488,7950,8025,8829,9462,9492,9775,10890,11466,12369,13837,14976,15750,16677,17741,18193,20111,21648,24235,25862,29290,32100,35112,37524,42672,48060,51985,60894,70192,76687,90750,106912,125656,151086,185556,224237,291483,377888,391128,372036,369225,344344,313311,251181,179670,64056,0,0,0,0,0,0,0,0,0,0,0,0,0,0,0,0,0,0,0,0,0,0,0,0,0,0,0,0,0,0,0,0,0,0,0,0,0,0,0,0,0,0,0,0,0,0,0,0,0,0,0,0,0,0,0,0,0,0,0,0,0,0,0,0,0,0,0,0
756,756,756,828,925,950,962,972,925,936,972,1036,1036,1140,1131,1170,1271,1209,1320,1419,1440,1505,1496,1564,1551,1536,1470,1519,1617,1750,1976,2106,2160,2145,2067,2128,2240,2464,2408,2596,2745,2760,2852,2961,3185,3300,3400,3519,3850,4088,4180,4332,4332,4740,5063,5481,6052,5590,5916,6072,6231,6696,6882,7315,7931,8239,8769,8960,9711,10005,10710,12222,12576,13440,15244,16092,18676,19844,20541,23760,25944,29638,31800,35639,40630,44807,51442,56842,63832,77571,88298,103716,123819,153621,191760,249312,325248,381440,376278,352716,327516,290080,243376,53654,0,0,0,0,0,0,0,0,0,0,0,0,0,0,0,0,0,0,0,0,0,0,0,0,0,0,0,0,0,0,0,0,0,0,0,0,0,0,0,0,0,0,0,0,0,0,0,0,0,0,0,0,0,0,0,0,0,0,0,0,0,0,0,0,0,0,0,0,0,0,0,0,0,0
4819,5412,13068,14729,14210,15759,17331,18532,19952,21538,24639,27600,30672,33152,37816,41415,47436,55680,63856,71610,86245,101706,125580,156738,195797,245804,328950,398286,394200,375258,336279,292864,239120,139054,0,0,0,0,0,0,0,0,0,0,0,0,0,0,0,0,0,0,0,0,0,0,0,0,0,0,0,0,0,0,0,0,0,0,0,0,0,0,0,0,0,0,0,0,0,0,0,0,0,0,0,0,0,0,0,0,0,0,0,0,0,0,0,0,0,0,0,0,0,0,0,0,0,0,0,0,0,0,0,0,0,0,0,0,0,0,0,0,0,0,0,0,0,0,0,0,0,0,0,0,0,0,0,0,0,0,0,0,0,0,0,0,0,0,0,0,0,0,0,0,0,0,0,0,0,0,0,0,0,0,0,0,0,0,0,0,0,0,0,0,0,0,0,0
14454,15392,16324,17600,19665,21780,24056,26462,30597,33000,38552,42251,48321,54832,62766,74736,86940,108204,131100,172700,222840,269027,303511,322014,279825,241536,195408,0,0,0,0,0,0,0,0,0,0,0,0,0,0,0,0,0,0,0,0,0,0,0,0,0,0,0,0,0,0,0,0,0,0,0,0,0,0,0,0,0,0,0,0,0,0,0,0,0,0,0,0,0,0,0,0,0,0,0,0,0,0,0,0,0,0,0,0,0,0,0,0,0,0,0,0,0,0,0,0,0,0,0,0,0,0,0,0,0,0,0,0,0,0,0,0,0,0,0,0,0,0,0,0,0,0,0,0,0,0,0,0,0,0,0,0,0,0,0,0,0,0,0,0,0,0,0,0,0,0,0,0,0,0,0,0,0,0,0,0,0,0,0,0,0,0,0,0,0,0,0
726,714,748,840,864,925,1053,1014,1026,1131,1170,1189,1230,1344,1408,1426,1504,1536,1504,1485,1540,1496,1496,1518,1715,1764,1764,1836,2120,2173,2352,2223,2262,2640,2700,2867,3024,3008,4209,4234,4466,4650,4575,4712,5040,5040,5544,5762,6003,6230,6461,6324,7154,7566,7854,9744,9628,10406,11049,12060,13386,14317,15622,17360,19723,22532,23940,27072,29896,34425,37284,43326,51330,57915,70929,80808,96136,118370,153114,196757,243903,276172,296664,261542,233180,182952,129014,38896,0,0,0,0,0,0,0,0,0,0,0,0,0,0,0,0,0,0,0,0,0,0,0,0,0,0,0,0,0,0,0,0,0,0,0,0,0,0,0,0,0,0,0,0,0,0,0,0,0,0,0,0,0,0,0,0,0,0,0,0,0,0,0,0,0,0,0,0,0,0,0,0,0,0,0,0,0,0,0,0,0,0,0,0,0,0,0,0,0,0
4161,4524,4680,5332,5525,6300,5808,7644,9744,10004,9477,10455,12060,13248,14790,15582,18630,20060,21594,23436,25610,28566,33674,36000,40480,47229,58752,69216,81328,99051,125120,165396,217000,280140,321789,308115,286488,244495,188442,110760,0,0,0,0,0,0,0,0,0,0,0,0,0,0,0,0,0,0,0,0,0,0,0,0,0,0,0,0,0,0,0,0,0,0,0,0,0,0,0,0,0,0,0,0,0,0,0,0,0,0,0,0,0,0,0,0,0,0,0,0,0,0,0,0,0,0,0,0,0,0,0,0,0,0,0,0,0,0,0,0,0,0,0,0,0,0,0,0,0,0,0,0,0,0,0,0,0,0,0,0,0,0,0,0,0,0,0,0,0,0,0,0,0,0,0,0,0,0,0,0,0,0,0,0,0,0,0,0,0,0,0,0,0,0,0,0,0,0
1551,1700,1908,1976,1976,1836,1802,1820,1961,1908,2067,2408,2494,2622,2714,2726,2832,3111,3276,3264,3564,3864,4234,4712,4956,5246,6417,8400,8295,8829,9315,10560,11340,12052,12825,13871,14652,15300,16120,17280,20520,22680,25610,28496,30858,36176,40506,47489,55986,65484,80520,99470,120764,155034,197340,257418,331596,319809,305388,259017,201756,136042,0,0,0,0,0,0,0,0,0,0,0,0,0,0,0,0,0,0,0,0,0,0,0,0,0,0,0,0,0,0,0,0,0,0,0,0,0,0,0,0,0,0,0,0,0,0,0,0,0,0,0,0,0,0,0,0,0,0,0,0,0,0,0,0,0,0,0,0,0,0,0,0,0,0,0,0,0,0,0,0,0,0,0,0,0,0,0,0,0,0,0,0,0,0,0,0,0,0,0,0,0,0,0,0,0,0,0,0,0,0,0,0,0,0,0,0
1064,1178,1240,1386,1419,1530,1408,1540,1334,1380,1568,2255,2184,2322,2596,2961,2820,2760,2867,2806,2820,2989,3100,3300,3640,3621,3796,4070,4200,4425,4898,5460,5418,6745,7600,8295,8550,9379,9594,10710,11039,13113,13580,15038,16478,18792,20349,21894,24892,28634,31031,37045,42919,46364,55384,64874,82800,98010,124931,162653,218484,295708,366795,356885,341478,294975,216972,98384,0,0,0,0,0,0,0,0,0,0,0,0,0,0,0,0,0,0,0,0,0,0,0,0,0,0,0,0,0,0,0,0,0,0,0,0,0,0,0,0,0,0,0,0,0,0,0,0,0,0,0,0,0,0,0,0,0,0,0,0,0,0,0,0,0,0,0,0,0,0,0,0,0,0,0,0,0,0,0,0,0,0,0,0,0,0,0,0,0,0,0,0,0,0,0,0,0,0,0,0,0,0,0,0,0,0,0,0,0,0
851,874,897,880,1008,1056,1050,1025,1025,1107,1148,1380,1568,1715,1776,1862,1850,1785,1750,1862,2000,2352,2494,2419,2478,2596,2700,2832,2940,3213,3276,3520,3456,3905,4161,4380,4453,4514,6052,6674,7350,8239,8424,9545,10492,11610,11718,12502,14443,15515,19116,20111,23270,25326,28014,33600,37288,43725,48224,61230,71820,90152,112488,146664,194112,265298,352176,351400,332112,274540,207100,91968,0,0,0,0,0,0,0,0,0,0,0,0,0,0,0,0,0,0,0,0,0,0,0,0,0,0,0,0,0,0,0,0,0,0,0,0,0,0,0,0,0,0,0,0,0,0,0,0,0,0,0,0,0,0,0,0,0,0,0,0,0,0,0,0,0,0,0,0,0,0,0,0,0,0,0,0,0,0,0,0,0,0,0,0,0,0,0,0,0,0,0,0,0,0,0,0,0,0,0,0,0,0,0,0,0,0
1148,1247,1395,1472,1485,1485,1530,1530,1496,1617,1680,1715,1938,2050,2040,2120,2173,2184,2668,2832,2880,3038,3224,3276,3402,3456,3564,3685,3795,5440,5478,6097,6298,7081,7722,7546,7400,8240,9944,10413,12054,12771,13668,15225,16650,18419,20328,25245,27383,32072,37365,43605,52080,62730,77478,98355,127293,171948,239772,356524,371570,340969,301894,222560,0,0,0,0,0,0,0,0,0,0,0,0,0,0,0,0,0,0,0,0,0,0,0,0,0,0,0,0,0,0,0,0,0,0,0,0,0,0,0,0,0,0,0,0,0,0,0,0,0,0,0,0,0,0,0,0,0,0,0,0,0,0,0,0,0,0,0,0,0,0,0,0,0,0,0,0,0,0,0,0,0,0,0,0,0,0,0,0,0,0,0,0,0,0,0,0,0,0,0,0,0,0,0,0,0,0,0,0,0,0,0,0,0,0
1530,1610,1632,1564,1700,1716,1715,1813,1989,2132,2226,2226,2726,2726,2989,3276,3564,3564,3575,3630,3819,4140,4514,4588,5005,5538,5963,6603,6816,7821,8019,7546,7979,8715,10005,10580,12700,13362,13872,16459,17920,20160,22656,26132,30843,35482,41082,51245,60140,72044,93026,117450,161353,221555,331592,384192,354288,305665,238816,0,0,0,0,0,0,0,0,0,0,0,0,0,0,0,0,0,0,0,0,0,0,0,0,0,0,0,0,0,0,0,0,0,0,0,0,0,0,0,0,0,0,0,0,0,0,0,0,0,0,0,0,0,0,0,0,0,0,0,0,0,0,0,0,0,0,0,0,0,0,0,0,0,0,0,0,0,0,0,0,0,0,0,0,0,0,0,0,0,0,0,0,0,0,0,0,0,0,0,0,0,0,0,0,0,0,0,0,0,0,0,0,0,0,0,0,0,0,0
2322,2394,2950,4514,4350,4836,5208,5460,5896,6204,6204,7056,7326,8374,8720,9744,10625,11790,12690,14200,15645,18745,20640,23607,27608,31968,35955,43492,53508,61858,80280,103390,136776,179032,248950,293832,274092,216138,151492,60143,0,0,0,0,0,0,0,0,0,0,0,0,0,0,0,0,0,0,0,0,0,0,0,0,0,0,0,0,0,0,0,0,0,0,0,0,0,0,0,0,0,0,0,0,0,0,0,0,0,0,0,0,0,0,0,0,0,0,0,0,0,0,0,0,0,0,0,0,0,0,0,0,0,0,0,0,0,0,0,0,0,0,0,0,0,0,0,0,0,0,0,0,0,0,0,0,0,0,0,0,0,0,0,0,0,0,0,0,0,0,0,0,0,0,0,0,0,0,0,0,0,0,0,0,0,0,0,0,0,0,0,0,0,0,0,0,0,0
2520,2726,2989,3038,4161,4366,4697,5063,5312,6160,6279,6460,7128,7474,8580,9072,9605,10701,12512,13365,14976,17205,20691,22352,26578,30885,36328,42919,49500,61230,77172,100015,128892,182252,258142,308640,287020,247164,175788,70686,0,0,0,0,0,0,0,0,0,0,0,0,0,0,0,0,0,0,0,0,0,0,0,0,0,0,0,0,0,0,0,0,0,0,0,0,0,0,0,0,0,0,0,0,0,0,0,0,0,0,0,0,0,0,0,0,0,0,0,0,0,0,0,0,0,0,0,0,0,0,0,0,0,0,0,0,0,0,0,0,0,0,0,0,0,0,0,0,0,0,0,0,0,0,0,0,0,0,0,0,0,0,0,0,0,0,0,0,0,0,0,0,0,0,0,0,0,0,0,0,0,0,0,0,0,0,0,0,0,0,0,0,0,0,0,0,0,0
3348,3510,3510,3564,3685,3819,3819,4140,4380,4366,5740,6120,6300,6643,6622,7161,7566,7920,8160,8118,7938,8383,8200,8383,8632,8652,9030,9592,9968,10350,10881,12028,12474,12954,12978,13416,13992,14840,16095,15950,16352,17365,17901,19360,19886,20916,22606,24235,24790,24924,27495,29290,30576,32314,34272,35880,37052,40755,44370,47082,50875,53960,57525,63036,67521,76950,83647,88800,96720,107712,118156,127746,143922,163800,180831,210249,238500,270123,298760,309876,322714,339967,302976,301392,115374,61440,0,0,0,0,0,0,0,0,0,0,0,0,0,0,0,0,0,0,0,0,0,0,0,0,0,0,0,0,0,0,0,0,0,0,0,0,0,0,0,0,0,0,0,0,0,0,0,0,0,0,0,0,0,0,0,0,0,0,0,0,0,0,0,0,0,0,0,0,0,0,0,0,0,0,0,0,0,0,0,0,0,0,0,0,0,0,0,0,0,0,0,0
3551,3283,3484,3795,3780,4884,5040,5166,5460,6264,6438,6612,6715,7047,6960,6776,7392,7268,7954,8383,9396,9744,9804,10092,10738,11858,12300,12700,13158,13860,14231,14472,15651,16352,17936,18326,19398,20125,21376,22968,24208,25662,26970,29640,31356,33600,36795,37785,39440,43676,46184,50634,52205,57043,61823,65664,71137,80240,87544,94248,105470,123798,134244,159885,181026,201852,233020,276716,319424,373825,402476,426258,0,0,0,0,0,0,0,0,0,0,0,0,0,0,0,0,0,0,0,0,0,0,0,0,0,0,0,0,0,0,0,0,0,0,0,0,0,0,0,0,0,0,0,0,0,0,0,0,0,0,0,0,0,0,0,0,0,0,0,0,0,0,0,0,0,0,0,0,0,0,0,0,0,0,0,0,0,0,0,0,0,0,0,0,0,0,0,0,0,0,0,0,0,0,0,0,0,0,0,0,0,0,0,0,0,0
1710,3770,3828,5382,5600,5751,6020,6512,6840,6750,7007,7600,7760,8080,8300,8585,8484,8652,8904,8925,9345,10230,10925,11270,11040,12000,13081,13312,13780,14070,15012,15369,16464,17168,18326,19680,20336,21672,23364,25058,26688,27160,29896,31768,32802,34884,38142,42312,47580,51051,54144,58014,63954,68688,77064,84609,94250,104922,112860,126945,147678,169898,194480,229262,268134,297774,330989,356712,352898,343785,320812,140067,0,0,0,0,0,0,0,0,0,0,0,0,0,0,0,0,0,0,0,0,0,0,0,0,0,0,0,0,0,0,0,0,0,0,0,0,0,0,0,0,0,0,0,0,0,0,0,0,0,0,0,0,0,0,0,0,0,0,0,0,0,0,0,0,0,0,0,0,0,0,0,0,0,0,0,0,0,0,0,0,0,0,0,0,0,0,0,0,0,0,0,0,0,0,0,0,0,0,0,0,0,0,0,0,0,0
3456,3575,3696,3828,3886,3944,4002,4464,4650,4588,4650,4650,5963,6052,6480,6390,6643,7268,7315,8200,8549,8736,9540,9810,9152,8961,9612,10465,11210,12177,12423,12200,13674,15012,15369,16428,17365,17936,20000,21294,21930,23220,24522,26715,28457,30488,32680,34697,37206,41310,46800,50677,55575,61594,66865,72816,80504,92379,104780,116025,130566,149202,176464,208616,246654,310726,345828,365120,351540,342678,90128,0,0,0,0,0,0,0,0,0,0,0,0,0,0,0,0,0,0,0,0,0,0,0,0,0,0,0,0,0,0,0,0,0,0,0,0,0,0,0,0,0,0,0,0,0,0,0,0,0,0,0,0,0,0,0,0,0,0,0,0,0,0,0,0,0,0,0,0,0,0,0,0,0,0,0,0,0,0,0,0,0,0,0,0,0,0,0,0,0,0,0,0,0,0,0,0,0,0,0,0,0,0,0,0,0,0,0
4514,4680,4860,5440,5742,5916,6278,6497,6438,6600,6840,6992,7220,7840,8446,8364,8925,9309,9632,10235,11067,11970,12969,12969,13624,13965,15620,16240,17214,18802,19520,21125,22360,23760,26132,28992,32916,34286,37556,40356,44144,47244,52380,59245,61864,71008,78890,88084,102440,115328,138945,155330,196272,223132,265863,333576,369808,364952,0,0,0,0,0,0,0,0,0,0,0,0,0,0,0,0,0,0,0,0,0,0,0,0,0,0,0,0,0,0,0,0,0,0,0,0,0,0,0,0,0,0,0,0,0,0,0,0,0,0,0,0,0,0,0,0,0,0,0,0,0,0,0,0,0,0,0,0,0,0,0,0,0,0,0,0,0,0,0,0,0,0,0,0,0,0,0,0,0,0,0,0,0,0,0,0,0,0,0,0,0,0,0,0,0,0,0,0,0,0,0,0,0,0,0,0,0,0,0,0
4836,4992,5082,5600,5822,5904,6351,6480,6992,7254,7347,7584,8000,8051,8364,8000,8549,8925,8632,10208,10974,12152,12400,12772,13780,15429,15820,16905,17100,18997,20664,22400,24840,25432,27495,30192,32528,35482,37996,41334,46636,50964,57222,63140,70742,82600,93234,103275,121000,141120,167156,195510,232246,287180,318081,339350,312360,293090,0,0,0,0,0,0,0,0,0,0,0,0,0,0,0,0,0,0,0,0,0,0,0,0,0,0,0,0,0,0,0,0,0,0,0,0,0,0,0,0,0,0,0,0,0,0,0,0,0,0,0,0,0,0,0,0,0,0,0,0,0,0,0,0,0,0,0,0,0,0,0,0,0,0,0,0,0,0,0,0,0,0,0,0,0,0,0,0,0,0,0,0,0,0,0,0,0,0,0,0,0,0,0,0,0,0,0,0,0,0,0,0,0,0,0,0,0,0,0,0
1175,1323,1392,1410,1938,4410,4680,5056,4575,5214,5200,5780,6586,7007,6975,7125,7392,7392,8364,8528,8549,8988,9570,10413,10530,11439,12573,13266,14040,14796,15873,17135,18170,19440,21125,22620,24208,26128,29184,32589,34760,37950,43011,46116,50160,53900,60690,67053,74814,83780,97282,112711,128002,156122,184250,214434,264528,335250,382560,399111,375641,366112,0,0,0,0,0,0,0,0,0,0,0,0,0,0,0,0,0,0,0,0,0,0,0,0,0,0,0,0,0,0,0,0,0,0,0,0,0,0,0,0,0,0,0,0,0,0,0,0,0,0,0,0,0,0,0,0,0,0,0,0,0,0,0,0,0,0,0,0,0,0,0,0,0,0,0,0,0,0,0,0,0,0,0,0,0,0,0,0,0,0,0,0,0,0,0,0,0,0,0,0,0,0,0,0,0,0,0,0,0,0,0,0,0,0,0,0
3953,4278,4544,4736,4950,5082,5226,5265,5412,5712,6300,7347,7776,7968,7663,8036,8217,9374,9546,9483,10146,10800,11468,12276,13596,13668,14904,16016,17550,19276,19926,21376,23142,25437,28800,31400,33810,37632,39377,43318,49896,54873,58581,66357,73548,84845,94116,107590,123975,158183,189336,224774,273212,346380,394758,396464,0,0,0,0,0,0,0,0,0,0,0,0,0,0,0,0,0,0,0,0,0,0,0,0,0,0,0,0,0,0,0,0,0,0,0,0,0,0,0,0,0,0,0,0,0,0,0,0,0,0,0,0,0,0,0,0,0,0,0,0,0,0,0,0,0,0,0,0,0,0,0,0,0,0,0,0,0,0,0,0,0,0,0,0,0,0,0,0,0,0,0,0,0,0,0,0,0,0,0,0,0,0,0,0,0,0,0,0,0,0,0,0,0,0,0,0,0,0,0,0,0,0
3068,3640,3762,3819,4118,4234,5478,6290,6290,6536,6960,7176,7776,8000,8840,8670,8858,8715,9202,9790,10856,11400,11468,13433,14204,14766,15587,16688,18018,19557,20538,21672,25058,26966,28600,32130,34008,37191,40836,46458,52820,58108,64372,72488,84728,98106,109254,128240,160270,190970,230141,288147,329456,345142,324819,91524,0,0,0,0,0,0,0,0,0,0,0,0,0,0,0,0,0,0,0,0,0,0,0,0,0,0,0,0,0,0,0,0,0,0,0,0,0,0,0,0,0,0,0,0,0,0,0,0,0,0,0,0,0,0,0,0,0,0,0,0,0,0,0,0,0,0,0,0,0,0,0,0,0,0,0,0,0,0,0,0,0,0,0,0,0,0,0,0,0,0,0,0,0,0,0,0,0,0,0,0,0,0,0,0,0,0,0,0,0,0,0,0,0,0,0,0,0,0,0,0,0,0
4620,5229,5460,5576,5576,5644,5576,5796,6120,6278,6497,6660,7469,7296,7742,8343,9130,9718,10208,11468,11656,11737,13287,14873,15840,16611,18526,19602,20955,22663,24344,26884,30750,34069,36675,39144,44345,49256,55000,60192,68598,76715,87480,101660,118680,145485,174300,210862,269064,330015,367815,368372,0,0,0,0,0,0,0,0,0,0,0,0,0,0,0,0,0,0,0,0,0,0,0,0,0,0,0,0,0,0,0,0,0,0,0,0,0,0,0,0,0,0,0,0,0,0,0,0,0,0,0,0,0,0,0,0,0,0,0,0,0,0,0,0,0,0,0,0,0,0,0,0,0,0,0,0,0,0,0,0,0,0,0,0,0,0,0,0,0,0,0,0,0,0,0,0,0,0,0,0,0,0,0,0,0,0,0,0,0,0,0,0,0,0,0,0,0,0,0,0,0,0,0,0,0,0
3640,3888,4104,4234,4307,4118,4440,4836,4851,6290,6624,6900,7220,7546,8181,9010,8858,9831,9944,9804,11102,11780,12446,13837,14522,15478,16644,17901,19360,20584,22750,25208,27740,29850,33755,37327,40356,44500,49444,54880,61360,70080,80550,93366,110460,125935,155427,188823,224840,280704,356265,389050,366690,0,0,0,0,0,0,0,0,0,0,0,0,0,0,0,0,0,0,0,0,0,0,0,0,0,0,0,0,0,0,0,0,0,0,0,0,0,0,0,0,0,0,0,0,0,0,0,0,0,0,0,0,0,0,0,0,0,0,0,0,0,0,0,0,0,0,0,0,0,0,0,0,0,0,0,0,0,0,0,0,0,0,0,0,0,0,0,0,0,0,0,0,0,0,0,0,0,0,0,0,0,0,0,0,0,0,0,0,0,0,0,0,0,0,0,0,0,0,0,0,0,0,0,0,0
2976,3328,3392,3498,3575,3696,3933,4234,4307,4484,4819,5680,8585,10764,11400,11520,12669,13755,14040,16188,17880,18445,20538,21632,23450,25883,29294,32800,35310,39672,43676,48830,55825,62964,69799,82348,96889,111110,136620,169435,207774,266786,344736,418070,0,0,0,0,0,0,0,0,0,0,0,0,0,0,0,0,0,0,0,0,0,0,0,0,0,0,0,0,0,0,0,0,0,0,0,0,0,0,0,0,0,0,0,0,0,0,0,0,0,0,0,0,0,0,0,0,0,0,0,0,0,0,0,0,0,0,0,0,0,0,0,0,0,0,0,0,0,0,0,0,0,0,0,0,0,0,0,0,0,0,0,0,0,0,0,0,0,0,0,0,0,0,0,0,0,0,0,0,0,0,0,0,0,0,0,0,0,0,0,0,0,0,0,0,0,0,0,0,0,0,0,0,0,0
5214,5330,5808,5676,5695,5829,6440,6461,6912,7752,8034,8320,8774,8964,10353,11375,11750,12544,13200,14352,15120,17094,17920,19188,20880,23368,25284,28016,30879,34126,38130,41796,47402,55539,61740,74258,83536,96240,117000,138104,170585,203814,217350,228099,225676,194010,161076,129654,95950,29667,0,0,0,0,0,0,0,0,0,0,0,0,0,0,0,0,0,0,0,0,0,0,0,0,0,0,0,0,0,0,0,0,0,0,0,0,0,0,0,0,0,0,0,0,0,0,0,0,0,0,0,0,0,0,0,0,0,0,0,0,0,0,0,0,0,0,0,0,0,0,0,0,0,0,0,0,0,0,0,0,0,0,0,0,0,0,0,0,0,0,0,0,0,0,0,0,0,0,0,0,0,0,0,0,0,0,0,0,0,0,0,0,0,0,0,0,0,0,0,0,0,0,0,0,0,0,0,0
4278,4402,4774,5070,5159,5644,5712,5896,6440,7050,7238,7296,7488,8160,8748,8798,9768,10502,10738,11938,12513,13464,14280,16317,17248,18837,20541,22620,24660,27740,31768,36126,39245,44500,48392,56516,65912,75818,86519,107120,130572,163073,194711,246240,315061,0,0,0,0,0,0,0,0,0,0,0,0,0,0,0,0,0,0,0,0,0,0,0,0,0,0,0,0,0,0,0,0,0,0,0,0,0,0,0,0,0,0,0,0,0,0,0,0,0,0,0,0,0,0,0,0,0,0,0,0,0,0,0,0,0,0,0,0,0,0,0,0,0,0,0,0,0,0,0,0,0,0,0,0,0,0,0,0,0,0,0,0,0,0,0,0,0,0,0,0,0,0,0,0,0,0,0,0,0,0,0,0,0,0,0,0,0,0,0,0,0,0,0,0,0,0,0,0,0,0,0,0,0
5658,5848,6160,6808,7125,7275,7392,8036,8343,8528,8874,10080,10695,12028,13068,13158,14628,15768,17136,17898,20374,22144,24840,27695,31724,36572,41064,45250,50463,59160,67580,78547,92504,112711,139468,169372,215752,282079,375876,0,0,0,0,0,0,0,0,0,0,0,0,0,0,0,0,0,0,0,0,0,0,0,0,0,0,0,0,0,0,0,0,0,0,0,0,0,0,0,0,0,0,0,0,0,0,0,0,0,0,0,0,0,0,0,0,0,0,0,0,0,0,0,0,0,0,0,0,0,0,0,0,0,0,0,0,0,0,0,0,0,0,0,0,0,0,0,0,0,0,0,0,0,0,0,0,0,0,0,0,0,0,0,0,0,0,0,0,0,0,0,0,0,0,0,0,0,0,0,0,0,0,0,0,0,0,0,0,0,0,0,0,0,0,0,0,0,0,0
2058,3876,4914,5265,5610,6210,6370,7020,7380,7644,8528,9116,9180,9657,8755,10396,12375,13081,13886,15933,17063,17784,20375,22360,25482,27918,31008,35298,37760,43172,50920,59073,66882,79921,95976,115600,138992,175500,231133,313820,359985,353772,327546,97006,0,0,0,0,0,0,0,0,0,0,0,0,0,0,0,0,0,0,0,0,0,0,0,0,0,0,0,0,0,0,0,0,0,0,0,0,0,0,0,0,0,0,0,0,0,0,0,0,0,0,0,0,0,0,0,0,0,0,0,0,0,0,0,0,0,0,0,0,0,0,0,0,0,0,0,0,0,0,0,0,0,0,0,0,0,0,0,0,0,0,0,0,0,0,0,0,0,0,0,0,0,0,0,0,0,0,0,0,0,0,0,0,0,0,0,0,0,0,0,0,0,0,0,0,0,0,0,0,0,0,0,0,0,0
4526,4599,4662,4800,5508,5628,6438,7068,7161,7663,8424,8856,9504,11253,11067,12544,12928,14175,15120,17480,18408,20086,23056,25437,29747,33810,37884,42416,50042,56000,63855,74100,88426,105200,129888,164407,210160,282905,374262,365105,0,0,0,0,0,0,0,0,0,0,0,0,0,0,0,0,0,0,0,0,0,0,0,0,0,0,0,0,0,0,0,0,0,0,0,0,0,0,0,0,0,0,0,0,0,0,0,0,0,0,0,0,0,0,0,0,0,0,0,0,0,0,0,0,0,0,0,0,0,0,0,0,0,0,0,0,0,0,0,0,0,0,0,0,0,0,0,0,0,0,0,0,0,0,0,0,0,0,0,0,0,0,0,0,0,0,0,0,0,0,0,0,0,0,0,0,0,0,0,0,0,0,0,0,0,0,0,0,0,0,0,0,0,0,0,0,0,0
4392,4464,4788,7840,8320,9030,10556,11780,12700,14352,15301,17284,19118,21000,23674,27405,30492,36023,39780,47545,52845,61950,72546,84016,104937,131950,172575,220460,299754,384636,368816,0,0,0,0,0,0,0,0,0,0,0,0,0,0,0,0,0,0,0,0,0,0,0,0,0,0,0,0,0,0,0,0,0,0,0,0,0,0,0,0,0,0,0,0,0,0,0,0,0,0,0,0,0,0,0,0,0,0,0,0,0,0,0,0,0,0,0,0,0,0,0,0,0,0,0,0,0,0,0,0,0,0,0,0,0,0,0,0,0,0,0,0,0,0,0,0,0,0,0,0,0,0,0,0,0,0,0,0,0,0,0,0,0,0,0,0,0,0,0,0,0,0,0,0,0,0,0,0,0,0,0,0,0,0,0,0,0,0,0,0,0,0,0,0,0,0,0
1800,1887,2000,4234,4898,4992,5904,6052,6461,7125,8240,7956,8480,8160,8692,9918,11346,12771,13362,14980,15984,18526,20049,23168,25110,28280,32767,36424,42336,49500,54332,68799,82698,98704,124476,161392,207192,278775,306603,293139,242248,162322,72615,0,0,0,0,0,0,0,0,0,0,0,0,0,0,0,0,0,0,0,0,0,0,0,0,0,0,0,0,0,0,0,0,0,0,0,0,0,0,0,0,0,0,0,0,0,0,0,0,0,0,0,0,0,0,0,0,0,0,0,0,0,0,0,0,0,0,0,0,0,0,0,0,0,0,0,0,0,0,0,0,0,0,0,0,0,0,0,0,0,0,0,0,0,0,0,0,0,0,0,0,0,0,0,0,0,0,0,0,0,0,0,0,0,0,0,0,0,0,0,0,0,0,0,0,0,0,0,0,0,0,0,0,0,0,0
4216,4725,5005,5236,5695,6390,6716,7220,7938,7584,8652,9632,10829,12446,13534,14904,16950,18720,21000,23275,26455,31212,36838,41825,48640,55521,63986,77860,94125,116844,153500,201492,269873,366758,390885,0,0,0,0,0,0,0,0,0,0,0,0,0,0,0,0,0,0,0,0,0,0,0,0,0,0,0,0,0,0,0,0,0,0,0,0,0,0,0,0,0,0,0,0,0,0,0,0,0,0,0,0,0,0,0,0,0,0,0,0,0,0,0,0,0,0,0,0,0,0,0,0,0,0,0,0,0,0,0,0,0,0,0,0,0,0,0,0,0,0,0,0,0,0,0,0,0,0,0,0,0,0,0,0,0,0,0,0,0,0,0,0,0,0,0,0,0,0,0,0,0,0,0,0,0,0,0,0,0,0,0,0,0,0,0,0,0,0,0,0,0,0,0
4536,5135,5070,5829,6390,6975,7296,7644,8100,8586,8988,10208,12707,13936,16317,17854,20086,22360,25071,29353,34100,38512,45000,51680,60444,73040,87966,109560,141812,192100,249828,344190,355500,0,0,0,0,0,0,0,0,0,0,0,0,0,0,0,0,0,0,0,0,0,0,0,0,0,0,0,0,0,0,0,0,0,0,0,0,0,0,0,0,0,0,0,0,0,0,0,0,0,0,0,0,0,0,0,0,0,0,0,0,0,0,0,0,0,0,0,0,0,0,0,0,0,0,0,0,0,0,0,0,0,0,0,0,0,0,0,0,0,0,0,0,0,0,0,0,0,0,0,0,0,0,0,0,0,0,0,0,0,0,0,0,0,0,0,0,0,0,0,0,0,0,0,0,0,0,0,0,0,0,0,0,0,0,0,0,0,0,0,0,0,0,0,0,0
2268,2288,4130,3819,4260,3960,4608,5610,6120,6390,7030,7800,8480,8904,8586,9324,9632,11132,12474,14980,16280,17710,19803,22100,25460,27354,33201,37047,44461,52921,61500,71832,90992,110616,144600,196995,272240,342540,340289,323190,108288,0,0,0,0,0,0,0,0,0,0,0,0,0,0,0,0,0,0,0,0,0,0,0,0,0,0,0,0,0,0,0,0,0,0,0,0,0,0,0,0,0,0,0,0,0,0,0,0,0,0,0,0,0,0,0,0,0,0,0,0,0,0,0,0,0,0,0,0,0,0,0,0,0,0,0,0,0,0,0,0,0,0,0,0,0,0,0,0,0,0,0,0,0,0,0,0,0,0,0,0,0,0,0,0,0,0,0,0,0,0,0,0,0,0,0,0,0,0,0,0,0,0,0,0,0,0,0,0,0,0,0,0,0,0,0,0,0
4340,4636,5040,5610,6072,6319,6882,7007,7315,7722,8200,9095,10120,11160,13000,14946,16350,18486,20449,23232,26884,31200,36126,41586,47946,56400,68138,80850,103828,133480,177331,237490,330750,384030,358956,0,0,0,0,0,0,0,0,0,0,0,0,0,0,0,0,0,0,0,0,0,0,0,0,0,0,0,0,0,0,0,0,0,0,0,0,0,0,0,0,0,0,0,0,0,0,0,0,0,0,0,0,0,0,0,0,0,0,0,0,0,0,0,0,0,0,0,0,0,0,0,0,0,0,0,0,0,0,0,0,0,0,0,0,0,0,0,0,0,0,0,0,0,0,0,0,0,0,0,0,0,0,0,0,0,0,0,0,0,0,0,0,0,0,0,0,0,0,0,0,0,0,0,0,0,0,0,0,0,0,0,0,0,0,0,0,0,0,0,0,0,0,0
4284,5412,5963,6552,6808,7410,7800,7644,8343,9592,10324,12672,13231,15730,17205,19754,22059,24934,30450,35420,40290,46956,58058,70596,84966,108768,142968,195836,271219,369309,0,0,0,0,0,0,0,0,0,0,0,0,0,0,0,0,0,0,0,0,0,0,0,0,0,0,0,0,0,0,0,0,0,0,0,0,0,0,0,0,0,0,0,0,0,0,0,0,0,0,0,0,0,0,0,0,0,0,0,0,0,0,0,0,0,0,0,0,0,0,0,0,0,0,0,0,0,0,0,0,0,0,0,0,0,0,0,0,0,0,0,0,0,0,0,0,0,0,0,0,0,0,0,0,0,0,0,0,0,0,0,0,0,0,0,0,0,0,0,0,0,0,0,0,0,0,0,0,0,0,0,0,0,0,0,0,0,0,0,0,0,0,0,0,0,0,0,0
5265,5934,6300,6808,7448,7275,7854,8160,9396,10620,11684,12544,13668,16023,17696,19706,22446,26554,30784,36349,42525,50196,61479,75936,94869,120888,161476,226806,307164,385263,340942,327368,0,0,0,0,0,0,0,0,0,0,0,0,0,0,0,0,0,0,0,0,0,0,0,0,0,0,0,0,0,0,0,0,0,0,0,0,0,0,0,0,0,0,0,0,0,0,0,0,0,0,0,0,0,0,0,0,0,0,0,0,0,0,0,0,0,0,0,0,0,0,0,0,0,0,0,0,0,0,0,0,0,0,0,0,0,0,0,0,0,0,0,0,0,0,0,0,0,0,0,0,0,0,0,0,0,0,0,0,0,0,0,0,0,0,0,0,0,0,0,0,0,0,0,0,0,0,0,0,0,0,0,0,0,0,0,0,0,0,0,0,0,0,0,0,0,0
1620,1665,1584,1702,1710,1748,1786,1794,1786,1824,1920,1911,1911,1872,1960,1950,2058,2107,2058,2100,2150,2244,2332,2332,2376,2420,2420,2420,2464,2520,2565,2726,2622,2622,2726,2714,2832,2714,2700,2867,2806,2914,2867,2976,3024,3072,3185,3072,3185,3445,3445,3484,3551,3618,3726,3588,3795,3864,3976,3850,3850,3960,3976,4234,4500,4366,4560,4680,4800,4941,5022,5022,5084,5184,5248,5312,5544,5561,5644,5865,5950,6264,6424,6480,6808,7520,7600,7776,7954,7954,7857,8019,8262,8528,8453,8640,9072,9545,9912,10560,11011,11316,11590,12028,12544,12870,13596,13802,14317,14595,15225,15264,15408,15660,15984,16872,17632,18720,18445,19116,19824,21402,22784,22656,24639,26136,26852,27720,29638,31200,32436,34565,36480,39245,39342,41796,45612,48100,51761,53952,56539,59697,63860,67716,73926,78315,84609,90639,99450,109344,120549,134194,150660,166022,181235,199872,219696,249312,283731,315126,319060,314940,322788,334397,331772,331338,316979,321642,322400,312511,303008,280704,275380,241878,225234,0,0,0
1440,1440,1505,1476,1512,1591,1677,1596,1638,1720,1716,1716,1716,1760,1755,1755,1880,1620,1872,1862,1900,1824,1824,1739,1776,1813,1813,1862,1900,2000,2132,2184,2091,2236,2279,2376,2520,2530,2585,2484,2430,2475,2565,2565,2576,2679,2736,2784,2820,2773,2784,2928,3100,3100,3038,3111,3172,3111,3224,3339,3339,3445,3630,3685,3740,3752,3795,3808,3920,4118,4331,4392,4453,4380,4500,4680,4819,4680,4758,4898,5084,5292,5146,5376,5292,5525,5742,5829,6090,6230,6336,6570,6882,6900,7938,8019,8118,8300,8118,8262,8505,8798,8927,9512,10115,10200,11253,11750,12065,12319,12969,12969,13600,14523,14872,14626,15435,16132,16390,16800,17584,18080,18860,19539,20111,21296,23424,25728,25545,26928,28356,29172,29110,30595,32856,35112,36972,40504,43095,46905,48772,51223,53940,56776,61425,65325,71687,80002,87375,98106,104805,116477,128340,140826,160468,179820,194449,223924,247125,282000,299904,308136,308200,300024,302100,284273,276556,271092,266256,263302,203661,184800,154411,0,0,0,0,0
1344,1462,1462,1496,1452,1408,1530,1598,1551,1617,1568,1568,1617,1617,1551,1564,1598,1598,1645,1728,1764,1764,1800,1850,1715,1800,1764,1950,2050,1989,2052,2132,2184,2332,2376,2322,2279,2385,2430,2296,2255,2508,2565,2632,2622,2632,2565,2596,2726,3050,3100,3162,3213,3100,3162,3224,3224,3465,3276,3392,3328,3392,3432,3484,3432,3498,3366,3726,3604,3864,3960,4176,4176,4543,4543,4800,4898,5166,5270,5418,5590,5829,6370,6006,5940,6336,6734,7007,6930,6916,6643,7030,7081,7252,7400,7828,8284,8470,8658,8970,8927,9280,9628,10148,10384,10320,11316,11532,12032,12369,13152,13289,14214,14484,15330,15794,16830,17584,17538,17854,18745,19773,21000,22140,22816,23625,24384,25728,27531,28424,29400,32190,32928,35400,37884,39974,42828,48024,50091,52805,58092,62985,67396,72732,81991,91096,100368,109650,120912,133308,149723,166394,185538,208208,228501,246240,259080,279000,270441,263835,259743,255024,233266,224968,205800,184100,147168,0,0,0,0,0,0,0,0,0,0,0
1634,1560,1600,1560,1681,1681,1681,1764,1722,1764,1806,1764,1764,1763,1763,1763,1804,1804,1800,1840,1880,1920,2050,2000,1960,2000,2040,2193,2244,2438,2332,2332,2430,2585,2632,2688,2793,2842,2793,2842,2784,2793,2800,2891,3000,3111,3172,3111,3224,3162,3276,3213,3224,3276,3392,3456,3575,3762,3752,3876,3933,4130,4248,4440,4636,4712,4851,4774,4898,5056,5184,5330,5610,5785,5742,5896,6052,6461,6716,6935,7030,7275,7469,7800,8058,8080,9612,9116,9202,9213,9512,10320,10578,11214,11718,12838,12838,13700,14456,14626,15836,15943,16241,16610,17472,18515,19516,20400,21700,22375,23680,27810,26934,28495,30305,31886,32850,35037,38720,43000,45150,49959,52266,56810,60645,65000,73129,81812,87984,100440,115178,124850,144530,166742,187015,211060,245434,280450,301599,309657,295925,296326,290752,284047,275835,268324,246576,236964,192882,157872,0,0,0,0,0,0,0,0,0,0,0,0,0,0,0,0,0,0,0,0,0,0,0,0,0,0,0,0
1254,1200,1240,1271,1344,1344,1333,1333,1386,1376,1344,1386,1496,1462,1505,1353,1353,1435,1476,1512,1554,1512,1512,1512,1512,1591,1584,1584,1540,1584,1540,1540,1628,1702,1748,1748,1748,1786,1872,1911,2000,1950,2132,2226,2184,2173,2268,2310,2408,2408,2451,2552,2494,2451,2640,2537,2760,3200,3050,3000,2832,2832,3100,3250,3380,3276,3339,3575,3685,3933,3920,4104,4366,4366,4425,4380,4380,4575,4864,4864,5460,5610,5916,5561,6480,6497,6643,6975,7144,7125,7446,8505,8964,9265,10032,10350,10170,9804,10120,10680,10858,11592,11811,12480,13365,14214,14700,15435,15943,16308,17205,18515,20010,22627,22625,24948,25403,26656,27800,30044,32046,32913,38678,41998,44720,46900,50400,56400,62010,68598,78975,90266,99250,111408,124927,146320,168540,190280,221165,258048,293043,305670,306240,292023,287375,284016,267963,265630,242100,234171,176580,0,0,0,0,0,0,0,0,0,0,0,0,0,0,0,0,0,0,0,0,0,0,0,0,0,0,0
1178,1178,1254,1221,1254,1254,1287,1312,1271,1312,1312,1344,1376,1408,1419,1408,1344,1280,1280,1360,1596,1435,1476,1517,1596,1554,1591,1634,1672,1591,1672,1628,1628,1548,1584,1628,1665,1710,1716,1755,1755,1833,1833,1960,2050,2050,2244,2392,2173,2376,2279,2322,2365,2508,2552,2610,2508,2520,2520,2714,2989,3150,3276,3000,3009,3000,3087,3213,3339,3402,3456,3696,3876,3864,3990,4234,4500,4425,4514,4500,4712,4712,4736,4940,5214,5508,5576,6319,6675,6586,6808,6900,7081,7575,7875,8502,9020,9324,9690,9520,9976,10384,10648,10947,11466,11718,12480,13500,14420,14910,15688,16157,16895,17649,18860,20184,22017,22568,24570,25996,26928,28566,31320,34050,37842,40913,44973,46725,50318,56212,61740,66912,77220,89250,97510,111447,128520,149298,180177,201936,239360,281697,302280,309890,294219,289808,277632,264864,258332,238238,210312,167455,0,0,0,0,0,0,0,0,0,0,0,0,0,0,0,0,0,0,0,0,0,0,0,0,0,0
1008,1073,1110,1102,1248,1312,1230,1302,1344,1419,1344,1419,1452,1540,1540,1564,1591,1634,1428,1716,1470,1512,1470,1505,1428,1462,1496,1419,1419,1496,1496,1496,1610,1620,1656,1927,2091,2050,2142,2184,2226,2332,2332,2268,2255,2408,2436,2436,2436,2552,2494,2596,2880,2655,2976,3111,3000,2842,2806,3150,3264,3328,3339,3564,3696,3808,4002,4189,4366,4425,4440,4440,4774,4662,4599,4736,5280,5494,5508,6003,6570,6497,6840,6992,7144,7392,8025,8580,9072,9657,9879,10057,10829,10829,11562,11718,12255,12740,13300,14734,15587,16539,16350,17584,18486,19602,21576,22575,24948,26055,27440,28400,32035,35412,39032,43326,47614,51615,56356,61200,67275,75774,88595,99682,116960,132594,159943,184924,216720,263211,302736,314615,317376,314824,296730,292448,280539,245640,207900,0,0,0,0,0,0,0,0,0,0,0,0,0,0,0,0,0,0,0,0,0,0,0,0,0,0,0,0,0,0,0,0,0,0,0,0,0,0,0
2052,2035,2145,2145,2132,2014,2508,2565,2530,2695,2695,2736,3060,3172,3224,3224,3339,3630,3770,3819,3808,3933,3864,3976,4047,4104,4234,4620,4960,4960,5103,5084,5628,5780,6090,6745,6984,7178,7931,8268,8505,8632,8798,9095,9944,9918,10005,10920,11253,11780,12707,13566,14214,15015,15408,15729,16983,17871,20160,21750,23349,24656,25568,27548,30450,33824,37206,41750,46170,48144,53382,59328,65892,76712,88560,101745,114056,137352,165584,192213,232576,280423,302743,307294,307664,298125,289788,280098,271080,247842,199108,0,0,0,0,0,0,0,0,0,0,0,0,0,0,0,0,0,0,0,0,0,0,0,0,0,0,0,0,0,0,0,0,0,0,0,0,0,0,0,0,0,0,0,0,0,0,0,0,0,0,0,0,0,0,0,0,0,0,0,0,0,0,0,0,0,0,0,0,0,0,0,0,0,0,0,0,0,0,0,0,0,0,0,0,0,0,0
2160,2268,2310,2451,2451,2494,2451,2552,2726,2668,2700,2950,3009,3016,3016,3127,3294,3233,3648,3712,4012,4270,4392,4599,4560,4500,4514,4588,4650,5159,4884,5092,5589,5658,5865,6336,6688,7098,7520,8217,9030,9416,10192,10304,10998,10788,11328,11712,12125,12700,13029,14111,14352,15087,16352,17214,19360,19886,22400,24790,26460,28944,31559,33072,37746,43326,47965,52824,58016,63963,72921,83661,98552,116482,136585,162052,195167,239855,296487,322947,323960,322376,313568,304544,292760,276420,240204,200070,0,0,0,0,0,0,0,0,0,0,0,0,0,0,0,0,0,0,0,0,0,0,0,0,0,0,0,0,0,0,0,0,0,0,0,0,0,0,0,0,0,0,0,0,0,0,0,0,0,0,0,0,0,0,0,0,0,0,0,0,0,0,0,0,0,0,0,0,0,0,0,0,0,0,0,0,0,0,0,0,0,0,0,0,0,0,0,0,0,0
2080,2214,2444,2538,2491,2352,2464,2622,2773,2784,3000,3060,3213,3564,3551,3604,3726,3726,3551,3604,3795,3976,4118,4466,4408,4602,4800,5184,6164,6510,6696,7104,7752,7663,7448,7200,7800,8910,9184,9976,10620,11132,12288,12544,13837,14058,14994,16157,17316,18400,20328,21228,23184,24960,27608,30530,32558,37366,41340,46240,49875,56425,66933,75328,85880,99308,118190,137740,171130,205907,245807,271545,272097,259435,247020,235209,206733,170724,0,0,0,0,0,0,0,0,0,0,0,0,0,0,0,0,0,0,0,0,0,0,0,0,0,0,0,0,0,0,0,0,0,0,0,0,0,0,0,0,0,0,0,0,0,0,0,0,0,0,0,0,0,0,0,0,0,0,0,0,0,0,0,0,0,0,0,0,0,0,0,0,0,0,0,0,0,0,0,0,0,0,0,0,0,0,0,0,0,0,0,0,0,0,0,0,0,0,0,0
1558,1476,1548,1584,1540,1968,2050,2091,2475,2576,2408,2475,2420,2520,2565,2565,2622,2714,2820,2928,3038,2989,3100,3150,3315,3276,3575,3752,3976,4366,4366,4234,4234,4514,4819,4788,5330,5525,5984,6072,6816,7154,8320,8132,8532,8925,9504,10350,10647,10672,11468,11904,12642,13635,14076,15876,16050,17854,20111,22500,23296,25993,27860,30723,35256,40338,44548,48144,54999,60096,68848,83304,99102,114594,139356,168304,207060,258685,292320,308448,303666,282828,268422,260370,214120,172131,0,0,0,0,0,0,0,0,0,0,0,0,0,0,0,0,0,0,0,0,0,0,0,0,0,0,0,0,0,0,0,0,0,0,0,0,0,0,0,0,0,0,0,0,0,0,0,0,0,0,0,0,0,0,0,0,0,0,0,0,0,0,0,0,0,0,0,0,0,0,0,0,0,0,0,0,0,0,0,0,0,0,0,0,0,0,0,0,0,0,0,0
1344,2193,2332,2565,2726,2736,2700,2655,2806,2867,2940,3000,3162,3276,3276,3264,3417,3604,3920,5103,5120,5005,5280,5658,6120,6290,7440,7268,7520,8058,8720,9102,10146,10881,11210,11956,12544,12900,14111,14659,16206,17135,19520,20832,23140,25840,28908,32705,35860,39010,46080,52164,57428,66465,76715,93119,111366,139590,166720,205335,275932,322218,313110,330510,314580,296514,283514,244596,0,0,0,0,0,0,0,0,0,0,0,0,0,0,0,0,0,0,0,0,0,0,0,0,0,0,0,0,0,0,0,0,0,0,0,0,0,0,0,0,0,0,0,0,0,0,0,0,0,0,0,0,0,0,0,0,0,0,0,0,0,0,0,0,0,0,0,0,0,0,0,0,0,0,0,0,0,0,0,0,0,0,0,0,0,0,0,0,0,0,0,0,0,0,0,0,0,0,0,0,0,0,0,0,0,0,0,0,0,0
2914,3038,2989,3162,3224,3392,3510,3685,3886,3920,3920,4307,4836,4898,5395,5712,6177,6660,6930,7254,8300,8632,8910,9690,10465,11495,11970,12969,13433,14214,15194,16724,18212,19965,22272,24570,27777,30192,34918,38318,44275,49484,55944,65835,76950,94107,112095,139887,175712,216961,283008,314922,316665,303550,295408,276144,237728,176035,0,0,0,0,0,0,0,0,0,0,0,0,0,0,0,0,0,0,0,0,0,0,0,0,0,0,0,0,0,0,0,0,0,0,0,0,0,0,0,0,0,0,0,0,0,0,0,0,0,0,0,0,0,0,0,0,0,0,0,0,0,0,0,0,0,0,0,0,0,0,0,0,0,0,0,0,0,0,0,0,0,0,0,0,0,0,0,0,0,0,0,0,0,0,0,0,0,0,0,0,0,0,0,0,0,0,0,0,0,0,0,0,0,0,0,0,0,0,0,0
1739,2193,2288,3339,3213,3328,3575,3752,4020,4366,4680,5040,5376,5590,5940,6052,6532,7050,6864,7332,7840,9191,9540,10146,11374,12250,13068,13167,14140,14700,15914,17480,19920,21971,24605,27661,31200,34760,33005,45489,52547,57128,69651,79810,98298,120652,153415,193688,249096,309014,319158,328653,308758,288306,274548,215506,0,0,0,0,0,0,0,0,0,0,0,0,0,0,0,0,0,0,0,0,0,0,0,0,0,0,0,0,0,0,0,0,0,0,0,0,0,0,0,0,0,0,0,0,0,0,0,0,0,0,0,0,0,0,0,0,0,0,0,0,0,0,0,0,0,0,0,0,0,0,0,0,0,0,0,0,0,0,0,0,0,0,0,0,0,0,0,0,0,0,0,0,0,0,0,0,0,0,0,0,0,0,0,0,0,0,0,0,0,0,0,0,0,0,0,0,0,0,0,0,0,0
3685,3905,4292,4047,4189,4500,4712,5561,5808,6141,6279,6840,7500,8190,8720,9095,10620,10260,10465,11186,12319,13668,15194,16837,18212,19602,20750,23674,26634,30135,35040,39546,45108,52992,61812,72450,85555,109888,136504,173637,226200,299880,328422,342311,333062,316250,304560,260947,0,0,0,0,0,0,0,0,0,0,0,0,0,0,0,0,0,0,0,0,0,0,0,0,0,0,0,0,0,0,0,0,0,0,0,0,0,0,0,0,0,0,0,0,0,0,0,0,0,0,0,0,0,0,0,0,0,0,0,0,0,0,0,0,0,0,0,0,0,0,0,0,0,0,0,0,0,0,0,0,0,0,0,0,0,0,0,0,0,0,0,0,0,0,0,0,0,0,0,0,0,0,0,0,0,0,0,0,0,0,0,0,0,0,0,0,0,0,0,0,0,0,0,0,0,0,0,0,0,0
2040,2332,3484,3726,3795,3990,4189,4189,4320,4788,5070,5440,5720,5525,6097,6860,7373,7725,8181,8374,9350,10556,11067,10680,12768,13328,14111,15369,16317,17289,20500,23760,25756,29694,31920,37950,42828,50652,57428,68694,79576,101920,124926,156860,209559,280955,319802,313464,315099,308448,286224,240572,0,0,0,0,0,0,0,0,0,0,0,0,0,0,0,0,0,0,0,0,0,0,0,0,0,0,0,0,0,0,0,0,0,0,0,0,0,0,0,0,0,0,0,0,0,0,0,0,0,0,0,0,0,0,0,0,0,0,0,0,0,0,0,0,0,0,0,0,0,0,0,0,0,0,0,0,0,0,0,0,0,0,0,0,0,0,0,0,0,0,0,0,0,0,0,0,0,0,0,0,0,0,0,0,0,0,0,0,0,0,0,0,0,0,0,0,0,0,0,0,0,0,0,0,0,0
2907,3000,3233,3348,3392,3402,5332,5829,6552,7220,7878,8137,8881,9976,11011,11125,11316,12375,13332,14700,16936,18560,21042,22784,26549,29200,34560,39042,46440,52338,62524,74036,92625,118525,149076,192552,273360,307303,307116,303525,282030,262752,186208,0,0,0,0,0,0,0,0,0,0,0,0,0,0,0,0,0,0,0,0,0,0,0,0,0,0,0,0,0,0,0,0,0,0,0,0,0,0,0,0,0,0,0,0,0,0,0,0,0,0,0,0,0,0,0,0,0,0,0,0,0,0,0,0,0,0,0,0,0,0,0,0,0,0,0,0,0,0,0,0,0,0,0,0,0,0,0,0,0,0,0,0,0,0,0,0,0,0,0,0,0,0,0,0,0,0,0,0,0,0,0,0,0,0,0,0,0,0,0,0,0,0,0,0,0,0,0,0,0,0,0,0,0,0,0
3315,3315,3618,3795,4047,4960,5135,4980,4674,5481,5270,5720,6256,6141,6956,7623,7931,8586,9546,9860,12445,12540,13490,14200,15704,16848,20706,21417,23310,26532,29680,34075,40160,47816,55800,66660,81900,98640,123816,166288,208546,257985,260338,228988,210456,170030,0,0,0,0,0,0,0,0,0,0,0,0,0,0,0,0,0,0,0,0,0,0,0,0,0,0,0,0,0,0,0,0,0,0,0,0,0,0,0,0,0,0,0,0,0,0,0,0,0,0,0,0,0,0,0,0,0,0,0,0,0,0,0,0,0,0,0,0,0,0,0,0,0,0,0,0,0,0,0,0,0,0,0,0,0,0,0,0,0,0,0,0,0,0,0,0,0,0,0,0,0,0,0,0,0,0,0,0,0,0,0,0,0,0,0,0,0,0,0,0,0,0,0,0,0,0,0,0,0,0,0,0
3528,3584,3705,3944,4880,5518,5632,5984,7104,6862,7956,8798,9180,11160,11684,11532,12900,14352,15552,18526,21125,23296,26496,30723,34579,41664,49762,57624,72912,89625,118368,155245,217074,286528,304140,293120,264248,231084,158025,0,0,0,0,0,0,0,0,0,0,0,0,0,0,0,0,0,0,0,0,0,0,0,0,0,0,0,0,0,0,0,0,0,0,0,0,0,0,0,0,0,0,0,0,0,0,0,0,0,0,0,0,0,0,0,0,0,0,0,0,0,0,0,0,0,0,0,0,0,0,0,0,0,0,0,0,0,0,0,0,0,0,0,0,0,0,0,0,0,0,0,0,0,0,0,0,0,0,0,0,0,0,0,0,0,0,0,0,0,0,0,0,0,0,0,0,0,0,0,0,0,0,0,0,0,0,0,0,0,0,0,0,0,0,0,0,0,0,0
3315,3551,3710,4466,4560,4674,4480,5040,5696,6110,6510,7575,7650,9010,8216,10527,12052,12920,13774,14751,17876,18370,20532,24192,27135,27664,36260,43470,51208,60536,75538,90000,116280,157388,194238,213759,205232,174675,138244,0,0,0,0,0,0,0,0,0,0,0,0,0,0,0,0,0,0,0,0,0,0,0,0,0,0,0,0,0,0,0,0,0,0,0,0,0,0,0,0,0,0,0,0,0,0,0,0,0,0,0,0,0,0,0,0,0,0,0,0,0,0,0,0,0,0,0,0,0,0,0,0,0,0,0,0,0,0,0,0,0,0,0,0,0,0,0,0,0,0,0,0,0,0,0,0,0,0,0,0,0,0,0,0,0,0,0,0,0,0,0,0,0,0,0,0,0,0,0,0,0,0,0,0,0,0,0,0,0,0,0,0,0,0,0,0,0,0,0
2091,3366,3726,4292,4898,5395,5063,5124,5670,6120,7128,7500,8190,8586,8800,10736,10527,12445,13056,15288,17280,19422,22750,24448,27880,32544,37297,46368,58092,68952,86412,112776,152830,196904,237510,245376,212544,121277,0,0,0,0,0,0,0,0,0,0,0,0,0,0,0,0,0,0,0,0,0,0,0,0,0,0,0,0,0,0,0,0,0,0,0,0,0,0,0,0,0,0,0,0,0,0,0,0,0,0,0,0,0,0,0,0,0,0,0,0,0,0,0,0,0,0,0,0,0,0,0,0,0,0,0,0,0,0,0,0,0,0,0,0,0,0,0,0,0,0,0,0,0,0,0,0,0,0,0,0,0,0,0,0,0,0,0,0,0,0,0,0,0,0,0,0,0,0,0,0,0,0,0,0,0,0,0,0,0,0,0,0,0,0,0,0,0,0,0,0
2891,3072,3300,3657,3484,3685,4104,4500,4636,5063,5440,5848,5916,6097,7275,8325,10032,10030,10947,12090,13959,15496,16536,19824,20886,24354,27903,32604,41919,49364,60348,72316,94760,123873,170940,183222,192700,159137,131553,0,0,0,0,0,0,0,0,0,0,0,0,0,0,0,0,0,0,0,0,0,0,0,0,0,0,0,0,0,0,0,0,0,0,0,0,0,0,0,0,0,0,0,0,0,0,0,0,0,0,0,0,0,0,0,0,0,0,0,0,0,0,0,0,0,0,0,0,0,0,0,0,0,0,0,0,0,0,0,0,0,0,0,0,0,0,0,0,0,0,0,0,0,0,0,0,0,0,0,0,0,0,0,0,0,0,0,0,0,0,0,0,0,0,0,0,0,0,0,0,0,0,0,0,0,0,0,0,0,0,0,0,0,0,0,0,0,0,0
2184,2120,2392,2392,2484,2632,2640,2784,3185,3417,3484,3834,3808,4189,4366,5040,5394,5696,6319,6370,6532,7980,9184,10200,12730,12936,14626,16350,17808,19895,23814,27135,32996,40132,52272,62274,81030,105084,149480,198156,228800,225676,191470,148702,0,0,0,0,0,0,0,0,0,0,0,0,0,0,0,0,0,0,0,0,0,0,0,0,0,0,0,0,0,0,0,0,0,0,0,0,0,0,0,0,0,0,0,0,0,0,0,0,0,0,0,0,0,0,0,0,0,0,0,0,0,0,0,0,0,0,0,0,0,0,0,0,0,0,0,0,0,0,0,0,0,0,0,0,0,0,0,0,0,0,0,0,0,0,0,0,0,0,0,0,0,0,0,0,0,0,0,0,0,0,0,0,0,0,0,0,0,0,0,0,0,0,0,0,0,0,0,0,0,0,0,0,0,0
1312,1376,1376,1408,1584,1628,1702,1610,1656,1564,1692,1692,1610,1645,1645,1728,1960,2585,2640,2530,2688,2900,2726,2184,2109,2301,3869,4408,4290,4235,4466,4524,4524,4389,4424,4446,4582,4661,4800,5084,4838,5063,5976,6205,6264,6319,5952,6600,7227,7425,7372,7524,7448,7546,6720,7600,7725,7597,8249,8664,9000,10248,11011,10800,11280,11808,12771,13300,13566,13802,14111,14805,14832,15805,16912,16416,17920,18762,18908,18792,19720,20933,22446,23580,24472,25976,28028,27636,28764,30368,31752,33592,35796,37440,40344,42585,44807,46728,48420,50874,54626,58500,63036,67942,72600,78318,82955,89893,99000,107744,117885,130416,139356,158760,179024,197680,219833,251427,275637,315900,326196,318535,318160,307840,300479,293724,281580,276650,261112,250901,229620,213828,188124,161195,129024,92635,44149,0,0,0,0,0,0,0,0,0,0,0,0,0,0,0,0,0,0,0,0,0,0,0,0,0,0,0,0,0,0,0,0,0,0,0,0,0,0,0,0,0
1120,1218,1218,1276,1276,1426,1380,1350,1395,1440,1564,1610,1564,1692,1776,1728,1739,1764,2120,2120,2067,2014,2145,2352,2478,2537,2760,2700,3350,4209,4130,4260,4380,5772,6000,5680,6075,5751,6460,6468,6216,6460,6216,5376,6600,6776,6351,6390,6348,6230,6808,6900,7275,7425,8036,8667,9102,8964,8748,9072,9240,9348,11352,12276,12540,13200,13635,14111,14352,15087,15552,15876,16132,17825,18908,19754,20618,20618,21054,22568,25650,26441,28258,29748,30955,32616,33673,34496,37130,40172,42237,46728,49232,51870,54243,59598,65104,69015,75040,82602,88452,97405,107793,124237,139293,152701,173865,196560,219164,253561,288840,328064,334342,332621,324000,318011,314110,309942,290639,282450,266532,240543,217485,182520,146358,38406,0,0,0,0,0,0,0,0,0,0,0,0,0,0,0,0,0,0,0,0,0,0,0,0,0,0,0,0,0,0,0,0,0,0,0,0,0,0,0,0,0,0,0,0,0,0,0,0,0,0,0,0
1015,1064,1064,1064,1120,1160,1160,1230,1271,1344,1302,1344,1302,1333,1376,1344,1887,1887,1976,2014,1976,2145,2106,1908,1976,2052,3762,4080,3886,4473,4608,4800,4032,3796,4368,4725,4560,5070,5135,4560,6885,7885,8000,8200,8216,8505,9095,9546,9831,10005,10266,10527,11125,11500,11776,11656,12384,12513,12642,13905,15052,16390,17024,17710,18526,19965,20295,21156,22912,24120,25568,27213,28130,30300,32589,33880,35866,38394,41650,43423,48508,51975,55352,58800,64470,68373,75488,83622,91875,102312,114056,130917,149301,171366,185328,224368,262578,293190,311304,318659,321408,302445,304209,286962,288305,274990,264887,242328,208826,173184,139656,91945,25740,0,0,0,0,0,0,0,0,0,0,0,0,0,0,0,0,0,0,0,0,0,0,0,0,0,0,0,0,0,0,0,0,0,0,0,0,0,0,0,0,0,0,0,0,0,0,0,0,0,0,0,0,0,0,0,0,0,0,0,0,0,0,0,0,0
1131,1102,1053,1131,1189,1189,1148,1218,1176,1176,1218,1218,1408,1386,1419,1452,1452,1386,1428,1462,1452,1485,1610,1645,1728,1911,1836,1850,1887,1887,2014,2173,2322,2464,2632,2784,2940,3050,2400,2340,2360,2440,2562,4148,3944,4200,4248,4104,5304,5600,5451,6150,5904,5986,5832,6150,5986,5822,5166,6216,5865,5590,5963,6230,6230,6825,6512,6660,7238,8480,8400,8058,7979,8586,8162,8560,9266,10824,11700,12901,12125,12870,13566,13936,14144,14734,15552,15984,16950,18802,19305,19754,20708,21106,23114,25192,26688,28400,30192,31559,33660,34804,37206,40006,43077,46814,49594,53956,57024,64680,69106,73590,90992,92008,103480,118984,133022,153634,171828,204120,234352,268160,313236,338653,339132,331616,323229,314226,319030,296060,280328,266994,229500,193042,151548,97121,0,0,0,0,0,0,0,0,0,0,0,0,0,0,0,0,0,0,0,0,0,0,0,0,0,0,0,0,0,0,0,0,0,0,0,0,0,0,0,0,0,0
1344,1376,1408,1656,1610,1728,1692,1645,1692,1776,1813,1950,2040,1938,1989,2132,2632,2726,3000,2726,2301,2340,2301,2580,2772,2990,4270,3976,5850,5920,5920,6075,6075,5913,5680,5293,4800,4720,4779,5063,4980,5481,5440,5916,5963,6006,6144,7144,7425,7350,6745,7821,6816,6930,8008,7704,8288,8030,10332,11532,10591,10530,11685,13132,13130,13802,14111,14910,15225,16872,16632,17854,18954,18745,20010,21838,23140,24104,26441,27105,28140,30450,32400,34352,36660,39528,42585,45762,48420,51223,57130,61200,67200,74816,80272,87965,97712,111775,126218,138232,163966,188573,216306,255328,303212,312558,315536,315735,298760,295715,281562,269698,254904,230560,199820,168868,130290,80370,0,0,0,0,0,0,0,0,0,0,0,0,0,0,0,0,0,0,0,0,0,0,0,0,0,0,0,0,0,0,0,0,0,0,0,0,0,0,0,0,0,0,0,0,0,0,0,0,0,0,0,0,0,0,0,0,0,0,0,0
1148,1148,1189,1344,1428,1364,2035,2035,2090,1998,1855,1961,1836,2028,2120,2352,2352,2310,2296,2337,2520,2623,2728,2880,2976,3300,3100,3339,3528,3456,3417,3876,4012,4453,4725,5740,5780,5346,5896,5984,6230,6808,6532,7050,7392,6862,6417,7200,7008,7227,7373,7524,7696,8586,8505,9523,9744,10829,10591,11439,12160,12870,13300,13266,14248,15330,15943,16092,16912,17854,18960,19588,21402,23364,23760,25192,26201,29601,30932,34119,34650,36972,40590,43423,47160,52080,56260,60600,66780,73260,83308,88206,102942,117614,135240,158720,174825,214970,260163,289296,308310,305757,292698,282947,277500,262584,255712,226284,195286,161195,120934,58100,0,0,0,0,0,0,0,0,0,0,0,0,0,0,0,0,0,0,0,0,0,0,0,0,0,0,0,0,0,0,0,0,0,0,0,0,0,0,0,0,0,0,0,0,0,0,0,0,0,0,0,0,0,0,0,0,0,0,0,0,0,0,0,0,0,0
1044,1036,1008,1064,1053,1080,1040,1014,1107,1218,1176,1260,1290,1333,1333,1376,1408,1408,1408,1836,1850,1924,1887,1976,2014,2052,1998,2014,1961,1802,1925,2016,3264,4554,4480,4736,4331,4340,4473,4176,3626,4081,4307,4503,4864,4774,5070,5680,8178,7840,8181,8446,8925,8988,9350,9744,10829,11011,11036,12540,12480,13500,13736,14766,16060,17825,18683,19360,21000,21250,23541,24790,26040,29547,30098,33441,36288,37327,42140,44800,48230,53568,59475,64780,71383,77510,89052,101001,114532,135300,156648,190456,219164,265824,307812,329485,326205,330818,318125,305620,297920,287040,278875,238266,202917,147896,0,0,0,0,0,0,0,0,0,0,0,0,0,0,0,0,0,0,0,0,0,0,0,0,0,0,0,0,0,0,0,0,0,0,0,0,0,0,0,0,0,0,0,0,0,0,0,0,0,0,0,0,0,0,0,0,0,0,0,0,0,0,0,0,0,0,0,0,0,0,0,0
2337,2337,2494,2460,2340,2340,2542,2480,2379,2400,2400,2666,2709,3055,3102,3400,3672,3672,4189,4248,4161,4015,4514,4940,5767,5694,6000,6723,7395,6952,7360,7505,7505,8051,8428,8428,8976,9167,9568,9737,10137,10830,11186,11956,12200,12028,13158,14734,15052,16023,16830,17670,18369,19680,22575,22833,23973,26358,28314,30900,33228,34918,38376,42140,45250,47502,52060,58400,65932,72128,82110,92130,106134,122536,150072,172380,207200,252765,301032,346968,344812,339184,332483,317898,314820,296480,269724,237050,189312,123633,0,0,0,0,0,0,0,0,0,0,0,0,0,0,0,0,0,0,0,0,0,0,0,0,0,0,0,0,0,0,0,0,0,0,0,0,0,0,0,0,0,0,0,0,0,0,0,0,0,0,0,0,0,0,0,0,0,0,0,0,0,0,0,0,0,0,0,0,0,0,0,0,0,0,0,0,0,0,0,0,0,0,0,0,0,0,0,0
2132,2184,2288,2288,2340,2279,2236,2142,2184,2337,2520,2360,2242,2160,2394,2560,2665,2583,2706,2730,2752,2795,2990,3072,3200,3136,3087,2948,2982,3108,3420,3619,3920,3840,3840,3564,3696,3995,4320,5076,4929,5376,5922,6016,6693,6732,6831,7171,7665,8880,9153,9184,9944,10374,10738,11340,11830,12604,12960,13344,14300,14700,15553,16324,17388,17820,19203,20114,21275,22990,26035,27690,24318,34188,33580,39184,40035,43840,48504,52624,60420,63936,71604,82575,91142,101574,117561,133162,149283,159732,166162,168381,169722,158801,130500,112404,102393,85376,65688,34317,0,0,0,0,0,0,0,0,0,0,0,0,0,0,0,0,0,0,0,0,0,0,0,0,0,0,0,0,0,0,0,0,0,0,0,0,0,0,0,0,0,0,0,0,0,0,0,0,0,0,0,0,0,0,0,0,0,0,0,0,0,0,0,0,0,0,0,0,0,0,0,0,0,0,0,0,0,0
2337,2320,2145,2128,2072,2166,2480,2580,2714,2852,2898,2898,3200,3762,3864,4416,4757,5175,5025,5025,5472,5850,5850,5628,6942,7020,7426,7520,7680,7857,8514,8787,9256,10556,11466,11328,12400,13520,13699,14664,15400,16092,17063,18369,20787,21500,23711,24288,26304,29145,32186,34164,37746,40320,43120,47256,51986,57721,65508,75341,83520,95634,112066,134994,156969,193638,237600,290820,328262,334965,327751,325220,316590,291276,276782,247950,200301,144398,47250,0,0,0,0,0,0,0,0,0,0,0,0,0,0,0,0,0,0,0,0,0,0,0,0,0,0,0,0,0,0,0,0,0,0,0,0,0,0,0,0,0,0,0,0,0,0,0,0,0,0,0,0,0,0,0,0,0,0,0,0,0,0,0,0,0,0,0,0,0,0,0,0,0,0,0,0,0,0,0,0,0,0,0,0,0,0,0,0,0,0,0,0,0,0,0,0,0,0,0
920,936,2240,2296,2610,2891,2976,3150,2842,3009,3060,2880,3402,3479,3456,3404,4028,3800,3450,3525,3619,4187,4240,4680,4941,4698,4536,4930,5429,5915,6365,6831,7560,7844,8322,8064,9492,9102,10146,10384,11176,12445,13300,14700,14980,15330,16200,18012,18908,19890,20826,23302,24765,25929,29044,31320,36498,39360,43680,47250,54236,59520,64722,73352,82350,98332,112398,132344,157560,184240,213744,219852,236208,219232,205642,169312,152143,123597,95996,0,0,0,0,0,0,0,0,0,0,0,0,0,0,0,0,0,0,0,0,0,0,0,0,0,0,0,0,0,0,0,0,0,0,0,0,0,0,0,0,0,0,0,0,0,0,0,0,0,0,0,0,0,0,0,0,0,0,0,0,0,0,0,0,0,0,0,0,0,0,0,0,0,0,0,0,0,0,0,0,0,0,0,0,0,0,0,0,0,0,0,0,0,0,0,0,0,0,0
1890,1836,1820,1802,1632,1750,1750,1734,1872,1872,2052,2337,2280,3024,2961,3024,3100,3111,3402,3551,3776,3782,3968,4189,4745,5226,5312,5504,5829,5896,5785,6716,6370,6120,6956,6862,6460,7100,7828,8240,9416,9831,10353,11625,12446,12445,13761,14241,14976,15943,16761,17760,19604,21375,23220,24064,27948,30282,34875,35960,40344,46550,50318,57312,63539,74700,81666,99540,118048,145312,179560,224625,274680,295144,292940,274400,261542,237006,202516,159512,107500,0,0,0,0,0,0,0,0,0,0,0,0,0,0,0,0,0,0,0,0,0,0,0,0,0,0,0,0,0,0,0,0,0,0,0,0,0,0,0,0,0,0,0,0,0,0,0,0,0,0,0,0,0,0,0,0,0,0,0,0,0,0,0,0,0,0,0,0,0,0,0,0,0,0,0,0,0,0,0,0,0,0,0,0,0,0,0,0,0,0,0,0,0,0,0,0,0
1040,1040,1305,1363,1908,2067,1908,2106,2352,2280,2394,2565,2576,3074,3172,3135,3364,3540,3596,3162,3224,3500,3780,3504,3952,4134,4134,3950,4160,4320,4756,4731,5002,5504,5340,6006,6432,6862,7056,7828,8640,9379,9960,10912,10043,11532,12513,12544,13761,14664,15660,17442,18170,19706,22125,23790,24759,27200,29820,34050,37365,42336,46550,51800,58706,67410,76160,88875,102157,126945,157480,187372,241424,260525,281064,264069,231536,212121,188100,146910,96135,0,0,0,0,0,0,0,0,0,0,0,0,0,0,0,0,0,0,0,0,0,0,0,0,0,0,0,0,0,0,0,0,0,0,0,0,0,0,0,0,0,0,0,0,0,0,0,0,0,0,0,0,0,0,0,0,0,0,0,0,0,0,0,0,0,0,0,0,0,0,0,0,0,0,0,0,0,0,0,0,0,0,0,0,0,0,0,0,0,0,0,0,0,0,0,0,0
1080,1457,1617,1600,1568,1650,1632,1584,1536,1584,1550,1785,2014,2280,2200,2128,2128,2436,2596,2700,3172,3380,3360,3538,3477,3843,4320,4543,3920,4455,5100,5074,4872,5220,5568,5742,5984,6298,7056,7500,7979,8736,9020,10062,11375,11904,12350,12288,12901,14140,15729,16912,17760,19397,22125,24252,25283,27661,30174,35420,39283,45153,50220,56256,64056,74800,84680,104076,125378,158720,190179,249990,266640,275706,255753,237446,208539,173346,122759,49560,0,0,0,0,0,0,0,0,0,0,0,0,0,0,0,0,0,0,0,0,0,0,0,0,0,0,0,0,0,0,0,0,0,0,0,0,0,0,0,0,0,0,0,0,0,0,0,0,0,0,0,0,0,0,0,0,0,0,0,0,0,0,0,0,0,0,0,0,0,0,0,0,0,0,0,0,0,0,0,0,0,0,0,0,0,0,0,0,0,0,0,0,0,0,0,0,0,0
1700,1666,1683,1820,1700,1836,1872,2160,2200,2337,2378,2714,3111,3328,3185,3575,3640,3640,3835,4366,4620,4617,4648,5246,5332,5481,5481,5963,6480,6440,6392,7500,7546,8343,9396,9492,10472,11750,12838,12960,13800,14241,15582,17289,18256,20207,21875,23865,27608,29290,32412,36348,41334,47170,52824,60098,71286,83425,98643,116679,144570,191983,246312,281240,292092,271982,254829,227304,194056,142692,70500,0,0,0,0,0,0,0,0,0,0,0,0,0,0,0,0,0,0,0,0,0,0,0,0,0,0,0,0,0,0,0,0,0,0,0,0,0,0,0,0,0,0,0,0,0,0,0,0,0,0,0,0,0,0,0,0,0,0,0,0,0,0,0,0,0,0,0,0,0,0,0,0,0,0,0,0,0,0,0,0,0,0,0,0,0,0,0,0,0,0,0,0,0,0,0,0,0,0,0,0,0,0,0,0,0,0,0
1855,1734,1700,1666,2220,4761,4761,5475,5325,7050,6696,7392,7392,7878,8453,8800,10283,10602,11780,12610,13464,14420,16308,17024,18762,20664,21971,24366,28140,30240,35775,38478,45408,51986,59192,69552,81666,96384,124155,154840,203490,272480,336540,354304,341124,314192,282663,242820,164280,0,0,0,0,0,0,0,0,0,0,0,0,0,0,0,0,0,0,0,0,0,0,0,0,0,0,0,0,0,0,0,0,0,0,0,0,0,0,0,0,0,0,0,0,0,0,0,0,0,0,0,0,0,0,0,0,0,0,0,0,0,0,0,0,0,0,0,0,0,0,0,0,0,0,0,0,0,0,0,0,0,0,0,0,0,0,0,0,0,0,0,0,0,0,0,0,0,0,0,0,0,0,0,0,0,0,0,0,0,0,0,0,0,0,0,0,0,0,0,0,0,0,0,0,0,0,0,0,0
1147,1140,1230,1302,1976,2173,2014,2106,2090,2088,2666,3136,4002,5544,6622,7120,7268,7161,6789,7008,7296,8586,9130,9408,9968,11067,12348,12804,13837,14976,16720,17710,19516,21590,23296,26852,29110,33660,37446,44544,51700,58200,69015,82015,99568,129788,163620,219538,302910,353648,343903,332406,292128,260144,190068,83360,1352,0,0,0,0,0,0,0,0,0,0,0,0,0,0,0,0,0,0,0,0,0,0,0,0,0,0,0,0,0,0,0,0,0,0,0,0,0,0,0,0,0,0,0,0,0,0,0,0,0,0,0,0,0,0,0,0,0,0,0,0,0,0,0,0,0,0,0,0,0,0,0,0,0,0,0,0,0,0,0,0,0,0,0,0,0,0,0,0,0,0,0,0,0,0,0,0,0,0,0,0,0,0,0,0,0,0,0,0,0,0,0,0,0,0,0,0,0,0,0,0,0
918,945,1924,1855,1855,1890,2280,4278,5846,5100,5680,6319,7068,6440,6231,6674,7081,7956,8829,8964,10057,11040,12740,13200,13464,14420,16050,17940,19920,21279,24064,27674,30740,36344,41574,48048,55165,64370,76908,94570,117920,155744,203702,278388,330088,320411,294580,259518,218747,139320,0,0,0,0,0,0,0,0,0,0,0,0,0,0,0,0,0,0,0,0,0,0,0,0,0,0,0,0,0,0,0,0,0,0,0,0,0,0,0,0,0,0,0,0,0,0,0,0,0,0,0,0,0,0,0,0,0,0,0,0,0,0,0,0,0,0,0,0,0,0,0,0,0,0,0,0,0,0,0,0,0,0,0,0,0,0,0,0,0,0,0,0,0,0,0,0,0,0,0,0,0,0,0,0,0,0,0,0,0,0,0,0,0,0,0,0,0,0,0,0,0,0,0,0,0,0,0,0
2624,4420,7533,7614,8051,7469,8000,8881,10120,10324,11305,12375,13167,14700,16264,18080,19706,22446,24050,28314,32116,36547,42336,48576,58115,70192,82364,103600,140128,185298,250625,324927,358428,347952,317471,284195,216972,0,0,0,0,0,0,0,0,0,0,0,0,0,0,0,0,0,0,0,0,0,0,0,0,0,0,0,0,0,0,0,0,0,0,0,0,0,0,0,0,0,0,0,0,0,0,0,0,0,0,0,0,0,0,0,0,0,0,0,0,0,0,0,0,0,0,0,0,0,0,0,0,0,0,0,0,0,0,0,0,0,0,0,0,0,0,0,0,0,0,0,0,0,0,0,0,0,0,0,0,0,0,0,0,0,0,0,0,0,0,0,0,0,0,0,0,0,0,0,0,0,0,0,0,0,0,0,0,0,0,0,0,0,0,0,0,0,0,0,0,0
2280,2356,2688,2624,6225,7047,7544,7347,8118,8600,8667,9374,9374,12065,13837,15515,16720,18012,19588,23628,25192,30096,35234,40172,46102,52992,62321,77407,98304,126948,166116,228158,333336,360552,351979,318325,278712,204795,0,0,0,0,0,0,0,0,0,0,0,0,0,0,0,0,0,0,0,0,0,0,0,0,0,0,0,0,0,0,0,0,0,0,0,0,0,0,0,0,0,0,0,0,0,0,0,0,0,0,0,0,0,0,0,0,0,0,0,0,0,0,0,0,0,0,0,0,0,0,0,0,0,0,0,0,0,0,0,0,0,0,0,0,0,0,0,0,0,0,0,0,0,0,0,0,0,0,0,0,0,0,0,0,0,0,0,0,0,0,0,0,0,0,0,0,0,0,0,0,0,0,0,0,0,0,0,0,0,0,0,0,0,0,0,0,0,0,0,0
1976,2560,2560,6873,7998,8712,8400,9612,9831,10502,10560,11592,13600,15587,16800,18560,19844,22428,27216,31160,35796,42212,48760,57721,69657,86751,113424,152290,215644,302626,378675,376893,355344,332350,263447,0,0,0,0,0,0,0,0,0,0,0,0,0,0,0,0,0,0,0,0,0,0,0,0,0,0,0,0,0,0,0,0,0,0,0,0,0,0,0,0,0,0,0,0,0,0,0,0,0,0,0,0,0,0,0,0,0,0,0,0,0,0,0,0,0,0,0,0,0,0,0,0,0,0,0,0,0,0,0,0,0,0,0,0,0,0,0,0,0,0,0,0,0,0,0,0,0,0,0,0,0,0,0,0,0,0,0,0,0,0,0,0,0,0,0,0,0,0,0,0,0,0,0,0,0,0,0,0,0,0,0,0,0,0,0,0,0,0,0,0,0,0,0
2124,2242,2520,2520,2730,6384,7224,7480,7998,7790,8484,9180,8820,9605,9918,9890,10912,13433,14872,17024,18126,19560,23807,26068,31290,36869,42408,49496,57128,69660,87235,112252,152568,208362,302658,362544,347440,331162,289896,211120,0,0,0,0,0,0,0,0,0,0,0,0,0,0,0,0,0,0,0,0,0,0,0,0,0,0,0,0,0,0,0,0,0,0,0,0,0,0,0,0,0,0,0,0,0,0,0,0,0,0,0,0,0,0,0,0,0,0,0,0,0,0,0,0,0,0,0,0,0,0,0,0,0,0,0,0,0,0,0,0,0,0,0,0,0,0,0,0,0,0,0,0,0,0,0,0,0,0,0,0,0,0,0,0,0,0,0,0,0,0,0,0,0,0,0,0,0,0,0,0,0,0,0,0,0,0,0,0,0,0,0,0,0,0,0,0,0,0
1064,1131,1209,1092,1148,2706,3692,5655,5874,5760,5400,6402,7070,8424,8030,8855,11392,11266,12784,14443,16983,18515,19824,23562,26578,29746,36972,40986,47229,54595,67737,83536,108537,143080,201260,262470,291096,270480,215260,180285,101808,0,0,0,0,0,0,0,0,0,0,0,0,0,0,0,0,0,0,0,0,0,0,0,0,0,0,0,0,0,0,0,0,0,0,0,0,0,0,0,0,0,0,0,0,0,0,0,0,0,0,0,0,0,0,0,0,0,0,0,0,0,0,0,0,0,0,0,0,0,0,0,0,0,0,0,0,0,0,0,0,0,0,0,0,0,0,0,0,0,0,0,0,0,0,0,0,0,0,0,0,0,0,0,0,0,0,0,0,0,0,0,0,0,0,0,0,0,0,0,0,0,0,0,0,0,0,0,0,0,0,0,0,0,0,0,0,0
1320,1620,2068,2115,2100,2288,2385,2150,2226,2394,4012,3430,4956,4698,5346,6020,6510,6887,7227,8162,9072,9960,11000,13662,14400,16956,19205,22125,24628,28014,33966,39524,46110,55315,69200,80444,107844,140553,189044,223652,248040,207016,165798,117588,31600,0,0,0,0,0,0,0,0,0,0,0,0,0,0,0,0,0,0,0,0,0,0,0,0,0,0,0,0,0,0,0,0,0,0,0,0,0,0,0,0,0,0,0,0,0,0,0,0,0,0,0,0,0,0,0,0,0,0,0,0,0,0,0,0,0,0,0,0,0,0,0,0,0,0,0,0,0,0,0,0,0,0,0,0,0,0,0,0,0,0,0,0,0,0,0,0,0,0,0,0,0,0,0,0,0,0,0,0,0,0,0,0,0,0,0,0,0,0,0,0,0,0,0,0,0,0,0,0,0,0,0,0,0
1148,1271,1290,1440,1575,1575,1702,1656,2193,2430,2376,2226,2520,3200,3200,5329,5460,5460,5696,5859,6256,6840,7931,8480,8938,9266,10234,12384,13900,15876,17113,19488,22320,26325,29751,34808,42000,48780,59364,77381,96624,136300,181235,241864,277905,244290,208675,154616,64771,0,0,0,0,0,0,0,0,0,0,0,0,0,0,0,0,0,0,0,0,0,0,0,0,0,0,0,0,0,0,0,0,0,0,0,0,0,0,0,0,0,0,0,0,0,0,0,0,0,0,0,0,0,0,0,0,0,0,0,0,0,0,0,0,0,0,0,0,0,0,0,0,0,0,0,0,0,0,0,0,0,0,0,0,0,0,0,0,0,0,0,0,0,0,0,0,0,0,0,0,0,0,0,0,0,0,0,0,0,0,0,0,0,0,0,0,0,0,0,0,0,0,0,0,0,0,0,0,0
1935,1800,1800,1920,2107,2156,2009,2028,2255,3770,4088,4838,4977,5695,6090,6840,7200,7931,8800,9492,10115,12573,13800,14500,16536,19488,22320,24890,30222,34428,41500,51330,61936,78897,107264,142884,198803,225120,237783,187480,146137,81174,1300,1404,1352,1400,1550,1595,1595,0,0,0,0,0,0,0,0,0,0,0,0,0,0,0,0,0,0,0,0,0,0,0,0,0,0,0,0,0,0,0,0,0,0,0,0,0,0,0,0,0,0,0,0,0,0,0,0,0,0,0,0,0,0,0,0,0,0,0,0,0,0,0,0,0,0,0,0,0,0,0,0,0,0,0,0,0,0,0,0,0,0,0,0,0,0,0,0,0,0,0,0,0,0,0,0,0,0,0,0,0,0,0,0,0,0,0,0,0,0,0,0,0,0,0,0,0,0,0,0,0,0,0,0,0,0,0,0,0
1394,1505,1419,1710,1665,1710,1800,1800,1716,1804,1848,1833,1824,1776,2009,2142,2279,2279,2464,2679,2736,2622,2622,2622,2850,2842,2950,2950,3111,3339,3528,3596,3591,3648,3584,3465,3762,3819,3828,4012,3828,3894,4080,4012,4200,4416,4480,4480,4608,5070,5056,5226,5265,5412,5412,5561,5561,5727,5880,6020,6160,6106,6192,5934,6205,6364,6020,6525,6776,7189,7452,7426,7505,8019,8181,8446,8610,8798,9546,9944,10260,10413,10170,10672,10974,11468,12474,12544,13520,13780,14606,15207,15846,16074,16905,17020,18240,18696,19188,20212,20790,21543,22545,23664,24386,25437,27213,28656,29290,31376,33136,35457,38212,40080,41820,44115,46200,51219,55272,58491,61800,64790,70308,76388,79223,90649,101910,108915,119900,132768,148588,162469,181028,203808,229395,266085,314046,339296,360855,375417,391152,367880,380900,372708,363006,351540,324062,296367,251020,216474,0,0,0,0,0,0,0,0,0,0,0,0,0,0,0,0,0,0,0,0,0,0,0,0,0,0,0,0
2142,2156,2142,2142,2100,2193,2236,2288,2236,2322,2310,2408,2520,2565,2610,2714,2668,2820,2820,2891,2989,2940,2880,3060,3286,3510,3510,3575,3685,3808,3933,4060,4118,4189,4189,4189,4071,4200,4200,4599,4672,4662,4884,5082,5082,5159,5082,5200,5427,5494,5644,5780,5934,6020,6177,6264,6264,6205,6048,6675,7084,7488,7392,7700,7600,7752,8240,8400,8964,9374,9790,10057,10396,10716,11305,11737,11875,12028,12900,13362,14070,13992,14595,15120,15540,16464,16644,16644,17582,18573,20034,20574,20625,22230,23580,24522,25806,27264,29253,31408,32984,33966,36110,38318,41382,45232,46374,49504,51799,56736,61295,64777,69336,73365,81493,88669,98784,107041,118525,129788,144179,165830,177125,198315,231260,261486,304590,316707,342364,358179,354645,337635,343710,332865,324714,319506,291718,267030,241290,212725,0,0,0,0,0,0,0,0,0,0,0,0,0,0,0,0,0,0,0,0,0,0,0,0,0,0,0,0,0,0,0,0,0,0,0,0,0,0
4047,4104,5016,6497,6660,6808,7125,7030,7220,7372,7644,8100,8200,8670,9078,9328,9944,10283,10416,10788,10948,11280,12054,12852,13650,13860,14040,14874,15481,16675,16965,18300,18088,18762,18997,19398,20212,21376,22440,23800,24816,27260,28564,30954,32074,34020,35997,39444,43254,44590,49728,52455,57120,63986,69264,73370,80106,84424,95460,106743,111672,129786,149420,165640,190156,220336,253890,310218,358292,398320,425434,427780,423491,408600,415925,0,0,0,0,0,0,0,0,0,0,0,0,0,0,0,0,0,0,0,0,0,0,0,0,0,0,0,0,0,0,0,0,0,0,0,0,0,0,0,0,0,0,0,0,0,0,0,0,0,0,0,0,0,0,0,0,0,0,0,0,0,0,0,0,0,0,0,0,0,0,0,0,0,0,0,0,0,0,0,0,0,0,0,0,0,0,0,0,0,0,0,0,0,0,0,0,0,0,0,0,0,0,0
1924,2132,2236,3050,3819,3886,3886,4140,4340,4402,4331,4270,4260,4270,4331,4380,4320,4453,4950,6975,7392,7524,7448,8080,8585,8364,8736,8988,8652,9030,9879,9918,10120,10350,10413,11132,11875,12000,12672,13433,13728,14231,14960,15481,16159,17020,17433,18326,18997,19803,20708,22925,22925,24344,25208,27122,28743,31080,33418,34788,37098,39674,42408,45489,48146,52076,56342,59590,63140,69984,76368,83895,94500,104377,114240,129504,150288,165508,186111,213668,243566,288838,336528,361376,369456,387504,378936,373896,365364,352827,345348,317295,300817,258685,217470,0,0,0,0,0,0,0,0,0,0,0,0,0,0,0,0,0,0,0,0,0,0,0,0,0,0,0,0,0,0,0,0,0,0,0,0,0,0,0,0,0,0,0,0,0,0,0,0,0,0,0,0,0,0,0,0,0,0,0,0,0,0,0,0,0,0,0,0,0,0,0,0,0,0,0,0,0,0,0,0,0,0,0
2400,2401,2401,2303,2401,2401,2400,2448,2597,2597,4514,4636,4851,4851,5056,4992,5576,5880,6020,6090,6160,6424,6525,6699,6853,6853,6853,7189,7857,8282,8466,9048,9328,9701,10260,10647,11224,11495,12319,12771,13266,12998,13068,13802,14700,15336,16724,17864,19481,21450,21120,21376,22876,23528,24220,25955,27972,30600,32656,35098,38363,40716,43855,46848,49742,56434,63474,69264,75632,82002,91224,101840,114258,127600,144615,173304,194856,227328,268998,327771,397152,430965,438999,443185,417195,0,0,0,0,0,0,0,0,0,0,0,0,0,0,0,0,0,0,0,0,0,0,0,0,0,0,0,0,0,0,0,0,0,0,0,0,0,0,0,0,0,0,0,0,0,0,0,0,0,0,0,0,0,0,0,0,0,0,0,0,0,0,0,0,0,0,0,0,0,0,0,0,0,0,0,0,0,0,0,0,0,0,0,0,0,0,0,0,0,0,0,0,0
4851,4914,5070,5135,5280,5544,5695,5762,5848,6020,6205,6460,6612,6688,6764,7161,7742,7938,8300,8925,9222,9720,9990,10396,11067,11305,12276,12573,13300,13500,13566,13936,14904,16128,17020,18445,19276,21190,21746,22704,23838,24534,26166,28336,29760,32436,35310,39324,41760,45942,51145,53781,59280,66000,73395,79348,88893,98952,112681,127872,141213,167668,199824,231084,277350,361284,422061,430489,432042,447958,0,0,0,0,0,0,0,0,0,0,0,0,0,0,0,0,0,0,0,0,0,0,0,0,0,0,0,0,0,0,0,0,0,0,0,0,0,0,0,0,0,0,0,0,0,0,0,0,0,0,0,0,0,0,0,0,0,0,0,0,0,0,0,0,0,0,0,0,0,0,0,0,0,0,0,0,0,0,0,0,0,0,0,0,0,0,0,0,0,0,0,0,0,0,0,0,0,0,0,0,0,0,0,0,0,0,0,0
2244,4060,4260,4118,5082,6750,6900,7125,7200,7200,7469,7722,8364,8944,9416,9990,10283,10672,11400,12375,12672,13081,13965,14522,15904,16724,16950,17670,18960,19557,20625,22950,23760,25993,27695,29204,31980,33708,38532,41300,44856,53075,55440,64414,69486,76328,85073,95625,109296,126720,144432,168480,201426,244839,301455,367563,397828,393965,409552,381824,365390,0,0,0,0,0,0,0,0,0,0,0,0,0,0,0,0,0,0,0,0,0,0,0,0,0,0,0,0,0,0,0,0,0,0,0,0,0,0,0,0,0,0,0,0,0,0,0,0,0,0,0,0,0,0,0,0,0,0,0,0,0,0,0,0,0,0,0,0,0,0,0,0,0,0,0,0,0,0,0,0,0,0,0,0,0,0,0,0,0,0,0,0,0,0,0,0,0,0,0,0,0,0,0,0,0,0,0,0,0,0,0,0,0,0,0,0,0
1716,1677,1755,1786,1872,2050,2142,2132,2120,2080,2132,2736,3021,3127,3240,3233,3068,3648,3712,3654,3835,4355,4420,4485,4554,4752,4810,4800,5016,5037,5016,5148,5148,5440,5589,6278,6586,6992,7068,7488,7722,8080,8424,8798,9350,9135,10235,10440,11040,11562,12446,12900,13699,14873,15260,15680,16992,18120,18683,18997,20286,21877,23364,24660,26082,28200,30843,33572,36612,39105,44100,47545,52768,56715,61800,71068,75151,88314,100880,112880,131495,153057,174964,212065,258700,322916,360150,374003,377850,373833,375760,359999,345499,288960,216075,156065,0,0,0,0,0,0,0,0,0,0,0,0,0,0,0,0,0,0,0,0,0,0,0,0,0,0,0,0,0,0,0,0,0,0,0,0,0,0,0,0,0,0,0,0,0,0,0,0,0,0,0,0,0,0,0,0,0,0,0,0,0,0,0,0,0,0,0,0,0,0,0,0,0,0,0,0,0,0,0,0,0,0
4380,4453,4588,4788,5494,5589,5822,6059,6278,6364,7161,7410,7566,8058,7878,8748,9180,9416,9879,10440,10998,11562,12348,12446,13699,14144,15400,16790,17748,18876,19926,20608,21840,22984,25200,27260,29651,33180,34132,38475,42592,47360,52032,57772,67540,72186,82038,91632,106920,121800,145790,173304,206924,249546,312400,374452,409530,412284,386100,378224,373002,0,0,0,0,0,0,0,0,0,0,0,0,0,0,0,0,0,0,0,0,0,0,0,0,0,0,0,0,0,0,0,0,0,0,0,0,0,0,0,0,0,0,0,0,0,0,0,0,0,0,0,0,0,0,0,0,0,0,0,0,0,0,0,0,0,0,0,0,0,0,0,0,0,0,0,0,0,0,0,0,0,0,0,0,0,0,0,0,0,0,0,0,0,0,0,0,0,0,0,0,0,0,0,0,0,0,0,0,0,0,0,0,0,0,0,0,0
1512,2009,1776,1900,1998,2632,2950,2958,2891,3410,3472,3705,4284,4047,4347,4216,4307,4216,4416,4608,4736,4526,4864,5070,5293,5576,5796,5561,5712,6264,6351,6532,7050,7920,7857,8466,9010,9856,10260,10672,11346,12544,13000,14175,14490,15151,16464,17901,18445,19032,20460,22188,23628,25245,27440,31408,33354,34958,39366,43688,48780,54435,60894,64998,73466,88929,98670,116370,132418,161396,185013,229149,288120,322697,350112,362652,350784,323697,307436,278712,230736,183376,105704,0,0,0,0,0,0,0,0,0,0,0,0,0,0,0,0,0,0,0,0,0,0,0,0,0,0,0,0,0,0,0,0,0,0,0,0,0,0,0,0,0,0,0,0,0,0,0,0,0,0,0,0,0,0,0,0,0,0,0,0,0,0,0,0,0,0,0,0,0,0,0,0,0,0,0,0,0,0,0,0,0,0,0,0,0,0,0,0,0,0,0,0,0,0,0
1924,1900,2058,2016,2160,2205,2295,2385,3009,3016,3224,3276,3328,3456,3894,3953,4209,4278,4402,4352,4402,6120,6675,6942,7440,7760,8820,9064,9936,10212,10340,10556,10998,12400,12625,13624,14960,15481,16898,17082,18271,19557,21209,22925,24435,27027,28908,32012,35325,38115,43925,48392,53487,60588,67095,75803,89425,106128,121365,145518,175728,216820,280125,368600,390904,424588,406042,405126,388290,348318,304341,0,0,0,0,0,0,0,0,0,0,0,0,0,0,0,0,0,0,0,0,0,0,0,0,0,0,0,0,0,0,0,0,0,0,0,0,0,0,0,0,0,0,0,0,0,0,0,0,0,0,0,0,0,0,0,0,0,0,0,0,0,0,0,0,0,0,0,0,0,0,0,0,0,0,0,0,0,0,0,0,0,0,0,0,0,0,0,0,0,0,0,0,0,0,0,0,0,0,0,0,0,0,0,0,0,0,0
1748,1665,1845,1760,1833,1950,2000,2310,2310,2451,2464,2420,2496,3420,3654,3465,3392,3591,3840,4488,5016,4950,5236,5530,5680,5767,6000,5920,6232,6794,6800,7110,7268,7840,8036,8755,9309,9568,9990,10830,11808,12648,13125,14061,15568,17110,17760,18271,20375,21516,22344,25020,27170,30192,33170,37909,43152,46540,52496,58956,64999,71500,86400,105463,124392,153683,181412,233553,311850,375998,397100,423104,411412,378224,356864,328300,249280,0,0,0,0,0,0,0,0,0,0,0,0,0,0,0,0,0,0,0,0,0,0,0,0,0,0,0,0,0,0,0,0,0,0,0,0,0,0,0,0,0,0,0,0,0,0,0,0,0,0,0,0,0,0,0,0,0,0,0,0,0,0,0,0,0,0,0,0,0,0,0,0,0,0,0,0,0,0,0,0,0,0,0,0,0,0,0,0,0,0,0,0,0,0,0,0,0,0,0,0,0
2214,2214,2475,2451,2464,2640,2856,2805,2856,3024,2968,2856,3240,3286,3528,4248,4392,4662,4884,5025,4950,5159,5148,5214,5440,5670,6438,6364,6264,6935,7372,7854,8137,8988,9309,9790,9879,11115,11808,12416,13390,14416,15660,16940,18326,20172,20664,23316,24660,26132,29748,31350,34992,41300,45000,53820,58984,68952,79430,91016,108945,130917,158000,199656,258552,339296,388815,377554,0,0,0,0,0,0,0,0,0,0,0,0,0,0,0,0,0,0,0,0,0,0,0,0,0,0,0,0,0,0,0,0,0,0,0,0,0,0,0,0,0,0,0,0,0,0,0,0,0,0,0,0,0,0,0,0,0,0,0,0,0,0,0,0,0,0,0,0,0,0,0,0,0,0,0,0,0,0,0,0,0,0,0,0,0,0,0,0,0,0,0,0,0,0,0,0,0,0,0,0,0,0,0,0,0,0,0,0,0,0
2090,2184,2385,2444,2695,2800,2744,2688,2968,3233,3355,3339,3465,3762,4290,4488,7040,7189,7802,8415,8624,8840,10137,10212,10488,11160,11737,12544,13596,14472,15707,16874,18326,18802,20584,22272,24752,26740,30015,33069,36708,41002,46806,53289,59792,67098,77280,95128,111339,135315,162240,198666,263812,340380,373478,391020,381483,372600,325306,292813,225664,0,0,0,0,0,0,0,0,0,0,0,0,0,0,0,0,0,0,0,0,0,0,0,0,0,0,0,0,0,0,0,0,0,0,0,0,0,0,0,0,0,0,0,0,0,0,0,0,0,0,0,0,0,0,0,0,0,0,0,0,0,0,0,0,0,0,0,0,0,0,0,0,0,0,0,0,0,0,0,0,0,0,0,0,0,0,0,0,0,0,0,0,0,0,0,0,0,0,0,0,0,0,0,0,0,0,0,0,0,0,0,0,0,0,0,0,0
6603,6900,7488,7452,7392,8058,8774,9408,10416,10788,11115,12700,14175,14522,15660,17667,19908,20769,22401,24752,27740,29700,35970,38363,47817,52380,60900,71550,83040,98044,124270,146630,193401,253968,295625,331551,328872,312444,290400,203490,0,0,0,0,0,0,0,0,0,0,0,0,0,0,0,0,0,0,0,0,0,0,0,0,0,0,0,0,0,0,0,0,0,0,0,0,0,0,0,0,0,0,0,0,0,0,0,0,0,0,0,0,0,0,0,0,0,0,0,0,0,0,0,0,0,0,0,0,0,0,0,0,0,0,0,0,0,0,0,0,0,0,0,0,0,0,0,0,0,0,0,0,0,0,0,0,0,0,0,0,0,0,0,0,0,0,0,0,0,0,0,0,0,0,0,0,0,0,0,0,0,0,0,0,0,0,0,0,0,0,0,0,0,0,0,0,0,0
1900,1920,2064,2100,2132,2000,2058,2107,2300,2438,2385,2392,2950,3233,3120,3180,3150,3150,3630,3630,4224,4148,4020,3944,4620,5644,5950,6450,6794,6952,7636,8364,8632,9328,9483,9309,10283,10800,11750,13056,13568,14985,16240,17168,17901,19200,21000,23364,25704,28542,31458,34578,38560,44548,51597,59103,68224,75582,92785,115670,140054,171200,218635,294978,358215,373450,356014,359999,313856,280872,203182,103250,0,0,0,0,0,0,0,0,0,0,0,0,0,0,0,0,0,0,0,0,0,0,0,0,0,0,0,0,0,0,0,0,0,0,0,0,0,0,0,0,0,0,0,0,0,0,0,0,0,0,0,0,0,0,0,0,0,0,0,0,0,0,0,0,0,0,0,0,0,0,0,0,0,0,0,0,0,0,0,0,0,0,0,0,0,0,0,0,0,0,0,0,0,0,0,0,0,0,0,0,0,0,0,0,0,0
2340,2610,2552,2784,4851,5427,5520,5712,6035,6278,6438,6512,7469,7900,8216,8748,9570,9612,10974,11712,12544,13860,14700,16157,18018,19154,20500,23355,24523,27160,32448,34344,40136,45069,52800,60065,70278,83062,96520,121764,148104,189679,253526,344565,405405,388810,375705,0,0,0,0,0,0,0,0,0,0,0,0,0,0,0,0,0,0,0,0,0,0,0,0,0,0,0,0,0,0,0,0,0,0,0,0,0,0,0,0,0,0,0,0,0,0,0,0,0,0,0,0,0,0,0,0,0,0,0,0,0,0,0,0,0,0,0,0,0,0,0,0,0,0,0,0,0,0,0,0,0,0,0,0,0,0,0,0,0,0,0,0,0,0,0,0,0,0,0,0,0,0,0,0,0,0,0,0,0,0,0,0,0,0,0,0,0,0,0,0,0,0,0,0,0,0,0,0,0,0,0
1974,1968,1950,2150,4588,5214,5293,5508,5589,6020,6106,6497,7144,7350,7676,8240,8736,9483,10488,10672,12500,13566,14352,15478,17100,17360,19352,22610,24120,27216,31668,32648,40420,45135,51975,64680,73224,84609,103082,129220,162304,213726,287434,353562,390724,354564,0,0,0,0,0,0,0,0,0,0,0,0,0,0,0,0,0,0,0,0,0,0,0,0,0,0,0,0,0,0,0,0,0,0,0,0,0,0,0,0,0,0,0,0,0,0,0,0,0,0,0,0,0,0,0,0,0,0,0,0,0,0,0,0,0,0,0,0,0,0,0,0,0,0,0,0,0,0,0,0,0,0,0,0,0,0,0,0,0,0,0,0,0,0,0,0,0,0,0,0,0,0,0,0,0,0,0,0,0,0,0,0,0,0,0,0,0,0,0,0,0,0,0,0,0,0,0,0,0,0,0,0
2132,2288,2340,2484,2695,2279,3300,3720,3410,3456,3696,4002,4284,4209,4080,4550,6035,6264,8036,8585,9328,8988,9592,10396,10695,11656,13390,13803,15640,17374,18207,19520,21590,23718,25893,29580,31886,37120,43172,48958,57618,66150,77744,96646,115939,147667,187074,245070,337527,367262,382832,378828,345950,305760,246708,112344,0,0,0,0,0,0,0,0,0,0,0,0,0,0,0,0,0,0,0,0,0,0,0,0,0,0,0,0,0,0,0,0,0,0,0,0,0,0,0,0,0,0,0,0,0,0,0,0,0,0,0,0,0,0,0,0,0,0,0,0,0,0,0,0,0,0,0,0,0,0,0,0,0,0,0,0,0,0,0,0,0,0,0,0,0,0,0,0,0,0,0,0,0,0,0,0,0,0,0,0,0,0,0,0,0,0,0,0,0,0,0,0,0,0,0,0,0,0,0,0,0,0
1386,1617,1750,1632,1813,1550,1617,1862,1960,1961,1998,2668,2760,3276,3534,3672,3864,4270,4526,4680,4928,5016,5451,5670,5810,6035,6336,7372,7350,8268,8988,9483,10101,10602,12852,13184,13668,15290,16464,17901,19118,21042,23364,26304,29580,33635,38560,44275,53010,61305,71064,83814,106967,132344,168010,219365,300181,354320,354250,342056,310282,188790,0,0,0,0,0,0,0,0,0,0,0,0,0,0,0,0,0,0,0,0,0,0,0,0,0,0,0,0,0,0,0,0,0,0,0,0,0,0,0,0,0,0,0,0,0,0,0,0,0,0,0,0,0,0,0,0,0,0,0,0,0,0,0,0,0,0,0,0,0,0,0,0,0,0,0,0,0,0,0,0,0,0,0,0,0,0,0,0,0,0,0,0,0,0,0,0,0,0,0,0,0,0,0,0,0,0,0,0,0,0,0,0,0,0,0,0
5810,6120,6370,6674,7500,7900,8424,8610,9072,10260,11520,11904,13081,14456,15540,16500,19320,21760,23270,26460,28855,34344,37884,45034,52992,63856,76953,90524,113632,143277,188832,253092,336536,371544,313038,220188,0,0,0,0,0,0,0,0,0,0,0,0,0,0,0,0,0,0,0,0,0,0,0,0,0,0,0,0,0,0,0,0,0,0,0,0,0,0,0,0,0,0,0,0,0,0,0,0,0,0,0,0,0,0,0,0,0,0,0,0,0,0,0,0,0,0,0,0,0,0,0,0,0,0,0,0,0,0,0,0,0,0,0,0,0,0,0,0,0,0,0,0,0,0,0,0,0,0,0,0,0,0,0,0,0,0,0,0,0,0,0,0,0,0,0,0,0,0,0,0,0,0,0,0,0,0,0,0,0,0,0,0,0,0,0,0,0,0,0,0,0,0
5840,6384,6225,6586,7296,8343,8446,8755,8652,10120,10764,12348,13440,14840,16240,17316,19481,21546,24344,27676,32640,36960,42525,51264,60944,75468,90024,114532,149072,199628,252540,297387,309036,286426,262910,0,0,0,0,0,0,0,0,0,0,0,0,0,0,0,0,0,0,0,0,0,0,0,0,0,0,0,0,0,0,0,0,0,0,0,0,0,0,0,0,0,0,0,0,0,0,0,0,0,0,0,0,0,0,0,0,0,0,0,0,0,0,0,0,0,0,0,0,0,0,0,0,0,0,0,0,0,0,0,0,0,0,0,0,0,0,0,0,0,0,0,0,0,0,0,0,0,0,0,0,0,0,0,0,0,0,0,0,0,0,0,0,0,0,0,0,0,0,0,0,0,0,0,0,0,0,0,0,0,0,0,0,0,0,0,0,0,0,0,0,0,0,0
1230,1170,1280,1302,1575,1666,1800,1887,2040,1836,2040,1950,2295,2538,3591,2989,3564,3328,3575,5082,4950,5265,5372,5680,6142,7068,7426,7392,8137,8964,10235,10904,11349,13208,14204,14734,15344,17316,18720,20910,23865,27777,30514,34565,39928,48327,57624,67731,81852,106600,135541,175490,241152,338108,362074,333508,327888,201500,0,0,0,0,0,0,0,0,0,0,0,0,0,0,0,0,0,0,0,0,0,0,0,0,0,0,0,0,0,0,0,0,0,0,0,0,0,0,0,0,0,0,0,0,0,0,0,0,0,0,0,0,0,0,0,0,0,0,0,0,0,0,0,0,0,0,0,0,0,0,0,0,0,0,0,0,0,0,0,0,0,0,0,0,0,0,0,0,0,0,0,0,0,0,0,0,0,0,0,0,0,0,0,0,0,0,0,0,0,0,0,0,0,0,0,0,0,0,0,0
6160,6675,7084,7425,7956,9020,9790,10283,11564,13596,13936,15587,17901,18600,22098,23674,27695,33440,37455,46750,56400,69486,82348,108138,132568,190903,262032,302305,319104,298053,221130,0,0,0,0,0,0,0,0,0,0,0,0,0,0,0,0,0,0,0,0,0,0,0,0,0,0,0,0,0,0,0,0,0,0,0,0,0,0,0,0,0,0,0,0,0,0,0,0,0,0,0,0,0,0,0,0,0,0,0,0,0,0,0,0,0,0,0,0,0,0,0,0,0,0,0,0,0,0,0,0,0,0,0,0,0,0,0,0,0,0,0,0,0,0,0,0,0,0,0,0,0,0,0,0,0,0,0,0,0,0,0,0,0,0,0,0,0,0,0,0,0,0,0,0,0,0,0,0,0,0,0,0,0,0,0,0,0,0,0,0,0,0,0,0,0,0,0
1505,1518,1276,1426,1598,1598,1656,1920,1900,1813,2193,2150,2385,2632,2736,2800,3050,3050,3213,3380,3510,3828,3795,4410,4884,5100,5670,5670,6364,6290,7031,7857,8075,8439,9135,9374,10350,11931,13158,14364,16188,17760,19276,21672,24288,28420,32163,36160,42921,48870,59302,71712,92250,114532,158760,202117,311610,378594,390868,394940,363721,294192,0,0,0,0,0,0,0,0,0,0,0,0,0,0,0,0,0,0,0,0,0,0,0,0,0,0,0,0,0,0,0,0,0,0,0,0,0,0,0,0,0,0,0,0,0,0,0,0,0,0,0,0,0,0,0,0,0,0,0,0,0,0,0,0,0,0,0,0,0,0,0,0,0,0,0,0,0,0,0,0,0,0,0,0,0,0,0,0,0,0,0,0,0,0,0,0,0,0,0,0,0,0,0,0,0,0,0,0,0,0,0,0,0,0,0,0
6225,6364,6390,7125,7722,8100,8343,8964,10296,10920,12000,13440,14734,16241,18954,20691,24112,27548,32918,36888,43350,53298,69984,83414,104192,138816,187040,222629,258440,251920,209328,171361,0,0,0,0,0,0,0,0,0,0,0,0,0,0,0,0,0,0,0,0,0,0,0,0,0,0,0,0,0,0,0,0,0,0,0,0,0,0,0,0,0,0,0,0,0,0,0,0,0,0,0,0,0,0,0,0,0,0,0,0,0,0,0,0,0,0,0,0,0,0,0,0,0,0,0,0,0,0,0,0,0,0,0,0,0,0,0,0,0,0,0,0,0,0,0,0,0,0,0,0,0,0,0,0,0,0,0,0,0,0,0,0,0,0,0,0,0,0,0,0,0,0,0,0,0,0,0,0,0,0,0,0,0,0,0,0,0,0,0,0,0,0,0,0,0,0
2106,2132,2322,2610,3477,3286,3828,4026,4480,4284,4544,4620,4828,5175,5159,7110,7566,8160,9010,9570,10974,12300,13728,15151,16704,18445,19875,22968,25619,30282,35934,40836,50841,60802,71595,97890,122650,160768,229216,338108,375213,362874,331482,284568,0,0,0,0,0,0,0,0,0,0,0,0,0,0,0,0,0,0,0,0,0,0,0,0,0,0,0,0,0,0,0,0,0,0,0,0,0,0,0,0,0,0,0,0,0,0,0,0,0,0,0,0,0,0,0,0,0,0,0,0,0,0,0,0,0,0,0,0,0,0,0,0,0,0,0,0,0,0,0,0,0,0,0,0,0,0,0,0,0,0,0,0,0,0,0,0,0,0,0,0,0,0,0,0,0,0,0,0,0,0,0,0,0,0,0,0,0,0,0,0,0,0,0,0,0,0,0,0,0,0,0,0,0,0
1457,2279,3276,3339,3808,3933,4270,4270,4189,4526,5372,6497,6750,7488,8262,9180,9990,11446,13100,13728,16060,17710,18954,20956,24628,29088,33900,40508,49140,61004,71595,93480,125580,167562,236002,325375,345477,301352,246820,187270,0,0,0,0,0,0,0,0,0,0,0,0,0,0,0,0,0,0,0,0,0,0,0,0,0,0,0,0,0,0,0,0,0,0,0,0,0,0,0,0,0,0,0,0,0,0,0,0,0,0,0,0,0,0,0,0,0,0,0,0,0,0,0,0,0,0,0,0,0,0,0,0,0,0,0,0,0,0,0,0,0,0,0,0,0,0,0,0,0,0,0,0,0,0,0,0,0,0,0,0,0,0,0,0,0,0,0,0,0,0,0,0,0,0,0,0,0,0,0,0,0,0,0,0,0,0,0,0,0,0,0,0,0,0,0,0,0,0
1274,1323,1421,1450,1372,1372,1372,1323,1350,1450,1400,1479,1537,1612,1456,1479,1508,1508,1590,1590,1728,1643,1760,1674,1736,1914,2160,2379,2542,2542,2752,2752,2709,2646,2562,2604,2898,2914,2961,2961,3072,3332,3312,3283,3283,3536,3657,3710,3672,3869,3774,3888,3960,3960,4144,4350,4543,4680,5022,4350,4408,4408,4480,4424,4698,4897,4980,5120,5346,5395,5628,5865,6336,7290,7031,7189,7268,7254,7161,8200,8484,8400,8652,8736,9202,9288,9374,9968,9890,9072,9840,10004,10664,10875,10080,10788,11125,11176,11776,11700,12328,12648,13020,13113,14208,13870,14751,15554,16536,16905,16380,16068,17278,18144,19550,20068,20532,21480,22204,23375,25216,26058,27040,28215,29160,31161,32704,33075,35720,37510,39658,40320,43848,46580,49560,54205,58588,59251,63400,68265,72504,76464,83620,91804,97565,104580,113880,124488,134599,151892,162710,179352,195600,206646,222229,234612,237424,261976,276450,293595,275544,259017,262546,266889,245287,242100,226610,215318,126250,92314,61272,31416,0,0,0,0,0,0
1683,1683,1872,1855,2052,2014,1900,1938,1989,1800,1836,1836,2014,2106,2200,2240,2262,2262,2501,2562,2460,2501,2623,2684,2914,2806,2976,2961,3185,3185,3234,3168,3234,3332,3283,3240,3358,3375,3496,4212,4428,4536,4592,4592,4731,4814,4814,4897,4920,5166,5166,5312,5808,5896,5848,6370,6417,6432,6762,6930,7000,7140,7344,7800,7770,8056,8690,9072,9628,9912,9639,10168,11125,11557,11830,12144,12369,13015,13344,13483,14210,14949,15554,16536,17270,18532,19539,20160,20944,22082,23310,24897,26730,29808,30952,32631,34731,37835,40425,43769,46537,49762,54520,58140,64078,69834,77390,84816,89622,99552,113013,125856,140505,157500,176400,210888,246620,292990,334500,360426,348175,345116,357120,350176,321300,317850,304288,294000,264698,239424,195321,145996,87420,39389,0,0,0,0,0,0,0,0,0,0,0,0,0,0,0,0,0,0,0,0,0,0,0,0,0,0,0,0,0,0,0,0,0,0,0,0,0,0,0,0,0,0,0,0
888,925,912,936,897,960,984,943,920,984,1050,1050,1092,1118,1118,1161,1204,1050,1092,1504,1472,1488,1519,1530,1560,1508,1512,1566,1537,1508,1590,1612,1620,2795,2904,2948,2948,2881,3150,3220,3220,3290,3528,3550,3744,3848,3869,4218,4484,4560,4680,4941,5040,5208,5270,5504,5590,5874,6006,6097,6164,6392,6486,6650,6664,6969,7210,7416,7738,9040,9296,9968,10374,10032,11253,10974,11468,11346,12222,13056,13534,13668,14484,14729,15836,16459,16264,16218,16906,17388,19038,19836,21175,22386,23607,25026,26268,26866,28912,30597,33060,34986,36784,38936,41832,45560,49762,54604,59388,63226,69012,72455,81624,91440,100947,113940,126450,143154,157988,181158,204428,241935,271260,286720,304862,323400,308700,315900,322543,293202,293800,290500,287154,262740,226184,199092,156975,109044,59904,0,0,0,0,0,0,0,0,0,0,0,0,0,0,0,0,0,0,0,0,0,0,0,0,0,0,0,0,0,0,0,0,0,0,0,0,0,0,0
1014,1080,1189,1188,1410,1350,1426,1457,1457,1457,1551,1617,1617,1666,1584,1617,1700,1820,1768,1872,1802,1760,1848,1736,1736,1824,1767,2537,2320,2400,3900,4004,4134,4500,4650,4524,4725,4788,4960,4819,5103,5312,5355,5355,5440,5590,5829,5963,6097,6392,6650,6790,7070,6868,7000,7488,7950,8208,9200,9200,9520,9660,10266,11036,11303,12103,11830,11970,12104,12922,13824,14454,14504,15553,16120,17113,18032,18975,20230,21716,22816,25220,25669,28217,30368,31175,34578,36814,39360,41917,46992,49868,52704,59913,63954,68848,78234,84640,89208,103983,114232,128061,147510,162966,187859,223657,263078,300608,349565,357750,350224,355716,359058,341172,324394,330752,306658,282975,265630,227556,180180,114390,59136,0,0,0,0,0,0,0,0,0,0,0,0,0,0,0,0,0,0,0,0,0,0,0,0,0,0,0,0,0,0,0,0,0,0,0,0,0,0,0,0,0,0,0,0,0,0,0,0,0,0,0,0,0,0,0
874,920,936,912,1118,1100,924,1012,1058,1128,1175,1248,1296,1344,1248,1248,1248,1479,1500,1664,1696,1620,1674,2030,2135,2320,2400,2580,2795,3036,3266,3528,3360,3168,2706,2691,2992,3808,4144,4180,4524,4290,4212,4104,4345,4536,4898,4977,5280,5508,5600,5520,6351,6424,6438,6643,7125,7857,7938,8080,8632,8774,8284,8325,9520,9758,10126,9996,10492,11088,11176,11921,12369,13156,13442,14647,15554,16120,15862,17278,18816,19494,20825,22625,24444,26058,27456,29592,32335,33075,37128,39250,41699,46920,49583,59192,61661,69138,76167,85646,97265,106680,120332,142477,161262,186225,205700,233011,239128,272748,289710,264115,265608,257580,251516,228933,211874,199525,153582,104500,57129,0,0,0,0,0,0,0,0,0,0,0,0,0,0,0,0,0,0,0,0,0,0,0,0,0,0,0,0,0,0,0,0,0,0,0,0,0,0,0,0,0,0,0,0,0,0,0,0,0,0,0,0,0,0,0,0,0
612,612,612,630,630,665,665,665,684,720,740,798,836,777,798,777,836,777,777,798,819,798,897,960,912,975,1040,1000,1000,1066,1066,1000,975,975,936,1000,1032,966,1100,1100,1170,1269,1242,1288,1260,1242,1269,1200,1222,1350,1400,1512,1540,1458,1404,1458,1508,1428,1428,1428,1404,1590,1590,1590,1848,2065,2160,2160,2356,2318,2183,2196,2418,2752,2992,3150,3195,2340,2176,2479,3484,4602,4235,4088,4235,4400,4674,4977,5120,5280,5600,6688,7050,7392,8036,8316,8320,8820,8856,8848,9639,10320,9912,10440,11214,11176,12236,12648,13536,13965,14896,15912,16320,17278,18421,19662,20943,23370,25019,27270,28620,30174,34350,36150,39525,44756,47644,54832,60988,69472,75970,88320,99630,116246,132342,156300,178788,200772,219075,242536,255786,264196,252984,236385,218268,201549,99216,48896,0,0,0,0,0,0,0,0,0,0,0,0,0,0,0,0,0,0,0,0,0,0,0,0,0,0,0,0,0,0
594,612,680,665,720,684,684,684,740,740,777,756,814,851,912,975,1014,1040,1080,1107,1107,1080,1040,1014,975,1066,1066,1050,1050,1144,1144,1170,1215,1288,1305,1288,1248,1296,1296,1372,1470,1470,1470,1450,1530,1560,1590,1590,1925,2166,2065,2146,2204,2262,2419,2460,2600,2898,2970,2992,2838,2560,2470,2640,3196,3468,4187,3816,3922,3978,4187,4543,4836,5070,6290,6786,6840,7068,7315,7524,8320,7252,8374,8480,8580,8512,9164,9912,10332,10080,10788,11352,11748,12558,12880,13206,14550,15345,16640,17604,18144,19722,20592,22140,23424,25344,26999,29962,33060,35372,38000,41658,46137,50925,58140,64119,70040,78916,86943,105327,112746,134475,158064,182700,191984,208134,219596,238032,248000,225860,207742,190785,82533,32634,0,0,0,0,0,0,0,0,0,0,0,0,0,0,0,0,0,0,0,0,0,0,0,0,0,0,0,0,0,0,0,0,0,0,0,0,0,0,0,0,0,0,0,0
6643,6745,6984,6975,7171,7488,7128,7416,7560,7668,7957,8816,9317,10168,10912,11214,11792,12690,12960,14553,15200,15708,16014,17334,18704,20010,21004,22967,23302,24522,27219,30003,33120,36000,37500,42560,47988,53619,58255,68136,73500,81216,97170,111252,127092,156584,183141,214656,252588,272979,290043,313565,279645,270351,264928,235980,206280,181608,134160,76050,14900,0,0,0,0,0,0,0,0,0,0,0,0,0,0,0,0,0,0,0,0,0,0,0,0,0,0,0,0,0,0,0,0,0,0,0,0,0,0,0,0,0,0,0,0,0,0,0,0,0,0,0,0,0,0,0,0,0,0,0,0,0,0,0,0,0,0,0,0,0,0,0,0,0,0,0,0,0,0,0,0,0,0,0,0,0,0,0,0,0,0,0,0,0,0,0,0,0,0,0,0,0,0,0,0,0,0,0,0,0,0,0,0,0,0,0,0,0
714,782,805,805,840,770,770,828,851,912,874,936,936,960,936,975,1014,1000,1040,975,1000,1000,960,1000,1050,1161,1161,1144,1100,1056,1125,1125,1200,1269,1421,1470,1470,1421,1421,1450,1632,1664,1749,1728,1815,1836,1944,2035,2052,2030,2006,1980,1952,1952,2074,2257,2440,2623,3008,3360,3384,3626,4004,4218,4440,4940,5226,6290,6825,6975,7680,8600,8364,7931,7519,8453,9266,9594,9396,9912,10455,10406,11303,11748,12512,13348,13299,15000,15655,16960,17985,19494,21472,22936,24381,26390,28770,32264,36108,38038,43420,46268,53912,60988,68804,76680,90324,103833,118800,143754,170976,203072,217529,236288,264887,257500,256360,241223,223130,206340,132096,77677,20088,0,0,0,0,0,0,0,0,0,0,0,0,0,0,0,0,0,0,0,0,0,0,0,0,0,0,0,0,0,0,0,0,0,0,0,0,0,0,0,0,0,0,0,0,0,0,0,0,0,0,0,0,0,0,0
1855,1944,1890,1980,1980,2090,2240,2494,3763,3869,3960,8961,9202,9701,10212,10528,11115,10974,11570,11921,12103,12596,13622,14790,16371,16854,18094,19665,20826,22448,24500,26724,29670,30940,33319,37696,41148,47872,53295,59780,67774,73960,88972,103224,121656,147900,174496,219372,277425,322989,358798,351604,381312,350103,331194,324600,306070,106490,0,0,0,0,0,0,0,0,0,0,0,0,0,0,0,0,0,0,0,0,0,0,0,0,0,0,0,0,0,0,0,0,0,0,0,0,0,0,0,0,0,0,0,0,0,0,0,0,0,0,0,0,0,0,0,0,0,0,0,0,0,0,0,0,0,0,0,0,0,0,0,0,0,0,0,0,0,0,0,0,0,0,0,0,0,0,0,0,0,0,0,0,0,0,0,0,0,0,0,0,0,0,0,0,0,0,0,0,0,0,0,0,0,0,0,0,0,0,0,0
1666,1764,1862,1800,1750,1764,1887,1887,1938,2014,2090,2280,2360,2580,2580,2580,2623,2562,2852,2914,2914,3200,4180,4730,4902,4959,5100,5418,5208,5544,5610,6192,6319,6808,8148,7296,7878,7904,8268,8424,9072,9072,9477,10370,11088,11700,12635,12920,14241,14645,14935,15794,17741,18193,20328,22302,24104,26358,28980,31098,35840,38976,42558,48285,55770,60099,69550,77381,87927,101808,118698,144045,167990,215041,268686,342240,380908,374699,387096,362773,377410,358846,331946,305184,238097,144420,50400,0,0,0,0,0,0,0,0,0,0,0,0,0,0,0,0,0,0,0,0,0,0,0,0,0,0,0,0,0,0,0,0,0,0,0,0,0,0,0,0,0,0,0,0,0,0,0,0,0,0,0,0,0,0,0,0,0,0,0,0,0,0,0,0,0,0,0,0,0,0,0,0,0,0,0,0,0,0,0,0,0,0,0,0,0,0,0,0,0,0,0
1440,1550,1550,1536,1908,2088,2088,2088,2183,2204,2684,4374,4592,4698,4920,5727,5561,6048,5963,6912,6840,6958,7171,7313,7844,8393,9200,9520,9794,10614,11520,12144,12103,12834,14553,15096,16157,17222,18256,20060,22625,24700,26532,30576,32850,36888,41405,46816,49840,57152,63570,74900,83950,97200,113616,139568,163461,210700,261300,334500,352764,353290,349799,320229,308826,286209,254100,188123,0,0,0,0,0,0,0,0,0,0,0,0,0,0,0,0,0,0,0,0,0,0,0,0,0,0,0,0,0,0,0,0,0,0,0,0,0,0,0,0,0,0,0,0,0,0,0,0,0,0,0,0,0,0,0,0,0,0,0,0,0,0,0,0,0,0,0,0,0,0,0,0,0,0,0,0,0,0,0,0,0,0,0,0,0,0,0,0,0,0,0,0,0,0,0,0,0,0,0,0,0,0,0,0,0,0,0,0,0,0
1204,1380,1380,1410,1392,1836,3960,5056,4851,5427,5796,5478,5270,5481,5696,6324,6204,6534,6831,7128,7519,8580,9072,9360,9480,10375,11136,12015,12696,13110,14847,15453,16590,18093,20178,21360,23552,25403,28633,30240,34650,39250,43560,48564,56120,63552,73080,86184,96628,114240,139608,167100,212520,261576,312568,325461,309730,295152,261488,244904,214354,145186,65136,0,0,0,0,0,0,0,0,0,0,0,0,0,0,0,0,0,0,0,0,0,0,0,0,0,0,0,0,0,0,0,0,0,0,0,0,0,0,0,0,0,0,0,0,0,0,0,0,0,0,0,0,0,0,0,0,0,0,0,0,0,0,0,0,0,0,0,0,0,0,0,0,0,0,0,0,0,0,0,0,0,0,0,0,0,0,0,0,0,0,0,0,0,0,0,0,0,0,0,0,0,0,0,0,0,0,0,0,0,0,0,0,0,0,0
735,874,874,836,858,920,1161,1161,1144,1125,1242,1269,1372,1274,1300,1372,1372,1674,1728,1683,1749,1908,2072,2016,1995,1947,1708,1891,2232,2418,2709,3150,3337,3942,4144,4144,4425,6048,6120,6525,7068,8400,7676,7474,8190,9462,10115,10115,10750,10285,11088,11748,13300,13254,14355,15300,16848,17928,20358,21177,22940,25472,27604,31536,36108,39215,44088,51442,57834,65727,76612,90390,111360,133925,162778,196020,213000,228112,263165,248482,222768,201630,83340,16200,0,0,0,0,0,0,0,0,0,0,0,0,0,0,0,0,0,0,0,0,0,0,0,0,0,0,0,0,0,0,0,0,0,0,0,0,0,0,0,0,0,0,0,0,0,0,0,0,0,0,0,0,0,0,0,0,0,0,0,0,0,0,0,0,0,0,0,0,0,0,0,0,0,0,0,0,0,0,0,0,0,0,0,0,0,0,0,0,0,0,0,0,0,0
1144,1188,1215,1215,1392,1380,1504,1488,1632,3850,3960,4161,4425,4575,5022,5166,5208,5418,5655,6097,6270,6596,6930,7474,7650,8085,9379,9660,9676,10578,11008,11837,12880,13344,14994,15912,17808,18924,21279,22860,25004,27939,32046,35495,39204,44196,48894,56100,63765,77000,89154,104580,127296,156219,202370,258020,326144,348432,347718,323855,306528,271690,250194,179334,85568,0,0,0,0,0,0,0,0,0,0,0,0,0,0,0,0,0,0,0,0,0,0,0,0,0,0,0,0,0,0,0,0,0,0,0,0,0,0,0,0,0,0,0,0,0,0,0,0,0,0,0,0,0,0,0,0,0,0,0,0,0,0,0,0,0,0,0,0,0,0,0,0,0,0,0,0,0,0,0,0,0,0,0,0,0,0,0,0,0,0,0,0,0,0,0,0,0,0,0,0,0,0,0,0,0,0,0,0,0,0,0,0,0
828,925,925,864,851,828,792,665,760,760,760,820,945,968,1012,1035,1058,1058,1081,1128,1323,1350,1377,1350,1350,1479,1479,1749,1980,2240,2320,2494,2520,2688,2856,3036,2924,3010,3350,3763,3796,4455,4050,4345,4455,4897,4836,5360,6525,6570,7790,8036,8484,9095,9379,9794,10664,11430,10947,11430,12236,13160,13442,15708,16116,17712,19895,21594,24192,26260,29376,32704,37440,41728,47502,56620,65124,75542,94166,110592,140505,177364,207936,235824,276575,269105,276860,244984,208794,182325,116348,40932,0,0,0,0,0,0,0,0,0,0,0,0,0,0,0,0,0,0,0,0,0,0,0,0,0,0,0,0,0,0,0,0,0,0,0,0,0,0,0,0,0,0,0,0,0,0,0,0,0,0,0,0,0,0,0,0,0,0,0,0,0,0,0,0,0,0,0,0,0,0,0,0,0,0,0,0,0,0,0,0,0,0,0,0,0,0
1380,1392,1372,1440,1488,1568,1568,1568,1650,1683,1700,1904,1960,1995,3763,4088,4636,4774,4836,5120,5146,5229,5292,5568,6164,6510,6596,6868,7272,7800,8424,9296,9860,10248,11520,11837,12927,13871,14544,15960,17380,18810,21771,23749,27324,30429,34650,38868,44980,51789,56287,66787,80325,93600,112890,142398,173402,234972,312480,351837,350416,347696,322088,300960,261522,187992,73689,0,0,0,0,0,0,0,0,0,0,0,0,0,0,0,0,0,0,0,0,0,0,0,0,0,0,0,0,0,0,0,0,0,0,0,0,0,0,0,0,0,0,0,0,0,0,0,0,0,0,0,0,0,0,0,0,0,0,0,0,0,0,0,0,0,0,0,0,0,0,0,0,0,0,0,0,0,0,0,0,0,0,0,0,0,0,0,0,0,0,0,0,0,0,0,0,0,0,0,0,0,0,0,0,0,0,0,0,0,0,0
1176,1218,1218,1276,1395,1426,1380,1518,1536,1617,1504,1536,1581,1700,1872,1728,1643,1716,1749,2145,2860,3975,4200,4464,4466,5135,4758,5022,5040,4960,5270,5850,6138,6432,6432,6831,7665,7980,8346,9234,10080,10527,11049,11223,12920,14300,14443,16112,17696,19256,22140,24759,27244,30222,34410,39746,46636,50960,60060,68761,82570,95256,117553,147212,188670,253485,350196,352450,364064,339439,325584,309055,260230,171500,59953,0,0,0,0,0,0,0,0,0,0,0,0,0,0,0,0,0,0,0,0,0,0,0,0,0,0,0,0,0,0,0,0,0,0,0,0,0,0,0,0,0,0,0,0,0,0,0,0,0,0,0,0,0,0,0,0,0,0,0,0,0,0,0,0,0,0,0,0,0,0,0,0,0,0,0,0,0,0,0,0,0,0,0,0,0,0,0,0,0,0,0,0,0,0,0,0,0,0,0,0,0,0,0
819,741,722,760,800,882,946,1012,1104,1150,1104,1080,1104,1104,1488,1530,1500,1530,1632,1785,2072,2360,2360,2537,3055,3168,4446,5166,4312,4466,4898,5293,5360,5904,6319,8342,9434,9918,10080,10912,11136,10912,12144,12604,13442,15246,15800,17655,20475,22140,25125,27040,31302,35872,39407,46341,55913,64000,75402,94644,111281,143858,179739,213565,241920,281705,252003,243538,215016,129536,46872,0,0,0,0,0,0,0,0,0,0,0,0,0,0,0,0,0,0,0,0,0,0,0,0,0,0,0,0,0,0,0,0,0,0,0,0,0,0,0,0,0,0,0,0,0,0,0,0,0,0,0,0,0,0,0,0,0,0,0,0,0,0,0,0,0,0,0,0,0,0,0,0,0,0,0,0,0,0,0,0,0,0,0,0,0,0,0,0,0,0,0,0,0,0,0,0,0,0,0,0,0,0,0,0,0,0,0
1148,1148,1148,1230,1364,1364,1530,1610,1598,1584,1584,1715,1785,1908,1925,1650,3922,4070,4392,4650,4332,4977,4800,4880,5084,5720,6045,6110,6336,6633,7200,7904,8374,8769,9120,10248,10836,12103,13066,13580,14600,16170,18204,20760,22568,25326,28634,32631,36424,42419,47775,55648,64350,77088,94166,115018,144789,185820,250368,334152,340963,336720,307020,291592,266700,189240,0,0,0,0,0,0,0,0,0,0,0,0,0,0,0,0,0,0,0,0,0,0,0,0,0,0,0,0,0,0,0,0,0,0,0,0,0,0,0,0,0,0,0,0,0,0,0,0,0,0,0,0,0,0,0,0,0,0,0,0,0,0,0,0,0,0,0,0,0,0,0,0,0,0,0,0,0,0,0,0,0,0,0,0,0,0,0,0,0,0,0,0,0,0,0,0,0,0,0,0,0,0,0,0,0,0,0,0,0,0,0,0
1260,1218,1134,2120,2226,2173,2160,2106,2352,2537,2714,2940,3050,3162,3276,3149,3264,3500,4050,4200,4235,4731,5074,5220,5124,5418,5568,5963,6440,6768,7300,8547,8190,8848,9758,10248,11570,12103,12784,13959,15038,16830,18676,20886,23436,25807,31017,34320,39435,45936,52521,61152,74120,88307,112752,137280,186063,257669,356616,363428,363726,346368,340080,288864,209157,76532,0,0,0,0,0,0,0,0,0,0,0,0,0,0,0,0,0,0,0,0,0,0,0,0,0,0,0,0,0,0,0,0,0,0,0,0,0,0,0,0,0,0,0,0,0,0,0,0,0,0,0,0,0,0,0,0,0,0,0,0,0,0,0,0,0,0,0,0,0,0,0,0,0,0,0,0,0,0,0,0,0,0,0,0,0,0,0,0,0,0,0,0,0,0,0,0,0,0,0,0,0,0,0,0,0,0,0,0,0,0,0,0
1750,1820,1908,2145,2128,2835,4466,4680,4774,5166,6596,7313,7171,7242,7904,8848,9440,9676,10875,11223,11748,12878,14256,15600,17649,19040,22082,25920,27537,31248,36115,40960,48440,55384,68186,79032,101764,124020,157530,214286,297140,357210,350574,318780,297840,267288,199136,89240,0,0,0,0,0,0,0,0,0,0,0,0,0,0,0,0,0,0,0,0,0,0,0,0,0,0,0,0,0,0,0,0,0,0,0,0,0,0,0,0,0,0,0,0,0,0,0,0,0,0,0,0,0,0,0,0,0,0,0,0,0,0,0,0,0,0,0,0,0,0,0,0,0,0,0,0,0,0,0,0,0,0,0,0,0,0,0,0,0,0,0,0,0,0,0,0,0,0,0,0,0,0,0,0,0,0,0,0,0,0,0,0,0,0,0,0,0,0,0,0,0,0,0,0,0,0,0,0,0,0
1908,1961,2052,2262,2852,6216,6586,6825,7526,7592,8140,8658,10125,11397,12240,13156,15048,16016,17655,19436,21712,24696,26752,31188,36936,40386,47880,58280,73236,87096,111360,147900,193050,249951,293664,308963,301938,276500,232934,168606,57024,0,0,0,0,0,0,0,0,0,0,0,0,0,0,0,0,0,0,0,0,0,0,0,0,0,0,0,0,0,0,0,0,0,0,0,0,0,0,0,0,0,0,0,0,0,0,0,0,0,0,0,0,0,0,0,0,0,0,0,0,0,0,0,0,0,0,0,0,0,0,0,0,0,0,0,0,0,0,0,0,0,0,0,0,0,0,0,0,0,0,0,0,0,0,0,0,0,0,0,0,0,0,0,0,0,0,0,0,0,0,0,0,0,0,0,0,0,0,0,0,0,0,0,0,0,0,0,0,0,0,0,0,0,0,0,0,0
4368,4446,4602,4484,4880,4977,6365,6930,7140,7272,8025,9480,9360,10234,11136,11571,12834,13968,15504,17113,19550,22444,26055,28152,33142,39184,46306,54236,65600,78897,101185,129602,173040,235704,328410,330582,314628,291856,270920,196056,79211,0,0,0,0,0,0,0,0,0,0,0,0,0,0,0,0,0,0,0,0,0,0,0,0,0,0,0,0,0,0,0,0,0,0,0,0,0,0,0,0,0,0,0,0,0,0,0,0,0,0,0,0,0,0,0,0,0,0,0,0,0,0,0,0,0,0,0,0,0,0,0,0,0,0,0,0,0,0,0,0,0,0,0,0,0,0,0,0,0,0,0,0,0,0,0,0,0,0,0,0,0,0,0,0,0,0,0,0,0,0,0,0,0,0,0,0,0,0,0,0,0,0,0,0,0,0,0,0,0,0,0,0,0,0,0,0,0
1242,1440,1666,1938,2478,4800,4860,5100,5704,6144,6700,7665,7560,8030,9379,10209,10752,11792,12369,13680,15656,17227,18857,20355,23560,26520,29430,36450,42606,51620,59592,73150,88757,112585,151866,193375,274245,323475,307354,276080,252960,201372,96800,0,0,0,0,0,0,0,0,0,0,0,0,0,0,0,0,0,0,0,0,0,0,0,0,0,0,0,0,0,0,0,0,0,0,0,0,0,0,0,0,0,0,0,0,0,0,0,0,0,0,0,0,0,0,0,0,0,0,0,0,0,0,0,0,0,0,0,0,0,0,0,0,0,0,0,0,0,0,0,0,0,0,0,0,0,0,0,0,0,0,0,0,0,0,0,0,0,0,0,0,0,0,0,0,0,0,0,0,0,0,0,0,0,0,0,0,0,0,0,0,0,0,0,0,0,0,0,0,0,0,0,0,0,0,0
1276,1872,2052,2280,2242,7426,7844,8175,8214,8775,9920,11440,11837,12972,14850,16485,18924,21004,23086,26445,30360,36176,41538,49206,61304,75538,96933,126228,175212,239730,273936,315813,279805,252168,215124,103244,0,0,0,0,0,0,0,0,0,0,0,0,0,0,0,0,0,0,0,0,0,0,0,0,0,0,0,0,0,0,0,0,0,0,0,0,0,0,0,0,0,0,0,0,0,0,0,0,0,0,0,0,0,0,0,0,0,0,0,0,0,0,0,0,0,0,0,0,0,0,0,0,0,0,0,0,0,0,0,0,0,0,0,0,0,0,0,0,0,0,0,0,0,0,0,0,0,0,0,0,0,0,0,0,0,0,0,0,0,0,0,0,0,0,0,0,0,0,0,0,0,0,0,0,0,0,0,0,0,0,0,0,0,0,0,0,0,0,0,0,0,0
1260,1364,1350,1504,1536,1680,1645,1536,1519,2146,2714,3072,3024,3780,3920,3990,4697,4977,5312,5440,5632,6204,6767,7344,7875,8547,9348,10234,11648,12690,13959,14847,16642,19250,21122,22814,26264,30456,35485,40960,50657,63336,74605,93927,122395,163098,229779,321856,380970,371631,355437,317526,232309,0,0,0,0,0,0,0,0,0,0,0,0,0,0,0,0,0,0,0,0,0,0,0,0,0,0,0,0,0,0,0,0,0,0,0,0,0,0,0,0,0,0,0,0,0,0,0,0,0,0,0,0,0,0,0,0,0,0,0,0,0,0,0,0,0,0,0,0,0,0,0,0,0,0,0,0,0,0,0,0,0,0,0,0,0,0,0,0,0,0,0,0,0,0,0,0,0,0,0,0,0,0,0,0,0,0,0,0,0,0,0,0,0,0,0,0,0,0,0,0,0,0,0,0,0
1887,1872,2262,6424,6916,7392,7622,7950,8436,9204,11008,11616,12690,15200,16695,17712,20648,22990,25326,29920,36391,43684,52780,66132,77490,105469,144330,199374,248676,299194,280368,244038,213180,117898,0,0,0,0,0,0,0,0,0,0,0,0,0,0,0,0,0,0,0,0,0,0,0,0,0,0,0,0,0,0,0,0,0,0,0,0,0,0,0,0,0,0,0,0,0,0,0,0,0,0,0,0,0,0,0,0,0,0,0,0,0,0,0,0,0,0,0,0,0,0,0,0,0,0,0,0,0,0,0,0,0,0,0,0,0,0,0,0,0,0,0,0,0,0,0,0,0,0,0,0,0,0,0,0,0,0,0,0,0,0,0,0,0,0,0,0,0,0,0,0,0,0,0,0,0,0,0,0,0,0,0,0,0,0,0,0,0,0,0,0,0,0,0,0
