8526,8755,9078,9328,9579,9951,9570,10738,11662,11346,11132,11562,12032,11466,11684,12032,12700,13056,12978,12978,12954,12625,13936,13700,13832,13770,14175,14628,15087,15260,17442,17284,17480,18018,18600,18486,19320,20787,20207,20708,22446,22925,23807,24684,26410,26271,26880,28224,29172,30076,31886,32224,32550,34020,35154,36960,39159,42657,41211,45000,45567,48762,52136,54468,59675,61258,63936,67260,69084,74025,72765,77154,83394,86800,93177,97152,102676,110880,115785,119105,128271,136922,143832,158268,166992,179400,194394,213538,236810,250848,277439,301782,322650,358656,396090,450144,495423,521266,568215,599148,608190,580830,589227,583100,577600,552365,535080,525675,513890,521028,486712,438672,388945,328848,0,0,0,0,0,0,0,0,0,0,0,0,0,0,0,0,0,0,0,0,0,0,0,0,0,0,0,0,0,0,0,0,0,0,0,0,0,0,0,0,0,0,0,0,0,0,0,0,0,0,0,0,0,0,0,0,0,0,0
8064,9500,9765,9898,11058,11020,11564,11700,11564,12444,12400,12852,13000,13184,13493,13699,13231,13300,14040,14280,14382,14560,15194,15950,16095,16950,18544,18055,18666,18018,18018,18960,20769,20790,21543,21798,23182,25298,26455,26578,27072,29000,30545,31464,35154,34880,34662,35098,36686,39330,41760,44528,46937,48830,52600,56070,58362,60134,65475,66639,69600,73707,79860,86154,88288,91545,100541,106299,113884,122474,127440,138260,147520,161135,166815,184266,203658,221130,249066,280208,295365,325622,372068,415296,472124,500850,562054,588392,624193,619476,626604,617895,594558,575661,574182,558946,544104,560985,509952,426650,366289,0,0,0,0,0,0,0,0,0,0,0,0,0,0,0,0,0,0,0,0,0,0,0,0,0,0,0,0,0,0,0,0,0,0,0,0,0,0,0,0,0,0,0,0,0,0,0,0,0,0,0,0,0,0,0,0,0,0,0,0,0,0,0,0,0,0,0,0,0,0,0,0
7644,7280,7728,7812,7917,8188,8460,8178,8827,8360,8585,9152,8961,9919,10030,11011,11132,10920,11284,12096,11904,11656,11904,12078,12200,12772,13824,13910,14170,14124,16779,15762,16638,16500,16317,16761,17472,18408,19560,19360,20625,20832,22750,24288,23807,25900,27360,28512,29492,31257,32283,34286,35964,38532,40950,42240,45069,46624,50688,55080,57960,62640,66079,70512,72048,76890,81360,87850,90068,100084,106266,113152,122976,134251,148347,161865,177675,194394,225621,243492,285175,322180,337440,415296,466464,516168,561700,604278,584250,587000,566904,545886,531069,518894,507960,474145,421512,362046,0,0,0,0,0,0,0,0,0,0,0,0,0,0,0,0,0,0,0,0,0,0,0,0,0,0,0,0,0,0,0,0,0,0,0,0,0,0,0,0,0,0,0,0,0,0,0,0,0,0,0,0,0,0,0,0,0,0,0,0,0,0,0,0,0,0,0,0,0,0,0,0,0,0,0
8262,9265,9095,9592,9900,10230,11058,11187,11682,12120,12915,13335,13860,14672,15120,14580,14734,15540,16280,15476,16478,16740,17556,18285,19200,20008,21248,19481,20832,23168,23628,25296,27354,28860,30502,31350,34080,35040,37785,38775,41968,45682,49068,52866,52536,55284,59616,63176,69576,76050,79826,85293,92202,96768,106600,119848,123540,137712,156000,170014,192604,207999,246250,286896,323390,366102,404892,471223,539005,563418,549072,566029,545658,510850,491385,487230,460056,415808,336232,0,0,0,0,0,0,0,0,0,0,0,0,0,0,0,0,0,0,0,0,0,0,0,0,0,0,0,0,0,0,0,0,0,0,0,0,0,0,0,0,0,0,0,0,0,0,0,0,0,0,0,0,0,0,0,0,0,0,0,0,0,0,0,0,0,0,0,0,0,0,0,0,0,0,0,0,0,0,0,0,0,0,0,0,0,0,0,0,0,0,0,0,0,0
7290,7802,7885,7968,9483,9240,10384,10920,10440,10788,10716,10622,11446,12375,12625,12700,14630,14916,15680,16756,16560,16611,17063,16799,17113,18080,18683,19440,20172,20418,21948,23368,24605,26112,27636,30906,31365,32648,34444,37098,39746,42875,44929,50160,50373,51264,57772,60270,66926,71583,76284,81420,91881,93726,107325,114950,123552,138900,156480,173394,191400,213440,253526,287015,326491,370656,438048,518940,548094,545303,546048,539688,496341,477360,477242,433320,377138,294624,0,0,0,0,0,0,0,0,0,0,0,0,0,0,0,0,0,0,0,0,0,0,0,0,0,0,0,0,0,0,0,0,0,0,0,0,0,0,0,0,0,0,0,0,0,0,0,0,0,0,0,0,0,0,0,0,0,0,0,0,0,0,0,0,0,0,0,0,0,0,0,0,0,0,0,0,0,0,0,0,0,0,0,0,0,0,0,0,0,0,0,0,0,0,0
8160,7968,9790,9718,10179,10769,11284,11439,11132,11616,11858,12896,13208,14040,15587,15660,16023,16092,17328,17360,18326,18400,20787,21204,21590,23275,23625,25024,26910,28908,30856,33280,37296,36900,41108,43296,48323,52780,57330,62322,65116,68461,78240,84721,90880,103793,110826,119262,136496,148011,171843,195468,230690,262890,311754,355790,432978,494853,564128,590814,592950,586245,563321,528428,514435,488978,394400,0,0,0,0,0,0,0,0,0,0,0,0,0,0,0,0,0,0,0,0,0,0,0,0,0,0,0,0,0,0,0,0,0,0,0,0,0,0,0,0,0,0,0,0,0,0,0,0,0,0,0,0,0,0,0,0,0,0,0,0,0,0,0,0,0,0,0,0,0,0,0,0,0,0,0,0,0,0,0,0,0,0,0,0,0,0,0,0,0,0,0,0,0,0,0,0,0,0,0,0,0,0,0,0,0,0
8925,9348,9632,10120,10146,10622,11252,11900,11956,12566,13020,13650,13674,15510,16016,15158,15435,16940,17316,18600,19965,19397,20130,20460,22680,23892,26220,28565,30247,32499,35098,36800,38610,43802,48260,51614,54876,57266,61823,70336,76845,85312,90500,101376,115785,127440,141372,162190,182178,214676,248436,299026,339592,398366,500733,572908,568400,559650,552951,507964,501800,485688,410592,302234,0,0,0,0,0,0,0,0,0,0,0,0,0,0,0,0,0,0,0,0,0,0,0,0,0,0,0,0,0,0,0,0,0,0,0,0,0,0,0,0,0,0,0,0,0,0,0,0,0,0,0,0,0,0,0,0,0,0,0,0,0,0,0,0,0,0,0,0,0,0,0,0,0,0,0,0,0,0,0,0,0,0,0,0,0,0,0,0,0,0,0,0,0,0,0,0,0,0,0,0,0,0,0,0,0,0,0,0,0
8240,8300,8989,9964,10944,10622,11210,11562,12200,13464,13433,14144,14352,13600,13837,15015,15370,15696,16023,16830,18018,19159,20086,21106,22428,24975,25840,27072,28743,32163,33660,37720,39501,42039,42978,47915,52250,59245,63261,67671,75864,86760,88774,101790,113007,132016,149142,167970,202917,224848,266640,315077,390186,465291,527908,511638,536518,490626,461734,441936,395368,322252,206724,0,0,0,0,0,0,0,0,0,0,0,0,0,0,0,0,0,0,0,0,0,0,0,0,0,0,0,0,0,0,0,0,0,0,0,0,0,0,0,0,0,0,0,0,0,0,0,0,0,0,0,0,0,0,0,0,0,0,0,0,0,0,0,0,0,0,0,0,0,0,0,0,0,0,0,0,0,0,0,0,0,0,0,0,0,0,0,0,0,0,0,0,0,0,0,0,0,0,0,0,0,0,0,0,0,0,0,0,0,0
7452,8613,8700,8961,10620,11316,11374,11532,12319,12750,12875,13416,13832,14595,15730,16459,17100,17898,19800,19844,22317,24759,25392,25803,28368,31106,31980,36135,41296,44345,47817,54796,60604,66444,73396,78210,88646,97188,113646,123900,143184,166666,188803,236607,274492,336138,422154,494326,587286,614220,603081,561334,555594,539864,466040,341407,0,0,0,0,0,0,0,0,0,0,0,0,0,0,0,0,0,0,0,0,0,0,0,0,0,0,0,0,0,0,0,0,0,0,0,0,0,0,0,0,0,0,0,0,0,0,0,0,0,0,0,0,0,0,0,0,0,0,0,0,0,0,0,0,0,0,0,0,0,0,0,0,0,0,0,0,0,0,0,0,0,0,0,0,0,0,0,0,0,0,0,0,0,0,0,0,0,0,0,0,0,0,0,0,0,0,0,0,0,0,0,0,0,0,0,0,0
8453,9072,9396,10323,10800,10878,11760,12360,13158,13674,14740,15180,14342,14456,15408,16500,16983,17670,18290,19080,21700,22860,25380,27300,28944,31080,34602,37422,41347,45750,48316,51744,58835,66402,72680,81021,92628,101652,111520,137104,153102,179745,210496,262922,317631,391716,504096,559636,564128,540891,497252,473340,424410,339625,0,0,0,0,0,0,0,0,0,0,0,0,0,0,0,0,0,0,0,0,0,0,0,0,0,0,0,0,0,0,0,0,0,0,0,0,0,0,0,0,0,0,0,0,0,0,0,0,0,0,0,0,0,0,0,0,0,0,0,0,0,0,0,0,0,0,0,0,0,0,0,0,0,0,0,0,0,0,0,0,0,0,0,0,0,0,0,0,0,0,0,0,0,0,0,0,0,0,0,0,0,0,0,0,0,0,0,0,0,0,0,0,0,0,0,0,0,0,0
8480,8720,9240,10584,11312,12036,12480,12750,13728,13905,14280,15587,14872,15476,17024,17516,18408,19040,20160,22750,23973,27170,30098,32648,34540,37352,42525,47685,49920,54876,62116,68820,77025,87399,97146,113016,127162,151956,170859,207999,257348,315798,380952,502900,566352,559076,538200,491052,481869,419832,304286,138788,0,0,0,0,0,0,0,0,0,0,0,0,0,0,0,0,0,0,0,0,0,0,0,0,0,0,0,0,0,0,0,0,0,0,0,0,0,0,0,0,0,0,0,0,0,0,0,0,0,0,0,0,0,0,0,0,0,0,0,0,0,0,0,0,0,0,0,0,0,0,0,0,0,0,0,0,0,0,0,0,0,0,0,0,0,0,0,0,0,0,0,0,0,0,0,0,0,0,0,0,0,0,0,0,0,0,0,0,0,0,0,0,0,0,0,0,0,0,0,0,0
8640,9324,9546,10530,10396,11413,12240,12376,13356,14338,14420,15933,15120,16308,16568,18600,20172,20130,21250,23056,26460,28665,32760,35234,37490,41382,50052,53200,57266,62350,72364,82472,92232,104148,122825,137562,164640,195110,239120,301104,380471,496725,573208,544466,558110,501835,492316,428739,313337,0,0,0,0,0,0,0,0,0,0,0,0,0,0,0,0,0,0,0,0,0,0,0,0,0,0,0,0,0,0,0,0,0,0,0,0,0,0,0,0,0,0,0,0,0,0,0,0,0,0,0,0,0,0,0,0,0,0,0,0,0,0,0,0,0,0,0,0,0,0,0,0,0,0,0,0,0,0,0,0,0,0,0,0,0,0,0,0,0,0,0,0,0,0,0,0,0,0,0,0,0,0,0,0,0,0,0,0,0,0,0,0,0,0,0,0,0,0,0,0,0,0,0,0
9324,9546,9968,10545,11934,11858,12810,13650,15207,15904,14910,16352,16459,18792,20086,20049,21452,23220,26460,29346,32436,34069,38775,44954,49794,54201,60845,70908,80360,93440,100878,124416,141816,170680,212010,269335,331200,448695,537462,567574,558013,500633,478074,408250,279265,0,0,0,0,0,0,0,0,0,0,0,0,0,0,0,0,0,0,0,0,0,0,0,0,0,0,0,0,0,0,0,0,0,0,0,0,0,0,0,0,0,0,0,0,0,0,0,0,0,0,0,0,0,0,0,0,0,0,0,0,0,0,0,0,0,0,0,0,0,0,0,0,0,0,0,0,0,0,0,0,0,0,0,0,0,0,0,0,0,0,0,0,0,0,0,0,0,0,0,0,0,0,0,0,0,0,0,0,0,0,0,0,0,0,0,0,0,0,0,0,0,0,0,0,0,0,0,0
9546,10296,10324,10672,10716,12221,13335,13992,14910,15943,16650,18285,19635,21402,21760,24480,26715,29054,33440,36450,41553,47311,55080,59514,64015,74646,89950,101904,111792,136945,162810,201296,251288,329439,414669,527424,604224,563520,530585,509407,434712,320616,0,0,0,0,0,0,0,0,0,0,0,0,0,0,0,0,0,0,0,0,0,0,0,0,0,0,0,0,0,0,0,0,0,0,0,0,0,0,0,0,0,0,0,0,0,0,0,0,0,0,0,0,0,0,0,0,0,0,0,0,0,0,0,0,0,0,0,0,0,0,0,0,0,0,0,0,0,0,0,0,0,0,0,0,0,0,0,0,0,0,0,0,0,0,0,0,0,0,0,0,0,0,0,0,0,0,0,0,0,0,0,0,0,0,0,0,0,0,0,0,0,0,0,0,0,0,0,0,0,0,0
9460,10179,10591,10647,11685,11880,12978,14445,15042,15120,16092,18055,19188,19602,21672,24522,25619,28565,30932,35581,37674,45250,51417,58636,61904,76464,87648,97403,116030,132455,159542,203476,255960,320166,433500,529529,539889,544464,484008,461041,342056,0,0,0,0,0,0,0,0,0,0,0,0,0,0,0,0,0,0,0,0,0,0,0,0,0,0,0,0,0,0,0,0,0,0,0,0,0,0,0,0,0,0,0,0,0,0,0,0,0,0,0,0,0,0,0,0,0,0,0,0,0,0,0,0,0,0,0,0,0,0,0,0,0,0,0,0,0,0,0,0,0,0,0,0,0,0,0,0,0,0,0,0,0,0,0,0,0,0,0,0,0,0,0,0,0,0,0,0,0,0,0,0,0,0,0,0,0,0,0,0,0,0,0,0,0,0,0,0,0,0,0,0
9804,9775,10092,10440,11385,12444,13000,13755,15180,15950,15836,17864,18676,19680,21156,23140,25756,28457,32072,35708,38048,46624,53126,58695,64285,78960,91839,102168,123123,143840,177675,231270,296700,384636,504000,586376,555968,498713,480848,405405,0,0,0,0,0,0,0,0,0,0,0,0,0,0,0,0,0,0,0,0,0,0,0,0,0,0,0,0,0,0,0,0,0,0,0,0,0,0,0,0,0,0,0,0,0,0,0,0,0,0,0,0,0,0,0,0,0,0,0,0,0,0,0,0,0,0,0,0,0,0,0,0,0,0,0,0,0,0,0,0,0,0,0,0,0,0,0,0,0,0,0,0,0,0,0,0,0,0,0,0,0,0,0,0,0,0,0,0,0,0,0,0,0,0,0,0,0,0,0,0,0,0,0,0,0,0,0,0,0,0,0,0,0
9156,9657,10120,10800,10764,11058,12566,13650,14204,14700,15914,16610,17670,19481,21672,22144,25515,27885,30900,34992,38794,45612,53332,60264,67569,79860,93184,104760,129900,152055,189382,242000,321840,423360,548100,592704,554112,502009,488552,351625,0,0,0,0,0,0,0,0,0,0,0,0,0,0,0,0,0,0,0,0,0,0,0,0,0,0,0,0,0,0,0,0,0,0,0,0,0,0,0,0,0,0,0,0,0,0,0,0,0,0,0,0,0,0,0,0,0,0,0,0,0,0,0,0,0,0,0,0,0,0,0,0,0,0,0,0,0,0,0,0,0,0,0,0,0,0,0,0,0,0,0,0,0,0,0,0,0,0,0,0,0,0,0,0,0,0,0,0,0,0,0,0,0,0,0,0,0,0,0,0,0,0,0,0,0,0,0,0,0,0,0,0,0
9072,9213,10146,10670,11067,11800,12954,15180,14904,16023,15984,17864,18252,20570,21472,24339,28224,29520,35076,38376,44652,48951,57616,68731,78392,93726,113960,130971,163503,211470,293408,372251,518076,552544,541947,477630,434700,301182,0,0,0,0,0,0,0,0,0,0,0,0,0,0,0,0,0,0,0,0,0,0,0,0,0,0,0,0,0,0,0,0,0,0,0,0,0,0,0,0,0,0,0,0,0,0,0,0,0,0,0,0,0,0,0,0,0,0,0,0,0,0,0,0,0,0,0,0,0,0,0,0,0,0,0,0,0,0,0,0,0,0,0,0,0,0,0,0,0,0,0,0,0,0,0,0,0,0,0,0,0,0,0,0,0,0,0,0,0,0,0,0,0,0,0,0,0,0,0,0,0,0,0,0,0,0,0,0,0,0,0,0,0,0,0
8874,9765,9540,9968,10488,10488,10622,10948,11270,11368,11700,12221,12000,12322,11918,12584,13545,13056,14630,15410,14960,15651,16046,15904,16498,18997,24249,23908,21888,25168,25060,29120,32130,34869,33936,34788,35256,38304,36520,37856,37632,40762,42042,42064,45360,46299,45864,43824,45645,48495,49848,52250,55751,57918,60297,61000,61800,69660,70520,72376,75488,82586,88330,93345,90528,97608,106749,112320,116998,123234,132405,141771,145518,161200,167992,181602,188502,204765,239184,235620,255502,281370,308022,336730,362529,398816,426220,495720,622899,672588,658339,649530,672590,664986,673153,657510,618744,599530,612413,0,0,0,0,0,0,0,0,0,0,0,0,0,0,0,0,0,0,0,0,0,0,0,0,0,0,0,0,0,0,0,0,0,0,0,0,0,0,0,0,0,0,0,0,0,0,0,0,0,0,0,0,0,0,0,0,0,0,0,0,0,0,0,0,0,0,0,0,0,0,0,0,0,0
6075,6314,6156,6478,6622,6942,6764,6734,6900,6825,6882,7626,7332,7410,8064,7802,10812,11020,11446,10974,11590,12078,13570,13800,12360,12444,12360,12444,12402,11934,12852,13673,13209,13843,14300,15162,14541,15080,14985,15540,16848,16800,16638,17040,17589,17568,17908,18513,18300,20224,19840,22275,22410,22680,23256,23153,23598,24534,27029,26134,27342,27714,28388,28350,30954,33231,33005,34272,34030,36456,38628,39846,40762,44226,37625,40050,48856,51612,53389,51832,53126,55536,57603,64680,68992,69576,73710,80520,82410,87948,92722,97202,102330,107016,109052,115227,125137,134680,146475,155040,161211,171185,180576,194700,212806,228818,257600,272332,287804,319284,349734,378726,422148,474012,531536,721362,710020,715863,711828,698348,678852,647712,603160,456316,0,0,0,0,0,0,0,0,0,0,0,0,0,0,0,0,0,0,0,0,0,0,0,0,0,0,0,0,0,0,0,0,0,0,0,0,0,0,0,0,0,0,0,0,0,0,0,0,0
3431,4032,3650,4588,4884,4818,4774,4819,5382,5846,5694,5994,6075,5698,5694,5680,5925,6068,6216,6438,6622,6460,5865,6003,6643,7084,6942,6512,7084,7332,7254,7600,7392,7760,7505,7954,7600,8200,8262,8000,8100,8080,8364,8383,8798,9240,10192,9350,9680,10010,9968,10260,10235,10353,10502,11011,11970,13029,13287,13440,13390,13936,14652,15210,15351,15093,15576,16214,16864,16958,17780,18688,18900,18392,19065,18144,18522,20480,21027,22140,23290,22742,23908,25418,25230,25900,25883,29488,28576,30336,32600,31200,32636,34932,33904,36335,40020,42449,45790,48057,48250,50038,52272,54648,58206,64800,61994,64410,67104,75120,80275,84810,89010,92820,101184,105148,114400,120960,133200,139639,148764,158907,171342,183207,198198,222690,245427,269861,288610,327066,360240,410760,460080,503778,792540,843280,841840,854656,819340,794760,744502,684495,620748,0,0,0,0,0,0,0,0,0,0,0,0,0,0,0,0,0,0,0,0,0,0,0,0,0,0,0,0,0,0
6090,5796,5293,5330,5478,5292,8528,8080,8632,9116,9540,9844,9844,10340,10464,10560,10961,11286,11286,11979,11880,12423,13020,14040,13696,14170,14960,15232,16992,17343,18944,18848,20382,20305,21504,22044,24012,25276,24978,26412,28490,28424,30970,37400,39346,38232,40001,41860,42920,46256,46948,44034,46937,48514,51675,54569,54600,57800,60903,61408,64372,67620,71810,76146,81780,88080,93992,97216,103020,115401,120286,130917,138768,155688,165789,185364,203305,219584,241569,271096,313766,352506,387528,434988,526968,591430,695960,680664,691416,692472,676600,678776,637753,630176,611460,0,0,0,0,0,0,0,0,0,0,0,0,0,0,0,0,0,0,0,0,0,0,0,0,0,0,0,0,0,0,0,0,0,0,0,0,0,0,0,0,0,0,0,0,0,0,0,0,0,0,0,0,0,0,0,0,0,0,0,0,0,0,0,0,0,0,0,0,0,0,0,0,0,0,0,0,0,0
4725,4800,4218,4500,4588,4836,4898,4740,4050,4779,5063,5695,6336,6750,6975,7068,6956,6935,7663,7760,7488,7900,7828,8262,7600,8466,8904,9010,9095,8715,9116,9309,9523,9720,10246,10044,10355,10656,11300,11400,11270,12296,12600,13750,13375,13038,13860,14472,14824,17520,15933,18029,18648,19760,16698,17182,18240,18774,21156,22057,25578,25520,25696,29808,28917,31459,31234,33578,34155,37230,38280,39694,42273,41678,45267,48443,53430,54080,59296,61325,59769,68554,72996,78720,86652,93696,100170,105690,119262,127735,136045,152004,162032,181104,197109,224580,246537,277676,324405,353732,408816,489364,573431,645354,651700,643104,649854,608400,580115,455323,378720,0,0,0,0,0,0,0,0,0,0,0,0,0,0,0,0,0,0,0,0,0,0,0,0,0,0,0,0,0,0,0,0,0,0,0,0,0,0,0,0,0,0,0,0,0,0,0,0,0,0,0,0,0,0,0,0,0,0,0,0,0,0
4347,5390,7304,7134,7476,7650,6720,7885,8075,8160,7584,8282,8858,8484,8976,9464,8700,8888,8989,9588,11187,10848,10656,11286,11832,12036,12064,14430,15368,15255,16472,16380,16940,17732,17343,19350,18228,19456,19968,19995,20930,21516,21190,20286,21452,23541,26455,28764,30248,31959,32636,34569,36936,38675,38406,39200,44736,48755,51106,55080,53136,58642,60032,66456,76788,80600,91000,97416,107364,120888,132139,144096,156009,169500,180084,209250,239184,262922,299592,341310,388314,470547,843094,845130,843741,816180,781200,759328,644325,0,0,0,0,0,0,0,0,0,0,0,0,0,0,0,0,0,0,0,0,0,0,0,0,0,0,0,0,0,0,0,0,0,0,0,0,0,0,0,0,0,0,0,0,0,0,0,0,0,0,0,0,0,0,0,0,0,0,0,0,0,0,0,0,0,0,0,0,0,0,0,0,0,0,0,0,0,0,0,0,0,0,0,0
10235,10920,11328,11760,11934,12584,13589,14410,15568,15344,16756,17787,18625,17760,19096,20574,22960,27972,30600,36192,35148,40885,41360,41528,45496,46494,46683,51541,54338,53312,56056,60297,65508,66253,74256,80837,83776,88445,101515,107120,115020,126698,138000,156058,172725,188809,218250,246934,277220,321175,367521,432306,517242,780105,835840,784399,796712,827264,807120,787462,0,0,0,0,0,0,0,0,0,0,0,0,0,0,0,0,0,0,0,0,0,0,0,0,0,0,0,0,0,0,0,0,0,0,0,0,0,0,0,0,0,0,0,0,0,0,0,0,0,0,0,0,0,0,0,0,0,0,0,0,0,0,0,0,0,0,0,0,0,0,0,0,0,0,0,0,0,0,0,0,0,0,0,0,0,0,0,0,0,0,0,0,0,0,0,0,0,0,0,0,0,0,0,0,0,0,0,0,0,0,0,0,0
2860,5025,4602,4032,3675,4800,5022,5950,5610,5074,5607,5896,6324,7125,6900,6716,7238,7505,10656,10057,10904,11583,12257,13020,13208,12700,12154,13081,12928,13674,14310,13965,14840,16048,17493,18625,19685,22400,22468,23184,24882,25239,26901,27010,28539,30380,31310,34344,35310,35145,39550,39780,41412,43432,47439,51090,52599,56238,58869,64152,68907,75492,82216,85440,94116,103752,112320,132165,135864,145684,167640,193952,216293,239940,276484,314886,377304,433839,739540,693576,680823,0,0,0,0,0,0,0,0,0,0,0,0,0,0,0,0,0,0,0,0,0,0,0,0,0,0,0,0,0,0,0,0,0,0,0,0,0,0,0,0,0,0,0,0,0,0,0,0,0,0,0,0,0,0,0,0,0,0,0,0,0,0,0,0,0,0,0,0,0,0,0,0,0,0,0,0,0,0,0,0,0,0,0,0,0,0,0,0,0,0,0,0
6696,7178,8632,8137,8528,8925,9020,9408,9546,9546,10260,10573,10545,11500,11270,11858,12669,13230,13356,14388,14824,15142,14960,16302,15873,16758,18480,19685,24534,29415,32955,43660,46872,46620,45066,49765,51708,52080,55391,62730,66126,71610,79778,81852,90820,97405,112173,123359,131950,142072,157815,185364,203847,235162,277276,308415,375088,433136,514112,753043,911412,923244,934515,926076,687165,0,0,0,0,0,0,0,0,0,0,0,0,0,0,0,0,0,0,0,0,0,0,0,0,0,0,0,0,0,0,0,0,0,0,0,0,0,0,0,0,0,0,0,0,0,0,0,0,0,0,0,0,0,0,0,0,0,0,0,0,0,0,0,0,0,0,0,0,0,0,0,0,0,0,0,0,0,0,0,0,0,0,0,0,0,0,0,0,0,0,0,0,0,0,0,0,0,0,0,0,0,0,0,0,0,0,0,0
7392,7372,7644,8217,8500,8568,8383,13640,14190,17493,17520,18445,18450,23016,25520,27935,34112,38628,40194,45198,39780,43011,44250,45568,53010,52910,57330,58307,66044,70929,77625,86279,100725,105627,116472,129437,152256,168960,193444,228268,264870,313608,372561,450110,554664,879140,825630,835280,799515,762846,0,0,0,0,0,0,0,0,0,0,0,0,0,0,0,0,0,0,0,0,0,0,0,0,0,0,0,0,0,0,0,0,0,0,0,0,0,0,0,0,0,0,0,0,0,0,0,0,0,0,0,0,0,0,0,0,0,0,0,0,0,0,0,0,0,0,0,0,0,0,0,0,0,0,0,0,0,0,0,0,0,0,0,0,0,0,0,0,0,0,0,0,0,0,0,0,0,0,0,0,0,0,0,0,0,0,0,0,0,0,0,0,0,0,0,0,0,0,0,0,0,0,0
6390,6408,7900,9540,8424,8774,9350,10146,10856,10920,10925,10944,11349,12524,12960,13860,14592,14820,15196,15568,16188,17052,17136,18850,19630,20193,22908,25137,25488,28200,31752,32600,31680,33784,37800,37962,40420,42273,48546,52574,60480,63560,67725,72230,80494,87544,94875,111631,118845,136806,150553,167970,194394,225126,265680,311460,386060,484022,1021725,917027,897202,881192,0,0,0,0,0,0,0,0,0,0,0,0,0,0,0,0,0,0,0,0,0,0,0,0,0,0,0,0,0,0,0,0,0,0,0,0,0,0,0,0,0,0,0,0,0,0,0,0,0,0,0,0,0,0,0,0,0,0,0,0,0,0,0,0,0,0,0,0,0,0,0,0,0,0,0,0,0,0,0,0,0,0,0,0,0,0,0,0,0,0,0,0,0,0,0,0,0,0,0,0,0,0,0,0,0,0,0,0,0,0,0
4725,4800,4914,6248,6132,7828,8364,8774,8820,8988,9116,9592,9990,10767,11918,12200,11543,12400,12000,13184,13362,14040,14552,15587,17100,19118,22308,26671,26572,25760,26522,28914,34496,37840,39856,40869,41249,44115,48151,49762,52076,57135,63242,68904,79692,87120,96140,107996,124696,136484,153090,175084,201912,235600,277893,326480,411458,507940,736078,748936,706398,669774,0,0,0,0,0,0,0,0,0,0,0,0,0,0,0,0,0,0,0,0,0,0,0,0,0,0,0,0,0,0,0,0,0,0,0,0,0,0,0,0,0,0,0,0,0,0,0,0,0,0,0,0,0,0,0,0,0,0,0,0,0,0,0,0,0,0,0,0,0,0,0,0,0,0,0,0,0,0,0,0,0,0,0,0,0,0,0,0,0,0,0,0,0,0,0,0,0,0,0,0,0,0,0,0,0,0,0,0,0,0,0
4221,4092,3618,3848,3922,4366,5694,6132,5808,5950,6512,6643,7068,6992,7938,8500,8415,8200,8446,8811,8428,9360,10800,11700,13184,13312,13886,14148,14319,14364,14364,15180,16356,17666,18144,19050,25454,23288,26492,26607,26598,28764,30753,31312,32640,35360,38280,42136,45441,45384,53600,56924,62348,70200,76845,86500,96154,106380,119144,125568,151368,168324,194922,229510,277797,331874,398344,506715,893490,890928,807768,677040,0,0,0,0,0,0,0,0,0,0,0,0,0,0,0,0,0,0,0,0,0,0,0,0,0,0,0,0,0,0,0,0,0,0,0,0,0,0,0,0,0,0,0,0,0,0,0,0,0,0,0,0,0,0,0,0,0,0,0,0,0,0,0,0,0,0,0,0,0,0,0,0,0,0,0,0,0,0,0,0,0,0,0,0,0,0,0,0,0,0,0,0,0,0,0,0,0,0,0,0,0
3705,4745,3478,3053,4134,4312,3800,3850,4704,5418,6003,6072,5915,5310,5980,5888,6916,7050,6935,7125,8019,9460,9744,10764,11682,11210,11520,11543,12276,14040,14040,14231,15260,15840,18513,20096,20305,21600,25454,26607,26313,26026,29450,30772,33990,35568,39780,41132,45076,47760,53915,58170,63344,71278,79771,89105,94248,108625,120558,134251,154230,184920,206703,246176,310464,373014,453250,588252,834680,806675,773661,584959,0,0,0,0,0,0,0,0,0,0,0,0,0,0,0,0,0,0,0,0,0,0,0,0,0,0,0,0,0,0,0,0,0,0,0,0,0,0,0,0,0,0,0,0,0,0,0,0,0,0,0,0,0,0,0,0,0,0,0,0,0,0,0,0,0,0,0,0,0,0,0,0,0,0,0,0,0,0,0,0,0,0,0,0,0,0,0,0,0,0,0,0,0,0,0,0,0,0,0,0,0
2816,2816,3008,2904,3312,3358,3822,4560,5040,5368,5394,5766,5642,6432,6732,6887,8080,7904,9152,9064,10101,10556,11210,11716,12200,12625,12827,13910,15207,15232,15369,16731,17731,20864,22304,23124,24882,26455,28161,30240,30996,33864,37324,38325,40832,42781,48000,53998,59924,65182,71448,81940,91080,100346,111792,131532,150072,173376,210903,243750,293568,367996,460072,613050,834900,832884,807075,784545,680141,515412,0,0,0,0,0,0,0,0,0,0,0,0,0,0,0,0,0,0,0,0,0,0,0,0,0,0,0,0,0,0,0,0,0,0,0,0,0,0,0,0,0,0,0,0,0,0,0,0,0,0,0,0,0,0,0,0,0,0,0,0,0,0,0,0,0,0,0,0,0,0,0,0,0,0,0,0,0,0,0,0,0,0,0,0,0,0,0,0,0,0,0,0,0,0,0,0,0,0,0,0,0,0,0
8514,8466,10340,10272,10810,10416,13230,15327,22608,19110,24287,27318,29302,29920,30880,30240,37030,36547,40581,42108,44022,46728,53580,62730,64272,70052,86265,96612,108385,124696,142674,165990,197580,239784,293408,369886,469392,706546,685750,695392,663520,636270,0,0,0,0,0,0,0,0,0,0,0,0,0,0,0,0,0,0,0,0,0,0,0,0,0,0,0,0,0,0,0,0,0,0,0,0,0,0,0,0,0,0,0,0,0,0,0,0,0,0,0,0,0,0,0,0,0,0,0,0,0,0,0,0,0,0,0,0,0,0,0,0,0,0,0,0,0,0,0,0,0,0,0,0,0,0,0,0,0,0,0,0,0,0,0,0,0,0,0,0,0,0,0,0,0,0,0,0,0,0,0,0,0,0,0,0,0,0,0,0,0,0,0,0,0,0,0,0,0,0,0
1504,1551,1564,6375,4800,6003,6006,6324,6716,6045,6110,6204,6745,7600,10530,11280,11186,11210,11280,12000,14144,15070,15096,15540,15729,17731,18352,19656,22914,24030,27084,29876,31126,31871,36292,40480,47970,48829,54338,62640,72216,82656,93034,105260,117832,139378,154401,187796,218862,264916,334946,428032,824325,790020,732954,644422,262858,0,0,0,0,0,0,0,0,0,0,0,0,0,0,0,0,0,0,0,0,0,0,0,0,0,0,0,0,0,0,0,0,0,0,0,0,0,0,0,0,0,0,0,0,0,0,0,0,0,0,0,0,0,0,0,0,0,0,0,0,0,0,0,0,0,0,0,0,0,0,0,0,0,0,0,0,0,0,0,0,0,0,0,0,0,0,0,0,0,0,0,0,0,0,0,0,0,0,0,0,0,0,0,0,0,0,0,0,0,0,0,0,0,0,0,0
8232,7840,7505,6975,7392,7760,9030,9265,9828,10416,10829,10881,12222,12446,12250,13104,13860,14872,17464,18625,19890,20253,22935,25842,28310,31680,33034,35784,37856,39648,41652,42350,47288,50220,56430,66340,71550,78660,91545,107331,120555,143520,163680,195842,235235,292825,376035,473455,842170,850816,824466,770308,0,0,0,0,0,0,0,0,0,0,0,0,0,0,0,0,0,0,0,0,0,0,0,0,0,0,0,0,0,0,0,0,0,0,0,0,0,0,0,0,0,0,0,0,0,0,0,0,0,0,0,0,0,0,0,0,0,0,0,0,0,0,0,0,0,0,0,0,0,0,0,0,0,0,0,0,0,0,0,0,0,0,0,0,0,0,0,0,0,0,0,0,0,0,0,0,0,0,0,0,0,0,0,0,0,0,0,0,0,0,0,0,0,0,0,0,0,0,0,0,0
5229,5720,5742,5950,5494,6956,7360,7410,7644,8118,8900,9384,9450,9737,10058,10152,10080,11880,12875,14659,15290,18972,22440,21465,25311,21375,22880,26980,28710,29694,31098,36960,36729,37327,40080,44880,50232,57036,62115,68373,81317,92628,105300,126618,146268,174535,212493,259098,336274,416990,574121,726950,759990,673596,589536,0,0,0,0,0,0,0,0,0,0,0,0,0,0,0,0,0,0,0,0,0,0,0,0,0,0,0,0,0,0,0,0,0,0,0,0,0,0,0,0,0,0,0,0,0,0,0,0,0,0,0,0,0,0,0,0,0,0,0,0,0,0,0,0,0,0,0,0,0,0,0,0,0,0,0,0,0,0,0,0,0,0,0,0,0,0,0,0,0,0,0,0,0,0,0,0,0,0,0,0,0,0,0,0,0,0,0,0,0,0,0,0,0,0,0,0,0,0
3417,3082,3519,3640,4872,4730,4928,5074,5100,6052,5824,5796,6392,7128,6790,8034,9265,10080,10101,10120,10800,10980,12028,12700,12276,13596,13936,16352,16464,17969,19118,19468,22780,26607,30400,30200,34067,32860,38016,44736,46948,49725,54128,63220,73051,82075,94154,108810,121125,148520,179052,214136,265506,347300,427735,580504,914688,857643,798742,745878,581151,0,0,0,0,0,0,0,0,0,0,0,0,0,0,0,0,0,0,0,0,0,0,0,0,0,0,0,0,0,0,0,0,0,0,0,0,0,0,0,0,0,0,0,0,0,0,0,0,0,0,0,0,0,0,0,0,0,0,0,0,0,0,0,0,0,0,0,0,0,0,0,0,0,0,0,0,0,0,0,0,0,0,0,0,0,0,0,0,0,0,0,0,0,0,0,0,0,0,0,0,0,0,0,0,0,0,0,0,0,0,0,0
1995,2166,2745,2709,3384,3408,3479,3942,4070,4640,6231,6461,6580,5824,7632,8268,9612,9184,9632,10800,11532,12474,12375,11956,11900,14796,15620,16790,17214,19118,21648,24288,27528,25254,31155,33812,32760,42903,46844,48555,53530,59147,67405,77736,88646,100056,117725,142438,163845,209250,252252,328410,414828,783579,893039,832260,773210,0,0,0,0,0,0,0,0,0,0,0,0,0,0,0,0,0,0,0,0,0,0,0,0,0,0,0,0,0,0,0,0,0,0,0,0,0,0,0,0,0,0,0,0,0,0,0,0,0,0,0,0,0,0,0,0,0,0,0,0,0,0,0,0,0,0,0,0,0,0,0,0,0,0,0,0,0,0,0,0,0,0,0,0,0,0,0,0,0,0,0,0,0,0,0,0,0,0,0,0,0,0,0,0,0,0,0,0,0,0,0,0,0,0,0,0
2604,3465,4180,4081,4648,5160,4930,4611,6370,6768,7008,7644,8208,9680,10788,12078,12524,12928,13000,12900,14061,16638,16992,17228,18750,22842,26448,27115,28420,32436,36335,41268,46127,48112,53235,57546,47770,81940,90932,115236,133800,157140,194578,240160,311787,414828,554497,900756,866437,788385,668175,0,0,0,0,0,0,0,0,0,0,0,0,0,0,0,0,0,0,0,0,0,0,0,0,0,0,0,0,0,0,0,0,0,0,0,0,0,0,0,0,0,0,0,0,0,0,0,0,0,0,0,0,0,0,0,0,0,0,0,0,0,0,0,0,0,0,0,0,0,0,0,0,0,0,0,0,0,0,0,0,0,0,0,0,0,0,0,0,0,0,0,0,0,0,0,0,0,0,0,0,0,0,0,0,0,0,0,0,0,0,0,0,0,0,0,0,0,0,0,0,0,0
3008,3264,3150,4081,4674,5568,5655,5016,5130,6603,7821,8904,9434,9701,9570,10396,11224,12750,12648,12954,12524,14824,16445,17760,17936,20538,23290,23714,25576,28757,32277,36765,40182,46410,49551,53600,55872,72000,87948,107623,124616,148016,181656,224409,291110,395694,536740,899184,888624,801643,695296,0,0,0,0,0,0,0,0,0,0,0,0,0,0,0,0,0,0,0,0,0,0,0,0,0,0,0,0,0,0,0,0,0,0,0,0,0,0,0,0,0,0,0,0,0,0,0,0,0,0,0,0,0,0,0,0,0,0,0,0,0,0,0,0,0,0,0,0,0,0,0,0,0,0,0,0,0,0,0,0,0,0,0,0,0,0,0,0,0,0,0,0,0,0,0,0,0,0,0,0,0,0,0,0,0,0,0,0,0,0,0,0,0,0,0,0,0,0,0,0,0,0
3692,3922,4400,4617,5580,6370,6510,6555,7072,9990,11858,12625,11374,11956,12669,14904,15587,15904,18972,18445,22632,24167,24464,29204,33534,35738,43130,44415,49250,50432,67784,78064,85428,108080,124362,152796,192065,239391,314615,416625,876579,876645,779702,636162,0,0,0,0,0,0,0,0,0,0,0,0,0,0,0,0,0,0,0,0,0,0,0,0,0,0,0,0,0,0,0,0,0,0,0,0,0,0,0,0,0,0,0,0,0,0,0,0,0,0,0,0,0,0,0,0,0,0,0,0,0,0,0,0,0,0,0,0,0,0,0,0,0,0,0,0,0,0,0,0,0,0,0,0,0,0,0,0,0,0,0,0,0,0,0,0,0,0,0,0,0,0,0,0,0,0,0,0,0,0,0,0,0,0,0,0,0,0,0,0,0,0,0,0,0,0,0,0,0
3450,3675,4028,4212,4235,4134,3792,6840,7663,8217,9108,6887,8670,12870,12838,14896,15120,17182,20083,21250,22836,24344,29898,29336,37074,40275,44506,50400,59640,66378,73470,90207,112180,126948,171024,210357,286517,388266,755244,746050,716607,639216,0,0,0,0,0,0,0,0,0,0,0,0,0,0,0,0,0,0,0,0,0,0,0,0,0,0,0,0,0,0,0,0,0,0,0,0,0,0,0,0,0,0,0,0,0,0,0,0,0,0,0,0,0,0,0,0,0,0,0,0,0,0,0,0,0,0,0,0,0,0,0,0,0,0,0,0,0,0,0,0,0,0,0,0,0,0,0,0,0,0,0,0,0,0,0,0,0,0,0,0,0,0,0,0,0,0,0,0,0,0,0,0,0,0,0,0,0,0,0,0,0,0,0,0,0,0,0,0,0,0,0
1972,2242,3621,3478,3266,3978,3825,4104,4134,3978,4056,7068,7546,7840,8364,8944,7154,9078,9152,9919,11020,12125,11875,14170,14310,16330,18513,20328,21844,23290,27972,30070,33048,37128,42065,43575,55080,63581,72996,81656,99151,125421,154240,190104,247158,337155,447539,642096,750600,706580,624000,519350,0,0,0,0,0,0,0,0,0,0,0,0,0,0,0,0,0,0,0,0,0,0,0,0,0,0,0,0,0,0,0,0,0,0,0,0,0,0,0,0,0,0,0,0,0,0,0,0,0,0,0,0,0,0,0,0,0,0,0,0,0,0,0,0,0,0,0,0,0,0,0,0,0,0,0,0,0,0,0,0,0,0,0,0,0,0,0,0,0,0,0,0,0,0,0,0,0,0,0,0,0,0,0,0,0,0,0,0,0,0,0,0,0,0,0,0,0,0,0,0,0
4180,4180,4200,5440,5590,5655,5525,5824,5696,5915,6138,6298,6392,6555,6486,6840,6674,6486,6650,6790,7081,7326,6674,7696,6984,7650,7725,8056,8239,8453,9492,9576,9492,9576,10492,10560,9912,10148,10648,10680,10858,10736,10875,11303,11264,11557,11392,12052,12408,12220,12635,12864,13289,13365,14178,13959,15408,14443,15244,16380,16485,17227,17762,18816,18368,18592,19550,20280,20570,22050,22680,23091,23424,23680,23250,25872,26068,26201,26068,27126,28700,31050,32116,31899,35037,37584,38468,38794,39196,42000,45287,46003,47784,50048,49496,55146,54351,60996,63448,65835,69875,72332,77088,80300,84501,88572,97388,99500,106190,116450,120612,130500,133562,145730,157126,166860,172128,186144,195734,222768,239250,258720,285111,307930,330120,368704,395168,441994,499608,554466,637482,699128,766080,776910,781184,750414,756080,733700,745560,718200,690988,672510,639068,611844,576817,525223,464520,390660,231537,0,0,0,0,0,0,0,0,0,0,0,0,0,0,0,0,0,0,0,0,0,0,0,0
3922,3952,4134,4374,4648,4455,4480,4617,5040,5916,6003,6580,6674,6674,6510,8778,8855,10080,8855,9322,9840,9594,9576,9430,9520,8774,8720,10062,9628,11011,10912,11036,11214,11776,12540,13066,13426,12864,13736,14729,14544,14976,15000,15096,16940,17864,16837,17427,17898,16830,17854,19256,18924,19256,19278,20328,21824,23058,21948,23449,24024,25080,26827,28482,27636,30044,31290,33000,34804,38180,38212,39843,40762,39176,42160,49181,55554,53461,61480,60270,62220,66950,69112,73656,82570,86814,91680,100076,103983,113940,121440,131159,136880,143040,156663,167680,181272,198581,214557,229149,258720,287955,319876,346720,397032,441728,494172,579204,645468,745991,813114,857406,833625,811720,824598,811580,785088,759185,728420,703120,641576,592800,531855,441693,0,0,0,0,0,0,0,0,0,0,0,0,0,0,0,0,0,0,0,0,0,0,0,0,0,0,0,0,0,0,0,0,0,0,0,0,0,0,0,0,0,0,0,0,0,0,0,0,0
18088,19125,21384,20320,21516,21538,22632,22987,24960,25671,27068,26910,27738,27604,29607,41990,43309,50091,50400,54417,58752,63481,64757,70015,74175,80300,86747,91415,94320,102408,112052,120420,127236,142881,152653,163856,186543,204259,221250,239284,279660,314487,351918,403273,453684,528203,605983,699346,842490,864320,868670,811808,856375,881001,850497,821211,828254,745500,661371,600030,0,0,0,0,0,0,0,0,0,0,0,0,0,0,0,0,0,0,0,0,0,0,0,0,0,0,0,0,0,0,0,0,0,0,0,0,0,0,0,0,0,0,0,0,0,0,0,0,0,0,0,0,0,0,0,0,0,0,0,0,0,0,0,0,0,0,0,0,0,0,0,0,0,0,0,0,0,0,0,0,0,0,0,0,0,0,0,0,0,0,0,0,0,0,0,0,0,0,0,0,0,0,0,0,0,0,0,0,0,0,0,0,0
3185,3150,3626,4212,4108,4160,4346,4536,4897,4320,4880,4960,6120,6440,6840,7344,7777,7979,8295,8190,8268,8424,8800,9234,9639,10043,10285,10492,11704,11070,12240,11970,12555,13677,15587,15876,16006,17808,16677,17013,17820,17876,18645,19723,19992,19824,21771,21894,22932,25137,27135,29353,29870,30096,36252,38911,40630,46612,43920,42120,52455,59122,59568,66882,70173,76812,85045,88028,95985,107900,114056,117116,132192,140238,150060,168204,182575,200790,222939,251079,275023,306685,346978,404422,454608,540558,604588,733950,820863,876990,799656,827820,814752,799468,740606,742990,710304,615901,577808,482825,361050,0,0,0,0,0,0,0,0,0,0,0,0,0,0,0,0,0,0,0,0,0,0,0,0,0,0,0,0,0,0,0,0,0,0,0,0,0,0,0,0,0,0,0,0,0,0,0,0,0,0,0,0,0,0,0,0,0,0,0,0,0,0,0,0,0,0,0,0,0,0,0,0
7800,7821,8282,13910,14606,16698,16988,18460,20385,21516,22848,22378,22610,23142,24024,24366,24064,24381,27472,28842,28420,30952,30672,34342,36036,42168,44220,48300,51060,55104,58782,60172,65798,71478,75615,80625,85654,94800,115976,130014,142485,161616,178740,192528,217260,242440,274525,308384,355016,417894,500420,601380,681355,802230,850212,849984,853760,816208,809560,802116,807756,794313,674806,581847,0,0,0,0,0,0,0,0,0,0,0,0,0,0,0,0,0,0,0,0,0,0,0,0,0,0,0,0,0,0,0,0,0,0,0,0,0,0,0,0,0,0,0,0,0,0,0,0,0,0,0,0,0,0,0,0,0,0,0,0,0,0,0,0,0,0,0,0,0,0,0,0,0,0,0,0,0,0,0,0,0,0,0,0,0,0,0,0,0,0,0,0,0,0,0,0,0,0,0,0,0,0,0,0,0,0,0,0,0
10680,10769,11718,12771,13130,12600,12672,12300,13932,14497,15368,16215,16472,17135,18942,20096,18634,20640,22657,22304,22244,23009,25340,28459,27495,29232,32266,34277,38078,36498,39688,43092,42164,45762,52921,52266,65044,72240,79420,89864,97908,107226,116946,130284,141120,162540,175389,199056,229896,260040,306850,363772,432222,515442,605453,701624,782236,833952,798555,796492,788053,771012,785200,774092,707025,598518,0,0,0,0,0,0,0,0,0,0,0,0,0,0,0,0,0,0,0,0,0,0,0,0,0,0,0,0,0,0,0,0,0,0,0,0,0,0,0,0,0,0,0,0,0,0,0,0,0,0,0,0,0,0,0,0,0,0,0,0,0,0,0,0,0,0,0,0,0,0,0,0,0,0,0,0,0,0,0,0,0,0,0,0,0,0,0,0,0,0,0,0,0,0,0,0,0,0,0,0,0,0,0,0,0,0,0
8938,9184,8938,10179,11439,12707,14768,14872,15038,16632,16524,17365,17160,18080,18630,19352,20708,21279,22860,25326,24656,28028,30044,29930,30429,35045,36795,37241,43750,44781,49025,49395,52076,58904,60976,69520,77634,80618,88028,90960,104748,110021,131904,147974,163254,184680,213010,233988,274284,317550,370798,447894,553335,680939,787060,963086,956928,940867,949824,919080,875680,839982,744720,638154,469315,0,0,0,0,0,0,0,0,0,0,0,0,0,0,0,0,0,0,0,0,0,0,0,0,0,0,0,0,0,0,0,0,0,0,0,0,0,0,0,0,0,0,0,0,0,0,0,0,0,0,0,0,0,0,0,0,0,0,0,0,0,0,0,0,0,0,0,0,0,0,0,0,0,0,0,0,0,0,0,0,0,0,0,0,0,0,0,0,0,0,0,0,0,0,0,0,0,0,0,0,0,0,0,0,0,0,0,0
17969,19520,20066,22317,23184,27674,26715,29329,31290,41249,47056,51057,57135,59280,65280,70015,79072,86710,95200,99533,108885,129060,144060,162096,177276,216832,242823,288319,333688,401884,489090,569140,620800,673200,739632,684204,653462,621184,562212,487375,405788,212192,73984,0,0,0,0,0,0,0,0,0,0,0,0,0,0,0,0,0,0,0,0,0,0,0,0,0,0,0,0,0,0,0,0,0,0,0,0,0,0,0,0,0,0,0,0,0,0,0,0,0,0,0,0,0,0,0,0,0,0,0,0,0,0,0,0,0,0,0,0,0,0,0,0,0,0,0,0,0,0,0,0,0,0,0,0,0,0,0,0,0,0,0,0,0,0,0,0,0,0,0,0,0,0,0,0,0,0,0,0,0,0,0,0,0,0,0,0,0,0,0,0,0,0,0,0,0,0,0,0,0,0
20984,21771,22987,24120,26838,28171,29376,30694,34164,36960,41724,46898,46540,52264,61408,65481,66963,78874,82592,99944,111280,123924,143264,166152,193545,209202,258725,307440,359114,444500,510788,544680,579012,625602,577599,577752,553109,504108,440160,341320,214500,0,0,0,0,0,0,0,0,0,0,0,0,0,0,0,0,0,0,0,0,0,0,0,0,0,0,0,0,0,0,0,0,0,0,0,0,0,0,0,0,0,0,0,0,0,0,0,0,0,0,0,0,0,0,0,0,0,0,0,0,0,0,0,0,0,0,0,0,0,0,0,0,0,0,0,0,0,0,0,0,0,0,0,0,0,0,0,0,0,0,0,0,0,0,0,0,0,0,0,0,0,0,0,0,0,0,0,0,0,0,0,0,0,0,0,0,0,0,0,0,0,0,0,0,0,0,0,0,0,0,0,0
6528,8216,9918,15029,18997,20000,19720,21294,22632,22733,26384,32780,31458,35960,33369,40920,43605,41624,50220,53482,59558,65800,70350,78234,86612,98208,109039,114668,142349,152304,173328,205561,245434,278584,333504,414821,518949,644591,833976,866765,897884,855945,873000,785852,703021,612458,0,0,0,0,0,0,0,0,0,0,0,0,0,0,0,0,0,0,0,0,0,0,0,0,0,0,0,0,0,0,0,0,0,0,0,0,0,0,0,0,0,0,0,0,0,0,0,0,0,0,0,0,0,0,0,0,0,0,0,0,0,0,0,0,0,0,0,0,0,0,0,0,0,0,0,0,0,0,0,0,0,0,0,0,0,0,0,0,0,0,0,0,0,0,0,0,0,0,0,0,0,0,0,0,0,0,0,0,0,0,0,0,0,0,0,0,0,0,0,0,0,0,0,0,0,0,0
3588,7100,11160,11938,12864,12864,13580,14484,14523,15515,15660,16352,17433,19965,20750,22528,21204,31950,31408,35256,38880,42000,42757,45153,51404,61800,65208,70414,78075,87600,101706,117390,136770,156555,178416,202842,238226,287749,342882,431262,535626,660285,791792,866792,835380,810110,767859,713150,503685,318519,0,0,0,0,0,0,0,0,0,0,0,0,0,0,0,0,0,0,0,0,0,0,0,0,0,0,0,0,0,0,0,0,0,0,0,0,0,0,0,0,0,0,0,0,0,0,0,0,0,0,0,0,0,0,0,0,0,0,0,0,0,0,0,0,0,0,0,0,0,0,0,0,0,0,0,0,0,0,0,0,0,0,0,0,0,0,0,0,0,0,0,0,0,0,0,0,0,0,0,0,0,0,0,0,0,0,0,0,0,0,0,0,0,0,0,0,0,0,0,0,0,0,0
4108,4158,4424,6816,18135,20933,20691,21472,26248,26666,28078,38318,39935,43575,46374,53580,58672,64478,74520,87556,92303,97960,115983,137886,153918,176580,214434,247269,300720,379204,502231,625869,771357,842250,916830,848178,821996,731838,636751,512397,334900,0,0,0,0,0,0,0,0,0,0,0,0,0,0,0,0,0,0,0,0,0,0,0,0,0,0,0,0,0,0,0,0,0,0,0,0,0,0,0,0,0,0,0,0,0,0,0,0,0,0,0,0,0,0,0,0,0,0,0,0,0,0,0,0,0,0,0,0,0,0,0,0,0,0,0,0,0,0,0,0,0,0,0,0,0,0,0,0,0,0,0,0,0,0,0,0,0,0,0,0,0,0,0,0,0,0,0,0,0,0,0,0,0,0,0,0,0,0,0,0,0,0,0,0,0,0,0,0,0,0,0,0
14960,15400,42408,46879,48928,56322,61800,68264,72792,80230,90090,110925,130640,155118,186592,221544,267456,331796,419616,553284,698324,823188,797560,797776,753063,698633,615164,0,0,0,0,0,0,0,0,0,0,0,0,0,0,0,0,0,0,0,0,0,0,0,0,0,0,0,0,0,0,0,0,0,0,0,0,0,0,0,0,0,0,0,0,0,0,0,0,0,0,0,0,0,0,0,0,0,0,0,0,0,0,0,0,0,0,0,0,0,0,0,0,0,0,0,0,0,0,0,0,0,0,0,0,0,0,0,0,0,0,0,0,0,0,0,0,0,0,0,0,0,0,0,0,0,0,0,0,0,0,0,0,0,0,0,0,0,0,0,0,0,0,0,0,0,0,0,0,0,0,0,0,0,0,0,0,0,0,0,0,0,0,0,0,0,0
7700,7828,10374,10948,11316,11718,13205,14420,14734,15984,16611,19602,21750,26741,28258,28512,29600,35112,37908,42700,46288,50964,55440,61690,75582,83030,99448,112140,130077,151146,179424,211992,251904,323380,400320,512400,698298,781632,752058,758550,699940,626362,545808,388570,0,0,0,0,0,0,0,0,0,0,0,0,0,0,0,0,0,0,0,0,0,0,0,0,0,0,0,0,0,0,0,0,0,0,0,0,0,0,0,0,0,0,0,0,0,0,0,0,0,0,0,0,0,0,0,0,0,0,0,0,0,0,0,0,0,0,0,0,0,0,0,0,0,0,0,0,0,0,0,0,0,0,0,0,0,0,0,0,0,0,0,0,0,0,0,0,0,0,0,0,0,0,0,0,0,0,0,0,0,0,0,0,0,0,0,0,0,0,0,0,0,0,0,0,0,0,0,0,0
8991,9184,19520,21976,33327,33078,34476,34720,41895,46636,47348,61182,69630,79072,84113,93508,112491,136656,175104,199525,232470,302120,387036,514745,690349,762550,793000,771112,699550,651726,501414,0,0,0,0,0,0,0,0,0,0,0,0,0,0,0,0,0,0,0,0,0,0,0,0,0,0,0,0,0,0,0,0,0,0,0,0,0,0,0,0,0,0,0,0,0,0,0,0,0,0,0,0,0,0,0,0,0,0,0,0,0,0,0,0,0,0,0,0,0,0,0,0,0,0,0,0,0,0,0,0,0,0,0,0,0,0,0,0,0,0,0,0,0,0,0,0,0,0,0,0,0,0,0,0,0,0,0,0,0,0,0,0,0,0,0,0,0,0,0,0,0,0,0,0,0,0,0,0,0,0,0,0,0,0,0,0,0,0,0,0,0,0
6720,6768,6555,7030,10591,11316,10680,11562,12384,13365,13433,14976,16385,16799,18354,20008,19220,20640,24660,26226,25893,31861,34958,39283,42212,45900,50499,57524,63135,75082,84777,96222,119511,147376,171675,208736,261124,330488,415645,565866,645656,637253,633402,576460,535062,448944,304935,0,0,0,0,0,0,0,0,0,0,0,0,0,0,0,0,0,0,0,0,0,0,0,0,0,0,0,0,0,0,0,0,0,0,0,0,0,0,0,0,0,0,0,0,0,0,0,0,0,0,0,0,0,0,0,0,0,0,0,0,0,0,0,0,0,0,0,0,0,0,0,0,0,0,0,0,0,0,0,0,0,0,0,0,0,0,0,0,0,0,0,0,0,0,0,0,0,0,0,0,0,0,0,0,0,0,0,0,0,0,0,0,0,0,0,0,0,0,0,0,0,0,0,0,0,0
9632,10234,20925,22005,26271,27974,30135,32680,42251,57618,64960,73428,84217,95108,114318,130467,158469,205668,249197,328853,428421,593467,740586,711810,709401,666166,571140,0,0,0,0,0,0,0,0,0,0,0,0,0,0,0,0,0,0,0,0,0,0,0,0,0,0,0,0,0,0,0,0,0,0,0,0,0,0,0,0,0,0,0,0,0,0,0,0,0,0,0,0,0,0,0,0,0,0,0,0,0,0,0,0,0,0,0,0,0,0,0,0,0,0,0,0,0,0,0,0,0,0,0,0,0,0,0,0,0,0,0,0,0,0,0,0,0,0,0,0,0,0,0,0,0,0,0,0,0,0,0,0,0,0,0,0,0,0,0,0,0,0,0,0,0,0,0,0,0,0,0,0,0,0,0,0,0,0,0,0,0,0,0,0,0,0
10005,12036,20790,20511,22806,30173,41634,52440,59494,63504,76431,86791,97512,113851,134991,168360,215904,267190,362070,501177,649952,700637,683936,648960,572628,461416,223200,0,0,0,0,0,0,0,0,0,0,0,0,0,0,0,0,0,0,0,0,0,0,0,0,0,0,0,0,0,0,0,0,0,0,0,0,0,0,0,0,0,0,0,0,0,0,0,0,0,0,0,0,0,0,0,0,0,0,0,0,0,0,0,0,0,0,0,0,0,0,0,0,0,0,0,0,0,0,0,0,0,0,0,0,0,0,0,0,0,0,0,0,0,0,0,0,0,0,0,0,0,0,0,0,0,0,0,0,0,0,0,0,0,0,0,0,0,0,0,0,0,0,0,0,0,0,0,0,0,0,0,0,0,0,0,0,0,0,0,0,0,0,0,0,0,0
9324,9890,10591,13860,18304,20400,19932,28059,35866,39366,55272,63282,69290,81088,94872,109298,132328,164325,209241,260906,355712,489472,647488,730590,721500,690973,618144,469914,243688,0,0,0,0,0,0,0,0,0,0,0,0,0,0,0,0,0,0,0,0,0,0,0,0,0,0,0,0,0,0,0,0,0,0,0,0,0,0,0,0,0,0,0,0,0,0,0,0,0,0,0,0,0,0,0,0,0,0,0,0,0,0,0,0,0,0,0,0,0,0,0,0,0,0,0,0,0,0,0,0,0,0,0,0,0,0,0,0,0,0,0,0,0,0,0,0,0,0,0,0,0,0,0,0,0,0,0,0,0,0,0,0,0,0,0,0,0,0,0,0,0,0,0,0,0,0,0,0,0,0,0,0,0,0,0,0,0,0,0,0,0,0,0,0
10146,10736,13932,19370,20460,22278,24912,26100,27985,36340,42168,47025,62449,69720,80726,96714,111020,131040,164112,203550,267020,367200,505920,692511,784494,752247,699940,482784,0,0,0,0,0,0,0,0,0,0,0,0,0,0,0,0,0,0,0,0,0,0,0,0,0,0,0,0,0,0,0,0,0,0,0,0,0,0,0,0,0,0,0,0,0,0,0,0,0,0,0,0,0,0,0,0,0,0,0,0,0,0,0,0,0,0,0,0,0,0,0,0,0,0,0,0,0,0,0,0,0,0,0,0,0,0,0,0,0,0,0,0,0,0,0,0,0,0,0,0,0,0,0,0,0,0,0,0,0,0,0,0,0,0,0,0,0,0,0,0,0,0,0,0,0,0,0,0,0,0,0,0,0,0,0,0,0,0,0,0,0,0,0,0,0
8800,14605,18669,19240,16352,22440,23290,25432,26271,32700,31080,36192,40338,62200,66000,80682,89539,104975,126286,149350,201026,266726,357600,506012,655910,711981,712530,631881,520584,344615,0,0,0,0,0,0,0,0,0,0,0,0,0,0,0,0,0,0,0,0,0,0,0,0,0,0,0,0,0,0,0,0,0,0,0,0,0,0,0,0,0,0,0,0,0,0,0,0,0,0,0,0,0,0,0,0,0,0,0,0,0,0,0,0,0,0,0,0,0,0,0,0,0,0,0,0,0,0,0,0,0,0,0,0,0,0,0,0,0,0,0,0,0,0,0,0,0,0,0,0,0,0,0,0,0,0,0,0,0,0,0,0,0,0,0,0,0,0,0,0,0,0,0,0,0,0,0,0,0,0,0,0,0,0,0,0,0,0,0,0,0,0,0
14652,14933,17160,17064,18421,17584,19323,21420,24130,24830,26600,28980,30870,38962,43092,45936,58806,69090,78402,90475,108630,126672,174376,210872,282580,371092,547250,670335,650670,623610,554925,430550,199626,0,0,0,0,0,0,0,0,0,0,0,0,0,0,0,0,0,0,0,0,0,0,0,0,0,0,0,0,0,0,0,0,0,0,0,0,0,0,0,0,0,0,0,0,0,0,0,0,0,0,0,0,0,0,0,0,0,0,0,0,0,0,0,0,0,0,0,0,0,0,0,0,0,0,0,0,0,0,0,0,0,0,0,0,0,0,0,0,0,0,0,0,0,0,0,0,0,0,0,0,0,0,0,0,0,0,0,0,0,0,0,0,0,0,0,0,0,0,0,0,0,0,0,0,0,0,0,0,0,0,0,0,0,0,0,0,0,0,0,0
14410,15042,14595,16324,16583,16120,24130,26578,33220,41334,46025,53580,62511,68848,81549,96714,116772,145632,183680,248270,328704,458926,618135,659694,632043,546840,449684,248160,0,0,0,0,0,0,0,0,0,0,0,0,0,0,0,0,0,0,0,0,0,0,0,0,0,0,0,0,0,0,0,0,0,0,0,0,0,0,0,0,0,0,0,0,0,0,0,0,0,0,0,0,0,0,0,0,0,0,0,0,0,0,0,0,0,0,0,0,0,0,0,0,0,0,0,0,0,0,0,0,0,0,0,0,0,0,0,0,0,0,0,0,0,0,0,0,0,0,0,0,0,0,0,0,0,0,0,0,0,0,0,0,0,0,0,0,0,0,0,0,0,0,0,0,0,0,0,0,0,0,0,0,0,0,0,0,0,0,0,0,0,0,0,0,0
3276,5508,5632,8670,9900,18228,17700,18683,19239,21106,22263,24552,25080,27398,30672,33060,41492,48372,54717,64722,75615,90581,110670,136080,177973,224224,308924,437886,547084,615570,567256,490595,385917,171976,0,0,0,0,0,0,0,0,0,0,0,0,0,0,0,0,0,0,0,0,0,0,0,0,0,0,0,0,0,0,0,0,0,0,0,0,0,0,0,0,0,0,0,0,0,0,0,0,0,0,0,0,0,0,0,0,0,0,0,0,0,0,0,0,0,0,0,0,0,0,0,0,0,0,0,0,0,0,0,0,0,0,0,0,0,0,0,0,0,0,0,0,0,0,0,0,0,0,0,0,0,0,0,0,0,0,0,0,0,0,0,0,0,0,0,0,0,0,0,0,0,0,0,0,0,0,0,0,0,0,0,0,0,0,0,0,0,0,0
4446,10260,10640,16724,18696,17172,19140,21063,24066,25740,29469,35960,37510,53768,59058,70305,79788,100528,121769,150150,198660,271212,377055,490600,542488,525609,422450,326698,136528,0,0,0,0,0,0,0,0,0,0,0,0,0,0,0,0,0,0,0,0,0,0,0,0,0,0,0,0,0,0,0,0,0,0,0,0,0,0,0,0,0,0,0,0,0,0,0,0,0,0,0,0,0,0,0,0,0,0,0,0,0,0,0,0,0,0,0,0,0,0,0,0,0,0,0,0,0,0,0,0,0,0,0,0,0,0,0,0,0,0,0,0,0,0,0,0,0,0,0,0,0,0,0,0,0,0,0,0,0,0,0,0,0,0,0,0,0,0,0,0,0,0,0,0,0,0,0,0,0,0,0,0,0,0,0,0,0,0,0,0,0,0,0,0
5518,8112,19764,20172,22444,22680,25090,26268,28380,33300,38236,45461,49525,61600,66400,82212,101260,125345,161345,207060,287620,398125,508164,595850,520100,433550,339710,0,0,0,0,0,0,0,0,0,0,0,0,0,0,0,0,0,0,0,0,0,0,0,0,0,0,0,0,0,0,0,0,0,0,0,0,0,0,0,0,0,0,0,0,0,0,0,0,0,0,0,0,0,0,0,0,0,0,0,0,0,0,0,0,0,0,0,0,0,0,0,0,0,0,0,0,0,0,0,0,0,0,0,0,0,0,0,0,0,0,0,0,0,0,0,0,0,0,0,0,0,0,0,0,0,0,0,0,0,0,0,0,0,0,0,0,0,0,0,0,0,0,0,0,0,0,0,0,0,0,0,0,0,0,0,0,0,0,0,0,0,0,0,0,0,0
5073,5073,5192,5104,5251,5733,5490,5518,5429,5310,5369,5642,5607,7957,8100,7738,8284,8393,8346,8580,15038,16956,26688,28616,31518,33920,32032,33920,35616,38817,43920,47564,47360,46336,47170,49914,52921,56644,61206,60255,62088,70263,72795,74820,76082,80640,85144,88298,97750,104648,108992,112992,123305,130245,141226,145564,156312,168846,188940,205870,220341,230868,252375,285928,319278,339347,368648,424072,480637,551784,651021,803580,906240,1018776,1060605,1123681,1068120,993600,1019363,980463,958048,957480,936472,916060,868000,809880,754450,681210,583500,0,0,0,0,0,0,0,0,0,0,0,0,0,0,0,0,0,0,0,0,0,0,0,0,0,0,0,0,0,0,0,0,0,0,0,0,0,0,0,0,0,0,0,0,0,0,0,0,0,0,0,0,0,0,0,0,0,0,0,0,0,0,0,0,0,0,0,0,0,0,0,0,0,0,0,0,0,0,0,0,0,0,0,0
6390,7548,7128,7000,7300,10235,10092,12672,13300,14039,14280,14140,15408,15194,15805,16872,18096,17538,16692,18354,19656,19352,20460,22876,22326,23876,24510,25414,25807,26460,27440,29088,27000,29887,30932,32224,33744,36504,36581,37440,40338,42840,43492,45584,47259,51060,54912,57720,60501,64999,65600,72118,74919,80960,82992,88307,94770,99000,107158,110460,126567,135780,140640,153193,162816,180395,193101,209051,229053,256610,279265,315669,346320,402087,448896,508270,584133,687660,738752,789327,827820,812132,816669,822926,835142,781747,762200,734088,720477,671104,660820,593120,514855,406894,0,0,0,0,0,0,0,0,0,0,0,0,0,0,0,0,0,0,0,0,0,0,0,0,0,0,0,0,0,0,0,0,0,0,0,0,0,0,0,0,0,0,0,0,0,0,0,0,0,0,0,0,0,0,0,0,0,0,0,0,0,0,0,0,0,0,0,0,0,0,0,0,0,0,0,0,0,0,0
2183,2400,2360,2360,2419,2301,2360,2460,2340,2301,2337,2520,2537,2684,2623,2400,2898,3216,3468,3657,3657,3366,3366,3055,3136,3468,3621,4070,4104,4104,4144,4408,4275,4484,4560,4543,4389,4758,4774,5214,5589,5427,5589,5576,5676,6110,5963,6016,6499,5984,6003,6230,6351,6336,6882,6882,6816,6984,6887,7081,6935,6956,7326,7600,7904,7488,7828,7854,8058,7979,8320,8034,8058,8632,8798,8736,8944,8961,9030,9435,10384,10502,10472,10530,10440,10769,11739,12540,12784,13064,13824,13959,14000,14280,14200,15038,14892,16050,17004,16350,18096,18924,19764,19602,20172,21463,21248,23142,24030,24888,25298,25806,28764,31228,33000,33813,32250,35934,36340,39412,39674,41211,43983,47545,51145,55000,56990,59655,62816,68452,69300,73248,74520,85293,86868,89873,101518,102305,116343,137025,146250,163445,177408,188640,202032,220578,249885,283584,313484,338520,389772,423688,496800,596970,685440,858228,1019844,1119746,1165552,1110048,1162956,1070296,1066451,1029076,988380,986832,936540,901702,840448,0,0,0,0
3358,3476,3634,3542,5952,6175,6080,6365,6336,6596,6900,7210,7738,7992,8025,8316,8547,8580,8880,8640,8938,9296,8814,9048,9804,9890,10115,10370,10769,11070,11430,11880,12194,12648,13440,13818,14200,14729,16157,16112,16218,17050,17113,18193,19873,21538,22326,23250,24320,25026,25545,26462,26130,28620,29885,31020,33744,37760,39772,41416,41000,47921,49762,54498,57222,60988,67445,72546,77129,83763,91096,101250,109739,120496,131040,147864,166991,181057,204514,246181,269102,303688,343076,412592,495803,574000,627170,638154,620459,611976,609167,593738,567942,531576,509848,467258,414672,347048,0,0,0,0,0,0,0,0,0,0,0,0,0,0,0,0,0,0,0,0,0,0,0,0,0,0,0,0,0,0,0,0,0,0,0,0,0,0,0,0,0,0,0,0,0,0,0,0,0,0,0,0,0,0,0,0,0,0,0,0,0,0,0,0,0,0,0,0,0,0,0,0,0,0,0
4104,4004,3724,4187,3950,3900,4108,4028,4004,4187,4290,4880,4897,5100,5355,5340,5481,5824,6298,6324,6510,6256,6768,6790,6693,7575,7400,7752,8008,8814,8740,8470,8960,9040,9266,9996,10234,10947,11000,11481,11970,11830,11830,11960,11739,11685,12672,12900,13110,14100,14352,15096,15515,16677,18306,19723,20008,19588,20787,22912,23296,24816,24816,26441,28905,32163,31311,31588,33201,36656,38880,39935,41236,43940,48416,53676,56356,60770,68160,72709,80585,87966,91512,101656,113162,123690,138761,151515,169839,186732,208288,246176,273070,321160,373860,440726,522084,632138,693792,720888,675180,678591,705970,693240,703812,671181,650084,668252,620400,530008,0,0,0,0,0,0,0,0,0,0,0,0,0,0,0,0,0,0,0,0,0,0,0,0,0,0,0,0,0,0,0,0,0,0,0,0,0,0,0,0,0,0,0,0,0,0,0,0,0,0,0,0,0,0,0,0,0,0,0,0,0,0,0
33823,31968,34656,35037,39360,89425,97639,89208,99974,121542,127604,132900,142496,144770,164500,176814,201843,228651,259692,290758,353721,408204,468540,586421,1207960,1197035,1155626,1039168,1010500,1008288,940720,0,0,0,0,0,0,0,0,0,0,0,0,0,0,0,0,0,0,0,0,0,0,0,0,0,0,0,0,0,0,0,0,0,0,0,0,0,0,0,0,0,0,0,0,0,0,0,0,0,0,0,0,0,0,0,0,0,0,0,0,0,0,0,0,0,0,0,0,0,0,0,0,0,0,0,0,0,0,0,0,0,0,0,0,0,0,0,0,0,0,0,0,0,0,0,0,0,0,0,0,0,0,0,0,0,0,0,0,0,0,0,0,0,0,0,0,0,0,0,0,0,0,0,0,0,0,0,0,0,0,0,0,0,0,0,0,0,0,0,0,0,0
2368,2508,2993,3330,3404,3750,3626,3600,3431,3266,3220,3650,3675,3850,3572,3950,3950,4134,4004,4104,4125,4312,4536,4928,4984,5278,4950,4959,5130,5820,5568,5394,5673,6080,6204,6016,6120,6580,6912,7425,7128,7326,8216,8137,8008,8611,8690,8580,8991,9520,10824,11088,11036,11830,12126,12784,12544,12319,12768,12672,13493,14310,15264,16241,16500,16799,18720,20500,21082,21080,21672,24420,25080,24700,25284,29376,30723,32400,34918,36110,38070,41082,43925,46288,48129,51612,57514,64777,66744,76489,83660,92232,100360,111110,124392,136500,154077,176816,195296,226314,269531,304725,365025,437242,533900,641235,716380,722680,707940,690645,695196,695083,657666,645161,632016,584430,0,0,0,0,0,0,0,0,0,0,0,0,0,0,0,0,0,0,0,0,0,0,0,0,0,0,0,0,0,0,0,0,0,0,0,0,0,0,0,0,0,0,0,0,0,0,0,0,0,0,0,0,0,0,0,0,0
2850,2900,3068,3050,3050,3328,3380,3551,3328,3564,3498,3564,3588,3888,3976,3888,3942,3960,4200,4389,4466,4602,4560,4503,4740,4819,4697,4575,4928,4928,5372,5293,5829,5632,8910,9072,9156,11187,12065,12416,12838,12730,13328,13524,14586,14280,14317,14734,15914,14204,14659,15651,16317,16895,19118,26865,28842,32264,36890,40755,42066,45672,50505,54126,59160,65730,69660,74580,83752,92008,99705,114264,117546,130815,144600,161928,186186,204125,244076,287527,333250,382592,464600,591552,749970,969465,1005372,993496,937020,952200,900340,895475,844155,735900,648698,0,0,0,0,0,0,0,0,0,0,0,0,0,0,0,0,0,0,0,0,0,0,0,0,0,0,0,0,0,0,0,0,0,0,0,0,0,0,0,0,0,0,0,0,0,0,0,0,0,0,0,0,0,0,0,0,0,0,0,0,0,0,0,0,0,0,0,0,0,0,0,0,0,0,0,0,0,0
3848,3825,4200,4144,4290,5796,5760,6231,6510,6486,7931,8034,8701,8892,9266,9462,10578,10578,10788,11214,11440,12194,12012,11830,11997,12502,13000,14204,15087,15141,15336,16060,18212,20212,20625,20570,21625,23562,24552,25212,25938,29664,32550,32767,35011,38232,40672,42168,46458,48870,54150,57820,65296,72885,81066,91383,100084,111248,124483,141804,163016,183744,210900,260984,293854,349440,424080,543753,638380,710360,694529,680430,690144,695083,656502,635700,614250,556724,457173,0,0,0,0,0,0,0,0,0,0,0,0,0,0,0,0,0,0,0,0,0,0,0,0,0,0,0,0,0,0,0,0,0,0,0,0,0,0,0,0,0,0,0,0,0,0,0,0,0,0,0,0,0,0,0,0,0,0,0,0,0,0,0,0,0,0,0,0,0,0,0,0,0,0,0,0,0,0,0,0,0,0,0,0,0,0,0,0,0,0,0,0,0,0
6674,6650,9280,9085,9072,9348,10332,9828,10440,11284,10736,11648,11466,11684,11834,12672,13635,14204,14935,19844,20541,20520,24104,24656,24497,27522,32100,32742,33325,36024,38962,41160,46025,48508,54720,59496,64370,73813,82360,90750,102696,114264,130830,146630,176114,198738,238779,281149,347270,430065,536760,668043,714758,696141,698625,709618,716787,671066,634560,615264,0,0,0,0,0,0,0,0,0,0,0,0,0,0,0,0,0,0,0,0,0,0,0,0,0,0,0,0,0,0,0,0,0,0,0,0,0,0,0,0,0,0,0,0,0,0,0,0,0,0,0,0,0,0,0,0,0,0,0,0,0,0,0,0,0,0,0,0,0,0,0,0,0,0,0,0,0,0,0,0,0,0,0,0,0,0,0,0,0,0,0,0,0,0,0,0,0,0,0,0,0,0,0,0,0,0,0,0,0,0,0,0,0
3350,3431,7104,7125,11439,12513,13464,13344,13095,13464,14112,14626,20336,24030,24656,24948,27777,30932,35112,39360,43433,45315,48400,53856,62220,71500,80358,86376,98048,114816,126871,143148,170134,194732,231190,270675,336156,406780,528409,668058,905022,999978,942267,958440,871792,863388,803488,708939,0,0,0,0,0,0,0,0,0,0,0,0,0,0,0,0,0,0,0,0,0,0,0,0,0,0,0,0,0,0,0,0,0,0,0,0,0,0,0,0,0,0,0,0,0,0,0,0,0,0,0,0,0,0,0,0,0,0,0,0,0,0,0,0,0,0,0,0,0,0,0,0,0,0,0,0,0,0,0,0,0,0,0,0,0,0,0,0,0,0,0,0,0,0,0,0,0,0,0,0,0,0,0,0,0,0,0,0,0,0,0,0,0,0,0,0,0,0,0,0,0,0,0,0,0
2310,6300,6188,8470,8769,9006,8927,9315,10370,9718,10736,10502,10502,12288,13167,14443,16576,16650,18170,19422,19352,21824,25021,26467,28634,29962,32767,34697,36735,39609,45153,51150,57720,64777,71068,78975,88929,100838,118525,133608,159390,183726,223944,270655,317520,397787,527520,665608,686952,663680,667500,651592,614346,590060,531380,437803,0,0,0,0,0,0,0,0,0,0,0,0,0,0,0,0,0,0,0,0,0,0,0,0,0,0,0,0,0,0,0,0,0,0,0,0,0,0,0,0,0,0,0,0,0,0,0,0,0,0,0,0,0,0,0,0,0,0,0,0,0,0,0,0,0,0,0,0,0,0,0,0,0,0,0,0,0,0,0,0,0,0,0,0,0,0,0,0,0,0,0,0,0,0,0,0,0,0,0,0,0,0,0,0,0,0,0,0,0,0,0,0,0,0,0,0,0
4988,5544,5696,5720,9360,24435,26554,33813,36612,37996,40053,48780,68094,62608,67410,77488,86480,95839,102510,120781,153468,158884,179154,206480,254017,312475,384580,495768,710655,966826,1031155,1070660,967600,929775,898667,746375,0,0,0,0,0,0,0,0,0,0,0,0,0,0,0,0,0,0,0,0,0,0,0,0,0,0,0,0,0,0,0,0,0,0,0,0,0,0,0,0,0,0,0,0,0,0,0,0,0,0,0,0,0,0,0,0,0,0,0,0,0,0,0,0,0,0,0,0,0,0,0,0,0,0,0,0,0,0,0,0,0,0,0,0,0,0,0,0,0,0,0,0,0,0,0,0,0,0,0,0,0,0,0,0,0,0,0,0,0,0,0,0,0,0,0,0,0,0,0,0,0,0,0,0,0,0,0,0,0,0,0,0,0,0,0,0,0
3869,3942,4758,4602,4680,5002,4860,5628,5762,5655,5896,6461,6552,6570,7238,6789,7178,7200,6862,6768,8736,10010,10080,10502,10502,10148,11088,11316,11590,11970,12707,13200,14840,16720,18328,19440,20460,21080,23628,26325,27832,28826,31290,34188,37209,40898,41164,45212,48151,55584,62220,69536,79200,91718,110390,120807,146481,164775,199963,239528,309276,387633,477184,657096,837168,846156,913770,830417,762450,768450,713140,592762,0,0,0,0,0,0,0,0,0,0,0,0,0,0,0,0,0,0,0,0,0,0,0,0,0,0,0,0,0,0,0,0,0,0,0,0,0,0,0,0,0,0,0,0,0,0,0,0,0,0,0,0,0,0,0,0,0,0,0,0,0,0,0,0,0,0,0,0,0,0,0,0,0,0,0,0,0,0,0,0,0,0,0,0,0,0,0,0,0,0,0,0,0,0,0,0,0,0,0,0,0
2240,2280,2262,2360,2242,2301,2337,2280,2436,2460,2562,2806,3185,3200,3216,3551,3550,3456,3848,3927,4070,4424,4898,4774,5063,5504,5504,5632,5394,9006,9120,11092,10384,10848,11368,11400,11583,16539,18392,19964,23368,24420,27105,27440,33480,46110,49225,57078,64163,72760,84708,92202,110160,131424,155040,178653,218163,259184,330274,425320,595008,803862,921825,938126,941031,874866,822204,711552,0,0,0,0,0,0,0,0,0,0,0,0,0,0,0,0,0,0,0,0,0,0,0,0,0,0,0,0,0,0,0,0,0,0,0,0,0,0,0,0,0,0,0,0,0,0,0,0,0,0,0,0,0,0,0,0,0,0,0,0,0,0,0,0,0,0,0,0,0,0,0,0,0,0,0,0,0,0,0,0,0,0,0,0,0,0,0,0,0,0,0,0,0,0,0,0,0,0,0,0,0,0,0,0,0
4004,4081,5551,5859,6365,7038,7314,8103,8395,8175,8855,9828,10080,11390,13261,20790,22125,28457,32616,31228,40016,46698,50325,56356,60282,68208,70315,83104,95795,111720,132444,158517,189945,243840,303468,399408,558220,753920,818370,841402,801801,806820,776720,689040,175680,0,0,0,0,0,0,0,0,0,0,0,0,0,0,0,0,0,0,0,0,0,0,0,0,0,0,0,0,0,0,0,0,0,0,0,0,0,0,0,0,0,0,0,0,0,0,0,0,0,0,0,0,0,0,0,0,0,0,0,0,0,0,0,0,0,0,0,0,0,0,0,0,0,0,0,0,0,0,0,0,0,0,0,0,0,0,0,0,0,0,0,0,0,0,0,0,0,0,0,0,0,0,0,0,0,0,0,0,0,0,0,0,0,0,0,0,0,0,0,0,0,0,0,0,0,0,0,0
5292,5460,5166,5780,6525,7802,8316,7068,7857,9570,8610,9592,10384,10736,10710,10092,11160,11011,16912,18720,20252,20160,24759,26520,28400,29290,32400,36093,36424,42828,45588,52155,60099,65366,74898,90678,106749,124320,146528,175890,221260,284130,362520,456585,704613,836543,829885,777888,750164,730895,687758,0,0,0,0,0,0,0,0,0,0,0,0,0,0,0,0,0,0,0,0,0,0,0,0,0,0,0,0,0,0,0,0,0,0,0,0,0,0,0,0,0,0,0,0,0,0,0,0,0,0,0,0,0,0,0,0,0,0,0,0,0,0,0,0,0,0,0,0,0,0,0,0,0,0,0,0,0,0,0,0,0,0,0,0,0,0,0,0,0,0,0,0,0,0,0,0,0,0,0,0,0,0,0,0,0,0,0,0,0,0,0,0,0,0,0,0,0,0,0,0,0,0
5280,5760,6693,6930,7252,7800,8346,7373,7770,19040,21080,31886,42419,48240,53070,61740,69806,82211,95634,116688,138355,168675,196860,247875,310080,432765,591224,746638,770660,773136,715020,711116,618472,479087,0,0,0,0,0,0,0,0,0,0,0,0,0,0,0,0,0,0,0,0,0,0,0,0,0,0,0,0,0,0,0,0,0,0,0,0,0,0,0,0,0,0,0,0,0,0,0,0,0,0,0,0,0,0,0,0,0,0,0,0,0,0,0,0,0,0,0,0,0,0,0,0,0,0,0,0,0,0,0,0,0,0,0,0,0,0,0,0,0,0,0,0,0,0,0,0,0,0,0,0,0,0,0,0,0,0,0,0,0,0,0,0,0,0,0,0,0,0,0,0,0,0,0,0,0,0,0,0,0,0,0,0,0,0,0,0,0,0,0
3621,4290,4582,4819,4620,4838,4872,4320,4760,4788,5278,5890,6930,7280,7140,7875,7950,8190,8611,8800,9324,9512,10406,13328,13400,23182,31886,36630,47918,45312,55400,58588,65727,72240,84942,99696,118156,142590,171409,222000,273042,362964,505620,686882,801804,855915,815320,798439,739068,610228,264500,0,0,0,0,0,0,0,0,0,0,0,0,0,0,0,0,0,0,0,0,0,0,0,0,0,0,0,0,0,0,0,0,0,0,0,0,0,0,0,0,0,0,0,0,0,0,0,0,0,0,0,0,0,0,0,0,0,0,0,0,0,0,0,0,0,0,0,0,0,0,0,0,0,0,0,0,0,0,0,0,0,0,0,0,0,0,0,0,0,0,0,0,0,0,0,0,0,0,0,0,0,0,0,0,0,0,0,0,0,0,0,0,0,0,0,0,0,0,0,0,0,0
3650,3675,3672,3552,3773,3840,4240,4730,4788,4698,4785,9266,9945,16576,19038,22750,25004,26398,27797,30688,34894,38688,42828,48267,54534,61886,71232,82401,97356,120324,146616,180950,233142,304436,411510,547624,768400,829260,834768,739585,649060,491626,0,0,0,0,0,0,0,0,0,0,0,0,0,0,0,0,0,0,0,0,0,0,0,0,0,0,0,0,0,0,0,0,0,0,0,0,0,0,0,0,0,0,0,0,0,0,0,0,0,0,0,0,0,0,0,0,0,0,0,0,0,0,0,0,0,0,0,0,0,0,0,0,0,0,0,0,0,0,0,0,0,0,0,0,0,0,0,0,0,0,0,0,0,0,0,0,0,0,0,0,0,0,0,0,0,0,0,0,0,0,0,0,0,0,0,0,0,0,0,0,0,0,0,0,0,0,0,0,0,0,0
9048,10323,14734,17135,18676,20826,23607,24310,28152,29540,36036,38305,45325,47704,57812,63918,76146,87655,104448,127960,157685,197883,254889,349920,491310,682135,705109,700770,642200,612480,511910,0,0,0,0,0,0,0,0,0,0,0,0,0,0,0,0,0,0,0,0,0,0,0,0,0,0,0,0,0,0,0,0,0,0,0,0,0,0,0,0,0,0,0,0,0,0,0,0,0,0,0,0,0,0,0,0,0,0,0,0,0,0,0,0,0,0,0,0,0,0,0,0,0,0,0,0,0,0,0,0,0,0,0,0,0,0,0,0,0,0,0,0,0,0,0,0,0,0,0,0,0,0,0,0,0,0,0,0,0,0,0,0,0,0,0,0,0,0,0,0,0,0,0,0,0,0,0,0,0,0,0,0,0,0,0,0,0,0,0,0,0,0
2052,2214,2200,2200,2352,2310,2475,2520,2420,2576,3520,3465,3315,3300,3432,3536,4000,3807,3792,4108,4482,4730,4984,5340,5952,5642,6336,6900,6790,6624,6860,7548,7848,8658,9072,9660,10701,11102,11346,11224,12445,13802,14248,16478,17710,19372,20060,23622,24570,45201,50034,50580,59210,62727,72695,86250,102910,125204,148203,186930,248584,342760,471750,694944,929463,936720,846155,777756,0,0,0,0,0,0,0,0,0,0,0,0,0,0,0,0,0,0,0,0,0,0,0,0,0,0,0,0,0,0,0,0,0,0,0,0,0,0,0,0,0,0,0,0,0,0,0,0,0,0,0,0,0,0,0,0,0,0,0,0,0,0,0,0,0,0,0,0,0,0,0,0,0,0,0,0,0,0,0,0,0,0,0,0,0,0,0,0,0,0,0,0,0,0,0,0,0,0,0,0,0,0,0,0,0
5785,6440,6808,6825,6916,7469,8262,8736,9072,9570,10580,11132,11253,12000,12544,13736,18600,19360,20449,23142,25296,30222,30806,35616,39042,43095,48230,55100,67940,81066,100608,126432,160531,202720,263812,366885,577524,821744,853435,864450,833000,806949,690753,0,0,0,0,0,0,0,0,0,0,0,0,0,0,0,0,0,0,0,0,0,0,0,0,0,0,0,0,0,0,0,0,0,0,0,0,0,0,0,0,0,0,0,0,0,0,0,0,0,0,0,0,0,0,0,0,0,0,0,0,0,0,0,0,0,0,0,0,0,0,0,0,0,0,0,0,0,0,0,0,0,0,0,0,0,0,0,0,0,0,0,0,0,0,0,0,0,0,0,0,0,0,0,0,0,0,0,0,0,0,0,0,0,0,0,0,0,0,0,0,0,0,0,0,0,0,0,0,0,0
4015,3996,4104,4248,5103,6816,8690,8800,8580,9130,9408,9408,11346,11776,11750,13386,15225,17024,18444,19234,26410,28457,32742,34496,38868,43500,49762,60398,71722,86480,104342,132594,174618,232500,324753,461840,716638,719682,710820,651408,581516,388029,0,0,0,0,0,0,0,0,0,0,0,0,0,0,0,0,0,0,0,0,0,0,0,0,0,0,0,0,0,0,0,0,0,0,0,0,0,0,0,0,0,0,0,0,0,0,0,0,0,0,0,0,0,0,0,0,0,0,0,0,0,0,0,0,0,0,0,0,0,0,0,0,0,0,0,0,0,0,0,0,0,0,0,0,0,0,0,0,0,0,0,0,0,0,0,0,0,0,0,0,0,0,0,0,0,0,0,0,0,0,0,0,0,0,0,0,0,0,0,0,0,0,0,0,0,0,0,0,0,0,0
6532,6674,8000,7900,8320,8424,8798,9265,9460,9460,9680,10028,10028,10304,10230,11252,11564,11781,12300,12726,13029,13029,13158,13158,14040,13674,13886,14310,14445,14497,14796,15904,15950,17472,20541,24702,25568,25844,34475,38064,33415,34240,37180,38346,37584,39196,40016,41249,43776,48094,48475,49560,52824,54896,58212,58672,58520,63918,66126,70834,76431,80142,82174,88595,94380,103974,108504,111874,120224,125481,132720,147561,153000,162108,176792,193452,201607,222507,253602,278640,302312,332826,356964,396566,461663,520850,596657,665540,767949,879396,973180,971613,945576,948909,936192,926864,913440,880570,866700,792960,703253,525805,400910,0,0,0,0,0,0,0,0,0,0,0,0,0,0,0,0,0,0,0,0,0,0,0,0,0,0,0,0,0,0,0,0,0,0,0,0,0,0,0,0,0,0,0,0,0,0,0,0,0,0,0,0,0,0,0,0,0,0,0,0,0,0,0,0,0,0,0,0,0,0
3604,3795,3960,4161,4104,4161,4380,4248,4440,4453,4307,4602,4543,4582,4661,4914,4898,4712,5056,4914,5440,5056,5166,5395,5712,5762,6160,6052,5984,6210,6177,6006,6279,6231,6510,6298,6696,6808,6900,7098,6992,7332,7315,7296,7315,7469,7200,7275,7600,7931,8505,7956,8085,8528,8829,9831,9396,9483,9072,9288,9768,10057,9968,10283,10764,11280,11590,11931,12348,13260,13832,13566,14148,14008,15096,15456,15568,15950,16023,15914,16240,17374,17346,18445,19592,20000,20286,20800,22078,22140,22950,22743,23220,26455,26085,26827,26600,27690,29547,30694,32130,32032,33390,36080,36186,36244,39330,41174,41693,45933,49087,49020,50463,51952,54405,57570,60858,60200,63648,70990,76845,81634,82950,90895,97282,103752,109344,114362,120725,131560,138589,151164,155232,173775,199977,214795,229022,254760,270945,304410,340425,387801,442380,495114,575847,668229,752388,967750,913710,872784,894814,912728,843575,831176,762976,712124,637846,547840,0,0,0,0,0,0,0,0,0,0,0,0,0,0,0
7840,8080,8610,8736,8692,9265,9951,10120,10192,9844,11040,11685,11616,11520,12276,12827,13130,13390,12800,14204,15260,15180,16159,16576,15950,16170,17063,18096,18837,19782,20701,21840,22230,22743,24220,24840,24992,24208,26128,27985,30502,29290,31724,33022,36354,38763,36980,38212,45136,43050,44275,45489,47684,50505,52452,55484,55352,56840,61707,66992,71380,75803,81664,83538,89444,98245,107640,118048,124320,133455,141620,154025,159544,174945,195734,222404,250516,273912,313200,359286,392348,454005,517776,617617,722700,833112,939177,934764,977600,953420,958392,938790,977037,945035,953414,861356,755650,676347,0,0,0,0,0,0,0,0,0,0,0,0,0,0,0,0,0,0,0,0,0,0,0,0,0,0,0,0,0,0,0,0,0,0,0,0,0,0,0,0,0,0,0,0,0,0,0,0,0,0,0,0,0,0,0,0,0,0,0,0,0,0,0,0,0,0,0,0,0,0,0,0,0,0,0
3250,3136,3710,3905,3800,4081,3825,4424,4290,4081,4004,4582,5312,4731,5332,5655,5046,5676,5040,5104,4872,5734,5922,5952,6432,6596,7000,7344,7344,7272,7770,7950,8239,8848,8880,9040,9558,9315,9594,9430,9890,9890,10647,10998,10810,11020,11564,12078,12250,12648,13500,14224,14124,15344,16836,16159,15914,16206,17214,17940,20224,19716,21672,23275,25662,26864,24310,26390,28500,27930,27448,28564,28906,31724,34080,35970,36686,38136,41125,41624,40915,43688,49140,52920,53960,58058,59983,65621,71060,71939,81158,88040,92710,99963,105860,116204,124960,133736,148512,160034,172782,188100,206640,236740,261950,292317,331316,384462,442385,529317,614000,713180,826260,826686,818055,833520,796290,766122,726400,667408,614180,499752,0,0,0,0,0,0,0,0,0,0,0,0,0,0,0,0,0,0,0,0,0,0,0,0,0,0,0,0,0,0,0,0,0,0,0,0,0,0,0,0,0,0,0,0,0,0,0,0,0,0,0
3009,3038,3055,3087,2914,2714,2880,2961,3200,4779,5166,5568,5696,6177,6510,7178,7300,7722,7644,7920,8181,8200,8181,8549,8610,9180,10648,9945,10030,10235,10591,10980,12740,13132,13600,13400,13563,14040,14352,15369,15260,16350,16308,17402,17360,17360,18921,19159,20418,21250,21924,23040,23674,25976,27600,28616,30450,30400,30300,32680,35639,38115,37785,41280,42700,46336,48174,51570,56032,62060,65016,71051,74844,81184,85442,92256,99846,102656,112941,121673,134487,150304,165750,193914,201696,224826,248136,287576,322204,376664,441693,500808,599716,707868,770518,747057,758280,682410,661584,599046,548034,452880,0,0,0,0,0,0,0,0,0,0,0,0,0,0,0,0,0,0,0,0,0,0,0,0,0,0,0,0,0,0,0,0,0,0,0,0,0,0,0,0,0,0,0,0,0,0,0,0,0,0,0,0,0,0,0,0,0,0,0,0,0,0,0,0,0,0,0,0,0,0,0
9328,14208,14170,14541,16958,18625,20615,21624,22646,22968,24640,30528,31200,32864,37464,38556,41536,43440,46305,48508,50505,49959,51894,53671,60479,66671,68904,77625,81896,88736,96114,105370,117975,132405,140895,161226,172200,191952,222272,253890,294112,346406,396744,466036,577070,652080,752953,824850,814450,796829,792330,777920,793350,769626,715968,616221,534531,0,0,0,0,0,0,0,0,0,0,0,0,0,0,0,0,0,0,0,0,0,0,0,0,0,0,0,0,0,0,0,0,0,0,0,0,0,0,0,0,0,0,0,0,0,0,0,0,0,0,0,0,0,0,0,0,0,0,0,0,0,0,0,0,0,0,0,0,0,0,0,0,0,0,0,0,0,0,0,0,0,0,0,0,0,0,0,0,0,0,0,0,0,0,0,0,0,0,0,0,0,0,0,0,0,0,0,0,0,0,0,0,0,0,0,0
6596,6499,6486,7252,7800,7821,8112,8374,8910,9296,9718,9744,9632,9680,10092,10120,10440,11656,13158,13029,13755,13860,14385,15336,15730,15540,15876,15873,16940,16761,18212,20664,22008,25803,26180,25071,28712,29106,30600,31080,32616,34821,38760,39579,42108,43610,47915,49593,54372,55836,61152,65270,70278,74814,79650,88447,94184,99682,113820,126825,139416,151536,181604,185588,216306,250635,279682,329148,381600,448147,531609,639829,737424,753948,680550,652320,575919,515124,416724,0,0,0,0,0,0,0,0,0,0,0,0,0,0,0,0,0,0,0,0,0,0,0,0,0,0,0,0,0,0,0,0,0,0,0,0,0,0,0,0,0,0,0,0,0,0,0,0,0,0,0,0,0,0,0,0,0,0,0,0,0,0,0,0,0,0,0,0,0,0,0,0,0,0,0,0,0,0,0,0,0,0,0,0,0,0,0,0,0,0,0,0,0,0
8364,8549,8632,8549,9504,9919,10904,11067,10647,11160,10948,11904,12125,12152,13184,13650,13886,14824,15840,16317,18080,18328,18762,20828,21801,21672,22656,23400,25192,26578,26966,28826,35475,33110,35325,36267,36960,41724,41492,43010,47259,50137,55680,60873,61464,66400,70452,75328,84730,91440,102312,108780,123096,133665,154512,162031,185704,210040,241500,268884,328104,382824,450098,546832,630105,697671,706250,707850,708282,672839,648993,631190,565066,492179,401362,281666,0,0,0,0,0,0,0,0,0,0,0,0,0,0,0,0,0,0,0,0,0,0,0,0,0,0,0,0,0,0,0,0,0,0,0,0,0,0,0,0,0,0,0,0,0,0,0,0,0,0,0,0,0,0,0,0,0,0,0,0,0,0,0,0,0,0,0,0,0,0,0,0,0,0,0,0,0,0,0,0,0,0,0,0,0,0,0,0,0,0,0,0,0,0,0,0,0
3672,3672,3600,3750,3384,3375,3600,3675,3900,4420,4930,5518,5670,6188,6745,6882,6365,6072,7227,7200,7200,7227,7575,7956,8453,8938,9047,9570,10146,10146,10440,10948,11160,11780,12740,12740,12700,13624,14204,14628,14873,15762,17020,17024,17710,18880,19398,21484,22410,24605,25058,27232,28728,28224,29400,30000,33284,35457,38194,39609,42904,45431,49395,52824,56940,58200,64566,69173,73458,83692,92484,101529,107460,123552,128482,141771,164775,178740,209880,234548,286440,326975,398692,466930,553232,633373,696128,697230,690242,643536,598690,536613,465913,0,0,0,0,0,0,0,0,0,0,0,0,0,0,0,0,0,0,0,0,0,0,0,0,0,0,0,0,0,0,0,0,0,0,0,0,0,0,0,0,0,0,0,0,0,0,0,0,0,0,0,0,0,0,0,0,0,0,0,0,0,0,0,0,0,0,0,0,0,0,0,0,0,0,0,0,0,0,0,0
3400,3417,3400,3975,5676,5934,6319,6141,6497,6532,6256,7030,7347,7050,7315,7742,7979,8364,8446,8904,8964,9180,9570,9095,9804,10800,11280,11640,12524,12544,12672,13837,14664,15120,17214,17168,17550,18560,18810,19873,20740,21672,22750,24840,26508,29008,30351,31920,34560,35697,37884,39480,43188,45864,50424,52650,59488,63600,71868,76284,84216,89661,99320,110040,122404,135432,154840,173250,195712,228984,265577,299200,361616,448240,548928,691440,804138,809544,788075,748680,690840,625665,496249,0,0,0,0,0,0,0,0,0,0,0,0,0,0,0,0,0,0,0,0,0,0,0,0,0,0,0,0,0,0,0,0,0,0,0,0,0,0,0,0,0,0,0,0,0,0,0,0,0,0,0,0,0,0,0,0,0,0,0,0,0,0,0,0,0,0,0,0,0,0,0,0,0,0,0,0,0,0,0,0,0,0,0,0,0,0,0,0,0,0
9048,9010,9701,13440,13837,17550,20864,21801,31042,33124,45312,39010,41082,41745,45315,47154,49662,54604,58844,59520,67774,73988,86250,91298,104416,116246,127512,142496,162966,188145,222768,261408,315864,383160,446576,584211,725904,949554,1025258,941358,940129,906500,804545,673992,590616,352227,0,0,0,0,0,0,0,0,0,0,0,0,0,0,0,0,0,0,0,0,0,0,0,0,0,0,0,0,0,0,0,0,0,0,0,0,0,0,0,0,0,0,0,0,0,0,0,0,0,0,0,0,0,0,0,0,0,0,0,0,0,0,0,0,0,0,0,0,0,0,0,0,0,0,0,0,0,0,0,0,0,0,0,0,0,0,0,0,0,0,0,0,0,0,0,0,0,0,0,0,0,0,0,0,0,0,0,0,0,0,0,0,0,0,0,0,0,0,0,0,0,0,0,0,0,0,0
2173,4599,5120,5694,5694,5688,5920,6048,6497,7566,8446,8925,10260,10829,11808,12446,13034,13130,14214,15015,14544,15645,16692,17442,17854,19635,18762,20125,23852,23940,25900,27600,29458,30340,33755,35168,37653,41624,43365,46182,51597,56539,64666,71190,76820,82002,90650,99450,113130,129150,140530,165376,192552,212888,247940,297052,368140,446103,565290,754206,844750,857720,800394,692208,594300,430268,202760,0,0,0,0,0,0,0,0,0,0,0,0,0,0,0,0,0,0,0,0,0,0,0,0,0,0,0,0,0,0,0,0,0,0,0,0,0,0,0,0,0,0,0,0,0,0,0,0,0,0,0,0,0,0,0,0,0,0,0,0,0,0,0,0,0,0,0,0,0,0,0,0,0,0,0,0,0,0,0,0,0,0,0,0,0,0,0,0,0,0,0,0,0,0,0,0,0,0,0,0,0,0,0,0,0,0
8080,8736,9030,9483,10080,11532,24386,30723,33136,34504,43890,45657,48321,51704,56355,66044,69138,73656,87216,100800,108521,118636,135564,151200,195804,201928,245804,295776,352536,423840,548340,703080,855110,866658,811800,745360,668800,334544,0,0,0,0,0,0,0,0,0,0,0,0,0,0,0,0,0,0,0,0,0,0,0,0,0,0,0,0,0,0,0,0,0,0,0,0,0,0,0,0,0,0,0,0,0,0,0,0,0,0,0,0,0,0,0,0,0,0,0,0,0,0,0,0,0,0,0,0,0,0,0,0,0,0,0,0,0,0,0,0,0,0,0,0,0,0,0,0,0,0,0,0,0,0,0,0,0,0,0,0,0,0,0,0,0,0,0,0,0,0,0,0,0,0,0,0,0,0,0,0,0,0,0,0,0,0,0,0,0,0,0,0,0,0,0
11328,11616,11424,11979,12300,12954,13056,15515,28116,32480,31350,33150,34958,38940,42084,40894,47170,50799,56832,62274,69630,79968,87690,101959,114912,126684,155295,187340,228750,263465,314760,384555,489056,654530,827344,850200,862136,826983,719910,502680,281946,0,0,0,0,0,0,0,0,0,0,0,0,0,0,0,0,0,0,0,0,0,0,0,0,0,0,0,0,0,0,0,0,0,0,0,0,0,0,0,0,0,0,0,0,0,0,0,0,0,0,0,0,0,0,0,0,0,0,0,0,0,0,0,0,0,0,0,0,0,0,0,0,0,0,0,0,0,0,0,0,0,0,0,0,0,0,0,0,0,0,0,0,0,0,0,0,0,0,0,0,0,0,0,0,0,0,0,0,0,0,0,0,0,0,0,0,0,0,0,0,0,0,0,0,0,0,0,0,0,0,0,0
2623,3087,3213,3149,3072,3432,3657,4161,4248,4060,3850,4047,4200,4560,4836,4779,4880,4788,5332,5508,6120,6230,6461,6716,6510,6650,7725,7821,8480,9288,9180,9483,11385,14148,14688,14715,15762,16385,18408,18513,19803,20250,21000,22308,26460,27548,29694,31141,33810,35802,38472,41520,45180,49794,54924,59616,69440,77454,84807,97152,108356,122157,139175,166400,189057,231880,273060,341190,433992,561704,756576,869130,791492,695970,589662,0,0,0,0,0,0,0,0,0,0,0,0,0,0,0,0,0,0,0,0,0,0,0,0,0,0,0,0,0,0,0,0,0,0,0,0,0,0,0,0,0,0,0,0,0,0,0,0,0,0,0,0,0,0,0,0,0,0,0,0,0,0,0,0,0,0,0,0,0,0,0,0,0,0,0,0,0,0,0,0,0,0,0,0,0,0,0,0,0,0,0,0,0,0,0,0,0,0
2418,7546,7742,8400,9266,10647,11280,12125,13545,15151,18326,25200,28756,33124,36292,36842,33598,36450,39412,40250,42240,48867,53956,58401,64200,76590,83520,97908,112136,132704,157126,173910,215041,264255,334276,420036,565866,740016,914904,924420,895223,827184,670792,559531,330600,0,0,0,0,0,0,0,0,0,0,0,0,0,0,0,0,0,0,0,0,0,0,0,0,0,0,0,0,0,0,0,0,0,0,0,0,0,0,0,0,0,0,0,0,0,0,0,0,0,0,0,0,0,0,0,0,0,0,0,0,0,0,0,0,0,0,0,0,0,0,0,0,0,0,0,0,0,0,0,0,0,0,0,0,0,0,0,0,0,0,0,0,0,0,0,0,0,0,0,0,0,0,0,0,0,0,0,0,0,0,0,0,0,0,0,0,0,0,0,0,0,0,0,0,0,0,0,0
7268,7722,8080,8549,9350,9546,10680,11040,11938,19875,32700,34540,35960,37842,43180,48321,57128,61182,68153,78496,85044,100695,117116,140070,162653,196528,239625,314028,400900,557370,727100,861456,819423,740278,638044,519435,326876,0,0,0,0,0,0,0,0,0,0,0,0,0,0,0,0,0,0,0,0,0,0,0,0,0,0,0,0,0,0,0,0,0,0,0,0,0,0,0,0,0,0,0,0,0,0,0,0,0,0,0,0,0,0,0,0,0,0,0,0,0,0,0,0,0,0,0,0,0,0,0,0,0,0,0,0,0,0,0,0,0,0,0,0,0,0,0,0,0,0,0,0,0,0,0,0,0,0,0,0,0,0,0,0,0,0,0,0,0,0,0,0,0,0,0,0,0,0,0,0,0,0,0,0,0,0,0,0,0,0,0,0,0,0,0,0
7446,8910,8667,8528,8988,8772,13020,12544,14364,15707,14840,15052,16464,17346,19803,19481,22836,23664,26367,30843,33540,35964,38280,42416,48384,55160,59276,66992,77024,86508,101268,122380,134815,166493,193752,234465,312758,407530,560802,970317,989228,920060,784065,586199,0,0,0,0,0,0,0,0,0,0,0,0,0,0,0,0,0,0,0,0,0,0,0,0,0,0,0,0,0,0,0,0,0,0,0,0,0,0,0,0,0,0,0,0,0,0,0,0,0,0,0,0,0,0,0,0,0,0,0,0,0,0,0,0,0,0,0,0,0,0,0,0,0,0,0,0,0,0,0,0,0,0,0,0,0,0,0,0,0,0,0,0,0,0,0,0,0,0,0,0,0,0,0,0,0,0,0,0,0,0,0,0,0,0,0,0,0,0,0,0,0,0,0,0,0,0,0,0,0
5916,6279,6768,7200,7566,7954,8181,8938,9072,9890,10384,12288,16330,17280,19479,20264,22260,23345,20618,28086,27720,28416,31080,30015,29892,33750,37128,41002,46784,49500,55970,62287,75384,84671,98059,114756,138528,160371,189810,250420,309750,411461,549984,741994,805070,795932,719019,596294,466995,222615,0,0,0,0,0,0,0,0,0,0,0,0,0,0,0,0,0,0,0,0,0,0,0,0,0,0,0,0,0,0,0,0,0,0,0,0,0,0,0,0,0,0,0,0,0,0,0,0,0,0,0,0,0,0,0,0,0,0,0,0,0,0,0,0,0,0,0,0,0,0,0,0,0,0,0,0,0,0,0,0,0,0,0,0,0,0,0,0,0,0,0,0,0,0,0,0,0,0,0,0,0,0,0,0,0,0,0,0,0,0,0,0,0,0,0,0,0,0,0,0,0,0,0
3015,3008,3780,4047,4464,4774,5248,5865,6580,6696,10374,10710,10710,11662,12375,13184,13624,14910,17100,17464,18012,20400,23220,25515,26030,28368,31098,34854,37653,40936,46774,54600,60088,70518,78432,87084,105198,120680,144417,175960,214065,271892,359424,475436,667520,928700,828812,778343,636660,452089,0,0,0,0,0,0,0,0,0,0,0,0,0,0,0,0,0,0,0,0,0,0,0,0,0,0,0,0,0,0,0,0,0,0,0,0,0,0,0,0,0,0,0,0,0,0,0,0,0,0,0,0,0,0,0,0,0,0,0,0,0,0,0,0,0,0,0,0,0,0,0,0,0,0,0,0,0,0,0,0,0,0,0,0,0,0,0,0,0,0,0,0,0,0,0,0,0,0,0,0,0,0,0,0,0,0,0,0,0,0,0,0,0,0,0,0,0,0,0,0,0,0,0
5589,5184,5644,6450,6364,6825,7332,7220,7392,8400,8856,8748,9213,9520,9628,10736,11328,11970,13266,14659,15194,19311,19750,20538,21384,27792,27548,30282,32184,35032,39606,47790,49848,56648,63852,70040,84072,95760,116946,141135,168010,204036,262676,342260,466440,645954,875610,841500,894892,730730,592015,349590,0,0,0,0,0,0,0,0,0,0,0,0,0,0,0,0,0,0,0,0,0,0,0,0,0,0,0,0,0,0,0,0,0,0,0,0,0,0,0,0,0,0,0,0,0,0,0,0,0,0,0,0,0,0,0,0,0,0,0,0,0,0,0,0,0,0,0,0,0,0,0,0,0,0,0,0,0,0,0,0,0,0,0,0,0,0,0,0,0,0,0,0,0,0,0,0,0,0,0,0,0,0,0,0,0,0,0,0,0,0,0,0,0,0,0,0,0,0,0,0,0
3976,4047,4620,4740,4977,5135,5478,5590,6090,6192,6440,6319,6319,7954,9288,9309,10283,10622,12915,12648,15276,17082,17374,19782,23220,23016,25803,29232,30545,34226,37098,44000,49044,54684,63327,67624,84807,93750,108240,132307,158378,197566,250648,327800,443415,650160,867449,902250,880092,747649,607068,345280,0,0,0,0,0,0,0,0,0,0,0,0,0,0,0,0,0,0,0,0,0,0,0,0,0,0,0,0,0,0,0,0,0,0,0,0,0,0,0,0,0,0,0,0,0,0,0,0,0,0,0,0,0,0,0,0,0,0,0,0,0,0,0,0,0,0,0,0,0,0,0,0,0,0,0,0,0,0,0,0,0,0,0,0,0,0,0,0,0,0,0,0,0,0,0,0,0,0,0,0,0,0,0,0,0,0,0,0,0,0,0,0,0,0,0,0,0,0,0,0,0
12987,13108,11210,11186,12276,13130,14178,16459,17748,18240,20414,23790,26496,27170,30192,31977,38115,41280,47124,51456,56644,67521,75374,88125,106080,125271,150591,191394,237256,320112,406881,614146,916971,969435,888057,780780,380067,0,0,0,0,0,0,0,0,0,0,0,0,0,0,0,0,0,0,0,0,0,0,0,0,0,0,0,0,0,0,0,0,0,0,0,0,0,0,0,0,0,0,0,0,0,0,0,0,0,0,0,0,0,0,0,0,0,0,0,0,0,0,0,0,0,0,0,0,0,0,0,0,0,0,0,0,0,0,0,0,0,0,0,0,0,0,0,0,0,0,0,0,0,0,0,0,0,0,0,0,0,0,0,0,0,0,0,0,0,0,0,0,0,0,0,0,0,0,0,0,0,0,0,0,0,0,0,0,0,0,0,0,0,0,0,0
4620,5440,5544,5312,5632,6688,6750,10848,11020,11210,12000,12800,14175,16060,17667,17710,19942,24366,25715,27840,30856,33790,37455,41040,46155,51408,58014,67620,77402,89208,108504,130356,160368,197316,252444,344828,453270,644700,905271,903588,744625,575250,0,0,0,0,0,0,0,0,0,0,0,0,0,0,0,0,0,0,0,0,0,0,0,0,0,0,0,0,0,0,0,0,0,0,0,0,0,0,0,0,0,0,0,0,0,0,0,0,0,0,0,0,0,0,0,0,0,0,0,0,0,0,0,0,0,0,0,0,0,0,0,0,0,0,0,0,0,0,0,0,0,0,0,0,0,0,0,0,0,0,0,0,0,0,0,0,0,0,0,0,0,0,0,0,0,0,0,0,0,0,0,0,0,0,0,0,0,0,0,0,0,0,0,0,0,0,0,0,0,0,0
3621,5280,4756,4988,5840,5940,7448,7425,8586,8991,9350,9856,10235,13095,14664,14560,15264,17784,19602,22050,22912,24605,28224,30150,38048,39144,46250,51136,58408,65936,80150,95118,111088,136422,166518,211680,295776,385278,578450,847818,959038,936672,785882,607050,217056,0,0,0,0,0,0,0,0,0,0,0,0,0,0,0,0,0,0,0,0,0,0,0,0,0,0,0,0,0,0,0,0,0,0,0,0,0,0,0,0,0,0,0,0,0,0,0,0,0,0,0,0,0,0,0,0,0,0,0,0,0,0,0,0,0,0,0,0,0,0,0,0,0,0,0,0,0,0,0,0,0,0,0,0,0,0,0,0,0,0,0,0,0,0,0,0,0,0,0,0,0,0,0,0,0,0,0,0,0,0,0,0,0,0,0,0,0,0,0,0,0,0,0,0,0,0,0,0
3431,4697,4779,4482,4800,4897,5440,6248,6862,7275,7956,8480,9156,8881,9047,9130,9570,10881,12804,13700,13400,15184,16837,19642,20541,21500,24050,25893,30450,35581,38346,43966,49290,58752,66982,77604,94371,109098,133293,164923,211692,296904,381981,595680,947778,931512,769626,568428,0,0,0,0,0,0,0,0,0,0,0,0,0,0,0,0,0,0,0,0,0,0,0,0,0,0,0,0,0,0,0,0,0,0,0,0,0,0,0,0,0,0,0,0,0,0,0,0,0,0,0,0,0,0,0,0,0,0,0,0,0,0,0,0,0,0,0,0,0,0,0,0,0,0,0,0,0,0,0,0,0,0,0,0,0,0,0,0,0,0,0,0,0,0,0,0,0,0,0,0,0,0,0,0,0,0,0,0,0,0,0,0,0,0,0,0,0,0,0,0,0,0,0,0,0
3213,3234,3264,3672,4050,4004,5192,5074,5742,5963,6300,8000,7546,8480,8774,9324,9657,9435,10266,10695,12276,13965,14790,15225,17063,19065,21648,22606,24790,28059,32656,38744,42064,48620,55860,64372,73704,91611,107976,125580,164523,206272,286062,386914,570272,960876,946915,938265,787276,544967,0,0,0,0,0,0,0,0,0,0,0,0,0,0,0,0,0,0,0,0,0,0,0,0,0,0,0,0,0,0,0,0,0,0,0,0,0,0,0,0,0,0,0,0,0,0,0,0,0,0,0,0,0,0,0,0,0,0,0,0,0,0,0,0,0,0,0,0,0,0,0,0,0,0,0,0,0,0,0,0,0,0,0,0,0,0,0,0,0,0,0,0,0,0,0,0,0,0,0,0,0,0,0,0,0,0,0,0,0,0,0,0,0,0,0,0,0,0,0,0,0,0,0
3750,11446,12180,11948,11781,12402,12688,13407,13664,13653,26100,25776,26026,26784,27676,27267,29488,28611,30070,30968,29920,31126,35530,37840,39248,40194,41125,44344,44712,46563,48384,49000,51765,55854,56760,61938,64695,71838,70133,75120,83743,90480,90652,101520,108747,112575,118696,125870,141484,151970,162316,189435,207184,217840,239168,258123,285798,311444,342976,393600,434472,475615,563084,621092,788900,904684,957912,971187,953964,920732,947339,1003860,971520,976752,966575,965264,0,0,0,0,0,0,0,0,0,0,0,0,0,0,0,0,0,0,0,0,0,0,0,0,0,0,0,0,0,0,0,0,0,0,0,0,0,0,0,0,0,0,0,0,0,0,0,0,0,0,0,0,0,0,0,0,0,0,0,0,0,0,0,0,0,0,0,0,0,0,0,0,0,0,0,0,0,0,0,0,0,0,0,0,0,0,0,0,0,0,0,0,0,0,0,0,0
5016,11800,12000,12221,12566,14625,26019,26901,27783,28086,29143,30492,31086,30968,32926,32600,32800,35604,36292,37620,40762,43554,45684,45198,48192,47880,52470,54288,60828,62440,64032,71675,74329,80360,87894,92805,101568,105814,112128,123074,131553,139425,151650,165077,181148,197580,216543,234900,259488,290394,317615,347984,402102,444620,509856,591543,687222,786740,922524,972096,976131,979540,1008800,1007010,1063860,982625,1059117,1035699,892342,0,0,0,0,0,0,0,0,0,0,0,0,0,0,0,0,0,0,0,0,0,0,0,0,0,0,0,0,0,0,0,0,0,0,0,0,0,0,0,0,0,0,0,0,0,0,0,0,0,0,0,0,0,0,0,0,0,0,0,0,0,0,0,0,0,0,0,0,0,0,0,0,0,0,0,0,0,0,0,0,0,0,0,0,0,0,0,0,0,0,0,0,0,0,0,0,0,0,0,0,0,0,0,0
7200,6984,17082,21842,22378,25116,28950,30294,30772,32028,36624,37575,48057,60210,64625,71461,80850,87462,91872,97622,103321,115776,122474,129928,144320,160356,173453,188116,213356,236612,264132,304668,342873,379692,444059,506727,588060,701975,799986,858256,858700,815344,878940,863478,819720,855794,808567,775992,654304,0,0,0,0,0,0,0,0,0,0,0,0,0,0,0,0,0,0,0,0,0,0,0,0,0,0,0,0,0,0,0,0,0,0,0,0,0,0,0,0,0,0,0,0,0,0,0,0,0,0,0,0,0,0,0,0,0,0,0,0,0,0,0,0,0,0,0,0,0,0,0,0,0,0,0,0,0,0,0,0,0,0,0,0,0,0,0,0,0,0,0,0,0,0,0,0,0,0,0,0,0,0,0,0,0,0,0,0,0,0,0,0,0,0,0,0,0,0,0,0,0,0,0,0
2432,2457,2496,2280,2624,3465,3619,3212,6278,5100,5544,6365,6370,6696,12463,14017,14256,16638,18450,18000,19685,20480,21120,21580,24424,24080,27900,29450,30846,32724,33166,34080,37324,40404,51294,55071,62382,65339,71910,74730,82228,90015,93184,102758,114513,122661,132880,144606,162837,178872,195244,220032,252560,286416,314430,360608,425491,484374,563732,706090,822661,808499,809560,813688,861108,822480,815695,799128,727973,595806,0,0,0,0,0,0,0,0,0,0,0,0,0,0,0,0,0,0,0,0,0,0,0,0,0,0,0,0,0,0,0,0,0,0,0,0,0,0,0,0,0,0,0,0,0,0,0,0,0,0,0,0,0,0,0,0,0,0,0,0,0,0,0,0,0,0,0,0,0,0,0,0,0,0,0,0,0,0,0,0,0,0,0,0,0,0,0,0,0,0,0,0,0,0,0,0,0,0,0,0,0,0,0
3080,3744,4000,5418,6660,6674,14630,18326,20511,20670,21912,27863,28704,28424,31641,30954,33048,35690,38675,50058,53383,56639,63360,68478,75840,81830,87000,92520,104775,110936,120716,135296,152475,168848,188081,213382,241200,281650,312840,350196,417576,482220,561816,710448,809127,800037,833955,826804,785876,785376,744158,618298,0,0,0,0,0,0,0,0,0,0,0,0,0,0,0,0,0,0,0,0,0,0,0,0,0,0,0,0,0,0,0,0,0,0,0,0,0,0,0,0,0,0,0,0,0,0,0,0,0,0,0,0,0,0,0,0,0,0,0,0,0,0,0,0,0,0,0,0,0,0,0,0,0,0,0,0,0,0,0,0,0,0,0,0,0,0,0,0,0,0,0,0,0,0,0,0,0,0,0,0,0,0,0,0,0,0,0,0,0,0,0,0,0,0,0,0,0,0,0,0,0
6351,6319,5952,5673,7154,6365,18788,20000,24464,27900,30030,32683,34362,35640,39424,42136,53848,67032,65562,66297,78153,86272,93272,104152,114624,127746,138741,152425,172368,192946,219634,251526,285322,328320,392309,451112,520056,670950,831060,835135,822064,869955,851904,798660,695604,0,0,0,0,0,0,0,0,0,0,0,0,0,0,0,0,0,0,0,0,0,0,0,0,0,0,0,0,0,0,0,0,0,0,0,0,0,0,0,0,0,0,0,0,0,0,0,0,0,0,0,0,0,0,0,0,0,0,0,0,0,0,0,0,0,0,0,0,0,0,0,0,0,0,0,0,0,0,0,0,0,0,0,0,0,0,0,0,0,0,0,0,0,0,0,0,0,0,0,0,0,0,0,0,0,0,0,0,0,0,0,0,0,0,0,0,0,0,0,0,0,0,0,0,0,0,0,0
6643,6624,6603,13910,14904,18088,19908,21156,29414,29640,31959,32342,35752,39025,52070,60500,65700,73304,76424,83328,96624,102102,115600,123849,138292,153280,176088,195444,226980,258951,301276,346514,417069,478282,595595,739442,818928,818312,781200,847680,799227,792995,751599,590433,413319,0,0,0,0,0,0,0,0,0,0,0,0,0,0,0,0,0,0,0,0,0,0,0,0,0,0,0,0,0,0,0,0,0,0,0,0,0,0,0,0,0,0,0,0,0,0,0,0,0,0,0,0,0,0,0,0,0,0,0,0,0,0,0,0,0,0,0,0,0,0,0,0,0,0,0,0,0,0,0,0,0,0,0,0,0,0,0,0,0,0,0,0,0,0,0,0,0,0,0,0,0,0,0,0,0,0,0,0,0,0,0,0,0,0,0,0,0,0,0,0,0,0,0,0,0,0,0,0
4788,5518,5984,5220,5280,6080,6432,6650,6816,7008,6580,19812,21156,22680,24080,29184,31126,31482,31680,33971,37840,50568,56545,63891,60928,67445,76472,84915,98010,104625,119394,131580,145544,165580,187245,209412,247340,281232,345976,406728,480480,598345,792558,850743,878751,885573,896720,895806,0,0,0,0,0,0,0,0,0,0,0,0,0,0,0,0,0,0,0,0,0,0,0,0,0,0,0,0,0,0,0,0,0,0,0,0,0,0,0,0,0,0,0,0,0,0,0,0,0,0,0,0,0,0,0,0,0,0,0,0,0,0,0,0,0,0,0,0,0,0,0,0,0,0,0,0,0,0,0,0,0,0,0,0,0,0,0,0,0,0,0,0,0,0,0,0,0,0,0,0,0,0,0,0,0,0,0,0,0,0,0,0,0,0,0,0,0,0,0,0,0,0,0,0,0
2337,2535,5628,6375,7200,7290,7332,6461,8064,7644,8000,8262,15618,17835,18875,20460,19912,20574,22005,25276,27267,29792,30732,33415,35358,37060,39420,42402,51912,55952,64528,68376,64728,76545,87123,100832,111435,127984,141750,162810,183890,213570,246432,291270,353604,424506,501050,692480,831744,831789,867140,894000,878864,833028,762850,0,0,0,0,0,0,0,0,0,0,0,0,0,0,0,0,0,0,0,0,0,0,0,0,0,0,0,0,0,0,0,0,0,0,0,0,0,0,0,0,0,0,0,0,0,0,0,0,0,0,0,0,0,0,0,0,0,0,0,0,0,0,0,0,0,0,0,0,0,0,0,0,0,0,0,0,0,0,0,0,0,0,0,0,0,0,0,0,0,0,0,0,0,0,0,0,0,0,0,0,0,0,0,0,0,0,0,0,0,0,0,0,0,0,0,0,0,0
4050,4838,4182,5100,5220,6204,5612,6510,14124,14766,18000,25662,24650,28120,29106,34020,35475,39388,46530,51400,53915,61418,67792,74412,81260,88040,99640,113928,127890,147088,165664,203305,233049,270438,308252,387200,474714,588088,730170,789809,783783,767151,710032,687644,520035,0,0,0,0,0,0,0,0,0,0,0,0,0,0,0,0,0,0,0,0,0,0,0,0,0,0,0,0,0,0,0,0,0,0,0,0,0,0,0,0,0,0,0,0,0,0,0,0,0,0,0,0,0,0,0,0,0,0,0,0,0,0,0,0,0,0,0,0,0,0,0,0,0,0,0,0,0,0,0,0,0,0,0,0,0,0,0,0,0,0,0,0,0,0,0,0,0,0,0,0,0,0,0,0,0,0,0,0,0,0,0,0,0,0,0,0,0,0,0,0,0,0,0,0,0,0,0,0
4029,4675,5610,5394,5612,7007,6862,6696,6650,11446,14796,18120,24252,26718,30338,31465,35640,38870,42952,54404,60990,67725,75200,81021,90468,100980,116156,129928,148188,165831,199824,232200,278880,328848,406210,484911,622820,749210,765870,772120,769363,710624,715740,570968,399376,0,0,0,0,0,0,0,0,0,0,0,0,0,0,0,0,0,0,0,0,0,0,0,0,0,0,0,0,0,0,0,0,0,0,0,0,0,0,0,0,0,0,0,0,0,0,0,0,0,0,0,0,0,0,0,0,0,0,0,0,0,0,0,0,0,0,0,0,0,0,0,0,0,0,0,0,0,0,0,0,0,0,0,0,0,0,0,0,0,0,0,0,0,0,0,0,0,0,0,0,0,0,0,0,0,0,0,0,0,0,0,0,0,0,0,0,0,0,0,0,0,0,0,0,0,0,0,0
2394,4400,5376,5984,6160,6240,6674,18018,19468,19803,22211,24220,27115,28728,31518,38304,52890,56012,62062,71232,77262,84942,97255,114114,124990,146940,165155,202398,232263,278622,329280,405408,505596,664806,766480,780192,728227,724698,541684,0,0,0,0,0,0,0,0,0,0,0,0,0,0,0,0,0,0,0,0,0,0,0,0,0,0,0,0,0,0,0,0,0,0,0,0,0,0,0,0,0,0,0,0,0,0,0,0,0,0,0,0,0,0,0,0,0,0,0,0,0,0,0,0,0,0,0,0,0,0,0,0,0,0,0,0,0,0,0,0,0,0,0,0,0,0,0,0,0,0,0,0,0,0,0,0,0,0,0,0,0,0,0,0,0,0,0,0,0,0,0,0,0,0,0,0,0,0,0,0,0,0,0,0,0,0,0,0,0,0,0,0,0,0
3015,3337,3552,3840,4335,4150,4675,5104,5248,6164,12700,14144,14840,16095,17516,18634,20447,20540,20988,22188,22794,26208,25521,28237,31155,34067,36408,39025,43845,48000,55062,59291,65400,73509,79869,86132,101132,115080,136202,154396,184092,216200,255270,303170,374262,461809,590976,711828,738750,723520,734088,663984,613720,461664,0,0,0,0,0,0,0,0,0,0,0,0,0,0,0,0,0,0,0,0,0,0,0,0,0,0,0,0,0,0,0,0,0,0,0,0,0,0,0,0,0,0,0,0,0,0,0,0,0,0,0,0,0,0,0,0,0,0,0,0,0,0,0,0,0,0,0,0,0,0,0,0,0,0,0,0,0,0,0,0,0,0,0,0,0,0,0,0,0,0,0,0,0,0,0,0,0,0,0,0,0,0,0,0,0,0,0,0,0,0,0,0,0,0,0,0,0,0,0
3952,4050,5073,4452,5742,6532,5952,6392,5922,12444,15873,16965,21353,23220,24220,26226,33660,36736,39672,52528,60279,68015,73140,80920,90109,103356,121264,138457,160718,197640,235170,280449,340342,426544,545136,689234,753480,698671,697083,513737,0,0,0,0,0,0,0,0,0,0,0,0,0,0,0,0,0,0,0,0,0,0,0,0,0,0,0,0,0,0,0,0,0,0,0,0,0,0,0,0,0,0,0,0,0,0,0,0,0,0,0,0,0,0,0,0,0,0,0,0,0,0,0,0,0,0,0,0,0,0,0,0,0,0,0,0,0,0,0,0,0,0,0,0,0,0,0,0,0,0,0,0,0,0,0,0,0,0,0,0,0,0,0,0,0,0,0,0,0,0,0,0,0,0,0,0,0,0,0,0,0,0,0,0,0,0,0,0,0,0,0,0,0
3384,4028,4617,5120,4838,4845,5187,12750,15933,16385,24282,26671,27900,28576,36300,37714,52461,59770,67950,73395,77154,94221,108192,124848,143208,170517,202584,242648,298683,368010,467775,605784,748629,757050,753876,729300,687610,599326,402600,0,0,0,0,0,0,0,0,0,0,0,0,0,0,0,0,0,0,0,0,0,0,0,0,0,0,0,0,0,0,0,0,0,0,0,0,0,0,0,0,0,0,0,0,0,0,0,0,0,0,0,0,0,0,0,0,0,0,0,0,0,0,0,0,0,0,0,0,0,0,0,0,0,0,0,0,0,0,0,0,0,0,0,0,0,0,0,0,0,0,0,0,0,0,0,0,0,0,0,0,0,0,0,0,0,0,0,0,0,0,0,0,0,0,0,0,0,0,0,0,0,0,0,0,0,0,0,0,0,0,0,0,0,0
5481,5696,5734,7154,6862,6935,7125,11918,14606,21060,23598,30369,34932,41327,59706,72306,82832,94844,112217,125800,149760,179010,215646,267714,327700,431632,549256,765830,785133,810104,765264,707574,0,0,0,0,0,0,0,0,0,0,0,0,0,0,0,0,0,0,0,0,0,0,0,0,0,0,0,0,0,0,0,0,0,0,0,0,0,0,0,0,0,0,0,0,0,0,0,0,0,0,0,0,0,0,0,0,0,0,0,0,0,0,0,0,0,0,0,0,0,0,0,0,0,0,0,0,0,0,0,0,0,0,0,0,0,0,0,0,0,0,0,0,0,0,0,0,0,0,0,0,0,0,0,0,0,0,0,0,0,0,0,0,0,0,0,0,0,0,0,0,0,0,0,0,0,0,0,0,0,0,0,0,0,0,0,0,0,0,0,0,0
3648,6612,7081,7350,18513,20049,23936,28800,33089,35700,38106,47322,57266,58575,66825,80065,93758,112791,132544,151998,192150,233833,293428,374099,477930,683730,829280,812665,843028,820260,783288,645904,0,0,0,0,0,0,0,0,0,0,0,0,0,0,0,0,0,0,0,0,0,0,0,0,0,0,0,0,0,0,0,0,0,0,0,0,0,0,0,0,0,0,0,0,0,0,0,0,0,0,0,0,0,0,0,0,0,0,0,0,0,0,0,0,0,0,0,0,0,0,0,0,0,0,0,0,0,0,0,0,0,0,0,0,0,0,0,0,0,0,0,0,0,0,0,0,0,0,0,0,0,0,0,0,0,0,0,0,0,0,0,0,0,0,0,0,0,0,0,0,0,0,0,0,0,0,0,0,0,0,0,0,0,0,0,0,0,0,0,0,0
3105,3240,3285,3750,4264,4648,5220,5376,12524,13230,14364,15561,16356,16820,20286,21222,21812,25276,31005,34604,46683,52470,59774,66079,76890,87191,101612,118560,138924,169511,211118,262856,324870,425000,552160,724200,733924,730388,690545,644481,473688,0,0,0,0,0,0,0,0,0,0,0,0,0,0,0,0,0,0,0,0,0,0,0,0,0,0,0,0,0,0,0,0,0,0,0,0,0,0,0,0,0,0,0,0,0,0,0,0,0,0,0,0,0,0,0,0,0,0,0,0,0,0,0,0,0,0,0,0,0,0,0,0,0,0,0,0,0,0,0,0,0,0,0,0,0,0,0,0,0,0,0,0,0,0,0,0,0,0,0,0,0,0,0,0,0,0,0,0,0,0,0,0,0,0,0,0,0,0,0,0,0,0,0,0,0,0,0,0,0,0,0,0
2623,3264,3600,4503,5727,6141,5829,11400,11590,13462,13696,14430,15012,17934,19625,22168,30268,30652,32320,38025,53934,64380,71448,84321,97152,113805,134835,163183,206276,257224,324870,433485,601638,763625,774492,707420,645692,0,0,0,0,0,0,0,0,0,0,0,0,0,0,0,0,0,0,0,0,0,0,0,0,0,0,0,0,0,0,0,0,0,0,0,0,0,0,0,0,0,0,0,0,0,0,0,0,0,0,0,0,0,0,0,0,0,0,0,0,0,0,0,0,0,0,0,0,0,0,0,0,0,0,0,0,0,0,0,0,0,0,0,0,0,0,0,0,0,0,0,0,0,0,0,0,0,0,0,0,0,0,0,0,0,0,0,0,0,0,0,0,0,0,0,0,0,0,0,0,0,0,0,0,0,0,0,0,0,0,0,0,0,0,0,0
3774,3792,4420,5369,5766,5980,6204,15042,15120,16872,18910,22960,23701,25239,27636,34776,37241,42042,48132,57339,63504,73140,79686,99560,116615,140448,177215,220199,272655,343485,463536,651937,747669,722744,670725,611496,419190,0,0,0,0,0,0,0,0,0,0,0,0,0,0,0,0,0,0,0,0,0,0,0,0,0,0,0,0,0,0,0,0,0,0,0,0,0,0,0,0,0,0,0,0,0,0,0,0,0,0,0,0,0,0,0,0,0,0,0,0,0,0,0,0,0,0,0,0,0,0,0,0,0,0,0,0,0,0,0,0,0,0,0,0,0,0,0,0,0,0,0,0,0,0,0,0,0,0,0,0,0,0,0,0,0,0,0,0,0,0,0,0,0,0,0,0,0,0,0,0,0,0,0,0,0,0,0,0,0,0,0,0,0,0,0,0
10560,22610,24424,24150,27600,34604,37962,36720,44164,47940,56430,68154,77736,94058,110262,133488,166449,205125,255816,336991,450840,634608,866384,921987,890666,867027,762144,0,0,0,0,0,0,0,0,0,0,0,0,0,0,0,0,0,0,0,0,0,0,0,0,0,0,0,0,0,0,0,0,0,0,0,0,0,0,0,0,0,0,0,0,0,0,0,0,0,0,0,0,0,0,0,0,0,0,0,0,0,0,0,0,0,0,0,0,0,0,0,0,0,0,0,0,0,0,0,0,0,0,0,0,0,0,0,0,0,0,0,0,0,0,0,0,0,0,0,0,0,0,0,0,0,0,0,0,0,0,0,0,0,0,0,0,0,0,0,0,0,0,0,0,0,0,0,0,0,0,0,0,0,0,0,0,0,0,0,0,0,0,0,0,0,0
4980,5046,8858,8925,14279,17731,18923,21465,30200,29568,35260,35588,41520,44929,50180,62540,74646,82320,98625,119646,144960,175260,220578,281400,373491,485184,738000,846090,815751,772431,707520,0,0,0,0,0,0,0,0,0,0,0,0,0,0,0,0,0,0,0,0,0,0,0,0,0,0,0,0,0,0,0,0,0,0,0,0,0,0,0,0,0,0,0,0,0,0,0,0,0,0,0,0,0,0,0,0,0,0,0,0,0,0,0,0,0,0,0,0,0,0,0,0,0,0,0,0,0,0,0,0,0,0,0,0,0,0,0,0,0,0,0,0,0,0,0,0,0,0,0,0,0,0,0,0,0,0,0,0,0,0,0,0,0,0,0,0,0,0,0,0,0,0,0,0,0,0,0,0,0,0,0,0,0,0,0,0,0,0,0,0,0,0
3774,9657,9202,14592,18270,19712,22110,37687,35237,39672,46410,53184,63798,73628,84280,106700,129744,162239,202368,254807,342705,457976,689472,898100,851074,865358,827956,0,0,0,0,0,0,0,0,0,0,0,0,0,0,0,0,0,0,0,0,0,0,0,0,0,0,0,0,0,0,0,0,0,0,0,0,0,0,0,0,0,0,0,0,0,0,0,0,0,0,0,0,0,0,0,0,0,0,0,0,0,0,0,0,0,0,0,0,0,0,0,0,0,0,0,0,0,0,0,0,0,0,0,0,0,0,0,0,0,0,0,0,0,0,0,0,0,0,0,0,0,0,0,0,0,0,0,0,0,0,0,0,0,0,0,0,0,0,0,0,0,0,0,0,0,0,0,0,0,0,0,0,0,0,0,0,0,0,0,0,0,0,0,0,0,0
12463,12810,12954,13464,18871,19895,19665,19720,24628,25594,23436,23920,24180,25650,25728,25920,25996,27383,28217,28826,30843,31439,30992,32767,33150,36480,38940,40053,43500,44718,44678,48360,48246,50303,53289,56914,59885,63558,65145,68992,72640,77385,83835,90464,95304,100084,109200,113162,121260,125856,132016,146624,155979,167986,174541,194219,208254,229125,239940,259840,304286,310980,354816,378410,400330,459740,505506,542361,591360,653235,698710,750750,798624,784312,784932,773376,765000,741712,714082,740304,714402,672480,580500,515799,428364,0,0,0,0,0,0,0,0,0,0,0,0,0,0,0,0,0,0,0,0,0,0,0,0,0,0,0,0,0,0,0,0,0,0,0,0,0,0,0,0,0,0,0,0,0,0,0,0,0,0,0,0,0,0,0,0,0,0,0,0,0,0,0,0,0,0,0,0,0,0,0,0,0,0,0,0,0,0,0,0,0,0,0,0,0,0,0,0
3128,2881,3312,3952,4081,7872,6624,7600,10602,9976,15846,22326,23660,23660,23973,25668,26966,28656,28400,29252,32012,33354,33354,34875,37653,38376,39283,41750,44975,45414,49410,52334,55005,62608,67362,67540,75210,80106,89280,97310,102795,106795,116063,126126,133476,148200,161704,171182,188300,208725,228981,250734,291900,316914,362968,395604,451298,513063,553877,627308,654892,746091,768628,774690,722920,718180,711312,755436,714402,736288,662630,603564,521240,427707,0,0,0,0,0,0,0,0,0,0,0,0,0,0,0,0,0,0,0,0,0,0,0,0,0,0,0,0,0,0,0,0,0,0,0,0,0,0,0,0,0,0,0,0,0,0,0,0,0,0,0,0,0,0,0,0,0,0,0,0,0,0,0,0,0,0,0,0,0,0,0,0,0,0,0,0,0,0,0,0,0,0,0,0,0,0,0,0,0,0,0,0,0,0,0,0,0,0,0
4176,4466,7296,6916,7520,10710,15904,23010,23660,24156,25345,27406,27860,28258,29930,32224,33480,34944,35550,39342,40729,42408,42330,47545,46280,48208,52186,57652,64842,69264,77280,78392,87348,94482,101951,111780,116200,132143,137080,153438,172205,183913,202720,234240,251536,285758,329681,377944,413500,475838,512302,568106,639254,722432,765666,804162,767990,765084,764970,552558,417456,0,0,0,0,0,0,0,0,0,0,0,0,0,0,0,0,0,0,0,0,0,0,0,0,0,0,0,0,0,0,0,0,0,0,0,0,0,0,0,0,0,0,0,0,0,0,0,0,0,0,0,0,0,0,0,0,0,0,0,0,0,0,0,0,0,0,0,0,0,0,0,0,0,0,0,0,0,0,0,0,0,0,0,0,0,0,0,0,0,0,0,0,0,0,0,0,0,0,0,0,0,0,0,0,0,0,0,0,0,0,0,0
22755,22606,23736,24790,26410,27742,29346,30488,32436,34188,36182,38631,38911,40172,43092,47520,48509,50841,55965,59924,65262,74520,79195,86846,95568,102870,118490,123403,136308,147088,166320,180950,196014,229034,257631,295365,335790,372724,428206,480129,530910,624162,686280,740850,798928,810579,755040,784377,782892,480185,0,0,0,0,0,0,0,0,0,0,0,0,0,0,0,0,0,0,0,0,0,0,0,0,0,0,0,0,0,0,0,0,0,0,0,0,0,0,0,0,0,0,0,0,0,0,0,0,0,0,0,0,0,0,0,0,0,0,0,0,0,0,0,0,0,0,0,0,0,0,0,0,0,0,0,0,0,0,0,0,0,0,0,0,0,0,0,0,0,0,0,0,0,0,0,0,0,0,0,0,0,0,0,0,0,0,0,0,0,0,0,0,0,0,0,0,0,0,0,0,0,0,0
13832,13905,13872,14490,14933,18096,19926,21228,24156,24366,23994,25862,26030,29200,31464,31312,33572,35840,38346,39913,43824,45069,50008,52416,55123,58729,60979,72276,82620,86346,96258,105875,117334,128828,139500,156110,169632,187443,213759,253712,277378,331968,364572,430500,494080,535600,614916,730810,768936,807088,783728,813736,776815,551135,0,0,0,0,0,0,0,0,0,0,0,0,0,0,0,0,0,0,0,0,0,0,0,0,0,0,0,0,0,0,0,0,0,0,0,0,0,0,0,0,0,0,0,0,0,0,0,0,0,0,0,0,0,0,0,0,0,0,0,0,0,0,0,0,0,0,0,0,0,0,0,0,0,0,0,0,0,0,0,0,0,0,0,0,0,0,0,0,0,0,0,0,0,0,0,0,0,0,0,0,0,0,0,0,0,0,0,0,0,0,0,0,0,0,0,0,0,0,0
12513,13029,13803,20650,22302,23449,25862,29200,30450,31977,32700,36570,38280,38631,40970,44800,45588,47763,56964,58835,66960,74328,79002,87348,98472,111321,119262,133945,144150,162504,177480,197580,230400,267388,313992,373324,405230,486604,547581,615536,711774,803396,780123,755160,724200,673509,486324,0,0,0,0,0,0,0,0,0,0,0,0,0,0,0,0,0,0,0,0,0,0,0,0,0,0,0,0,0,0,0,0,0,0,0,0,0,0,0,0,0,0,0,0,0,0,0,0,0,0,0,0,0,0,0,0,0,0,0,0,0,0,0,0,0,0,0,0,0,0,0,0,0,0,0,0,0,0,0,0,0,0,0,0,0,0,0,0,0,0,0,0,0,0,0,0,0,0,0,0,0,0,0,0,0,0,0,0,0,0,0,0,0,0,0,0,0,0,0,0,0,0,0,0,0,0
5518,11648,12126,12771,12707,12838,16206,21830,22072,24790,24472,26441,26928,28600,29458,32680,34255,36093,38001,40460,44196,45489,50463,55860,60358,69984,75137,84700,92232,101269,111606,124483,138736,151686,168479,185136,216445,265864,294408,356720,404600,484344,547560,631760,727620,769857,751254,691360,682110,705348,691643,613395,546448,411060,0,0,0,0,0,0,0,0,0,0,0,0,0,0,0,0,0,0,0,0,0,0,0,0,0,0,0,0,0,0,0,0,0,0,0,0,0,0,0,0,0,0,0,0,0,0,0,0,0,0,0,0,0,0,0,0,0,0,0,0,0,0,0,0,0,0,0,0,0,0,0,0,0,0,0,0,0,0,0,0,0,0,0,0,0,0,0,0,0,0,0,0,0,0,0,0,0,0,0,0,0,0,0,0,0,0,0,0,0,0,0,0,0,0,0,0,0,0,0
7623,8470,9396,9430,10062,10005,10502,11160,15288,16006,16023,18193,19352,20449,20449,22050,24381,24003,24639,26248,28457,29820,33000,34944,37884,38280,39715,42282,45180,51324,52250,60200,68160,73260,84006,90992,96886,109296,126540,136479,156187,174632,198528,235875,271477,330809,382657,428560,528054,611765,675906,731900,718770,672100,667290,645676,592800,556652,476055,350239,0,0,0,0,0,0,0,0,0,0,0,0,0,0,0,0,0,0,0,0,0,0,0,0,0,0,0,0,0,0,0,0,0,0,0,0,0,0,0,0,0,0,0,0,0,0,0,0,0,0,0,0,0,0,0,0,0,0,0,0,0,0,0,0,0,0,0,0,0,0,0,0,0,0,0,0,0,0,0,0,0,0,0,0,0,0,0,0,0,0,0,0,0,0,0,0,0,0,0,0,0,0,0,0,0,0,0,0,0,0,0,0,0
15228,18755,21000,21700,24552,29120,30222,28656,30784,34008,37290,41211,44544,46814,51888,58115,62118,73365,77625,85932,98141,111249,124215,140844,161544,192510,219128,271072,323996,381800,472440,568696,655151,717550,644119,631616,611800,574275,551180,466188,327968,0,0,0,0,0,0,0,0,0,0,0,0,0,0,0,0,0,0,0,0,0,0,0,0,0,0,0,0,0,0,0,0,0,0,0,0,0,0,0,0,0,0,0,0,0,0,0,0,0,0,0,0,0,0,0,0,0,0,0,0,0,0,0,0,0,0,0,0,0,0,0,0,0,0,0,0,0,0,0,0,0,0,0,0,0,0,0,0,0,0,0,0,0,0,0,0,0,0,0,0,0,0,0,0,0,0,0,0,0,0,0,0,0,0,0,0,0,0,0,0,0,0,0,0,0,0,0,0,0,0,0,0
9234,9234,10283,18080,18880,21750,21930,22962,25460,27885,30843,33136,35796,38394,37260,41211,44750,49104,55185,62321,72800,78660,90134,97388,107271,130702,144716,167970,193444,239375,278362,338328,402116,490428,586796,749755,782781,741780,680360,660192,645219,593430,502648,333370,0,0,0,0,0,0,0,0,0,0,0,0,0,0,0,0,0,0,0,0,0,0,0,0,0,0,0,0,0,0,0,0,0,0,0,0,0,0,0,0,0,0,0,0,0,0,0,0,0,0,0,0,0,0,0,0,0,0,0,0,0,0,0,0,0,0,0,0,0,0,0,0,0,0,0,0,0,0,0,0,0,0,0,0,0,0,0,0,0,0,0,0,0,0,0,0,0,0,0,0,0,0,0,0,0,0,0,0,0,0,0,0,0,0,0,0,0,0,0,0,0,0,0,0,0,0,0,0,0
8300,8295,8720,12502,12936,14140,16128,17176,18560,19642,20750,21156,22880,25024,26730,27600,29452,30340,32550,36795,40338,46182,47348,54528,59200,62909,75264,80608,94864,107586,119880,139490,160528,194667,230141,282905,351232,429536,517650,625068,727012,646072,650369,612264,579078,535920,426990,265665,0,0,0,0,0,0,0,0,0,0,0,0,0,0,0,0,0,0,0,0,0,0,0,0,0,0,0,0,0,0,0,0,0,0,0,0,0,0,0,0,0,0,0,0,0,0,0,0,0,0,0,0,0,0,0,0,0,0,0,0,0,0,0,0,0,0,0,0,0,0,0,0,0,0,0,0,0,0,0,0,0,0,0,0,0,0,0,0,0,0,0,0,0,0,0,0,0,0,0,0,0,0,0,0,0,0,0,0,0,0,0,0,0,0,0,0,0,0,0,0,0,0,0,0,0
8848,9512,9794,10406,10320,10591,11253,16065,19706,22050,22375,22880,25004,25728,26384,29896,32250,35234,37979,40095,41280,46665,52716,59600,66654,75375,87346,96012,106372,128028,142500,171458,201399,235500,306128,377742,452184,564450,700488,758640,730000,669320,659898,617049,572286,412043,0,0,0,0,0,0,0,0,0,0,0,0,0,0,0,0,0,0,0,0,0,0,0,0,0,0,0,0,0,0,0,0,0,0,0,0,0,0,0,0,0,0,0,0,0,0,0,0,0,0,0,0,0,0,0,0,0,0,0,0,0,0,0,0,0,0,0,0,0,0,0,0,0,0,0,0,0,0,0,0,0,0,0,0,0,0,0,0,0,0,0,0,0,0,0,0,0,0,0,0,0,0,0,0,0,0,0,0,0,0,0,0,0,0,0,0,0,0,0,0,0,0,0,0,0,0,0
2394,8346,8800,9280,9758,9701,10353,10324,10620,11564,11495,12054,16308,20111,19680,22680,24435,23607,25594,27580,28400,30514,36000,37920,42066,44370,50880,56448,60802,72921,83886,96000,110704,123552,148512,173892,201399,252966,303424,384319,478536,585290,752400,782781,766034,712116,715351,575622,383175,0,0,0,0,0,0,0,0,0,0,0,0,0,0,0,0,0,0,0,0,0,0,0,0,0,0,0,0,0,0,0,0,0,0,0,0,0,0,0,0,0,0,0,0,0,0,0,0,0,0,0,0,0,0,0,0,0,0,0,0,0,0,0,0,0,0,0,0,0,0,0,0,0,0,0,0,0,0,0,0,0,0,0,0,0,0,0,0,0,0,0,0,0,0,0,0,0,0,0,0,0,0,0,0,0,0,0,0,0,0,0,0,0,0,0,0,0,0,0,0,0,0,0,0
7875,8690,8580,8658,9072,15582,18560,20295,20295,21328,22912,26441,29145,32035,33896,37098,37979,42768,49181,51870,60000,73967,81543,88572,104895,125490,140954,168078,205707,245626,320350,389154,502320,608830,752376,727500,682094,646287,611100,542357,393516,0,0,0,0,0,0,0,0,0,0,0,0,0,0,0,0,0,0,0,0,0,0,0,0,0,0,0,0,0,0,0,0,0,0,0,0,0,0,0,0,0,0,0,0,0,0,0,0,0,0,0,0,0,0,0,0,0,0,0,0,0,0,0,0,0,0,0,0,0,0,0,0,0,0,0,0,0,0,0,0,0,0,0,0,0,0,0,0,0,0,0,0,0,0,0,0,0,0,0,0,0,0,0,0,0,0,0,0,0,0,0,0,0,0,0,0,0,0,0,0,0,0,0,0,0,0,0,0,0,0,0,0
8720,8829,9040,9379,9435,10440,17160,20125,21279,23495,26136,25058,28826,31737,33522,36480,37052,41866,47060,52992,61000,71720,78874,90024,104636,124266,140008,174632,204776,257544,319371,407528,515678,659792,740740,695232,665658,643824,597054,488976,290016,0,0,0,0,0,0,0,0,0,0,0,0,0,0,0,0,0,0,0,0,0,0,0,0,0,0,0,0,0,0,0,0,0,0,0,0,0,0,0,0,0,0,0,0,0,0,0,0,0,0,0,0,0,0,0,0,0,0,0,0,0,0,0,0,0,0,0,0,0,0,0,0,0,0,0,0,0,0,0,0,0,0,0,0,0,0,0,0,0,0,0,0,0,0,0,0,0,0,0,0,0,0,0,0,0,0,0,0,0,0,0,0,0,0,0,0,0,0,0,0,0,0,0,0,0,0,0,0,0,0,0,0
8560,8424,8085,8208,8216,8400,8715,9156,14178,16170,18720,20160,20812,22428,23973,27540,28560,32100,33048,33970,36612,43365,46552,53676,62320,72816,84480,92872,112024,129331,156240,185802,236368,307400,384275,468975,588528,744800,723503,686200,655090,618880,513718,318464,0,0,0,0,0,0,0,0,0,0,0,0,0,0,0,0,0,0,0,0,0,0,0,0,0,0,0,0,0,0,0,0,0,0,0,0,0,0,0,0,0,0,0,0,0,0,0,0,0,0,0,0,0,0,0,0,0,0,0,0,0,0,0,0,0,0,0,0,0,0,0,0,0,0,0,0,0,0,0,0,0,0,0,0,0,0,0,0,0,0,0,0,0,0,0,0,0,0,0,0,0,0,0,0,0,0,0,0,0,0,0,0,0,0,0,0,0,0,0,0,0,0,0,0,0,0,0,0,0
8034,8610,8549,9116,20160,20664,23100,25004,26320,29110,32589,35742,37001,38930,45720,51680,60300,71583,82836,94116,107712,133056,156736,187762,246144,317836,403914,529857,639462,748428,747615,691985,667800,620606,464170,0,0,0,0,0,0,0,0,0,0,0,0,0,0,0,0,0,0,0,0,0,0,0,0,0,0,0,0,0,0,0,0,0,0,0,0,0,0,0,0,0,0,0,0,0,0,0,0,0,0,0,0,0,0,0,0,0,0,0,0,0,0,0,0,0,0,0,0,0,0,0,0,0,0,0,0,0,0,0,0,0,0,0,0,0,0,0,0,0,0,0,0,0,0,0,0,0,0,0,0,0,0,0,0,0,0,0,0,0,0,0,0,0,0,0,0,0,0,0,0,0,0,0,0,0,0,0,0,0,0,0,0,0,0,0,0,0,0
8611,8910,9020,8881,9592,15450,16241,21080,22428,25296,26271,30222,33354,35805,36838,42140,48392,55296,63345,74919,86040,100076,122544,144118,176400,216216,290214,370677,452088,594385,736762,710190,660210,649950,592952,432864,0,0,0,0,0,0,0,0,0,0,0,0,0,0,0,0,0,0,0,0,0,0,0,0,0,0,0,0,0,0,0,0,0,0,0,0,0,0,0,0,0,0,0,0,0,0,0,0,0,0,0,0,0,0,0,0,0,0,0,0,0,0,0,0,0,0,0,0,0,0,0,0,0,0,0,0,0,0,0,0,0,0,0,0,0,0,0,0,0,0,0,0,0,0,0,0,0,0,0,0,0,0,0,0,0,0,0,0,0,0,0,0,0,0,0,0,0,0,0,0,0,0,0,0,0,0,0,0,0,0,0,0,0,0,0,0,0
8034,9296,8964,18921,20500,22400,25192,26030,29394,32895,36160,38180,43225,47946,55670,66253,75597,86742,104636,124822,155688,188074,230010,322070,393775,532462,670340,755354,680351,640644,598500,513843,0,0,0,0,0,0,0,0,0,0,0,0,0,0,0,0,0,0,0,0,0,0,0,0,0,0,0,0,0,0,0,0,0,0,0,0,0,0,0,0,0,0,0,0,0,0,0,0,0,0,0,0,0,0,0,0,0,0,0,0,0,0,0,0,0,0,0,0,0,0,0,0,0,0,0,0,0,0,0,0,0,0,0,0,0,0,0,0,0,0,0,0,0,0,0,0,0,0,0,0,0,0,0,0,0,0,0,0,0,0,0,0,0,0,0,0,0,0,0,0,0,0,0,0,0,0,0,0,0,0,0,0,0,0,0,0,0,0,0,0,0
8532,8580,8848,9040,9379,9434,8856,10647,14652,15096,19952,20933,21771,25740,26910,30514,32400,37327,36960,44604,50008,56345,69760,82360,96250,116571,137240,173184,215628,284921,369256,510696,635470,734638,661248,623712,572502,449917,0,0,0,0,0,0,0,0,0,0,0,0,0,0,0,0,0,0,0,0,0,0,0,0,0,0,0,0,0,0,0,0,0,0,0,0,0,0,0,0,0,0,0,0,0,0,0,0,0,0,0,0,0,0,0,0,0,0,0,0,0,0,0,0,0,0,0,0,0,0,0,0,0,0,0,0,0,0,0,0,0,0,0,0,0,0,0,0,0,0,0,0,0,0,0,0,0,0,0,0,0,0,0,0,0,0,0,0,0,0,0,0,0,0,0,0,0,0,0,0,0,0,0,0,0,0,0,0,0,0,0,0,0,0,0
8316,15370,17136,19764,21576,23449,27324,29394,31710,33970,36900,45180,50760,59297,68264,79234,96264,116580,140896,178314,228514,306306,408025,549631,700870,674450,663693,594715,521240,295776,0,0,0,0,0,0,0,0,0,0,0,0,0,0,0,0,0,0,0,0,0,0,0,0,0,0,0,0,0,0,0,0,0,0,0,0,0,0,0,0,0,0,0,0,0,0,0,0,0,0,0,0,0,0,0,0,0,0,0,0,0,0,0,0,0,0,0,0,0,0,0,0,0,0,0,0,0,0,0,0,0,0,0,0,0,0,0,0,0,0,0,0,0,0,0,0,0,0,0,0,0,0,0,0,0,0,0,0,0,0,0,0,0,0,0,0,0,0,0,0,0,0,0,0,0,0,0,0,0,0,0,0,0,0,0,0,0,0,0,0,0,0,0
8295,8800,9120,9266,9324,10170,15645,18285,21948,22352,23973,25403,28314,32680,36547,40414,43050,49256,58000,73775,86760,103885,129437,161500,192896,262542,363432,475710,620844,778472,708540,681980,628808,468969,0,0,0,0,0,0,0,0,0,0,0,0,0,0,0,0,0,0,0,0,0,0,0,0,0,0,0,0,0,0,0,0,0,0,0,0,0,0,0,0,0,0,0,0,0,0,0,0,0,0,0,0,0,0,0,0,0,0,0,0,0,0,0,0,0,0,0,0,0,0,0,0,0,0,0,0,0,0,0,0,0,0,0,0,0,0,0,0,0,0,0,0,0,0,0,0,0,0,0,0,0,0,0,0,0,0,0,0,0,0,0,0,0,0,0,0,0,0,0,0,0,0,0,0,0,0,0,0,0,0,0,0,0,0,0,0,0,0,0
7128,7725,7854,7575,8262,8320,10440,11155,10974,11328,11616,11656,11590,11834,12750,12573,15792,17199,18327,17649,30300,37910,33852,29751,32631,33004,34731,35112,37920,37842,37680,38880,40581,41895,44720,46540,49632,52234,53676,55198,55096,58307,59496,62424,65296,66650,72576,75936,83592,86975,91266,94878,97410,105315,110142,116100,120652,131850,136782,147250,153892,159858,170172,182784,197327,219040,237133,247680,275400,300181,320450,359530,385746,437500,472932,517055,572285,636294,680169,682110,681996,638820,622440,623508,612625,615528,577024,566993,508950,472379,430164,390144,337591,177888,0,0,0,0,0,0,0,0,0,0,0,0,0,0,0,0,0,0,0,0,0,0,0,0,0,0,0,0,0,0,0,0,0,0,0,0,0,0,0,0,0,0,0,0,0,0,0,0,0,0,0,0,0,0,0,0,0,0,0,0,0,0,0,0,0,0,0,0,0,0,0,0,0,0,0,0,0,0,0
5504,5824,6020,6035,6264,6424,6192,6424,6336,6624,6624,6935,7178,7275,7350,7350,7081,7400,7575,7800,7575,7700,8400,8632,8000,8216,8374,8480,8769,8910,9184,9804,9890,10788,10556,10672,11305,11092,11685,12028,12125,12250,12573,12576,13167,12672,13545,13803,13755,14300,14763,13910,15162,15827,15870,16263,16965,17550,16539,16912,17901,18876,18207,19239,19875,22512,23427,24426,24797,25071,25854,25432,26082,28000,28314,29725,30316,31899,33150,34255,35708,36288,37979,39412,40729,43120,45018,47439,51531,56170,54873,56304,60690,62424,65534,68068,73450,76836,81656,83650,88447,94742,97280,107304,114264,125490,130176,135864,144290,161500,172010,183260,195650,207060,227766,254524,272565,299040,337199,379290,422343,452228,509866,564040,616487,619530,608520,617424,579073,583100,567909,530216,516792,470682,442288,409698,357425,290911,221340,126000,47243,0,0,0,0,0,0,0,0,0,0,0,0,0,0,0,0,0,0,0,0,0,0,0,0,0,0,0,0,0,0,0,0
5850,7400,7800,7980,7931,7950,8453,12870,17822,16236,17020,17433,17199,17020,17365,17248,18354,18285,19305,18908,19024,20400,21525,21771,22479,24440,25152,25476,27186,27636,29000,31212,31824,32604,33970,32895,36547,36386,37191,38775,41140,42312,44073,46620,47656,49368,52353,56516,57036,57918,60398,65621,67947,69542,73248,78660,83544,87360,92476,99328,105672,112292,117390,130628,135568,143045,161322,169248,175099,191051,216530,232940,251160,273234,309228,341562,395604,415329,446160,489583,565551,623106,695680,688446,705030,664995,677642,665012,620620,589423,556404,530440,479400,413700,367587,277635,187577,75336,0,0,0,0,0,0,0,0,0,0,0,0,0,0,0,0,0,0,0,0,0,0,0,0,0,0,0,0,0,0,0,0,0,0,0,0,0,0,0,0,0,0,0,0,0,0,0,0,0,0,0,0,0,0,0,0,0,0,0,0,0,0,0,0,0,0,0,0,0,0,0,0,0,0,0
6072,6432,6006,6210,6790,6256,6097,8346,8800,8829,9775,9324,9890,10680,10502,10591,10980,11439,11132,11590,11875,14490,15087,19096,19908,20172,21844,22050,22704,24472,24934,26270,28712,31400,31482,32700,33371,36110,36814,39078,40460,40014,42350,46368,49794,47730,49929,52525,55860,60885,65448,69204,71722,74683,75570,82250,87242,91875,100352,105205,117015,120270,131400,142141,159819,174824,181704,199525,218764,248376,270680,302316,354950,403088,442468,516120,569133,674332,742126,819819,771573,783356,781196,766179,715953,707954,656095,631158,521573,439666,0,0,0,0,0,0,0,0,0,0,0,0,0,0,0,0,0,0,0,0,0,0,0,0,0,0,0,0,0,0,0,0,0,0,0,0,0,0,0,0,0,0,0,0,0,0,0,0,0,0,0,0,0,0,0,0,0,0,0,0,0,0,0,0,0,0,0,0,0,0,0,0,0,0,0,0,0,0,0,0,0,0,0
9072,9492,9576,10266,10296,11067,11040,11346,11374,11970,11997,14416,17100,18369,28200,28000,28980,30033,32340,34126,35953,35416,34100,38976,43688,46361,48594,52250,54626,56260,59670,61000,64575,63832,76614,83544,85442,92120,98853,110240,116416,127556,140008,145485,167637,179071,196424,220932,255057,283590,318222,379421,426923,480362,558844,665052,765318,722925,697950,684252,670714,626756,588528,561594,470095,378420,289923,148665,0,0,0,0,0,0,0,0,0,0,0,0,0,0,0,0,0,0,0,0,0,0,0,0,0,0,0,0,0,0,0,0,0,0,0,0,0,0,0,0,0,0,0,0,0,0,0,0,0,0,0,0,0,0,0,0,0,0,0,0,0,0,0,0,0,0,0,0,0,0,0,0,0,0,0,0,0,0,0,0,0,0,0,0,0,0,0,0,0,0,0,0,0,0,0,0,0,0,0,0,0,0,0,0,0
2552,2760,2622,2576,2610,2668,2655,3008,3055,3234,3120,3213,3339,3498,3564,3672,3990,4047,4248,4307,4218,4176,4200,4380,4350,4088,4144,4088,4088,4292,4200,4332,4800,4872,5015,4980,4988,5229,5440,5481,6460,6720,6912,7252,7425,7425,7425,7600,7931,8216,8346,8611,8991,9280,9360,9660,11374,12192,12416,13400,13365,14111,14980,15336,14317,15914,17328,17400,17731,17700,17731,19723,19422,21033,22400,23711,26208,25311,28130,30192,32130,34410,36320,36936,38844,41825,45384,46552,48573,53460,57732,60528,65836,68266,72413,82586,88500,94125,100233,111652,121407,136782,151526,171644,185645,204326,233748,267995,308574,358980,422685,487968,586272,673920,765234,772695,744898,728339,667464,650128,584184,530700,431148,319592,0,0,0,0,0,0,0,0,0,0,0,0,0,0,0,0,0,0,0,0,0,0,0,0,0,0,0,0,0,0,0,0,0,0,0,0,0,0,0,0,0,0,0,0,0,0,0,0,0
6305,8424,9831,9546,9790,10304,10830,11115,11224,12200,13184,16500,16786,16895,18486,18908,21376,31980,42550,40454,37524,40338,42419,44807,46464,49051,51522,54812,58307,62928,66243,71720,77616,80964,88080,95760,108528,117300,132143,143820,161177,175628,190568,227250,251413,294831,343485,428708,465312,557354,660726,750832,728788,749972,725220,707112,648416,584201,522000,436884,334480,167912,0,0,0,0,0,0,0,0,0,0,0,0,0,0,0,0,0,0,0,0,0,0,0,0,0,0,0,0,0,0,0,0,0,0,0,0,0,0,0,0,0,0,0,0,0,0,0,0,0,0,0,0,0,0,0,0,0,0,0,0,0,0,0,0,0,0,0,0,0,0,0,0,0,0,0,0,0,0,0,0,0,0,0,0,0,0,0,0,0,0,0,0,0,0,0,0,0,0,0,0,0,0,0,0,0,0,0,0,0,0,0
8586,8715,8690,9234,9576,9804,10148,10032,10440,10920,10920,11040,11375,11685,12400,13184,13832,14490,15012,17898,18860,19071,35316,31160,34286,34226,36640,40414,44625,44450,49312,51051,52731,57820,61200,66465,72150,77402,84365,93992,104377,116298,125812,137974,162288,179154,200796,237222,262680,304878,386988,455533,537984,629551,766005,784548,738192,744766,692736,648531,600698,468300,373760,0,0,0,0,0,0,0,0,0,0,0,0,0,0,0,0,0,0,0,0,0,0,0,0,0,0,0,0,0,0,0,0,0,0,0,0,0,0,0,0,0,0,0,0,0,0,0,0,0,0,0,0,0,0,0,0,0,0,0,0,0,0,0,0,0,0,0,0,0,0,0,0,0,0,0,0,0,0,0,0,0,0,0,0,0,0,0,0,0,0,0,0,0,0,0,0,0,0,0,0,0,0,0,0,0,0,0,0,0,0
2080,2184,2091,1989,2562,2666,2640,2610,2552,2610,2596,2552,2610,2508,2460,2501,2772,2816,2728,2852,2944,2961,3038,3328,3392,3339,3328,3380,3432,3380,3685,3816,3626,3626,3504,3626,4028,4200,4180,4424,4860,5332,4956,4941,4898,5120,5200,5265,5589,5670,5740,6210,6324,5940,6720,6720,6790,7081,6887,8532,9744,10647,10948,11495,12573,12446,12827,13056,13287,14017,14541,14256,14980,15435,16539,17328,18096,19520,20574,19908,21912,23936,25137,26634,28968,29435,32012,32832,35030,34944,37047,39445,41500,46814,50677,52716,60320,64260,69015,75484,82005,94627,103600,111510,127890,143220,158105,175560,210028,230758,278924,332693,392496,477393,574532,653543,704684,644892,623377,594416,547539,446532,383736,249574,69144,0,0,0,0,0,0,0,0,0,0,0,0,0,0,0,0,0,0,0,0,0,0,0,0,0,0,0,0,0,0,0,0,0,0,0,0,0,0,0,0,0,0,0,0,0,0,0,0
19602,22875,26520,27800,28600,29820,31889,33726,37209,40260,41998,45760,49128,54144,58307,59700,67925,74700,83752,89012,99288,109516,127160,144054,153720,181235,207774,246240,285234,344700,451639,528000,631163,759873,800137,706456,684959,639471,435951,303232,98880,0,0,0,0,0,0,0,0,0,0,0,0,0,0,0,0,0,0,0,0,0,0,0,0,0,0,0,0,0,0,0,0,0,0,0,0,0,0,0,0,0,0,0,0,0,0,0,0,0,0,0,0,0,0,0,0,0,0,0,0,0,0,0,0,0,0,0,0,0,0,0,0,0,0,0,0,0,0,0,0,0,0,0,0,0,0,0,0,0,0,0,0,0,0,0,0,0,0,0,0,0,0,0,0,0,0,0,0,0,0,0,0,0,0,0,0,0,0,0,0,0,0,0,0,0,0,0,0,0,0,0,0
1508,1537,1508,2842,2950,3111,3213,2950,3120,3417,3944,4002,4060,4060,4071,4440,4440,4575,4697,4560,4350,4620,4836,5200,5544,5478,5590,5504,5762,5742,5762,5950,6106,6675,6975,7081,7400,6745,7056,7350,7252,7722,8881,9348,8453,8800,9918,9408,11224,11808,12544,12700,13936,14628,14490,14560,15476,17222,17741,18240,20212,21930,21504,22272,24030,25392,31464,33755,34100,38410,39843,40656,44176,48129,53184,58692,64752,72320,77860,85557,95380,107587,116760,134251,158102,171127,201799,236694,278775,338200,418275,509852,652080,860949,875520,850509,840232,782130,704975,567245,144432,0,0,0,0,0,0,0,0,0,0,0,0,0,0,0,0,0,0,0,0,0,0,0,0,0,0,0,0,0,0,0,0,0,0,0,0,0,0,0,0,0,0,0,0,0,0,0,0,0,0,0,0,0,0,0,0,0,0,0,0,0,0,0,0,0,0,0,0,0,0,0,0
2052,2145,2310,2622,2668,2714,3000,3068,3120,3172,3100,3392,3350,3536,3381,3692,3796,3626,3384,3600,3774,4028,4455,4814,4740,4800,5040,5146,5120,6120,6300,6440,6555,6790,7400,7500,7622,8112,8667,9213,9324,10092,9718,11904,11997,12771,12707,12900,16008,16472,18513,19200,19706,20740,22272,23316,24616,27027,29106,30160,35457,37018,42592,44345,45384,53625,58167,66357,71100,78858,89964,101010,116412,126582,143622,174437,198648,232974,276805,348840,431632,571446,726950,865412,847670,794784,733130,655788,546960,118611,0,0,0,0,0,0,0,0,0,0,0,0,0,0,0,0,0,0,0,0,0,0,0,0,0,0,0,0,0,0,0,0,0,0,0,0,0,0,0,0,0,0,0,0,0,0,0,0,0,0,0,0,0,0,0,0,0,0,0,0,0,0,0,0,0,0,0,0,0,0,0,0,0,0,0,0,0,0,0,0,0,0,0
31518,36424,38718,41553,44288,49025,55104,62115,71060,74928,84280,92004,104674,123838,141988,159900,192348,226800,283860,347136,438340,553068,729210,904263,905022,851858,760128,654336,541356,309963,0,0,0,0,0,0,0,0,0,0,0,0,0,0,0,0,0,0,0,0,0,0,0,0,0,0,0,0,0,0,0,0,0,0,0,0,0,0,0,0,0,0,0,0,0,0,0,0,0,0,0,0,0,0,0,0,0,0,0,0,0,0,0,0,0,0,0,0,0,0,0,0,0,0,0,0,0,0,0,0,0,0,0,0,0,0,0,0,0,0,0,0,0,0,0,0,0,0,0,0,0,0,0,0,0,0,0,0,0,0,0,0,0,0,0,0,0,0,0,0,0,0,0,0,0,0,0,0,0,0,0,0,0,0,0,0,0,0,0,0,0,0,0
14214,34342,34697,40172,54708,59780,66654,75137,83772,96264,109032,122711,138116,166536,195048,245630,291991,395240,501120,609322,675677,725840,630387,540792,424512,0,0,0,0,0,0,0,0,0,0,0,0,0,0,0,0,0,0,0,0,0,0,0,0,0,0,0,0,0,0,0,0,0,0,0,0,0,0,0,0,0,0,0,0,0,0,0,0,0,0,0,0,0,0,0,0,0,0,0,0,0,0,0,0,0,0,0,0,0,0,0,0,0,0,0,0,0,0,0,0,0,0,0,0,0,0,0,0,0,0,0,0,0,0,0,0,0,0,0,0,0,0,0,0,0,0,0,0,0,0,0,0,0,0,0,0,0,0,0,0,0,0,0,0,0,0,0,0,0,0,0,0,0,0,0,0,0,0,0,0,0,0,0,0,0,0,0,0
1680,1632,1645,1568,1700,1944,2014,2160,2296,2360,2378,2773,2842,2773,2867,3312,3360,3128,2904,3312,3283,3136,3519,3774,3744,3640,3900,4389,4756,4592,4959,5518,6097,6188,6348,7081,7154,9828,9718,10622,10509,10602,10890,11520,12474,13545,13992,14385,14523,16837,17464,17595,22139,21875,23790,25545,27462,30450,32956,34720,38472,44345,50112,53929,61770,66220,76608,82948,97071,115178,128760,150552,182712,214760,264272,343211,444570,553541,623560,671376,590460,521478,410930,291421,87204,0,0,0,0,0,0,0,0,0,0,0,0,0,0,0,0,0,0,0,0,0,0,0,0,0,0,0,0,0,0,0,0,0,0,0,0,0,0,0,0,0,0,0,0,0,0,0,0,0,0,0,0,0,0,0,0,0,0,0,0,0,0,0,0,0,0,0,0,0,0,0,0,0,0,0,0,0,0,0,0,0,0,0,0,0,0,0,0
9890,11776,12480,22017,22140,24064,27000,29252,32482,34918,41480,44528,47965,51986,58608,63960,76266,81360,91339,107158,130872,156240,182268,221906,281670,370936,484972,637332,728344,703760,656604,549936,423900,252648,0,0,0,0,0,0,0,0,0,0,0,0,0,0,0,0,0,0,0,0,0,0,0,0,0,0,0,0,0,0,0,0,0,0,0,0,0,0,0,0,0,0,0,0,0,0,0,0,0,0,0,0,0,0,0,0,0,0,0,0,0,0,0,0,0,0,0,0,0,0,0,0,0,0,0,0,0,0,0,0,0,0,0,0,0,0,0,0,0,0,0,0,0,0,0,0,0,0,0,0,0,0,0,0,0,0,0,0,0,0,0,0,0,0,0,0,0,0,0,0,0,0,0,0,0,0,0,0,0,0,0,0,0,0,0,0,0,0,0
2255,3196,3430,3774,4374,4640,4424,4235,4029,4320,4720,4446,4720,4880,5478,5676,5984,6300,6660,6570,7254,7296,7742,8282,9010,9919,11776,12276,20482,18774,21672,21452,23349,26304,26595,28280,30316,32631,34350,34500,38718,44289,52440,57128,64478,69264,80940,88160,107355,125656,147798,179744,222528,276336,348772,447784,582087,744184,714636,679672,578925,449232,308826,0,0,0,0,0,0,0,0,0,0,0,0,0,0,0,0,0,0,0,0,0,0,0,0,0,0,0,0,0,0,0,0,0,0,0,0,0,0,0,0,0,0,0,0,0,0,0,0,0,0,0,0,0,0,0,0,0,0,0,0,0,0,0,0,0,0,0,0,0,0,0,0,0,0,0,0,0,0,0,0,0,0,0,0,0,0,0,0,0,0,0,0,0,0,0,0,0,0,0,0,0,0,0,0,0,0,0,0,0,0
3060,2992,3195,4914,5229,5762,5963,6188,6210,6370,6461,6052,6390,7296,7425,8162,8453,8611,9266,9605,10440,12255,17595,18880,20664,23814,24304,28495,33264,36570,41934,45900,49848,56549,65310,70742,82128,96500,104000,124752,144152,185136,219615,277830,366912,496036,660920,834386,797476,769392,651100,483778,221496,0,0,0,0,0,0,0,0,0,0,0,0,0,0,0,0,0,0,0,0,0,0,0,0,0,0,0,0,0,0,0,0,0,0,0,0,0,0,0,0,0,0,0,0,0,0,0,0,0,0,0,0,0,0,0,0,0,0,0,0,0,0,0,0,0,0,0,0,0,0,0,0,0,0,0,0,0,0,0,0,0,0,0,0,0,0,0,0,0,0,0,0,0,0,0,0,0,0,0,0,0,0,0,0,0,0,0,0,0,0,0,0,0,0,0,0,0,0,0,0
1792,2013,2135,2331,2268,2640,2976,2970,3128,3888,3780,3834,3869,4028,3996,4176,4851,5720,5568,5676,6020,5916,6052,6643,6808,7068,6674,8036,7968,9523,9657,10230,10767,10735,11938,13534,14873,18603,19071,21228,23865,26578,26931,28314,32314,34720,42834,45510,51917,57084,63342,75150,84135,98456,107304,137824,159512,201123,252976,328308,438480,601520,798876,798576,744180,615384,466580,207214,0,0,0,0,0,0,0,0,0,0,0,0,0,0,0,0,0,0,0,0,0,0,0,0,0,0,0,0,0,0,0,0,0,0,0,0,0,0,0,0,0,0,0,0,0,0,0,0,0,0,0,0,0,0,0,0,0,0,0,0,0,0,0,0,0,0,0,0,0,0,0,0,0,0,0,0,0,0,0,0,0,0,0,0,0,0,0,0,0,0,0,0,0,0,0,0,0,0,0,0,0,0,0,0,0
2736,2784,2623,3102,3082,3216,3312,3283,3300,3243,3337,3621,3640,4088,4176,4425,4466,4661,4697,5460,6351,6319,6510,7050,7220,7520,7954,8118,8632,10416,12240,12152,14734,16159,15660,17433,17020,16416,18683,23364,27115,28812,30400,35200,37125,40656,44678,55800,60944,71732,84109,99072,117600,141220,175577,217930,283754,385920,536710,809796,832104,766908,677248,506796,0,0,0,0,0,0,0,0,0,0,0,0,0,0,0,0,0,0,0,0,0,0,0,0,0,0,0,0,0,0,0,0,0,0,0,0,0,0,0,0,0,0,0,0,0,0,0,0,0,0,0,0,0,0,0,0,0,0,0,0,0,0,0,0,0,0,0,0,0,0,0,0,0,0,0,0,0,0,0,0,0,0,0,0,0,0,0,0,0,0,0,0,0,0,0,0,0,0,0,0,0,0,0,0,0,0,0,0,0
3149,3015,3332,3468,3484,3468,3800,3825,3952,3975,3888,4290,4389,4602,4503,6177,6512,6570,7332,8316,7938,8585,8500,9360,10323,11413,12626,13081,14946,15620,17346,17346,17516,17346,18942,21760,23838,27930,29550,32448,37408,40420,45108,50233,59147,69130,79532,91632,113016,135659,163173,209451,264792,361845,501050,744310,863814,798975,688576,538054,0,0,0,0,0,0,0,0,0,0,0,0,0,0,0,0,0,0,0,0,0,0,0,0,0,0,0,0,0,0,0,0,0,0,0,0,0,0,0,0,0,0,0,0,0,0,0,0,0,0,0,0,0,0,0,0,0,0,0,0,0,0,0,0,0,0,0,0,0,0,0,0,0,0,0,0,0,0,0,0,0,0,0,0,0,0,0,0,0,0,0,0,0,0,0,0,0,0,0,0,0,0,0,0,0,0,0,0,0,0,0,0,0
5280,5376,6164,9288,9831,10974,11592,13699,13622,13662,16095,16352,18285,20295,21717,23310,27580,28600,31800,34632,40656,46102,53075,62830,69225,80940,97110,120175,138824,180565,233208,310800,404521,560560,664868,621560,483191,343144,134792,0,0,0,0,0,0,0,0,0,0,0,0,0,0,0,0,0,0,0,0,0,0,0,0,0,0,0,0,0,0,0,0,0,0,0,0,0,0,0,0,0,0,0,0,0,0,0,0,0,0,0,0,0,0,0,0,0,0,0,0,0,0,0,0,0,0,0,0,0,0,0,0,0,0,0,0,0,0,0,0,0,0,0,0,0,0,0,0,0,0,0,0,0,0,0,0,0,0,0,0,0,0,0,0,0,0,0,0,0,0,0,0,0,0,0,0,0,0,0,0,0,0,0,0,0,0,0,0,0,0,0,0,0,0
5976,6072,6072,9579,9460,10208,11430,13974,14484,16317,17136,20375,20618,22833,23865,27800,30044,34128,38280,46800,50274,60358,68266,81266,95865,117614,138003,172780,221503,290915,407520,585728,704220,648882,547740,417008,160537,0,0,0,0,0,0,0,0,0,0,0,0,0,0,0,0,0,0,0,0,0,0,0,0,0,0,0,0,0,0,0,0,0,0,0,0,0,0,0,0,0,0,0,0,0,0,0,0,0,0,0,0,0,0,0,0,0,0,0,0,0,0,0,0,0,0,0,0,0,0,0,0,0,0,0,0,0,0,0,0,0,0,0,0,0,0,0,0,0,0,0,0,0,0,0,0,0,0,0,0,0,0,0,0,0,0,0,0,0,0,0,0,0,0,0,0,0,0,0,0,0,0,0,0,0,0,0,0,0,0,0,0,0,0,0,0
7680,7954,8428,9720,9523,9810,9592,13176,13392,13952,14012,14960,15232,16100,17136,17582,18392,19519,18944,18848,17424,18352,20253,19712,21120,21812,20769,24150,26455,28012,28424,28830,29605,30652,33120,35640,35805,36907,38356,39324,43621,44528,47188,50572,54372,55322,56280,62245,65448,68547,72225,76820,79576,82836,90774,95758,104411,113570,121836,130092,139986,152944,170674,185265,198332,217459,235077,263655,286280,327120,367350,408021,470552,534963,607568,664388,686382,260666,0,0,0,0,0,0,0,0,0,0,0,0,0,0,0,0,0,0,0,0,0,0,0,0,0,0,0,0,0,0,0,0,0,0,0,0,0,0,0,0,0,0,0,0,0,0,0,0,0,0,0,0,0,0,0,0,0,0,0,0,0,0,0,0,0,0,0,0,0,0,0,0,0,0,0,0,0,0,0,0,0,0,0,0,0,0,0,0,0,0,0,0,0,0,0
11625,11500,11684,14950,14720,14500,20800,25740,28237,29529,30184,30772,31878,33089,39424,41630,44955,47690,52600,54404,57330,59950,65766,70970,75840,82336,82377,89950,97284,105280,112032,119584,125934,138160,146055,158218,175740,197472,211861,237006,277065,298368,354720,409600,449440,514715,618381,712620,851016,0,0,0,0,0,0,0,0,0,0,0,0,0,0,0,0,0,0,0,0,0,0,0,0,0,0,0,0,0,0,0,0,0,0,0,0,0,0,0,0,0,0,0,0,0,0,0,0,0,0,0,0,0,0,0,0,0,0,0,0,0,0,0,0,0,0,0,0,0,0,0,0,0,0,0,0,0,0,0,0,0,0,0,0,0,0,0,0,0,0,0,0,0,0,0,0,0,0,0,0,0,0,0,0,0,0,0,0,0,0,0,0,0,0,0,0,0,0,0,0,0,0,0,0
12480,13176,13530,12840,16184,15142,15930,17061,17812,18150,19177,19328,19840,19685,20193,20829,21896,23881,25056,26550,26700,29223,30301,31360,30615,33327,34230,37230,37840,41992,44344,45448,48384,51675,56964,59488,60030,66378,70512,73920,78200,84109,92000,105216,115181,120960,129352,140261,150575,168837,189911,210936,234780,252681,284658,331034,382708,444445,510045,605812,670950,754812,810966,319515,0,0,0,0,0,0,0,0,0,0,0,0,0,0,0,0,0,0,0,0,0,0,0,0,0,0,0,0,0,0,0,0,0,0,0,0,0,0,0,0,0,0,0,0,0,0,0,0,0,0,0,0,0,0,0,0,0,0,0,0,0,0,0,0,0,0,0,0,0,0,0,0,0,0,0,0,0,0,0,0,0,0,0,0,0,0,0,0,0,0,0,0,0,0,0,0,0,0,0,0,0,0,0,0,0,0,0,0,0
4884,8051,9900,8514,8800,8976,10137,9504,10735,10961,10396,10416,13566,13872,14960,14112,15232,14848,16756,18522,19404,19250,22240,21870,20808,20567,21760,23427,25665,27935,28120,27784,29862,33048,33210,36022,37060,37714,44585,47880,48576,52780,54128,59450,62964,67847,72048,77550,84109,92710,104220,114258,124362,134334,145503,162680,184626,205350,233748,259488,289380,336601,398837,470639,548150,693880,779375,815422,808064,0,0,0,0,0,0,0,0,0,0,0,0,0,0,0,0,0,0,0,0,0,0,0,0,0,0,0,0,0,0,0,0,0,0,0,0,0,0,0,0,0,0,0,0,0,0,0,0,0,0,0,0,0,0,0,0,0,0,0,0,0,0,0,0,0,0,0,0,0,0,0,0,0,0,0,0,0,0,0,0,0,0,0,0,0,0,0,0,0,0,0,0,0,0,0,0,0,0,0,0,0,0,0,0
10620,11346,12319,12969,13260,13416,14803,14803,15544,15870,16240,20066,21672,27636,28906,30380,36673,38590,41652,43200,46250,50052,52662,58938,64636,74025,79218,83545,89950,99324,105462,118372,131824,139911,156894,177498,198720,228343,258852,313280,348650,437436,501052,596403,753186,840392,0,0,0,0,0,0,0,0,0,0,0,0,0,0,0,0,0,0,0,0,0,0,0,0,0,0,0,0,0,0,0,0,0,0,0,0,0,0,0,0,0,0,0,0,0,0,0,0,0,0,0,0,0,0,0,0,0,0,0,0,0,0,0,0,0,0,0,0,0,0,0,0,0,0,0,0,0,0,0,0,0,0,0,0,0,0,0,0,0,0,0,0,0,0,0,0,0,0,0,0,0,0,0,0,0,0,0,0,0,0,0,0,0,0,0,0,0,0,0,0,0,0,0,0,0,0,0
10998,11400,13176,13970,14410,14976,16303,16541,16159,18150,17712,17880,17700,19782,19656,24030,26128,27342,27750,28520,28236,34030,34235,37230,38925,41886,44835,50540,56304,57732,61320,68154,73370,78521,83424,91383,105840,113424,129168,138316,156814,184450,207722,231492,268140,317079,371142,439984,524864,641016,712421,771264,0,0,0,0,0,0,0,0,0,0,0,0,0,0,0,0,0,0,0,0,0,0,0,0,0,0,0,0,0,0,0,0,0,0,0,0,0,0,0,0,0,0,0,0,0,0,0,0,0,0,0,0,0,0,0,0,0,0,0,0,0,0,0,0,0,0,0,0,0,0,0,0,0,0,0,0,0,0,0,0,0,0,0,0,0,0,0,0,0,0,0,0,0,0,0,0,0,0,0,0,0,0,0,0,0,0,0,0,0,0,0,0,0,0,0,0,0,0,0,0,0
10998,14896,16008,15568,16124,16756,17787,25521,28757,29353,31800,42303,46065,51156,54796,59214,64636,71959,79348,84474,97188,105084,113184,121245,134160,146598,167832,185856,217360,249944,289440,349856,408858,473824,594546,741688,875553,831480,0,0,0,0,0,0,0,0,0,0,0,0,0,0,0,0,0,0,0,0,0,0,0,0,0,0,0,0,0,0,0,0,0,0,0,0,0,0,0,0,0,0,0,0,0,0,0,0,0,0,0,0,0,0,0,0,0,0,0,0,0,0,0,0,0,0,0,0,0,0,0,0,0,0,0,0,0,0,0,0,0,0,0,0,0,0,0,0,0,0,0,0,0,0,0,0,0,0,0,0,0,0,0,0,0,0,0,0,0,0,0,0,0,0,0,0,0,0,0,0,0,0,0,0,0,0,0,0,0,0,0,0,0,0,0
11286,11484,12036,12625,16166,17324,21190,27565,30753,31356,32844,36288,44506,47750,51614,56992,64410,70265,75746,84250,90368,98454,110936,123410,130089,147352,164415,189886,211074,242193,282940,356319,429056,504528,608821,773839,892080,0,0,0,0,0,0,0,0,0,0,0,0,0,0,0,0,0,0,0,0,0,0,0,0,0,0,0,0,0,0,0,0,0,0,0,0,0,0,0,0,0,0,0,0,0,0,0,0,0,0,0,0,0,0,0,0,0,0,0,0,0,0,0,0,0,0,0,0,0,0,0,0,0,0,0,0,0,0,0,0,0,0,0,0,0,0,0,0,0,0,0,0,0,0,0,0,0,0,0,0,0,0,0,0,0,0,0,0,0,0,0,0,0,0,0,0,0,0,0,0,0,0,0,0,0,0,0,0,0,0,0,0,0,0,0,0
8514,10010,13764,14464,14720,15640,15660,17324,18724,19737,19152,19092,20096,20066,22275,25098,24742,29596,31878,31916,33810,37241,39963,44454,46002,49140,56118,61110,60858,70875,75958,83490,92117,104272,118275,129195,142102,163012,189036,218670,246480,286596,357588,423846,514300,643560,747937,209348,0,0,0,0,0,0,0,0,0,0,0,0,0,0,0,0,0,0,0,0,0,0,0,0,0,0,0,0,0,0,0,0,0,0,0,0,0,0,0,0,0,0,0,0,0,0,0,0,0,0,0,0,0,0,0,0,0,0,0,0,0,0,0,0,0,0,0,0,0,0,0,0,0,0,0,0,0,0,0,0,0,0,0,0,0,0,0,0,0,0,0,0,0,0,0,0,0,0,0,0,0,0,0,0,0,0,0,0,0,0,0,0,0,0,0,0,0,0,0,0,0,0,0,0,0
12250,12177,12600,12852,13125,13696,13932,14430,14985,15504,17168,17316,17787,20172,26426,30576,33649,35475,37296,41652,44044,46189,50372,55080,59427,68400,75435,80494,88138,98736,112217,125028,133610,151864,172186,196176,226204,269152,329562,394515,471680,586638,743175,844272,0,0,0,0,0,0,0,0,0,0,0,0,0,0,0,0,0,0,0,0,0,0,0,0,0,0,0,0,0,0,0,0,0,0,0,0,0,0,0,0,0,0,0,0,0,0,0,0,0,0,0,0,0,0,0,0,0,0,0,0,0,0,0,0,0,0,0,0,0,0,0,0,0,0,0,0,0,0,0,0,0,0,0,0,0,0,0,0,0,0,0,0,0,0,0,0,0,0,0,0,0,0,0,0,0,0,0,0,0,0,0,0,0,0,0,0,0,0,0,0,0,0,0,0,0,0,0,0,0
7400,10260,10925,16472,16965,18352,22188,25345,28350,30704,32436,34882,37278,39550,43440,46563,50634,56304,61845,66231,76077,83790,92622,101520,111502,120765,135420,154071,181506,209436,247432,282625,352404,419328,504288,626661,814275,890989,837159,0,0,0,0,0,0,0,0,0,0,0,0,0,0,0,0,0,0,0,0,0,0,0,0,0,0,0,0,0,0,0,0,0,0,0,0,0,0,0,0,0,0,0,0,0,0,0,0,0,0,0,0,0,0,0,0,0,0,0,0,0,0,0,0,0,0,0,0,0,0,0,0,0,0,0,0,0,0,0,0,0,0,0,0,0,0,0,0,0,0,0,0,0,0,0,0,0,0,0,0,0,0,0,0,0,0,0,0,0,0,0,0,0,0,0,0,0,0,0,0,0,0,0,0,0,0,0,0,0,0,0,0,0,0
8988,9546,10530,25702,31243,35997,41400,44030,48576,51800,58575,65376,73629,79534,90128,97820,109725,124944,141240,156646,186321,218090,249284,310416,374904,467392,591600,769058,0,0,0,0,0,0,0,0,0,0,0,0,0,0,0,0,0,0,0,0,0,0,0,0,0,0,0,0,0,0,0,0,0,0,0,0,0,0,0,0,0,0,0,0,0,0,0,0,0,0,0,0,0,0,0,0,0,0,0,0,0,0,0,0,0,0,0,0,0,0,0,0,0,0,0,0,0,0,0,0,0,0,0,0,0,0,0,0,0,0,0,0,0,0,0,0,0,0,0,0,0,0,0,0,0,0,0,0,0,0,0,0,0,0,0,0,0,0,0,0,0,0,0,0,0,0,0,0,0,0,0,0,0,0,0,0,0,0,0,0,0,0,0,0,0
12524,13000,12648,13029,13158,14522,15478,18000,19557,21942,22712,26270,26825,27302,28130,31930,33760,37164,40656,42904,48048,52525,56345,62216,69112,76388,85376,92880,105780,123318,138355,163372,186450,215158,258620,310905,377808,462060,488940,420172,216232,58819,0,0,0,0,0,0,0,0,0,0,0,0,0,0,0,0,0,0,0,0,0,0,0,0,0,0,0,0,0,0,0,0,0,0,0,0,0,0,0,0,0,0,0,0,0,0,0,0,0,0,0,0,0,0,0,0,0,0,0,0,0,0,0,0,0,0,0,0,0,0,0,0,0,0,0,0,0,0,0,0,0,0,0,0,0,0,0,0,0,0,0,0,0,0,0,0,0,0,0,0,0,0,0,0,0,0,0,0,0,0,0,0,0,0,0,0,0,0,0,0,0,0,0,0,0,0,0,0,0,0,0
10340,13400,14385,15933,15904,15960,17640,29944,33005,36624,38472,42064,45933,50180,53868,62700,70875,80976,88250,100980,109572,126776,145820,169510,192246,239683,300423,363944,435540,553959,726050,0,0,0,0,0,0,0,0,0,0,0,0,0,0,0,0,0,0,0,0,0,0,0,0,0,0,0,0,0,0,0,0,0,0,0,0,0,0,0,0,0,0,0,0,0,0,0,0,0,0,0,0,0,0,0,0,0,0,0,0,0,0,0,0,0,0,0,0,0,0,0,0,0,0,0,0,0,0,0,0,0,0,0,0,0,0,0,0,0,0,0,0,0,0,0,0,0,0,0,0,0,0,0,0,0,0,0,0,0,0,0,0,0,0,0,0,0,0,0,0,0,0,0,0,0,0,0,0,0,0,0,0,0,0,0,0,0,0,0,0,0,0
12672,14070,15481,15444,16644,16992,30888,33166,36022,38701,40309,46116,49601,55803,61560,71841,83148,92655,101928,113430,132370,151208,175616,209808,249422,317680,380160,486540,628108,847757,826800,0,0,0,0,0,0,0,0,0,0,0,0,0,0,0,0,0,0,0,0,0,0,0,0,0,0,0,0,0,0,0,0,0,0,0,0,0,0,0,0,0,0,0,0,0,0,0,0,0,0,0,0,0,0,0,0,0,0,0,0,0,0,0,0,0,0,0,0,0,0,0,0,0,0,0,0,0,0,0,0,0,0,0,0,0,0,0,0,0,0,0,0,0,0,0,0,0,0,0,0,0,0,0,0,0,0,0,0,0,0,0,0,0,0,0,0,0,0,0,0,0,0,0,0,0,0,0,0,0,0,0,0,0,0,0,0,0,0,0,0,0,0
14175,16146,17199,18720,20574,20574,21543,19968,23153,27302,29414,28798,33534,37018,38700,44712,49087,54526,62456,68992,77550,83889,97760,114285,134200,147405,177840,214475,260760,311690,389620,514634,691527,803996,233200,0,0,0,0,0,0,0,0,0,0,0,0,0,0,0,0,0,0,0,0,0,0,0,0,0,0,0,0,0,0,0,0,0,0,0,0,0,0,0,0,0,0,0,0,0,0,0,0,0,0,0,0,0,0,0,0,0,0,0,0,0,0,0,0,0,0,0,0,0,0,0,0,0,0,0,0,0,0,0,0,0,0,0,0,0,0,0,0,0,0,0,0,0,0,0,0,0,0,0,0,0,0,0,0,0,0,0,0,0,0,0,0,0,0,0,0,0,0,0,0,0,0,0,0,0,0,0,0,0,0,0,0,0,0,0,0,0,0
10120,10560,10961,11058,17712,19344,20502,27489,29568,32595,33649,40128,46065,52008,57960,67032,75600,85215,94943,110653,125517,143856,165528,193842,237790,289390,367484,466578,627300,840085,838240,0,0,0,0,0,0,0,0,0,0,0,0,0,0,0,0,0,0,0,0,0,0,0,0,0,0,0,0,0,0,0,0,0,0,0,0,0,0,0,0,0,0,0,0,0,0,0,0,0,0,0,0,0,0,0,0,0,0,0,0,0,0,0,0,0,0,0,0,0,0,0,0,0,0,0,0,0,0,0,0,0,0,0,0,0,0,0,0,0,0,0,0,0,0,0,0,0,0,0,0,0,0,0,0,0,0,0,0,0,0,0,0,0,0,0,0,0,0,0,0,0,0,0,0,0,0,0,0,0,0,0,0,0,0,0,0,0,0,0,0,0,0
9374,10396,18360,32232,34668,46872,52205,60200,67488,80494,89344,106857,119180,137218,162578,190638,237406,298660,390888,491776,677556,876282,833424,0,0,0,0,0,0,0,0,0,0,0,0,0,0,0,0,0,0,0,0,0,0,0,0,0,0,0,0,0,0,0,0,0,0,0,0,0,0,0,0,0,0,0,0,0,0,0,0,0,0,0,0,0,0,0,0,0,0,0,0,0,0,0,0,0,0,0,0,0,0,0,0,0,0,0,0,0,0,0,0,0,0,0,0,0,0,0,0,0,0,0,0,0,0,0,0,0,0,0,0,0,0,0,0,0,0,0,0,0,0,0,0,0,0,0,0,0,0,0,0,0,0,0,0,0,0,0,0,0,0,0,0,0,0,0,0,0,0,0,0,0,0,0,0,0,0,0,0,0,0
4012,12054,12600,14552,16159,18120,17825,18172,17969,19964,21672,25662,27930,29223,33231,36188,41360,44954,52525,56280,63840,72675,79926,95256,110021,123984,160531,184384,222138,275520,358938,470072,626070,591297,531944,368235,163103,0,0,0,0,0,0,0,0,0,0,0,0,0,0,0,0,0,0,0,0,0,0,0,0,0,0,0,0,0,0,0,0,0,0,0,0,0,0,0,0,0,0,0,0,0,0,0,0,0,0,0,0,0,0,0,0,0,0,0,0,0,0,0,0,0,0,0,0,0,0,0,0,0,0,0,0,0,0,0,0,0,0,0,0,0,0,0,0,0,0,0,0,0,0,0,0,0,0,0,0,0,0,0,0,0,0,0,0,0,0,0,0,0,0,0,0,0,0,0,0,0,0,0,0,0,0,0,0,0,0,0,0,0,0,0,0
15042,17160,24030,31000,33534,41174,46872,52863,57960,69540,80735,94075,109921,124384,140748,170856,211861,262629,342984,448240,603980,822042,879625,0,0,0,0,0,0,0,0,0,0,0,0,0,0,0,0,0,0,0,0,0,0,0,0,0,0,0,0,0,0,0,0,0,0,0,0,0,0,0,0,0,0,0,0,0,0,0,0,0,0,0,0,0,0,0,0,0,0,0,0,0,0,0,0,0,0,0,0,0,0,0,0,0,0,0,0,0,0,0,0,0,0,0,0,0,0,0,0,0,0,0,0,0,0,0,0,0,0,0,0,0,0,0,0,0,0,0,0,0,0,0,0,0,0,0,0,0,0,0,0,0,0,0,0,0,0,0,0,0,0,0,0,0,0,0,0,0,0,0,0,0,0,0,0,0,0,0,0,0,0
14933,28224,31600,40290,45682,49344,56032,64974,76424,87948,102000,116688,134106,164507,197100,244110,317844,431284,565708,777378,867540,0,0,0,0,0,0,0,0,0,0,0,0,0,0,0,0,0,0,0,0,0,0,0,0,0,0,0,0,0,0,0,0,0,0,0,0,0,0,0,0,0,0,0,0,0,0,0,0,0,0,0,0,0,0,0,0,0,0,0,0,0,0,0,0,0,0,0,0,0,0,0,0,0,0,0,0,0,0,0,0,0,0,0,0,0,0,0,0,0,0,0,0,0,0,0,0,0,0,0,0,0,0,0,0,0,0,0,0,0,0,0,0,0,0,0,0,0,0,0,0,0,0,0,0,0,0,0,0,0,0,0,0,0,0,0,0,0,0,0,0,0,0,0,0,0,0,0,0,0,0,0,0
5070,8600,9167,10152,13802,15904,17199,18644,19520,19200,20538,22401,25392,29596,33072,35697,39790,43554,49408,57855,61065,74382,81765,99822,117458,134976,161211,204568,249008,324450,444783,609552,786920,248540,0,0,0,0,0,0,0,0,0,0,0,0,0,0,0,0,0,0,0,0,0,0,0,0,0,0,0,0,0,0,0,0,0,0,0,0,0,0,0,0,0,0,0,0,0,0,0,0,0,0,0,0,0,0,0,0,0,0,0,0,0,0,0,0,0,0,0,0,0,0,0,0,0,0,0,0,0,0,0,0,0,0,0,0,0,0,0,0,0,0,0,0,0,0,0,0,0,0,0,0,0,0,0,0,0,0,0,0,0,0,0,0,0,0,0,0,0,0,0,0,0,0,0,0,0,0,0,0,0,0,0,0,0,0,0,0,0,0,0
14204,15180,16445,29032,33810,41888,45318,52337,59502,72048,80494,95135,108468,124266,151450,180612,232587,301608,400165,528255,756770,862516,0,0,0,0,0,0,0,0,0,0,0,0,0,0,0,0,0,0,0,0,0,0,0,0,0,0,0,0,0,0,0,0,0,0,0,0,0,0,0,0,0,0,0,0,0,0,0,0,0,0,0,0,0,0,0,0,0,0,0,0,0,0,0,0,0,0,0,0,0,0,0,0,0,0,0,0,0,0,0,0,0,0,0,0,0,0,0,0,0,0,0,0,0,0,0,0,0,0,0,0,0,0,0,0,0,0,0,0,0,0,0,0,0,0,0,0,0,0,0,0,0,0,0,0,0,0,0,0,0,0,0,0,0,0,0,0,0,0,0,0,0,0,0,0,0,0,0,0,0,0,0
15680,16497,18150,18081,44640,49152,57057,68320,80160,91290,107476,128527,155430,189392,240340,319566,434660,600198,0,0,0,0,0,0,0,0,0,0,0,0,0,0,0,0,0,0,0,0,0,0,0,0,0,0,0,0,0,0,0,0,0,0,0,0,0,0,0,0,0,0,0,0,0,0,0,0,0,0,0,0,0,0,0,0,0,0,0,0,0,0,0,0,0,0,0,0,0,0,0,0,0,0,0,0,0,0,0,0,0,0,0,0,0,0,0,0,0,0,0,0,0,0,0,0,0,0,0,0,0,0,0,0,0,0,0,0,0,0,0,0,0,0,0,0,0,0,0,0,0,0,0,0,0,0,0,0,0,0,0,0,0,0,0,0,0,0,0,0,0,0,0,0,0,0,0,0,0,0,0,0,0,0,0
14416,15318,16790,19065,26600,28950,39176,42804,51156,59920,69264,82320,97090,113766,137950,168500,209986,267320,363375,502146,694878,840400,740928,0,0,0,0,0,0,0,0,0,0,0,0,0,0,0,0,0,0,0,0,0,0,0,0,0,0,0,0,0,0,0,0,0,0,0,0,0,0,0,0,0,0,0,0,0,0,0,0,0,0,0,0,0,0,0,0,0,0,0,0,0,0,0,0,0,0,0,0,0,0,0,0,0,0,0,0,0,0,0,0,0,0,0,0,0,0,0,0,0,0,0,0,0,0,0,0,0,0,0,0,0,0,0,0,0,0,0,0,0,0,0,0,0,0,0,0,0,0,0,0,0,0,0,0,0,0,0,0,0,0,0,0,0,0,0,0,0,0,0,0,0,0,0,0,0,0,0,0,0,0
3564,3752,3685,3808,3944,3933,3990,4047,4047,4032,4248,4176,4176,4248,4514,4526,4599,4536,4464,4662,4875,5016,5226,5214,5346,5265,5822,5644,5712,6132,6468,6216,6375,6192,5916,5984,6230,5915,6030,6097,6279,6440,6348,6580,6840,6840,6862,7178,7760,7760,7722,7840,7920,8080,8343,8586,9240,8798,8910,8988,9072,9504,9657,9944,9790,10283,10556,10856,12028,11132,11656,12028,11956,12054,12177,12524,12566,12875,12954,13335,13803,14652,14850,15096,17280,17182,18104,18104,17958,18204,18696,19782,19939,20066,20708,21798,22750,23541,25276,25480,26352,26864,28416,28906,29792,30800,32240,32292,33441,33970,33496,33549,35475,36907,39732,42535,42960,43610,45250,49256,50496,51145,52962,60065,60358,62964,66660,70686,73689,77220,80494,85905,88288,92672,101193,107134,116280,118577,126144,132610,141680,151632,164010,174420,186200,213961,230183,244188,271566,302967,335256,370560,407430,446340,498046,561015,634680,710892,706428,712860,740789,755055,747175,744382,708440,706700,720904,697968,687938,627008,613088,544122,503151
3068,3060,3111,3172,3339,3402,3534,3472,3654,3776,3960,4020,3953,4154,4020,3584,3564,3795,3808,4118,4144,4218,4350,3850,3850,3960,4032,4218,4218,4543,4914,4758,5159,5148,5214,5494,5293,5440,5372,5670,5658,5644,5589,6035,5984,6003,6160,6643,6570,6603,6603,7161,7254,7254,7161,7410,7896,8148,8330,8686,8585,8484,8670,8976,8736,9450,10152,10120,10212,10080,10212,10440,10647,10465,10672,10974,11532,11625,11718,12319,12348,12544,12771,13029,13184,13755,14017,15096,15680,15820,18724,17934,18327,18875,18476,18544,19557,19875,20160,22176,22912,23660,24570,25482,27599,28812,29204,30247,31616,32860,32436,34476,36186,36960,37575,39144,40630,41382,43050,45793,47946,49680,53580,57130,59697,62830,64965,65912,68985,74370,78996,82482,89056,95882,103480,109671,114594,119508,126000,135464,145722,161082,181937,193545,217035,233934,259350,283296,316388,360502,403866,438113,499260,559488,693216,704282,670908,678536,634608,628320,607110,597513,457380,417381,349444,0,0,0,0,0,0,0,0
3087,3264,3328,3510,3380,3510,3564,3795,3657,3848,3528,3528,3430,3577,3456,3430,3400,3381,3621,3650,3848,3744,3996,3975,3869,4125,4234,4374,4680,4914,5440,5330,5346,5494,5796,5796,6048,6132,5712,5984,6177,7220,7254,7068,6882,7189,7360,7238,7520,7238,7410,7505,7680,7742,8058,7900,7821,7722,8505,8904,8904,9416,9680,10556,10556,10710,10580,11712,11316,12610,13300,13832,14445,13600,13700,13932,14445,14606,14472,14796,15696,15914,16280,16500,17472,18468,18975,19706,20124,20111,20812,21525,22784,23316,23760,25071,26226,26980,28116,29725,30429,31518,32494,34069,35840,36838,38940,39176,39884,42385,44704,47241,49410,51057,53295,55008,58110,61908,64165,65520,72044,74698,80100,84588,90440,97500,106398,111936,123576,130848,141328,150094,162130,186372,203700,222640,243697,269890,298908,336483,374900,415966,469650,516006,550080,627909,609063,593325,581889,563904,519372,506748,459984,425845,334719,0,0,0,0,0,0,0,0,0,0,0,0,0,0,0,0,0,0
3127,3776,3422,3364,3422,3480,3480,3658,3596,3658,3906,3906,3969,4096,4032,4030,4030,4154,3953,3944,4020,4209,4200,4270,4340,4402,4380,4745,4752,4891,5313,5236,5600,5467,5168,5530,5670,5658,5740,6290,6688,6536,6450,6300,6776,7031,7189,7254,6882,6916,7161,7296,7488,7426,7410,7663,7600,7920,8585,8772,8772,8944,9345,9612,10080,10602,10374,10881,10998,11186,11305,11616,11931,13056,12740,13068,13100,13493,14280,14688,15400,15984,16530,16820,18018,17936,18634,20988,20125,20769,20374,21750,23449,24472,25245,26600,27985,29944,31160,31416,33015,34821,35581,36612,37350,40014,41760,44280,46228,48620,50652,52992,58014,59103,64064,67392,71806,74250,80150,86880,94976,102704,110568,115920,125208,134560,143960,164592,181980,201696,226200,258951,284144,321489,371464,421104,476715,550188,616472,675608,714150,670670,662904,656128,636528,621600,599844,558692,506345,431433,356955,0,0,0,0,0,0,0,0,0,0,0,0,0,0,0,0,0,0,0,0,0,0
2508,2622,2552,2806,2961,2976,3100,2976,2944,2852,2961,2880,3100,2940,3000,3060,3068,3294,3402,3339,3380,3380,3264,3328,3366,3366,3417,3468,3468,3484,3498,3740,3819,3933,3920,4176,4218,4218,4307,4408,4680,4960,5372,5103,5166,5292,5610,5460,5695,5676,5568,5504,5720,6030,7275,7220,7238,7098,6882,6552,6570,7296,7200,7161,7426,7938,8282,8755,8988,8904,9744,9680,10170,9701,9919,10509,10528,11232,12028,12474,12200,12750,13416,14497,15096,15960,15768,16272,16610,19080,20088,20664,21285,23085,22984,22059,23584,23895,24480,26649,27742,29651,31775,32436,34444,35742,36675,38243,41001,45675,49680,50490,56034,57285,60475,62100,67100,72709,73373,83328,90827,99195,108262,113249,126731,139175,152886,176490,200716,220003,249480,280125,329290,377927,425500,498888,578592,697682,694691,656772,646404,629844,605006,598030,514600,394940,0,0,0,0,0,0,0,0,0,0,0,0,0,0,0,0,0,0,0,0,0,0,0,0,0,0,0
2773,2760,2928,2989,2989,2976,3120,3024,2961,2914,3087,3200,2950,2958,3120,3180,3286,3900,3828,3894,3835,3564,3380,3328,3380,3564,3380,3366,3432,3604,3685,3630,3630,3640,3808,3990,3960,4366,4366,4712,4697,5005,4940,5103,5248,5166,5460,5848,5695,5440,5504,5544,6052,7680,7488,7332,7161,7254,7332,7144,7296,7760,7802,7695,8316,8670,8755,8944,9460,10080,10057,9990,10010,10230,10355,10961,11583,12000,12221,12444,12978,14896,14520,15344,15481,16206,16965,17710,20500,20040,21516,23316,21504,22925,23760,24120,24388,25893,26696,27599,30300,32656,32240,35680,36612,37164,39480,42700,43596,49128,51150,54708,58378,60494,64896,70200,71764,84132,91476,101258,104276,113400,126169,138589,151164,170824,198648,219555,250380,285660,331224,403088,456120,541835,633600,677925,704704,656534,619281,599896,595584,523905,473624,379488,0,0,0,0,0,0,0,0,0,0,0,0,0,0,0,0,0,0,0,0,0,0,0,0,0,0,0,0,0
2268,2520,2745,2928,3162,3038,3087,3087,2898,2928,3024,3402,3584,3705,3640,3762,3584,3510,3520,3055,3008,3036,3283,3283,3400,3672,3726,4260,4588,4800,4650,4332,4345,4758,4992,4960,4814,5440,5568,5742,5481,5590,5332,5785,5896,6160,6624,7360,6825,6408,6279,6956,7144,7332,7600,7938,8484,8484,8840,9434,9968,10080,10170,9919,10212,10340,10450,10961,11880,12078,12342,12669,14606,14874,15008,16124,16095,17328,18285,19602,20625,21912,21945,22742,23760,25098,25844,26085,26410,28324,29400,33488,35237,37241,38304,38445,41184,44345,48546,51417,54175,57772,61530,64024,72675,80028,87108,96980,106396,116204,125280,136045,148895,165789,201916,229362,261630,296439,360218,411019,491280,590628,672771,714615,706167,704000,664050,658560,627760,568830,460971,341352,0,0,0,0,0,0,0,0,0,0,0,0,0,0,0,0,0,0,0,0,0,0,0,0,0,0,0,0,0,0,0,0,0,0,0,0,0,0,0,0,0
7084,8316,9048,8840,8568,8715,9167,9309,9612,10440,11160,10856,11495,11656,12771,13440,14279,14946,15730,16317,17250,18720,18720,19065,19866,20511,21353,21840,22440,24426,25521,27156,28564,30690,32595,34128,34615,35860,38532,41650,43966,48246,51992,54800,56916,62488,69080,76608,84078,95367,104704,108120,121800,133807,148167,173040,198000,225505,254745,305698,369264,437580,522792,641811,687582,692472,696116,672588,642824,620103,613756,548136,443617,0,0,0,0,0,0,0,0,0,0,0,0,0,0,0,0,0,0,0,0,0,0,0,0,0,0,0,0,0,0,0,0,0,0,0,0,0,0,0,0,0,0,0,0,0,0,0,0,0,0,0,0,0,0,0,0,0,0,0,0,0,0,0,0,0,0,0,0,0,0,0,0,0,0,0,0,0,0,0,0,0,0,0,0,0,0,0,0,0,0,0,0,0,0,0,0,0,0,0,0
5762,5742,6264,6264,6052,7470,7134,8084,8900,9844,10434,10283,10622,10120,10528,11100,12463,12932,14430,16263,17040,18352,20096,21574,22468,24912,26280,27565,29223,31668,33440,36808,39216,42423,44835,51285,56304,58724,64605,71364,74160,85854,98250,108800,121980,130971,141372,163994,188505,223060,260205,306422,365568,436722,554646,662607,734990,729904,710102,681540,657975,612034,544122,449780,0,0,0,0,0,0,0,0,0,0,0,0,0,0,0,0,0,0,0,0,0,0,0,0,0,0,0,0,0,0,0,0,0,0,0,0,0,0,0,0,0,0,0,0,0,0,0,0,0,0,0,0,0,0,0,0,0,0,0,0,0,0,0,0,0,0,0,0,0,0,0,0,0,0,0,0,0,0,0,0,0,0,0,0,0,0,0,0,0,0,0,0,0,0,0,0,0,0,0,0,0,0,0,0,0,0,0,0,0
2184,2491,5621,6075,5478,5712,5848,6776,6688,7584,8232,8484,8549,8549,8100,8262,8904,8840,9328,9860,10146,10620,11253,15318,17063,17818,17136,18630,19440,20750,22016,23800,25298,27985,28416,31212,31350,33418,36320,38577,42385,44322,47763,53960,56252,62730,69225,73575,83772,92344,103632,114405,125675,149898,168320,193347,220220,265068,308125,384208,466140,553280,614200,592650,544308,517524,474750,401785,0,0,0,0,0,0,0,0,0,0,0,0,0,0,0,0,0,0,0,0,0,0,0,0,0,0,0,0,0,0,0,0,0,0,0,0,0,0,0,0,0,0,0,0,0,0,0,0,0,0,0,0,0,0,0,0,0,0,0,0,0,0,0,0,0,0,0,0,0,0,0,0,0,0,0,0,0,0,0,0,0,0,0,0,0,0,0,0,0,0,0,0,0,0,0,0,0,0,0,0,0,0,0,0,0
3276,3328,3315,3250,3456,3276,3234,4260,4366,5248,5740,5576,5494,5712,5934,6072,6141,6552,6789,6789,6808,7007,6975,7584,7857,8148,8874,9116,10028,9856,9570,10120,10323,10165,10464,12600,13312,13886,15552,16611,18544,17940,19276,20034,20698,23256,23460,23736,25986,26864,28800,30552,31212,35903,36612,40460,45135,49929,53544,57368,63176,69300,77740,91750,99202,113742,123671,136590,151590,185110,223125,255672,310868,379760,460130,584211,681992,709412,684185,635979,596896,579462,475952,387324,0,0,0,0,0,0,0,0,0,0,0,0,0,0,0,0,0,0,0,0,0,0,0,0,0,0,0,0,0,0,0,0,0,0,0,0,0,0,0,0,0,0,0,0,0,0,0,0,0,0,0,0,0,0,0,0,0,0,0,0,0,0,0,0,0,0,0,0,0,0,0,0,0,0,0,0,0,0,0,0,0,0,0,0,0,0,0,0,0
6120,6532,6390,6660,6992,7161,7600,7584,7584,7878,8343,8961,11858,12480,13716,14319,16166,16560,17202,18392,19764,20664,23630,25900,25488,27084,28757,31416,32480,36890,39271,43608,47498,52993,57855,64310,72534,79771,87048,101878,117728,127310,148988,171342,207522,248838,310707,379509,466400,624180,734160,709809,725868,705879,664240,628749,547104,0,0,0,0,0,0,0,0,0,0,0,0,0,0,0,0,0,0,0,0,0,0,0,0,0,0,0,0,0,0,0,0,0,0,0,0,0,0,0,0,0,0,0,0,0,0,0,0,0,0,0,0,0,0,0,0,0,0,0,0,0,0,0,0,0,0,0,0,0,0,0,0,0,0,0,0,0,0,0,0,0,0,0,0,0,0,0,0,0,0,0,0,0,0,0,0,0,0,0,0,0,0,0,0,0,0,0,0,0,0,0,0,0,0,0,0
3850,6862,6734,7857,8036,8200,8976,9030,9288,10192,10374,10948,12524,14040,15142,15576,17040,18923,19080,20916,23046,23660,26208,26928,28906,30492,31416,33810,38025,40890,45750,50440,55242,62752,69264,77550,84960,99298,110700,125652,148995,169164,211068,249480,310640,400330,488884,651168,718359,721215,681372,662160,617787,533638,0,0,0,0,0,0,0,0,0,0,0,0,0,0,0,0,0,0,0,0,0,0,0,0,0,0,0,0,0,0,0,0,0,0,0,0,0,0,0,0,0,0,0,0,0,0,0,0,0,0,0,0,0,0,0,0,0,0,0,0,0,0,0,0,0,0,0,0,0,0,0,0,0,0,0,0,0,0,0,0,0,0,0,0,0,0,0,0,0,0,0,0,0,0,0,0,0,0,0,0,0,0,0,0,0,0,0,0,0,0,0,0,0,0,0,0,0,0,0
4466,4332,4524,4898,7440,7238,7488,8134,8787,9292,10340,12707,13534,13635,14659,15651,15708,16284,17856,21560,21666,22610,26064,27489,30690,29747,32813,33549,35805,39560,45136,50246,56358,61864,69750,77688,73505,102432,117180,128760,158102,180440,220578,267388,344874,436224,568614,705463,733542,760424,690650,643632,612880,483307,0,0,0,0,0,0,0,0,0,0,0,0,0,0,0,0,0,0,0,0,0,0,0,0,0,0,0,0,0,0,0,0,0,0,0,0,0,0,0,0,0,0,0,0,0,0,0,0,0,0,0,0,0,0,0,0,0,0,0,0,0,0,0,0,0,0,0,0,0,0,0,0,0,0,0,0,0,0,0,0,0,0,0,0,0,0,0,0,0,0,0,0,0,0,0,0,0,0,0,0,0,0,0,0,0,0,0,0,0,0,0,0,0,0,0,0,0,0,0
8772,8925,9116,9396,10192,13390,14580,15587,17052,18445,19886,20608,23838,23664,23908,25632,27405,30225,34240,38646,45140,48829,52272,59122,68544,78153,87850,104641,121929,139832,162434,190270,246642,303750,383985,507920,677310,747192,781116,738778,705925,684106,574626,0,0,0,0,0,0,0,0,0,0,0,0,0,0,0,0,0,0,0,0,0,0,0,0,0,0,0,0,0,0,0,0,0,0,0,0,0,0,0,0,0,0,0,0,0,0,0,0,0,0,0,0,0,0,0,0,0,0,0,0,0,0,0,0,0,0,0,0,0,0,0,0,0,0,0,0,0,0,0,0,0,0,0,0,0,0,0,0,0,0,0,0,0,0,0,0,0,0,0,0,0,0,0,0,0,0,0,0,0,0,0,0,0,0,0,0,0,0,0,0,0,0,0,0,0,0,0,0,0,0
8080,8549,9222,9450,9737,9858,10622,12544,12804,14200,16459,17020,19026,18910,21320,24220,22139,24300,28656,30704,30141,33810,38025,40014,46930,52724,58995,66576,70964,83936,95744,113243,128627,153276,176645,228343,279364,353269,472405,642720,727056,704170,711540,687635,635964,538244,0,0,0,0,0,0,0,0,0,0,0,0,0,0,0,0,0,0,0,0,0,0,0,0,0,0,0,0,0,0,0,0,0,0,0,0,0,0,0,0,0,0,0,0,0,0,0,0,0,0,0,0,0,0,0,0,0,0,0,0,0,0,0,0,0,0,0,0,0,0,0,0,0,0,0,0,0,0,0,0,0,0,0,0,0,0,0,0,0,0,0,0,0,0,0,0,0,0,0,0,0,0,0,0,0,0,0,0,0,0,0,0,0,0,0,0,0,0,0,0,0,0,0,0,0,0,0
7520,7626,12032,13260,14715,16215,17374,18666,19782,22876,25480,25668,25986,27900,30141,32448,38500,42416,47244,52650,59565,65618,77675,85801,103180,116998,141066,165168,207378,263805,332955,432222,607746,699363,680388,626796,588960,415008,0,0,0,0,0,0,0,0,0,0,0,0,0,0,0,0,0,0,0,0,0,0,0,0,0,0,0,0,0,0,0,0,0,0,0,0,0,0,0,0,0,0,0,0,0,0,0,0,0,0,0,0,0,0,0,0,0,0,0,0,0,0,0,0,0,0,0,0,0,0,0,0,0,0,0,0,0,0,0,0,0,0,0,0,0,0,0,0,0,0,0,0,0,0,0,0,0,0,0,0,0,0,0,0,0,0,0,0,0,0,0,0,0,0,0,0,0,0,0,0,0,0,0,0,0,0,0,0,0,0,0,0,0,0,0
8528,9180,10260,11305,11408,11036,12126,12255,13332,14178,14280,14840,17052,18600,18876,22008,22400,23807,27885,29751,32680,35256,37280,42834,48958,53376,60000,67731,77964,89208,106812,123648,150199,184339,222015,277380,369820,471750,572935,591850,507756,465624,369720,0,0,0,0,0,0,0,0,0,0,0,0,0,0,0,0,0,0,0,0,0,0,0,0,0,0,0,0,0,0,0,0,0,0,0,0,0,0,0,0,0,0,0,0,0,0,0,0,0,0,0,0,0,0,0,0,0,0,0,0,0,0,0,0,0,0,0,0,0,0,0,0,0,0,0,0,0,0,0,0,0,0,0,0,0,0,0,0,0,0,0,0,0,0,0,0,0,0,0,0,0,0,0,0,0,0,0,0,0,0,0,0,0,0,0,0,0,0,0,0,0,0,0,0,0,0,0,0,0,0
12576,13130,15336,17017,17936,19500,21060,25530,26600,28275,29400,31775,34992,41360,46736,52608,60112,69520,76725,94125,110770,130368,163978,200634,267561,347472,486629,651728,693190,653904,595424,355272,0,0,0,0,0,0,0,0,0,0,0,0,0,0,0,0,0,0,0,0,0,0,0,0,0,0,0,0,0,0,0,0,0,0,0,0,0,0,0,0,0,0,0,0,0,0,0,0,0,0,0,0,0,0,0,0,0,0,0,0,0,0,0,0,0,0,0,0,0,0,0,0,0,0,0,0,0,0,0,0,0,0,0,0,0,0,0,0,0,0,0,0,0,0,0,0,0,0,0,0,0,0,0,0,0,0,0,0,0,0,0,0,0,0,0,0,0,0,0,0,0,0,0,0,0,0,0,0,0,0,0,0,0,0,0,0,0,0,0,0,0
8181,10502,10030,11160,12480,13837,15805,17442,21190,19278,24738,27048,29520,30806,33450,40836,40750,46719,55005,61910,62511,80592,98172,115180,135240,167990,202272,261440,351348,438372,455839,390369,301713,0,0,0,0,0,0,0,0,0,0,0,0,0,0,0,0,0,0,0,0,0,0,0,0,0,0,0,0,0,0,0,0,0,0,0,0,0,0,0,0,0,0,0,0,0,0,0,0,0,0,0,0,0,0,0,0,0,0,0,0,0,0,0,0,0,0,0,0,0,0,0,0,0,0,0,0,0,0,0,0,0,0,0,0,0,0,0,0,0,0,0,0,0,0,0,0,0,0,0,0,0,0,0,0,0,0,0,0,0,0,0,0,0,0,0,0,0,0,0,0,0,0,0,0,0,0,0,0,0,0,0,0,0,0,0,0,0,0,0,0
9968,13860,11811,11656,13365,13500,16060,17176,18096,19188,20130,21875,24156,27885,29435,34164,40006,43896,51324,56066,62628,74120,81536,102910,128800,155232,194598,250519,339552,446165,558715,466200,271953,0,0,0,0,0,0,0,0,0,0,0,0,0,0,0,0,0,0,0,0,0,0,0,0,0,0,0,0,0,0,0,0,0,0,0,0,0,0,0,0,0,0,0,0,0,0,0,0,0,0,0,0,0,0,0,0,0,0,0,0,0,0,0,0,0,0,0,0,0,0,0,0,0,0,0,0,0,0,0,0,0,0,0,0,0,0,0,0,0,0,0,0,0,0,0,0,0,0,0,0,0,0,0,0,0,0,0,0,0,0,0,0,0,0,0,0,0,0,0,0,0,0,0,0,0,0,0,0,0,0,0,0,0,0,0,0,0,0,0,0
2700,6675,7800,8383,12000,11656,12028,13287,14280,16317,18368,22663,23584,24790,27636,31500,34788,37280,44540,47704,53669,62205,73960,95914,109824,134991,163552,213136,278164,387068,411332,355656,287522,0,0,0,0,0,0,0,0,0,0,0,0,0,0,0,0,0,0,0,0,0,0,0,0,0,0,0,0,0,0,0,0,0,0,0,0,0,0,0,0,0,0,0,0,0,0,0,0,0,0,0,0,0,0,0,0,0,0,0,0,0,0,0,0,0,0,0,0,0,0,0,0,0,0,0,0,0,0,0,0,0,0,0,0,0,0,0,0,0,0,0,0,0,0,0,0,0,0,0,0,0,0,0,0,0,0,0,0,0,0,0,0,0,0,0,0,0,0,0,0,0,0,0,0,0,0,0,0,0,0,0,0,0,0,0,0,0,0,0,0
5530,5740,5904,6660,7200,7676,8080,8343,10070,9968,11328,12540,12672,13755,14144,15120,17628,19844,23232,28826,28616,32550,35640,40053,44634,52716,61103,79326,92904,117298,140160,181500,234000,334332,449580,504735,425802,331378,0,0,0,0,0,0,0,0,0,0,0,0,0,0,0,0,0,0,0,0,0,0,0,0,0,0,0,0,0,0,0,0,0,0,0,0,0,0,0,0,0,0,0,0,0,0,0,0,0,0,0,0,0,0,0,0,0,0,0,0,0,0,0,0,0,0,0,0,0,0,0,0,0,0,0,0,0,0,0,0,0,0,0,0,0,0,0,0,0,0,0,0,0,0,0,0,0,0,0,0,0,0,0,0,0,0,0,0,0,0,0,0,0,0,0,0,0,0,0,0,0,0,0,0,0,0,0,0,0,0,0,0,0,0,0
3136,3366,3468,3710,3744,3834,3640,3710,3588,3672,4977,5056,5135,4720,5610,5525,4428,4648,4505,4536,4620,5074,5828,5890,8393,8624,10120,10148,10260,10296,10148,9945,9477,9945,10502,10200,11224,10947,11160,10788,13589,14279,14763,15344,15707,16100,16016,15730,15660,15158,15622,15080,14900,16065,18920,18871,23892,26598,28416,29488,30690,31059,31930,34020,34937,36080,37241,36450,39648,40890,43855,42630,43516,47700,50505,52934,57195,58710,61983,63261,65934,69486,71806,76820,80028,83538,91632,96393,101656,105070,110026,113850,123516,132594,140144,153111,164984,184040,184092,203643,227104,243750,261950,293608,315315,358061,410163,443734,494649,557260,621810,704170,733246,723453,717080,697450,678368,671400,640179,622731,588240,562244,516925,480762,424152,361150,291830,209376,99345,0,0,0,0,0,0,0,0,0,0,0,0,0,0,0,0,0,0,0,0,0,0,0,0,0,0,0,0,0,0,0,0,0,0,0,0,0,0,0,0,0,0,0,0
2562,2604,2688,2860,3149,3290,3264,3264,3381,3519,3710,3905,3850,3536,3551,3900,4368,4081,4212,4560,4698,5544,5394,4902,5544,4816,5073,5244,5796,7200,9202,9374,12840,12705,13268,14250,13020,13875,13516,10384,13520,13596,14148,14385,14352,13200,15008,15618,15587,16023,18290,18960,20328,19080,19320,27832,30248,30800,31959,33760,34776,35588,37128,39904,41796,44352,46046,45318,47060,50116,57368,59655,64232,65560,69382,74328,76836,77050,84606,90387,94720,104804,110160,115328,124559,129766,147423,155848,189840,184092,206816,220780,243750,272350,310905,345852,393624,439524,489046,565011,649649,723144,752238,746496,732108,722505,710424,704475,657040,635916,600049,544918,486420,407672,328380,86486,0,0,0,0,0,0,0,0,0,0,0,0,0,0,0,0,0,0,0,0,0,0,0,0,0,0,0,0,0,0,0,0,0,0,0,0,0,0,0,0,0,0,0,0,0,0,0,0,0,0,0,0,0,0,0,0,0
2624,2880,3055,3008,4144,4200,4312,4543,4602,8200,9047,9379,10179,10396,10030,18048,17374,18942,19500,20511,21248,22308,23584,24797,23580,25976,25345,26549,25437,29835,32390,34880,37125,38014,39560,40600,44469,45140,47545,50615,54201,58015,60690,62713,68478,72364,76191,80476,88673,93585,97240,109200,116879,124483,133653,144412,155526,170352,188616,205887,230690,258795,296670,334397,387338,417366,506410,588132,663810,699453,721764,724885,679497,690289,648090,649515,617627,593894,547456,465175,388872,314025,203582,0,0,0,0,0,0,0,0,0,0,0,0,0,0,0,0,0,0,0,0,0,0,0,0,0,0,0,0,0,0,0,0,0,0,0,0,0,0,0,0,0,0,0,0,0,0,0,0,0,0,0,0,0,0,0,0,0,0,0,0,0,0,0,0,0,0,0,0,0,0,0,0,0,0,0,0,0,0,0,0,0,0,0,0,0,0,0,0,0,0
2478,2700,2728,2666,2816,2604,2583,2560,3072,3136,3072,3315,3726,3744,4180,4028,3975,4104,4960,4158,5376,5418,4788,4984,4840,4872,5016,5162,5429,6887,8667,9701,12744,12840,13899,14742,14625,14260,11067,11931,12954,13335,12740,12642,14204,13965,15029,16100,16758,18683,17980,18240,26966,28812,6237,29796,32185,33022,34882,35581,36900,40950,43120,45069,47430,46368,51379,55521,58088,65481,65919,71100,75818,78648,84240,89640,96460,104397,111930,120984,127584,144440,165376,186480,207273,205887,234600,268579,299592,344565,389220,466342,520521,605760,685980,751872,755718,752752,727608,706456,718011,664895,632688,598689,518229,440800,339735,0,0,0,0,0,0,0,0,0,0,0,0,0,0,0,0,0,0,0,0,0,0,0,0,0,0,0,0,0,0,0,0,0,0,0,0,0,0,0,0,0,0,0,0,0,0,0,0,0,0,0,0,0,0,0,0,0,0,0,0,0,0,0,0,0,0
2709,2728,3120,3740,3933,3685,3740,3640,3710,3816,3640,4332,4275,4212,4312,4712,4582,5712,5780,6408,4674,5280,5162,4959,4704,5369,5394,6555,8240,11730,12221,12810,13068,12360,10384,10620,10115,10680,10502,11280,11557,11557,13130,13362,13700,12267,16132,15587,15840,17020,16530,14544,14688,18094,24684,24252,25345,23852,26426,29651,29336,30690,31212,33441,34560,37228,36182,39342,43497,42944,44631,47684,51216,57084,58710,61110,64660,68670,74520,77292,82250,88452,95000,102700,109213,115175,126432,134838,151492,169059,179920,218042,220520,253286,288472,315647,363264,419925,488865,571041,680536,701072,711981,710279,673400,668265,637884,609561,571950,522444,453184,378108,294132,181632,0,0,0,0,0,0,0,0,0,0,0,0,0,0,0,0,0,0,0,0,0,0,0,0,0,0,0,0,0,0,0,0,0,0,0,0,0,0,0,0,0,0,0,0,0,0,0,0,0,0,0,0,0,0,0,0,0,0,0
4081,4346,4028,4374,4455,4374,4510,4760,5046,7081,7520,7968,8282,8712,11300,10560,11102,13130,13886,13832,14040,14385,15820,15792,15260,14946,18644,22244,27504,28470,29747,30200,31980,33970,34444,35640,36023,37968,39648,43371,46500,47940,50952,54128,56964,59388,68109,70374,74425,79220,84728,91264,96632,117600,125570,135725,150258,164835,193091,198360,231770,260650,305800,360269,390930,485388,578006,692580,691434,655389,641792,623168,590482,576975,509340,440348,361900,130416,0,0,0,0,0,0,0,0,0,0,0,0,0,0,0,0,0,0,0,0,0,0,0,0,0,0,0,0,0,0,0,0,0,0,0,0,0,0,0,0,0,0,0,0,0,0,0,0,0,0,0,0,0,0,0,0,0,0,0,0,0,0,0,0,0,0,0,0,0,0,0,0,0,0,0,0,0,0,0,0,0,0,0,0,0,0,0,0,0,0,0,0,0,0,0
1960,2520,2583,2752,2816,3102,3102,3149,3456,3650,3922,4256,4312,4408,4740,4480,4560,4582,8140,8736,11011,9912,10465,14884,18696,19939,19360,21060,22176,23408,24300,23973,25515,27160,30804,36244,40309,41184,43554,47628,47244,52599,55146,60208,65919,67405,75435,82320,84227,95680,100608,108400,133315,147250,159360,176943,199470,228898,259578,303300,354780,429806,498494,588735,688800,729906,733096,743728,713745,694980,671160,638738,627401,534006,459074,331614,0,0,0,0,0,0,0,0,0,0,0,0,0,0,0,0,0,0,0,0,0,0,0,0,0,0,0,0,0,0,0,0,0,0,0,0,0,0,0,0,0,0,0,0,0,0,0,0,0,0,0,0,0,0,0,0,0,0,0,0,0,0,0,0,0,0,0,0,0,0,0,0,0,0,0,0,0,0,0,0,0,0,0,0,0,0,0,0,0,0,0,0,0,0,0,0,0
5160,5270,5676,5670,5760,6045,6231,5208,5704,5940,5915,6600,5952,6596,8736,7524,7500,7725,8856,8208,9350,10944,12180,11600,11934,13407,13081,15410,16166,17980,19519,21098,33280,35588,37682,39617,40832,45018,49851,51285,55954,61480,65618,71070,75840,80065,84525,96607,100768,107800,118320,131261,148654,172525,183560,209612,238597,277553,330021,384795,460574,564200,672000,762097,762930,758664,752492,717876,708345,670757,609760,534333,417280,276018,0,0,0,0,0,0,0,0,0,0,0,0,0,0,0,0,0,0,0,0,0,0,0,0,0,0,0,0,0,0,0,0,0,0,0,0,0,0,0,0,0,0,0,0,0,0,0,0,0,0,0,0,0,0,0,0,0,0,0,0,0,0,0,0,0,0,0,0,0,0,0,0,0,0,0,0,0,0,0,0,0,0,0,0,0,0,0,0,0,0,0,0,0,0,0,0,0,0,0
4851,4788,4636,4484,4536,4897,5400,4902,4576,5244,5605,5428,5452,6435,6208,6528,7056,7104,7372,7296,6992,6732,7020,7104,7571,7504,8520,8614,8925,7616,7686,8568,9315,10665,10575,10500,12070,13020,15184,15330,15476,17050,17584,20664,20910,21801,27580,28560,29870,32631,34034,37098,39120,40344,42405,45050,48852,51789,56474,64400,63504,77504,76024,89893,87984,99051,110236,118636,138047,144130,159154,185370,206400,226612,262131,302535,336490,356136,376745,377890,383712,353564,290598,249260,230580,191891,147588,81081,0,0,0,0,0,0,0,0,0,0,0,0,0,0,0,0,0,0,0,0,0,0,0,0,0,0,0,0,0,0,0,0,0,0,0,0,0,0,0,0,0,0,0,0,0,0,0,0,0,0,0,0,0,0,0,0,0,0,0,0,0,0,0,0,0,0,0,0,0,0,0,0,0,0,0,0,0,0,0,0,0,0,0,0,0
5307,4872,4505,5278,5915,5922,6351,6480,7392,7566,8400,8528,10070,10044,9720,10355,9632,10355,12019,11817,11375,14784,16541,16472,16898,18250,21195,26970,29915,30049,32448,35588,37575,41418,45384,47244,53133,55400,61401,69382,72848,77688,85156,91113,96154,105419,117040,127890,147059,167384,187398,215265,255231,305748,352573,432960,524799,659593,727936,747372,739772,734290,714615,662708,621560,558376,457156,106575,0,0,0,0,0,0,0,0,0,0,0,0,0,0,0,0,0,0,0,0,0,0,0,0,0,0,0,0,0,0,0,0,0,0,0,0,0,0,0,0,0,0,0,0,0,0,0,0,0,0,0,0,0,0,0,0,0,0,0,0,0,0,0,0,0,0,0,0,0,0,0,0,0,0,0,0,0,0,0,0,0,0,0,0,0,0,0,0,0,0,0,0,0,0,0,0,0,0,0,0,0,0,0,0,0
5848,6192,6956,6450,6319,6279,6076,7208,9006,9085,7728,8968,9317,9408,10005,8806,9516,10250,10836,12920,13580,13920,17227,18676,18020,19488,21168,20160,22815,22794,24700,27495,30000,32548,33120,34821,36244,41064,43719,45135,47082,52355,56640,58800,67204,68799,83538,86870,99314,105726,122031,131776,142263,166314,182575,220704,254932,300181,358658,417480,478296,495938,535035,493352,458280,379407,356562,285476,217049,0,0,0,0,0,0,0,0,0,0,0,0,0,0,0,0,0,0,0,0,0,0,0,0,0,0,0,0,0,0,0,0,0,0,0,0,0,0,0,0,0,0,0,0,0,0,0,0,0,0,0,0,0,0,0,0,0,0,0,0,0,0,0,0,0,0,0,0,0,0,0,0,0,0,0,0,0,0,0,0,0,0,0,0,0,0,0,0,0,0,0,0,0,0,0,0,0,0,0,0,0,0,0,0
2728,4131,3952,3796,3796,4160,4320,4187,4704,5133,6674,6324,6298,7296,6720,7029,7650,6942,8162,8798,11172,10472,12319,13029,13200,12255,12544,13699,14873,15228,14200,16956,16983,23674,26040,28032,28665,31616,32494,33180,36838,38304,39648,45720,48316,52528,54126,63342,70152,76792,80851,90896,105205,120336,128304,142740,168837,183225,225823,264216,324536,405216,503088,612854,669006,658662,620554,589655,532840,455070,360136,240108,0,0,0,0,0,0,0,0,0,0,0,0,0,0,0,0,0,0,0,0,0,0,0,0,0,0,0,0,0,0,0,0,0,0,0,0,0,0,0,0,0,0,0,0,0,0,0,0,0,0,0,0,0,0,0,0,0,0,0,0,0,0,0,0,0,0,0,0,0,0,0,0,0,0,0,0,0,0,0,0,0,0,0,0,0,0,0,0,0,0,0,0,0,0,0,0,0,0,0,0,0
4266,5220,4988,5610,6612,6497,6278,6612,7470,7176,6789,6336,7070,6500,6634,6720,8103,9200,8541,8732,9720,9801,9960,10736,12416,12596,12972,14872,15620,16464,18880,20538,21971,21838,24552,23478,26838,28077,27972,31200,32494,35805,39617,41712,43719,49929,53625,55720,62307,67725,76499,84960,96516,105735,117300,132312,151048,171185,201496,231240,288120,359373,417635,535248,587520,627606,596576,519912,479288,416057,331445,214020,0,0,0,0,0,0,0,0,0,0,0,0,0,0,0,0,0,0,0,0,0,0,0,0,0,0,0,0,0,0,0,0,0,0,0,0,0,0,0,0,0,0,0,0,0,0,0,0,0,0,0,0,0,0,0,0,0,0,0,0,0,0,0,0,0,0,0,0,0,0,0,0,0,0,0,0,0,0,0,0,0,0,0,0,0,0,0,0,0,0,0,0,0,0,0,0,0,0,0,0,0
3431,3430,3102,3150,4455,4872,4648,4399,4902,5100,5551,5612,6580,7098,7695,7392,6674,6298,7171,9379,12771,11176,9676,10701,11904,12900,13860,13677,15960,17024,17936,21504,22750,28028,28812,29000,31200,34880,37856,40800,44164,48807,53376,55678,64024,69445,80840,87723,101920,113984,126871,144760,169950,189405,232986,283822,349280,426870,551425,598920,615880,578856,533877,470535,389250,277140,106377,0,0,0,0,0,0,0,0,0,0,0,0,0,0,0,0,0,0,0,0,0,0,0,0,0,0,0,0,0,0,0,0,0,0,0,0,0,0,0,0,0,0,0,0,0,0,0,0,0,0,0,0,0,0,0,0,0,0,0,0,0,0,0,0,0,0,0,0,0,0,0,0,0,0,0,0,0,0,0,0,0,0,0,0,0,0,0,0,0,0,0,0,0,0,0,0,0,0,0,0,0,0,0,0,0,0
3626,3650,4374,4648,5246,4988,5824,5185,5828,6840,6486,7125,7176,10212,10396,10980,10668,13130,12350,11340,11868,14040,13100,14352,14746,15370,16790,18544,21120,22008,24030,26741,29896,31200,34560,39672,41968,46620,48128,54405,60792,67487,73920,81550,91364,105868,119691,132888,161868,191646,222642,259638,327066,430262,546003,632753,652276,613440,571830,511890,441600,321903,159075,0,0,0,0,0,0,0,0,0,0,0,0,0,0,0,0,0,0,0,0,0,0,0,0,0,0,0,0,0,0,0,0,0,0,0,0,0,0,0,0,0,0,0,0,0,0,0,0,0,0,0,0,0,0,0,0,0,0,0,0,0,0,0,0,0,0,0,0,0,0,0,0,0,0,0,0,0,0,0,0,0,0,0,0,0,0,0,0,0,0,0,0,0,0,0,0,0,0,0,0,0,0,0,0,0,0,0,0,0,0
4187,4187,3900,3927,4895,11021,14595,15158,16390,19470,21632,23908,25668,28224,30351,33810,36064,37800,42960,46060,52337,56200,63000,68040,80782,86760,102795,115368,133045,157140,185500,217328,279450,348390,465801,615087,761475,797406,765380,710370,637617,549956,369852,94446,0,0,0,0,0,0,0,0,0,0,0,0,0,0,0,0,0,0,0,0,0,0,0,0,0,0,0,0,0,0,0,0,0,0,0,0,0,0,0,0,0,0,0,0,0,0,0,0,0,0,0,0,0,0,0,0,0,0,0,0,0,0,0,0,0,0,0,0,0,0,0,0,0,0,0,0,0,0,0,0,0,0,0,0,0,0,0,0,0,0,0,0,0,0,0,0,0,0,0,0,0,0,0,0,0,0,0,0,0,0,0,0,0,0,0,0,0,0,0,0,0,0,0,0,0,0,0,0,0
2200,2679,2668,2745,2961,2880,4389,4977,4582,4730,4576,4914,14637,14720,15827,16124,15400,16046,17864,19520,20295,28459,27985,31008,33598,37682,39216,43497,47250,51952,61612,65698,76360,84016,101007,114390,130659,154882,191352,225380,292825,373870,500661,677082,807750,770132,750774,661740,590473,427704,187980,0,0,0,0,0,0,0,0,0,0,0,0,0,0,0,0,0,0,0,0,0,0,0,0,0,0,0,0,0,0,0,0,0,0,0,0,0,0,0,0,0,0,0,0,0,0,0,0,0,0,0,0,0,0,0,0,0,0,0,0,0,0,0,0,0,0,0,0,0,0,0,0,0,0,0,0,0,0,0,0,0,0,0,0,0,0,0,0,0,0,0,0,0,0,0,0,0,0,0,0,0,0,0,0,0,0,0,0,0,0,0,0,0,0,0,0,0,0,0,0,0,0
4080,4000,4770,7696,10388,11639,11186,14520,13192,13800,13130,15587,19360,20538,22572,25380,28690,30576,30932,32240,35457,41125,44460,48285,55380,62721,69642,82482,92736,109880,124483,144290,175016,213808,267044,352030,457838,621504,740050,718562,664692,583471,475376,312660,0,0,0,0,0,0,0,0,0,0,0,0,0,0,0,0,0,0,0,0,0,0,0,0,0,0,0,0,0,0,0,0,0,0,0,0,0,0,0,0,0,0,0,0,0,0,0,0,0,0,0,0,0,0,0,0,0,0,0,0,0,0,0,0,0,0,0,0,0,0,0,0,0,0,0,0,0,0,0,0,0,0,0,0,0,0,0,0,0,0,0,0,0,0,0,0,0,0,0,0,0,0,0,0,0,0,0,0,0,0,0,0,0,0,0,0,0,0,0,0,0,0,0,0,0,0,0,0,0
13952,16988,14933,17160,16560,17284,19200,22317,24797,26226,29944,33649,36936,41347,45180,51614,56916,63986,70941,82080,95508,109888,131128,158895,191888,235773,318310,412086,557420,741132,808827,786656,710815,641456,486208,0,0,0,0,0,0,0,0,0,0,0,0,0,0,0,0,0,0,0,0,0,0,0,0,0,0,0,0,0,0,0,0,0,0,0,0,0,0,0,0,0,0,0,0,0,0,0,0,0,0,0,0,0,0,0,0,0,0,0,0,0,0,0,0,0,0,0,0,0,0,0,0,0,0,0,0,0,0,0,0,0,0,0,0,0,0,0,0,0,0,0,0,0,0,0,0,0,0,0,0,0,0,0,0,0,0,0,0,0,0,0,0,0,0,0,0,0,0,0,0,0,0,0,0,0,0,0,0,0,0,0,0,0,0,0,0,0,0
5244,5723,16740,16440,18204,19840,21285,30750,34662,37064,39884,45360,53064,56034,68670,77488,90138,107440,121240,144926,174080,219459,288044,381920,509065,813540,797110,718685,623250,463128,177708,0,0,0,0,0,0,0,0,0,0,0,0,0,0,0,0,0,0,0,0,0,0,0,0,0,0,0,0,0,0,0,0,0,0,0,0,0,0,0,0,0,0,0,0,0,0,0,0,0,0,0,0,0,0,0,0,0,0,0,0,0,0,0,0,0,0,0,0,0,0,0,0,0,0,0,0,0,0,0,0,0,0,0,0,0,0,0,0,0,0,0,0,0,0,0,0,0,0,0,0,0,0,0,0,0,0,0,0,0,0,0,0,0,0,0,0,0,0,0,0,0,0,0,0,0,0,0,0,0,0,0,0,0,0,0,0,0,0,0,0,0,0
4774,4134,19500,22080,22440,22962,22833,30150,33338,37856,41238,45612,52574,61705,68850,80240,93291,109600,129789,157920,195657,257070,340910,489630,681408,849520,846884,800270,753424,592515,0,0,0,0,0,0,0,0,0,0,0,0,0,0,0,0,0,0,0,0,0,0,0,0,0,0,0,0,0,0,0,0,0,0,0,0,0,0,0,0,0,0,0,0,0,0,0,0,0,0,0,0,0,0,0,0,0,0,0,0,0,0,0,0,0,0,0,0,0,0,0,0,0,0,0,0,0,0,0,0,0,0,0,0,0,0,0,0,0,0,0,0,0,0,0,0,0,0,0,0,0,0,0,0,0,0,0,0,0,0,0,0,0,0,0,0,0,0,0,0,0,0,0,0,0,0,0,0,0,0,0,0,0,0,0,0,0,0,0,0,0,0,0
5278,6174,13875,16819,18900,20808,20224,21746,30300,32705,38136,40729,44460,53262,57888,71868,82560,93126,110148,128160,158593,194540,252332,345384,473550,678770,813618,781425,747555,653884,477144,168844,0,0,0,0,0,0,0,0,0,0,0,0,0,0,0,0,0,0,0,0,0,0,0,0,0,0,0,0,0,0,0,0,0,0,0,0,0,0,0,0,0,0,0,0,0,0,0,0,0,0,0,0,0,0,0,0,0,0,0,0,0,0,0,0,0,0,0,0,0,0,0,0,0,0,0,0,0,0,0,0,0,0,0,0,0,0,0,0,0,0,0,0,0,0,0,0,0,0,0,0,0,0,0,0,0,0,0,0,0,0,0,0,0,0,0,0,0,0,0,0,0,0,0,0,0,0,0,0,0,0,0,0,0,0,0,0,0,0,0,0,0
2623,4214,4872,7696,5917,13231,13332,12540,12330,14162,15496,18840,20241,24252,25870,28400,32956,38640,42175,44352,53580,59740,66560,81664,92855,106190,122933,150600,192888,242939,324720,450144,591894,658008,604800,483610,408120,229520,0,0,0,0,0,0,0,0,0,0,0,0,0,0,0,0,0,0,0,0,0,0,0,0,0,0,0,0,0,0,0,0,0,0,0,0,0,0,0,0,0,0,0,0,0,0,0,0,0,0,0,0,0,0,0,0,0,0,0,0,0,0,0,0,0,0,0,0,0,0,0,0,0,0,0,0,0,0,0,0,0,0,0,0,0,0,0,0,0,0,0,0,0,0,0,0,0,0,0,0,0,0,0,0,0,0,0,0,0,0,0,0,0,0,0,0,0,0,0,0,0,0,0,0,0,0,0,0,0,0,0,0,0,0,0
2880,3315,4686,4480,4526,4851,5760,5175,5200,5292,7904,11700,10701,12322,15228,15264,16800,18998,20496,25650,28012,30340,34540,37513,42731,50424,55044,75591,90387,104014,122481,159075,181362,241875,316090,428745,504233,558543,463745,374000,266787,70800,0,0,0,0,0,0,0,0,0,0,0,0,0,0,0,0,0,0,0,0,0,0,0,0,0,0,0,0,0,0,0,0,0,0,0,0,0,0,0,0,0,0,0,0,0,0,0,0,0,0,0,0,0,0,0,0,0,0,0,0,0,0,0,0,0,0,0,0,0,0,0,0,0,0,0,0,0,0,0,0,0,0,0,0,0,0,0,0,0,0,0,0,0,0,0,0,0,0,0,0,0,0,0,0,0,0,0,0,0,0,0,0,0,0,0,0,0,0,0,0,0,0,0,0,0,0,0,0,0,0,0
2745,3024,3234,3468,3990,4484,4897,7178,11730,12524,13299,13563,15194,19481,20207,20933,23168,28130,31439,34821,38468,43596,49210,59479,66780,77400,95115,110021,133860,172010,217998,304764,409448,538785,623766,553774,467360,346840,145656,0,0,0,0,0,0,0,0,0,0,0,0,0,0,0,0,0,0,0,0,0,0,0,0,0,0,0,0,0,0,0,0,0,0,0,0,0,0,0,0,0,0,0,0,0,0,0,0,0,0,0,0,0,0,0,0,0,0,0,0,0,0,0,0,0,0,0,0,0,0,0,0,0,0,0,0,0,0,0,0,0,0,0,0,0,0,0,0,0,0,0,0,0,0,0,0,0,0,0,0,0,0,0,0,0,0,0,0,0,0,0,0,0,0,0,0,0,0,0,0,0,0,0,0,0,0,0,0,0,0,0,0,0,0
3944,3886,3498,4104,4104,4015,9612,10701,11424,13493,15840,16132,17442,19560,22140,28757,30192,35775,37352,43824,50652,54528,67053,77634,94000,116580,151548,178155,241673,324135,449952,508200,528895,419879,328225,183015,3198,3002,3230,3382,3388,3526,3440,0,0,0,0,0,0,0,0,0,0,0,0,0,0,0,0,0,0,0,0,0,0,0,0,0,0,0,0,0,0,0,0,0,0,0,0,0,0,0,0,0,0,0,0,0,0,0,0,0,0,0,0,0,0,0,0,0,0,0,0,0,0,0,0,0,0,0,0,0,0,0,0,0,0,0,0,0,0,0,0,0,0,0,0,0,0,0,0,0,0,0,0,0,0,0,0,0,0,0,0,0,0,0,0,0,0,0,0,0,0,0,0,0,0,0,0,0,0,0,0,0,0,0,0,0,0,0,0,0,0
2880,2880,2880,2773,2867,2880,2867,2928,2806,2820,3120,3276,3337,3740,3795,3864,3876,4270,4320,4070,4161,4176,4350,5780,5460,7020,7254,7954,8277,8536,8536,8352,8415,8888,9100,8800,8428,8200,9078,9555,9888,9696,10388,10593,10878,11600,11956,12400,12625,12669,12896,13104,13696,14231,13910,13716,12852,13310,13734,13081,18327,18422,21156,19276,20160,20864,23355,23316,23100,23275,24360,25134,26208,27636,28120,29294,30687,32505,33864,35739,36081,38184,39150,40887,41087,42588,45012,46937,47941,50451,52836,54590,57960,61268,64310,64883,69394,75306,79632,85608,89250,93330,101010,104931,113243,121669,130500,138741,146160,159903,169510,180944,202760,226582,243390,268383,296097,347133,367284,408000,460570,515398,602528,705684,775008,813585,846675,883258,825989,871128,833544,811785,784760,718520,663670,566262,0,0,0,0,0,0,0,0,0,0,0,0,0,0,0,0,0,0,0,0,0,0,0,0,0,0,0,0,0,0,0,0,0,0,0,0,0
4650,4615,4480,4500,4800,4864,4810,5016,4898,5312,5460,5695,5848,6072,6192,6336,6600,6177,6992,7520,7857,8036,7954,8330,8400,8484,8944,8632,8840,9240,9345,9048,9135,9135,10152,10573,10878,11400,11500,11979,12221,13020,13250,14410,14520,14190,13824,13843,16680,16800,16898,17199,16872,17365,19032,19520,20125,20916,22078,22512,23153,23184,24708,25810,26169,28161,30030,31200,31557,32864,33327,35045,38233,37230,36936,39780,41175,44268,46002,46624,49725,53190,54672,58311,61846,66079,67872,71868,74910,82239,87596,93034,99822,104641,111518,115920,128007,136200,145644,153600,163652,178840,200355,221088,240160,261120,289850,328425,369788,399024,448272,522852,592020,681030,715854,786420,811236,822634,753480,779922,761904,711495,709148,603570,542380,501553,401100,0,0,0,0,0,0,0,0,0,0,0,0,0,0,0,0,0,0,0,0,0,0,0,0,0,0,0,0,0,0,0,0,0,0,0,0,0,0,0,0,0,0,0,0,0,0
9202,17787,17666,20748,21812,23430,23904,24167,31520,32732,35226,36252,37932,40664,40633,40828,42186,43200,45384,49022,52041,55544,56496,62101,63869,68700,70902,75285,80640,88578,97455,100650,111843,117894,127866,143934,153253,163056,180894,186840,213072,238210,261441,289940,334080,385814,423573,497514,569034,707026,805752,898150,969984,921537,966240,931918,0,0,0,0,0,0,0,0,0,0,0,0,0,0,0,0,0,0,0,0,0,0,0,0,0,0,0,0,0,0,0,0,0,0,0,0,0,0,0,0,0,0,0,0,0,0,0,0,0,0,0,0,0,0,0,0,0,0,0,0,0,0,0,0,0,0,0,0,0,0,0,0,0,0,0,0,0,0,0,0,0,0,0,0,0,0,0,0,0,0,0,0,0,0,0,0,0,0,0,0,0,0,0,0,0,0,0,0,0,0,0,0,0,0,0,0,0
4088,7560,8400,8217,9776,9672,9450,9450,9328,9951,9844,10706,17750,20608,20412,25696,25702,27072,27489,28576,29336,30108,32274,33901,35844,37541,39025,39694,41830,43139,44344,47124,51614,52400,55145,57408,61490,65534,69930,73967,78921,83106,89000,95090,102144,108528,115506,125111,132139,141066,154715,169803,190098,210745,234390,255596,290787,335220,369788,416560,482528,540134,641484,754614,818250,855138,883872,851700,855451,825262,789420,764773,729657,670981,585585,484620,0,0,0,0,0,0,0,0,0,0,0,0,0,0,0,0,0,0,0,0,0,0,0,0,0,0,0,0,0,0,0,0,0,0,0,0,0,0,0,0,0,0,0,0,0,0,0,0,0,0,0,0,0,0,0,0,0,0,0,0,0,0,0,0,0,0,0,0,0,0,0,0,0,0,0,0,0,0,0,0,0,0,0,0,0,0,0,0,0,0,0,0,0,0,0,0,0
5250,5180,5250,5313,5530,5600,11092,11616,11712,13520,14190,14950,15428,15196,16048,16714,17934,18422,19125,19812,20352,21516,23220,23800,24480,25803,27550,28077,29694,29400,30150,31262,33072,34932,38080,40194,43259,47232,48443,47750,50310,52318,53613,58320,63616,68172,73160,78892,86360,91427,100912,105814,111557,126160,142524,157115,171639,184370,201453,226966,252735,284048,321552,386595,440430,510860,614594,749920,887034,983073,984230,976500,925986,0,0,0,0,0,0,0,0,0,0,0,0,0,0,0,0,0,0,0,0,0,0,0,0,0,0,0,0,0,0,0,0,0,0,0,0,0,0,0,0,0,0,0,0,0,0,0,0,0,0,0,0,0,0,0,0,0,0,0,0,0,0,0,0,0,0,0,0,0,0,0,0,0,0,0,0,0,0,0,0,0,0,0,0,0,0,0,0,0,0,0,0,0,0,0,0,0,0,0,0
11616,10602,11305,11781,12928,13674,14190,15080,15312,15755,17787,17934,18724,19782,20382,21440,22646,23564,24920,25311,27267,28310,30552,30044,30753,31714,34320,36072,37620,40656,44082,46513,49000,50052,52722,53560,58473,63106,66528,71440,77420,87801,95900,104710,113828,120472,132486,147392,165426,175441,200112,220473,251400,285327,316932,374500,450450,519196,632772,816350,947072,980193,985180,1011411,0,0,0,0,0,0,0,0,0,0,0,0,0,0,0,0,0,0,0,0,0,0,0,0,0,0,0,0,0,0,0,0,0,0,0,0,0,0,0,0,0,0,0,0,0,0,0,0,0,0,0,0,0,0,0,0,0,0,0,0,0,0,0,0,0,0,0,0,0,0,0,0,0,0,0,0,0,0,0,0,0,0,0,0,0,0,0,0,0,0,0,0,0,0,0,0,0,0,0,0,0,0,0,0,0,0,0,0,0
2745,2976,16520,16302,16272,16731,17082,17346,19125,19456,21352,22005,23352,24186,25597,27450,30020,31243,33048,35784,37400,38872,39501,41595,43554,47439,52428,52536,57684,61776,65043,71379,74812,86344,92300,101036,121540,125334,143680,155239,170924,188834,211660,243130,283824,323099,378594,458253,554949,691291,832300,895860,886420,857076,828075,0,0,0,0,0,0,0,0,0,0,0,0,0,0,0,0,0,0,0,0,0,0,0,0,0,0,0,0,0,0,0,0,0,0,0,0,0,0,0,0,0,0,0,0,0,0,0,0,0,0,0,0,0,0,0,0,0,0,0,0,0,0,0,0,0,0,0,0,0,0,0,0,0,0,0,0,0,0,0,0,0,0,0,0,0,0,0,0,0,0,0,0,0,0,0,0,0,0,0,0,0,0,0,0,0,0,0,0,0,0,0,0,0,0,0,0,0,0
3712,3894,3900,3886,3618,4140,4599,4950,4453,4898,4992,5229,5644,6048,6177,7134,7110,7298,7007,6688,8342,8178,8544,9801,9500,9999,10197,10098,10400,11009,11433,11235,11187,11960,11286,12705,16380,17612,18360,18300,20574,20724,20988,20988,22876,24112,25380,25803,27648,29100,31200,32390,34604,35948,40182,40020,42602,42588,46413,48360,52662,55013,59774,66576,71820,76130,83300,88250,98099,105708,116467,125800,137250,160854,168165,195978,230691,252747,295306,344040,395910,479719,578768,722802,813585,841104,849084,838100,840853,803700,774360,708215,648900,479605,0,0,0,0,0,0,0,0,0,0,0,0,0,0,0,0,0,0,0,0,0,0,0,0,0,0,0,0,0,0,0,0,0,0,0,0,0,0,0,0,0,0,0,0,0,0,0,0,0,0,0,0,0,0,0,0,0,0,0,0,0,0,0,0,0,0,0,0,0,0,0,0,0,0,0,0,0,0,0
13625,14319,15210,16284,16731,16588,17784,19040,20992,21440,21708,24150,24992,26884,28608,28459,31044,32028,34860,38012,39560,41268,42960,45254,47368,51308,57240,60415,66822,74970,77040,84582,94320,104880,116928,129731,150024,164983,182222,205523,238173,271093,325325,386802,470547,569050,710885,837819,931104,872904,849142,837375,0,0,0,0,0,0,0,0,0,0,0,0,0,0,0,0,0,0,0,0,0,0,0,0,0,0,0,0,0,0,0,0,0,0,0,0,0,0,0,0,0,0,0,0,0,0,0,0,0,0,0,0,0,0,0,0,0,0,0,0,0,0,0,0,0,0,0,0,0,0,0,0,0,0,0,0,0,0,0,0,0,0,0,0,0,0,0,0,0,0,0,0,0,0,0,0,0,0,0,0,0,0,0,0,0,0,0,0,0,0,0,0,0,0,0,0,0,0,0,0,0
6210,6438,6300,8084,9604,9700,9776,9696,9588,10152,9785,10388,10272,9990,10864,10925,11232,13482,14430,15162,15228,16530,17466,16819,18625,21252,23120,23630,24534,25662,27930,28800,32320,32136,33338,36520,39672,41707,41886,45756,50505,53200,57195,62752,71592,74002,80135,88088,97660,107198,123359,134358,145390,164304,203400,222473,257041,296868,364856,420810,519820,644375,737401,783525,820495,781218,724192,680329,618975,525450,410780,237667,0,0,0,0,0,0,0,0,0,0,0,0,0,0,0,0,0,0,0,0,0,0,0,0,0,0,0,0,0,0,0,0,0,0,0,0,0,0,0,0,0,0,0,0,0,0,0,0,0,0,0,0,0,0,0,0,0,0,0,0,0,0,0,0,0,0,0,0,0,0,0,0,0,0,0,0,0,0,0,0,0,0,0,0,0,0,0,0,0,0,0,0,0,0,0,0,0,0,0,0,0
3128,4380,4464,4536,4891,4824,5016,5440,6688,6600,7533,7938,8232,10506,10302,9765,10197,14170,20224,24640,25696,27565,28611,29835,31717,33800,39096,37584,41541,43896,47559,52205,55488,59572,65490,70278,79532,86940,97573,108744,119143,135115,149611,168479,203112,235218,271320,328386,394287,496485,635390,810256,865914,934380,920942,916786,859704,684216,0,0,0,0,0,0,0,0,0,0,0,0,0,0,0,0,0,0,0,0,0,0,0,0,0,0,0,0,0,0,0,0,0,0,0,0,0,0,0,0,0,0,0,0,0,0,0,0,0,0,0,0,0,0,0,0,0,0,0,0,0,0,0,0,0,0,0,0,0,0,0,0,0,0,0,0,0,0,0,0,0,0,0,0,0,0,0,0,0,0,0,0,0,0,0,0,0,0,0,0,0,0,0,0,0,0,0,0,0,0,0,0,0,0,0
3355,3283,3519,3886,3770,3672,3600,5976,7872,7469,7790,8448,10404,11413,12272,13068,13786,13560,15744,19456,20944,21920,21432,22400,23452,26680,28272,30020,32370,34528,37410,40544,41952,44585,48020,49000,55826,61490,68625,75200,82088,96258,104103,116352,129731,145382,165608,197984,235815,280360,350224,413832,526700,702982,831411,898336,951880,929071,839952,800163,729011,544880,0,0,0,0,0,0,0,0,0,0,0,0,0,0,0,0,0,0,0,0,0,0,0,0,0,0,0,0,0,0,0,0,0,0,0,0,0,0,0,0,0,0,0,0,0,0,0,0,0,0,0,0,0,0,0,0,0,0,0,0,0,0,0,0,0,0,0,0,0,0,0,0,0,0,0,0,0,0,0,0,0,0,0,0,0,0,0,0,0,0,0,0,0,0,0,0,0,0,0,0,0,0,0,0,0,0,0,0,0,0,0
2205,3243,4898,5346,5412,6308,6375,8585,9464,9464,10230,11200,11211,11526,11817,11583,11385,13970,14577,15478,16240,17595,18360,20034,21413,21384,22410,24424,26169,28032,29414,32277,36188,39039,40655,44286,46248,51678,54672,58167,67500,75600,79300,92748,102167,120474,132411,154301,177100,202950,241602,290680,353528,451030,579312,763830,887110,840633,0,0,0,0,0,0,0,0,0,0,0,0,0,0,0,0,0,0,0,0,0,0,0,0,0,0,0,0,0,0,0,0,0,0,0,0,0,0,0,0,0,0,0,0,0,0,0,0,0,0,0,0,0,0,0,0,0,0,0,0,0,0,0,0,0,0,0,0,0,0,0,0,0,0,0,0,0,0,0,0,0,0,0,0,0,0,0,0,0,0,0,0,0,0,0,0,0,0,0,0,0,0,0,0,0,0,0,0,0,0,0,0,0,0,0
4473,4480,4752,4380,4380,4650,4524,5304,6059,6278,6450,6300,6205,7462,8272,7584,7872,9702,9801,9702,10200,11110,17653,19257,19140,22632,24850,24603,26522,28077,30264,33000,35984,36503,41118,42244,44652,49344,55692,59488,67452,74910,82280,94720,103356,118577,133042,147576,170610,211120,243936,305026,364905,449004,589358,752672,853200,882536,865861,828998,721786,660676,506760,0,0,0,0,0,0,0,0,0,0,0,0,0,0,0,0,0,0,0,0,0,0,0,0,0,0,0,0,0,0,0,0,0,0,0,0,0,0,0,0,0,0,0,0,0,0,0,0,0,0,0,0,0,0,0,0,0,0,0,0,0,0,0,0,0,0,0,0,0,0,0,0,0,0,0,0,0,0,0,0,0,0,0,0,0,0,0,0,0,0,0,0,0,0,0,0,0,0,0,0,0,0,0,0,0,0,0,0,0,0
16920,17446,22576,25632,28576,32390,33741,35154,39776,45220,45549,50432,55622,61912,64670,80196,86955,106974,117092,139464,158565,186120,219240,277120,329904,432824,578100,665052,747384,743796,697282,650695,0,0,0,0,0,0,0,0,0,0,0,0,0,0,0,0,0,0,0,0,0,0,0,0,0,0,0,0,0,0,0,0,0,0,0,0,0,0,0,0,0,0,0,0,0,0,0,0,0,0,0,0,0,0,0,0,0,0,0,0,0,0,0,0,0,0,0,0,0,0,0,0,0,0,0,0,0,0,0,0,0,0,0,0,0,0,0,0,0,0,0,0,0,0,0,0,0,0,0,0,0,0,0,0,0,0,0,0,0,0,0,0,0,0,0,0,0,0,0,0,0,0,0,0,0,0,0,0,0,0,0,0,0,0,0,0,0,0,0,0,0
4453,4176,4320,4588,4620,4180,4500,4875,5100,5508,5589,5451,6660,7371,7410,7410,8245,7938,9200,9696,10608,11187,14950,16492,18078,18250,20540,21912,22110,23460,24523,26455,28798,31395,33495,36354,39117,40656,42875,47058,52402,58140,65056,71904,78309,87480,100100,115181,131424,152079,166912,207273,258156,316030,380488,497002,661500,804204,839460,810980,806379,743325,628569,0,0,0,0,0,0,0,0,0,0,0,0,0,0,0,0,0,0,0,0,0,0,0,0,0,0,0,0,0,0,0,0,0,0,0,0,0,0,0,0,0,0,0,0,0,0,0,0,0,0,0,0,0,0,0,0,0,0,0,0,0,0,0,0,0,0,0,0,0,0,0,0,0,0,0,0,0,0,0,0,0,0,0,0,0,0,0,0,0,0,0,0,0,0,0,0,0,0,0,0,0,0,0,0,0,0,0,0,0,0
14448,15008,17667,18720,20212,20898,21920,25311,26460,28992,31126,33338,36288,41118,41300,46002,52577,56238,59409,72072,78324,90220,101250,119232,134904,156275,183913,215460,269568,333234,426314,572756,766044,908650,873287,830820,0,0,0,0,0,0,0,0,0,0,0,0,0,0,0,0,0,0,0,0,0,0,0,0,0,0,0,0,0,0,0,0,0,0,0,0,0,0,0,0,0,0,0,0,0,0,0,0,0,0,0,0,0,0,0,0,0,0,0,0,0,0,0,0,0,0,0,0,0,0,0,0,0,0,0,0,0,0,0,0,0,0,0,0,0,0,0,0,0,0,0,0,0,0,0,0,0,0,0,0,0,0,0,0,0,0,0,0,0,0,0,0,0,0,0,0,0,0,0,0,0,0,0,0,0,0,0,0,0,0,0,0,0,0,0,0,0
4002,3920,4104,4392,14896,16016,17020,18018,18724,19656,21120,23290,24742,28050,29988,32548,34615,38700,38775,43365,50886,52993,60348,70668,72929,91686,100965,117832,143520,163108,191172,230828,289168,359080,476328,641580,805860,884976,799974,0,0,0,0,0,0,0,0,0,0,0,0,0,0,0,0,0,0,0,0,0,0,0,0,0,0,0,0,0,0,0,0,0,0,0,0,0,0,0,0,0,0,0,0,0,0,0,0,0,0,0,0,0,0,0,0,0,0,0,0,0,0,0,0,0,0,0,0,0,0,0,0,0,0,0,0,0,0,0,0,0,0,0,0,0,0,0,0,0,0,0,0,0,0,0,0,0,0,0,0,0,0,0,0,0,0,0,0,0,0,0,0,0,0,0,0,0,0,0,0,0,0,0,0,0,0,0,0,0,0,0,0,0,0
4672,4940,4526,4960,5214,5520,6132,6699,8004,7708,7885,7938,8944,9858,8900,9152,10290,11110,13440,14630,16422,19500,20828,23309,22836,25311,26390,29568,30751,34680,38896,41992,43200,47124,53200,58504,65664,71262,84321,96720,108540,126420,147266,172368,216789,262444,335675,414120,545305,749934,828414,859705,874978,768900,684728,511830,0,0,0,0,0,0,0,0,0,0,0,0,0,0,0,0,0,0,0,0,0,0,0,0,0,0,0,0,0,0,0,0,0,0,0,0,0,0,0,0,0,0,0,0,0,0,0,0,0,0,0,0,0,0,0,0,0,0,0,0,0,0,0,0,0,0,0,0,0,0,0,0,0,0,0,0,0,0,0,0,0,0,0,0,0,0,0,0,0,0,0,0,0,0,0,0,0,0,0,0,0,0,0,0,0,0,0,0,0,0,0,0,0,0,0,0,0
2714,2940,3528,3888,4200,4340,4332,6072,6210,6570,7347,8000,8722,9785,10807,10904,12198,13734,18029,19812,21574,22908,24024,29450,29172,31959,33534,37350,40194,43020,46314,52008,59040,68510,77080,86880,99298,117445,136654,159084,188224,237776,296439,381284,500526,679651,798756,765948,679194,423150,0,0,0,0,0,0,0,0,0,0,0,0,0,0,0,0,0,0,0,0,0,0,0,0,0,0,0,0,0,0,0,0,0,0,0,0,0,0,0,0,0,0,0,0,0,0,0,0,0,0,0,0,0,0,0,0,0,0,0,0,0,0,0,0,0,0,0,0,0,0,0,0,0,0,0,0,0,0,0,0,0,0,0,0,0,0,0,0,0,0,0,0,0,0,0,0,0,0,0,0,0,0,0,0,0,0,0,0,0,0,0,0,0,0,0,0,0,0,0,0,0,0,0
14522,16611,18120,19125,19220,19530,23153,25988,33072,35420,36512,43983,49022,51870,60135,65785,75905,84721,101572,120540,143667,170859,218080,249245,319884,431292,565110,755794,848896,690545,496485,0,0,0,0,0,0,0,0,0,0,0,0,0,0,0,0,0,0,0,0,0,0,0,0,0,0,0,0,0,0,0,0,0,0,0,0,0,0,0,0,0,0,0,0,0,0,0,0,0,0,0,0,0,0,0,0,0,0,0,0,0,0,0,0,0,0,0,0,0,0,0,0,0,0,0,0,0,0,0,0,0,0,0,0,0,0,0,0,0,0,0,0,0,0,0,0,0,0,0,0,0,0,0,0,0,0,0,0,0,0,0,0,0,0,0,0,0,0,0,0,0,0,0,0,0,0,0,0,0,0,0,0,0,0,0,0,0,0,0,0,0,0
14964,20096,20328,22983,24220,27972,29106,33120,37278,38675,43680,53190,55350,61600,73612,82565,97785,117450,141382,168454,202358,256250,329954,448398,565789,655605,689598,637720,586182,0,0,0,0,0,0,0,0,0,0,0,0,0,0,0,0,0,0,0,0,0,0,0,0,0,0,0,0,0,0,0,0,0,0,0,0,0,0,0,0,0,0,0,0,0,0,0,0,0,0,0,0,0,0,0,0,0,0,0,0,0,0,0,0,0,0,0,0,0,0,0,0,0,0,0,0,0,0,0,0,0,0,0,0,0,0,0,0,0,0,0,0,0,0,0,0,0,0,0,0,0,0,0,0,0,0,0,0,0,0,0,0,0,0,0,0,0,0,0,0,0,0,0,0,0,0,0,0,0,0,0,0,0,0,0,0,0,0,0,0,0,0,0,0
2310,2914,2950,2655,3380,3848,3774,8178,6992,8686,7392,10692,11716,11514,12980,12463,14500,17731,18170,20574,22780,23460,25872,29722,31323,32754,35490,38532,41347,47175,54600,63130,69836,80106,90896,107460,127167,152794,187572,236844,306337,395428,541282,747565,829670,752960,722016,0,0,0,0,0,0,0,0,0,0,0,0,0,0,0,0,0,0,0,0,0,0,0,0,0,0,0,0,0,0,0,0,0,0,0,0,0,0,0,0,0,0,0,0,0,0,0,0,0,0,0,0,0,0,0,0,0,0,0,0,0,0,0,0,0,0,0,0,0,0,0,0,0,0,0,0,0,0,0,0,0,0,0,0,0,0,0,0,0,0,0,0,0,0,0,0,0,0,0,0,0,0,0,0,0,0,0,0,0,0,0,0,0,0,0,0,0,0,0,0,0,0,0,0,0,0
14520,15232,17632,22468,29722,31758,35690,40128,41349,49896,54404,62208,75192,85500,105468,127142,154845,185444,241200,304980,429383,583300,682506,720272,666624,615896,494736,0,0,0,0,0,0,0,0,0,0,0,0,0,0,0,0,0,0,0,0,0,0,0,0,0,0,0,0,0,0,0,0,0,0,0,0,0,0,0,0,0,0,0,0,0,0,0,0,0,0,0,0,0,0,0,0,0,0,0,0,0,0,0,0,0,0,0,0,0,0,0,0,0,0,0,0,0,0,0,0,0,0,0,0,0,0,0,0,0,0,0,0,0,0,0,0,0,0,0,0,0,0,0,0,0,0,0,0,0,0,0,0,0,0,0,0,0,0,0,0,0,0,0,0,0,0,0,0,0,0,0,0,0,0,0,0,0,0,0,0,0,0,0,0,0,0
1886,3300,2706,2924,3710,3953,4189,4032,4275,4774,4977,6290,6090,6142,6734,6768,6975,7488,8585,10088,12810,14464,14605,16359,18906,21780,23220,26680,29876,31556,36849,39380,44268,48443,54796,64092,72732,83980,97464,110825,131571,161177,207015,258545,359292,454680,694300,835914,910784,899442,818586,658812,0,0,0,0,0,0,0,0,0,0,0,0,0,0,0,0,0,0,0,0,0,0,0,0,0,0,0,0,0,0,0,0,0,0,0,0,0,0,0,0,0,0,0,0,0,0,0,0,0,0,0,0,0,0,0,0,0,0,0,0,0,0,0,0,0,0,0,0,0,0,0,0,0,0,0,0,0,0,0,0,0,0,0,0,0,0,0,0,0,0,0,0,0,0,0,0,0,0,0,0,0,0,0,0,0,0,0,0,0,0,0,0,0,0,0,0,0,0,0,0,0
13952,15820,17582,18848,19304,20412,23490,25702,25844,31200,33488,36852,42592,46592,55176,62424,74250,82080,97410,121975,151984,186686,233784,310030,416665,499730,586224,466456,406210,0,0,0,0,0,0,0,0,0,0,0,0,0,0,0,0,0,0,0,0,0,0,0,0,0,0,0,0,0,0,0,0,0,0,0,0,0,0,0,0,0,0,0,0,0,0,0,0,0,0,0,0,0,0,0,0,0,0,0,0,0,0,0,0,0,0,0,0,0,0,0,0,0,0,0,0,0,0,0,0,0,0,0,0,0,0,0,0,0,0,0,0,0,0,0,0,0,0,0,0,0,0,0,0,0,0,0,0,0,0,0,0,0,0,0,0,0,0,0,0,0,0,0,0,0,0,0,0,0,0,0,0,0,0,0,0,0,0,0,0,0,0,0,0
2852,3196,3195,4235,4400,4582,5040,5766,10300,9500,9888,10600,11340,12084,12138,18300,20800,20174,21450,24780,26901,30615,34320,37152,42065,45120,52138,57474,68820,81458,92117,113884,134550,158720,220286,280478,362791,523380,759500,850045,811317,749664,0,0,0,0,0,0,0,0,0,0,0,0,0,0,0,0,0,0,0,0,0,0,0,0,0,0,0,0,0,0,0,0,0,0,0,0,0,0,0,0,0,0,0,0,0,0,0,0,0,0,0,0,0,0,0,0,0,0,0,0,0,0,0,0,0,0,0,0,0,0,0,0,0,0,0,0,0,0,0,0,0,0,0,0,0,0,0,0,0,0,0,0,0,0,0,0,0,0,0,0,0,0,0,0,0,0,0,0,0,0,0,0,0,0,0,0,0,0,0,0,0,0,0,0,0,0,0,0,0,0,0
7980,9100,8840,9568,10070,12584,18300,20769,23046,25431,29204,31164,35916,39672,42898,47690,56481,66795,75374,90280,111792,137408,160208,211099,278658,380160,535248,719304,784686,655616,423660,0,0,0,0,0,0,0,0,0,0,0,0,0,0,0,0,0,0,0,0,0,0,0,0,0,0,0,0,0,0,0,0,0,0,0,0,0,0,0,0,0,0,0,0,0,0,0,0,0,0,0,0,0,0,0,0,0,0,0,0,0,0,0,0,0,0,0,0,0,0,0,0,0,0,0,0,0,0,0,0,0,0,0,0,0,0,0,0,0,0,0,0,0,0,0,0,0,0,0,0,0,0,0,0,0,0,0,0,0,0,0,0,0,0,0,0,0,0,0,0,0,0,0,0,0,0,0,0,0,0,0,0,0,0,0,0,0,0,0,0,0,0
2993,3034,3150,3354,3318,3198,3081,3081,3240,5452,5952,6486,6958,5510,6600,7950,8748,7950,7811,8393,8316,8910,8692,9435,10170,10005,10324,10788,10556,10057,10580,10146,10620,10824,10664,11125,11834,12600,12300,13230,13674,13462,13952,18688,21948,22050,23552,23040,23808,22733,24497,25460,26880,26578,27400,28623,29394,29610,31828,31828,34731,35190,37288,39114,39935,37920,40508,41666,43434,46197,46816,48495,50778,52266,55963,57408,60873,60450,63756,69841,71142,73480,81420,84084,89012,90581,98923,104704,107271,118156,131370,135196,143748,153384,161792,170982,187372,205799,216972,235248,250648,277425,304804,340744,363772,402800,438633,462990,500262,528600,554046,591332,619528,658903,615230,591312,604434,603694,556488,547425,508905,482328,285750,201663,137862,68326,0,0,0,0,0,0,0,0,0,0,0,0,0,0,0,0,0,0,0,0,0,0,0,0,0,0,0,0,0,0,0,0,0,0,0,0,0,0,0,0,0,0,0,0,0,0,0
3496,3572,4345,4455,4592,4956,5733,5220,4692,6256,7050,6984,7178,7425,7752,10126,10578,10788,11280,10664,11125,11340,11808,11931,11808,12838,14231,13803,15288,15794,15950,16390,16830,17741,18468,19116,20295,21463,21625,22225,21472,23184,25058,26082,26827,27300,30015,30488,32314,33227,35420,36729,39144,41310,43326,44427,48024,49765,52440,56160,62115,67410,69223,73482,76384,84128,88938,95880,103974,110240,121365,130702,144716,154924,170544,189380,198137,221555,253368,282632,311436,350556,396480,471898,557620,664187,744011,773904,781495,803640,779835,719120,705432,683877,655854,591325,538856,439394,332710,194454,88822,0,0,0,0,0,0,0,0,0,0,0,0,0,0,0,0,0,0,0,0,0,0,0,0,0,0,0,0,0,0,0,0,0,0,0,0,0,0,0,0,0,0,0,0,0,0,0,0,0,0,0,0,0,0,0,0,0,0,0,0,0,0,0,0,0,0,0,0,0,0,0,0
2072,2280,2340,2379,2501,2604,3243,3256,3600,3552,3900,3744,3588,3520,6324,6195,6283,6784,7169,7276,7383,7918,8175,8424,9072,9632,9879,10304,10488,11500,11718,11970,12642,12928,13493,13905,14280,14873,14586,14700,14976,14994,15943,16371,19040,19926,24165,30800,31465,32499,33418,35139,36774,37098,37422,39435,40670,43674,45056,46898,48760,52882,55680,57036,60098,65626,68786,73684,77745,81947,87822,94250,100980,112407,122481,132143,141470,151662,164916,184575,205770,227021,255328,283663,320450,352506,403236,460530,539964,611447,646173,677358,729688,691488,712936,725708,668294,675024,654500,653571,593024,529549,451560,244300,134288,0,0,0,0,0,0,0,0,0,0,0,0,0,0,0,0,0,0,0,0,0,0,0,0,0,0,0,0,0,0,0,0,0,0,0,0,0,0,0,0,0,0,0,0,0,0,0,0,0,0,0,0,0,0,0,0,0,0,0,0,0,0,0,0,0,0,0,0
2196,2065,2814,2814,3243,3600,3408,3174,3431,3528,3650,3650,3723,3723,3675,3792,3276,3619,3634,9315,10416,10092,10208,10848,10413,10680,10560,11712,11020,12600,13780,13832,13770,14382,15225,15347,15876,15300,15600,16692,18285,19278,20468,20944,22125,21576,23496,24656,25460,26715,26130,27135,28359,28696,31465,32767,32929,34050,36581,38940,40488,42768,44958,48594,51612,56644,58600,62928,67608,69660,76614,79463,87120,95129,104661,107712,118916,133194,142780,153634,174370,187621,200288,234080,258858,285796,333312,365351,426690,503280,591356,679470,780668,794934,770565,791640,798171,768500,727394,735330,685477,631904,407515,256872,131750,0,0,0,0,0,0,0,0,0,0,0,0,0,0,0,0,0,0,0,0,0,0,0,0,0,0,0,0,0,0,0,0,0,0,0,0,0,0,0,0,0,0,0,0,0,0,0,0,0,0,0,0,0,0,0,0,0,0,0,0,0,0,0,0,0,0,0,0
2405,2144,2277,2450,2485,2592,2800,2760,2627,3192,3450,3619,3713,3397,4968,6144,6936,7455,7029,5292,8736,8829,9072,9960,10370,10856,11349,11979,12720,13068,13020,16188,17040,17958,19375,19116,19773,20400,21472,21771,21700,23241,23310,25536,27800,29315,30246,30246,34200,34350,37052,36972,38962,42419,44115,45936,50572,55100,58093,62287,65246,71928,74035,83880,88500,93696,104040,114863,131532,140532,154809,168204,189162,218817,238640,270675,318509,361384,419040,464100,523534,538650,616719,650673,599640,603368,581876,566440,514332,460950,237270,128330,0,0,0,0,0,0,0,0,0,0,0,0,0,0,0,0,0,0,0,0,0,0,0,0,0,0,0,0,0,0,0,0,0,0,0,0,0,0,0,0,0,0,0,0,0,0,0,0,0,0,0,0,0,0,0,0,0,0,0,0,0,0,0,0,0,0,0,0,0,0,0,0,0,0,0,0,0,0,0,0,0
1581,1664,1643,1612,1581,1560,1428,1508,1620,1680,1740,1740,1824,1824,1947,1736,1881,1824,1972,2268,2048,2376,2077,2346,2590,2698,2691,2574,2680,2479,2940,2516,2847,2960,3318,3157,3318,3120,2812,3040,3040,3042,3440,3840,3772,3760,4452,4806,4550,5115,5016,4860,6464,6336,5376,5356,5406,10080,9480,9638,11092,11557,12257,13392,16731,18056,21576,22352,22680,24180,25403,29394,31752,32045,34579,35882,37200,38880,41832,44376,47882,51704,55199,58782,63400,67716,76832,82308,89535,100441,110826,124266,138040,155000,170880,194256,224110,258328,299208,351567,402325,449955,492754,546342,573600,601394,576000,536640,494856,445527,225533,109634,0,0,0,0,0,0,0,0,0,0,0,0,0,0,0,0,0,0,0,0,0,0,0,0,0,0,0,0,0,0,0,0,0,0,0,0,0,0,0,0,0,0,0,0,0,0,0,0,0,0,0,0,0,0,0,0,0,0,0,0,0
1881,1767,1848,1815,1595,2030,2280,2184,2480,2170,2196,2079,2680,2600,2448,2520,2613,2814,2992,2660,2664,2808,3000,3362,3276,3280,2850,3212,2960,3108,3344,3645,3645,3792,4233,4400,4816,5046,5280,6076,6262,6900,6076,4743,4794,5096,8325,8991,9317,10120,10580,10904,11564,16402,17640,19159,20708,19992,21175,22125,22263,23349,23736,25026,27876,29051,30740,30173,32850,34200,36348,39123,41666,44634,46725,48508,52624,68256,76266,80192,84600,92160,104856,115805,131560,141726,156156,174202,194786,233946,252830,303555,354926,410780,429408,467046,506796,542208,563997,509120,467704,429381,185913,72270,0,0,0,0,0,0,0,0,0,0,0,0,0,0,0,0,0,0,0,0,0,0,0,0,0,0,0,0,0,0,0,0,0,0,0,0,0,0,0,0,0,0,0,0,0,0,0,0,0,0,0,0,0,0,0,0,0,0,0,0,0,0,0,0,0,0,0,0,0
15255,16416,16692,17013,16744,18094,19722,21060,22570,25212,29748,32340,34121,36425,36261,38720,42672,45486,48321,51100,52416,55815,61886,68060,74952,81395,84750,94800,108032,119511,128714,151403,165060,188430,217872,247760,289440,359196,410697,483759,566262,599850,648312,712008,639600,611380,597227,545649,466662,412128,303031,170180,0,0,0,0,0,0,0,0,0,0,0,0,0,0,0,0,0,0,0,0,0,0,0,0,0,0,0,0,0,0,0,0,0,0,0,0,0,0,0,0,0,0,0,0,0,0,0,0,0,0,0,0,0,0,0,0,0,0,0,0,0,0,0,0,0,0,0,0,0,0,0,0,0,0,0,0,0,0,0,0,0,0,0,0,0,0,0,0,0,0,0,0,0,0,0,0,0,0,0,0,0,0,0,0,0,0,0,0,0,0,0,0,0,0,0,0,0,0,0,0,0
1802,1944,1792,1904,1938,1938,2006,2030,2124,2160,2100,1980,2006,2457,2442,2448,2520,2769,2700,2847,2952,3024,2920,3150,3182,3285,3450,3542,3950,4160,4128,4108,4187,4592,4510,4576,4680,5642,8058,8085,8400,8584,9408,10115,10716,13750,16610,20584,21328,21054,22568,23241,25536,27324,29458,30173,29960,34504,36735,39040,39935,44461,47965,51789,54528,59796,64056,72816,81420,87048,96472,103740,121275,137352,153500,171948,203770,231633,267020,319424,382336,454090,490184,564845,594504,585176,583954,544440,523491,461700,173892,43862,0,0,0,0,0,0,0,0,0,0,0,0,0,0,0,0,0,0,0,0,0,0,0,0,0,0,0,0,0,0,0,0,0,0,0,0,0,0,0,0,0,0,0,0,0,0,0,0,0,0,0,0,0,0,0,0,0,0,0,0,0,0,0,0,0,0,0,0,0,0,0,0,0,0,0,0,0,0,0,0,0
4212,4293,5124,8480,23491,24616,25192,27383,27064,28457,30160,32918,36340,37209,41085,44720,45845,50414,54684,59670,64757,69841,75250,84588,92583,105705,119987,133444,150246,167832,197327,232232,274392,328545,393960,506000,617526,733635,808219,782439,854840,811072,758637,738204,562569,440832,237356,0,0,0,0,0,0,0,0,0,0,0,0,0,0,0,0,0,0,0,0,0,0,0,0,0,0,0,0,0,0,0,0,0,0,0,0,0,0,0,0,0,0,0,0,0,0,0,0,0,0,0,0,0,0,0,0,0,0,0,0,0,0,0,0,0,0,0,0,0,0,0,0,0,0,0,0,0,0,0,0,0,0,0,0,0,0,0,0,0,0,0,0,0,0,0,0,0,0,0,0,0,0,0,0,0,0,0,0,0,0,0,0,0,0,0,0,0,0,0,0,0,0,0,0,0,0
3848,5580,6279,12416,11970,15444,18270,23349,26496,26460,28457,30723,32860,34100,35392,35581,40460,41405,45034,50085,53332,59122,64480,67624,81310,86346,95488,107364,126555,133056,154062,176619,196974,227480,266992,318573,387464,486890,604044,762750,844626,839342,870966,818426,840840,799184,741972,675635,540176,325872,114075,0,0,0,0,0,0,0,0,0,0,0,0,0,0,0,0,0,0,0,0,0,0,0,0,0,0,0,0,0,0,0,0,0,0,0,0,0,0,0,0,0,0,0,0,0,0,0,0,0,0,0,0,0,0,0,0,0,0,0,0,0,0,0,0,0,0,0,0,0,0,0,0,0,0,0,0,0,0,0,0,0,0,0,0,0,0,0,0,0,0,0,0,0,0,0,0,0,0,0,0,0,0,0,0,0,0,0,0,0,0,0,0,0,0,0,0,0,0,0,0,0,0
3431,4611,12250,12348,13375,15070,15444,16112,15960,16371,17222,19188,20812,22017,22302,23660,26304,27383,27126,29469,32700,34048,36160,38512,40488,44604,50677,55484,60494,68670,73472,82250,90402,104937,113670,128975,140940,168000,187758,218270,258050,306600,369011,472026,592317,752694,799920,781196,777535,721104,696294,645570,573664,443096,0,0,0,0,0,0,0,0,0,0,0,0,0,0,0,0,0,0,0,0,0,0,0,0,0,0,0,0,0,0,0,0,0,0,0,0,0,0,0,0,0,0,0,0,0,0,0,0,0,0,0,0,0,0,0,0,0,0,0,0,0,0,0,0,0,0,0,0,0,0,0,0,0,0,0,0,0,0,0,0,0,0,0,0,0,0,0,0,0,0,0,0,0,0,0,0,0,0,0,0,0,0,0,0,0,0,0,0,0,0,0,0,0,0,0,0,0,0,0
3128,3124,3358,3723,9462,10374,12915,11495,13200,13700,14040,13580,15198,15688,16872,17628,19635,21125,21175,21240,23125,25021,27202,28912,29394,32631,33152,37206,41480,44958,48689,53654,56430,62524,66671,76340,88360,97356,108031,125580,141696,163280,192665,216550,260451,310648,377664,476157,592685,702628,736651,698368,654500,583362,564620,478827,330125,0,0,0,0,0,0,0,0,0,0,0,0,0,0,0,0,0,0,0,0,0,0,0,0,0,0,0,0,0,0,0,0,0,0,0,0,0,0,0,0,0,0,0,0,0,0,0,0,0,0,0,0,0,0,0,0,0,0,0,0,0,0,0,0,0,0,0,0,0,0,0,0,0,0,0,0,0,0,0,0,0,0,0,0,0,0,0,0,0,0,0,0,0,0,0,0,0,0,0,0,0,0,0,0,0,0,0,0,0,0,0,0,0,0,0,0
1632,1881,1938,1824,2356,2546,2660,2847,2800,2920,2960,3760,3648,3807,4081,4455,4320,4346,4488,6528,7245,7314,8720,9213,9243,9840,13589,19557,21082,21240,22987,23660,25608,27738,29678,30030,32850,34040,37665,39852,46197,47328,53109,56832,62109,70840,80712,87780,99568,116640,130245,146914,170880,202995,247650,298161,364950,439756,472068,530076,597525,560976,501891,457653,188074,0,0,0,0,0,0,0,0,0,0,0,0,0,0,0,0,0,0,0,0,0,0,0,0,0,0,0,0,0,0,0,0,0,0,0,0,0,0,0,0,0,0,0,0,0,0,0,0,0,0,0,0,0,0,0,0,0,0,0,0,0,0,0,0,0,0,0,0,0,0,0,0,0,0,0,0,0,0,0,0,0,0,0,0,0,0,0,0,0,0,0,0,0,0,0,0,0,0,0,0,0,0,0,0,0,0,0,0
2583,2680,2788,9744,11858,12096,13100,14700,14280,14892,15645,17063,17024,19159,21844,21971,21771,24050,24768,27270,29400,30096,33660,37047,39746,42330,48208,51110,57368,62909,70520,82002,87840,97660,108940,124373,143080,170694,205056,233872,285714,349888,439348,581616,733033,762052,783240,725274,691544,609177,561150,192864,0,0,0,0,0,0,0,0,0,0,0,0,0,0,0,0,0,0,0,0,0,0,0,0,0,0,0,0,0,0,0,0,0,0,0,0,0,0,0,0,0,0,0,0,0,0,0,0,0,0,0,0,0,0,0,0,0,0,0,0,0,0,0,0,0,0,0,0,0,0,0,0,0,0,0,0,0,0,0,0,0,0,0,0,0,0,0,0,0,0,0,0,0,0,0,0,0,0,0,0,0,0,0,0,0,0,0,0,0,0,0,0,0,0,0,0,0,0,0,0,0
920,987,987,1104,1175,1590,1696,1802,1802,1855,1944,2204,2016,2016,1890,1925,1870,1708,1682,1830,2048,2144,2312,2244,2176,2310,3000,2925,2695,2738,2812,3388,3360,3150,3375,4698,4816,5310,5642,5320,6468,5529,8162,9153,8960,9558,10080,10824,10998,12614,22606,23607,25004,23920,25326,28341,29808,31030,35495,38720,43776,47946,53865,58996,65163,73902,84708,93452,108504,128002,145500,169389,209559,246269,312800,396150,469504,549585,614031,624240,557316,468000,262728,91692,0,0,0,0,0,0,0,0,0,0,0,0,0,0,0,0,0,0,0,0,0,0,0,0,0,0,0,0,0,0,0,0,0,0,0,0,0,0,0,0,0,0,0,0,0,0,0,0,0,0,0,0,0,0,0,0,0,0,0,0,0,0,0,0,0,0,0,0,0,0,0,0,0,0,0,0,0,0,0,0,0,0,0,0,0,0,0,0,0
3096,3124,3212,3552,3285,3773,4160,4399,10509,10864,11160,13029,12827,13332,14385,14892,15553,16478,17472,19560,21125,22479,23368,25403,26666,28912,31886,33507,36320,39884,42408,48760,54619,62073,66744,77510,85073,99840,112442,126450,149755,180492,207192,251615,318716,392920,526761,700672,792547,779396,776061,724192,666120,584304,425600,165615,0,0,0,0,0,0,0,0,0,0,0,0,0,0,0,0,0,0,0,0,0,0,0,0,0,0,0,0,0,0,0,0,0,0,0,0,0,0,0,0,0,0,0,0,0,0,0,0,0,0,0,0,0,0,0,0,0,0,0,0,0,0,0,0,0,0,0,0,0,0,0,0,0,0,0,0,0,0,0,0,0,0,0,0,0,0,0,0,0,0,0,0,0,0,0,0,0,0,0,0,0,0,0,0,0,0,0,0,0,0,0,0,0,0,0,0,0
2379,3570,3650,3723,3525,3525,3510,10464,11187,11484,10998,11400,11067,11305,12000,13068,14178,14317,14500,15392,17584,18170,19560,21375,22912,24705,25476,29088,32163,32767,36640,40460,43925,50490,55860,60944,68328,76461,88040,100744,112980,133860,154752,184338,212718,265174,332864,425205,566124,774520,801412,803355,763672,757893,689424,588126,383148,133713,0,0,0,0,0,0,0,0,0,0,0,0,0,0,0,0,0,0,0,0,0,0,0,0,0,0,0,0,0,0,0,0,0,0,0,0,0,0,0,0,0,0,0,0,0,0,0,0,0,0,0,0,0,0,0,0,0,0,0,0,0,0,0,0,0,0,0,0,0,0,0,0,0,0,0,0,0,0,0,0,0,0,0,0,0,0,0,0,0,0,0,0,0,0,0,0,0,0,0,0,0,0,0,0,0,0,0,0,0,0,0,0,0,0,0
1078,1152,1904,1566,1638,1860,1890,2211,2312,2415,2278,3256,3225,3572,3619,3375,4235,4902,5074,5130,9711,9360,10974,11160,12342,24790,24366,27263,29458,31974,34960,36873,38560,46112,48594,55084,61070,70172,81295,88360,103275,128340,144781,168644,213351,251160,322812,401577,480624,562212,629707,570778,549648,291830,103974,0,0,0,0,0,0,0,0,0,0,0,0,0,0,0,0,0,0,0,0,0,0,0,0,0,0,0,0,0,0,0,0,0,0,0,0,0,0,0,0,0,0,0,0,0,0,0,0,0,0,0,0,0,0,0,0,0,0,0,0,0,0,0,0,0,0,0,0,0,0,0,0,0,0,0,0,0,0,0,0,0,0,0,0,0,0,0,0,0,0,0,0,0,0,0,0,0,0,0,0,0,0,0,0,0,0,0,0,0,0,0,0,0,0,0,0,0,0
2520,2580,3551,3366,3550,3650,3922,3996,4067,11200,10944,10788,11160,11067,11656,13000,13400,13677,14058,15096,16092,18055,20160,20449,23660,24871,27580,28980,30870,34100,36340,41249,46620,50964,57974,64050,72160,80388,93873,106749,124926,144448,170625,209805,257936,325728,418095,563420,751902,752003,686052,647580,595102,437760,0,0,0,0,0,0,0,0,0,0,0,0,0,0,0,0,0,0,0,0,0,0,0,0,0,0,0,0,0,0,0,0,0,0,0,0,0,0,0,0,0,0,0,0,0,0,0,0,0,0,0,0,0,0,0,0,0,0,0,0,0,0,0,0,0,0,0,0,0,0,0,0,0,0,0,0,0,0,0,0,0,0,0,0,0,0,0,0,0,0,0,0,0,0,0,0,0,0,0,0,0,0,0,0,0,0,0,0,0,0,0,0,0,0,0,0,0,0,0
5084,4698,5456,5785,6141,7347,7520,7575,7600,9213,10234,12445,11868,11970,12707,12804,13624,15207,19824,21538,24570,27324,27522,29725,31800,33480,38744,42282,47082,52640,57525,69520,75900,87352,102696,116416,135315,165608,200288,251550,311025,420787,587000,793724,806403,814500,779746,759115,644760,467636,174264,0,0,0,0,0,0,0,0,0,0,0,0,0,0,0,0,0,0,0,0,0,0,0,0,0,0,0,0,0,0,0,0,0,0,0,0,0,0,0,0,0,0,0,0,0,0,0,0,0,0,0,0,0,0,0,0,0,0,0,0,0,0,0,0,0,0,0,0,0,0,0,0,0,0,0,0,0,0,0,0,0,0,0,0,0,0,0,0,0,0,0,0,0,0,0,0,0,0,0,0,0,0,0,0,0,0,0,0,0,0,0,0,0,0,0,0,0,0,0,0,0,0
3496,6141,9711,10324,10788,11718,16430,16692,21156,21417,22733,25920,26325,29394,32984,34788,39270,42251,49680,58464,61509,69764,79572,94710,108618,123648,154070,177620,228411,274618,360159,483252,663275,800698,784363,716124,670905,604500,451763,199988,0,0,0,0,0,0,0,0,0,0,0,0,0,0,0,0,0,0,0,0,0,0,0,0,0,0,0,0,0,0,0,0,0,0,0,0,0,0,0,0,0,0,0,0,0,0,0,0,0,0,0,0,0,0,0,0,0,0,0,0,0,0,0,0,0,0,0,0,0,0,0,0,0,0,0,0,0,0,0,0,0,0,0,0,0,0,0,0,0,0,0,0,0,0,0,0,0,0,0,0,0,0,0,0,0,0,0,0,0,0,0,0,0,0,0,0,0,0,0,0,0,0,0,0,0,0,0,0,0,0,0,0,0
3774,3700,5015,15732,18260,19690,22748,25480,28085,29104,32928,35787,41000,44980,49046,56154,63308,71400,82764,90678,109225,128340,168784,195736,247918,330480,438178,572142,668360,694182,684750,618596,525816,128952,0,0,0,0,0,0,0,0,0,0,0,0,0,0,0,0,0,0,0,0,0,0,0,0,0,0,0,0,0,0,0,0,0,0,0,0,0,0,0,0,0,0,0,0,0,0,0,0,0,0,0,0,0,0,0,0,0,0,0,0,0,0,0,0,0,0,0,0,0,0,0,0,0,0,0,0,0,0,0,0,0,0,0,0,0,0,0,0,0,0,0,0,0,0,0,0,0,0,0,0,0,0,0,0,0,0,0,0,0,0,0,0,0,0,0,0,0,0,0,0,0,0,0,0,0,0,0,0,0,0,0,0,0,0,0,0,0,0,0
10092,10350,10920,13974,15553,16023,18444,21000,25536,25807,28623,30816,34884,37835,43516,50135,58290,64377,73100,87185,102910,121485,147980,176015,228528,290280,387701,539175,713728,737028,702402,651792,605280,440165,177784,0,0,0,0,0,0,0,0,0,0,0,0,0,0,0,0,0,0,0,0,0,0,0,0,0,0,0,0,0,0,0,0,0,0,0,0,0,0,0,0,0,0,0,0,0,0,0,0,0,0,0,0,0,0,0,0,0,0,0,0,0,0,0,0,0,0,0,0,0,0,0,0,0,0,0,0,0,0,0,0,0,0,0,0,0,0,0,0,0,0,0,0,0,0,0,0,0,0,0,0,0,0,0,0,0,0,0,0,0,0,0,0,0,0,0,0,0,0,0,0,0,0,0,0,0,0,0,0,0,0,0,0,0,0,0,0,0,0
2856,11040,11070,11570,13113,13775,15049,17331,17767,18368,20618,22204,23875,25740,27777,30104,33300,38801,42075,46200,53671,59494,66708,82125,95195,115611,133562,163485,198654,251656,341226,436985,616920,687021,618410,571455,456288,217140,0,0,0,0,0,0,0,0,0,0,0,0,0,0,0,0,0,0,0,0,0,0,0,0,0,0,0,0,0,0,0,0,0,0,0,0,0,0,0,0,0,0,0,0,0,0,0,0,0,0,0,0,0,0,0,0,0,0,0,0,0,0,0,0,0,0,0,0,0,0,0,0,0,0,0,0,0,0,0,0,0,0,0,0,0,0,0,0,0,0,0,0,0,0,0,0,0,0,0,0,0,0,0,0,0,0,0,0,0,0,0,0,0,0,0,0,0,0,0,0,0,0,0,0,0,0,0,0,0,0,0,0,0,0,0
3869,5162,16472,18260,19758,22372,24832,27068,29400,31920,36972,42921,47436,50445,58330,69510,81493,93654,110390,133380,169470,213312,282800,397424,539889,616266,724686,609880,560604,487377,233827,0,0,0,0,0,0,0,0,0,0,0,0,0,0,0,0,0,0,0,0,0,0,0,0,0,0,0,0,0,0,0,0,0,0,0,0,0,0,0,0,0,0,0,0,0,0,0,0,0,0,0,0,0,0,0,0,0,0,0,0,0,0,0,0,0,0,0,0,0,0,0,0,0,0,0,0,0,0,0,0,0,0,0,0,0,0,0,0,0,0,0,0,0,0,0,0,0,0,0,0,0,0,0,0,0,0,0,0,0,0,0,0,0,0,0,0,0,0,0,0,0,0,0,0,0,0,0,0,0,0,0,0,0,0,0,0,0,0,0,0,0,0
2856,2706,2870,3195,3675,3528,8820,9810,10716,11020,11875,12672,12998,14000,15000,16324,17784,19488,20691,23187,25840,28710,31464,33288,37047,40424,47704,51152,59590,68476,79344,92928,113787,141501,168113,219492,274050,365016,510024,729738,858576,834817,807665,717409,521482,0,0,0,0,0,0,0,0,0,0,0,0,0,0,0,0,0,0,0,0,0,0,0,0,0,0,0,0,0,0,0,0,0,0,0,0,0,0,0,0,0,0,0,0,0,0,0,0,0,0,0,0,0,0,0,0,0,0,0,0,0,0,0,0,0,0,0,0,0,0,0,0,0,0,0,0,0,0,0,0,0,0,0,0,0,0,0,0,0,0,0,0,0,0,0,0,0,0,0,0,0,0,0,0,0,0,0,0,0,0,0,0,0,0,0,0,0,0,0,0,0,0,0,0,0,0,0,0
3149,18144,18857,20943,26136,28560,33495,37446,40508,46632,52338,57380,69806,83082,97123,118048,149430,175593,238500,324441,453624,560640,677950,628050,550400,489048,264193,0,0,0,0,0,0,0,0,0,0,0,0,0,0,0,0,0,0,0,0,0,0,0,0,0,0,0,0,0,0,0,0,0,0,0,0,0,0,0,0,0,0,0,0,0,0,0,0,0,0,0,0,0,0,0,0,0,0,0,0,0,0,0,0,0,0,0,0,0,0,0,0,0,0,0,0,0,0,0,0,0,0,0,0,0,0,0,0,0,0,0,0,0,0,0,0,0,0,0,0,0,0,0,0,0,0,0,0,0,0,0,0,0,0,0,0,0,0,0,0,0,0,0,0,0,0,0,0,0,0,0,0,0,0,0,0,0,0,0,0,0,0,0,0,0,0
