2360,2624,2457,2183,1925,1980,1820,2035,1961,2014,2262,2688,2600,2600,2706,3124,3182,2560,2870,2814,2881,2924,3128,3408,3234,3430,3332,3927,3675,3696,3773,4264,4160,4284,4182,4816,4346,4420,4316,4611,4928,5187,4730,4902,5460,5460,5673,5428,5487,5208,5700,5551,5917,6336,6111,5985,6400,7070,6565,6695,6489,7070,6969,7056,7029,7519,7770,7738,7739,7704,8025,8700,9225,8740,8208,8100,7810,10164,10440,10947,11088,11571,10965,10292,10875,10625,11776,12220,12540,12825,12730,12194,13728,13056,12768,12878,11520,12183,11718,15500,16432,18900,17640,18297,18684,18759,17820,19080,20868,19656,21090,20274,20048,21275,23049,24308,25080,25544,24676,24056,26082,26112,27117,26934,26999,28359,27738,30033,32190,47740,52920,48151,47256,47256,48100,50085,51072,54327,54725,59697,63630,71360,71940,71732,78650,84816,91392,90500,101413,101878,111375,111756,116472,144744,145730,155540,160580,168656,173555,191700,210745,225610,245459,266910,285600,324405,358140,387046,455544,500544,548640,590150,590121,591555,589715,581130,582075,572790,568176,554896,537426,521560,491257,509518,469872,411600,350149,279302,194880,0,0,0,0,0,0,0,0,0,0,0,0,0,0,0,0,0,0,0,0,0,0,0,0,0,0,0,0,0,0,0,0,0,0,0,0,0,0,0,0,0,0,0,0,0,0,0,0,0,0,0,0,0,0,0,0,0,0,0,0,0,0,0,0,0,0,0,0,0,0,0,0,0,0,0,0,0,0,0,0,0,0,0,0,0,0,0,0,0,0,0,0,0,0,0,0,0,0,0,0,0,0,0,0,0,0,0,0,0,0,0
1989,2016,2016,1950,2028,2280,2460,2262,2501,2400,2501,2623,2562,2666,2795,2583,2814,2583,2730,2990,3105,3196,2709,2709,2666,2666,2772,2684,3072,2990,2944,2806,3869,3417,3710,3478,3773,4482,3950,4368,4482,4872,5046,5046,5220,5280,5133,5133,5310,5220,5580,5734,6080,6240,6633,6596,7242,7632,7488,7560,7810,7303,7668,7245,7272,7300,6958,7474,7980,8208,8025,8720,8640,8393,8374,8690,8547,8214,8424,10465,10440,10710,10701,11000,12972,12864,12825,13818,13818,13720,13464,14241,15504,14342,13426,14400,14729,15184,16068,15808,17066,16380,17914,16640,18408,18334,23920,23843,23296,21131,21045,22852,23353,22967,24200,22440,22748,24192,26112,26800,27000,27336,27872,28840,30672,31605,32461,34188,36567,50968,48620,49518,50688,58608,57772,58140,64539,69264,75440,83732,84700,91637,87710,95304,106586,119700,117445,146700,149450,149634,168542,165462,180918,187033,212784,234209,269689,289008,323702,360426,418500,459724,511572,572058,602250,606480,607192,599265,603965,599264,590304,572544,582255,546777,546057,526932,472623,426132,305451,214830,0,0,0,0,0,0,0,0,0,0,0,0,0,0,0,0,0,0,0,0,0,0,0,0,0,0,0,0,0,0,0,0,0,0,0,0,0,0,0,0,0,0,0,0,0,0,0,0,0,0,0,0,0,0,0,0,0,0,0,0,0,0,0,0,0,0,0,0,0,0,0,0,0,0,0,0,0,0,0,0,0,0,0,0,0,0,0,0,0,0,0,0,0,0,0,0,0,0,0,0,0,0,0,0,0,0,0,0,0,0,0,0,0,0,0,0,0,0,0,0
1485,1850,1836,1944,1836,2262,1716,2072,2301,2360,2623,2262,2460,3240,3420,3936,3713,3854,3666,3984,3840,4200,4350,3726,3542,3053,3096,3330,3384,3650,4698,4420,4558,4420,4284,4399,4895,5073,5040,4212,5015,5460,5520,5456,5922,6080,6336,6762,7210,7560,8100,7592,7383,7280,7696,8208,8190,7575,7622,8034,8667,8132,8056,8532,10092,9483,9288,10465,10556,10881,10120,10620,11186,10057,10266,9860,13818,15708,14892,14200,16585,17384,17013,17490,18532,18639,19548,20748,21131,22134,21996,22385,23684,22625,26130,27398,28770,30302,31360,32526,31080,34731,35185,45312,46620,45793,50304,54126,55074,61200,66000,68907,72145,83349,86750,92964,102442,104276,116025,123576,148005,146914,163620,173040,196209,211600,239232,264800,309595,354496,396864,467670,533395,570285,580650,573144,565862,574910,563024,560176,516243,483448,497350,449442,394320,291600,182160,0,0,0,0,0,0,0,0,0,0,0,0,0,0,0,0,0,0,0,0,0,0,0,0,0,0,0,0,0,0,0,0,0,0,0,0,0,0,0,0,0,0,0,0,0,0,0,0,0,0,0,0,0,0,0,0,0,0,0,0,0,0,0,0,0,0,0,0,0,0,0,0,0,0,0,0,0,0,0,0,0,0,0,0,0,0,0,0,0,0,0,0,0,0,0,0,0,0,0,0,0,0,0,0,0,0,0,0,0,0,0,0,0,0,0,0,0,0,0,0,0,0,0,0,0,0,0,0,0,0,0,0,0,0,0,0,0,0,0,0,0,0,0,0,0,0,0,0,0,0,0,0,0
1820,1504,2596,2745,3496,3450,3285,3542,3496,3948,3744,3358,3600,3724,3871,3696,3666,3713,3920,3900,3525,3626,3800,3796,4984,5022,4675,5510,5580,5952,6048,6693,6930,6901,6666,7770,7178,7227,6363,7526,6900,8008,8240,7252,7828,8400,7575,10836,10788,11264,11904,11868,13300,12730,13668,13300,13920,15900,15246,16120,17098,17264,17922,18643,18868,19116,19690,20930,19494,21830,21122,23814,24448,25807,28427,28770,29046,30940,33069,32550,33264,34188,47077,49632,49290,50841,54514,55836,59488,65688,71280,72912,78402,90152,98154,101394,116960,121240,147744,158496,174240,190050,211464,237762,272394,307275,368085,428166,486540,545632,551894,552664,535755,548422,535236,481545,465690,461510,437760,374405,278952,168168,0,0,0,0,0,0,0,0,0,0,0,0,0,0,0,0,0,0,0,0,0,0,0,0,0,0,0,0,0,0,0,0,0,0,0,0,0,0,0,0,0,0,0,0,0,0,0,0,0,0,0,0,0,0,0,0,0,0,0,0,0,0,0,0,0,0,0,0,0,0,0,0,0,0,0,0,0,0,0,0,0,0,0,0,0,0,0,0,0,0,0,0,0,0,0,0,0,0,0,0,0,0,0,0,0,0,0,0,0,0,0,0,0,0,0,0,0,0,0,0,0,0,0,0,0,0,0,0,0,0,0,0,0,0,0,0,0,0,0,0,0,0,0,0,0,0,0,0,0,0,0,0,0,0,0,0,0,0,0,0,0,0,0,0,0,0,0,0,0,0,0,0,0,0,0,0,0,0
1457,1408,1457,1320,1333,1230,1600,1204,1036,1862,1998,1855,3168,3648,3696,4250,3634,3124,2992,3266,3978,4399,4233,3504,3773,4840,5130,4428,3952,4838,5280,5733,5733,6240,5394,5456,6144,6499,7210,7597,7632,6336,7038,7770,7313,7008,7526,7950,7875,9512,8690,7696,9072,9072,8453,7752,11352,11739,12960,12878,14784,14476,14647,15345,16100,17820,17000,17300,17271,18762,20424,21922,20944,22610,23625,25908,27170,29154,29455,27064,29885,30246,30514,32767,33750,47614,49181,51030,51597,55575,55076,56933,64890,69336,75542,83950,91339,103200,108504,129080,149556,155688,175028,191130,215752,240411,287640,324945,390459,436914,524835,542300,535718,530880,519792,512192,476941,437955,442656,392312,328256,235960,0,0,0,0,0,0,0,0,0,0,0,0,0,0,0,0,0,0,0,0,0,0,0,0,0,0,0,0,0,0,0,0,0,0,0,0,0,0,0,0,0,0,0,0,0,0,0,0,0,0,0,0,0,0,0,0,0,0,0,0,0,0,0,0,0,0,0,0,0,0,0,0,0,0,0,0,0,0,0,0,0,0,0,0,0,0,0,0,0,0,0,0,0,0,0,0,0,0,0,0,0,0,0,0,0,0,0,0,0,0,0,0,0,0,0,0,0,0,0,0,0,0,0,0,0,0,0,0,0,0,0,0,0,0,0,0,0,0,0,0,0,0,0,0,0,0,0,0,0,0,0,0,0,0,0,0,0,0,0,0,0,0,0,0,0,0,0,0,0,0,0,0,0,0,0,0,0,0
1749,1728,1696,1568,1518,1452,2379,3619,3822,4320,4675,4505,4644,4350,3871,4018,4386,4752,4760,4816,4950,5152,5170,5130,5307,5340,4860,5888,6486,6555,7128,6534,6432,7070,7038,7242,7956,8132,8346,7884,7632,8175,8214,8360,8424,9348,9430,8066,10384,10591,10769,11280,11224,9660,12972,16480,14355,16748,17066,15756,17160,17368,18564,20246,20570,21534,23985,21924,21896,24231,26880,28424,29540,29565,35680,36570,45056,46280,49025,54902,55484,58800,67890,78521,80817,89790,99195,112884,122120,133770,153892,166996,197532,216375,262282,299460,357200,429040,520676,586432,578438,560880,575276,546560,537010,503524,499968,409703,303264,156400,0,0,0,0,0,0,0,0,0,0,0,0,0,0,0,0,0,0,0,0,0,0,0,0,0,0,0,0,0,0,0,0,0,0,0,0,0,0,0,0,0,0,0,0,0,0,0,0,0,0,0,0,0,0,0,0,0,0,0,0,0,0,0,0,0,0,0,0,0,0,0,0,0,0,0,0,0,0,0,0,0,0,0,0,0,0,0,0,0,0,0,0,0,0,0,0,0,0,0,0,0,0,0,0,0,0,0,0,0,0,0,0,0,0,0,0,0,0,0,0,0,0,0,0,0,0,0,0,0,0,0,0,0,0,0,0,0,0,0,0,0,0,0,0,0,0,0,0,0,0,0,0,0,0,0,0,0,0,0,0,0,0,0,0,0,0,0,0,0,0,0,0,0,0,0,0,0,0,0,0,0,0,0,0,0,0,0,0,0,0
900,1247,1320,1296,1508,1519,1363,1290,1364,1485,1485,1302,1666,1504,1666,1715,1645,1452,2418,2379,2457,2920,2911,2924,2924,3696,4080,4032,3404,3212,3174,3266,3525,4029,4131,3696,3978,4000,3800,4131,4368,4424,4648,4930,4503,5251,4920,5185,6144,7107,7313,7592,7107,7488,7425,7344,6565,6600,7100,7227,6930,7752,8316,7575,6958,10200,11132,12126,11970,13034,12928,13300,13600,14700,15147,16362,18258,18666,19656,20223,19260,20566,22581,22444,24448,25420,29380,30660,31588,31968,31861,34226,44352,47060,49025,53900,53978,56800,69445,73920,80131,88540,96824,106655,124650,151590,161600,183848,203082,246480,283731,348977,414304,506538,578646,544455,549824,556140,537540,496774,489919,433752,335988,205884,0,0,0,0,0,0,0,0,0,0,0,0,0,0,0,0,0,0,0,0,0,0,0,0,0,0,0,0,0,0,0,0,0,0,0,0,0,0,0,0,0,0,0,0,0,0,0,0,0,0,0,0,0,0,0,0,0,0,0,0,0,0,0,0,0,0,0,0,0,0,0,0,0,0,0,0,0,0,0,0,0,0,0,0,0,0,0,0,0,0,0,0,0,0,0,0,0,0,0,0,0,0,0,0,0,0,0,0,0,0,0,0,0,0,0,0,0,0,0,0,0,0,0,0,0,0,0,0,0,0,0,0,0,0,0,0,0,0,0,0,0,0,0,0,0,0,0,0,0,0,0,0,0,0,0,0,0,0,0,0,0,0,0,0,0,0,0,0,0,0,0,0,0,0,0,0
936,900,840,875,1102,1102,1218,1160,1160,1176,1204,1260,2360,2320,2419,3015,3015,2904,2480,2624,2457,2508,2856,3124,3572,2860,2990,2772,2583,2706,2688,2700,3672,3332,3577,3723,3848,4320,4617,4389,4838,5133,5278,4704,5452,5546,6435,6174,5605,5673,6120,6860,7597,7776,8424,8584,9758,10947,11700,11570,11250,11466,11921,13140,14345,13912,13832,13377,15580,16300,16848,18144,19140,19580,20680,28122,26082,28512,27720,27948,28356,28968,29808,35720,37523,55728,55879,56072,52360,59637,63112,71269,78942,87822,99246,112050,113568,155448,175490,194598,220800,258960,320250,387036,460650,527796,520536,521934,496174,466455,424212,415800,352495,230860,0,0,0,0,0,0,0,0,0,0,0,0,0,0,0,0,0,0,0,0,0,0,0,0,0,0,0,0,0,0,0,0,0,0,0,0,0,0,0,0,0,0,0,0,0,0,0,0,0,0,0,0,0,0,0,0,0,0,0,0,0,0,0,0,0,0,0,0,0,0,0,0,0,0,0,0,0,0,0,0,0,0,0,0,0,0,0,0,0,0,0,0,0,0,0,0,0,0,0,0,0,0,0,0,0,0,0,0,0,0,0,0,0,0,0,0,0,0,0,0,0,0,0,0,0,0,0,0,0,0,0,0,0,0,0,0,0,0,0,0,0,0,0,0,0,0,0,0,0,0,0,0,0,0,0,0,0,0,0,0,0,0,0,0,0,0,0,0,0,0,0,0,0,0,0,0,0,0,0,0,0,0,0,0,0,0
952,990,1258,1088,1155,1295,1295,1330,1584,1428,1271,1271,1428,1050,1408,1700,1800,1855,1680,1764,1665,1440,1750,1887,1728,2680,3240,3128,3626,4240,4536,4590,4730,4437,4200,4050,4872,4895,4988,5336,5400,5460,5340,4960,6566,6650,6887,6305,6862,7128,8316,7738,7416,7519,7811,8064,8960,8239,9744,9968,10591,11011,10764,11997,10904,9831,15080,15855,16692,17113,19402,19398,20048,22892,23919,23160,23862,26130,28560,29394,32571,46992,45201,49780,56826,65508,69130,78003,90567,101354,109440,121980,151034,164775,181304,226765,274804,337266,422343,521594,596763,594945,587265,577485,573620,527496,488910,369846,177320,0,0,0,0,0,0,0,0,0,0,0,0,0,0,0,0,0,0,0,0,0,0,0,0,0,0,0,0,0,0,0,0,0,0,0,0,0,0,0,0,0,0,0,0,0,0,0,0,0,0,0,0,0,0,0,0,0,0,0,0,0,0,0,0,0,0,0,0,0,0,0,0,0,0,0,0,0,0,0,0,0,0,0,0,0,0,0,0,0,0,0,0,0,0,0,0,0,0,0,0,0,0,0,0,0,0,0,0,0,0,0,0,0,0,0,0,0,0,0,0,0,0,0,0,0,0,0,0,0,0,0,0,0,0,0,0,0,0,0,0,0,0,0,0,0,0,0,0,0,0,0,0,0,0,0,0,0,0,0,0,0,0,0,0,0,0,0,0,0,0,0,0,0,0,0,0,0,0,0,0,0,0,0,0,0,0,0,0,0,0,0
744,736,768,768,792,1147,1155,1184,1209,1102,1026,1161,1188,1200,1551,1598,1426,1881,1612,1440,1363,1890,2120,2419,2604,2379,2600,3010,2665,2952,2838,2924,3420,3080,3174,2881,3800,3975,3848,3417,2940,3332,4056,3848,3996,4980,5940,5915,6767,7950,6365,7383,7560,7725,6790,6693,6790,7128,7480,8848,10285,12376,11904,12502,12408,12328,13395,14700,14476,14664,17127,17922,18974,18868,18832,22272,24190,26448,29614,29190,29680,31030,31968,34944,36580,57552,58233,55005,62287,64236,79339,88638,101600,113960,152955,159004,182858,213444,251600,311460,411174,507384,536492,538274,540596,479346,437460,432517,364270,208161,0,0,0,0,0,0,0,0,0,0,0,0,0,0,0,0,0,0,0,0,0,0,0,0,0,0,0,0,0,0,0,0,0,0,0,0,0,0,0,0,0,0,0,0,0,0,0,0,0,0,0,0,0,0,0,0,0,0,0,0,0,0,0,0,0,0,0,0,0,0,0,0,0,0,0,0,0,0,0,0,0,0,0,0,0,0,0,0,0,0,0,0,0,0,0,0,0,0,0,0,0,0,0,0,0,0,0,0,0,0,0,0,0,0,0,0,0,0,0,0,0,0,0,0,0,0,0,0,0,0,0,0,0,0,0,0,0,0,0,0,0,0,0,0,0,0,0,0,0,0,0,0,0,0,0,0,0,0,0,0,0,0,0,0,0,0,0,0,0,0,0,0,0,0,0,0,0,0,0,0,0,0,0,0,0,0,0,0,0,0
782,850,850,1131,1302,1240,1148,1134,1025,1025,960,897,1092,1148,2166,2520,2494,2337,2688,2730,2924,3010,2800,2982,3010,3358,2881,2838,3124,3290,3723,3360,3600,3869,3869,4134,4158,4345,6402,6500,7072,7344,7070,6767,7344,7844,7171,7227,7519,6555,8362,11094,11748,11750,12384,12502,12927,14162,15132,15168,16393,17150,18540,17716,18824,20091,22080,24544,30191,30360,30033,31536,32193,46551,44460,48692,55005,54405,70834,70305,85932,96472,114325,133194,158256,181365,201852,245310,298850,389975,510448,541750,542732,525977,481468,436777,438295,322218,155277,0,0,0,0,0,0,0,0,0,0,0,0,0,0,0,0,0,0,0,0,0,0,0,0,0,0,0,0,0,0,0,0,0,0,0,0,0,0,0,0,0,0,0,0,0,0,0,0,0,0,0,0,0,0,0,0,0,0,0,0,0,0,0,0,0,0,0,0,0,0,0,0,0,0,0,0,0,0,0,0,0,0,0,0,0,0,0,0,0,0,0,0,0,0,0,0,0,0,0,0,0,0,0,0,0,0,0,0,0,0,0,0,0,0,0,0,0,0,0,0,0,0,0,0,0,0,0,0,0,0,0,0,0,0,0,0,0,0,0,0,0,0,0,0,0,0,0,0,0,0,0,0,0,0,0,0,0,0,0,0,0,0,0,0,0,0,0,0,0,0,0,0,0,0,0,0,0,0,0,0,0,0,0,0,0,0,0,0,0,0,0,0,0,0,0,0,0,0,0,0,0
1350,1666,2242,2360,2542,3080,2624,2829,2800,3182,3384,3666,3036,2948,3220,3626,3600,3350,3328,3869,4070,4266,4661,5185,6138,6208,6930,6720,6968,6831,7100,6800,7455,7344,8025,7752,7854,8906,11102,12090,12864,12771,13152,13563,15096,15680,17600,18900,19760,18868,20453,23205,23247,27648,27060,32376,33600,32589,34128,47763,50463,54405,58220,70956,78416,89386,100296,116416,154208,166345,195915,243180,292136,367848,499032,570615,544731,553800,531721,461018,446918,320470,140760,0,0,0,0,0,0,0,0,0,0,0,0,0,0,0,0,0,0,0,0,0,0,0,0,0,0,0,0,0,0,0,0,0,0,0,0,0,0,0,0,0,0,0,0,0,0,0,0,0,0,0,0,0,0,0,0,0,0,0,0,0,0,0,0,0,0,0,0,0,0,0,0,0,0,0,0,0,0,0,0,0,0,0,0,0,0,0,0,0,0,0,0,0,0,0,0,0,0,0,0,0,0,0,0,0,0,0,0,0,0,0,0,0,0,0,0,0,0,0,0,0,0,0,0,0,0,0,0,0,0,0,0,0,0,0,0,0,0,0,0,0,0,0,0,0,0,0,0,0,0,0,0,0,0,0,0,0,0,0,0,0,0,0,0,0,0,0,0,0,0,0,0,0,0,0,0,0,0,0,0,0,0,0,0,0,0,0,0,0,0,0,0,0,0,0,0,0,0,0,0,0,0,0,0,0,0,0,0,0,0,0,0,0,0,0,0,0
888,1102,1248,1410,1519,2166,2337,2684,2898,2952,3555,3212,3256,3124,3542,3792,3312,3312,4028,4187,3700,3450,4256,4644,4648,4897,5040,6528,5922,7344,7176,7178,7070,6969,7848,7140,8085,7854,8732,10710,12126,12730,12707,12936,13464,15484,16929,17850,21168,20034,21056,22264,24250,28288,30719,33142,31536,33540,45108,47244,52768,57113,70308,74477,90060,97639,121000,157052,181570,210273,254918,332605,446106,569568,542376,540330,515146,445176,433620,294756,0,0,0,0,0,0,0,0,0,0,0,0,0,0,0,0,0,0,0,0,0,0,0,0,0,0,0,0,0,0,0,0,0,0,0,0,0,0,0,0,0,0,0,0,0,0,0,0,0,0,0,0,0,0,0,0,0,0,0,0,0,0,0,0,0,0,0,0,0,0,0,0,0,0,0,0,0,0,0,0,0,0,0,0,0,0,0,0,0,0,0,0,0,0,0,0,0,0,0,0,0,0,0,0,0,0,0,0,0,0,0,0,0,0,0,0,0,0,0,0,0,0,0,0,0,0,0,0,0,0,0,0,0,0,0,0,0,0,0,0,0,0,0,0,0,0,0,0,0,0,0,0,0,0,0,0,0,0,0,0,0,0,0,0,0,0,0,0,0,0,0,0,0,0,0,0,0,0,0,0,0,0,0,0,0,0,0,0,0,0,0,0,0,0,0,0,0,0,0,0,0,0,0,0,0,0,0,0,0,0,0,0,0,0,0,0,0,0,0,0
900,875,945,1364,1452,1500,1421,1696,1785,1575,1715,1800,1230,2204,2360,2262,2280,3080,3174,3588,4400,4482,4160,3871,4200,4590,4264,4536,5060,5074,4720,5074,5332,6816,7931,7245,8025,7956,6930,8025,7738,7519,8991,9546,9324,9180,10120,11739,12784,15184,14076,16695,17325,17613,20988,21056,23115,22491,24231,28350,29160,32234,34788,32648,45843,50220,56145,61692,81070,86864,98028,115446,149927,162825,195826,250905,308880,409640,539874,566100,562209,561433,494321,470676,325162,0,0,0,0,0,0,0,0,0,0,0,0,0,0,0,0,0,0,0,0,0,0,0,0,0,0,0,0,0,0,0,0,0,0,0,0,0,0,0,0,0,0,0,0,0,0,0,0,0,0,0,0,0,0,0,0,0,0,0,0,0,0,0,0,0,0,0,0,0,0,0,0,0,0,0,0,0,0,0,0,0,0,0,0,0,0,0,0,0,0,0,0,0,0,0,0,0,0,0,0,0,0,0,0,0,0,0,0,0,0,0,0,0,0,0,0,0,0,0,0,0,0,0,0,0,0,0,0,0,0,0,0,0,0,0,0,0,0,0,0,0,0,0,0,0,0,0,0,0,0,0,0,0,0,0,0,0,0,0,0,0,0,0,0,0,0,0,0,0,0,0,0,0,0,0,0,0,0,0,0,0,0,0,0,0,0,0,0,0,0,0,0,0,0,0,0,0,0,0,0,0,0,0,0,0,0,0,0,0,0,0,0,0,0,0
1728,1568,1598,1764,2052,2183,2088,3850,4455,4648,4785,4350,3995,4950,4840,4644,5152,5251,5280,5428,5980,6460,7488,6969,7314,7828,8346,7350,7884,7884,8214,10148,9976,9996,10591,11036,12696,13289,14946,15600,16170,17928,20670,22148,22572,22425,23111,26520,28509,34854,46992,49051,55521,57166,71720,83309,96228,116688,150920,173432,201260,245745,310270,424278,557230,537240,527032,471639,468330,379315,212212,0,0,0,0,0,0,0,0,0,0,0,0,0,0,0,0,0,0,0,0,0,0,0,0,0,0,0,0,0,0,0,0,0,0,0,0,0,0,0,0,0,0,0,0,0,0,0,0,0,0,0,0,0,0,0,0,0,0,0,0,0,0,0,0,0,0,0,0,0,0,0,0,0,0,0,0,0,0,0,0,0,0,0,0,0,0,0,0,0,0,0,0,0,0,0,0,0,0,0,0,0,0,0,0,0,0,0,0,0,0,0,0,0,0,0,0,0,0,0,0,0,0,0,0,0,0,0,0,0,0,0,0,0,0,0,0,0,0,0,0,0,0,0,0,0,0,0,0,0,0,0,0,0,0,0,0,0,0,0,0,0,0,0,0,0,0,0,0,0,0,0,0,0,0,0,0,0,0,0,0,0,0,0,0,0,0,0,0,0,0,0,0,0,0,0,0,0,0,0,0,0,0,0,0,0,0,0,0,0,0,0,0,0,0,0,0,0,0,0,0,0,0,0,0,0,0,0,0,0
1260,1230,1323,1612,1650,1504,1530,2520,3053,3430,3053,3696,4240,3825,3525,4611,4029,4316,4300,4895,4565,5160,5922,6816,7350,8025,6887,7904,8470,8030,7770,9164,9744,9462,9718,12320,11960,13662,15038,14144,17304,17220,20160,21600,21840,22852,23862,26000,29025,32625,34565,34080,47502,50034,56145,68200,75900,87185,104139,122516,154752,184680,233363,271998,372528,513586,567210,540550,536724,450312,425140,258260,0,0,0,0,0,0,0,0,0,0,0,0,0,0,0,0,0,0,0,0,0,0,0,0,0,0,0,0,0,0,0,0,0,0,0,0,0,0,0,0,0,0,0,0,0,0,0,0,0,0,0,0,0,0,0,0,0,0,0,0,0,0,0,0,0,0,0,0,0,0,0,0,0,0,0,0,0,0,0,0,0,0,0,0,0,0,0,0,0,0,0,0,0,0,0,0,0,0,0,0,0,0,0,0,0,0,0,0,0,0,0,0,0,0,0,0,0,0,0,0,0,0,0,0,0,0,0,0,0,0,0,0,0,0,0,0,0,0,0,0,0,0,0,0,0,0,0,0,0,0,0,0,0,0,0,0,0,0,0,0,0,0,0,0,0,0,0,0,0,0,0,0,0,0,0,0,0,0,0,0,0,0,0,0,0,0,0,0,0,0,0,0,0,0,0,0,0,0,0,0,0,0,0,0,0,0,0,0,0,0,0,0,0,0,0,0,0,0,0,0,0,0,0,0,0,0,0,0
980,825,1496,1280,1680,1856,1683,1632,1485,1530,1584,1472,1785,1632,1551,2583,2280,2814,2379,3312,3504,3337,4320,3927,3675,4131,4590,3626,4806,4428,4648,5015,5246,6720,7140,7373,7313,7650,8025,7344,7280,8360,9492,9430,8560,12816,12369,14112,14200,14200,17472,17748,20670,21728,22388,23716,24250,29648,31510,33371,35100,45746,49555,55521,63772,78084,88536,103378,124992,156686,194656,240478,307885,425292,581490,558360,555680,512448,493476,379332,146376,0,0,0,0,0,0,0,0,0,0,0,0,0,0,0,0,0,0,0,0,0,0,0,0,0,0,0,0,0,0,0,0,0,0,0,0,0,0,0,0,0,0,0,0,0,0,0,0,0,0,0,0,0,0,0,0,0,0,0,0,0,0,0,0,0,0,0,0,0,0,0,0,0,0,0,0,0,0,0,0,0,0,0,0,0,0,0,0,0,0,0,0,0,0,0,0,0,0,0,0,0,0,0,0,0,0,0,0,0,0,0,0,0,0,0,0,0,0,0,0,0,0,0,0,0,0,0,0,0,0,0,0,0,0,0,0,0,0,0,0,0,0,0,0,0,0,0,0,0,0,0,0,0,0,0,0,0,0,0,0,0,0,0,0,0,0,0,0,0,0,0,0,0,0,0,0,0,0,0,0,0,0,0,0,0,0,0,0,0,0,0,0,0,0,0,0,0,0,0,0,0,0,0,0,0,0,0,0,0,0,0,0,0,0,0,0,0,0,0
1008,1333,1426,1302,1364,2145,2730,2418,2814,2952,3053,3648,3420,3337,3384,3774,3700,4565,4956,5796,6528,7140,7700,7739,8532,7004,7665,7100,7200,10440,11284,12998,13068,12596,14454,15680,17100,18824,19032,19872,24156,25668,31188,30530,31098,32072,45793,49580,55044,69764,75646,90771,110290,150737,175296,212856,265850,372855,524628,550614,542322,516607,451100,317408,0,0,0,0,0,0,0,0,0,0,0,0,0,0,0,0,0,0,0,0,0,0,0,0,0,0,0,0,0,0,0,0,0,0,0,0,0,0,0,0,0,0,0,0,0,0,0,0,0,0,0,0,0,0,0,0,0,0,0,0,0,0,0,0,0,0,0,0,0,0,0,0,0,0,0,0,0,0,0,0,0,0,0,0,0,0,0,0,0,0,0,0,0,0,0,0,0,0,0,0,0,0,0,0,0,0,0,0,0,0,0,0,0,0,0,0,0,0,0,0,0,0,0,0,0,0,0,0,0,0,0,0,0,0,0,0,0,0,0,0,0,0,0,0,0,0,0,0,0,0,0,0,0,0,0,0,0,0,0,0,0,0,0,0,0,0,0,0,0,0,0,0,0,0,0,0,0,0,0,0,0,0,0,0,0,0,0,0,0,0,0,0,0,0,0,0,0,0,0,0,0,0,0,0,0,0,0,0,0,0,0,0,0,0,0,0,0,0,0,0,0,0,0,0,0,0,0,0,0,0,0,0,0,0,0,0
8118,9020,10212,11439,10062,10502,10591,11193,11253,12348,12573,12707,12250,12772,13184,13534,13000,14734,16416,17113,18720,19706,19372,19720,19266,20650,21692,22134,21004,22253,23808,23985,23370,23424,26715,26928,28368,28200,27135,28764,27876,29394,1085,33810,1485,70308,71262,72885,80864,86868,86768,92444,95616,103490,106932,113568,120060,128480,134041,136344,144293,168804,173550,182819,189748,204204,217560,241724,255200,283296,313820,332502,352296,395010,447200,479541,530178,586872,661092,698152,672588,689055,699999,688090,686624,666147,644651,652674,626562,606552,566016,597261,541039,482478,434797,337450,269217,175910,0,0,0,0,0,0,0,0,0,0,0,0,0,0,0,0,0,0,0,0,0,0,0,0,0,0,0,0,0,0,0,0,0,0,0,0,0,0,0,0,0,0,0,0,0,0,0,0,0,0,0,0,0,0,0,0,0,0,0,0,0,0,0,0,0,0,0,0,0,0,0,0,0,0,0,0,0,0,0,0,0,0,0,0,0,0,0,0,0,0,0,0,0,0,0,0,0,0,0,0,0,0,0,0,0,0,0,0,0,0,0,0,0,0,0,0,0,0,0,0,0,0,0,0,0,0,0,0,0,0,0,0,0,0,0,0,0,0,0,0,0,0,0,0,0,0,0,0,0,0,0,0,0,0,0,0,0,0,0,0,0,0,0,0,0,0,0,0,0,0,0,0,0,0,0,0,0,0,0,0,0,0,0,0,0,0,0,0,0,0,0,0,0,0,0,0,0,0,0,0,0,0
6072,6210,6210,5760,6596,6392,6231,5963,6030,6164,6486,6392,6816,6231,6324,6696,6532,6887,6745,7275,7700,7770,7875,7474,7546,7623,7178,7600,7800,7777,8892,8960,7931,7777,8190,7904,8715,8667,8701,8470,9545,10769,10353,10591,10858,10440,10530,11040,10530,10324,10488,9768,9546,10810,9690,9120,9130,9918,9660,9546,12350,13100,12800,14664,15042,15587,15620,15762,16588,16240,16380,16731,17589,18392,19188,21156,20862,21717,22532,22625,23010,23140,23680,22704,23009,24072,23986,27105,28116,29664,27324,17712,20022,10101,8814,35870,36120,37518,903,46795,924,52272,53998,56925,55002,58380,61705,63360,67500,72675,73814,72600,79560,85656,93952,95680,99640,100640,111219,111643,128986,131692,128019,133419,156372,170451,189380,198292,208356,225804,243459,264620,299754,327672,350784,398658,427380,475794,541043,579885,655752,697990,689792,686925,696800,709956,675324,659309,656818,636714,613375,575508,551853,541554,492170,422368,350062,265696,169740,0,0,0,0,0,0,0,0,0,0,0,0,0,0,0,0,0,0,0,0,0,0,0,0,0,0,0,0,0,0,0,0,0,0,0,0,0,0,0,0,0,0,0,0,0,0,0,0,0,0,0,0,0,0,0,0,0,0,0,0,0,0,0,0,0,0,0,0,0,0,0,0,0,0,0,0,0,0,0,0,0,0,0,0,0,0,0,0,0,0,0,0,0,0,0,0,0,0,0,0,0,0,0,0,0,0,0,0,0,0,0,0,0,0,0,0,0,0,0,0,0,0,0,0,0,0,0,0,0,0,0,0,0,0,0,0,0,0,0,0,0
5890,6365,5696,5429,5607,5829,6120,6417,6110,5922,5670,5733,6528,6336,6460,5940,5670,6030,6440,6110,6555,6790,7030,6862,6532,7154,7200,6432,6298,5824,5428,5922,6402,6144,5673,5704,5828,5040,4590,4984,4984,5700,5152,5369,4814,4602,5063,4292,4350,3536,8686,9215,9702,9202,9116,9384,8964,9976,10062,10164,10788,11011,10974,12000,11424,11088,12200,13534,14352,13600,14892,15158,14904,16159,16188,16992,17400,17582,17818,17690,18178,18544,19220,18921,19750,19920,21080,23580,25403,23056,23490,24702,27720,28171,29253,29346,28616,30447,30141,33180,33549,35802,44969,46605,48600,53766,49600,59850,66156,72732,75259,76560,77843,84836,92664,94530,96448,108108,112791,122715,125856,135360,132275,160550,175728,197828,203504,218625,239070,261701,291648,329040,364936,415744,472836,521640,587640,657912,741888,801576,844245,854568,811497,785664,782397,773944,794952,712908,715662,740154,629552,569622,469425,344634,203840,0,0,0,0,0,0,0,0,0,0,0,0,0,0,0,0,0,0,0,0,0,0,0,0,0,0,0,0,0,0,0,0,0,0,0,0,0,0,0,0,0,0,0,0,0,0,0,0,0,0,0,0,0,0,0,0,0,0,0,0,0,0,0,0,0,0,0,0,0,0,0,0,0,0,0,0,0,0,0,0,0,0,0,0,0,0,0,0,0,0,0,0,0,0,0,0,0,0,0,0,0,0,0,0,0,0,0,0,0,0,0,0,0,0,0,0,0,0,0,0,0,0,0,0,0,0,0,0,0,0,0,0,0,0,0,0,0,0,0,0,0,0,0,0,0
4335,3713,4250,4032,4524,4420,5035,5096,3036,4576,4730,4290,4050,4320,4838,11340,10764,10695,11280,12672,12969,14076,14626,16416,17600,19071,21525,20875,21948,22568,22125,21600,23560,26200,27604,27336,31240,31808,4770,1715,29458,4536,36685,35074,52731,52250,68688,81524,77220,77066,87216,88572,97790,105470,115225,126854,132455,138138,133285,159216,179820,188993,195655,225884,247590,271420,312200,344367,380424,437928,498420,564719,666064,714546,707168,724148,699050,689736,660820,658112,647892,595920,572474,524045,422940,324205,211167,0,0,0,0,0,0,0,0,0,0,0,0,0,0,0,0,0,0,0,0,0,0,0,0,0,0,0,0,0,0,0,0,0,0,0,0,0,0,0,0,0,0,0,0,0,0,0,0,0,0,0,0,0,0,0,0,0,0,0,0,0,0,0,0,0,0,0,0,0,0,0,0,0,0,0,0,0,0,0,0,0,0,0,0,0,0,0,0,0,0,0,0,0,0,0,0,0,0,0,0,0,0,0,0,0,0,0,0,0,0,0,0,0,0,0,0,0,0,0,0,0,0,0,0,0,0,0,0,0,0,0,0,0,0,0,0,0,0,0,0,0,0,0,0,0,0,0,0,0,0,0,0,0,0,0,0,0,0,0,0,0,0,0,0,0,0,0,0,0,0,0,0,0,0,0,0,0,0,0,0,0,0,0,0,0,0,0,0,0,0,0,0,0,0,0,0,0,0,0,0,0,0,0,0,0,0,0,0,0,0,0,0,0
4088,4345,4592,4510,4480,4565,4592,4500,4941,5063,5460,5893,6786,6600,7760,7347,6776,7238,7227,6825,6930,7315,8245,7452,7426,7030,8217,7488,8364,8428,7068,7776,8148,8217,7954,9790,10800,10716,10502,11092,11392,13110,12028,11040,13095,12672,13000,12928,12446,12740,13362,15120,14382,17584,16906,18720,18032,20008,19764,20320,24112,22656,24254,24616,25098,25986,28275,28371,30044,31059,32956,32706,20572,20100,45790,48510,53505,57246,62101,69264,77031,80250,82984,91945,97614,114226,118900,111744,130309,135651,167817,186494,191514,217341,239512,284750,326423,360608,429213,477736,568596,656642,668577,644511,650791,658165,626886,605865,598500,570708,562360,491556,403282,311236,160740,0,0,0,0,0,0,0,0,0,0,0,0,0,0,0,0,0,0,0,0,0,0,0,0,0,0,0,0,0,0,0,0,0,0,0,0,0,0,0,0,0,0,0,0,0,0,0,0,0,0,0,0,0,0,0,0,0,0,0,0,0,0,0,0,0,0,0,0,0,0,0,0,0,0,0,0,0,0,0,0,0,0,0,0,0,0,0,0,0,0,0,0,0,0,0,0,0,0,0,0,0,0,0,0,0,0,0,0,0,0,0,0,0,0,0,0,0,0,0,0,0,0,0,0,0,0,0,0,0,0,0,0,0,0,0,0,0,0,0,0,0,0,0,0,0,0,0,0,0,0,0,0,0,0,0,0,0,0,0,0,0,0,0,0,0,0,0,0,0,0,0,0,0,0,0,0,0,0,0,0,0,0,0,0,0
2992,6132,6132,5916,6497,6003,6300,6279,6072,6480,6175,6279,6351,5904,5808,5785,6912,7938,6916,6072,6674,7372,7644,8320,8160,9462,9558,11049,10414,12065,12090,12502,12784,13266,13034,13837,11176,12474,12870,13464,14523,13700,13490,14664,15912,17549,18515,17864,19360,18997,20736,23318,23842,23842,24325,24150,26390,26788,30400,34788,35860,49302,53000,55683,60320,62116,60480,63002,75075,74844,82328,87285,93628,113160,123405,118728,126054,166345,178284,192896,199824,230346,265364,303096,345450,409530,462680,549507,628122,711399,836466,801793,786737,820494,779401,740086,771344,736512,708640,595000,442624,305140,0,0,0,0,0,0,0,0,0,0,0,0,0,0,0,0,0,0,0,0,0,0,0,0,0,0,0,0,0,0,0,0,0,0,0,0,0,0,0,0,0,0,0,0,0,0,0,0,0,0,0,0,0,0,0,0,0,0,0,0,0,0,0,0,0,0,0,0,0,0,0,0,0,0,0,0,0,0,0,0,0,0,0,0,0,0,0,0,0,0,0,0,0,0,0,0,0,0,0,0,0,0,0,0,0,0,0,0,0,0,0,0,0,0,0,0,0,0,0,0,0,0,0,0,0,0,0,0,0,0,0,0,0,0,0,0,0,0,0,0,0,0,0,0,0,0,0,0,0,0,0,0,0,0,0,0,0,0,0,0,0,0,0,0,0,0,0,0,0,0,0,0,0,0,0,0,0,0,0,0,0,0,0,0,0,0,0,0,0,0,0,0,0,0,0,0,0,0
2520,2728,2666,2772,2580,2646,2501,2604,2684,2223,2240,1976,1887,1890,2440,2709,2752,2730,2752,2752,2948,3128,2035,2320,3763,3657,4425,4332,4425,2145,2646,2436,3692,4636,4425,4582,4187,4235,4440,4392,4514,4992,5610,6006,6365,6790,7070,7176,7314,7280,7350,7000,7650,8814,8136,8260,10611,11781,12240,11960,12255,12314,12183,11970,12126,12690,14469,15865,16032,16704,13386,14443,15198,16848,17982,19608,21240,22936,23312,25021,25671,29025,31020,34121,1302,1376,1271,1302,1230,1440,1551,58752,60000,67416,72372,78089,92004,98923,98298,103885,112475,122670,134064,158253,163184,162621,188383,213480,251600,266739,320499,374880,430976,504336,597720,711978,808414,863688,865176,838173,838116,765000,771200,740118,698326,555972,392380,0,0,0,0,0,0,0,0,0,0,0,0,0,0,0,0,0,0,0,0,0,0,0,0,0,0,0,0,0,0,0,0,0,0,0,0,0,0,0,0,0,0,0,0,0,0,0,0,0,0,0,0,0,0,0,0,0,0,0,0,0,0,0,0,0,0,0,0,0,0,0,0,0,0,0,0,0,0,0,0,0,0,0,0,0,0,0,0,0,0,0,0,0,0,0,0,0,0,0,0,0,0,0,0,0,0,0,0,0,0,0,0,0,0,0,0,0,0,0,0,0,0,0,0,0,0,0,0,0,0,0,0,0,0,0,0,0,0,0,0,0,0,0,0,0,0,0,0,0,0,0,0,0,0,0,0,0,0,0,0,0,0,0,0,0,0,0,0,0,0,0,0,0
2024,1716,1764,1720,2070,2009,1960,2193,2537,2745,3621,3520,4374,4134,4290,4648,4290,4720,4740,4860,4898,4914,4819,4575,4400,4590,4752,4752,4760,5220,5278,5220,4785,5162,5642,5520,4988,4698,4941,5056,4851,5504,5429,5208,5022,5796,6596,6624,7140,7480,7739,8103,8775,9960,9317,9638,9594,10126,10611,10608,11039,11234,11782,12741,12549,14700,14847,15688,15392,17328,16983,18880,17056,18900,19548,19474,21894,20207,20640,23091,25004,25976,25620,24523,28665,35168,35697,47918,53800,61950,63327,71760,70057,76715,82134,89056,91383,106266,106752,111954,127633,138920,163520,186576,214476,236601,264684,309027,363636,432141,521640,620912,760150,778870,783368,763026,709650,690300,662475,585789,507360,399340,227850,0,0,0,0,0,0,0,0,0,0,0,0,0,0,0,0,0,0,0,0,0,0,0,0,0,0,0,0,0,0,0,0,0,0,0,0,0,0,0,0,0,0,0,0,0,0,0,0,0,0,0,0,0,0,0,0,0,0,0,0,0,0,0,0,0,0,0,0,0,0,0,0,0,0,0,0,0,0,0,0,0,0,0,0,0,0,0,0,0,0,0,0,0,0,0,0,0,0,0,0,0,0,0,0,0,0,0,0,0,0,0,0,0,0,0,0,0,0,0,0,0,0,0,0,0,0,0,0,0,0,0,0,0,0,0,0,0,0,0,0,0,0,0,0,0,0,0,0,0,0,0,0,0,0,0,0,0,0,0,0,0,0,0,0,0,0,0,0,0,0,0,0,0,0,0,0,0
1855,2993,3066,3108,2870,3150,3300,5757,5040,4984,7030,8190,7446,8190,8374,8667,8137,9213,10266,10836,9828,10179,10701,10502,12012,12880,14014,16432,16377,17289,18012,20124,19888,20760,21840,23668,24969,25350,27537,27720,28341,28944,31672,35100,32996,31974,33369,63133,61908,66568,81528,86376,96516,101888,113632,117600,119679,130800,164169,173910,187677,208623,234460,270655,316638,373440,437235,517205,607380,691730,897282,995100,950418,979884,963732,873372,862100,802746,666303,433656,0,0,0,0,0,0,0,0,0,0,0,0,0,0,0,0,0,0,0,0,0,0,0,0,0,0,0,0,0,0,0,0,0,0,0,0,0,0,0,0,0,0,0,0,0,0,0,0,0,0,0,0,0,0,0,0,0,0,0,0,0,0,0,0,0,0,0,0,0,0,0,0,0,0,0,0,0,0,0,0,0,0,0,0,0,0,0,0,0,0,0,0,0,0,0,0,0,0,0,0,0,0,0,0,0,0,0,0,0,0,0,0,0,0,0,0,0,0,0,0,0,0,0,0,0,0,0,0,0,0,0,0,0,0,0,0,0,0,0,0,0,0,0,0,0,0,0,0,0,0,0,0,0,0,0,0,0,0,0,0,0,0,0,0,0,0,0,0,0,0,0,0,0,0,0,0,0,0,0,0,0,0,0,0,0,0,0,0,0,0,0,0,0,0,0,0,0,0,0,0,0,0,0,0,0,0,0,0,0,0,0,0,0,0,0,0,0,0,0,0
2940,3440,3397,3526,3318,3360,3239,2967,2816,2451,3256,3555,3239,3476,3276,3397,3311,3150,3080,3080,2774,2960,3321,3915,3569,3915,4094,4183,3784,3828,3825,3612,4005,3735,3388,3354,4089,3995,4128,4250,4524,4576,4770,4218,4050,4774,4543,4636,5160,4838,4920,6237,6208,5796,5888,6072,6175,6231,6868,7777,6499,6958,8325,8436,8892,9086,10000,10044,10168,10458,10980,12180,12702,14155,15974,17914,19344,18360,19276,21250,20336,22410,22968,24888,25760,27462,29000,28368,29145,30843,35250,1131,56588,58212,65044,71208,75035,72150,73872,86940,98552,104130,123786,132880,158720,171185,197380,220500,262143,316194,375875,444960,556944,669690,860634,901785,885948,827392,862246,810888,744816,649062,417696,0,0,0,0,0,0,0,0,0,0,0,0,0,0,0,0,0,0,0,0,0,0,0,0,0,0,0,0,0,0,0,0,0,0,0,0,0,0,0,0,0,0,0,0,0,0,0,0,0,0,0,0,0,0,0,0,0,0,0,0,0,0,0,0,0,0,0,0,0,0,0,0,0,0,0,0,0,0,0,0,0,0,0,0,0,0,0,0,0,0,0,0,0,0,0,0,0,0,0,0,0,0,0,0,0,0,0,0,0,0,0,0,0,0,0,0,0,0,0,0,0,0,0,0,0,0,0,0,0,0,0,0,0,0,0,0,0,0,0,0,0,0,0,0,0,0,0,0,0,0,0,0,0,0,0,0,0,0,0,0,0,0,0,0,0,0,0,0,0,0,0,0,0,0,0,0,0
1944,2146,2501,2418,2788,2706,2520,2400,2480,2440,2496,2418,2560,2460,2613,3108,3150,3268,3564,3735,3432,3212,2993,2769,3116,3318,3520,3726,3680,3726,3600,4032,3792,3724,3950,4335,4539,4784,4680,4717,4794,4888,4400,4420,3952,3724,3478,3850,3626,3900,4028,4212,3528,3577,3055,3312,4081,4028,3400,4028,4902,4902,5551,6630,7446,7455,6762,8066,8512,8475,7704,7384,8094,9750,10191,10349,11172,12441,12555,15042,14256,14523,14746,16050,14852,17978,19215,21230,21375,20320,22331,25920,27010,26169,28200,31512,66185,66677,73689,83576,92106,98250,112203,113542,117957,156860,171840,192932,222769,260887,308880,382080,447694,560844,732013,936180,1027044,999792,950322,892212,860226,761446,642712,370872,0,0,0,0,0,0,0,0,0,0,0,0,0,0,0,0,0,0,0,0,0,0,0,0,0,0,0,0,0,0,0,0,0,0,0,0,0,0,0,0,0,0,0,0,0,0,0,0,0,0,0,0,0,0,0,0,0,0,0,0,0,0,0,0,0,0,0,0,0,0,0,0,0,0,0,0,0,0,0,0,0,0,0,0,0,0,0,0,0,0,0,0,0,0,0,0,0,0,0,0,0,0,0,0,0,0,0,0,0,0,0,0,0,0,0,0,0,0,0,0,0,0,0,0,0,0,0,0,0,0,0,0,0,0,0,0,0,0,0,0,0,0,0,0,0,0,0,0,0,0,0,0,0,0,0,0,0,0,0,0,0,0,0,0,0,0,0,0,0,0,0,0,0,0,0,0
1564,1750,1728,1739,1584,1728,1620,1786,2050,2184,1938,2028,1950,2296,2145,2052,1748,1950,1976,2337,2318,2242,2214,2709,3358,2982,3256,2993,2331,1862,2035,2204,2394,2800,2613,2760,2967,2480,2720,2691,2829,2730,3465,3478,3375,3285,3268,3354,4350,5096,4947,4940,4600,4312,4576,3726,3542,3726,3465,4116,4263,4420,4770,4968,5130,5824,5757,5742,5974,5800,5800,6000,6018,6240,6448,6283,6090,6540,7308,7280,6527,5063,7865,6336,6432,6868,7526,7630,7844,9085,9200,9440,8611,9462,9775,10455,11180,11136,11792,13286,17264,18360,19380,19264,21358,21879,22848,1404,1375,1482,1485,1430,1248,1250,1325,1740,1479,1440,1715,62287,64680,70176,82840,83328,96472,98332,114863,124683,138316,161280,168640,194054,225348,263900,346710,404586,498609,600657,741324,775060,751355,702468,661416,676104,587590,426024,204315,0,0,0,0,0,0,0,0,0,0,0,0,0,0,0,0,0,0,0,0,0,0,0,0,0,0,0,0,0,0,0,0,0,0,0,0,0,0,0,0,0,0,0,0,0,0,0,0,0,0,0,0,0,0,0,0,0,0,0,0,0,0,0,0,0,0,0,0,0,0,0,0,0,0,0,0,0,0,0,0,0,0,0,0,0,0,0,0,0,0,0,0,0,0,0,0,0,0,0,0,0,0,0,0,0,0,0,0,0,0,0,0,0,0,0,0,0,0,0,0,0,0,0,0,0,0,0,0,0,0,0,0,0,0,0,0,0,0,0,0,0,0,0,0,0,0,0,0,0,0,0,0,0
1290,1302,1426,1426,1230,1230,1333,1160,1131,1209,1170,1147,1287,1680,1764,1496,1386,1598,1536,1728,1802,1749,1870,2204,2128,1872,1680,1800,1785,1749,2052,2109,1925,2808,3075,3243,4234,4440,4680,4275,4134,4212,4400,4452,4399,4536,4565,4455,4872,5130,5580,5766,6392,5824,6992,7029,7107,7350,9280,9282,8625,10368,9150,10240,10414,9548,10880,10112,10922,10752,11397,12834,13635,16464,16530,18544,16644,19635,22250,23625,25740,25620,27160,27456,30545,18876,56221,60543,64964,72590,77315,80880,95680,103467,115140,126260,127308,168929,200072,230384,262276,334800,405552,495730,606208,801159,957296,925106,893245,853019,806680,738816,583080,348910,0,0,0,0,0,0,0,0,0,0,0,0,0,0,0,0,0,0,0,0,0,0,0,0,0,0,0,0,0,0,0,0,0,0,0,0,0,0,0,0,0,0,0,0,0,0,0,0,0,0,0,0,0,0,0,0,0,0,0,0,0,0,0,0,0,0,0,0,0,0,0,0,0,0,0,0,0,0,0,0,0,0,0,0,0,0,0,0,0,0,0,0,0,0,0,0,0,0,0,0,0,0,0,0,0,0,0,0,0,0,0,0,0,0,0,0,0,0,0,0,0,0,0,0,0,0,0,0,0,0,0,0,0,0,0,0,0,0,0,0,0,0,0,0,0,0,0,0,0,0,0,0,0,0,0,0,0,0,0,0,0,0,0,0,0,0,0,0,0,0,0,0,0,0,0,0,0,0,0,0,0,0,0,0,0,0
1568,1749,2079,2210,1815,1782,1617,2166,2442,2412,2553,2380,2520,2415,2205,2368,2652,2535,2016,1881,2814,3212,2982,2924,3096,2622,2691,3139,2904,2970,2940,3195,2479,2800,3696,3969,3696,3888,3888,4000,4004,4374,4590,4482,4482,5185,4814,4872,4897,5160,4956,5185,5251,5104,4346,4346,5368,5642,6270,5980,5642,5760,5310,4050,4779,6901,6262,7210,7416,7344,7455,8658,8030,10206,10044,9750,10836,10742,12528,12006,13013,13348,14112,14300,14976,18368,19210,18094,20125,20706,20825,24511,26656,27744,30315,32856,46995,62916,65992,71675,82075,88803,95250,108030,115836,127376,146630,172161,203456,243125,297130,367380,445120,569250,716128,845250,781062,775180,750008,696741,611084,468140,220640,0,0,0,0,0,0,0,0,0,0,0,0,0,0,0,0,0,0,0,0,0,0,0,0,0,0,0,0,0,0,0,0,0,0,0,0,0,0,0,0,0,0,0,0,0,0,0,0,0,0,0,0,0,0,0,0,0,0,0,0,0,0,0,0,0,0,0,0,0,0,0,0,0,0,0,0,0,0,0,0,0,0,0,0,0,0,0,0,0,0,0,0,0,0,0,0,0,0,0,0,0,0,0,0,0,0,0,0,0,0,0,0,0,0,0,0,0,0,0,0,0,0,0,0,0,0,0,0,0,0,0,0,0,0,0,0,0,0,0,0,0,0,0,0,0,0,0,0,0,0,0,0,0,0,0,0,0,0,0,0,0,0,0,0,0,0,0,0,0,0,0,0,0,0,0,0,0
1536,1504,1504,2193,2132,2009,2860,2494,2772,2880,2352,2352,2795,3150,2940,2800,3075,3034,3124,3195,3243,3675,3504,3496,3666,3760,3871,3773,3950,4000,3528,3500,3504,3456,3920,4056,4263,3619,3696,3876,3975,3869,4368,4698,4740,5015,5292,4779,4582,5120,5293,5084,5124,4838,4920,5229,4720,4233,4930,4346,4524,4956,4576,4560,3650,3337,3431,3795,2961,2790,1944,7154,7840,7400,8137,9324,9890,10384,9840,10701,10332,11193,11340,12460,12690,13536,15184,14994,15805,17710,18920,22015,20475,20124,24318,27336,27832,30514,33635,32118,49053,53126,66300,71379,75603,82164,87846,97614,118992,127617,159198,169386,200277,244724,300884,360963,458480,581160,780373,826701,819168,748965,754143,707940,548268,339480,0,0,0,0,0,0,0,0,0,0,0,0,0,0,0,0,0,0,0,0,0,0,0,0,0,0,0,0,0,0,0,0,0,0,0,0,0,0,0,0,0,0,0,0,0,0,0,0,0,0,0,0,0,0,0,0,0,0,0,0,0,0,0,0,0,0,0,0,0,0,0,0,0,0,0,0,0,0,0,0,0,0,0,0,0,0,0,0,0,0,0,0,0,0,0,0,0,0,0,0,0,0,0,0,0,0,0,0,0,0,0,0,0,0,0,0,0,0,0,0,0,0,0,0,0,0,0,0,0,0,0,0,0,0,0,0,0,0,0,0,0,0,0,0,0,0,0,0,0,0,0,0,0,0,0,0,0,0,0,0,0,0,0,0,0,0,0,0,0,0,0,0,0,0
1400,1920,1960,2430,2028,2000,2000,1716,1840,1950,2160,2262,2184,2166,2262,2301,2301,2480,2542,2146,2242,2184,2478,2623,2624,2856,3075,3198,3608,3608,3726,3510,3182,2600,2680,3108,3432,3526,3483,3476,3268,2940,2624,3268,3713,3555,2496,2730,3080,2772,3528,3774,4032,4144,4180,4389,4560,4389,4446,4575,4575,5796,5394,5220,5133,5766,6110,6210,5963,6440,7725,7854,7425,9628,9322,11659,11039,12555,13677,12462,12376,12927,14949,16952,17136,21190,24206,24675,24640,23427,27648,26132,27068,29680,31020,32412,32781,988,1170,1290,1260,55772,55872,68134,74304,81134,97388,109698,132108,148506,169620,207798,244724,293712,367688,460950,611065,703580,742896,688785,660352,654120,553350,361880,0,0,0,0,0,0,0,0,0,0,0,0,0,0,0,0,0,0,0,0,0,0,0,0,0,0,0,0,0,0,0,0,0,0,0,0,0,0,0,0,0,0,0,0,0,0,0,0,0,0,0,0,0,0,0,0,0,0,0,0,0,0,0,0,0,0,0,0,0,0,0,0,0,0,0,0,0,0,0,0,0,0,0,0,0,0,0,0,0,0,0,0,0,0,0,0,0,0,0,0,0,0,0,0,0,0,0,0,0,0,0,0,0,0,0,0,0,0,0,0,0,0,0,0,0,0,0,0,0,0,0,0,0,0,0,0,0,0,0,0,0,0,0,0,0,0,0,0,0,0,0,0,0,0,0,0,0,0,0,0,0,0,0,0,0,0,0,0,0,0,0,0,0,0,0,0
1632,1656,1785,4029,4425,4680,4800,4880,4661,4941,5063,5246,5208,5160,5084,5796,5890,5704,5292,5340,5270,5796,5829,6016,6014,5952,6528,6695,7425,7280,8484,8715,8964,7448,5293,3264,13104,13312,16284,15222,15840,17493,20864,20007,19470,17172,19656,19836,21120,25088,24000,28196,30105,32175,51188,59080,67976,66742,80433,94900,96678,117216,122610,147736,181168,226681,266895,338742,421341,560314,747780,842574,792024,742020,722064,658719,507952,266567,0,0,0,0,0,0,0,0,0,0,0,0,0,0,0,0,0,0,0,0,0,0,0,0,0,0,0,0,0,0,0,0,0,0,0,0,0,0,0,0,0,0,0,0,0,0,0,0,0,0,0,0,0,0,0,0,0,0,0,0,0,0,0,0,0,0,0,0,0,0,0,0,0,0,0,0,0,0,0,0,0,0,0,0,0,0,0,0,0,0,0,0,0,0,0,0,0,0,0,0,0,0,0,0,0,0,0,0,0,0,0,0,0,0,0,0,0,0,0,0,0,0,0,0,0,0,0,0,0,0,0,0,0,0,0,0,0,0,0,0,0,0,0,0,0,0,0,0,0,0,0,0,0,0,0,0,0,0,0,0,0,0,0,0,0,0,0,0,0,0,0,0,0,0,0,0,0,0,0,0,0,0,0,0,0,0,0,0,0,0,0,0,0,0,0,0,0,0,0,0,0,0,0,0,0,0,0,0,0,0,0,0,0,0,0,0,0,0,0,0,0,0
1353,1386,1320,1363,1376,1254,1254,1287,1496,1715,1782,1792,1856,1947,1888,1767,1537,1566,1624,1595,1710,1740,1888,2046,2112,2046,1984,2046,1891,1736,1798,1860,2074,2278,2046,2415,2652,2730,2812,2886,3034,2698,2376,2730,2814,3105,3150,2816,3256,3096,2706,3243,3408,3381,3417,3468,3869,3763,3692,3692,4234,4307,4543,4720,4977,5395,6256,6566,6208,6272,6633,7303,7521,7276,7176,7638,7521,8136,8850,10240,9856,10692,11266,11659,11997,13056,12927,14443,16065,18270,20933,22733,22575,23120,25488,28416,29250,28762,29529,1161,837,1081,61502,61288,69768,71529,78156,89424,109326,122122,147560,156160,182286,233982,295235,382398,495388,669294,849816,881144,845524,855598,771672,711578,426348,0,0,0,0,0,0,0,0,0,0,0,0,0,0,0,0,0,0,0,0,0,0,0,0,0,0,0,0,0,0,0,0,0,0,0,0,0,0,0,0,0,0,0,0,0,0,0,0,0,0,0,0,0,0,0,0,0,0,0,0,0,0,0,0,0,0,0,0,0,0,0,0,0,0,0,0,0,0,0,0,0,0,0,0,0,0,0,0,0,0,0,0,0,0,0,0,0,0,0,0,0,0,0,0,0,0,0,0,0,0,0,0,0,0,0,0,0,0,0,0,0,0,0,0,0,0,0,0,0,0,0,0,0,0,0,0,0,0,0,0,0,0,0,0,0,0,0,0,0,0,0,0,0,0,0,0,0,0,0,0,0,0,0,0,0,0,0,0,0,0,0,0,0,0,0
2242,2146,1924,1944,1980,1820,1786,1855,1848,1848,1904,1904,1696,1518,1564,1734,1728,1972,2135,2275,2340,2074,2040,1925,1785,2440,2583,2665,2881,2583,2856,2788,2640,2747,2747,2814,2752,2904,2992,3195,3220,3195,3431,3408,3128,3128,2838,2604,2814,3713,3888,3600,3696,4050,3552,4576,5428,4760,4240,4752,4590,4455,4895,4275,4002,4484,4800,4758,5280,4956,5580,5704,6831,6534,6901,7070,9794,9657,11375,12600,13439,14852,16432,17334,18920,19152,19600,23316,23232,23496,23986,27405,30173,30528,34748,32160,1617,925,1026,39370,54870,55726,63828,67689,77292,90639,109616,125115,145696,193452,214200,258050,340340,434089,565128,713496,719580,702925,666616,574376,420552,161976,0,0,0,0,0,0,0,0,0,0,0,0,0,0,0,0,0,0,0,0,0,0,0,0,0,0,0,0,0,0,0,0,0,0,0,0,0,0,0,0,0,0,0,0,0,0,0,0,0,0,0,0,0,0,0,0,0,0,0,0,0,0,0,0,0,0,0,0,0,0,0,0,0,0,0,0,0,0,0,0,0,0,0,0,0,0,0,0,0,0,0,0,0,0,0,0,0,0,0,0,0,0,0,0,0,0,0,0,0,0,0,0,0,0,0,0,0,0,0,0,0,0,0,0,0,0,0,0,0,0,0,0,0,0,0,0,0,0,0,0,0,0,0,0,0,0,0,0,0,0,0,0,0,0,0,0,0,0,0,0,0,0,0,0,0,0,0,0,0,0,0,0,0,0,0,0,0,0
805,828,1032,924,814,920,960,1008,1008,814,1125,1032,1075,1170,1092,1050,920,1125,1175,1128,1125,1274,1404,1456,1540,1653,1650,3744,4480,4320,4446,4200,4480,4503,4345,4125,4880,4872,4536,5100,4424,5292,5673,6016,5704,5980,7384,6174,7992,4750,1653,1421,12232,13630,14700,15288,18368,21063,21712,22940,22987,24892,28700,13674,624,1188,63640,73085,77720,91750,99072,101200,126721,167790,198720,241164,325416,431284,561630,817380,903617,867764,858000,744471,635850,352950,0,0,0,0,0,0,0,0,0,0,0,0,0,0,0,0,0,0,0,0,0,0,0,0,0,0,0,0,0,0,0,0,0,0,0,0,0,0,0,0,0,0,0,0,0,0,0,0,0,0,0,0,0,0,0,0,0,0,0,0,0,0,0,0,0,0,0,0,0,0,0,0,0,0,0,0,0,0,0,0,0,0,0,0,0,0,0,0,0,0,0,0,0,0,0,0,0,0,0,0,0,0,0,0,0,0,0,0,0,0,0,0,0,0,0,0,0,0,0,0,0,0,0,0,0,0,0,0,0,0,0,0,0,0,0,0,0,0,0,0,0,0,0,0,0,0,0,0,0,0,0,0,0,0,0,0,0,0,0,0,0,0,0,0,0,0,0,0,0,0,0,0,0,0,0,0,0,0,0,0,0,0,0,0,0,0,0,0,0,0,0,0,0,0,0,0,0,0,0,0,0,0,0,0,0,0,0,0,0,0,0,0,0,0
2016,2145,2210,2210,2112,2346,2520,2808,3800,3952,4004,4029,3978,4345,4050,3744,4466,4920,4560,4838,5063,5146,5270,5394,5734,6045,6144,6900,6700,7227,6834,6468,5088,2360,15080,12848,13330,15484,19116,19980,20340,20520,21360,26035,25870,29648,32604,31740,1911,69000,68224,87604,92826,91744,119068,175218,192764,232500,311904,411680,532795,781220,879309,841128,806176,717552,559370,241605,0,0,0,0,0,0,0,0,0,0,0,0,0,0,0,0,0,0,0,0,0,0,0,0,0,0,0,0,0,0,0,0,0,0,0,0,0,0,0,0,0,0,0,0,0,0,0,0,0,0,0,0,0,0,0,0,0,0,0,0,0,0,0,0,0,0,0,0,0,0,0,0,0,0,0,0,0,0,0,0,0,0,0,0,0,0,0,0,0,0,0,0,0,0,0,0,0,0,0,0,0,0,0,0,0,0,0,0,0,0,0,0,0,0,0,0,0,0,0,0,0,0,0,0,0,0,0,0,0,0,0,0,0,0,0,0,0,0,0,0,0,0,0,0,0,0,0,0,0,0,0,0,0,0,0,0,0,0,0,0,0,0,0,0,0,0,0,0,0,0,0,0,0,0,0,0,0,0,0,0,0,0,0,0,0,0,0,0,0,0,0,0,0,0,0,0,0,0,0,0,0,0,0,0,0,0,0,0,0,0,0,0,0,0,0,0,0,0,0,0,0,0,0,0,0,0,0,0,0,0,0,0
1188,3290,4368,4345,4424,4731,4187,5040,4640,5124,4740,5307,5208,5504,5785,5229,5785,6030,6486,6555,6215,7154,7056,7670,7670,7656,10742,11954,14100,15168,15974,19440,20020,21318,21054,20634,25250,18354,29532,32708,31458,57570,66669,77588,83898,80712,110995,126144,168804,190068,233244,305856,400455,569287,782061,905592,847592,808350,731675,499392,170723,0,0,0,0,0,0,0,0,0,0,0,0,0,0,0,0,0,0,0,0,0,0,0,0,0,0,0,0,0,0,0,0,0,0,0,0,0,0,0,0,0,0,0,0,0,0,0,0,0,0,0,0,0,0,0,0,0,0,0,0,0,0,0,0,0,0,0,0,0,0,0,0,0,0,0,0,0,0,0,0,0,0,0,0,0,0,0,0,0,0,0,0,0,0,0,0,0,0,0,0,0,0,0,0,0,0,0,0,0,0,0,0,0,0,0,0,0,0,0,0,0,0,0,0,0,0,0,0,0,0,0,0,0,0,0,0,0,0,0,0,0,0,0,0,0,0,0,0,0,0,0,0,0,0,0,0,0,0,0,0,0,0,0,0,0,0,0,0,0,0,0,0,0,0,0,0,0,0,0,0,0,0,0,0,0,0,0,0,0,0,0,0,0,0,0,0,0,0,0,0,0,0,0,0,0,0,0,0,0,0,0,0,0,0,0,0,0,0,0,0,0,0,0,0,0,0,0,0,0,0,0,0,0,0,0,0,0,0,0
1416,3360,4814,4400,4560,4788,4480,4788,4920,5063,5124,5208,5940,5934,6030,6160,6461,7030,7600,8400,8080,8393,9072,6466,7296,10112,11880,13724,14852,15400,19436,21645,24130,23562,24003,25740,21285,29400,34496,33592,59180,72867,74750,92628,100848,116850,118105,179520,207211,276080,376257,525746,757328,921522,871255,836400,736428,512265,0,0,0,0,0,0,0,0,0,0,0,0,0,0,0,0,0,0,0,0,0,0,0,0,0,0,0,0,0,0,0,0,0,0,0,0,0,0,0,0,0,0,0,0,0,0,0,0,0,0,0,0,0,0,0,0,0,0,0,0,0,0,0,0,0,0,0,0,0,0,0,0,0,0,0,0,0,0,0,0,0,0,0,0,0,0,0,0,0,0,0,0,0,0,0,0,0,0,0,0,0,0,0,0,0,0,0,0,0,0,0,0,0,0,0,0,0,0,0,0,0,0,0,0,0,0,0,0,0,0,0,0,0,0,0,0,0,0,0,0,0,0,0,0,0,0,0,0,0,0,0,0,0,0,0,0,0,0,0,0,0,0,0,0,0,0,0,0,0,0,0,0,0,0,0,0,0,0,0,0,0,0,0,0,0,0,0,0,0,0,0,0,0,0,0,0,0,0,0,0,0,0,0,0,0,0,0,0,0,0,0,0,0,0,0,0,0,0,0,0,0,0,0,0,0,0,0,0,0,0,0,0,0,0,0,0,0,0,0,0,0,0
1740,1830,1891,2904,3128,3102,2990,3381,3504,3600,3816,3796,3672,4080,4293,4510,4482,4756,4788,4980,5074,5332,5733,5394,5312,5676,6035,6808,6528,7029,7575,8774,8798,9309,7752,7416,4374,3504,1536,13892,15642,16366,20350,21879,22015,23625,23424,27300,1330,55915,70143,78184,93250,99858,123840,117855,179692,229264,304440,421132,592000,878400,885920,861229,814126,668340,382728,0,0,0,0,0,0,0,0,0,0,0,0,0,0,0,0,0,0,0,0,0,0,0,0,0,0,0,0,0,0,0,0,0,0,0,0,0,0,0,0,0,0,0,0,0,0,0,0,0,0,0,0,0,0,0,0,0,0,0,0,0,0,0,0,0,0,0,0,0,0,0,0,0,0,0,0,0,0,0,0,0,0,0,0,0,0,0,0,0,0,0,0,0,0,0,0,0,0,0,0,0,0,0,0,0,0,0,0,0,0,0,0,0,0,0,0,0,0,0,0,0,0,0,0,0,0,0,0,0,0,0,0,0,0,0,0,0,0,0,0,0,0,0,0,0,0,0,0,0,0,0,0,0,0,0,0,0,0,0,0,0,0,0,0,0,0,0,0,0,0,0,0,0,0,0,0,0,0,0,0,0,0,0,0,0,0,0,0,0,0,0,0,0,0,0,0,0,0,0,0,0,0,0,0,0,0,0,0,0,0,0,0,0,0,0,0,0,0,0,0,0,0,0,0,0,0,0,0,0,0,0,0,0
1222,1276,1617,2360,2280,2242,2220,2072,2146,2183,2318,2747,2898,2709,2688,2583,2925,2795,3082,3243,3264,3128,3550,3796,3744,3960,4292,5952,7178,7910,7910,7504,7200,6762,7676,10332,10455,10664,10664,11696,15655,17430,19360,19950,20460,24897,25578,30328,27666,2756,51541,58590,69440,84035,79744,100584,122539,153816,201825,271350,375725,534488,771650,761400,715650,711252,534670,270972,0,0,0,0,0,0,0,0,0,0,0,0,0,0,0,0,0,0,0,0,0,0,0,0,0,0,0,0,0,0,0,0,0,0,0,0,0,0,0,0,0,0,0,0,0,0,0,0,0,0,0,0,0,0,0,0,0,0,0,0,0,0,0,0,0,0,0,0,0,0,0,0,0,0,0,0,0,0,0,0,0,0,0,0,0,0,0,0,0,0,0,0,0,0,0,0,0,0,0,0,0,0,0,0,0,0,0,0,0,0,0,0,0,0,0,0,0,0,0,0,0,0,0,0,0,0,0,0,0,0,0,0,0,0,0,0,0,0,0,0,0,0,0,0,0,0,0,0,0,0,0,0,0,0,0,0,0,0,0,0,0,0,0,0,0,0,0,0,0,0,0,0,0,0,0,0,0,0,0,0,0,0,0,0,0,0,0,0,0,0,0,0,0,0,0,0,0,0,0,0,0,0,0,0,0,0,0,0,0,0,0,0,0,0,0,0,0,0,0,0,0,0,0,0,0,0,0,0,0,0,0,0
1316,1512,1377,1927,1598,1782,1820,1683,1734,1628,2106,2109,2301,2624,2709,2814,3053,3124,3128,3082,2990,2835,3220,3408,3479,3996,3905,3834,3920,4070,4389,4366,4588,4526,4410,6408,6240,6500,5766,7208,7952,7597,7910,8700,8625,9963,10492,10692,12212,15974,17784,17613,19436,22320,21692,24638,28380,29792,31605,35190,55878,63840,72848,75803,95118,119970,134244,189162,233843,322287,458277,667942,751680,703610,703830,547760,309684,1980,1890,2090,2262,1820,1887,1700,1715,1715,1887,1855,1998,1715,1632,1610,1900,1850,1776,1900,1584,1645,1680,0,0,0,0,0,0,0,0,0,0,0,0,0,0,0,0,0,0,0,0,0,0,0,0,0,0,0,0,0,0,0,0,0,0,0,0,0,0,0,0,0,0,0,0,0,0,0,0,0,0,0,0,0,0,0,0,0,0,0,0,0,0,0,0,0,0,0,0,0,0,0,0,0,0,0,0,0,0,0,0,0,0,0,0,0,0,0,0,0,0,0,0,0,0,0,0,0,0,0,0,0,0,0,0,0,0,0,0,0,0,0,0,0,0,0,0,0,0,0,0,0,0,0,0,0,0,0,0,0,0,0,0,0,0,0,0,0,0,0,0,0,0,0,0,0,0,0,0,0,0,0,0,0,0,0,0,0,0,0,0,0,0,0,0,0,0,0,0,0,0,0,0,0,0,0,0,0,0,0,0,0,0,0,0,0,0,0,0,0,0,0,0,0,0,0,0,0,0,0,0,0
3483,3402,3280,3740,4002,4600,4361,4732,4717,4641,4550,4410,4400,4350,4128,4214,4150,4029,4081,4028,4028,3952,3900,3774,3927,3950,3800,3850,3800,3744,3975,3996,5720,5940,5963,6231,6664,6693,6164,6930,6900,7140,7236,7208,7140,7314,7704,7992,7992,8094,8510,9520,9086,9322,9048,9394,8712,9102,9796,10920,11094,10836,10624,9828,10320,10270,10270,10873,11508,11644,12516,11928,11508,11954,12354,12298,12922,13524,13630,13965,14496,14938,15543,15642,15246,15655,16626,17056,17784,18900,18126,20944,21045,20178,21460,20227,22015,23111,24924,25452,26208,27560,27430,27797,27040,27903,27336,29592,30105,31584,31524,32461,34692,34251,35850,54426,31080,56832,60216,62884,64780,69204,68364,76725,75864,79677,83160,91385,91245,97071,112890,117920,118860,116064,119262,126225,154413,169333,176256,182412,193520,200400,216300,242060,272832,304410,329988,364408,398268,451360,508280,560058,586080,667420,734126,750608,775428,780976,761250,740330,718812,698065,683240,645540,638040,633516,580869,540192,487900,419926,312702,235977,139355,0,0,0,0,0,0,0,0,0,0,0,0,0,0,0,0,0,0,0,0,0,0,0,0,0,0,0,0,0,0,0,0,0,0,0,0,0,0,0,0,0,0,0,0,0,0,0,0,0,0,0,0,0,0,0,0,0,0,0,0,0,0,0,0,0,0,0,0,0,0,0,0,0,0,0,0,0,0,0,0,0,0,0,0,0,0,0,0,0,0,0,0,0,0,0,0,0,0,0,0,0,0,0,0,0,0,0,0,0,0,0,0,0,0,0,0,0,0,0,0,0,0,0,0,0,0,0
4182,4284,4368,4420,4335,4150,4050,4029,4131,4316,4620,4399,4510,4814,4788,5015,4814,4788,4760,4872,4838,4779,4661,4560,4560,4758,4880,4956,5192,5310,4988,5074,6039,6262,6510,6552,6386,6510,6283,6615,6955,7345,7194,7169,7383,7590,7303,7700,7728,7659,7659,7770,7303,7521,7597,7140,7560,7455,7313,6930,6111,6174,6175,6100,6222,7208,7776,8249,8362,8778,8395,9516,10752,10368,10496,11205,11352,11645,12408,13857,13650,15698,15066,17535,17576,18360,18020,19690,20114,20608,21275,21090,21696,23345,23548,23664,22655,24336,24960,26000,26250,28462,31122,31553,31920,32853,33228,31860,31255,30915,31152,51456,55269,55200,57721,55584,57312,58890,63448,66570,70525,80152,90500,93240,102440,102656,108288,118087,122876,117880,124696,162760,174850,183862,189150,201736,224790,253840,285822,319060,354486,386512,449540,503712,563325,597618,685540,792414,808197,844625,843456,810336,802928,712698,744952,718956,696592,679744,650934,550116,477756,352585,231880,0,0,0,0,0,0,0,0,0,0,0,0,0,0,0,0,0,0,0,0,0,0,0,0,0,0,0,0,0,0,0,0,0,0,0,0,0,0,0,0,0,0,0,0,0,0,0,0,0,0,0,0,0,0,0,0,0,0,0,0,0,0,0,0,0,0,0,0,0,0,0,0,0,0,0,0,0,0,0,0,0,0,0,0,0,0,0,0,0,0,0,0,0,0,0,0,0,0,0,0,0,0,0,0,0,0,0,0,0,0,0,0,0,0,0,0,0,0,0,0,0,0,0,0,0,0,0,0,0,0,0,0,0,0,0,0,0
2418,2480,2520,2604,2835,3149,2904,2838,2772,3010,3168,3358,3220,3266,3212,3192,3276,3225,3139,3300,3096,3680,4067,4150,4263,4128,4400,4300,4717,4611,5060,5225,5194,5044,4876,5432,5225,5208,5187,5130,5035,5088,5376,5700,6161,5959,6528,7935,7424,7670,8073,7638,8280,8820,9750,8568,9380,9990,10920,11139,10703,10800,10703,10720,11097,11234,12040,13616,13923,14758,14136,15035,15939,11739,11570,11610,14355,15352,15150,14500,15554,15943,16350,17820,18590,18748,19184,20384,20453,21470,21045,21160,22204,22936,23936,24003,24892,27930,27738,26664,27324,27202,28512,27342,29475,31725,33460,33938,33740,68694,66887,71068,84501,85417,92516,94560,106398,116590,119966,129542,140651,165474,172800,188670,193224,218750,242880,271760,319176,348390,398634,454410,523765,623662,642256,788616,843001,874630,864401,848100,792311,755776,746532,753774,744720,716188,624035,539524,352185,213096,0,0,0,0,0,0,0,0,0,0,0,0,0,0,0,0,0,0,0,0,0,0,0,0,0,0,0,0,0,0,0,0,0,0,0,0,0,0,0,0,0,0,0,0,0,0,0,0,0,0,0,0,0,0,0,0,0,0,0,0,0,0,0,0,0,0,0,0,0,0,0,0,0,0,0,0,0,0,0,0,0,0,0,0,0,0,0,0,0,0,0,0,0,0,0,0,0,0,0,0,0,0,0,0,0,0,0,0,0,0,0,0,0,0,0,0,0,0,0,0,0,0,0,0,0,0,0,0,0,0,0,0,0,0,0,0,0,0,0,0,0,0,0,0,0,0,0,0,0,0
1917,2280,2387,2555,2485,2376,2738,2812,3003,2925,2925,2888,3080,2993,3192,3330,3300,3420,5546,5546,5394,5160,4872,4816,5369,5888,5733,5310,5580,5760,5824,6336,6138,6270,6901,6695,6912,7548,7370,7260,7326,7935,9000,9348,9052,10050,11360,11097,10742,10854,11562,11620,11954,12760,12816,12549,12371,13590,13432,14260,13832,15714,17069,16789,16905,17368,16328,17649,18537,20064,21411,22440,22940,22680,24576,24180,25956,25908,27797,29160,29430,32148,32368,36162,35770,55165,55680,58014,57525,57109,57524,64521,68848,69680,74952,78144,91988,94354,100203,112203,120834,139080,150450,156160,165088,178002,187124,213900,249537,277770,317434,350474,404866,470316,523474,602560,686340,831470,819030,826440,813816,782247,784168,767725,732888,675725,669930,615860,502047,382503,238070,0,0,0,0,0,0,0,0,0,0,0,0,0,0,0,0,0,0,0,0,0,0,0,0,0,0,0,0,0,0,0,0,0,0,0,0,0,0,0,0,0,0,0,0,0,0,0,0,0,0,0,0,0,0,0,0,0,0,0,0,0,0,0,0,0,0,0,0,0,0,0,0,0,0,0,0,0,0,0,0,0,0,0,0,0,0,0,0,0,0,0,0,0,0,0,0,0,0,0,0,0,0,0,0,0,0,0,0,0,0,0,0,0,0,0,0,0,0,0,0,0,0,0,0,0,0,0,0,0,0,0,0,0,0,0,0,0,0,0,0,0,0,0,0,0,0,0,0,0,0,0,0,0,0,0,0,0,0,0,0,0,0,0,0,0,0,0,0,0
3060,2709,2944,2970,2772,2835,2852,3408,3243,3552,3456,3456,3102,3008,3072,3120,3431,4080,4472,4628,4116,4550,4361,4214,4524,4611,4592,4644,4080,4233,4770,4823,4611,4806,4914,4888,5208,5208,5208,5684,5800,5586,5415,5568,5472,5452,5415,5301,5487,6144,6174,6200,5978,6695,6890,7035,7488,7062,7420,7035,6732,6534,6996,7705,8330,7370,8925,6370,8280,9840,11466,11036,12012,11790,12052,12462,13015,14308,12690,13728,14355,16786,17496,18648,19030,19824,19550,19320,19836,20358,20532,21063,21948,23184,25610,23876,25344,24064,23760,25594,25920,28560,27940,26784,29591,29882,31275,31220,33228,68997,73472,79834,92276,92097,108876,118260,135072,168222,185790,206812,221862,257180,300423,346819,403559,488250,546548,669630,815392,830070,833540,823338,807750,781563,714714,717804,706662,716490,638620,536173,290368,152478,0,0,0,0,0,0,0,0,0,0,0,0,0,0,0,0,0,0,0,0,0,0,0,0,0,0,0,0,0,0,0,0,0,0,0,0,0,0,0,0,0,0,0,0,0,0,0,0,0,0,0,0,0,0,0,0,0,0,0,0,0,0,0,0,0,0,0,0,0,0,0,0,0,0,0,0,0,0,0,0,0,0,0,0,0,0,0,0,0,0,0,0,0,0,0,0,0,0,0,0,0,0,0,0,0,0,0,0,0,0,0,0,0,0,0,0,0,0,0,0,0,0,0,0,0,0,0,0,0,0,0,0,0,0,0,0,0,0,0,0,0,0,0,0,0,0,0,0,0,0,0,0,0,0,0,0,0,0
3901,3901,3450,4136,3948,3807,3600,3726,3432,3024,2788,2730,2501,2967,3234,3397,3483,3440,3268,3034,2640,2204,2280,2440,2200,2560,3157,3120,3000,2925,2340,2665,2904,3195,2709,2745,2728,3174,3975,4235,4293,3952,4050,3975,4187,4212,4320,4760,4902,4760,4472,5005,5115,4840,4558,4628,4947,5096,5301,5580,5580,5734,5917,6237,5828,5460,5673,5460,5340,5400,5580,5640,5723,6014,6534,6528,6600,6666,7770,9272,8892,9984,10033,10640,11844,11676,13671,14800,14896,15423,14592,14758,14725,16583,17160,18270,17955,19250,20355,21390,22230,22464,17360,17696,19118,20230,20570,21894,23250,25080,26190,28400,29172,28482,30030,30694,32528,33572,57222,59697,59004,59501,89910,89622,108288,116724,112868,128084,237250,262808,337744,341136,447300,452760,497015,575269,752590,818622,794772,791322,784036,789032,712738,697374,738990,709716,652080,527229,261576,0,0,0,0,0,0,0,0,0,0,0,0,0,0,0,0,0,0,0,0,0,0,0,0,0,0,0,0,0,0,0,0,0,0,0,0,0,0,0,0,0,0,0,0,0,0,0,0,0,0,0,0,0,0,0,0,0,0,0,0,0,0,0,0,0,0,0,0,0,0,0,0,0,0,0,0,0,0,0,0,0,0,0,0,0,0,0,0,0,0,0,0,0,0,0,0,0,0,0,0,0,0,0,0,0,0,0,0,0,0,0,0,0,0,0,0,0,0,0,0,0,0,0,0,0,0,0,0,0,0,0,0,0,0,0,0,0,0,0,0,0,0,0,0,0,0,0,0,0,0,0
3888,4316,3950,4233,4785,4840,4752,4730,5220,5074,5251,5551,5544,5795,6237,5828,5580,5796,5888,5785,6030,6204,6348,6912,7056,7056,7696,7519,7560,7560,7918,8162,8346,8346,8502,9594,10191,9450,8732,8094,9052,9450,10790,14352,15485,15810,15600,16377,16430,18900,20048,20453,21960,24511,26910,28296,30780,30858,33258,33981,33891,40040,40015,49775,58014,53781,63300,67200,75537,74120,78318,95480,105205,115995,118372,145704,178409,179305,196882,230141,275930,328104,365307,431218,526048,632992,732160,912492,968571,956373,940313,848964,830070,796590,759272,686599,518020,257712,0,0,0,0,0,0,0,0,0,0,0,0,0,0,0,0,0,0,0,0,0,0,0,0,0,0,0,0,0,0,0,0,0,0,0,0,0,0,0,0,0,0,0,0,0,0,0,0,0,0,0,0,0,0,0,0,0,0,0,0,0,0,0,0,0,0,0,0,0,0,0,0,0,0,0,0,0,0,0,0,0,0,0,0,0,0,0,0,0,0,0,0,0,0,0,0,0,0,0,0,0,0,0,0,0,0,0,0,0,0,0,0,0,0,0,0,0,0,0,0,0,0,0,0,0,0,0,0,0,0,0,0,0,0,0,0,0,0,0,0,0,0,0,0,0,0,0,0,0,0,0,0,0,0,0,0,0,0,0,0,0,0,0,0,0,0,0,0,0,0,0,0,0,0,0,0,0,0,0,0,0,0,0,0,0,0,0,0,0,0,0,0,0,0,0,0,0,0,0,0,0,0
2448,2546,2574,3157,2622,2840,2920,2960,3080,3276,3825,4002,4176,3948,3888,5100,5618,4606,4800,4752,5253,5252,13050,6960,7735,7424,10458,7560,7623,8804,9424,9625,9150,9728,9652,11070,10626,10112,12584,13140,9760,9882,10496,11704,14800,15642,17100,18408,20608,22491,23880,23520,25864,26712,29640,29304,31443,32604,32208,35264,57918,67309,72974,82940,95590,100902,118104,125664,151630,168010,190809,216550,253875,285606,322749,378840,474980,561045,594088,671216,729048,694716,662475,610600,585646,510212,430350,271966,17568,0,0,0,0,0,0,0,0,0,0,0,0,0,0,0,0,0,0,0,0,0,0,0,0,0,0,0,0,0,0,0,0,0,0,0,0,0,0,0,0,0,0,0,0,0,0,0,0,0,0,0,0,0,0,0,0,0,0,0,0,0,0,0,0,0,0,0,0,0,0,0,0,0,0,0,0,0,0,0,0,0,0,0,0,0,0,0,0,0,0,0,0,0,0,0,0,0,0,0,0,0,0,0,0,0,0,0,0,0,0,0,0,0,0,0,0,0,0,0,0,0,0,0,0,0,0,0,0,0,0,0,0,0,0,0,0,0,0,0,0,0,0,0,0,0,0,0,0,0,0,0,0,0,0,0,0,0,0,0,0,0,0,0,0,0,0,0,0,0,0,0,0,0,0,0,0,0,0,0,0,0,0,0,0,0,0,0,0,0,0,0,0,0,0,0,0,0,0,0,0,0,0,0,0,0,0,0,0,0,0,0
3066,2880,2691,2652,2800,2405,2412,2546,2470,2516,2520,2448,2442,2574,2574,2924,2970,3036,3312,3773,4080,4524,4770,4472,4664,4785,4816,4785,5301,5546,4984,5246,5456,5850,5733,6097,6160,6030,6300,7350,6762,7665,7776,9282,10287,11352,11970,13254,13206,12648,15092,15100,16564,17098,18083,19440,18616,21090,20650,21285,21930,23994,26910,25110,27405,30033,30597,34881,35100,35313,56644,58110,66126,67510,74456,80948,84448,103200,117975,125538,128030,165672,183816,215330,256194,302742,358995,427586,510226,547074,586971,594870,552582,576576,532575,506352,458292,370548,219604,0,0,0,0,0,0,0,0,0,0,0,0,0,0,0,0,0,0,0,0,0,0,0,0,0,0,0,0,0,0,0,0,0,0,0,0,0,0,0,0,0,0,0,0,0,0,0,0,0,0,0,0,0,0,0,0,0,0,0,0,0,0,0,0,0,0,0,0,0,0,0,0,0,0,0,0,0,0,0,0,0,0,0,0,0,0,0,0,0,0,0,0,0,0,0,0,0,0,0,0,0,0,0,0,0,0,0,0,0,0,0,0,0,0,0,0,0,0,0,0,0,0,0,0,0,0,0,0,0,0,0,0,0,0,0,0,0,0,0,0,0,0,0,0,0,0,0,0,0,0,0,0,0,0,0,0,0,0,0,0,0,0,0,0,0,0,0,0,0,0,0,0,0,0,0,0,0,0,0,0,0,0,0,0,0,0,0,0,0,0,0,0,0,0,0,0,0,0,0,0,0
2666,2520,2296,2337,2552,2394,2596,2580,2752,2924,3096,3420,3572,3478,3478,3337,3220,3478,3431,3525,4000,4029,3900,3822,3871,3666,3330,3358,3015,2880,3128,3525,3431,3266,3478,3927,3675,3850,3648,3504,3456,3337,3337,3404,3404,3696,3431,3358,3384,3196,3082,3216,3360,3621,3500,3350,3528,3825,4104,4648,5220,5040,4389,4785,4536,5016,5952,6175,6138,6955,7085,6976,7866,7571,8120,8584,10050,10395,10906,12180,11703,12126,12638,12760,13680,13775,14406,14800,14300,14453,16380,17270,17222,9856,12922,13206,14453,12638,14400,17549,19436,20007,21600,21090,25676,27641,30277,32412,33785,36652,34580,41307,52740,71496,77504,81295,99360,105113,121857,139590,160038,186472,200790,232311,279794,323425,399312,478969,600423,745848,870922,892380,869440,824454,794430,742368,649140,487760,267927,0,0,0,0,0,0,0,0,0,0,0,0,0,0,0,0,0,0,0,0,0,0,0,0,0,0,0,0,0,0,0,0,0,0,0,0,0,0,0,0,0,0,0,0,0,0,0,0,0,0,0,0,0,0,0,0,0,0,0,0,0,0,0,0,0,0,0,0,0,0,0,0,0,0,0,0,0,0,0,0,0,0,0,0,0,0,0,0,0,0,0,0,0,0,0,0,0,0,0,0,0,0,0,0,0,0,0,0,0,0,0,0,0,0,0,0,0,0,0,0,0,0,0,0,0,0,0,0,0,0,0,0,0,0,0,0,0,0,0,0,0,0,0,0,0,0,0,0,0,0,0,0,0,0,0,0,0,0,0,0,0
1404,1458,1512,1404,1375,1357,1600,1368,1612,1647,1680,1798,1792,2001,2010,2448,2176,1953,1596,1860,2345,2380,2346,2840,2652,3096,3053,2788,2814,2924,3082,2924,3431,3634,3800,4108,3900,3713,3840,4312,4108,4160,4374,4420,4590,4930,4674,5015,4814,4988,4872,5394,6204,6528,6460,6930,7884,7040,8732,9760,9196,10824,11340,11205,11004,13064,12604,13156,15288,16600,15800,17576,16032,18150,19320,19920,20049,23114,24472,27580,27324,29520,31030,29808,25671,25376,32472,64260,68904,71394,79572,80840,99716,109710,124713,127556,164840,174960,202269,235585,276576,329730,397100,496202,642114,770991,807850,802263,754733,738990,680000,650125,544752,302580,0,0,0,0,0,0,0,0,0,0,0,0,0,0,0,0,0,0,0,0,0,0,0,0,0,0,0,0,0,0,0,0,0,0,0,0,0,0,0,0,0,0,0,0,0,0,0,0,0,0,0,0,0,0,0,0,0,0,0,0,0,0,0,0,0,0,0,0,0,0,0,0,0,0,0,0,0,0,0,0,0,0,0,0,0,0,0,0,0,0,0,0,0,0,0,0,0,0,0,0,0,0,0,0,0,0,0,0,0,0,0,0,0,0,0,0,0,0,0,0,0,0,0,0,0,0,0,0,0,0,0,0,0,0,0,0,0,0,0,0,0,0,0,0,0,0,0,0,0,0,0,0,0,0,0,0,0,0,0,0,0,0,0,0,0,0,0,0,0,0,0,0,0,0,0,0,0,0,0,0,0,0,0,0,0,0
2210,2142,2046,1984,1984,1984,2556,2485,2482,2520,3735,3772,4992,4860,5152,5280,6060,5940,4876,4998,6262,6588,6588,6954,6600,6930,7119,7410,7316,8040,7684,7752,7021,9108,9144,9880,11040,11165,12400,18592,19942,19722,19264,20496,22143,24576,26082,26445,25792,26660,27552,30590,34945,35164,34960,37284,1700,58752,63226,69090,78044,91960,101346,124096,124704,184250,204512,237490,297616,363860,456520,564480,713790,824216,878038,764154,793353,688248,711000,582360,326835,980,960,0,0,0,0,0,0,0,0,0,0,0,0,0,0,0,0,0,0,0,0,0,0,0,0,0,0,0,0,0,0,0,0,0,0,0,0,0,0,0,0,0,0,0,0,0,0,0,0,0,0,0,0,0,0,0,0,0,0,0,0,0,0,0,0,0,0,0,0,0,0,0,0,0,0,0,0,0,0,0,0,0,0,0,0,0,0,0,0,0,0,0,0,0,0,0,0,0,0,0,0,0,0,0,0,0,0,0,0,0,0,0,0,0,0,0,0,0,0,0,0,0,0,0,0,0,0,0,0,0,0,0,0,0,0,0,0,0,0,0,0,0,0,0,0,0,0,0,0,0,0,0,0,0,0,0,0,0,0,0,0,0,0,0,0,0,0,0,0,0,0,0,0,0,0,0,0,0,0,0,0,0,0,0,0,0,0,0,0,0,0,0,0,0,0,0,0,0,0,0,0,0,0,0,0,0,0,0,0,0,0,0,0,0,0,0,0,0
1008,1127,1078,1081,1078,1056,966,966,990,990,945,1012,990,990,1034,1122,1029,1078,1150,1100,1056,1008,1078,1100,1100,1034,987,1034,960,987,966,987,1078,1008,1056,1008,1078,1078,1078,1029,1078,1078,966,987,1034,1122,1100,1150,1056,1150,1104,1081,1008,1008,1050,1034,1056,1034,1078,1008,1034,966,1056,1078,1050,1078,1034,987,1034,945,987,1029,1056,1034,945,968,966,940,987,960,1008,940,2520,2664,2628,1029,1029,1056,987,1078,1078,1034,987,987,1056,1056,1078,1029,1078,1056,5096,1034,1056,5841,7571,6800,6848,7326,7888,8687,9030,9102,9417,8979,9272,11907,10318,14322,14076,14904,15974,18576,17640,21360,22385,22750,24000,23548,25289,24563,27342,29614,31866,30284,33558,34960,1050,1000,1029,56024,62370,69445,81474,84708,104139,118456,125400,219240,266387,336927,409825,516393,697728,825792,795200,779373,737575,687914,645568,491732,232112,1127,1078,1078,1034,1008,1056,1122,1050,1100,1122,1078,1127,1100,1078,1078,1078,1056,1127,1078,1127,1127,1173,1150,1056,1127,1012,1056,1034,1078,1100,1100,1127,1127,1173,1196,1150,1200,1127,1224,1127,1078,1078,1034,1081,1078,1150,1173,1056,1104,1056,1173,1173,1150,1200,1173,1100,1100,1100,1150,1100,1078,1100,1100,1122,1173,1100,1100,1100,1050,1100,1029,1029,1029,1029,1078,1078,1150,1127,1056,1081,1056,1034,1078,1078,1100,1008,1029,1029,1078,1008,1034,1056,1078,1056,1056,1078,1078,1056,1104,1056,1056,1078,1034,0,0,0,0,0,0,0,0,0,0,0,0,0,0,0,0,0,0,0,0,0,0,0,0,0,0,0,0,0,0,0,0,0,0,0,0
2442,2448,2176,2277,2211,2144,2211,2080,2080,2205,2040,2814,2795,2772,3060,3174,3082,3128,3128,3408,3468,3381,3773,3871,4050,4160,4160,3978,3950,4081,4134,4316,4399,4346,4536,4845,4648,5355,5002,5395,5040,5063,4988,4860,4582,4712,5856,7140,7800,7245,9877,8892,11011,12416,13328,15225,14840,17176,19311,18837,21204,21750,22204,22686,14448,30384,22896,31784,52845,50540,50008,56252,60400,70299,86100,99090,114387,128592,148320,173493,205100,249716,315810,392232,529074,647019,763972,745710,719868,664222,593628,568764,420240,175560,0,0,0,0,0,0,0,0,0,0,0,0,0,0,0,0,0,0,0,0,0,0,0,0,0,0,0,0,0,0,0,0,0,0,0,0,0,0,0,0,0,0,0,0,0,0,0,0,0,0,0,0,0,0,0,0,0,0,0,0,0,0,0,0,0,0,0,0,0,0,0,0,0,0,0,0,0,0,0,0,0,0,0,0,0,0,0,0,0,0,0,0,0,0,0,0,0,0,0,0,0,0,0,0,0,0,0,0,0,0,0,0,0,0,0,0,0,0,0,0,0,0,0,0,0,0,0,0,0,0,0,0,0,0,0,0,0,0,0,0,0,0,0,0,0,0,0,0,0,0,0,0,0,0,0,0,0,0,0,0,0,0,0,0,0,0,0,0,0,0,0,0,0,0,0,0,0,0,0,0,0,0,0,0,0,0,0,0,0,0,0,0,0,0,0,0,0,0,0,0,0,0,0,0,0,0
1292,1505,1386,1452,1485,1386,1386,1248,1364,1333,1452,1440,1426,1408,1395,1674,1736,1824,1856,1848,2052,2280,2184,1995,1870,2100,2730,2584,2847,2736,2627,2660,2622,2176,2205,2412,2304,2457,2072,2135,1848,2074,3773,4116,4335,4067,3984,3969,4200,4050,4150,4929,6148,5800,6060,7130,7995,7656,9301,8908,10138,10640,10241,11297,11060,11480,12936,11390,11900,12232,14260,14322,16626,15397,16500,11952,16895,17372,20750,23625,23353,25344,25270,26866,30459,32184,33220,38304,53482,61200,70305,82836,78416,103275,114285,128535,195393,243750,287576,368799,488280,639788,726530,761447,743562,674005,620858,550144,357840,903,924,1056,0,0,0,0,0,0,0,0,0,0,0,0,0,0,0,0,0,0,0,0,0,0,0,0,0,0,0,0,0,0,0,0,0,0,0,0,0,0,0,0,0,0,0,0,0,0,0,0,0,0,0,0,0,0,0,0,0,0,0,0,0,0,0,0,0,0,0,0,0,0,0,0,0,0,0,0,0,0,0,0,0,0,0,0,0,0,0,0,0,0,0,0,0,0,0,0,0,0,0,0,0,0,0,0,0,0,0,0,0,0,0,0,0,0,0,0,0,0,0,0,0,0,0,0,0,0,0,0,0,0,0,0,0,0,0,0,0,0,0,0,0,0,0,0,0,0,0,0,0,0,0,0,0,0,0,0,0,0,0,0,0,0,0,0,0,0,0,0,0,0,0,0,0,0,0,0,0,0,0,0,0,0,0,0,0,0,0,0
2772,3124,3096,2993,3542,3465,2960,3225,3724,3942,3936,3431,3744,3724,3800,4018,4368,4717,5244,5074,5460,5394,5917,6664,7169,7200,7245,7776,7992,8288,8614,8378,7276,7956,7383,8073,9176,9900,11645,13432,14356,15800,18150,18260,19250,22143,23064,25413,28644,30856,30456,37599,47616,51531,56511,64092,78807,76608,92988,105490,120528,128304,174400,201780,252700,316500,411782,576240,646750,636112,618772,579272,522665,483600,326630,122570,0,0,0,0,0,0,0,0,0,0,0,0,0,0,0,0,0,0,0,0,0,0,0,0,0,0,0,0,0,0,0,0,0,0,0,0,0,0,0,0,0,0,0,0,0,0,0,0,0,0,0,0,0,0,0,0,0,0,0,0,0,0,0,0,0,0,0,0,0,0,0,0,0,0,0,0,0,0,0,0,0,0,0,0,0,0,0,0,0,0,0,0,0,0,0,0,0,0,0,0,0,0,0,0,0,0,0,0,0,0,0,0,0,0,0,0,0,0,0,0,0,0,0,0,0,0,0,0,0,0,0,0,0,0,0,0,0,0,0,0,0,0,0,0,0,0,0,0,0,0,0,0,0,0,0,0,0,0,0,0,0,0,0,0,0,0,0,0,0,0,0,0,0,0,0,0,0,0,0,0,0,0,0,0,0,0,0,0,0,0,0,0,0,0,0,0,0,0,0,0,0,0,0,0,0,0,0,0,0,0,0,0,0,0,0,0,0,0,0,0,0,0,0,0
1512,1656,1728,1900,2120,2050,2173,1950,1794,1710,1656,1419,1610,1680,2090,1900,1610,5586,9017,9504,6710,7906,9750,11534,11726,12516,12728,10873,12330,12878,14626,16626,17325,19250,21390,21576,25578,27477,27930,31536,34194,59830,69720,82038,79170,105948,137046,186875,198315,245120,326992,420875,587777,705744,727902,697680,599718,602928,451764,205900,0,0,0,0,0,0,0,0,0,0,0,0,0,0,0,0,0,0,0,0,0,0,0,0,0,0,0,0,0,0,0,0,0,0,0,0,0,0,0,0,0,0,0,0,0,0,0,0,0,0,0,0,0,0,0,0,0,0,0,0,0,0,0,0,0,0,0,0,0,0,0,0,0,0,0,0,0,0,0,0,0,0,0,0,0,0,0,0,0,0,0,0,0,0,0,0,0,0,0,0,0,0,0,0,0,0,0,0,0,0,0,0,0,0,0,0,0,0,0,0,0,0,0,0,0,0,0,0,0,0,0,0,0,0,0,0,0,0,0,0,0,0,0,0,0,0,0,0,0,0,0,0,0,0,0,0,0,0,0,0,0,0,0,0,0,0,0,0,0,0,0,0,0,0,0,0,0,0,0,0,0,0,0,0,0,0,0,0,0,0,0,0,0,0,0,0,0,0,0,0,0,0,0,0,0,0,0,0,0,0,0,0,0,0,0,0,0,0,0,0,0,0,0,0,0,0,0,0,0,0,0,0,0,0,0,0,0,0,0,0
1584,1944,1924,1786,992,1050,1216,1221,1287,2720,2419,2560,4100,7605,6000,6588,10260,10934,12640,11266,10033,11266,11310,14896,16524,17034,18981,21275,22936,24924,25350,27738,29832,31584,63000,67650,82733,91520,114855,173849,220886,270970,357420,474329,601520,729120,689829,623524,590248,472207,245672,0,0,0,0,0,0,0,0,0,0,0,0,0,0,0,0,0,0,0,0,0,0,0,0,0,0,0,0,0,0,0,0,0,0,0,0,0,0,0,0,0,0,0,0,0,0,0,0,0,0,0,0,0,0,0,0,0,0,0,0,0,0,0,0,0,0,0,0,0,0,0,0,0,0,0,0,0,0,0,0,0,0,0,0,0,0,0,0,0,0,0,0,0,0,0,0,0,0,0,0,0,0,0,0,0,0,0,0,0,0,0,0,0,0,0,0,0,0,0,0,0,0,0,0,0,0,0,0,0,0,0,0,0,0,0,0,0,0,0,0,0,0,0,0,0,0,0,0,0,0,0,0,0,0,0,0,0,0,0,0,0,0,0,0,0,0,0,0,0,0,0,0,0,0,0,0,0,0,0,0,0,0,0,0,0,0,0,0,0,0,0,0,0,0,0,0,0,0,0,0,0,0,0,0,0,0,0,0,0,0,0,0,0,0,0,0,0,0,0,0,0,0,0,0,0,0,0,0,0,0,0,0,0,0,0,0,0,0,0,0,0,0,0,0,0,0,0,0,0
1054,1116,1178,1216,1140,1120,1216,1122,1088,1054,1023,1224,1476,1428,1620,1710,1505,1376,1530,1376,1575,1764,3760,4000,7722,5742,6600,6077,6600,9525,10842,11613,12684,13446,10692,10668,12834,13536,16274,17201,21357,22310,22774,26125,28755,28356,32704,33699,69472,81030,92974,111320,135408,182368,200256,267696,357853,477012,620208,781144,727279,658264,614781,519000,259842,0,0,0,0,0,0,0,0,0,0,0,0,0,0,0,0,0,0,0,0,0,0,0,0,0,0,0,0,0,0,0,0,0,0,0,0,0,0,0,0,0,0,0,0,0,0,0,0,0,0,0,0,0,0,0,0,0,0,0,0,0,0,0,0,0,0,0,0,0,0,0,0,0,0,0,0,0,0,0,0,0,0,0,0,0,0,0,0,0,0,0,0,0,0,0,0,0,0,0,0,0,0,0,0,0,0,0,0,0,0,0,0,0,0,0,0,0,0,0,0,0,0,0,0,0,0,0,0,0,0,0,0,0,0,0,0,0,0,0,0,0,0,0,0,0,0,0,0,0,0,0,0,0,0,0,0,0,0,0,0,0,0,0,0,0,0,0,0,0,0,0,0,0,0,0,0,0,0,0,0,0,0,0,0,0,0,0,0,0,0,0,0,0,0,0,0,0,0,0,0,0,0,0,0,0,0,0,0,0,0,0,0,0,0,0,0,0,0,0,0,0,0,0,0,0,0,0,0,0,0,0,0,0,0,0
1443,1911,2128,2166,2106,1924,1850,1692,1400,1260,1332,1406,1755,7659,9490,9916,11726,12920,13288,12470,10664,12090,13440,16016,17876,21712,22967,23739,26928,29295,30870,35040,74774,93366,109890,125451,183374,208032,277893,369148,499372,671766,778787,741426,664175,636801,527022,226512,0,0,0,0,0,0,0,0,0,0,0,0,0,0,0,0,0,0,0,0,0,0,0,0,0,0,0,0,0,0,0,0,0,0,0,0,0,0,0,0,0,0,0,0,0,0,0,0,0,0,0,0,0,0,0,0,0,0,0,0,0,0,0,0,0,0,0,0,0,0,0,0,0,0,0,0,0,0,0,0,0,0,0,0,0,0,0,0,0,0,0,0,0,0,0,0,0,0,0,0,0,0,0,0,0,0,0,0,0,0,0,0,0,0,0,0,0,0,0,0,0,0,0,0,0,0,0,0,0,0,0,0,0,0,0,0,0,0,0,0,0,0,0,0,0,0,0,0,0,0,0,0,0,0,0,0,0,0,0,0,0,0,0,0,0,0,0,0,0,0,0,0,0,0,0,0,0,0,0,0,0,0,0,0,0,0,0,0,0,0,0,0,0,0,0,0,0,0,0,0,0,0,0,0,0,0,0,0,0,0,0,0,0,0,0,0,0,0,0,0,0,0,0,0,0,0,0,0,0,0,0,0,0,0,0,0,0,0,0,0,0,0,0,0,0,0,0,0,0,0,0,0
4814,11310,12231,10507,13580,16261,17136,19800,22506,22440,24875,29260,30360,34263,65395,76650,89859,110826,132792,177920,194884,262480,350506,479622,620730,728893,687944,635950,561536,369102,0,0,0,0,0,0,0,0,0,0,0,0,0,0,0,0,0,0,0,0,0,0,0,0,0,0,0,0,0,0,0,0,0,0,0,0,0,0,0,0,0,0,0,0,0,0,0,0,0,0,0,0,0,0,0,0,0,0,0,0,0,0,0,0,0,0,0,0,0,0,0,0,0,0,0,0,0,0,0,0,0,0,0,0,0,0,0,0,0,0,0,0,0,0,0,0,0,0,0,0,0,0,0,0,0,0,0,0,0,0,0,0,0,0,0,0,0,0,0,0,0,0,0,0,0,0,0,0,0,0,0,0,0,0,0,0,0,0,0,0,0,0,0,0,0,0,0,0,0,0,0,0,0,0,0,0,0,0,0,0,0,0,0,0,0,0,0,0,0,0,0,0,0,0,0,0,0,0,0,0,0,0,0,0,0,0,0,0,0,0,0,0,0,0,0,0,0,0,0,0,0,0,0,0,0,0,0,0,0,0,0,0,0,0,0,0,0,0,0,0,0,0,0,0,0,0,0,0,0,0,0,0,0,0,0,0,0,0,0,0,0,0,0,0,0,0,0,0,0,0,0,0,0,0,0,0,0,0,0,0,0,0,0,0,0,0,0,0,0,0
1365,1656,1776,1924,2240,2223,2014,2028,1911,2120,2214,2160,2080,2242,2360,2310,2296,2173,2451,2688,2898,2852,2436,2520,2460,2494,2552,2881,2688,2680,3124,3015,3080,2640,2720,2624,3036,2992,3358,3876,3871,4264,5187,5225,5170,5088,5656,5760,6420,6405,6156,6944,6867,7392,8475,8664,9438,11288,10541,12264,13137,14570,16268,18590,19092,19250,22736,23370,24035,26208,26586,31144,31672,32112,21696,30096,59210,81468,84898,104648,122481,164115,209033,277376,367024,512601,636800,696420,639096,561150,466488,216283,0,0,0,0,0,0,0,0,0,0,0,0,0,0,0,0,0,0,0,0,0,0,0,0,0,0,0,0,0,0,0,0,0,0,0,0,0,0,0,0,0,0,0,0,0,0,0,0,0,0,0,0,0,0,0,0,0,0,0,0,0,0,0,0,0,0,0,0,0,0,0,0,0,0,0,0,0,0,0,0,0,0,0,0,0,0,0,0,0,0,0,0,0,0,0,0,0,0,0,0,0,0,0,0,0,0,0,0,0,0,0,0,0,0,0,0,0,0,0,0,0,0,0,0,0,0,0,0,0,0,0,0,0,0,0,0,0,0,0,0,0,0,0,0,0,0,0,0,0,0,0,0,0,0,0,0,0,0,0,0,0,0,0,0,0,0,0,0,0,0,0,0,0,0,0,0,0,0,0,0,0,0,0,0,0,0,0,0,0,0,0,0,0,0,0,0,0,0,0,0,0,0,0,0,0,0,0,0
1530,1485,1666,1683,1750,2000,1813,1924,1938,1728,1872,2040,1786,1702,1564,1575,1591,1716,1620,1739,1750,1995,1881,1972,2109,2320,2451,2451,2881,2940,2730,2457,2356,2856,2720,2800,2760,2379,2394,3290,3450,3542,3792,3542,4150,4840,4680,5022,4929,5088,5390,5712,6032,5626,6240,6060,5757,7416,9322,9204,10332,10496,11094,12285,15444,16102,17535,18312,18532,19402,23052,24852,20580,25047,27430,31603,7560,13120,36018,58637,64848,86033,98707,111565,131003,186948,235224,323748,436188,587265,678300,638496,531898,496650,256932,4120,3608,3567,3480,0,0,0,0,0,0,0,0,0,0,0,0,0,0,0,0,0,0,0,0,0,0,0,0,0,0,0,0,0,0,0,0,0,0,0,0,0,0,0,0,0,0,0,0,0,0,0,0,0,0,0,0,0,0,0,0,0,0,0,0,0,0,0,0,0,0,0,0,0,0,0,0,0,0,0,0,0,0,0,0,0,0,0,0,0,0,0,0,0,0,0,0,0,0,0,0,0,0,0,0,0,0,0,0,0,0,0,0,0,0,0,0,0,0,0,0,0,0,0,0,0,0,0,0,0,0,0,0,0,0,0,0,0,0,0,0,0,0,0,0,0,0,0,0,0,0,0,0,0,0,0,0,0,0,0,0,0,0,0,0,0,0,0,0,0,0,0,0,0,0,0,0,0,0,0,0,0,0,0,0,0,0,0,0,0,0,0,0,0,0,0,0,0,0,0,0,0,0,0,0,0
4176,4860,4840,6955,6283,7524,8468,7700,9471,10080,9472,13066,15543,17500,20679,21177,21168,24278,24336,22035,25134,28600,29526,62568,9282,81030,99144,114750,150912,175680,221760,312597,445108,532230,627070,572250,510402,429568,190872,0,0,0,0,0,0,0,0,0,0,0,0,0,0,0,0,0,0,0,0,0,0,0,0,0,0,0,0,0,0,0,0,0,0,0,0,0,0,0,0,0,0,0,0,0,0,0,0,0,0,0,0,0,0,0,0,0,0,0,0,0,0,0,0,0,0,0,0,0,0,0,0,0,0,0,0,0,0,0,0,0,0,0,0,0,0,0,0,0,0,0,0,0,0,0,0,0,0,0,0,0,0,0,0,0,0,0,0,0,0,0,0,0,0,0,0,0,0,0,0,0,0,0,0,0,0,0,0,0,0,0,0,0,0,0,0,0,0,0,0,0,0,0,0,0,0,0,0,0,0,0,0,0,0,0,0,0,0,0,0,0,0,0,0,0,0,0,0,0,0,0,0,0,0,0,0,0,0,0,0,0,0,0,0,0,0,0,0,0,0,0,0,0,0,0,0,0,0,0,0,0,0,0,0,0,0,0,0,0,0,0,0,0,0,0,0,0,0,0,0,0,0,0,0,0,0,0,0,0,0,0,0,0,0,0,0,0,0,0,0,0,0,0,0,0,0,0,0,0,0,0,0,0,0,0,0,0,0,0,0,0
3645,4042,2898,3128,3220,4950,5220,4928,5520,6592,6500,7276,7560,7980,8140,9240,9558,11571,13871,15345,15840,18720,12218,16102,19136,21780,22713,24633,26375,25542,25942,32518,74175,86688,104165,124579,170352,195696,273700,367575,490860,556638,549640,473704,351232,143562,0,0,0,0,0,0,0,0,0,0,0,0,0,0,0,0,0,0,0,0,0,0,0,0,0,0,0,0,0,0,0,0,0,0,0,0,0,0,0,0,0,0,0,0,0,0,0,0,0,0,0,0,0,0,0,0,0,0,0,0,0,0,0,0,0,0,0,0,0,0,0,0,0,0,0,0,0,0,0,0,0,0,0,0,0,0,0,0,0,0,0,0,0,0,0,0,0,0,0,0,0,0,0,0,0,0,0,0,0,0,0,0,0,0,0,0,0,0,0,0,0,0,0,0,0,0,0,0,0,0,0,0,0,0,0,0,0,0,0,0,0,0,0,0,0,0,0,0,0,0,0,0,0,0,0,0,0,0,0,0,0,0,0,0,0,0,0,0,0,0,0,0,0,0,0,0,0,0,0,0,0,0,0,0,0,0,0,0,0,0,0,0,0,0,0,0,0,0,0,0,0,0,0,0,0,0,0,0,0,0,0,0,0,0,0,0,0,0,0,0,0,0,0,0,0,0,0,0,0,0,0,0,0,0,0,0,0,0,0,0,0,0,0,0,0,0,0,0,0,0,0,0,0,0
1518,1376,1998,2196,2331,2368,2356,2881,3150,2516,2952,4450,4300,4628,4992,5353,4895,3468,4785,6060,6804,6510,6976,7797,8208,8142,8658,9933,12496,14043,16524,18648,18810,20976,23718,19032,21037,25498,26412,27392,27470,26680,76812,83250,107520,140112,160160,196413,294071,407092,507448,580676,553175,478175,350322,0,0,0,0,0,0,0,0,0,0,0,0,0,0,0,0,0,0,0,0,0,0,0,0,0,0,0,0,0,0,0,0,0,0,0,0,0,0,0,0,0,0,0,0,0,0,0,0,0,0,0,0,0,0,0,0,0,0,0,0,0,0,0,0,0,0,0,0,0,0,0,0,0,0,0,0,0,0,0,0,0,0,0,0,0,0,0,0,0,0,0,0,0,0,0,0,0,0,0,0,0,0,0,0,0,0,0,0,0,0,0,0,0,0,0,0,0,0,0,0,0,0,0,0,0,0,0,0,0,0,0,0,0,0,0,0,0,0,0,0,0,0,0,0,0,0,0,0,0,0,0,0,0,0,0,0,0,0,0,0,0,0,0,0,0,0,0,0,0,0,0,0,0,0,0,0,0,0,0,0,0,0,0,0,0,0,0,0,0,0,0,0,0,0,0,0,0,0,0,0,0,0,0,0,0,0,0,0,0,0,0,0,0,0,0,0,0,0,0,0,0,0,0,0,0,0,0,0,0,0,0,0,0,0,0,0,0,0,0,0,0,0,0,0,0
4557,4464,4324,3960,4324,4094,4416,4224,4176,4845,4836,5035,5292,5600,5656,5700,5700,5800,5858,5141,5353,5936,5775,5928,5928,5830,5720,5459,5720,5992,6050,6104,6327,6384,6726,6783,6612,6993,7458,6600,6438,6612,6900,7296,7410,7722,7865,7502,7320,7475,7552,7605,7656,8432,8296,7854,7744,7686,8184,8890,9216,9125,9768,10050,10549,10564,10823,11097,11424,11280,11200,10608,11371,11316,11288,11676,12900,13552,12963,14076,14812,15134,15698,15379,16896,16910,17325,17978,14385,15515,16758,16936,17136,17255,16920,17424,18054,19220,19530,21248,22360,21328,23000,22932,23296,24759,24890,23842,24871,25668,26696,25254,27580,29346,28908,28368,30450,30600,31310,31382,56548,61056,62060,65968,62608,61004,69324,75696,73902,76590,87840,84835,99898,105848,109880,124434,121510,128744,140261,151704,150192,165672,175272,198156,216128,236624,249382,269490,298816,318325,353600,387926,462342,532620,566941,704496,735140,963424,1091754,1106046,1107225,1154269,1118565,1115739,1303489,1028280,1001637,1005130,994706,909376,865100,837395,730432,627263,494040,326400,194346,69300,0,0,0,0,0,0,0,0,0,0,0,0,0,0,0,0,0,0,0,0,0,0,0,0,0,0,0,0,0,0,0,0,0,0,0,0,0,0,0,0,0,0,0,0,0,0,0,0,0,0,0,0,0,0,0,0,0,0,0,0,0,0,0,0,0,0,0,0,0,0,0,0,0,0,0,0,0,0,0,0,0,0,0,0,0,0,0,0,0,0,0,0,0,0,0,0,0,0,0,0,0,0,0,0,0,0,0,0,0,0,0,0,0,0,0,0,0,0,0,0,0,0
2627,2592,2520,2775,2664,3003,3526,3726,3948,3984,3510,3713,3450,3375,3525,3572,3496,3680,3690,3520,3936,4080,3652,4224,4312,4450,4450,4500,4539,4488,4450,4784,4982,4929,4929,4836,4836,4896,4896,4992,4845,4700,4416,4416,4590,5170,5376,5626,5814,5300,5353,5508,5184,5280,5600,5656,6018,5544,5376,4959,4428,5096,7437,7062,7245,7280,7373,8175,10250,10611,10660,10906,10710,10092,11160,12144,13708,11997,12555,14100,12972,12927,13113,12927,13348,13585,13490,13892,13912,16245,16128,15642,16490,16261,18200,17646,17098,17407,16700,18096,18404,19688,18584,19261,20776,23430,22572,20520,23548,23760,24428,23985,25908,27008,28542,29346,30084,29885,30174,30870,33972,32625,35550,36450,37297,51615,55755,63700,63154,56840,69122,72144,71712,73902,86505,93000,93873,98945,103885,108744,111478,122876,135274,140844,147408,165452,178648,186022,201448,225348,240462,275412,309960,356088,404670,471670,506604,594216,662752,704374,784429,823296,833946,856980,791791,799594,781869,760448,751744,741802,713806,696850,604934,516800,439137,287116,195624,1012,1080,1127,1104,1176,0,0,0,0,0,0,0,0,0,0,0,0,0,0,0,0,0,0,0,0,0,0,0,0,0,0,0,0,0,0,0,0,0,0,0,0,0,0,0,0,0,0,0,0,0,0,0,0,0,0,0,0,0,0,0,0,0,0,0,0,0,0,0,0,0,0,0,0,0,0,0,0,0,0,0,0,0,0,0,0,0,0,0,0,0,0,0,0,0,0,0,0,0,0,0,0,0,0,0,0,0,0,0,0,0,0,0,0,0,0,0,0,0,0,0,0,0,0
1815,2640,1760,2006,2108,2240,2112,2142,2210,2622,2516,2211,1984,2145,2275,2046,2240,2240,2210,2210,2176,2376,2376,2546,2584,2698,2886,2769,2920,3034,2886,3108,2952,2993,2960,3116,3280,3444,3825,3825,4183,3910,3772,3984,3995,3634,3760,4089,4416,4700,5096,4845,4896,5035,5141,5757,5985,5610,5500,5610,5292,5390,5742,6077,6254,5858,5858,5700,5643,5800,5841,5684,5992,6540,7906,7182,7360,7130,7192,7973,7956,8120,8591,9271,9144,9490,10050,10108,9956,10184,10488,10703,10488,11076,11544,10981,10744,11466,11771,12382,12684,13224,12470,11928,11928,12584,13552,13973,16102,12936,15698,15159,11480,12212,16296,13244,10336,9648,7257,5537,5232,3034,3496,18228,18079,20352,20758,23598,23598,23920,23600,23954,25584,27136,28595,29960,29892,29670,30960,32890,32944,35090,999,988,52845,999,56260,975,73814,77408,76700,78078,81666,91035,99160,102750,110682,116064,122008,163770,168498,179025,192150,209557,232848,276192,300960,342576,389129,463690,517608,600300,732888,836610,1010095,1118126,1171079,1152160,1148019,1121425,1132860,1111600,1101072,1063960,1037160,960385,964425,817190,737409,530621,328500,191682,0,0,0,0,0,0,0,0,0,0,0,0,0,0,0,0,0,0,0,0,0,0,0,0,0,0,0,0,0,0,0,0,0,0,0,0,0,0,0,0,0,0,0,0,0,0,0,0,0,0,0,0,0,0,0,0,0,0,0,0,0,0,0,0,0,0,0,0,0,0,0,0,0,0,0,0,0,0,0,0,0,0,0,0,0,0,0,0,0,0,0,0,0,0,0,0,0,0,0,0,0,0,0,0,0,0,0,0
2590,2664,2812,2664,2964,2774,2627,2380,2244,2556,2310,2346,2346,2664,2964,2701,2847,2701,2701,2701,2925,2590,2622,2627,2660,2590,3075,2880,2847,2886,2760,2294,2124,2088,2030,2624,2747,2640,2856,2948,3312,3381,3774,3763,3848,3550,3550,3479,3621,3570,3975,4125,4424,4592,5074,5015,5551,5612,5952,5673,5733,5952,5828,5856,6076,6237,6784,6955,6901,6760,6695,7020,7062,7035,8094,8760,10112,10191,11040,11760,10842,10549,11139,12126,11952,12495,11360,10920,12710,11020,11396,12852,13695,15570,17919,17760,20056,21228,20757,22374,24676,25584,27950,27772,28288,29512,32900,33184,34914,36096,50596,56889,63600,66504,72760,78760,79425,95750,98059,120120,128414,125554,150737,168675,188600,199467,235422,262676,305225,359229,412929,497424,607815,669232,659792,639636,625632,605880,656298,628122,559320,520429,456076,449264,351120,236854,154208,0,0,0,0,0,0,0,0,0,0,0,0,0,0,0,0,0,0,0,0,0,0,0,0,0,0,0,0,0,0,0,0,0,0,0,0,0,0,0,0,0,0,0,0,0,0,0,0,0,0,0,0,0,0,0,0,0,0,0,0,0,0,0,0,0,0,0,0,0,0,0,0,0,0,0,0,0,0,0,0,0,0,0,0,0,0,0,0,0,0,0,0,0,0,0,0,0,0,0,0,0,0,0,0,0,0,0,0,0,0,0,0,0,0,0,0,0,0,0,0,0,0,0,0,0,0,0,0,0,0,0,0,0,0,0,0,0,0,0,0,0,0,0,0,0,0,0,0,0,0,0,0,0
2584,2736,2592,2555,2346,2346,2346,2312,2412,2484,2920,2808,2691,2664,2774,2850,2700,2664,2700,3003,3268,3420,3510,3344,3311,3192,3075,3075,2952,3139,3542,3634,3520,3735,3780,3984,4233,4284,4284,4200,4089,4400,4300,4316,4386,4437,4752,4524,4628,4717,4928,4816,4648,5251,5310,5607,6231,6435,6464,6111,6435,6930,7659,7590,8064,8687,8330,8591,9804,10480,11928,12584,11340,12684,11664,12580,14760,17150,16975,17169,17900,19292,20240,21996,20424,23353,21879,19186,20601,19530,22736,24012,27690,29172,30498,30375,31552,31161,29607,34839,34300,35868,34416,51986,54621,54432,63933,66312,65448,74936,89667,91988,106190,108936,125697,126072,130524,167508,194012,203760,236875,247793,282568,317112,386914,456225,562320,651311,745940,735672,718872,704175,685608,702998,719340,692067,679428,687344,661713,511238,413160,0,0,0,0,0,0,0,0,0,0,0,0,0,0,0,0,0,0,0,0,0,0,0,0,0,0,0,0,0,0,0,0,0,0,0,0,0,0,0,0,0,0,0,0,0,0,0,0,0,0,0,0,0,0,0,0,0,0,0,0,0,0,0,0,0,0,0,0,0,0,0,0,0,0,0,0,0,0,0,0,0,0,0,0,0,0,0,0,0,0,0,0,0,0,0,0,0,0,0,0,0,0,0,0,0,0,0,0,0,0,0,0,0,0,0,0,0,0,0,0,0,0,0,0,0,0,0,0,0,0,0,0,0,0,0,0,0,0,0,0,0,0,0,0,0,0,0,0,0,0,0,0,0,0,0,0,0,0,0
1952,1770,1800,1891,2112,2077,2144,2277,2211,2178,2015,2046,2046,2112,2178,2380,2412,2448,2660,2660,2660,2660,2553,2736,2660,2847,2920,3034,3034,3034,3276,3311,3344,3268,3234,3311,3564,3483,3827,3990,3864,3612,3870,3910,3772,3608,3608,3569,3402,3362,3321,3362,3570,4095,4324,4048,3872,3872,4005,4324,4462,4230,3825,3956,4042,3864,4437,4416,4512,5244,5605,5452,5529,5358,5358,5782,5959,5605,5605,6076,6528,6100,6237,6528,6720,6489,6720,6489,6615,7659,8520,8712,8568,9196,8760,8954,9176,9600,9324,9250,10296,10374,10452,11398,11560,12556,11676,11696,13050,13912,12905,13528,13140,14112,14938,16160,17869,16422,17596,17549,18480,20124,19436,19690,22015,23375,22148,20895,27972,29591,30607,24750,25019,26068,28196,33264,33654,35133,33640,52428,63936,66639,78474,77000,84882,89154,99057,116352,122610,117216,127872,139598,185562,220458,264707,288144,349888,417924,456720,534751,646980,774334,1124925,1224552,1273600,1222013,1302400,1167296,1186056,1128831,1077654,1064700,1014481,853294,636637,335959,167970,0,0,0,0,0,0,0,0,0,0,0,0,0,0,0,0,0,0,0,0,0,0,0,0,0,0,0,0,0,0,0,0,0,0,0,0,0,0,0,0,0,0,0,0,0,0,0,0,0,0,0,0,0,0,0,0,0,0,0,0,0,0,0,0,0,0,0,0,0,0,0,0,0,0,0,0,0,0,0,0,0,0,0,0,0,0,0,0,0,0,0,0,0,0,0,0,0,0,0,0,0,0,0,0,0,0,0,0,0,0,0,0,0,0,0,0,0,0,0,0,0,0,0
1568,1674,1848,1824,1643,1705,1674,1705,1705,1856,2013,2340,2376,2664,2926,2664,2664,2556,2448,2479,2479,2442,2376,2442,2442,2553,2553,2664,2412,2312,2310,2310,2412,2520,2450,2485,2664,2590,2244,2176,2240,2448,2048,2079,2145,2310,2484,2627,2628,2628,2736,2520,2628,2482,2346,2277,2628,2840,2769,2911,2993,3192,3300,3330,3600,3478,3850,4004,3900,3927,4004,4056,4004,4316,4335,4335,4472,4386,4420,4505,4420,4488,4488,4732,4628,5336,5766,5310,5280,5490,5490,4895,5917,6464,6834,6834,7280,6825,6890,7659,8662,9250,10349,11703,11900,11954,13350,14287,14924,14996,15510,16562,16128,18928,18832,21808,22892,25216,24250,21131,22736,22388,24360,28288,30464,32200,33221,32200,29648,29328,34892,35380,34440,53436,55384,57915,60398,66456,68256,80605,90036,99294,106666,127710,126096,132457,175230,184800,199963,239132,253286,299871,369397,444096,553959,657856,741143,731367,719147,691364,695020,691581,673778,671886,679484,614754,480024,175980,0,0,0,0,0,0,0,0,0,0,0,0,0,0,0,0,0,0,0,0,0,0,0,0,0,0,0,0,0,0,0,0,0,0,0,0,0,0,0,0,0,0,0,0,0,0,0,0,0,0,0,0,0,0,0,0,0,0,0,0,0,0,0,0,0,0,0,0,0,0,0,0,0,0,0,0,0,0,0,0,0,0,0,0,0,0,0,0,0,0,0,0,0,0,0,0,0,0,0,0,0,0,0,0,0,0,0,0,0,0,0,0,0,0,0,0,0,0,0,0,0,0,0,0,0,0,0,0,0,0,0,0
1150,1265,1375,1350,1296,1288,1311,1232,1357,1311,1296,1375,1431,1512,1568,1710,1508,1508,1566,1537,1650,1800,1922,1984,1860,1740,1740,1560,1650,1650,1680,1680,1485,1596,1827,1820,2040,2030,2130,1932,2070,2170,2170,2304,2475,2400,2905,2720,2409,2516,2952,2800,3108,2960,2916,2923,3081,3154,3276,3154,3192,3315,3440,3696,3400,3486,3652,3612,3528,3608,3652,3444,3483,3555,3510,4032,3969,4200,4050,4675,4816,5246,5307,4731,4674,4988,5336,6138,6111,6048,6300,6365,6370,7373,5640,6600,6076,6969,7592,8284,8360,8624,10086,10795,10962,11970,12672,12282,12285,13578,14100,14440,13950,14570,14896,16320,18203,17762,14190,15015,14310,19239,11242,22016,26595,24444,25146,25756,28912,31161,31320,34075,35332,52170,55104,58014,67320,81474,89170,89544,92345,107190,108360,112749,121954,164730,179744,197098,240375,271614,329732,390508,472416,597268,709776,946810,1060668,1043238,1022986,1000433,974918,858900,784900,765776,680638,502158,284955,0,0,0,0,0,0,0,0,0,0,0,0,0,0,0,0,0,0,0,0,0,0,0,0,0,0,0,0,0,0,0,0,0,0,0,0,0,0,0,0,0,0,0,0,0,0,0,0,0,0,0,0,0,0,0,0,0,0,0,0,0,0,0,0,0,0,0,0,0,0,0,0,0,0,0,0,0,0,0,0,0,0,0,0,0,0,0,0,0,0,0,0,0,0,0,0,0,0,0,0,0,0,0,0,0,0,0,0,0,0,0,0,0,0,0,0,0,0,0,0,0,0,0,0,0,0,0,0,0,0,0,0,0
1653,1770,1792,1881,1938,2262,2356,2448,2627,2380,2380,2176,2240,2730,2870,2730,2720,2691,2736,2627,2738,2520,2664,2698,2738,2590,2310,2376,2304,2070,2343,2376,2448,2310,2625,2849,2516,2584,2550,2482,2628,2625,2664,2700,2812,2555,2701,2850,2701,2555,2738,2736,2812,2960,3276,3440,3354,3311,3225,3510,3311,3520,3948,3735,3726,3854,3936,3969,4386,4176,4576,4524,4611,4664,4628,4823,4576,4611,4840,4928,5073,5734,5796,6240,6039,6262,6448,6784,7104,7797,8307,8906,9225,9620,9804,10507,12240,11288,14469,14651,13588,14352,15552,16128,18025,19030,21594,21528,23750,24696,25807,23640,22698,24662,27904,29568,32109,31692,27520,32487,35358,34704,33984,54817,55872,58706,63036,70503,76923,83544,102765,106513,123250,121716,133653,185691,198528,224590,253526,286896,350208,442880,570240,660996,741754,725792,703560,686224,697865,687960,664814,665984,604635,464553,315795,0,0,0,0,0,0,0,0,0,0,0,0,0,0,0,0,0,0,0,0,0,0,0,0,0,0,0,0,0,0,0,0,0,0,0,0,0,0,0,0,0,0,0,0,0,0,0,0,0,0,0,0,0,0,0,0,0,0,0,0,0,0,0,0,0,0,0,0,0,0,0,0,0,0,0,0,0,0,0,0,0,0,0,0,0,0,0,0,0,0,0,0,0,0,0,0,0,0,0,0,0,0,0,0,0,0,0,0,0,0,0,0,0,0,0,0,0,0,0,0,0,0,0,0,0,0,0,0,0,0,0,0,0,0,0,0,0,0,0,0,0,0,0,0,0
1428,1316,1392,1305,1612,1716,1716,1848,1728,1815,1705,1848,1815,1815,1995,1995,2183,2146,2257,2124,2124,2318,2418,2600,2600,2376,2622,2730,2920,2769,2520,2627,2508,2613,2412,2800,2584,2691,2760,2730,2769,2775,2310,2211,2346,2736,2698,2847,2808,2738,2812,2812,2925,2850,2736,2736,2769,2880,2993,3075,3276,3510,3388,3234,3520,3555,4250,4284,3888,3572,3648,3723,3950,4018,4437,4664,4611,4664,4717,4806,4752,5251,4920,5888,6006,6231,6298,6534,6834,7107,7810,7952,8288,8468,9150,10033,11560,12470,12848,12298,13439,15364,15130,15180,16856,17400,19690,19224,20424,22347,21056,20570,22200,24522,27432,30780,29792,31808,30240,31746,36995,35035,34128,50960,56430,55860,64464,66150,77056,84812,103424,107640,125560,130980,172575,198121,208656,249640,271671,348080,447034,549745,708414,738112,724470,701802,702121,714840,680928,670080,660820,500639,0,0,0,0,0,0,0,0,0,0,0,0,0,0,0,0,0,0,0,0,0,0,0,0,0,0,0,0,0,0,0,0,0,0,0,0,0,0,0,0,0,0,0,0,0,0,0,0,0,0,0,0,0,0,0,0,0,0,0,0,0,0,0,0,0,0,0,0,0,0,0,0,0,0,0,0,0,0,0,0,0,0,0,0,0,0,0,0,0,0,0,0,0,0,0,0,0,0,0,0,0,0,0,0,0,0,0,0,0,0,0,0,0,0,0,0,0,0,0,0,0,0,0,0,0,0,0,0,0,0,0,0,0,0,0,0,0,0,0,0,0,0,0,0,0,0,0,0
1215,1118,1188,1161,1215,1118,1188,1092,1050,1025,1008,1050,984,1032,1056,1056,1035,1080,1012,1035,1008,1012,1075,1100,1128,1200,1274,1248,1350,1300,1250,1323,1250,1176,1200,1272,1219,1272,1320,1400,1400,1430,1456,1404,1352,1431,1431,1431,1430,1620,1736,1620,1680,1769,1860,1891,2080,2145,1984,2178,2144,2244,2312,2244,2278,2210,2310,2448,2520,2625,2208,2178,2310,2622,2808,3276,3234,3388,3388,3510,3510,3388,3388,3465,3634,3920,3726,3542,3840,3680,4067,4240,4056,3773,4108,4428,4592,5040,5544,5456,5280,5824,6499,6912,6887,7200,7000,7373,7548,7227,7326,8580,7592,6600,8424,7918,10062,10234,11739,13289,13632,16120,16224,18338,19665,19488,18083,19030,18513,18909,13770,14608,25650,24816,27336,29394,31500,34958,29145,33288,45843,48689,51336,55678,57428,68370,77350,91059,98688,114210,117576,235600,286596,327186,415740,522500,669438,911040,1036656,1003632,995744,932090,895700,822024,752400,571680,330660,116614,0,0,0,0,0,0,0,0,0,0,0,0,0,0,0,0,0,0,0,0,0,0,0,0,0,0,0,0,0,0,0,0,0,0,0,0,0,0,0,0,0,0,0,0,0,0,0,0,0,0,0,0,0,0,0,0,0,0,0,0,0,0,0,0,0,0,0,0,0,0,0,0,0,0,0,0,0,0,0,0,0,0,0,0,0,0,0,0,0,0,0,0,0,0,0,0,0,0,0,0,0,0,0,0,0,0,0,0,0,0,0,0,0,0,0,0,0,0,0,0,0,0,0,0,0,0,0,0,0,0,0,0
900,992,992,1054,960,1024,961,928,990,957,960,1152,1056,1116,1147,1080,1023,1085,1056,990,1024,1088,1221,1122,1080,1170,1218,1218,1176,1176,1334,1350,1363,1392,1450,1134,1073,1050,1085,1260,1189,1344,1344,1504,1734,1749,1870,1938,2065,1836,1890,2065,2170,2412,2380,2556,2628,2484,2448,2275,2652,2560,2508,2590,2590,2660,2584,2698,2925,2701,2664,2850,2920,2964,2812,2812,2450,2556,2812,3234,3157,3080,3120,2738,2738,3042,3075,3075,3150,3066,3312,3300,3053,2924,3256,3420,3024,3696,4000,3479,3240,3900,4524,5133,5460,5612,6048,6305,5859,6016,6370,6930,7245,7668,8475,8625,9450,10665,11139,10935,11297,13104,13072,13502,13528,12963,13680,14076,15840,13923,17000,17978,12480,11026,6171,4356,26499,27348,28470,29480,32544,31640,32200,34251,51223,53098,57888,62667,70620,83889,104411,105592,124976,119808,169452,189024,213462,264799,324120,424000,535194,682668,711312,688908,663879,681660,630400,634865,581516,457173,0,0,0,0,0,0,0,0,0,0,0,0,0,0,0,0,0,0,0,0,0,0,0,0,0,0,0,0,0,0,0,0,0,0,0,0,0,0,0,0,0,0,0,0,0,0,0,0,0,0,0,0,0,0,0,0,0,0,0,0,0,0,0,0,0,0,0,0,0,0,0,0,0,0,0,0,0,0,0,0,0,0,0,0,0,0,0,0,0,0,0,0,0,0,0,0,0,0,0,0,0,0,0,0,0,0,0,0,0,0,0,0,0,0,0,0,0,0,0,0,0,0,0,0,0,0,0,0,0,0
1680,1800,1860,1888,1920,1980,1920,1953,2016,1952,1860,1891,1953,1922,2046,1920,2015,2046,2176,2278,2584,2769,2940,2993,3034,2774,2964,3003,3003,3116,3268,3555,3600,4116,3645,3995,4214,4641,4450,4272,4459,4416,4512,4896,5044,5300,5148,5353,5555,5916,6180,5800,5900,6060,6039,6324,6912,6804,6195,7590,8330,8120,7480,7656,8804,9216,9288,10586,9709,10260,11972,12325,12298,12496,12750,13617,13920,14062,16896,18430,19404,20196,20592,22365,24420,18204,19588,20520,21971,24472,25935,29315,29329,30388,30173,29394,28950,32032,62752,62640,64584,68355,71583,85314,92655,99645,106080,122090,135520,190068,239364,271466,343728,403318,548000,688328,1021020,1166033,1071462,1096089,975120,962024,924005,799374,542192,210684,0,0,0,0,0,0,0,0,0,0,0,0,0,0,0,0,0,0,0,0,0,0,0,0,0,0,0,0,0,0,0,0,0,0,0,0,0,0,0,0,0,0,0,0,0,0,0,0,0,0,0,0,0,0,0,0,0,0,0,0,0,0,0,0,0,0,0,0,0,0,0,0,0,0,0,0,0,0,0,0,0,0,0,0,0,0,0,0,0,0,0,0,0,0,0,0,0,0,0,0,0,0,0,0,0,0,0,0,0,0,0,0,0,0,0,0,0,0,0,0,0,0,0,0,0,0,0,0,0,0,0,0,0,0,0,0,0,0,0,0,0,0,0,0,0,0,0,0,0,0,0,0,0,0,0,0,0,0,0,0,0,0,0,0,0,0,0,0,0,0,0,0,0,0
1856,1881,1881,1782,1504,1395,1584,1666,1683,1824,1674,1664,1696,2006,1888,1800,2052,2183,2040,2046,2112,1953,1860,1590,2108,2622,2760,2808,2556,2812,2920,2294,2232,2613,2788,3402,3040,2880,2691,3053,2940,2925,2736,3075,3276,3300,3266,3478,3525,3496,3420,3552,3750,3700,3700,3572,3675,3570,3479,3552,3650,3692,3468,4028,4218,4277,4324,5044,4800,4606,5141,5712,7056,6930,7480,8004,7884,7571,10218,9702,11844,10773,12180,11088,13286,12690,14880,14570,15714,16102,16218,18083,18684,18639,21583,22400,22939,23650,23760,30324,31080,32112,34944,35316,33354,28014,48752,55084,56260,60792,71904,77292,88935,105413,121695,142910,159858,212528,223245,288288,375468,493025,626275,820480,867184,836400,803916,783675,785832,708796,601563,327750,0,0,0,0,0,0,0,0,0,0,0,0,0,0,0,0,0,0,0,0,0,0,0,0,0,0,0,0,0,0,0,0,0,0,0,0,0,0,0,0,0,0,0,0,0,0,0,0,0,0,0,0,0,0,0,0,0,0,0,0,0,0,0,0,0,0,0,0,0,0,0,0,0,0,0,0,0,0,0,0,0,0,0,0,0,0,0,0,0,0,0,0,0,0,0,0,0,0,0,0,0,0,0,0,0,0,0,0,0,0,0,0,0,0,0,0,0,0,0,0,0,0,0,0,0,0,0,0,0,0,0,0,0,0,0,0,0,0,0,0,0,0,0,0,0,0,0,0,0,0,0,0,0,0,0,0,0,0,0,0,0,0,0,0,0,0,0,0
874,874,920,966,1056,1032,1100,968,1035,1035,1035,968,1012,1152,1152,1275,1326,1352,1428,1428,1612,1760,1782,1705,1674,1519,1479,1674,1829,2013,2124,2294,2394,2470,2496,2924,2856,3053,2952,3124,2967,2706,2838,2925,2904,2992,3330,3420,3542,3572,3984,4018,3950,4200,4250,4165,4150,3713,3182,3225,3476,3807,4116,3888,4233,3321,3526,3354,4212,4312,4459,4399,4947,4650,4590,4982,5141,6164,5665,5916,5974,6283,6148,6540,6032,6696,6912,7119,7245,7705,7820,8040,8470,11305,11868,12580,14744,16261,18060,16590,18966,19712,22385,22372,23058,24765,27398,27522,27811,30502,32802,44469,49776,50875,57230,62685,77634,86518,103220,114124,128601,179733,231992,278110,339680,436825,607985,837660,977812,963916,931775,877450,789257,755380,550339,0,0,0,0,0,0,0,0,0,0,0,0,0,0,0,0,0,0,0,0,0,0,0,0,0,0,0,0,0,0,0,0,0,0,0,0,0,0,0,0,0,0,0,0,0,0,0,0,0,0,0,0,0,0,0,0,0,0,0,0,0,0,0,0,0,0,0,0,0,0,0,0,0,0,0,0,0,0,0,0,0,0,0,0,0,0,0,0,0,0,0,0,0,0,0,0,0,0,0,0,0,0,0,0,0,0,0,0,0,0,0,0,0,0,0,0,0,0,0,0,0,0,0,0,0,0,0,0,0,0,0,0,0,0,0,0,0,0,0,0,0,0,0,0,0,0,0,0,0,0,0,0,0,0,0,0,0,0,0,0,0,0,0,0,0
1770,1829,1891,2112,2144,2112,2346,2343,2310,2277,2176,1984,2244,2520,2550,2400,2485,2450,2520,2660,3034,2925,2808,2850,2925,2006,2016,2030,2135,2079,2448,2448,2516,2880,2993,3116,2812,3318,3239,3432,3850,3404,3750,3648,3800,3700,4080,4212,4455,4565,4480,4704,5400,6365,6464,6762,6336,7884,7630,7490,8136,8806,10184,10472,10336,11256,11919,12460,13728,16632,16050,17160,17328,17710,18954,18560,22386,24192,25668,23009,23318,27783,32085,32550,30305,30952,47385,49896,53289,69264,83814,90240,107448,121108,135746,197816,190987,260064,318222,403542,570429,785495,867750,992560,1072764,937125,796138,752952,529143,173032,0,0,0,0,0,0,0,0,0,0,0,0,0,0,0,0,0,0,0,0,0,0,0,0,0,0,0,0,0,0,0,0,0,0,0,0,0,0,0,0,0,0,0,0,0,0,0,0,0,0,0,0,0,0,0,0,0,0,0,0,0,0,0,0,0,0,0,0,0,0,0,0,0,0,0,0,0,0,0,0,0,0,0,0,0,0,0,0,0,0,0,0,0,0,0,0,0,0,0,0,0,0,0,0,0,0,0,0,0,0,0,0,0,0,0,0,0,0,0,0,0,0,0,0,0,0,0,0,0,0,0,0,0,0,0,0,0,0,0,0,0,0,0,0,0,0,0,0,0,0,0,0,0,0,0,0,0,0,0,0,0,0,0,0,0,0,0,0,0,0,0,0,0,0,0,0,0,0,0,0,0,0,0,0,0,0,0,0,0,0
1150,1170,1215,1144,1170,962,1064,1026,1036,1131,924,1120,1148,1316,1305,1204,1320,1120,1302,1170,1131,1271,1333,1457,1734,1716,1581,1632,1612,1995,1904,1848,1972,1632,1500,1242,1350,1320,1485,1692,1540,1530,1680,1870,2030,2196,2183,2052,2160,2881,3128,3300,3337,3542,3384,3243,3266,3456,3285,3404,3285,3240,3337,3619,3648,3850,3780,3430,4503,4466,4740,4720,4941,4980,4880,5312,5170,5208,5044,6710,7296,6174,7344,8307,9424,10541,10500,10250,11985,11340,12040,14196,15295,15876,17544,17745,18795,20140,22550,23199,26586,25956,28274,29892,29680,31059,33810,36064,32109,50416,60900,68900,78075,88430,105336,128250,133875,169435,204700,266264,346426,474240,665126,863266,826177,815490,792767,715498,668794,512793,197800,0,0,0,0,0,0,0,0,0,0,0,0,0,0,0,0,0,0,0,0,0,0,0,0,0,0,0,0,0,0,0,0,0,0,0,0,0,0,0,0,0,0,0,0,0,0,0,0,0,0,0,0,0,0,0,0,0,0,0,0,0,0,0,0,0,0,0,0,0,0,0,0,0,0,0,0,0,0,0,0,0,0,0,0,0,0,0,0,0,0,0,0,0,0,0,0,0,0,0,0,0,0,0,0,0,0,0,0,0,0,0,0,0,0,0,0,0,0,0,0,0,0,0,0,0,0,0,0,0,0,0,0,0,0,0,0,0,0,0,0,0,0,0,0,0,0,0,0,0,0,0,0,0,0,0,0,0,0,0,0,0,0,0,0,0,0,0,0,0
1590,1560,1650,1680,1650,1705,1705,1792,1696,1728,1728,1760,1705,1767,1767,1798,1770,1740,1829,1798,1595,1760,1500,1440,1728,1881,1848,2074,1800,2210,2244,2240,2046,2015,1860,2112,1953,2112,2340,2508,2760,2911,2911,2982,2788,2747,2680,2760,2730,2829,3822,4182,4293,4160,4374,4592,4760,4590,4872,5368,6305,6499,6790,6624,6486,5673,7029,6860,7100,6500,7000,6566,6860,8505,10507,9768,11259,13617,14787,14570,16626,18304,18585,20458,20412,20223,20544,22347,29040,26928,26852,30888,32264,57915,67362,77604,84372,102684,122920,140125,168525,208104,236220,317796,442128,614319,768176,785664,762810,776480,733240,689640,509864,182721,0,0,0,0,0,0,0,0,0,0,0,0,0,0,0,0,0,0,0,0,0,0,0,0,0,0,0,0,0,0,0,0,0,0,0,0,0,0,0,0,0,0,0,0,0,0,0,0,0,0,0,0,0,0,0,0,0,0,0,0,0,0,0,0,0,0,0,0,0,0,0,0,0,0,0,0,0,0,0,0,0,0,0,0,0,0,0,0,0,0,0,0,0,0,0,0,0,0,0,0,0,0,0,0,0,0,0,0,0,0,0,0,0,0,0,0,0,0,0,0,0,0,0,0,0,0,0,0,0,0,0,0,0,0,0,0,0,0,0,0,0,0,0,0,0,0,0,0,0,0,0,0,0,0,0,0,0,0,0,0,0,0,0,0,0,0,0,0,0,0,0,0,0,0,0,0,0,0,0,0,0,0,0,0,0,0
1504,1457,1536,1980,2146,2160,1947,1980,1829,1829,1798,1920,1980,1888,2074,2074,1952,1984,1952,2013,1860,1952,1920,1952,1798,1829,1922,2145,2048,2016,1891,2016,1890,2208,2343,2310,2343,2448,2414,2343,2414,2380,2960,3198,3040,2997,3078,3280,3120,3240,2964,3120,3200,3120,3483,3956,3741,3569,3780,3483,4002,3564,3784,3520,3666,2870,3066,3645,3510,4100,4437,4876,5076,4982,5225,5472,5510,5684,6000,6195,7772,7524,8784,8856,9709,9916,10452,10062,11172,11397,11658,12584,13775,16171,17914,18530,17985,19046,21204,21392,17376,17017,21924,26496,27608,31164,30870,32250,32072,49020,64566,71583,84480,111510,129648,214830,270452,301842,430560,541633,697305,871008,1058932,1068756,796500,727080,644553,304500,0,0,0,0,0,0,0,0,0,0,0,0,0,0,0,0,0,0,0,0,0,0,0,0,0,0,0,0,0,0,0,0,0,0,0,0,0,0,0,0,0,0,0,0,0,0,0,0,0,0,0,0,0,0,0,0,0,0,0,0,0,0,0,0,0,0,0,0,0,0,0,0,0,0,0,0,0,0,0,0,0,0,0,0,0,0,0,0,0,0,0,0,0,0,0,0,0,0,0,0,0,0,0,0,0,0,0,0,0,0,0,0,0,0,0,0,0,0,0,0,0,0,0,0,0,0,0,0,0,0,0,0,0,0,0,0,0,0,0,0,0,0,0,0,0,0,0,0,0,0,0,0,0,0,0,0,0,0,0,0,0,0,0,0,0,0,0,0,0,0,0,0
1092,1170,1222,1296,1372,1150,1150,1222,1152,1196,1372,1428,1316,1323,1222,1300,1400,1590,1560,1620,1566,1508,1643,1749,1960,1815,1749,2142,2380,2886,3362,3321,3198,3160,2926,2736,2664,2520,2701,2520,2380,2310,2485,2520,2414,2556,3360,3360,2920,2964,2850,3108,3388,2736,3360,3320,3276,4050,4140,4263,4410,4704,4656,6077,6498,6552,7686,7800,8118,8772,9372,9520,8694,9869,10434,12160,12560,13260,14628,14620,15308,17280,20384,20355,20862,22176,25610,27064,29820,30174,36498,39370,50875,62424,67689,84546,97000,110040,113968,147486,173716,211560,286304,409248,564440,771316,832960,800562,736236,683200,511242,225938,0,0,0,0,0,0,0,0,0,0,0,0,0,0,0,0,0,0,0,0,0,0,0,0,0,0,0,0,0,0,0,0,0,0,0,0,0,0,0,0,0,0,0,0,0,0,0,0,0,0,0,0,0,0,0,0,0,0,0,0,0,0,0,0,0,0,0,0,0,0,0,0,0,0,0,0,0,0,0,0,0,0,0,0,0,0,0,0,0,0,0,0,0,0,0,0,0,0,0,0,0,0,0,0,0,0,0,0,0,0,0,0,0,0,0,0,0,0,0,0,0,0,0,0,0,0,0,0,0,0,0,0,0,0,0,0,0,0,0,0,0,0,0,0,0,0,0,0,0,0,0,0,0,0,0,0,0,0,0,0,0,0,0,0,0,0,0,0,0,0,0,0,0,0,0,0,0,0,0,0,0,0,0,0,0,0,0,0
2275,2210,2208,2409,2695,2584,2508,2695,2664,2556,2772,3145,3268,3315,3526,3960,4050,3654,4136,4278,4557,5194,4947,5280,5510,5568,5760,6161,6324,6890,7524,8540,8160,9472,8733,10873,10742,11220,10736,12276,14484,13774,13160,14647,17160,18511,19203,20832,21200,16632,7905,8374,26240,9464,2139,36792,51120,57682,62628,75993,94627,100880,122256,159753,191318,265950,343934,510576,708015,703803,693584,646736,652698,534360,318176,0,0,0,0,0,0,0,0,0,0,0,0,0,0,0,0,0,0,0,0,0,0,0,0,0,0,0,0,0,0,0,0,0,0,0,0,0,0,0,0,0,0,0,0,0,0,0,0,0,0,0,0,0,0,0,0,0,0,0,0,0,0,0,0,0,0,0,0,0,0,0,0,0,0,0,0,0,0,0,0,0,0,0,0,0,0,0,0,0,0,0,0,0,0,0,0,0,0,0,0,0,0,0,0,0,0,0,0,0,0,0,0,0,0,0,0,0,0,0,0,0,0,0,0,0,0,0,0,0,0,0,0,0,0,0,0,0,0,0,0,0,0,0,0,0,0,0,0,0,0,0,0,0,0,0,0,0,0,0,0,0,0,0,0,0,0,0,0,0,0,0,0,0,0,0,0,0,0,0,0,0,0,0,0,0,0,0,0,0,0,0,0,0,0,0,0,0,0,0,0,0,0,0,0,0,0,0,0,0,0,0,0,0,0,0,0,0,0,0,0,0,0,0,0,0
945,952,999,1014,1066,1092,1032,1125,1225,1080,1058,1035,989,1056,1118,1014,1066,1188,1188,1215,1196,1274,1350,1323,1350,1484,1344,1344,1344,1590,1620,1560,1530,1650,1620,1680,1860,1770,1952,1952,1800,1674,1537,1456,1740,1891,1682,1682,1596,1595,1711,1595,1428,2013,2170,2170,2240,2457,2405,2479,2574,2747,2856,2904,2948,2992,3082,3264,3332,3774,3927,3621,3825,4510,4592,5016,4928,4928,5278,5828,6324,6656,7040,6996,7888,7906,8040,9443,10050,9727,10842,11620,12876,14601,15484,14725,15345,16480,16905,18600,22509,23895,23427,19604,21301,27186,30545,32012,32032,35650,1696,60795,62928,72225,96330,110986,119808,190893,192960,280988,403184,487272,742436,958713,1017248,1014509,912988,819090,578220,0,0,0,0,0,0,0,0,0,0,0,0,0,0,0,0,0,0,0,0,0,0,0,0,0,0,0,0,0,0,0,0,0,0,0,0,0,0,0,0,0,0,0,0,0,0,0,0,0,0,0,0,0,0,0,0,0,0,0,0,0,0,0,0,0,0,0,0,0,0,0,0,0,0,0,0,0,0,0,0,0,0,0,0,0,0,0,0,0,0,0,0,0,0,0,0,0,0,0,0,0,0,0,0,0,0,0,0,0,0,0,0,0,0,0,0,0,0,0,0,0,0,0,0,0,0,0,0,0,0,0,0,0,0,0,0,0,0,0,0,0,0,0,0,0,0,0,0,0,0,0,0,0,0,0,0,0,0,0,0,0,0,0,0,0,0,0,0,0,0,0
1107,1053,1000,1040,1092,1134,1008,1176,1050,1075,1034,950,918,1014,918,1014,858,1036,1050,1134,1204,1222,1372,1479,1508,1421,1426,1530,1372,1350,1456,1769,1922,1953,1953,1798,1650,1736,1581,1581,1815,1920,2048,1770,2013,2278,2304,2448,2278,2450,2850,2964,3157,3440,3239,3318,2730,3230,3230,3306,3120,3318,3655,3476,3901,3773,3600,3822,3760,3969,4386,4263,4000,4437,4895,4760,4350,5236,5184,6264,5796,4512,6344,6431,7797,7344,8468,10044,11424,12615,13050,13485,15810,16296,17340,19140,19425,22698,25960,25422,30988,31460,31605,52638,55963,62370,65410,83544,98532,124559,168858,216590,260650,369576,567574,795810,878475,847314,842258,868428,716680,236493,0,0,0,0,0,0,0,0,0,0,0,0,0,0,0,0,0,0,0,0,0,0,0,0,0,0,0,0,0,0,0,0,0,0,0,0,0,0,0,0,0,0,0,0,0,0,0,0,0,0,0,0,0,0,0,0,0,0,0,0,0,0,0,0,0,0,0,0,0,0,0,0,0,0,0,0,0,0,0,0,0,0,0,0,0,0,0,0,0,0,0,0,0,0,0,0,0,0,0,0,0,0,0,0,0,0,0,0,0,0,0,0,0,0,0,0,0,0,0,0,0,0,0,0,0,0,0,0,0,0,0,0,0,0,0,0,0,0,0,0,0,0,0,0,0,0,0,0,0,0,0,0,0,0,0,0,0,0,0,0,0,0,0,0,0,0,0,0,0,0,0,0,0,0,0,0,0,0
660,693,714,693,660,714,756,735,814,858,792,782,782,651,840,840,828,805,888,874,828,1188,840,840,800,825,1161,1456,1624,1740,1792,1856,1920,1652,1848,2178,2829,3053,3588,3108,2920,3182,3000,2496,2325,2812,2541,3182,3080,3479,3978,3773,3876,4187,3696,2268,2108,3108,3124,4275,5304,5670,4680,4500,4230,4399,4420,5076,6716,5984,5264,7020,7326,6466,5782,6996,8833,13344,14586,16328,17160,20880,22372,22491,24108,27192,30328,25724,600,33258,54621,57873,71476,94570,111672,132440,172698,221920,297738,467456,725468,706250,690795,648628,618754,380800,0,0,0,0,0,0,0,0,0,0,0,0,0,0,0,0,0,0,0,0,0,0,0,0,0,0,0,0,0,0,0,0,0,0,0,0,0,0,0,0,0,0,0,0,0,0,0,0,0,0,0,0,0,0,0,0,0,0,0,0,0,0,0,0,0,0,0,0,0,0,0,0,0,0,0,0,0,0,0,0,0,0,0,0,0,0,0,0,0,0,0,0,0,0,0,0,0,0,0,0,0,0,0,0,0,0,0,0,0,0,0,0,0,0,0,0,0,0,0,0,0,0,0,0,0,0,0,0,0,0,0,0,0,0,0,0,0,0,0,0,0,0,0,0,0,0,0,0,0,0,0,0,0,0,0,0,0,0,0,0,0,0,0,0,0,0,0,0,0,0,0,0,0,0,0,0,0,0,0,0,0,0,0,0,0,0,0,0,0,0,0,0,0,0
4505,4018,3807,4550,4459,4459,4823,5005,5187,4895,5074,5307,5460,5890,5952,6400,6336,5640,5580,6363,6448,6018,6200,6283,6100,7062,7102,6901,4838,4620,4290,4760,4648,4959,5890,5760,6262,6386,6138,6489,6760,6825,6760,7548,7888,7169,7684,8165,7980,8378,9052,8449,9125,10108,10218,10368,11620,10842,12054,12874,13356,14280,12789,14570,15811,13764,15484,17013,17441,17680,17596,16686,18126,17808,18530,18816,20007,20520,21620,20928,19320,19872,19398,21312,18616,23302,23128,26136,26910,28116,28459,32100,32340,32916,35076,32700,49400,50880,51680,51870,54626,1140,1131,1092,57216,60096,63680,66096,70808,76184,84298,77478,82698,90616,95760,104800,111635,111097,116472,119000,3657,144354,158412,171150,177344,186063,197439,219856,252560,273636,298452,330635,348544,389517,447500,485980,580158,639144,725458,815479,970200,995522,984023,992718,964090,898032,899915,828652,802200,760836,751160,724275,622839,551031,422716,282424,1872,0,0,0,0,0,0,0,0,0,0,0,0,0,0,0,0,0,0,0,0,0,0,0,0,0,0,0,0,0,0,0,0,0,0,0,0,0,0,0,0,0,0,0,0,0,0,0,0,0,0,0,0,0,0,0,0,0,0,0,0,0,0,0,0,0,0,0,0,0,0,0,0,0,0,0,0,0,0,0,0,0,0,0,0,0,0,0,0,0,0,0,0,0,0,0,0,0,0,0,0,0,0,0,0,0,0,0,0,0,0,0,0,0,0,0,0,0,0,0,0,0,0,0,0,0,0,0,0,0,0,0,0,0,0,0,0,0,0,0,0,0,0,0
3239,2964,3034,2993,3108,3108,3150,3354,3818,3995,4312,4128,3807,3713,3871,4000,3920,4000,3950,3744,3525,3525,3600,3550,3504,3672,3672,3834,3300,4928,5192,5292,5185,5673,5670,5670,6305,6528,5980,5952,6262,6000,6678,6324,6825,6968,7102,6864,7102,7140,7560,7245,7350,7314,7526,8288,8584,8307,8400,8400,8280,9086,9438,9401,9638,9638,10496,11340,12371,11832,11658,11745,11880,12420,12103,13248,13916,15688,14798,13920,15794,15347,15048,15855,16371,16744,16170,17160,15438,19434,21780,22419,22240,22475,24336,20449,21576,22326,22568,23001,25515,24924,27300,28623,29952,28324,31350,34342,33975,27810,30932,45815,49664,52065,57474,63360,63492,67200,78870,78480,84336,91392,90611,101394,102432,111908,118900,126880,129256,149301,155688,175099,179025,201640,215062,223800,254140,291060,329290,348944,390258,439878,504334,552330,623162,750100,886578,1006632,987690,969956,935568,882090,839608,792265,785358,723301,705404,646500,551684,435348,308369,154524,0,0,0,0,0,0,0,0,0,0,0,0,0,0,0,0,0,0,0,0,0,0,0,0,0,0,0,0,0,0,0,0,0,0,0,0,0,0,0,0,0,0,0,0,0,0,0,0,0,0,0,0,0,0,0,0,0,0,0,0,0,0,0,0,0,0,0,0,0,0,0,0,0,0,0,0,0,0,0,0,0,0,0,0,0,0,0,0,0,0,0,0,0,0,0,0,0,0,0,0,0,0,0,0,0,0,0,0,0,0,0,0,0,0,0,0,0,0,0,0,0,0,0,0,0,0,0,0,0,0,0,0,0,0,0,0,0,0
3910,4368,4845,4992,5292,5194,5445,5488,5500,5225,5586,5529,5568,5700,5225,5700,5684,5184,5555,5768,5928,6195,6254,6148,6634,6180,5760,6174,6200,6386,6448,6448,6615,6237,6700,7488,7344,6887,6555,7070,7210,7210,7200,5628,6887,6230,6643,6840,7350,7210,7704,7070,7848,7739,7810,7490,7490,8352,9150,9272,9424,9702,8906,8906,9375,10240,10480,9760,10086,11928,11220,13770,11868,13195,14453,14700,13340,15352,16275,16695,16854,17334,16848,15958,18040,18871,19600,19952,19539,18020,20496,19580,17808,26410,1170,1100,1170,26966,29400,29290,31588,32283,31886,26595,28000,28200,28826,52224,52942,54178,52863,60088,60000,64260,69440,71008,76712,80388,85557,96012,102046,104520,110290,115628,123692,128700,154208,171476,178690,184800,198360,226548,245427,269280,314216,348977,390796,449064,522488,593856,670282,829312,947208,1028344,1028516,1041600,1020149,994054,963630,881244,866310,842445,791616,692054,554442,356506,180576,0,0,0,0,0,0,0,0,0,0,0,0,0,0,0,0,0,0,0,0,0,0,0,0,0,0,0,0,0,0,0,0,0,0,0,0,0,0,0,0,0,0,0,0,0,0,0,0,0,0,0,0,0,0,0,0,0,0,0,0,0,0,0,0,0,0,0,0,0,0,0,0,0,0,0,0,0,0,0,0,0,0,0,0,0,0,0,0,0,0,0,0,0,0,0,0,0,0,0,0,0,0,0,0,0,0,0,0,0,0,0,0,0,0,0,0,0,0,0,0,0,0,0,0,0,0,0,0,0,0,0,0,0,0,0,0,0,0,0,0,0,0,0
897,836,851,3900,960,3936,4200,851,3901,4300,4032,3542,3854,3984,4018,4293,4300,3984,4399,4452,4452,4399,4018,4100,4472,4200,4420,4644,4452,4840,5244,5310,5104,5278,5673,6016,6110,5922,5795,5922,5888,5859,5704,6298,6555,6532,6816,7210,6262,6464,6700,7420,7072,7000,6693,7208,6930,6264,6710,7521,6868,6365,7208,7770,8103,7280,7280,8140,8064,7738,9196,8346,8085,7630,7236,8468,7384,6138,9000,10496,12502,11921,13344,13440,13585,14553,15141,14586,15158,16095,16280,17584,17010,19071,20280,19754,21375,22360,22610,23316,24386,24570,26180,25893,27270,27675,28755,28028,32548,35905,35870,36636,44030,45510,48132,50094,61480,60828,63392,72520,78055,81291,91904,101007,109848,112520,119837,123264,149301,150866,163672,177450,195228,214434,248710,269205,301000,347424,387940,452170,507458,583245,724176,841698,846494,832366,825120,802473,780117,711949,740720,679168,650808,579126,508312,400932,223768,1026,984,936,1025,936,912,960,950,1008,920,943,1000,1000,984,966,966,946,966,966,984,989,1012,989,880,946,874,936,943,1008,989,960,888,975,897,1075,1025,1050,960,920,984,943,943,946,943,1012,1056,1056,1032,960,1032,936,897,1075,966,960,920,960,840,851,888,912,960,960,960,912,960,1025,936,880,936,912,897,960,943,897,1056,1000,1008,984,920,874,897,989,1012,943,1012,1035,1012,966,960,864,920,858,943,960,984,1050,920,966,920,943,946,858,874,814,1008,943,943,897,851,851,851,897,897,858,989,902,880,0,0,0,0,0,0,0,0,0,0,0,0,0,0,0,0,0,0,0,0,0,0,0,0,0
2450,2738,2485,2553,2698,2546,2376,2627,2546,2546,3116,3150,2993,2993,3024,3192,3588,3300,3266,3696,4316,4316,5022,5060,4888,3936,3744,3266,3672,3500,3588,3900,3577,3621,3498,3864,3996,3648,3744,3969,4108,4399,4664,4187,4420,4510,4674,4840,5104,4675,5518,5133,4845,5046,5368,5580,5251,5551,5856,6144,6175,5700,5766,5952,6240,6700,6936,6732,6370,6500,6565,6834,7314,7560,7526,7800,7070,6868,7416,7904,7622,8103,9720,10115,9638,9196,9882,10086,11648,11748,11408,10043,11500,11500,11985,14288,13340,13160,18432,18648,19817,18816,19698,20016,22152,23925,25479,26274,26075,26250,22317,23187,22704,22833,25021,30100,33150,30843,32046,32400,34034,47970,49784,56871,59278,63720,75026,80580,82239,87191,102312,101529,106150,117852,127167,133022,149379,159768,182910,190518,223354,249174,292284,316820,385600,430860,508710,626253,728522,790876,789633,755870,729031,721180,666505,644265,592296,492768,442694,359233,205570,0,0,0,0,0,0,0,0,0,0,0,0,0,0,0,0,0,0,0,0,0,0,0,0,0,0,0,0,0,0,0,0,0,0,0,0,0,0,0,0,0,0,0,0,0,0,0,0,0,0,0,0,0,0,0,0,0,0,0,0,0,0,0,0,0,0,0,0,0,0,0,0,0,0,0,0,0,0,0,0,0,0,0,0,0,0,0,0,0,0,0,0,0,0,0,0,0,0,0,0,0,0,0,0,0,0,0,0,0,0,0,0,0,0,0,0,0,0,0,0,0,0,0,0,0,0,0,0,0,0,0,0,0,0,0,0,0,0,0
2211,2312,2205,2112,2013,1881,1815,1938,2196,2590,2442,2484,2812,2736,2886,2850,3042,3003,3234,3564,3645,2960,2584,3588,3744,3854,3780,3995,4089,4067,3888,4628,5454,6270,6160,3825,3952,4100,5766,6174,6111,6144,6500,7490,8136,8614,8568,7935,8260,8023,9196,8732,8140,9075,10374,9801,10125,9558,10750,12070,11745,12093,12240,13524,13104,13965,13671,13764,14476,15484,16199,17170,17955,18585,21056,20453,22080,24444,24130,25920,24522,25900,26578,29962,29256,30520,30315,29870,31768,30000,32163,33069,34286,47424,57449,58015,61103,65199,70850,73224,81852,92872,99940,105726,110430,127738,129630,154308,168020,195615,196305,216948,249480,301608,333576,392522,464424,557208,667369,786312,856736,867895,843904,827403,808776,785512,704184,693129,666672,543320,424152,198442,0,0,0,0,0,0,0,0,0,0,0,0,0,0,0,0,0,0,0,0,0,0,0,0,0,0,0,0,0,0,0,0,0,0,0,0,0,0,0,0,0,0,0,0,0,0,0,0,0,0,0,0,0,0,0,0,0,0,0,0,0,0,0,0,0,0,0,0,0,0,0,0,0,0,0,0,0,0,0,0,0,0,0,0,0,0,0,0,0,0,0,0,0,0,0,0,0,0,0,0,0,0,0,0,0,0,0,0,0,0,0,0,0,0,0,0,0,0,0,0,0,0,0,0,0,0,0,0,0,0,0,0,0,0,0,0,0,0,0,0,0,0,0,0,0,0,0,0,0,0,0,0,0,0,0,0,0,0,0,0,0,0,0,0,0,0,0,0
3588,3588,3680,3450,3666,3969,3888,3713,4212,4131,4018,3871,3744,4050,4050,4293,4420,4590,4510,4704,4558,4620,4648,5016,5251,5340,5192,5460,5133,5100,5544,5733,5733,5733,5670,5642,5796,5780,816,5984,5632,6120,6800,6936,7455,7272,6528,7029,7227,6930,7800,7600,7425,8085,8085,7752,8208,8100,7650,8160,9116,8160,8134,8820,7676,1008,1032,1012,1032,1056,966,12960,13320,14155,13770,15198,15606,16590,18144,19352,20618,21546,21930,20750,21463,22912,24104,23919,26730,26226,29898,31243,32916,1196,1248,1274,1200,1274,1431,1377,1377,71604,77064,84365,93750,98397,112674,121880,121568,132790,157410,177234,190970,211094,235053,279682,326049,379346,449328,537516,654066,778914,760884,741650,721944,708075,668330,623415,564200,514674,402544,287035,122100,805,864,950,900,975,888,1012,1008,874,912,936,943,960,936,912,912,936,888,897,960,897,851,936,840,936,1000,888,920,960,874,943,888,874,897,888,960,936,888,888,816,888,851,960,960,920,936,975,1000,960,984,840,912,960,897,936,805,936,943,851,912,912,851,828,912,888,888,936,943,936,888,888,925,936,888,912,960,960,960,943,1008,960,936,936,936,897,858,897,880,897,943,989,1008,888,864,864,792,851,912,874,874,874,984,874,920,960,840,851,874,943,920,897,828,960,960,897,943,966,920,966,943,960,943,1008,0,0,0,0,0,0,0,0,0,0,0,0,0,0,0,0,0,0,0,0,0,0,0,0,0,0,0,0,0,0,0,0,0,0,0,0,0,0,0,0,0,0,0,0
2585,2816,3174,2838,2583,2640,2665,2814,3024,3483,3318,3476,3354,2940,3726,3432,3483,3680,3120,3321,4185,4230,3612,4263,4300,4346,4428,3850,4056,4823,4876,5500,4845,4539,4590,5170,5016,5640,5208,5022,5814,6780,6510,5959,5900,6324,5278,5626,6283,6200,5760,5551,5400,5185,5580,5859,6324,6489,6208,7314,7739,6955,6420,6161,6834,6936,7592,7245,7665,8284,8176,8236,8584,9006,10030,9492,6272,10043,6955,7521,9348,10112,9956,10496,11645,11815,13892,12580,14508,13140,14833,17544,17800,18748,19367,20720,21660,23530,22448,22176,24384,22755,22878,23205,24231,27531,990,1080,1170,891,928,891,64480,69748,76712,78176,85442,102510,107601,113950,143704,145262,161226,181440,192640,211050,244720,277688,343958,386784,464783,554484,662324,747320,739668,719360,708282,680830,642715,628600,545300,521163,415208,261415,0,0,0,0,0,0,0,0,0,0,0,0,0,0,0,0,0,0,0,0,0,0,0,0,0,0,0,0,0,0,0,0,0,0,0,0,0,0,0,0,0,0,0,0,0,0,0,0,0,0,0,0,0,0,0,0,0,0,0,0,0,0,0,0,0,0,0,0,0,0,0,0,0,0,0,0,0,0,0,0,0,0,0,0,0,0,0,0,0,0,0,0,0,0,0,0,0,0,0,0,0,0,0,0,0,0,0,0,0,0,0,0,0,0,0,0,0,0,0,0,0,0,0,0,0,0,0,0,0,0,0,0,0,0,0,0,0,0,0,0,0,0,0,0,0,0,0,0,0,0,0,0,0,0,0,0
1820,2546,2479,2484,2394,2418,2940,3108,3182,3388,3608,3354,3555,3600,3888,4233,4200,4284,4050,4000,4488,4752,4664,4386,4524,4664,4840,4845,4930,5016,5400,5162,5162,5673,5368,5460,5704,5828,5734,5952,5888,5796,5355,5590,5632,5848,5610,5940,5427,5184,7519,8008,7696,7500,8424,8162,8611,8701,8970,9430,8829,9576,9690,8927,9605,10120,10614,10472,10680,10560,10974,9775,11790,11392,12730,12672,14382,14602,13299,14259,18480,16590,18684,18165,18036,21112,21004,21294,22230,25536,26460,27160,27695,28812,30845,31262,33441,35076,45548,42588,47040,56916,66000,68907,74970,84882,95206,96521,114536,127748,120950,154394,172692,192238,217440,242788,278800,328545,392571,478216,556482,656006,732645,713700,706279,666663,675200,615975,600915,515040,457600,366344,172448,0,0,0,0,0,0,0,0,0,0,0,0,0,0,0,0,0,0,0,0,0,0,0,0,0,0,0,0,0,0,0,0,0,0,0,0,0,0,0,0,0,0,0,0,0,0,0,0,0,0,0,0,0,0,0,0,0,0,0,0,0,0,0,0,0,0,0,0,0,0,0,0,0,0,0,0,0,0,0,0,0,0,0,0,0,0,0,0,0,0,0,0,0,0,0,0,0,0,0,0,0,0,0,0,0,0,0,0,0,0,0,0,0,0,0,0,0,0,0,0,0,0,0,0,0,0,0,0,0,0,0,0,0,0,0,0,0,0,0,0,0,0,0,0,0,0,0,0,0,0,0,0,0,0,0,0,0,0,0,0,0,0,0,0,0,0,0
2520,2812,3034,3154,3198,3315,2964,2736,2736,2520,2520,2485,2625,3002,2849,2888,2584,2412,2368,2432,2730,2698,3116,3608,3360,3276,4606,4140,3772,4300,5115,5616,6102,5616,4914,4212,4628,4992,4628,4641,4590,4998,5460,5665,5445,5757,6136,6060,5742,6076,6402,5828,6000,6283,6363,6930,6732,6900,7630,7704,7420,7245,7811,7918,7519,8176,8512,8970,8512,8624,9360,9120,9396,10033,10752,10540,11970,12635,11284,12540,11466,11960,12103,12502,13585,13485,13286,18400,18860,19032,20511,20989,20944,22680,24628,23622,25437,27270,29580,32072,34352,33726,32035,50953,50432,58362,64636,66670,79360,86595,95630,98250,117968,122067,127925,152960,172344,200838,222828,265196,314496,366444,436865,541520,662160,822528,811620,814095,783156,766429,733986,682248,593658,497420,328152,0,0,0,0,0,0,0,0,0,0,0,0,0,0,0,0,0,0,0,0,0,0,0,0,0,0,0,0,0,0,0,0,0,0,0,0,0,0,0,0,0,0,0,0,0,0,0,0,0,0,0,0,0,0,0,0,0,0,0,0,0,0,0,0,0,0,0,0,0,0,0,0,0,0,0,0,0,0,0,0,0,0,0,0,0,0,0,0,0,0,0,0,0,0,0,0,0,0,0,0,0,0,0,0,0,0,0,0,0,0,0,0,0,0,0,0,0,0,0,0,0,0,0,0,0,0,0,0,0,0,0,0,0,0,0,0,0,0,0,0,0,0,0,0,0,0,0,0,0,0,0,0,0,0,0,0,0,0,0,0,0,0,0,0,0
2035,2072,2255,2106,2160,2106,1900,1989,2173,2255,2145,2052,1998,2196,2479,2660,2622,2660,2652,2470,2652,2546,2622,2405,2232,2340,2584,2546,2592,2546,2888,2880,3015,3036,3195,3139,3285,3404,3318,3724,3500,3550,3796,3876,4182,3920,3645,4250,3792,3504,4004,4134,4536,4428,4592,4675,4674,4814,5429,6048,5917,5428,5429,5551,6144,6237,6045,6693,6528,7000,7072,6630,7412,7638,9039,8680,10050,8946,9956,10033,11259,11502,11620,12118,11890,12600,12936,13515,16643,13205,14544,17440,15655,17120,17920,17982,21063,22814,22184,21879,23808,24104,25460,26320,29876,27648,30545,35760,52052,54144,56661,62843,69422,72036,75035,88774,93345,114276,120666,134733,141500,173399,185148,208351,259740,316656,362250,461304,573240,688072,894645,1034978,1021020,912660,843961,783604,719690,614900,369355,0,0,0,0,0,0,0,0,0,0,0,0,0,0,0,0,0,0,0,0,0,0,0,0,0,0,0,0,0,0,0,0,0,0,0,0,0,0,0,0,0,0,0,0,0,0,0,0,0,0,0,0,0,0,0,0,0,0,0,0,0,0,0,0,0,0,0,0,0,0,0,0,0,0,0,0,0,0,0,0,0,0,0,0,0,0,0,0,0,0,0,0,0,0,0,0,0,0,0,0,0,0,0,0,0,0,0,0,0,0,0,0,0,0,0,0,0,0,0,0,0,0,0,0,0,0,0,0,0,0,0,0,0,0,0,0,0,0,0,0,0,0,0,0,0,0,0,0,0,0,0,0,0,0,0,0,0,0,0,0,0
1189,851,1568,851,874,828,828,966,924,943,984,880,858,1643,1581,2006,1848,1734,1995,2196,960,2088,2318,2394,2508,2584,2640,2640,2516,2691,2613,2652,2870,2829,2814,2904,1032,2814,2924,3080,3124,3096,2993,3066,3024,3024,3504,3478,3600,3792,4876,4692,3696,3773,3600,3577,3822,4698,4284,4316,4187,3650,3927,3927,3650,5170,5415,5544,5915,5985,5922,6048,6666,6700,6762,6816,880,6860,6432,6700,7519,7455,7668,7107,6831,7875,8268,8208,8880,8502,8424,8829,8295,8892,9126,9520,11125,10440,11008,10880,11610,12056,12467,12040,9963,13578,15229,17490,20706,19470,19278,22017,23814,23680,26180,26989,26384,28773,30173,19065,35708,36348,51417,56231,62565,67850,81984,82110,91866,110320,115022,124548,141336,159896,192324,205910,258987,297226,368606,452170,590848,711529,938497,923230,853797,800056,740110,667964,581572,435130,205282,861,882,840,861,880,840,882,989,1012,1008,1032,966,966,966,960,1118,1075,1025,1008,989,989,1008,880,943,966,1056,1032,1032,989,902,924,920,989,902,946,1035,990,1012,1008,1012,1035,1080,1008,1012,1080,1128,1056,989,1056,1080,1056,966,966,1080,1056,989,1012,1056,1032,1008,989,946,902,858,924,861,943,943,924,966,920,920,897,936,880,880,920,924,880,897,943,946,943,880,897,897,936,989,989,875,828,840,874,936,960,984,920,814,851,897,897,920,897,874,920,874,851,858,966,966,943,943,943,943,897,897,920,874,912,936,920,966,897,897,912,897,828,828,936,936,0,0,0,0,0,0,0,0,0,0,0,0,0,0,0,0,0,0,0
1683,1802,1870,2109,2379,2242,2146,2183,2196,2146,2052,2257,2220,2124,2220,2318,2331,2432,2520,2698,2516,2176,2553,2345,2304,2546,2275,2275,2128,1890,2205,2546,2479,2376,2738,2380,2520,2880,3306,3354,2812,2664,2706,3182,3864,4186,4851,4606,4050,4165,4350,5152,4968,4750,4992,5035,4845,4872,5432,5500,5148,4992,4823,5529,5432,6222,5664,5568,6076,6180,6090,6630,6552,6222,7638,6868,4720,5670,5824,6016,7070,7072,7140,7848,7548,7370,7935,10000,10790,11094,11658,11792,12232,12558,14751,15582,17388,18312,18256,19549,20585,22326,24278,26248,26508,25944,28980,1026,924,30597,980,957,62784,68517,78942,86250,95256,105470,121312,147015,150288,168618,202301,246000,289072,352683,427680,531696,693916,852480,951225,844118,794313,672216,676346,574488,356512,0,0,0,0,0,0,0,0,0,0,0,0,0,0,0,0,0,0,0,0,0,0,0,0,0,0,0,0,0,0,0,0,0,0,0,0,0,0,0,0,0,0,0,0,0,0,0,0,0,0,0,0,0,0,0,0,0,0,0,0,0,0,0,0,0,0,0,0,0,0,0,0,0,0,0,0,0,0,0,0,0,0,0,0,0,0,0,0,0,0,0,0,0,0,0,0,0,0,0,0,0,0,0,0,0,0,0,0,0,0,0,0,0,0,0,0,0,0,0,0,0,0,0,0,0,0,0,0,0,0,0,0,0,0,0,0,0,0,0,0,0,0,0,0,0,0,0,0,0,0,0,0,0,0,0,0,0,0,0,0,0,0,0
1836,1944,1872,1995,1960,1872,1908,2183,2160,2379,2275,2368,2340,2240,2376,1972,2030,2170,2142,2368,2747,2898,2706,2665,2624,2418,2318,2257,2135,2232,2232,2160,2304,2280,2257,2508,2993,3080,3318,3444,3000,3198,3400,3362,3872,3960,3870,4704,4704,4042,4074,4300,4500,4600,4545,4554,4508,4508,4848,4608,4656,4361,4410,4650,4753,5096,5247,4900,5088,5238,5544,5824,6206,6148,5841,5820,6313,6720,6771,7168,7316,8448,8576,8375,8296,9112,8960,8820,9100,10950,9694,10011,7590,8520,8050,9576,10191,11016,11730,13432,14535,17264,17100,18165,18928,20640,20064,19548,19470,20900,21909,1530,1421,1334,1410,1440,1440,1500,1798,1870,1856,1148,69841,77952,81312,98250,112465,121382,139576,153985,172914,219198,256351,315360,380828,484100,626632,798427,913500,887145,834834,709128,679027,533360,291240,1431,1350,1377,1431,1352,1596,1653,1653,1596,1568,1653,1596,1624,1653,1568,1596,1568,1596,1682,1653,1596,1568,1568,1653,1624,1485,1512,1624,1624,1596,1624,1596,1568,1653,1624,1595,1653,1568,1596,1682,1596,1624,1682,1653,1653,1540,1653,1624,1596,1568,1540,1568,1624,1711,1624,1540,1682,1711,1682,1711,1740,1652,1652,1624,1512,1428,1404,1484,1512,1512,1624,1596,1595,1512,1540,1512,1458,1485,1512,1512,1624,1711,1624,1652,1711,1485,1652,1740,1624,1540,1568,1652,1682,1682,1682,1652,1596,1624,1568,1652,1652,1682,1682,1624,1652,1624,1682,1740,1624,1652,1652,1652,1711,1624,1652,1680,1680,1711,1682,1624,1624,1566,1512,1596,1539,1682,1682,1624,1682,1653,1596,1624,1624,1624,1711,1711,1711,1682,1682,1740,1595,1512,0,0,0,0,0,0,0,0,0,0,0,0,0
936,1000,1092,1014,1025,1066,1000,1188,1025,1050,1248,1300,1296,1421,1107,1400,1260,1305,1260,1161,1148,1380,1326,1155,1088,1155,1254,1085,1612,1519,1620,1380,1230,1024,1280,1178,1440,1600,1734,1632,1700,1715,2166,768,720,2752,2967,2880,2730,2691,3000,3040,3075,3066,2911,2730,2840,2993,3116,3075,3108,2993,3182,3420,3572,3927,4316,4187,3825,4108,3675,3577,759,816,3400,3550,3484,816,5504,5368,5915,5248,5568,5888,6111,6080,6370,6402,6175,6630,7035,7176,7384,7280,8532,9348,11088,9558,10584,10530,11508,11152,12470,12727,14065,12642,14800,14260,19754,20664,19092,20570,23718,24605,24934,25340,28565,33945,25032,33540,32780,56368,59640,70908,80104,84014,96866,116402,128570,151719,157942,188145,214084,284001,334946,427000,562740,709759,945440,906525,837606,758241,662625,574290,392522,132436,875,962,962,888,875,988,975,960,1025,888,936,975,975,960,1025,1025,960,912,984,1080,1125,960,1000,1025,912,888,975,1032,966,1012,1008,936,1000,1000,900,925,900,988,875,975,936,960,984,1100,984,960,1025,1118,1092,1000,936,1050,960,1008,1050,1040,1050,1092,1092,1075,1125,1196,1196,1222,1092,1144,1075,1144,1056,1100,1125,1150,1050,975,988,1025,1000,1066,975,1196,1092,1092,1025,1000,1014,1066,1066,1100,1092,1050,1056,1000,1025,1066,1188,1107,1118,1075,1075,1056,1100,1075,1050,1100,1100,1032,1056,1032,1008,1100,1008,1050,1125,1144,975,960,1014,1066,1100,1040,1092,1118,1269,1170,1170,1248,1092,1118,1050,1118,1100,1170,1075,1025,1000,1000,975,988,960,1144,1144,1118,0,0,0,0,0,0,0,0,0,0,0,0
1683,1600,1617,1632,1610,1750,1820,1734,1700,1470,1908,1802,1995,1802,1855,1960,1890,2030,2304,2100,2160,2340,2160,2145,2448,2736,2442,2508,2720,2952,3150,3150,3150,3000,2701,2555,2442,2625,2625,2695,2886,2952,3237,3400,3960,4050,3081,3040,3354,4171,4224,3354,3822,3913,3040,3690,3116,3567,3486,3280,4092,4512,4005,3440,4067,3936,3920,4182,4160,4558,4472,5005,4928,5060,4823,5076,5115,5432,5376,5757,6206,7150,7280,7280,7056,6993,7194,7370,7104,7475,8296,8418,7437,7571,9600,9324,9625,10480,10960,12282,12584,19775,17675,17220,16952,20592,20230,20349,21420,21177,21762,23560,1034,945,800,22581,26986,27456,1104,1274,1350,1350,1590,1316,71940,75140,96250,113208,124200,127872,184960,220825,265024,337344,427431,557000,707982,872091,923400,874870,745800,735130,612796,337172,0,0,0,0,0,0,0,0,0,0,0,0,0,0,0,0,0,0,0,0,0,0,0,0,0,0,0,0,0,0,0,0,0,0,0,0,0,0,0,0,0,0,0,0,0,0,0,0,0,0,0,0,0,0,0,0,0,0,0,0,0,0,0,0,0,0,0,0,0,0,0,0,0,0,0,0,0,0,0,0,0,0,0,0,0,0,0,0,0,0,0,0,0,0,0,0,0,0,0,0,0,0,0,0,0,0,0,0,0,0,0,0,0,0,0,0,0,0,0,0,0,0,0,0,0,0,0,0,0,0,0,0,0,0,0,0,0,0,0,0,0,0,0,0,0,0,0,0,0,0,0,0,0,0,0,0
2262,2255,2255,2688,2924,3300,3300,3330,3096,3240,2814,2623,2574,2840,3096,3478,3212,3036,3149,3102,3312,4160,4840,3525,3619,3621,4428,4902,2660,5562,6785,7504,9150,9348,9717,9548,11397,12193,14155,14896,12056,15400,17538,18080,20943,23353,25654,27136,26462,27456,31968,30872,33086,32480,66144,70305,81450,94644,110922,124392,138900,163200,198018,252222,325162,420000,552585,722040,859096,824026,744702,677450,567500,334835,0,0,0,0,0,0,0,0,0,0,0,0,0,0,0,0,0,0,0,0,0,0,0,0,0,0,0,0,0,0,0,0,0,0,0,0,0,0,0,0,0,0,0,0,0,0,0,0,0,0,0,0,0,0,0,0,0,0,0,0,0,0,0,0,0,0,0,0,0,0,0,0,0,0,0,0,0,0,0,0,0,0,0,0,0,0,0,0,0,0,0,0,0,0,0,0,0,0,0,0,0,0,0,0,0,0,0,0,0,0,0,0,0,0,0,0,0,0,0,0,0,0,0,0,0,0,0,0,0,0,0,0,0,0,0,0,0,0,0,0,0,0,0,0,0,0,0,0,0,0,0,0,0,0,0,0,0,0,0,0,0,0,0,0,0,0,0,0,0,0,0,0,0,0,0,0,0,0,0,0,0,0,0,0,0,0,0,0,0,0,0,0,0,0,0,0,0,0,0,0,0,0,0,0,0,0,0,0,0,0,0,0,0,0,0,0,0,0,0,0,0,0,0,0,0,0
1215,1288,1537,1550,1426,1716,1696,1767,1881,1792,1728,1700,1785,2067,2560,2501,2583,2478,2436,2508,2419,2280,2356,2262,2340,2665,2967,2838,2752,2709,2460,2623,2898,2728,2772,3080,3240,2880,3526,3311,2870,3542,4067,4250,4472,5076,4600,4459,4800,4680,4437,4752,4346,3800,3696,3869,5015,4503,4400,5185,5160,5456,5220,6100,6006,6300,6912,7020,6324,6624,7918,7242,7931,8295,8512,9628,10458,11644,12649,13761,13916,15347,14948,15370,16065,18126,17985,18871,19706,20295,23530,26600,27360,30076,33696,840,800,44400,62328,67100,81021,95665,106232,129928,154230,173775,200784,244608,315077,416660,569591,752400,1044312,1069632,962481,909922,824442,600780,192780,798,770,770,780,720,760,777,777,780,760,760,760,777,798,777,735,735,748,704,726,748,682,704,735,756,748,756,777,735,792,777,756,798,756,693,770,735,792,756,714,714,740,777,714,700,720,735,735,735,735,748,714,735,748,726,735,814,756,726,693,0,0,0,0,0,0,0,0,0,0,0,0,0,0,0,0,0,0,0,0,0,0,0,0,0,0,0,0,0,0,0,0,0,0,0,0,0,0,0,0,0,0,0,0,0,0,0,0,0,0,0,0,0,0,0,0,0,0,0,0,0,0,0,0,0,0,0,0,0,0,0,0,0,0,0,0,0,0,0,0,0,0,0,0,0,0,0,0,0,0,0,0,0,0,0,0,0,0,0,0,0,0,0,0,0,0,0,0,0,0,0,0,0,0,0,0,0,0,0,0,0
1034,1012,990,903,880,924,924,924,945,966,920,1272,1400,1482,1430,1782,1755,903,924,945,924,1242,924,924,903,882,861,1029,1764,1900,2028,1836,2184,1836,1904,2232,2340,2664,2849,2886,2450,2622,2613,2940,3034,3075,2886,3000,3002,1600,2720,2788,2940,1904,2100,3318,2030,3337,3431,1525,1512,1400,3726,4700,4300,4929,4947,5141,5768,6156,6608,6264,6944,8449,7935,8680,10368,9717,11135,10707,10611,12212,11985,13050,12831,14647,14915,15229,16218,18988,20040,20240,22017,21659,23368,27604,27324,25728,27200,29029,29784,777,840,32096,52309,57682,62800,63024,70520,81225,99102,112945,135728,177550,203118,255146,322152,415467,561202,753816,832910,790194,682380,588120,480815,231192,945,987,920,987,1050,1000,924,968,990,924,902,945,924,945,945,903,990,900,792,792,779,810,966,924,903,924,924,945,945,1012,1219,1625,1625,1768,1782,1728,2108,2139,2146,1764,1620,924,2542,2201,1769,1540,1400,1755,2117,1600,1475,1464,1272,1173,1050,987,1482,1275,1152,1325,1344,1400,1534,1612,880,1550,1368,1430,1536,1944,1416,1166,1078,1078,945,1113,1000,1071,980,1040,882,946,980,1056,1550,1056,1056,1464,1488,1560,2016,1768,1296,1575,2325,1932,924,968,903,1848,1820,903,924,0,0,0,0,0,0,0,0,0,0,0,0,0,0,0,0,0,0,0,0,0,0,0,0,0,0,0,0,0,0,0,0,0,0,0,0,0,0,0,0,0,0,0,0,0,0,0,0,0,0,0,0,0,0,0,0,0,0,0,0,0,0,0,0,0,0,0,0,0,0,0
1218,1288,1296,1595,1550,1798,1922,2211,2336,2046,2432,2418,2294,2232,2769,2709,2337,3192,2940,3510,3388,3680,3450,3504,3619,3555,3300,3792,4081,4510,4455,4648,4698,3920,4536,4959,4675,4290,4292,6256,7008,6624,7455,7597,7171,8284,7560,8393,10148,10472,10406,11000,10956,12672,13395,14065,14700,13870,13439,14535,9798,18083,20280,21844,23368,25380,28280,28773,34126,48216,53000,65618,71219,82000,88695,107682,130593,152152,180768,214084,270540,342316,462600,616420,912240,863008,807750,733320,668300,440908,127738,0,0,0,0,0,0,0,0,0,0,0,0,0,0,0,0,0,0,0,0,0,0,0,0,0,0,0,0,0,0,0,0,0,0,0,0,0,0,0,0,0,0,0,0,0,0,0,0,0,0,0,0,0,0,0,0,0,0,0,0,0,0,0,0,0,0,0,0,0,0,0,0,0,0,0,0,0,0,0,0,0,0,0,0,0,0,0,0,0,0,0,0,0,0,0,0,0,0,0,0,0,0,0,0,0,0,0,0,0,0,0,0,0,0,0,0,0,0,0,0,0,0,0,0,0,0,0,0,0,0,0,0,0,0,0,0,0,0,0,0,0,0,0,0,0,0,0,0,0,0,0,0,0,0,0,0,0,0,0,0,0,0,0,0,0,0,0,0,0,0,0,0,0,0,0,0,0,0,0,0,0,0,0,0,0,0,0,0,0,0,0,0,0,0,0,0,0,0,0,0,0,0,0,0,0,0,0,0,0
828,1026,1007,1260,1100,1020,1298,1488,1176,1160,1342,1488,1584,1488,1525,1464,1872,1140,1247,1312,1080,1392,1377,1458,1479,1612,1696,1643,1836,1938,2106,2223,2535,2470,2088,1462,1872,1692,2028,2652,3150,2856,2600,2760,3116,2920,2652,2242,2394,2508,3724,3036,3496,4089,5858,5546,5264,6270,8710,7973,8160,7638,8418,8307,9652,9956,12144,10452,12408,12727,13261,14444,14744,15756,17098,18685,23370,23876,25298,26827,29260,30104,28495,28420,30885,663,665,36581,53465,60645,64668,70685,85100,99250,118427,133650,181068,213600,262814,338469,462336,615570,876826,898884,825740,691278,600100,369102,918,1007,1180,1140,1320,1320,1260,1276,1239,1254,1276,1495,1197,1380,1488,1664,1716,1334,1276,1210,2106,1862,1692,1820,1836,1968,0,0,0,0,0,0,0,0,0,0,0,0,0,0,0,0,0,0,0,0,0,0,0,0,0,0,0,0,0,0,0,0,0,0,0,0,0,0,0,0,0,0,0,0,0,0,0,0,0,0,0,0,0,0,0,0,0,0,0,0,0,0,0,0,0,0,0,0,0,0,0,0,0,0,0,0,0,0,0,0,0,0,0,0,0,0,0,0,0,0,0,0,0,0,0,0,0,0,0,0,0,0,0,0,0,0,0,0,0,0,0,0,0,0,0,0,0,0,0,0,0,0,0,0,0,0,0,0,0,0,0,0,0,0,0,0,0,0,0,0,0,0,0,0,0,0,0,0,0,0,0,0,0,0,0,0,0,0,0,0,0,0,0,0,0,0
1232,1218,1276,1260,1288,1215,1188,1260,1188,1188,1176,1204,1148,1232,1247,1218,1218,1218,1134,1148,1120,1189,1092,1092,1107,1053,1120,1290,1218,1290,1189,1092,1120,1218,1148,1247,1247,1247,1260,1334,1204,1276,1708,1288,1232,1189,1160,1860,2144,1881,1815,2145,2553,2660,2701,3042,2926,2847,2808,2747,2967,3174,2993,2800,2788,3150,3600,4165,4316,4505,4590,4592,4675,4902,5046,5292,5720,6030,5940,6392,6080,6175,7668,7526,7590,7630,8393,8025,7844,7100,6365,7104,9450,11400,13356,14070,14478,17024,18960,20008,19434,19803,21960,18690,1380,1269,31524,33525,51216,55242,60776,71904,92263,101612,111908,140289,159705,208780,252711,340860,457835,658595,929024,922564,816651,729656,602308,354040,1290,1290,1218,1204,1232,1232,1276,1230,1218,1276,1305,1218,1204,1247,1232,1232,1204,1176,1148,1247,1160,1176,1120,1120,1148,1204,1260,1305,1334,1232,1176,1188,1232,1215,1215,1204,1204,1134,1232,1316,1276,1232,1260,1188,1232,1215,1215,1134,1188,1188,1215,1260,1232,1260,1344,1316,1316,1232,1188,1188,1260,1260,1188,1188,1204,1215,1107,1161,1204,1232,1053,1053,1230,1247,1218,1176,1218,1290,1260,1215,1204,1176,1232,1134,1107,1176,1134,1188,1134,1188,1161,1188,1260,1305,1232,1176,1148,1148,1189,1176,1176,1176,1160,1189,1176,1176,0,0,0,0,0,0,0,0,0,0,0,0,0,0,0,0,0,0,0,0,0,0,0,0,0,0,0,0,0,0,0,0,0,0,0,0,0,0,0,0,0,0,0,0,0,0,0,0,0,0,0,0,0,0,0,0,0,0,0,0,0,0,0,0,0,0
1550,1500,1674,1586,1782,1809,1664,1728,1904,1620,1755,1586,1728,1701,1612,1566,1430,1620,1566,1701,1728,1560,1508,1350,1534,1508,1701,1566,1456,1482,1638,1560,1674,1638,1701,1450,1566,1400,1430,1647,1620,1586,1593,1456,1404,1375,1300,1400,1534,1430,1352,1326,1275,1378,1647,1456,1404,1378,1275,1430,1782,1701,1350,1350,1300,1200,1248,2948,1200,1170,3036,1200,1225,1326,1404,1539,1586,4125,1560,1534,1482,1534,1728,4176,4392,4500,5040,5084,5494,4720,5015,1456,1350,1325,1250,1275,1375,1325,1352,1430,1404,1620,1586,1664,8610,1638,1728,1755,16895,1755,19910,19764,21131,20826,24552,26260,30076,31950,33592,1586,1612,65360,70152,86697,90396,113968,119004,157560,201825,241056,305528,425828,606188,917405,987438,895641,770502,646935,390816,1701,1456,1534,1701,1560,1755,1988,1890,1988,1809,1960,1904,1876,1690,1701,1647,1728,1728,1728,1508,1430,1425,1475,1400,1350,1350,1508,1508,1456,1456,1450,1586,1508,1450,1300,1508,1378,1275,1300,1225,1200,1128,1152,1175,1275,1275,1325,1326,1225,1275,1378,1326,1250,1300,1175,1080,1075,1144,1125,1378,1275,1225,1300,1300,1152,1176,1225,1250,1250,1200,1200,1250,1250,1325,1248,1404,1482,1425,1378,1300,1250,1352,1326,1404,1482,1508,1275,1352,1325,1300,1482,1326,1404,1250,1176,1200,1224,1250,1275,1225,1225,1250,1300,1300,1225,1275,1275,1456,1377,1248,1274,1274,1300,1326,1326,1225,1225,1250,1175,1175,1175,1128,1128,1176,1200,1150,1075,1056,1032,984,1100,1128,1128,1200,1125,1175,1200,1080,1075,1050,1080,1056,1104,1125,0,0,0,0,0,0,0,0,0,0,0,0,0,0,0,0,0
1053,936,999,1040,1134,1144,1066,1196,1144,1092,1092,1188,1161,1107,1092,1118,1080,1092,1014,988,962,1118,1066,1040,988,945,972,1014,1107,1161,1170,1092,1092,1000,1066,962,918,975,1066,1196,1161,1170,1296,1196,1118,972,972,1014,1116,1140,1488,1488,1550,1815,1824,1972,1960,918,884,858,918,1092,1107,1053,1107,2772,1161,2624,2623,2970,2520,2632,972,2576,2666,2790,3008,2835,1107,988,2928,3168,3876,3978,4050,4290,4032,1134,4158,4543,4176,4524,4332,4332,4392,4977,4960,5040,5135,5184,4740,5696,4698,5056,4440,999,3120,7875,9095,1118,1188,1080,8568,10323,10176,8118,12282,14210,15288,16132,19210,20160,19910,21840,21659,24477,27405,29346,32436,33376,19575,50085,63720,70720,85400,95060,120400,119700,163889,204863,259894,335544,460564,683495,1000538,991980,879690,783221,577503,256236,1161,1242,1188,1161,1107,1064,1080,1080,1144,1092,1092,1107,1269,1242,1215,1148,1188,1222,1215,1161,1080,1125,1150,1150,1128,1032,1032,1008,936,984,1058,1128,1224,1300,1344,1400,1525,1375,1200,1375,1275,1300,1056,1032,1008,1032,1056,989,1032,943,1056,1032,966,1012,989,966,989,966,966,989,943,814,920,874,897,966,920,851,782,782,770,864,828,782,782,792,713,720,744,816,828,851,858,880,828,759,936,950,912,960,950,912,816,950,888,912,864,840,825,825,759,816,816,840,984,984,920,984,960,1008,920,989,1032,1032,1075,888,828,805,920,943,943,814,828,792,770,805,828,814,792,828,828,900,850,864,792,768,744,768,768,736,0,0,0,0,0,0,0,0,0,0
1404,1377,1323,1372,1269,1176,1134,1260,1392,1392,1450,1305,1305,1421,1334,1323,1450,1372,1428,1316,952,1323,1428,1377,1323,1372,1344,1274,1288,1288,1323,1222,1300,1323,1372,1316,1377,1350,1269,1323,1288,1320,1352,1300,1378,1456,1508,1470,1300,1377,1352,1431,1276,1350,1519,1530,1643,1705,1815,1632,1504,1376,1428,1479,1456,1334,1485,1568,1566,1612,1908,2145,2120,2480,2856,3526,3384,3650,1537,1456,3744,3773,3952,4134,4004,3621,3528,3773,3927,3871,3792,3927,3807,3975,4004,4200,4424,5551,5978,6426,6100,6237,6540,8025,8208,9204,10332,10500,10125,10790,10428,11180,11340,15244,16120,16328,16688,17050,18040,17380,20708,23838,25920,29651,31878,35298,1769,58710,66030,75264,86273,104520,117725,146412,175360,220785,286840,400056,583924,905525,1012008,876340,836936,597828,215987,1508,1539,1593,1566,1593,1566,1620,1534,1566,1593,1566,1482,1593,1624,1512,1680,1624,1566,1512,1512,1512,1566,1620,1566,1534,1404,1539,1430,1566,1593,1482,1430,1652,1596,1682,1596,1568,1568,1596,1624,1566,1430,1485,1456,1539,1512,1566,1539,1539,1566,1708,1624,1680,1620,1620,1620,1680,1769,1708,1736,1652,1624,1566,1596,1566,1593,1566,1508,1508,1560,1593,1534,1560,1620,1708,1593,1647,1736,1680,1680,1708,1593,1769,1680,1624,1652,1740,1708,1680,1680,1769,1708,1708,1798,1736,1736,1708,1708,1593,1620,1647,1860,1827,1798,1827,1680,1708,1566,1769,1736,1885,1827,1764,1708,1708,1586,1736,1701,1736,1647,1701,1708,1620,1647,1647,1708,1736,1708,1769,1680,1708,1769,1798,1708,1860,1798,1798,1769,1736,1736,1740,1708,1736,1708,0,0,0,0,0,0,0,0,0,0,0
1404,1458,1456,1458,1485,1458,1485,1350,1350,1404,1456,1482,1539,1539,1512,1378,1404,1539,1404,1458,1593,1593,1482,1539,1430,1404,1485,1430,1456,1375,1431,1512,1512,1404,1325,1352,1404,1404,1404,1534,1534,1400,1430,1404,1352,1485,1484,1456,1458,1540,1485,1485,1512,1375,1430,1430,1404,1482,1425,1350,1593,1430,1375,1482,1512,1377,1110,1152,1352,1364,1612,1479,1215,1222,1500,1768,1961,2379,2280,2262,2623,2501,1404,1485,3036,3036,3053,3243,3036,3105,3381,3504,3128,2537,3243,3358,3552,3266,2924,3220,2888,3225,3465,4335,4845,1458,5264,5900,5952,5880,7437,7590,7935,8050,10270,9620,9758,9438,11234,11648,12740,14016,15184,16120,16317,17380,17380,17967,20049,23718,25840,28656,32072,37260,1456,58788,67452,73094,86403,102564,115232,144550,173661,221906,291696,406778,601545,931250,1019496,903906,809424,573496,149947,1404,1300,1431,1595,1653,1512,1540,1431,1350,1326,1300,1350,1512,1512,1431,1431,1540,1485,1652,1539,1566,1593,1485,1512,1482,1593,1456,1593,1595,1326,1431,1326,1404,1456,1352,1430,1430,1425,1325,1296,1344,1400,1512,1512,1404,1431,1352,1350,1456,1456,1430,1430,1404,1350,1378,1352,1200,1431,1431,1404,1568,1512,1540,1512,1352,1458,1566,1404,1300,1326,1378,1430,1350,1350,1404,1300,1300,1200,1404,1431,1378,1378,1404,1326,1326,1404,1485,1458,1540,1512,1404,1431,1352,1378,1485,1404,1482,1430,1404,1430,1431,1485,1512,1482,1539,1456,1566,1482,1352,1458,1539,1508,1508,1593,1534,1566,1482,1539,1430,1404,1485,1430,1458,1430,1378,1485,1482,1430,1458,1512,1566,1482,1566,1482,1456,1512,1539,1512,1512,1566,1540,1512,1485,1458,0,0,0
1456,1372,1350,1269,1316,1404,1323,1323,1288,1392,1400,1508,1421,1479,1508,1316,1316,1470,1288,1316,1260,1176,1148,1363,1421,1250,1350,1400,1344,1537,1428,1428,1325,1485,1430,1326,1431,1274,1300,1352,1400,1431,1652,1512,1458,1484,1400,1377,1316,1500,1600,1428,1666,1836,1961,1998,2146,2301,2262,2378,2337,2904,3240,3358,3360,3519,3672,3800,3430,2752,3105,3648,3796,3552,3128,3479,4293,4187,3950,4070,4218,4104,4250,4664,6076,6014,6336,7383,7412,7659,10179,11135,10292,11786,12267,10947,10965,13110,14014,16275,17334,18759,17160,19536,21901,22750,24957,27648,30247,34918,37030,1456,62196,70596,84564,98688,114660,141128,172159,211050,282576,387280,597996,937365,1028400,903462,799578,553660,1189,1392,1269,1288,1288,1260,1215,1350,1364,1380,1550,1421,1344,1428,1363,1305,1400,1350,1320,1320,1230,1209,1230,1260,1290,1260,1364,1376,1395,1350,1380,1260,1232,1247,1148,1288,1344,1323,1260,1288,1288,1372,1344,1404,1274,1196,1372,1400,1232,1260,1232,1269,1260,1215,1204,1274,1274,1316,1260,1176,1204,1204,1305,1392,1170,1260,1334,1305,1260,1230,1350,1350,1305,1288,1320,1350,1344,1320,1363,1290,1290,1410,1363,1363,1232,1350,1260,1410,1290,1189,1540,1456,1334,1363,1410,1363,1320,1230,1230,1305,1305,1232,1218,1372,1479,1363,1320,1276,1189,1189,1170,1302,1440,1440,1350,1457,1500,1426,1392,1276,1334,1350,1290,1320,1276,1363,1305,1320,1395,1364,1408,1271,1302,1218,1230,0,0,0,0,0,0,0,0,0,0,0,0,0,0,0,0,0,0,0,0,0,0,0,0,0,0,0,0,0,0,0,0,0,0,0,0,0
3234,3250,3366,3417,3315,3366,3432,3618,3445,3300,3366,3588,3536,3588,3468,3640,3588,3657,3850,4218,4389,4389,4256,4312,4332,4602,4466,4582,4779,4800,4674,4560,4424,4455,4902,5016,5104,4902,4374,4455,4480,4920,4941,5330,5395,5590,5590,5742,5525,5292,5022,5120,5200,6834,6800,6336,6499,6767,6500,6834,6900,7200,7738,8658,9120,9240,9440,9480,9680,9516,10414,9963,10125,9394,10125,10375,10668,11288,12180,12006,13340,13559,13050,12354,12936,12690,13050,12155,13200,14444,15648,16789,17820,17220,18404,19824,20272,19470,20340,19184,18618,18795,20944,20313,19980,21420,22860,24125,25155,26445,25452,26289,25578,26240,27117,27880,27811,31886,32648,32864,28116,24442,31710,29607,29610,28424,29820,49470,50895,50895,52332,52668,54607,61060,63798,70092,74420,75705,76440,81648,83996,86445,100912,109624,112132,111168,111456,119070,125050,136104,146016,152958,169652,180266,189158,216340,237120,262032,283336,293865,341320,366996,413610,454750,534609,645272,719776,829844,929778,987168,974890,977394,977416,977571,963192,970148,992736,1000584,949256,938336,892202,840042,732830,536544,0,0,0,0,0,0,0,0,0,0,0,0,0,0,0,0,0,0,0,0,0,0,0,0,0,0,0,0,0,0,0,0,0,0,0,0,0,0,0,0,0,0,0,0,0,0,0,0,0,0,0,0,0,0,0,0,0,0,0,0,0,0,0,0,0,0,0,0,0,0,0,0,0,0,0,0,0,0,0,0,0,0,0,0,0,0,0,0,0,0,0,0,0,0,0,0,0,0,0,0,0,0,0,0,0,0,0,0,0,0,0,0,0,0,0,0
2214,2226,2166,2340,2368,2294,2368,2205,2040,1890,1850,2184,2580,3174,3220,3124,3053,3312,3478,3572,3572,3696,3496,3300,3358,3431,3456,3430,3456,3500,3600,3519,3692,3366,3468,3300,3250,3366,3570,3744,3430,3816,3640,4218,4200,4582,4424,4617,4838,4756,4838,5074,5074,4872,4988,4959,4788,4928,4785,5394,5452,5415,5452,5428,5766,5673,5642,5456,5418,5940,5632,5785,6204,5859,5888,5760,5915,5590,5610,5628,6930,6762,6762,7208,7700,8030,7881,8740,9120,9401,9360,9126,9680,9720,9960,9600,9801,9480,9680,10044,11440,12870,13528,13741,12615,13724,13912,14322,14784,14194,15100,16744,17472,17300,17600,17400,18232,19980,20165,21583,19928,21965,21660,22491,21420,22440,24768,24892,26260,28728,29160,28770,29946,30885,31616,29792,30736,31443,31302,30388,28140,27531,27641,52600,54000,54400,59850,60844,67326,75152,75144,80031,85608,89180,96747,98968,110580,117012,114165,124525,130968,139284,149150,158574,173568,188328,205905,227535,251100,279364,314530,345032,390352,454610,485534,603525,697984,737800,909534,999050,1003833,1012284,1029112,1022076,983320,989124,1039797,1016160,1037300,1008168,931684,798938,644328,419868,0,0,0,0,0,0,0,0,0,0,0,0,0,0,0,0,0,0,0,0,0,0,0,0,0,0,0,0,0,0,0,0,0,0,0,0,0,0,0,0,0,0,0,0,0,0,0,0,0,0,0,0,0,0,0,0,0,0,0,0,0,0,0,0,0,0,0,0,0,0,0,0,0,0,0,0,0,0,0,0,0,0,0,0,0,0,0,0,0,0,0,0,0,0,0,0,0,0,0,0,0,0,0,0,0,0
1760,2006,2040,1947,2196,2240,2310,2448,2244,2275,2108,1856,1972,2074,2135,2268,2268,2124,2720,2829,2652,2479,2760,2940,2788,3500,2948,2257,3036,3456,3978,3626,3774,3825,3952,4290,4408,4350,4275,4446,4617,4424,4592,4959,5187,4956,5104,5074,5246,4959,5016,5005,5005,5264,5605,5664,5510,5187,5394,5952,5670,5612,6016,6270,6016,6365,7488,6693,6860,7455,7242,7140,7776,7918,8316,8547,8667,8640,8968,9282,9009,10112,9877,11352,13064,11658,12384,12672,11340,11610,12330,12870,12470,14850,14500,15402,16686,14900,14700,18190,17340,18096,18375,23562,20178,24696,25856,25594,24616,22606,25620,26980,27027,28371,28944,30600,29400,30044,30900,33600,20758,58290,30240,56712,57750,60279,61845,74560,75864,85750,87957,96302,97704,107822,123074,130968,128048,150858,157590,171348,189540,199563,219186,250173,291015,326524,380640,444103,516150,596144,704274,833547,843456,830763,818440,808520,791430,838008,814925,807675,777285,687904,564224,381641,0,0,0,0,0,0,0,0,0,0,0,0,0,0,0,0,0,0,0,0,0,0,0,0,0,0,0,0,0,0,0,0,0,0,0,0,0,0,0,0,0,0,0,0,0,0,0,0,0,0,0,0,0,0,0,0,0,0,0,0,0,0,0,0,0,0,0,0,0,0,0,0,0,0,0,0,0,0,0,0,0,0,0,0,0,0,0,0,0,0,0,0,0,0,0,0,0,0,0,0,0,0,0,0,0,0,0,0,0,0,0,0,0,0,0,0,0,0,0,0,0,0,0,0,0,0,0,0,0,0,0,0,0,0,0,0
1325,1300,1128,1200,1456,1100,1170,1581,1696,1600,1536,1734,1768,1700,1053,1120,1376,1855,1802,2090,2052,1240,1680,1728,1632,1426,1504,1584,1536,1768,1995,2065,2268,2160,2016,1890,2204,2088,1925,2242,2146,2109,1980,1785,1887,2320,2440,2418,2368,2584,2691,2600,2542,2400,2280,2613,2920,2368,2356,2496,2520,2730,3108,3666,3948,4150,4029,3978,4080,4346,4050,4452,4029,3950,3901,3936,3807,3854,4032,4539,4692,4263,4128,4641,4770,4664,4840,5187,5073,4928,5073,5220,5336,5452,5760,6174,6363,6262,6565,7276,7590,7480,7630,7659,7659,7810,8468,8208,8364,8763,9548,10640,10428,10988,10191,9933,9900,10374,12298,11424,10270,11397,11792,10332,11070,9920,11900,13200,15264,15800,17407,19729,20384,18203,20313,20056,19046,22253,23086,23837,25527,24428,25545,26467,25740,28290,27880,27398,49395,50196,52416,57855,60768,68172,71136,82750,83824,92622,95472,111360,120888,124135,136030,160854,164450,174900,186494,199798,227620,261088,311244,357018,409818,486528,576989,705240,810927,814334,798116,784806,787814,772284,806960,814880,814905,753504,636306,459360,0,0,0,0,0,0,0,0,0,0,0,0,0,0,0,0,0,0,0,0,0,0,0,0,0,0,0,0,0,0,0,0,0,0,0,0,0,0,0,0,0,0,0,0,0,0,0,0,0,0,0,0,0,0,0,0,0,0,0,0,0,0,0,0,0,0,0,0,0,0,0,0,0,0,0,0,0,0,0,0,0,0,0,0,0,0,0,0,0,0,0,0,0,0,0,0,0,0,0,0,0,0,0,0,0,0,0,0,0,0,0,0
1519,1107,1666,1680,1692,1887,1632,2223,1980,2184,2400,2829,2496,2470,2613,2379,2318,1215,1700,1170,1363,1363,2160,2220,1410,1364,1247,1938,2440,2562,2451,2478,2028,1850,1938,2419,2520,2816,2990,2772,2925,3015,2838,3256,3465,4116,3760,3735,3600,3542,3792,3588,3420,3465,3375,3330,3619,3572,4067,3760,4100,4505,5130,5187,5096,5005,5320,5115,5208,5376,5432,5335,5390,5700,5742,6161,6000,6161,7128,7102,7004,7176,6600,6741,7260,7085,7208,7881,8352,8784,9546,9052,10050,9600,9728,9625,9075,8662,9779,10240,10206,10292,10292,9600,10000,12240,14322,15580,16954,16366,17544,17535,18150,18426,20114,21774,23180,23684,23640,25155,25400,24892,26264,26780,26796,28296,27375,19656,31800,34410,46812,57400,57400,67646,74469,78645,83750,90300,94384,110370,122010,119685,136202,157092,163966,176880,186320,221034,247352,300502,343170,398028,479520,562212,693360,808241,807392,817882,793848,765108,769284,801810,794682,749952,658971,484367,292810,0,0,0,0,0,0,0,0,0,0,0,0,0,0,0,0,0,0,0,0,0,0,0,0,0,0,0,0,0,0,0,0,0,0,0,0,0,0,0,0,0,0,0,0,0,0,0,0,0,0,0,0,0,0,0,0,0,0,0,0,0,0,0,0,0,0,0,0,0,0,0,0,0,0,0,0,0,0,0,0,0,0,0,0,0,0,0,0,0,0,0,0,0,0,0,0,0,0,0,0,0,0,0,0,0,0,0,0,0,0,0,0,0,0,0,0,0,0,0,0,0,0,0,0,0,0,0,0,0,0,0,0,0
1505,1290,1189,1320,1189,1350,1333,1505,1530,1470,1386,1462,1610,1470,1435,1435,1575,1575,1496,1598,1536,1568,1470,1450,1421,1508,1400,1372,1323,1296,1222,1323,1650,1560,1683,1600,1664,1696,1824,1904,1404,1300,1428,1508,1508,1696,1600,1716,1650,1600,1632,2432,2220,1568,1488,1612,1581,1581,1696,2280,2262,2280,1600,2542,2294,2440,2562,2790,2772,2436,2580,3124,3450,3168,3024,2967,3096,3330,3840,4080,4000,4250,4420,4437,4018,3792,3478,3666,4558,4505,4524,4717,4860,5040,5152,5520,5640,5605,5917,5700,5640,6200,6592,6426,6500,7038,7560,7480,7480,7452,7480,7770,8541,9144,9240,10665,10665,11076,11218,9324,10349,9880,10218,11620,12240,12690,13104,12549,11524,14136,15229,17300,18334,19080,21504,22230,20114,21808,21160,25420,26928,26004,28006,26595,27336,28350,30636,29260,27608,50373,54648,65145,67512,71574,83312,91261,94248,103092,115542,129162,135705,147088,170006,187128,206425,231855,259046,313538,362425,454916,528462,651192,804047,834960,824250,810650,815848,798109,843300,857729,842928,741520,562488,356997,0,0,0,0,0,0,0,0,0,0,0,0,0,0,0,0,0,0,0,0,0,0,0,0,0,0,0,0,0,0,0,0,0,0,0,0,0,0,0,0,0,0,0,0,0,0,0,0,0,0,0,0,0,0,0,0,0,0,0,0,0,0,0,0,0,0,0,0,0,0,0,0,0,0,0,0,0,0,0,0,0,0,0,0,0,0,0,0,0,0,0,0,0,0,0,0,0,0,0,0,0,0,0,0,0,0,0,0,0,0,0,0,0,0,0,0
1102,1073,1092,1026,1053,950,984,1008,960,936,912,897,897,888,897,888,864,864,925,1026,1102,1053,1271,1271,1271,1333,1320,1176,1134,1107,1232,1260,1344,1350,1456,1296,1222,1144,1176,1247,1148,1247,1440,1485,1419,1887,1209,1188,1419,1518,1276,1188,1066,1144,1118,1134,1066,1716,1820,1802,1820,2240,2268,2030,1904,2356,2394,2356,2379,2368,2769,2665,2394,2183,2560,2583,2520,2520,2747,3036,3375,3666,4128,4067,3744,3822,3854,4233,4368,4131,3420,4250,3496,3256,3285,3600,4644,4823,4488,4717,5022,5040,5336,5520,5580,5336,5766,5890,6076,6760,6864,6864,7280,7811,7668,8165,7770,7910,8806,8352,10125,10842,11120,10823,11664,10507,10472,11040,11703,11703,11475,12328,10664,12180,12936,14415,15246,17472,19872,20202,18725,18900,20460,20976,22814,24108,26268,25480,26200,28222,27270,28274,28140,26445,47175,51675,56200,68850,75360,83332,84660,92612,108772,117786,125965,135575,161322,174900,187572,207720,236601,279892,333040,393718,483300,600392,743346,819329,790398,772684,775554,749632,806368,807240,751482,638697,456630,0,0,0,0,0,0,0,0,0,0,0,0,0,0,0,0,0,0,0,0,0,0,0,0,0,0,0,0,0,0,0,0,0,0,0,0,0,0,0,0,0,0,0,0,0,0,0,0,0,0,0,0,0,0,0,0,0,0,0,0,0,0,0,0,0,0,0,0,0,0,0,0,0,0,0,0,0,0,0,0,0,0,0,0,0,0,0,0,0,0,0,0,0,0,0,0,0,0,0,0,0,0,0,0,0,0,0,0,0,0,0,0,0
1280,1216,945,910,1008,1014,1014,1040,1188,1248,1254,1152,1152,1190,1400,1480,1517,1408,1440,1440,1276,1421,1479,1242,1170,1075,1404,1372,1344,1269,1064,1504,1008,1650,1276,1290,1276,1260,1222,1323,1288,1344,1457,1584,1568,1536,2046,1316,1472,2184,2035,1855,2457,2379,2340,2400,2166,2109,2242,2360,2562,2623,2684,3060,3496,3552,3572,3285,2856,3300,3542,3240,3375,3300,3645,3772,4032,3496,3634,4284,4264,4160,4752,5076,5115,5244,5394,5170,5225,5529,5626,5664,6695,6200,6500,7035,7521,7314,7276,7659,7168,7424,7616,9176,8906,10920,9375,11280,10586,10318,10033,10611,10824,11832,11970,10875,11049,11094,11919,15229,16929,18870,18270,19075,19712,21417,20535,22156,23912,24066,25935,26656,26656,28217,27945,29700,28290,24108,50246,52866,60291,66454,73326,85211,83385,91608,101790,117412,132399,136864,161990,178080,200930,230886,262987,322140,386512,480408,603519,768496,862296,852774,842400,829499,866731,873900,915300,722528,499122,0,0,0,0,0,0,0,0,0,0,0,0,0,0,0,0,0,0,0,0,0,0,0,0,0,0,0,0,0,0,0,0,0,0,0,0,0,0,0,0,0,0,0,0,0,0,0,0,0,0,0,0,0,0,0,0,0,0,0,0,0,0,0,0,0,0,0,0,0,0,0,0,0,0,0,0,0,0,0,0,0,0,0,0,0,0,0,0,0,0,0,0,0,0,0,0,0,0,0,0,0,0,0,0,0,0,0,0,0,0,0,0,0,0,0,0,0,0,0,0,0,0,0,0,0,0,0,0,0,0,0
1092,1036,1008,952,884,864,900,864,900,805,840,782,864,962,925,912,936,1080,1107,1161,1092,1092,1040,1064,1215,1260,1457,1344,1350,1400,1664,1617,1666,1457,1472,1470,1280,1400,1505,1254,1102,1044,952,1015,960,986,899,957,868,936,2312,2368,2574,2331,2294,2318,2318,2432,3285,3465,3330,3139,4260,4712,3542,4960,5248,4819,4960,3420,3984,4263,4450,4080,4233,4895,4984,5152,4730,5060,4950,4982,5280,5415,5800,6240,6510,6090,6758,7344,7350,7797,7392,7839,8418,8468,10336,11360,12012,12093,12936,10800,12056,13050,13764,13206,15600,15288,15190,15288,16000,20570,23084,22610,22425,25000,24948,25414,28704,29029,27720,28840,29962,30105,31824,56637,56637,69608,78003,84736,86688,99186,113751,126575,142242,155828,174870,200681,232470,270102,330998,423052,520974,683520,834923,851186,845525,826728,806650,860074,840471,795046,627816,0,0,0,0,0,0,0,0,0,0,0,0,0,0,0,0,0,0,0,0,0,0,0,0,0,0,0,0,0,0,0,0,0,0,0,0,0,0,0,0,0,0,0,0,0,0,0,0,0,0,0,0,0,0,0,0,0,0,0,0,0,0,0,0,0,0,0,0,0,0,0,0,0,0,0,0,0,0,0,0,0,0,0,0,0,0,0,0,0,0,0,0,0,0,0,0,0,0,0,0,0,0,0,0,0,0,0,0,0,0,0,0,0,0,0,0,0,0,0,0,0,0,0,0,0,0,0,0,0,0,0,0,0,0,0,0,0,0,0,0,0,0,0,0,0,0,0
1131,1064,910,972,1064,1053,962,900,936,1026,988,1040,1040,1148,1161,1120,1053,975,1080,1014,975,988,936,984,945,945,1008,986,1026,1026,1092,936,972,962,858,945,864,896,1036,972,1080,1242,1232,1428,1232,1118,1050,1092,1118,1118,1204,1080,1092,1050,1107,1036,1785,1247,1276,1485,1550,1581,1457,1426,1334,1134,1457,1632,1440,1536,1426,1426,2340,2379,2624,2583,1116,2242,2501,2646,2838,2752,2688,2829,3432,3690,4218,3600,3404,3807,4717,4472,3888,4576,4785,4399,5060,4914,4770,5320,5280,5586,6100,6148,7040,8023,7020,7194,6565,8023,7245,7345,9301,9975,10530,9828,9525,9956,9779,10000,10752,10500,10922,9744,11303,12371,15908,16236,16700,17712,17762,19665,20475,23250,24723,24444,25200,25908,25146,27797,27040,31240,31080,34960,49104,48006,55554,63000,74812,78793,83000,93192,108192,118885,123188,142410,158720,173964,212860,257790,311610,372240,475968,589095,736840,795010,764060,719190,718528,705256,683342,553124,370123,0,0,0,0,0,0,0,0,0,0,0,0,0,0,0,0,0,0,0,0,0,0,0,0,0,0,0,0,0,0,0,0,0,0,0,0,0,0,0,0,0,0,0,0,0,0,0,0,0,0,0,0,0,0,0,0,0,0,0,0,0,0,0,0,0,0,0,0,0,0,0,0,0,0,0,0,0,0,0,0,0,0,0,0,0,0,0,0,0,0,0,0,0,0,0,0,0,0,0,0,0,0,0,0,0,0,0,0,0,0,0,0,0,0,0,0,0,0,0,0,0,0,0,0,0,0,0
899,957,868,783,990,957,1120,1040,1204,1188,1204,1107,972,980,972,884,868,896,864,924,891,864,925,962,806,702,870,1092,1140,1131,1189,1260,1189,1120,1080,936,918,1020,960,1054,1050,1240,1131,1271,1120,1026,1073,1064,1288,1218,1240,1440,2301,2400,2688,2580,2478,3139,4331,4176,4020,3404,3773,3950,4590,3773,3525,4620,4950,4872,4895,4968,4876,5022,5184,5586,5978,6552,6500,7245,7208,7245,6666,6720,7215,8349,8954,10296,10032,10764,10010,10906,10906,11172,11745,11180,11921,8814,12825,16340,16463,17819,17702,18444,19720,20453,23232,25578,24576,26496,26496,26520,27336,27060,30580,31465,34270,36816,34568,32266,60000,69300,79380,79250,90042,101640,113184,126225,142846,152604,179416,222681,267058,325740,396133,506184,644160,740498,771680,715065,711109,703080,697080,621712,437304,0,0,0,0,0,0,0,0,0,0,0,0,0,0,0,0,0,0,0,0,0,0,0,0,0,0,0,0,0,0,0,0,0,0,0,0,0,0,0,0,0,0,0,0,0,0,0,0,0,0,0,0,0,0,0,0,0,0,0,0,0,0,0,0,0,0,0,0,0,0,0,0,0,0,0,0,0,0,0,0,0,0,0,0,0,0,0,0,0,0,0,0,0,0,0,0,0,0,0,0,0,0,0,0,0,0,0,0,0,0,0,0,0,0,0,0,0,0,0,0,0,0,0,0,0,0,0,0,0,0,0,0,0,0,0,0,0,0,0,0,0,0,0,0,0,0,0,0,0,0,0,0,0,0,0
986,952,918,980,910,884,918,1026,1026,999,1036,1140,1160,1110,1036,957,1170,1050,1073,1248,980,1073,990,990,1102,972,900,950,900,832,832,899,930,924,1025,1116,1326,1320,1395,1376,1452,1334,1288,1440,1232,1188,1242,1302,1178,1410,1426,1680,1820,1870,1802,1040,1170,1118,1995,1944,1334,2109,2146,1904,1848,1980,1998,1485,2520,2457,2379,2460,2460,2360,2688,2624,2709,2860,3240,3330,3195,3139,3108,3311,3225,3375,3510,3901,3588,3268,3984,4284,4420,4680,4968,5115,5130,5225,5510,5626,6100,6760,6572,7412,7020,7303,7326,8432,8375,9198,10500,10425,11011,10960,10368,10530,12330,11560,11223,8970,12150,15510,16800,16686,17510,18857,21830,23124,24428,23912,27305,25830,27170,27690,28122,522,504,551,520,432,55198,64605,75884,77364,88818,104760,112034,120474,139200,154488,172308,214695,265335,324348,392301,515350,662249,772568,770330,736892,717423,715962,714420,585000,386630,0,0,0,0,0,0,0,0,0,0,0,0,0,0,0,0,0,0,0,0,0,0,0,0,0,0,0,0,0,0,0,0,0,0,0,0,0,0,0,0,0,0,0,0,0,0,0,0,0,0,0,0,0,0,0,0,0,0,0,0,0,0,0,0,0,0,0,0,0,0,0,0,0,0,0,0,0,0,0,0,0,0,0,0,0,0,0,0,0,0,0,0,0,0,0,0,0,0,0,0,0,0,0,0,0,0,0,0,0,0,0,0,0,0,0,0,0,0,0,0,0,0,0,0,0,0,0,0,0,0,0,0,0,0,0
812,812,891,918,812,810,702,756,837,864,806,864,891,837,810,812,837,918,910,999,988,988,1080,1107,1066,1053,999,952,924,918,918,999,988,988,945,952,891,986,980,1189,1260,1395,1350,1260,1080,957,1044,999,918,1092,1161,1176,1247,1363,1215,1848,2160,1421,1215,1092,1161,1134,1092,1333,1518,1610,1419,1287,1280,1224,1296,2640,2760,2520,1122,1178,3168,3551,3456,4234,4560,3256,2870,5166,3212,3096,5120,4914,5644,5865,4150,3950,4539,5170,5115,5665,5824,5529,6090,6100,6552,6930,6968,7062,7296,6867,8107,10560,7865,8449,7797,8932,11088,9120,9600,11205,13104,15582,14288,13578,15456,17136,18939,22272,24079,23484,21756,22932,22420,26076,27594,30456,28842,33972,33896,46299,50806,58015,60501,70303,75152,84072,94860,106774,118158,137564,147250,162966,203133,252014,298870,376184,481864,601472,724663,732532,724636,686948,691135,642703,509622,291357,0,0,0,0,0,0,0,0,0,0,0,0,0,0,0,0,0,0,0,0,0,0,0,0,0,0,0,0,0,0,0,0,0,0,0,0,0,0,0,0,0,0,0,0,0,0,0,0,0,0,0,0,0,0,0,0,0,0,0,0,0,0,0,0,0,0,0,0,0,0,0,0,0,0,0,0,0,0,0,0,0,0,0,0,0,0,0,0,0,0,0,0,0,0,0,0,0,0,0,0,0,0,0,0,0,0,0,0,0,0,0,0,0,0,0,0,0,0,0,0,0,0,0,0,0,0,0,0,0,0,0,0,0,0,0,0,0,0
918,952,850,800,696,702,648,720,792,840,888,1000,936,950,936,884,972,1026,999,1134,1092,999,972,1064,1131,1302,1260,1131,1073,1131,1260,1260,1218,1176,1148,1053,1040,1176,1053,1118,1218,1247,1134,1025,1118,1040,1161,1050,1215,1144,1066,1188,1080,1118,1014,1064,1107,1200,1170,1178,1147,1221,1188,1102,1073,1053,1064,1131,1036,918,980,986,928,1073,1080,1485,1364,1333,1530,1240,1240,1080,972,918,972,1080,1276,1218,1290,1792,1716,2035,2752,1785,1452,1333,1485,1645,1332,1394,1620,1764,1504,1353,1120,1258,1116,2728,2752,1254,2562,3010,3124,3828,4140,4234,3397,3108,3066,3634,3572,3404,4200,4399,4266,4346,4056,4368,5335,5488,5656,5959,6386,7020,6466,6426,6489,6890,7605,8174,9855,8712,9028,9600,9324,10500,10292,11000,6174,10707,12354,14630,17000,15423,16170,18832,19947,23443,24752,23460,24240,24079,26460,27993,31020,29120,34504,600,34944,56066,60480,75435,75276,86360,99677,109020,122835,138621,150213,174410,219780,264800,339456,422685,541485,701350,761587,727397,712691,703777,683734,552189,349679,0,0,0,0,0,0,0,0,0,0,0,0,0,0,0,0,0,0,0,0,0,0,0,0,0,0,0,0,0,0,0,0,0,0,0,0,0,0,0,0,0,0,0,0,0,0,0,0,0,0,0,0,0,0,0,0,0,0,0,0,0,0,0,0,0,0,0,0,0,0,0,0,0,0,0,0,0,0,0,0,0,0,0,0,0,0,0,0,0,0,0,0,0,0,0,0,0,0,0,0,0,0,0,0,0,0,0
832,875,925,988,936,910,884,910,884,936,1036,952,986,1020,990,1085,1020,990,1054,1024,1023,990,1073,1036,962,900,884,1008,945,980,1053,988,1026,1040,1334,1350,1380,1350,972,1008,1088,1110,1200,1066,1176,1036,1073,1820,2220,2124,1302,1320,2232,2030,2183,2242,2457,2220,2072,1855,2301,2542,2924,2574,3182,2880,2840,2800,3655,3984,4128,3634,4644,4472,4000,4368,4316,4472,4914,4680,5376,5472,5280,5656,6077,7326,6572,6076,6426,7276,7150,8184,9250,8954,9250,9782,9825,10112,11220,11440,10578,9882,11900,13630,15484,15092,15912,17869,18725,23180,22620,23482,23640,26999,26792,26398,28773,34496,47817,52250,65858,72135,77500,89866,101255,116402,126776,138471,153323,179963,236756,279450,368165,472216,642940,752235,752115,713472,698862,712907,647045,440716,0,0,0,0,0,0,0,0,0,0,0,0,0,0,0,0,0,0,0,0,0,0,0,0,0,0,0,0,0,0,0,0,0,0,0,0,0,0,0,0,0,0,0,0,0,0,0,0,0,0,0,0,0,0,0,0,0,0,0,0,0,0,0,0,0,0,0,0,0,0,0,0,0,0,0,0,0,0,0,0,0,0,0,0,0,0,0,0,0,0,0,0,0,0,0,0,0,0,0,0,0,0,0,0,0,0,0,0,0,0,0,0,0,0,0,0,0,0,0,0,0,0,0,0,0,0,0,0,0,0,0,0,0,0,0,0,0,0,0,0,0,0,0,0,0,0,0,0,0,0,0,0,0,0,0,0,0,0
928,840,899,1044,999,980,1102,1148,1080,1148,1040,999,980,945,1036,884,891,952,1053,975,1008,1107,1204,1040,1036,1092,950,952,972,988,1014,988,1026,1092,1380,1410,1015,1044,1040,1118,1118,1161,1260,1066,1176,1680,1160,1290,1290,1247,1232,1380,1488,1536,1472,1472,2340,2280,1462,2120,2480,2542,2400,2520,2709,2816,3266,3105,3080,3256,3726,3555,3404,3600,3871,4472,4182,4505,3696,4840,4950,4895,5040,5073,5394,5605,6272,5917,6666,7344,7840,7437,8142,8142,10412,10944,10842,10507,10349,10586,11703,11968,11484,11424,12816,17069,19292,19425,20470,21594,22748,24723,28080,27470,28014,28512,27664,49400,55468,64460,77836,82134,91872,113430,118008,155330,174496,194184,241636,318150,404376,541768,761358,793749,769626,716850,784555,721770,532885,0,0,0,0,0,0,0,0,0,0,0,0,0,0,0,0,0,0,0,0,0,0,0,0,0,0,0,0,0,0,0,0,0,0,0,0,0,0,0,0,0,0,0,0,0,0,0,0,0,0,0,0,0,0,0,0,0,0,0,0,0,0,0,0,0,0,0,0,0,0,0,0,0,0,0,0,0,0,0,0,0,0,0,0,0,0,0,0,0,0,0,0,0,0,0,0,0,0,0,0,0,0,0,0,0,0,0,0,0,0,0,0,0,0,0,0,0,0,0,0,0,0,0,0,0,0,0,0,0,0,0,0,0,0,0,0,0,0,0,0,0,0,0,0,0,0,0,0,0,0,0,0,0,0,0,0,0,0,0,0,0
945,884,930,868,896,868,896,936,1064,999,1014,1053,1140,1160,1312,1170,1240,1170,1240,1287,1248,1131,988,925,864,910,945,1020,1221,1188,1260,1254,1332,1435,1376,1485,1276,1176,1200,1209,1426,1610,1680,1170,1440,1120,1107,1066,1075,1040,1134,1488,1320,2035,1440,1320,1584,2257,2508,2442,2800,2280,2646,2772,2520,2688,3344,3634,3773,3773,4346,4080,3744,4150,3969,3619,4263,4472,4872,4840,5580,5859,5580,6305,7176,6901,7770,8280,8855,8806,10200,11088,12035,12642,12432,11844,11703,13671,14208,13950,13524,18585,20680,21808,22892,23111,25545,26055,28059,28623,29820,31524,24384,53625,55074,63364,73555,88230,98523,114366,139685,159088,182991,210816,275637,354663,483270,654100,828290,805896,779100,798724,810225,684768,369972,0,0,0,0,0,0,0,0,0,0,0,0,0,0,0,0,0,0,0,0,0,0,0,0,0,0,0,0,0,0,0,0,0,0,0,0,0,0,0,0,0,0,0,0,0,0,0,0,0,0,0,0,0,0,0,0,0,0,0,0,0,0,0,0,0,0,0,0,0,0,0,0,0,0,0,0,0,0,0,0,0,0,0,0,0,0,0,0,0,0,0,0,0,0,0,0,0,0,0,0,0,0,0,0,0,0,0,0,0,0,0,0,0,0,0,0,0,0,0,0,0,0,0,0,0,0,0,0,0,0,0,0,0,0,0,0,0,0,0,0,0,0,0,0,0,0,0,0,0,0,0,0,0,0,0,0,0,0,0,0,0,0,0,0,0
1092,962,1053,1014,1160,1064,962,1026,1015,1036,999,1053,1064,1161,1107,1107,1120,1107,1276,1148,1189,1247,1290,1148,1080,1102,1073,1026,975,851,897,920,1000,1107,1080,1053,988,988,950,962,999,1053,1204,1457,1276,1232,1218,1260,1200,1209,957,1020,990,1110,1120,1131,1064,1073,1160,1271,1230,1218,1080,1040,1053,1092,1160,1564,1904,2183,2223,2166,1960,1995,2166,2665,2574,2583,2814,3036,2795,2640,3034,3160,3256,3577,4350,4000,3240,3666,3724,4316,4806,4628,5115,5076,5320,5626,6466,5880,5723,6138,6039,7656,7410,8280,7752,7865,8662,10480,9438,7992,7884,9768,12638,13485,13468,15444,16000,17955,20570,23128,24038,21888,22814,25452,27060,33152,33592,35420,35482,54054,61705,72135,79534,98800,104877,120060,140231,157988,194106,255304,322665,423345,581595,727533,738208,678224,693873,664815,514480,239328,0,0,0,0,0,0,0,0,0,0,0,0,0,0,0,0,0,0,0,0,0,0,0,0,0,0,0,0,0,0,0,0,0,0,0,0,0,0,0,0,0,0,0,0,0,0,0,0,0,0,0,0,0,0,0,0,0,0,0,0,0,0,0,0,0,0,0,0,0,0,0,0,0,0,0,0,0,0,0,0,0,0,0,0,0,0,0,0,0,0,0,0,0,0,0,0,0,0,0,0,0,0,0,0,0,0,0,0,0,0,0,0,0,0,0,0,0,0,0,0,0,0,0,0,0,0,0,0,0,0,0,0,0,0,0,0,0,0,0,0,0,0,0,0,0,0,0,0
1026,950,900,875,900,972,988,1120,1080,1216,1292,1080,952,1050,1036,1008,1080,1224,980,1015,1044,1015,945,1015,896,928,952,1036,1036,1064,1148,1066,1508,1440,1488,1410,962,1215,1242,1102,1750,1734,1120,1749,1802,1925,1908,1872,1820,1890,1995,2146,2072,2280,2257,2183,2460,2583,2788,3034,2800,2898,2788,3948,3969,3792,4200,3312,4284,4437,4590,4628,5264,5264,6039,5700,6324,7194,6656,6489,7752,9125,9825,9000,10320,10062,9954,10250,11223,8584,12354,15132,15552,14751,16892,20114,22570,25000,25620,26593,25862,27270,30719,28140,35334,48450,56448,69075,80433,90288,103474,109910,125832,160085,183816,243588,323550,431284,614196,773633,759428,690624,704816,665135,439263,0,0,0,0,0,0,0,0,0,0,0,0,0,0,0,0,0,0,0,0,0,0,0,0,0,0,0,0,0,0,0,0,0,0,0,0,0,0,0,0,0,0,0,0,0,0,0,0,0,0,0,0,0,0,0,0,0,0,0,0,0,0,0,0,0,0,0,0,0,0,0,0,0,0,0,0,0,0,0,0,0,0,0,0,0,0,0,0,0,0,0,0,0,0,0,0,0,0,0,0,0,0,0,0,0,0,0,0,0,0,0,0,0,0,0,0,0,0,0,0,0,0,0,0,0,0,0,0,0,0,0,0,0,0,0,0,0,0,0,0,0,0,0,0,0,0,0,0,0,0,0,0,0,0,0,0,0,0,0,0,0,0,0,0,0,0,0,0,0,0,0,0,0,0,0
840,696,594,598,552,918,918,924,928,832,825,806,754,832,858,918,864,924,812,868,891,840,888,975,1066,1118,1134,1050,1134,1080,1026,1066,1050,1066,1064,1148,1204,1247,1053,1080,1160,1118,1075,1066,1421,1530,1632,1715,1836,1176,1440,1530,1440,1500,1488,1470,1600,1485,1568,1650,1178,1110,1160,2752,2752,2562,3010,2898,3139,3080,3478,4233,5810,4482,3876,4050,3626,3792,4212,5238,6039,6630,6592,6528,6528,7670,9432,8228,8432,8378,10707,10234,9396,10414,14453,14647,13832,16744,18832,21762,22852,23836,24000,26543,27641,30100,32781,34656,51156,53235,73260,72048,87552,104544,114401,136026,156500,207192,266904,354048,489580,661878,733650,695426,686406,640714,456385,0,0,0,0,0,0,0,0,0,0,0,0,0,0,0,0,0,0,0,0,0,0,0,0,0,0,0,0,0,0,0,0,0,0,0,0,0,0,0,0,0,0,0,0,0,0,0,0,0,0,0,0,0,0,0,0,0,0,0,0,0,0,0,0,0,0,0,0,0,0,0,0,0,0,0,0,0,0,0,0,0,0,0,0,0,0,0,0,0,0,0,0,0,0,0,0,0,0,0,0,0,0,0,0,0,0,0,0,0,0,0,0,0,0,0,0,0,0,0,0,0,0,0,0,0,0,0,0,0,0,0,0,0,0,0,0,0,0,0,0,0,0,0,0,0,0,0,0,0,0,0,0,0,0,0,0,0,0,0,0,0,0,0,0,0,0,0,0,0,0,0,0,0
660,756,770,630,660,682,660,1014,1302,1363,1290,1320,1333,1715,1750,1650,1600,1802,1768,2052,2184,2016,1944,2280,2418,2318,2128,2088,2183,2480,2583,2520,2730,2665,2970,2860,2816,2990,3185,3120,2814,2646,3102,3124,3015,2925,2816,2898,3120,3640,4256,5642,5890,6111,6175,6365,7000,7072,7004,7412,7884,8816,9779,10720,10906,10449,10773,11256,12040,15049,15912,15912,18040,19092,19040,19260,21504,21476,23808,29435,30932,27797,29044,34164,50540,59360,62604,70150,94996,106368,118372,124862,167508,194016,254398,331968,437568,633034,909636,898884,862190,810724,815864,514250,0,0,0,0,0,0,0,0,0,0,0,0,0,0,0,0,0,0,0,0,0,0,0,0,0,0,0,0,0,0,0,0,0,0,0,0,0,0,0,0,0,0,0,0,0,0,0,0,0,0,0,0,0,0,0,0,0,0,0,0,0,0,0,0,0,0,0,0,0,0,0,0,0,0,0,0,0,0,0,0,0,0,0,0,0,0,0,0,0,0,0,0,0,0,0,0,0,0,0,0,0,0,0,0,0,0,0,0,0,0,0,0,0,0,0,0,0,0,0,0,0,0,0,0,0,0,0,0,0,0,0,0,0,0,0,0,0,0,0,0,0,0,0,0,0,0,0,0,0,0,0,0,0,0,0,0,0,0,0,0,0,0,0,0,0,0,0,0,0,0,0,0,0,0,0,0,0,0,0,0,0,0,0,0,0,0,0,0,0,0,0,0,0,0,0,0
1302,1026,1140,1271,1440,1666,1683,1925,1650,1904,2065,1925,2183,2128,2204,2052,2170,2560,2624,2457,2394,2480,2379,2457,2640,2470,2624,2838,2967,2574,2535,2624,2419,3168,2880,2961,3942,4032,5074,5074,5700,5612,5820,5760,6111,6300,7370,7040,7475,7548,9548,9804,10191,10191,9828,11305,12727,11560,12502,16848,16274,16642,19030,21318,22230,21830,22428,26130,26520,29120,28165,31552,60990,70192,85801,91694,107587,117504,152152,169488,204271,287048,364980,490860,779220,830018,803926,757600,714755,541409,0,0,0,0,0,0,0,0,0,0,0,0,0,0,0,0,0,0,0,0,0,0,0,0,0,0,0,0,0,0,0,0,0,0,0,0,0,0,0,0,0,0,0,0,0,0,0,0,0,0,0,0,0,0,0,0,0,0,0,0,0,0,0,0,0,0,0,0,0,0,0,0,0,0,0,0,0,0,0,0,0,0,0,0,0,0,0,0,0,0,0,0,0,0,0,0,0,0,0,0,0,0,0,0,0,0,0,0,0,0,0,0,0,0,0,0,0,0,0,0,0,0,0,0,0,0,0,0,0,0,0,0,0,0,0,0,0,0,0,0,0,0,0,0,0,0,0,0,0,0,0,0,0,0,0,0,0,0,0,0,0,0,0,0,0,0,0,0,0,0,0,0,0,0,0,0,0,0,0,0,0,0,0,0,0,0,0,0,0,0,0,0,0,0,0,0,0,0,0,0,0,0,0,0,0,0,0,0,0,0
682,744,551,1683,1734,1643,1519,1855,1734,1836,1836,1802,1650,1683,1836,1887,2014,1944,2128,2340,2501,2356,2088,2242,2262,1980,2232,2470,1995,2378,2814,2652,2280,2356,2520,2379,2520,2881,2730,3922,3710,4466,4760,5400,5917,5546,6014,5856,6111,7194,7208,7524,7910,9198,10608,10428,8378,10287,10640,13140,12780,15190,14880,16854,18204,19030,20646,21896,23625,23973,27661,28032,26368,29212,57084,58910,71505,90155,100232,116352,123786,164220,191520,247600,343245,451360,678776,902345,877920,825760,782649,695040,0,0,0,0,0,0,0,0,0,0,0,0,0,0,0,0,0,0,0,0,0,0,0,0,0,0,0,0,0,0,0,0,0,0,0,0,0,0,0,0,0,0,0,0,0,0,0,0,0,0,0,0,0,0,0,0,0,0,0,0,0,0,0,0,0,0,0,0,0,0,0,0,0,0,0,0,0,0,0,0,0,0,0,0,0,0,0,0,0,0,0,0,0,0,0,0,0,0,0,0,0,0,0,0,0,0,0,0,0,0,0,0,0,0,0,0,0,0,0,0,0,0,0,0,0,0,0,0,0,0,0,0,0,0,0,0,0,0,0,0,0,0,0,0,0,0,0,0,0,0,0,0,0,0,0,0,0,0,0,0,0,0,0,0,0,0,0,0,0,0,0,0,0,0,0,0,0,0,0,0,0,0,0,0,0,0,0,0,0,0,0,0,0,0,0,0,0,0,0,0,0,0,0,0,0,0,0,0
3034,2870,2730,2660,2847,3000,2920,3034,2880,3108,3225,3300,3182,3375,3330,3225,3608,3735,3476,3432,3840,3666,3285,3168,3300,3450,3822,3840,3900,3800,3724,3850,4240,4482,4346,4675,4592,4455,4004,4400,4510,4266,4424,4312,4389,4332,5952,5922,6208,6633,6432,6762,6860,7272,7739,7739,8066,7957,8550,8658,8816,8816,8658,8970,9085,8778,8855,9243,10285,10710,11730,12193,13536,13395,13254,13870,13920,14744,15190,15246,15800,15908,15200,16170,16562,16500,16300,16830,17325,17430,17955,17955,18096,19008,20001,19092,20700,20944,20453,21122,20634,20460,20832,20868,20274,23716,24000,23400,20246,17542,11850,30888,29120,33135,30284,32518,32376,32944,34894,37045,33972,35250,49104,51188,53704,55322,56118,55000,54619,54795,57605,62622,65664,65448,66600,75114,83732,86160,89908,91948,93034,95250,100346,105690,111672,122661,122802,132317,152312,158096,169164,179860,193068,207282,233472,253712,288486,315920,334598,375192,411348,451292,495378,518626,567084,600483,676200,723888,757716,773673,759824,783740,786600,766260,765024,731340,758808,767009,764864,705907,698152,621488,507408,451836,360590,173128,0,0,0,0,0,0,0,0,0,0,0,0,0,0,0,0,0,0,0,0,0,0,0,0,0,0,0,0,0,0,0,0,0,0,0,0,0,0,0,0,0,0,0,0,0,0,0,0,0,0,0,0,0,0,0,0,0,0,0,0,0,0,0,0,0,0,0,0,0,0,0,0,0,0,0,0,0,0,0,0,0,0,0,0,0,0,0,0,0,0,0,0,0,0,0,0,0,0,0,0,0,0,0,0,0,0,0,0,0,0,0,0,0,0
1666,1716,1836,1815,1696,1782,1728,1696,1995,2356,2052,2088,2088,2257,2242,2128,2128,2257,2560,2166,2242,2128,2035,2183,2088,2160,2268,2124,2720,2535,2640,2680,2747,2640,2840,2640,2760,2730,3034,2769,2840,2920,3000,3280,3000,2920,3318,3600,3600,3735,3915,4089,4488,4018,4018,3936,4131,4182,4067,3864,3948,3854,4067,3920,4050,3744,3854,3871,3792,3744,3619,3773,3577,3700,3552,3478,3773,3927,3927,4212,4000,4080,3871,3950,3713,3854,4080,4350,3854,4032,4233,4080,4930,4988,4988,5130,5369,5280,5246,5133,5828,5922,6700,6080,5307,5632,5859,6208,6138,6720,6072,5796,6365,6231,8288,8436,9243,9360,10125,10449,10935,13050,12780,12325,11900,13432,14938,14378,15159,15040,15326,16995,17784,16848,17888,18974,17738,19344,19552,20055,20819,22655,22064,22272,21696,21922,19032,19292,18720,18483,21850,15036,19968,17381,10692,6419,27776,30551,30464,34839,34365,34928,49780,49780,54210,54372,54336,54720,55948,60237,64605,67014,72848,78352,80494,86901,90624,97008,102555,106380,124785,137640,146792,156598,166400,181643,189810,221189,247503,277574,317961,353126,398970,447270,496524,539676,602952,671048,719648,760820,765900,768586,779795,756245,746028,758264,740805,750464,713140,669175,533136,458040,327810,0,0,0,0,0,0,0,0,0,0,0,0,0,0,0,0,0,0,0,0,0,0,0,0,0,0,0,0,0,0,0,0,0,0,0,0,0,0,0,0,0,0,0,0,0,0,0,0,0,0,0,0,0,0,0,0,0,0,0,0,0,0,0,0,0,0,0,0,0,0,0,0,0,0,0,0,0,0,0,0,0,0,0,0,0,0,0
1247,1276,1519,1581,1581,1488,1488,1568,1551,1350,1376,1344,1610,1575,1320,1408,1617,1960,2146,2262,2204,2072,2128,2072,2128,2360,2301,2280,2624,2666,2457,2257,2496,2535,2432,2232,2442,2613,2640,2870,3036,2992,2948,2772,2706,2479,2479,2590,2886,3150,3066,3432,3608,3198,3234,3735,3910,3960,4410,4312,4250,4263,4224,3910,3948,3600,3634,3840,4000,3888,3969,3936,3666,3525,3504,3577,3404,3358,3525,4004,3825,3648,4100,4160,4050,3920,3920,4131,4482,4928,4788,4731,4731,4845,4902,5340,5580,5220,5368,5368,5642,5642,5612,5796,5828,5670,5642,7797,5952,5676,7957,9086,9954,10191,10578,10530,10660,11645,12470,12702,12789,12441,14694,15675,15531,16992,15996,17888,18972,17600,19552,19261,18868,20196,21037,22458,23718,23345,24888,22458,25344,24000,21896,22816,22814,20196,18000,19467,22116,18974,9870,34398,33516,50220,51300,48830,53430,53781,56400,55554,57195,60768,65830,73544,77197,84672,89784,89856,97202,103410,111826,125756,141828,155686,166332,182522,195008,210970,249876,277100,323904,357670,415656,448564,518175,578685,625560,705432,771498,773952,780514,801133,788220,800625,780160,803412,798225,705870,701624,551025,452200,253890,0,0,0,0,0,0,0,0,0,0,0,0,0,0,0,0,0,0,0,0,0,0,0,0,0,0,0,0,0,0,0,0,0,0,0,0,0,0,0,0,0,0,0,0,0,0,0,0,0,0,0,0,0,0,0,0,0,0,0,0,0,0,0,0,0,0,0,0,0,0,0,0,0,0,0,0,0,0,0,0,0,0,0,0,0,0,0,0,0,0,0,0,0,0,0,0,0,0
1452,1551,1518,1643,1696,1760,1767,1792,1705,1736,1767,1824,1760,1674,1612,1696,2100,2124,1904,2368,2405,2340,2294,2040,2196,2294,2242,2640,2691,2691,2680,2574,2457,2356,2242,2220,2242,2613,2405,2680,3168,3285,3375,3311,3344,3311,3542,3420,3920,3696,3634,3818,3680,3225,3496,3465,3478,3773,3850,3822,3680,3807,3608,3440,3388,3150,3075,3000,3000,3375,3496,3476,3476,3520,3936,4100,4182,4558,4611,4576,4420,4558,4675,4872,4505,4928,5104,5400,5400,5162,5096,5487,5520,5400,5369,5310,5460,5952,5824,5785,7344,7455,8512,8736,8892,8436,9520,9794,10414,12040,12510,12126,12282,12880,13965,12760,14287,14168,16490,16660,17888,16524,16170,17877,18500,19367,19425,22116,22425,23058,21318,23111,22015,21018,20720,20125,19688,14960,24766,28638,28672,11970,31222,28689,30956,36089,37026,49140,49210,51700,52882,56964,59450,64753,69920,76685,81672,86946,89873,96990,108230,109820,119691,141440,159542,172720,192192,223398,254234,288811,331968,385814,425704,480495,542355,597375,700130,772743,778665,799475,803682,794563,807660,807081,814528,783912,729526,664008,521059,320160,0,0,0,0,0,0,0,0,0,0,0,0,0,0,0,0,0,0,0,0,0,0,0,0,0,0,0,0,0,0,0,0,0,0,0,0,0,0,0,0,0,0,0,0,0,0,0,0,0,0,0,0,0,0,0,0,0,0,0,0,0,0,0,0,0,0,0,0,0,0,0,0,0,0,0,0,0,0,0,0,0,0,0,0,0,0,0,0,0,0,0,0,0,0,0,0,0,0,0,0,0,0,0,0,0,0,0,0,0,0
1612,1508,1512,1537,1537,1512,1643,1736,1590,1760,1620,1560,1716,1650,1683,1664,1470,1410,1664,1960,1938,1972,2268,2484,2553,2484,2516,2310,2652,2368,2368,2304,2331,2795,2814,2460,2838,2788,2940,2829,2584,3108,3108,2870,2898,3139,3108,3256,3168,3139,3024,2982,3384,3869,4144,3888,3577,3996,4125,3922,3774,3796,4015,4368,4480,4424,4592,4788,4455,4620,4510,5015,5220,5340,5310,5280,5394,5369,5820,6237,5824,5733,5704,5520,6144,6596,7171,6596,6392,6348,6528,6486,6417,6650,8541,9594,9882,9882,10530,12006,12330,12740,14800,15038,15200,16380,15900,15504,17472,17914,17976,18421,19690,20976,22344,22815,22656,22487,21924,21830,21809,20792,19530,24752,14110,26288,27090,29946,31464,6566,35332,49051,49128,50652,50806,55044,56628,59073,61401,68420,76958,84721,92672,92220,99799,110192,120716,131664,148330,166474,185679,210936,237803,274527,325972,375678,414669,472880,535612,583692,632910,780312,784944,798903,821567,806095,829310,816462,824103,775590,728280,550886,388960,0,0,0,0,0,0,0,0,0,0,0,0,0,0,0,0,0,0,0,0,0,0,0,0,0,0,0,0,0,0,0,0,0,0,0,0,0,0,0,0,0,0,0,0,0,0,0,0,0,0,0,0,0,0,0,0,0,0,0,0,0,0,0,0,0,0,0,0,0,0,0,0,0,0,0,0,0,0,0,0,0,0,0,0,0,0,0,0,0,0,0,0,0,0,0,0,0,0,0,0,0,0,0,0,0,0,0,0,0,0,0,0,0,0,0,0,0,0,0,0,0,0,0,0,0,0,0
984,975,975,1075,1144,1092,943,960,897,1100,936,960,960,912,936,858,984,943,1150,1225,1274,1248,1248,1222,1144,1242,1323,1248,1300,1326,1334,1581,1530,1760,1470,1188,1232,1176,1120,1134,1092,1188,1456,1428,1428,1400,1479,1508,1566,1540,1710,1711,1830,1953,1953,2015,2080,2312,2244,2145,2176,2345,2412,2508,2760,2546,2232,2160,2183,2160,2376,2613,2993,2982,3053,3358,3300,3300,2952,3225,3234,3075,3157,3157,3344,2993,3388,2993,3108,3212,3240,3360,3577,3150,3150,3168,3256,3773,4000,3760,3680,3696,4335,4785,5016,5162,5133,5310,4984,4902,5160,5307,5456,5280,5063,4897,5162,4558,5456,5355,5330,4234,4514,4836,4800,6901,8393,9360,9360,9520,11266,11180,12741,11659,11524,13671,13468,14798,16789,15229,15246,15741,16059,16268,17325,19215,18900,17542,16740,20240,20832,17646,17127,16587,13120,9945,26076,27500,29964,30191,29824,30360,31536,34484,34251,35787,48732,52143,54488,55948,56964,62640,69382,73861,87465,86184,91290,100848,108810,120285,135558,157140,175274,194950,225446,255502,311690,351830,417000,494982,531990,616572,694548,760646,788205,792205,778972,760760,794274,779627,698202,662883,488600,321776,0,0,0,0,0,0,0,0,0,0,0,0,0,0,0,0,0,0,0,0,0,0,0,0,0,0,0,0,0,0,0,0,0,0,0,0,0,0,0,0,0,0,0,0,0,0,0,0,0,0,0,0,0,0,0,0,0,0,0,0,0,0,0,0,0,0,0,0,0,0,0,0,0,0,0,0,0,0,0,0,0,0,0,0,0,0,0,0,0,0,0,0,0,0,0,0
1316,1222,1170,975,1092,1092,1050,1144,1075,1008,1150,1170,1118,1222,1269,1296,1428,1508,1829,1829,1802,1768,1617,1617,1408,1120,1092,1120,1160,1148,1064,1020,1170,1504,1426,1457,1519,1380,1568,1664,1836,1760,1870,2052,1960,1960,2109,2457,2379,2440,2706,2688,2226,1920,2337,2394,2720,3024,3150,3096,3139,2993,3024,3139,3225,3157,3564,3864,3680,3388,3726,3476,3510,3840,3978,4134,4081,3822,4000,3822,3800,4368,4500,4176,4914,4524,5115,5244,5605,5640,5369,5700,6222,5900,5684,5782,5900,5568,5358,4823,5529,5336,5673,5251,5310,5766,4872,6500,8056,9204,9163,9516,10160,11524,11070,10168,11610,12035,13500,14469,13833,14938,15040,14880,14469,16366,16608,13612,18156,17072,14706,16856,17574,12160,12636,9664,26040,26400,30480,28854,29412,29799,31136,33180,33350,49025,49864,53108,52164,54795,59364,62964,72450,83040,88179,91728,101529,104931,118250,130210,155376,169575,181818,213712,253736,301700,337938,415106,471653,544840,626325,723610,740091,735658,709764,708624,691768,688860,655626,561627,452146,310464,0,0,0,0,0,0,0,0,0,0,0,0,0,0,0,0,0,0,0,0,0,0,0,0,0,0,0,0,0,0,0,0,0,0,0,0,0,0,0,0,0,0,0,0,0,0,0,0,0,0,0,0,0,0,0,0,0,0,0,0,0,0,0,0,0,0,0,0,0,0,0,0,0,0,0,0,0,0,0,0,0,0,0,0,0,0,0,0,0,0,0,0,0,0,0,0,0,0,0,0,0,0,0,0,0,0,0,0,0,0,0,0,0,0,0,0,0,0
1271,1260,1320,1380,1276,1176,1120,1148,1040,1040,1080,1120,1160,1320,1247,1148,1334,1457,1488,1488,1568,1568,1600,1785,1750,1715,1617,1617,1700,1734,1716,1890,1836,1938,2030,2065,1749,1782,1870,1836,1836,1870,1870,1683,1683,1815,2006,2040,2275,2691,2652,2546,2613,2546,2613,2479,2691,2701,2556,2664,2376,2412,2479,2590,2627,2664,2847,3075,3040,3075,3116,3608,3948,3936,3666,3969,3680,3225,3256,2993,3108,3066,3108,2911,3010,2924,3080,3634,4080,4272,4845,5643,5782,5640,5546,5510,6161,6240,6405,6820,6148,6649,7296,7820,8520,8832,9600,9796,9880,10349,11562,12410,12070,12584,13224,13224,13416,12516,12936,15041,13588,15159,16867,17510,19080,18952,19822,20520,20330,19190,27265,27472,27860,29376,29580,24444,23837,31020,22310,34251,37730,49601,55963,57812,58782,68153,71940,72364,84668,92851,106000,110770,120672,122598,160650,173661,197439,229524,265068,313048,370798,458350,517000,555814,672777,708500,711492,671724,664392,666512,625374,597860,504116,361875,0,0,0,0,0,0,0,0,0,0,0,0,0,0,0,0,0,0,0,0,0,0,0,0,0,0,0,0,0,0,0,0,0,0,0,0,0,0,0,0,0,0,0,0,0,0,0,0,0,0,0,0,0,0,0,0,0,0,0,0,0,0,0,0,0,0,0,0,0,0,0,0,0,0,0,0,0,0,0,0,0,0,0,0,0,0,0,0,0,0,0,0,0,0,0,0,0,0,0,0,0,0,0,0,0,0,0,0,0,0,0,0,0,0,0,0,0,0,0,0,0,0,0,0,0,0
1014,936,888,988,1014,1092,1092,1026,1026,1026,1008,972,936,936,962,950,925,1014,1050,1025,1040,988,816,936,999,1026,999,972,1120,1131,1092,1247,1320,1204,1176,1247,1218,1148,1247,1232,1344,1421,1363,1479,1530,1643,1612,1612,1643,1696,1728,1815,1836,1728,1728,1600,1760,1870,2065,2040,2006,2006,2124,2124,2124,2196,2160,2100,2135,2160,2232,2268,2196,2232,2135,2160,2124,2040,2100,2196,2160,2788,3160,3655,3354,3212,3666,4400,4557,4508,4717,4628,4641,4611,4717,4416,4784,5060,4770,4524,4368,4165,4590,5244,5369,5310,6076,6161,5795,7085,8496,8165,8040,8976,8760,10152,11778,11297,11680,11600,11076,10981,11218,13224,13674,15980,15168,16072,15811,19008,20648,21420,19952,23865,25058,25058,26852,25192,25669,28842,28980,30315,21276,14842,16044,52452,53200,58904,61610,61509,75150,84960,90266,99705,109934,116144,142852,163017,187708,216118,267181,312012,376607,462990,556974,617760,683094,659814,630480,621576,597873,549375,481052,334356,0,0,0,0,0,0,0,0,0,0,0,0,0,0,0,0,0,0,0,0,0,0,0,0,0,0,0,0,0,0,0,0,0,0,0,0,0,0,0,0,0,0,0,0,0,0,0,0,0,0,0,0,0,0,0,0,0,0,0,0,0,0,0,0,0,0,0,0,0,0,0,0,0,0,0,0,0,0,0,0,0,0,0,0,0,0,0,0,0,0,0,0,0,0,0,0,0,0,0,0,0,0,0,0,0,0,0,0,0,0,0,0,0,0,0,0,0,0,0,0,0,0,0,0,0,0
972,1080,986,1020,1085,928,960,1156,1258,1155,1023,1085,1116,1120,1088,1120,1085,1221,1120,1221,1216,1209,1110,1240,1216,1320,1312,1312,1452,1504,1504,1408,1551,1584,1617,1568,1536,1600,1617,1650,1782,1716,1904,2124,2220,2124,2183,2052,2124,1914,2006,2205,2232,2196,2100,2196,2170,2376,2310,2520,2484,2590,2627,2730,2993,2800,2911,2982,2880,2760,2911,3192,3239,3526,3239,2840,3212,2952,2840,2847,2993,3696,3645,3780,4600,5346,5400,6000,5684,5225,5225,5432,5335,5700,6018,6615,6222,6848,8296,9300,8364,10062,10270,10857,11520,10764,10906,11844,12600,12963,13137,14852,14151,15288,13398,16512,18408,18762,19536,20868,22195,23345,28014,28080,28275,27740,31714,33810,33415,27860,22892,21614,20475,9295,55188,57720,60770,72816,72450,80065,90720,104490,110704,128438,145350,165690,194925,228780,269990,327936,421824,483674,571200,680032,720837,719952,686972,684126,664862,650231,484242,356519,0,0,0,0,0,0,0,0,0,0,0,0,0,0,0,0,0,0,0,0,0,0,0,0,0,0,0,0,0,0,0,0,0,0,0,0,0,0,0,0,0,0,0,0,0,0,0,0,0,0,0,0,0,0,0,0,0,0,0,0,0,0,0,0,0,0,0,0,0,0,0,0,0,0,0,0,0,0,0,0,0,0,0,0,0,0,0,0,0,0,0,0,0,0,0,0,0,0,0,0,0,0,0,0,0,0,0,0,0,0,0,0,0,0,0,0,0,0,0,0,0,0,0,0,0,0,0,0,0,0,0,0,0,0,0,0,0,0
1131,1064,1102,1092,1102,1260,1240,1419,1160,1036,1200,1333,1189,1160,1148,1120,1189,1189,1218,1147,1064,1170,1333,1395,1504,1568,1519,1550,1395,1376,1488,1440,1488,1392,1568,1488,1488,1536,1519,1612,1560,1537,1680,1824,2100,1792,2240,2142,2006,1914,2030,2183,2135,1947,2040,2135,2368,2546,2304,2442,2108,2232,2442,2405,2613,2613,2340,2040,2205,2470,2442,2535,2496,3285,3572,3871,3840,3619,4806,4836,4680,4717,5170,4895,5225,5225,5238,5452,5016,5301,5952,5723,6174,6695,6968,6834,7169,9225,8378,8906,10549,11360,11520,12069,12298,12727,13261,14453,14352,14700,14476,14440,14440,20832,21275,20056,23124,25137,25326,24948,26467,26934,28633,28063,28014,25620,19000,53016,55074,62282,65575,72376,77634,92750,100104,110880,112407,149702,158469,188811,218880,284280,342760,424794,503720,605744,684720,665445,638442,636737,596716,563833,436696,264160,0,0,0,0,0,0,0,0,0,0,0,0,0,0,0,0,0,0,0,0,0,0,0,0,0,0,0,0,0,0,0,0,0,0,0,0,0,0,0,0,0,0,0,0,0,0,0,0,0,0,0,0,0,0,0,0,0,0,0,0,0,0,0,0,0,0,0,0,0,0,0,0,0,0,0,0,0,0,0,0,0,0,0,0,0,0,0,0,0,0,0,0,0,0,0,0,0,0,0,0,0,0,0,0,0,0,0,0,0,0,0,0,0,0,0,0,0,0,0,0,0,0,0,0,0,0,0,0,0,0,0,0,0,0,0,0,0,0,0,0,0,0,0,0,0,0
782,792,792,816,850,825,806,945,891,832,832,775,792,816,850,864,891,924,832,918,891,918,1008,864,924,1080,986,924,1050,1020,1184,1120,1116,1152,1170,1120,1116,1120,1054,1085,1085,1140,1200,1204,1260,1426,1364,1426,1536,1568,1568,1472,1472,1551,1632,1750,1908,1944,1855,1925,1750,1632,1924,2146,1961,1998,2166,2340,2160,2196,2640,2760,2747,3220,3195,2898,2516,2730,2800,3588,3168,3256,3053,3024,3588,3888,3420,3212,3713,3950,3900,3950,3696,3696,3792,4233,3792,3572,3220,4664,4361,5301,5841,5664,6100,6060,6996,7571,8806,8307,8418,9638,9750,11234,11234,11659,11205,12760,13857,14440,15617,15168,15680,15778,17056,18338,19140,21122,22264,25000,24969,29054,28710,29184,33488,32636,34485,29187,34986,22344,51614,56940,60398,65391,74806,75816,84720,101660,111672,128464,146746,170863,194480,251405,289948,360677,463368,535080,647660,713622,716605,691246,676368,650716,590646,427716,293818,0,0,0,0,0,0,0,0,0,0,0,0,0,0,0,0,0,0,0,0,0,0,0,0,0,0,0,0,0,0,0,0,0,0,0,0,0,0,0,0,0,0,0,0,0,0,0,0,0,0,0,0,0,0,0,0,0,0,0,0,0,0,0,0,0,0,0,0,0,0,0,0,0,0,0,0,0,0,0,0,0,0,0,0,0,0,0,0,0,0,0,0,0,0,0,0,0,0,0,0,0,0,0,0,0,0,0,0,0,0,0,0,0,0,0,0,0,0,0,0,0,0,0,0,0,0,0,0,0,0,0,0,0
900,875,875,875,875,910,875,816,840,864,840,888,988,900,988,1064,999,975,900,962,884,1008,945,918,924,980,1015,1044,1036,1073,1102,1044,980,924,1085,986,910,1008,1102,1140,1160,1160,1204,1247,1102,1073,1230,1160,1160,1176,1305,1410,1457,1504,1504,1504,1551,1645,1700,1734,1802,1890,1870,1782,1716,1600,1632,1683,1815,1683,1815,2006,2170,2318,2508,2829,2574,2720,2622,2345,2415,2484,2448,2769,2546,2622,2660,2920,3034,3066,3066,3420,3773,3525,3525,3431,3525,3358,3195,3600,2924,2924,3792,3901,4386,5376,5264,5394,6100,6760,7020,7571,6649,7232,7772,8280,9500,9240,10790,10956,12240,12876,12702,12410,13311,13706,15345,16600,18020,19110,18900,21996,23668,23600,22487,30992,31008,31556,29547,32499,30906,35030,50048,52173,53376,61893,65751,76461,85709,95861,111042,122972,132880,169520,191051,251766,312669,385032,484746,581799,670720,747656,781574,742968,736404,722150,594587,412112,0,0,0,0,0,0,0,0,0,0,0,0,0,0,0,0,0,0,0,0,0,0,0,0,0,0,0,0,0,0,0,0,0,0,0,0,0,0,0,0,0,0,0,0,0,0,0,0,0,0,0,0,0,0,0,0,0,0,0,0,0,0,0,0,0,0,0,0,0,0,0,0,0,0,0,0,0,0,0,0,0,0,0,0,0,0,0,0,0,0,0,0,0,0,0,0,0,0,0,0,0,0,0,0,0,0,0,0,0,0,0,0,0,0,0,0,0,0,0,0,0,0,0,0,0,0,0,0,0,0,0,0
925,925,936,864,888,975,925,988,936,910,884,832,825,768,744,792,800,792,858,875,910,850,910,850,1036,945,1073,1064,1015,952,924,1020,1102,1080,1073,1008,1120,999,1131,1073,1140,1170,1189,1247,1333,1260,1189,1350,1470,1550,1519,1392,1440,1392,1305,1320,1426,1550,1600,1696,1632,1716,1716,1890,1972,1938,1938,1938,2232,2006,2124,2405,2196,2100,2268,2240,2484,2556,2808,3053,3168,2898,2691,2691,3225,3465,3096,3330,3432,3440,3276,3116,3311,3450,3150,3772,3619,3525,3066,3698,5300,5148,5247,5049,5044,5775,5512,5757,6420,6720,6572,7488,8610,8400,9372,9792,9855,10507,9906,10988,11726,13616,13464,13090,13746,12900,15648,18270,18083,20710,19260,19982,29468,28968,28368,28650,31916,32342,29435,21922,34128,8460,57232,57816,72051,70370,81260,99202,105984,122122,129204,170546,193569,248325,309744,398034,478969,595958,718692,701263,684112,673687,634810,543370,408360,190340,828,851,851,792,805,792,770,770,840,875,912,912,874,0,0,0,0,0,0,0,0,0,0,0,0,0,0,0,0,0,0,0,0,0,0,0,0,0,0,0,0,0,0,0,0,0,0,0,0,0,0,0,0,0,0,0,0,0,0,0,0,0,0,0,0,0,0,0,0,0,0,0,0,0,0,0,0,0,0,0,0,0,0,0,0,0,0,0,0,0,0,0,0,0,0,0,0,0,0,0,0,0,0,0,0,0,0,0,0,0,0,0,0,0,0,0,0,0,0,0,0,0,0,0,0,0,0,0,0,0,0,0,0,0
900,988,1053,1148,1160,1178,1140,1140,1044,1044,1170,1110,1110,1050,841,1015,924,990,1020,1170,1170,1189,1333,1271,1240,1160,1290,1380,1504,1617,1504,1551,1598,1610,1610,1551,1666,1980,2242,2090,1855,1998,2035,2166,2146,2196,2268,2800,2613,2856,2720,2870,2911,2652,2730,2730,2652,3108,2993,2840,3192,3388,3354,3780,3888,3648,3384,3552,3404,4018,4400,4136,4550,4717,5060,5600,5488,5320,6195,6572,7040,8712,8236,9525,9360,10360,9600,10080,10906,11645,12848,13892,13590,13410,13376,16137,17702,19092,19647,20358,22968,28000,27027,26754,29106,30248,33971,28280,37297,36972,56842,59073,69006,74425,82933,100878,102718,120841,149100,171622,195734,255323,320166,410192,515449,615536,702304,681768,665226,661626,623040,497733,291566,0,0,0,0,0,0,0,0,0,0,0,0,0,0,0,0,0,0,0,0,0,0,0,0,0,0,0,0,0,0,0,0,0,0,0,0,0,0,0,0,0,0,0,0,0,0,0,0,0,0,0,0,0,0,0,0,0,0,0,0,0,0,0,0,0,0,0,0,0,0,0,0,0,0,0,0,0,0,0,0,0,0,0,0,0,0,0,0,0,0,0,0,0,0,0,0,0,0,0,0,0,0,0,0,0,0,0,0,0,0,0,0,0,0,0,0,0,0,0,0,0,0,0,0,0,0,0,0,0,0,0,0,0,0,0,0,0,0,0,0,0,0,0,0,0,0,0,0,0,0,0,0,0,0,0,0,0,0,0,0,0,0,0,0,0,0,0
864,900,888,888,888,858,850,850,884,858,837,972,1044,1008,918,1044,896,899,1050,952,1015,1008,1044,1131,1160,1230,1131,1102,1110,1131,1140,1200,1218,1204,1160,1290,1218,1218,1247,1276,1260,1305,1334,1305,1488,1504,1617,1568,1600,1568,1584,1734,1716,1696,1581,1664,1848,2040,2100,2065,1836,1947,2006,2006,2040,2331,2470,2800,2508,2470,2304,2442,2720,2613,2574,2432,2470,2574,2600,2706,2860,4698,4250,3648,3888,4320,4277,4641,4836,4500,5301,5076,5247,5700,5472,5782,6262,7056,8307,6930,8890,8901,9170,9652,9702,11200,12240,12212,13398,12865,13416,14196,17136,17325,17680,17220,17952,28755,27811,26245,26100,29156,31668,29328,35909,35520,6625,52921,55390,61509,65270,72320,86022,105472,106932,120978,156864,181937,225164,284128,365490,468180,564944,721694,704605,690132,673764,646488,528941,357420,0,0,0,0,0,0,0,0,0,0,0,0,0,0,0,0,0,0,0,0,0,0,0,0,0,0,0,0,0,0,0,0,0,0,0,0,0,0,0,0,0,0,0,0,0,0,0,0,0,0,0,0,0,0,0,0,0,0,0,0,0,0,0,0,0,0,0,0,0,0,0,0,0,0,0,0,0,0,0,0,0,0,0,0,0,0,0,0,0,0,0,0,0,0,0,0,0,0,0,0,0,0,0,0,0,0,0,0,0,0,0,0,0,0,0,0,0,0,0,0,0,0,0,0,0,0,0,0,0,0,0,0,0,0,0,0,0,0,0,0,0,0,0,0,0,0,0,0,0,0
925,936,988,925,875,945,858,816,775,720,744,696,750,918,999,945,875,936,972,1036,1120,1064,999,1026,972,910,1080,1107,1242,1148,936,945,924,1044,1008,980,1015,1140,1131,1170,1260,1189,1230,1170,1218,1247,1488,1550,1500,1479,1519,1550,1650,1617,1716,1734,1750,1750,1715,1600,1980,2124,1960,2160,1904,1904,2135,2065,2257,2294,2418,2496,2418,2418,2457,2496,2600,2470,2535,3139,2680,3312,4116,4524,4982,4680,4450,5076,5130,5184,5022,4947,4770,4664,5445,5782,5723,6890,6300,8700,8541,9900,9975,9750,10998,10920,11928,12348,14345,14168,14256,15010,17430,19153,20160,19950,20790,28496,27832,26572,27594,32844,32754,32802,26260,24038,9198,55581,59200,72708,70060,84606,101652,107944,129900,157080,191196,237632,303732,403564,500065,641732,732676,725760,712200,704600,667635,456270,228855,0,0,0,0,0,0,0,0,0,0,0,0,0,0,0,0,0,0,0,0,0,0,0,0,0,0,0,0,0,0,0,0,0,0,0,0,0,0,0,0,0,0,0,0,0,0,0,0,0,0,0,0,0,0,0,0,0,0,0,0,0,0,0,0,0,0,0,0,0,0,0,0,0,0,0,0,0,0,0,0,0,0,0,0,0,0,0,0,0,0,0,0,0,0,0,0,0,0,0,0,0,0,0,0,0,0,0,0,0,0,0,0,0,0,0,0,0,0,0,0,0,0,0,0,0,0,0,0,0,0,0,0,0,0,0,0,0,0,0,0,0,0,0,0,0,0,0,0,0,0,0
770,900,936,910,1036,952,952,891,884,972,999,918,910,910,936,925,1040,988,1053,1092,1160,1073,1200,1189,1102,1064,1230,1230,1160,1102,1230,1276,1271,1364,1457,1519,1519,1457,1457,1410,1568,1550,1568,1530,1550,1716,1632,1715,1836,2196,2268,1947,2030,2294,2232,2100,2074,2074,2310,2574,2613,2940,2829,2760,2730,3080,2800,2856,2760,2652,2788,2574,3577,4558,3542,4386,4312,5264,5700,5280,5096,5035,5900,6000,6649,6592,7797,9240,8540,10140,9855,10608,10744,12240,12870,13770,15035,15106,14940,18656,19511,19293,20227,27948,27126,27918,28224,33210,31212,31672,35136,38440,55100,57130,64988,75696,88080,104236,114955,142560,171180,207200,275400,349895,464499,578197,714356,701498,686191,666308,621530,452920,0,0,0,0,0,0,0,0,0,0,0,0,0,0,0,0,0,0,0,0,0,0,0,0,0,0,0,0,0,0,0,0,0,0,0,0,0,0,0,0,0,0,0,0,0,0,0,0,0,0,0,0,0,0,0,0,0,0,0,0,0,0,0,0,0,0,0,0,0,0,0,0,0,0,0,0,0,0,0,0,0,0,0,0,0,0,0,0,0,0,0,0,0,0,0,0,0,0,0,0,0,0,0,0,0,0,0,0,0,0,0,0,0,0,0,0,0,0,0,0,0,0,0,0,0,0,0,0,0,0,0,0,0,0,0,0,0,0,0,0,0,0,0,0,0,0,0,0,0,0,0,0,0,0,0,0,0,0,0,0,0,0,0,0,0,0,0,0
805,805,759,736,768,720,768,768,768,805,828,805,851,888,900,1036,910,936,936,999,972,972,936,936,1026,1080,1189,1218,1053,1120,1204,1120,850,900,912,1053,1107,1204,1215,1148,910,999,1092,1036,1015,1110,1140,1170,1350,1247,1320,1320,1260,1334,1350,1380,1519,1550,1519,1581,1632,1768,1584,1782,1855,1802,1768,1749,1768,1749,1782,2170,2394,2100,2232,2470,2405,2470,2747,2432,2574,2535,2747,3080,2856,2720,2546,2535,3243,3750,4770,4539,4539,4539,5076,5130,5335,5022,4968,5600,5568,5841,6634,6912,8591,8954,9709,9825,11011,10108,12096,12728,13468,14758,14651,15180,17340,19936,20313,19536,25414,28773,27336,27840,32320,32186,26855,34704,10360,57135,63133,66312,77356,98685,106860,121695,152908,175825,237133,308729,409031,508211,641359,706734,674784,668783,620473,474654,276121,0,0,0,0,0,0,0,0,0,0,0,0,0,0,0,0,0,0,0,0,0,0,0,0,0,0,0,0,0,0,0,0,0,0,0,0,0,0,0,0,0,0,0,0,0,0,0,0,0,0,0,0,0,0,0,0,0,0,0,0,0,0,0,0,0,0,0,0,0,0,0,0,0,0,0,0,0,0,0,0,0,0,0,0,0,0,0,0,0,0,0,0,0,0,0,0,0,0,0,0,0,0,0,0,0,0,0,0,0,0,0,0,0,0,0,0,0,0,0,0,0,0,0,0,0,0,0,0,0,0,0,0,0,0,0,0,0,0,0,0,0,0,0,0,0,0,0,0,0,0,0
864,840,875,850,825,832,858,858,952,972,1008,1015,1064,1073,1092,1026,988,950,1066,1026,1026,1073,952,891,924,884,891,945,875,925,864,864,936,925,950,962,1040,1066,1188,1288,1269,1288,1260,1260,1488,1410,1426,1410,1472,1568,1550,1550,1550,1600,2065,1972,2030,1960,1696,1792,1792,1972,2065,2304,2405,2448,2210,2310,2508,2622,2584,2304,2268,2268,2652,2470,2535,2814,3408,3195,3634,4250,4263,4263,4080,4459,4806,5208,5643,5814,7410,6710,7424,8540,9620,9120,9875,10560,12549,12580,12410,12012,14688,17640,18338,18200,19398,27270,26989,25024,30954,30888,32224,35266,51800,55872,62624,69006,83145,100596,105820,125840,163631,209496,269841,364056,489472,611000,693966,670144,653920,595033,463936,212102,0,0,0,0,0,0,0,0,0,0,0,0,0,0,0,0,0,0,0,0,0,0,0,0,0,0,0,0,0,0,0,0,0,0,0,0,0,0,0,0,0,0,0,0,0,0,0,0,0,0,0,0,0,0,0,0,0,0,0,0,0,0,0,0,0,0,0,0,0,0,0,0,0,0,0,0,0,0,0,0,0,0,0,0,0,0,0,0,0,0,0,0,0,0,0,0,0,0,0,0,0,0,0,0,0,0,0,0,0,0,0,0,0,0,0,0,0,0,0,0,0,0,0,0,0,0,0,0,0,0,0,0,0,0,0,0,0,0,0,0,0,0,0,0,0,0,0,0,0,0,0,0,0,0,0,0,0,0,0,0,0,0,0,0,0,0
840,912,950,975,988,1026,1102,1064,1064,936,1064,1008,972,891,891,924,891,980,924,980,972,975,1148,1160,1064,1102,1131,1064,1080,980,1102,1302,1189,1170,1140,1209,1240,1302,1488,1426,1334,1410,1410,1410,1617,1568,1519,1664,1716,1716,1925,2183,1872,1716,1890,1925,2006,2294,2196,2405,2368,2640,2496,2496,2665,2457,2680,2613,2546,2652,3053,3330,4032,4165,4968,4641,4600,5076,4914,4368,4176,4784,5432,5684,6283,6592,8280,9009,9300,9675,10703,11869,11972,12136,13330,13416,15264,15778,16952,19360,20709,24638,25058,27020,26989,30672,33371,19467,15394,51975,55242,64260,67392,89548,98670,115830,145152,171672,228780,306306,423186,543900,698862,683760,656285,627660,519036,306726,0,0,0,0,0,0,0,0,0,0,0,0,0,0,0,0,0,0,0,0,0,0,0,0,0,0,0,0,0,0,0,0,0,0,0,0,0,0,0,0,0,0,0,0,0,0,0,0,0,0,0,0,0,0,0,0,0,0,0,0,0,0,0,0,0,0,0,0,0,0,0,0,0,0,0,0,0,0,0,0,0,0,0,0,0,0,0,0,0,0,0,0,0,0,0,0,0,0,0,0,0,0,0,0,0,0,0,0,0,0,0,0,0,0,0,0,0,0,0,0,0,0,0,0,0,0,0,0,0,0,0,0,0,0,0,0,0,0,0,0,0,0,0,0,0,0,0,0,0,0,0,0,0,0,0,0,0,0,0,0,0,0,0,0,0,0,0,0,0,0,0,0
896,832,750,806,768,832,800,768,792,816,816,840,900,962,884,918,1008,1015,986,1008,1053,975,950,888,900,782,888,962,988,1064,1276,1305,1334,1410,1305,1288,1380,1363,1334,1334,1488,1488,1410,1488,1536,1551,1584,1734,1870,1995,1925,1855,2124,1914,1792,1792,1914,2232,2376,2508,2232,2613,2613,2788,2600,2432,2560,2829,3053,2840,3312,3950,3285,3600,4002,4277,4272,4650,5280,5005,5700,5880,6540,8260,8556,9880,9720,9984,10578,11178,12789,13973,13398,13590,15840,18690,20292,20202,22080,30806,27594,30108,34320,34980,26520,38220,49395,58782,70414,78302,89964,106600,123093,157988,193336,269724,345492,472473,626990,729621,708400,686340,670341,458994,162870,0,0,0,0,0,0,0,0,0,0,0,0,0,0,0,0,0,0,0,0,0,0,0,0,0,0,0,0,0,0,0,0,0,0,0,0,0,0,0,0,0,0,0,0,0,0,0,0,0,0,0,0,0,0,0,0,0,0,0,0,0,0,0,0,0,0,0,0,0,0,0,0,0,0,0,0,0,0,0,0,0,0,0,0,0,0,0,0,0,0,0,0,0,0,0,0,0,0,0,0,0,0,0,0,0,0,0,0,0,0,0,0,0,0,0,0,0,0,0,0,0,0,0,0,0,0,0,0,0,0,0,0,0,0,0,0,0,0,0,0,0,0,0,0,0,0,0,0,0,0,0,0,0,0,0,0,0,0,0,0,0,0,0,0,0,0,0,0,0,0,0,0,0,0,0
6305,6138,5742,6090,6386,6976,7169,7140,7597,7957,9672,10692,11560,11645,11815,11205,11398,11760,11703,10906,10744,10549,11664,11562,11398,12354,12267,10960,12298,13320,13500,13671,12264,11692,12240,12218,13345,12852,12054,13158,12600,12616,14094,15130,15050,14186,15996,19097,17538,18515,18603,19926,20160,20130,20664,20862,21798,23711,23994,24510,26600,28078,29930,28855,29435,29106,29841,29725,30488,30140,30597,29820,30277,31725,53392,53200,54372,54621,57909,59697,62418,63630,68320,71706,77822,76424,82560,89548,89548,95095,99396,107567,107590,115290,125580,135752,135648,137557,147744,159134,179280,186186,205900,229524,244098,260797,290784,313768,336680,368880,414960,490818,518584,583884,656316,683383,713424,713920,705180,681066,643132,619528,596580,595080,554736,519616,531360,476868,418275,352231,287660,192240,118958,0,0,0,0,0,0,0,0,0,0,0,0,0,0,0,0,0,0,0,0,0,0,0,0,0,0,0,0,0,0,0,0,0,0,0,0,0,0,0,0,0,0,0,0,0,0,0,0,0,0,0,0,0,0,0,0,0,0,0,0,0,0,0,0,0,0,0,0,0,0,0,0,0,0,0,0,0,0,0,0,0,0,0,0,0,0,0,0,0,0,0,0,0,0,0,0,0,0,0,0,0,0,0,0,0,0,0,0,0,0,0,0,0,0,0,0,0,0,0,0,0,0,0,0,0,0,0,0,0,0,0,0,0,0,0,0,0,0,0,0,0,0,0,0,0,0,0,0,0,0,0,0,0,0,0,0,0,0,0,0,0,0,0,0,0,0,0
3555,3680,4032,4067,4032,3888,3696,4320,4959,5782,5742,5394,5605,5684,5742,4950,4183,5301,5828,6762,6270,7000,6762,7070,6760,7526,7980,7704,9280,11424,10788,10292,10836,10458,10206,11520,11745,12282,10720,12325,12267,13377,14100,14352,16065,15198,14400,16632,15655,19092,19758,19620,20868,18400,21930,22935,25986,25258,26425,26969,29694,28800,29290,30535,30750,27674,27336,26928,28116,29659,29882,32032,33516,24278,30645,58729,59001,67950,67792,65925,66639,74494,76551,84132,87648,94720,101268,98050,106134,119834,117740,123900,132457,147264,155647,172344,180389,199719,216972,222807,240714,262542,294556,332568,352488,390888,438780,499690,588672,601460,620473,641476,647262,608820,594384,569449,559858,507350,465534,447216,424270,360000,286902,221770,134048,47684,0,0,0,0,0,0,0,0,0,0,0,0,0,0,0,0,0,0,0,0,0,0,0,0,0,0,0,0,0,0,0,0,0,0,0,0,0,0,0,0,0,0,0,0,0,0,0,0,0,0,0,0,0,0,0,0,0,0,0,0,0,0,0,0,0,0,0,0,0,0,0,0,0,0,0,0,0,0,0,0,0,0,0,0,0,0,0,0,0,0,0,0,0,0,0,0,0,0,0,0,0,0,0,0,0,0,0,0,0,0,0,0,0,0,0,0,0,0,0,0,0,0,0,0,0,0,0,0,0,0,0,0,0,0,0,0,0,0,0,0,0,0,0,0,0,0,0,0,0,0,0,0,0,0,0,0,0,0,0,0,0,0,0,0,0,0,0,0,0,0,0,0,0,0
2242,2604,2881,3266,3404,3290,3220,2838,2501,2624,2814,2904,2860,3082,2880,3360,3600,3431,3015,2666,2688,3082,3408,3900,4125,4070,4275,5002,4920,5310,4959,5162,5428,5546,5429,5551,5673,5673,6500,6272,5922,5922,6110,5642,6188,6603,6674,6790,7500,7350,7700,7931,8112,7777,8690,9545,8848,9477,8816,6780,7973,9702,10240,10624,11424,11620,11760,12727,13112,14076,16200,16160,16170,17407,14787,16731,18408,18054,17442,17136,17170,17850,17680,19153,19474,19293,19635,20240,20492,21720,22082,23058,25088,28140,30414,29920,30240,33434,33696,33785,33319,32743,34333,50997,52496,62006,66440,67405,65575,66676,76160,84579,87220,92722,99750,98136,102290,112203,121410,116343,130092,143655,153918,169488,179626,188272,201607,213246,246721,250978,279888,302460,332415,380904,436464,484050,558195,632544,702867,727818,718448,721854,685980,639187,612973,593250,552027,498355,471042,445764,374274,284692,183008,81608,0,0,0,0,0,0,0,0,0,0,0,0,0,0,0,0,0,0,0,0,0,0,0,0,0,0,0,0,0,0,0,0,0,0,0,0,0,0,0,0,0,0,0,0,0,0,0,0,0,0,0,0,0,0,0,0,0,0,0,0,0,0,0,0,0,0,0,0,0,0,0,0,0,0,0,0,0,0,0,0,0,0,0,0,0,0,0,0,0,0,0,0,0,0,0,0,0,0,0,0,0,0,0,0,0,0,0,0,0,0,0,0,0,0,0,0,0,0,0,0,0,0,0,0,0,0,0,0,0,0,0,0,0,0,0,0,0,0,0,0,0,0,0,0,0,0
3120,3362,3280,2888,2775,2850,2590,2700,2964,2926,2925,3120,3280,3276,3276,3321,3280,3240,3320,3320,3200,3526,3239,3081,3003,2074,2046,2145,2278,2310,2268,2331,2484,2553,2660,2640,2829,2880,2952,3182,3713,3901,3760,3465,3920,3850,4004,4674,4428,5046,5073,4895,4386,4914,5546,5723,5510,6175,6596,5985,5782,5760,6489,6864,7840,7888,7548,7630,7992,8625,9548,10033,9150,10000,10000,9920,11088,10880,10790,11475,11730,12870,12696,13156,12354,12831,13432,14229,15485,13770,17473,17200,16137,16005,16224,22704,23584,24453,23491,24360,24393,26660,27745,31296,31104,32683,31914,32636,27537,23912,28329,36000,35850,37448,53952,54252,61950,68731,66521,70686,75360,75433,86500,91235,102330,105050,117832,124845,138437,140289,140490,266385,299907,337123,395382,430214,503426,566432,662112,779526,846612,845618,852390,817600,789884,856032,711432,665210,670232,558975,489055,371124,248115,0,0,0,0,0,0,0,0,0,0,0,0,0,0,0,0,0,0,0,0,0,0,0,0,0,0,0,0,0,0,0,0,0,0,0,0,0,0,0,0,0,0,0,0,0,0,0,0,0,0,0,0,0,0,0,0,0,0,0,0,0,0,0,0,0,0,0,0,0,0,0,0,0,0,0,0,0,0,0,0,0,0,0,0,0,0,0,0,0,0,0,0,0,0,0,0,0,0,0,0,0,0,0,0,0,0,0,0,0,0,0,0,0,0,0,0,0,0,0,0,0,0,0,0,0,0,0,0,0,0,0,0,0,0,0,0,0,0,0,0,0,0,0,0,0,0,0
2541,2516,2304,2625,2346,2628,2628,2627,2412,2112,2178,2343,2844,2625,2923,2964,3240,3200,3120,2812,2775,3003,3655,3825,4136,4320,4459,4600,4732,4400,4982,4823,4895,5005,5035,5049,4800,4500,5544,6042,5824,6195,6077,5880,5800,5510,6283,6090,6254,6527,6634,6386,6237,6634,6480,6867,6955,7020,6976,7104,7168,6696,6313,5500,8763,9398,8750,11016,8954,13395,9500,13289,10625,14178,14248,16585,17094,17402,15370,17098,22860,22733,22875,22444,20930,24310,23091,22140,24339,26535,23482,24822,23876,24892,27219,31382,30191,32292,34416,37088,33596,33227,59772,63327,66272,81499,80964,92368,98816,103200,106530,113960,118845,133168,177210,202616,216114,243090,266490,308367,350100,394148,468272,534419,638661,733850,767802,765756,729800,677804,639191,607657,544580,507648,417882,295650,143716,0,0,0,0,0,0,0,0,0,0,0,0,0,0,0,0,0,0,0,0,0,0,0,0,0,0,0,0,0,0,0,0,0,0,0,0,0,0,0,0,0,0,0,0,0,0,0,0,0,0,0,0,0,0,0,0,0,0,0,0,0,0,0,0,0,0,0,0,0,0,0,0,0,0,0,0,0,0,0,0,0,0,0,0,0,0,0,0,0,0,0,0,0,0,0,0,0,0,0,0,0,0,0,0,0,0,0,0,0,0,0,0,0,0,0,0,0,0,0,0,0,0,0,0,0,0,0,0,0,0,0,0,0,0,0,0,0,0,0,0,0,0,0,0,0,0,0,0,0,0,0,0,0,0,0,0,0,0,0,0,0,0,0
1566,1595,1711,1624,2046,1680,1680,1740,1798,1952,1922,1830,1624,1740,1800,1984,1740,1680,1938,2170,2516,2800,3300,3420,3744,3822,3696,3773,4131,4293,4131,3920,4374,4028,4368,4160,4080,4346,4240,4756,4560,4661,4838,4941,5146,4941,4466,4838,5332,7828,7904,8216,8925,8720,10396,12154,11020,11834,12740,12834,13905,15943,16390,16950,16568,17818,14560,14852,17721,18810,20585,22755,21576,25568,30514,30173,30530,30602,31968,33376,32915,48880,58590,59409,62328,73710,71400,81162,85090,92916,106474,107912,114532,116259,119251,128140,161600,183738,207320,238226,269514,289820,345289,407550,464287,570140,706560,775224,777920,763389,745536,687258,640227,608616,478500,495495,321456,152820,0,0,0,0,0,0,0,0,0,0,0,0,0,0,0,0,0,0,0,0,0,0,0,0,0,0,0,0,0,0,0,0,0,0,0,0,0,0,0,0,0,0,0,0,0,0,0,0,0,0,0,0,0,0,0,0,0,0,0,0,0,0,0,0,0,0,0,0,0,0,0,0,0,0,0,0,0,0,0,0,0,0,0,0,0,0,0,0,0,0,0,0,0,0,0,0,0,0,0,0,0,0,0,0,0,0,0,0,0,0,0,0,0,0,0,0,0,0,0,0,0,0,0,0,0,0,0,0,0,0,0,0,0,0,0,0,0,0,0,0,0,0,0,0,0,0,0,0,0,0,0,0,0,0,0,0,0,0,0,0,0,0,0,0,0,0,0,0,0,0,0,0,0,0,0,0,0,0,0,0,0,0
4214,3634,3311,2680,3212,3330,3124,3822,3950,3696,3124,3330,2870,2940,3150,3080,3290,3774,4028,4240,3900,4081,3528,3384,4081,4187,4266,4536,4212,4108,4368,4212,4505,3840,5096,5487,5704,5460,5546,5076,5520,6144,6048,5952,4968,5022,4628,4914,4558,4628,3901,4263,4200,5432,6018,6136,6900,4704,6890,6018,4324,5000,5661,7076,10168,11739,7360,7772,14168,7360,7735,13968,15200,10108,10880,11480,11016,12728,13950,14453,14076,15264,15200,17200,17955,18338,18792,20748,22184,22134,22326,24628,25920,27588,27641,29592,28512,31320,31672,33136,1080,13502,14499,56600,63210,1150,75768,84216,89760,95052,103793,111756,110433,117975,137352,149568,169278,198068,218022,255184,273156,337950,386310,451834,540530,663052,782000,781033,785536,710113,676286,640640,616665,551000,467860,334524,160593,1650,1472,1452,1472,1850,2052,1704,1564,1750,1850,0,0,0,0,0,0,0,0,0,0,0,0,0,0,0,0,0,0,0,0,0,0,0,0,0,0,0,0,0,0,0,0,0,0,0,0,0,0,0,0,0,0,0,0,0,0,0,0,0,0,0,0,0,0,0,0,0,0,0,0,0,0,0,0,0,0,0,0,0,0,0,0,0,0,0,0,0,0,0,0,0,0,0,0,0,0,0,0,0,0,0,0,0,0,0,0,0,0,0,0,0,0,0,0,0,0,0,0,0,0,0,0,0,0,0,0,0,0,0,0,0,0,0,0,0,0,0,0,0,0,0,0,0,0,0,0,0,0,0,0,0,0,0,0,0,0,0,0,0,0,0,0,0
2479,2442,2405,2412,2310,2376,2442,2232,2376,2368,2479,2590,2412,2268,2142,2555,2450,3042,3318,3486,3362,3040,2808,2698,2774,2546,2847,2880,2808,2920,3318,3120,3081,3116,3192,3075,2840,3034,2698,2850,2888,2775,2775,2812,3000,3311,3608,3784,3740,3570,3400,3520,3526,3696,4042,4005,4185,4140,4700,4230,4650,4590,4664,4770,4940,4784,5022,4984,4914,5115,5225,5076,2982,3375,3404,3854,4100,4770,5510,6100,6489,6039,5858,6161,7020,7571,8190,8395,9548,11760,10318,13770,13992,15322,15617,16199,17442,16000,13490,16120,17548,15288,17170,19367,20274,19314,14276,19200,20240,24705,25704,28016,26112,27090,29540,28222,28700,31320,35112,53350,58788,61056,69531,74560,75756,92710,90500,106255,107587,119568,135564,220567,265850,304920,362278,424576,496620,621516,775548,805851,807591,776880,701344,642224,588700,495000,405859,231796,0,0,0,0,0,0,0,0,0,0,0,0,0,0,0,0,0,0,0,0,0,0,0,0,0,0,0,0,0,0,0,0,0,0,0,0,0,0,0,0,0,0,0,0,0,0,0,0,0,0,0,0,0,0,0,0,0,0,0,0,0,0,0,0,0,0,0,0,0,0,0,0,0,0,0,0,0,0,0,0,0,0,0,0,0,0,0,0,0,0,0,0,0,0,0,0,0,0,0,0,0,0,0,0,0,0,0,0,0,0,0,0,0,0,0,0,0,0,0,0,0,0,0,0,0,0,0,0,0,0,0,0,0,0,0,0,0,0,0,0,0,0,0,0,0,0,0,0,0,0,0,0
1300,1225,1080,966,984,888,888,936,1144,1350,1653,1566,1560,1767,1530,1881,1836,1683,1600,1600,1728,1600,2013,2310,1815,2340,1767,2079,2048,1984,1953,1860,1891,1458,1653,1624,1740,1740,1710,1830,1860,1888,1856,2006,2006,2142,2442,2380,2310,2574,2652,2736,2960,3034,3042,3198,3440,4018,4032,3995,4320,4752,4399,4752,4730,4840,4536,4895,5460,5369,6231,7171,8214,8502,8560,8970,10004,10540,10664,11135,10416,10625,10126,10086,10707,13299,14310,13152,14626,14586,15873,17784,17875,19200,19920,20933,21771,21924,22880,24656,26410,26316,28165,32461,30825,31688,48840,33840,54405,61065,73738,73509,76160,77785,97614,116617,124803,128168,133245,161226,174159,196138,236002,271350,310167,372715,438340,566724,610164,698149,678756,624663,598146,567109,501696,394368,252450,0,0,0,0,0,0,0,0,0,0,0,0,0,0,0,0,0,0,0,0,0,0,0,0,0,0,0,0,0,0,0,0,0,0,0,0,0,0,0,0,0,0,0,0,0,0,0,0,0,0,0,0,0,0,0,0,0,0,0,0,0,0,0,0,0,0,0,0,0,0,0,0,0,0,0,0,0,0,0,0,0,0,0,0,0,0,0,0,0,0,0,0,0,0,0,0,0,0,0,0,0,0,0,0,0,0,0,0,0,0,0,0,0,0,0,0,0,0,0,0,0,0,0,0,0,0,0,0,0,0,0,0,0,0,0,0,0,0,0,0,0,0,0,0,0,0,0,0,0,0,0,0,0,0,0,0,0,0,0,0,0,0,0
1296,1344,1421,1344,1392,1421,1269,1316,1421,1392,1392,1500,1560,1760,1824,1947,2100,2040,2006,2160,2232,2331,2170,2160,2100,1914,1914,2040,2232,2232,2294,2331,2331,2160,2379,2480,2440,2220,2340,2480,2418,2520,2196,2294,2065,2170,2508,2535,2747,2814,2898,2870,2800,2952,2911,3150,3066,3024,3542,3542,3555,3420,3920,4212,4182,4472,4346,4644,4823,4680,4576,4420,4959,5460,5766,5251,5640,5301,5394,5510,5978,6528,6565,7169,7705,7392,7085,7020,6996,7616,7910,8775,9048,8740,8880,10744,10472,10703,10050,10350,9520,11256,12032,13700,11880,12596,14140,14214,10560,10981,12118,11808,14580,15510,15903,15252,16464,16892,18816,18144,19712,20160,20020,1782,21774,25228,30954,31326,36603,36778,35164,35649,61686,69540,77847,84968,93805,104272,117876,113600,128592,153012,167241,203196,233616,278880,329406,405964,509970,642600,717516,831230,754017,702662,644742,577731,483654,314625,120003,0,0,0,0,0,0,0,0,0,0,0,0,0,0,0,0,0,0,0,0,0,0,0,0,0,0,0,0,0,0,0,0,0,0,0,0,0,0,0,0,0,0,0,0,0,0,0,0,0,0,0,0,0,0,0,0,0,0,0,0,0,0,0,0,0,0,0,0,0,0,0,0,0,0,0,0,0,0,0,0,0,0,0,0,0,0,0,0,0,0,0,0,0,0,0,0,0,0,0,0,0,0,0,0,0,0,0,0,0,0,0,0,0,0,0,0,0,0,0,0,0,0,0,0,0,0,0,0,0,0,0,0,0,0,0,0,0,0,0,0,0
1323,1484,1624,1984,1891,1920,1824,1782,1421,1947,1980,2553,2176,2074,2160,2870,2967,2898,2788,2870,1860,1710,1888,1914,2108,2304,2240,2730,2691,2760,3066,3182,3256,3239,3555,3483,3634,4150,4131,3807,4067,4628,4860,5340,5400,5428,5510,5264,4628,5432,7140,8103,9828,10062,11176,13872,13095,12825,14406,15147,14304,16170,15810,16640,17535,16830,16008,17381,17064,19305,18444,20418,22912,25802,25935,25137,27324,27811,26130,27876,54590,56992,65780,69300,76128,83743,93912,101878,114520,119286,137712,156456,172827,189891,236618,268800,337365,398692,506770,638985,830127,884235,813358,789030,735762,704628,574860,425638,144414,0,0,0,0,0,0,0,0,0,0,0,0,0,0,0,0,0,0,0,0,0,0,0,0,0,0,0,0,0,0,0,0,0,0,0,0,0,0,0,0,0,0,0,0,0,0,0,0,0,0,0,0,0,0,0,0,0,0,0,0,0,0,0,0,0,0,0,0,0,0,0,0,0,0,0,0,0,0,0,0,0,0,0,0,0,0,0,0,0,0,0,0,0,0,0,0,0,0,0,0,0,0,0,0,0,0,0,0,0,0,0,0,0,0,0,0,0,0,0,0,0,0,0,0,0,0,0,0,0,0,0,0,0,0,0,0,0,0,0,0,0,0,0,0,0,0,0,0,0,0,0,0,0,0,0,0,0,0,0,0,0,0,0,0,0,0,0,0,0,0,0,0,0,0,0,0,0,0,0,0,0,0,0,0,0,0,0,0,0,0,0
989,814,960,1150,1152,1058,1104,1104,1196,1352,1456,1508,1647,1652,1652,1770,1568,1710,1860,1922,1953,1922,2016,2340,2479,2376,2232,2160,2030,2146,2257,2688,2772,3080,2501,3010,3010,2646,2340,2820,3072,3430,3150,3570,3744,3816,3952,4560,4779,4640,4814,5704,5130,5640,5642,6270,6256,6319,7469,7104,8320,8855,9512,9153,10126,8436,9744,10004,10578,11264,9558,11264,10452,13490,13818,14200,16006,16585,17655,19046,20020,20930,21390,23546,24448,26595,28912,29046,31974,35796,45612,54590,61758,63986,78166,89700,88665,101413,114444,129168,139500,171216,194704,220934,277220,330600,420750,516524,659120,814016,791808,762090,734550,690032,572426,411112,131850,0,0,0,0,0,0,0,0,0,0,0,0,0,0,0,0,0,0,0,0,0,0,0,0,0,0,0,0,0,0,0,0,0,0,0,0,0,0,0,0,0,0,0,0,0,0,0,0,0,0,0,0,0,0,0,0,0,0,0,0,0,0,0,0,0,0,0,0,0,0,0,0,0,0,0,0,0,0,0,0,0,0,0,0,0,0,0,0,0,0,0,0,0,0,0,0,0,0,0,0,0,0,0,0,0,0,0,0,0,0,0,0,0,0,0,0,0,0,0,0,0,0,0,0,0,0,0,0,0,0,0,0,0,0,0,0,0,0,0,0,0,0,0,0,0,0,0,0,0,0,0,0,0,0,0,0,0,0,0,0,0,0,0,0,0,0,0,0,0,0,0,0,0,0,0,0,0,0,0,0,0,0,0
1770,1682,1512,1596,1682,1512,1456,1485,1425,1512,1540,1624,1568,1624,1711,1830,1711,1830,1891,1404,1323,1344,1392,1479,1650,1830,1922,1891,1891,2079,1798,1800,1740,1708,1596,1404,1372,1537,1682,2015,2145,2520,2312,2592,2772,2886,3040,3040,3081,3080,3320,3520,3649,3354,3306,3382,3480,3698,3612,3321,3120,3237,3230,3192,3276,3696,3528,3362,4004,4158,3906,3784,3486,3526,3652,3403,3956,4361,5060,5820,5415,5428,5452,5546,6014,5940,5782,6527,6120,6527,7296,6771,7308,7788,7198,6327,8710,7150,8378,9120,10624,12825,13534,15707,15688,15582,17600,20240,20114,20815,22372,22017,24605,27405,28178,28566,1395,1276,32487,32781,35649,1856,61776,69760,79350,87932,98280,120060,132362,139524,177120,215874,259875,320595,412580,529070,725552,932433,855420,782544,775224,698069,561810,318940,0,0,0,0,0,0,0,0,0,0,0,0,0,0,0,0,0,0,0,0,0,0,0,0,0,0,0,0,0,0,0,0,0,0,0,0,0,0,0,0,0,0,0,0,0,0,0,0,0,0,0,0,0,0,0,0,0,0,0,0,0,0,0,0,0,0,0,0,0,0,0,0,0,0,0,0,0,0,0,0,0,0,0,0,0,0,0,0,0,0,0,0,0,0,0,0,0,0,0,0,0,0,0,0,0,0,0,0,0,0,0,0,0,0,0,0,0,0,0,0,0,0,0,0,0,0,0,0,0,0,0,0,0,0,0,0,0,0,0,0,0,0,0,0,0,0,0,0,0,0,0,0,0,0,0,0
2418,1827,1740,2014,1537,1680,1980,2178,2015,2178,2450,2812,2520,2376,2210,2380,2964,3002,3078,3440,3116,2774,3321,3696,3256,3780,4462,4324,3956,4232,4704,4512,4186,4268,4050,4232,5151,5151,5300,5148,4802,4606,4704,5047,5450,6489,6018,6944,8330,7952,8449,6890,9702,8658,9944,11102,11346,12445,13837,13524,14790,15600,17380,17869,18480,19140,20532,20241,21336,22250,25296,25707,23940,25326,28860,31740,34655,36058,57024,60140,73402,79686,92872,105560,118368,146470,169128,200219,230476,279898,358848,489051,591316,681138,728460,639984,564949,475539,323232,0,0,0,0,0,0,0,0,0,0,0,0,0,0,0,0,0,0,0,0,0,0,0,0,0,0,0,0,0,0,0,0,0,0,0,0,0,0,0,0,0,0,0,0,0,0,0,0,0,0,0,0,0,0,0,0,0,0,0,0,0,0,0,0,0,0,0,0,0,0,0,0,0,0,0,0,0,0,0,0,0,0,0,0,0,0,0,0,0,0,0,0,0,0,0,0,0,0,0,0,0,0,0,0,0,0,0,0,0,0,0,0,0,0,0,0,0,0,0,0,0,0,0,0,0,0,0,0,0,0,0,0,0,0,0,0,0,0,0,0,0,0,0,0,0,0,0,0,0,0,0,0,0,0,0,0,0,0,0,0,0,0,0,0,0,0,0,0,0,0,0,0,0,0,0,0,0,0,0,0,0,0,0,0,0,0,0,0,0,0,0,0,0,0,0,0,0,0,0,0,0
903,820,840,903,966,1150,1200,1224,1152,924,1377,1400,1456,1484,1508,1566,1560,1222,1275,1326,1652,1984,1770,1984,1952,2268,2040,1815,2030,2318,2220,2146,2146,2480,3332,3312,3220,3528,3723,3876,4187,4374,4400,3850,3800,3450,3360,3283,4200,3952,4788,4902,5096,5952,5700,7519,7950,8190,10492,9711,11305,10332,12831,12160,13563,14700,12580,13904,18232,20414,20768,22967,26035,26462,28085,32487,34839,35850,52768,63874,67500,81585,88646,96980,103675,123798,147791,179725,202400,265061,318714,410850,565284,604298,656535,609150,537725,447078,319116,117820,0,0,0,0,0,0,0,0,0,0,0,0,0,0,0,0,0,0,0,0,0,0,0,0,0,0,0,0,0,0,0,0,0,0,0,0,0,0,0,0,0,0,0,0,0,0,0,0,0,0,0,0,0,0,0,0,0,0,0,0,0,0,0,0,0,0,0,0,0,0,0,0,0,0,0,0,0,0,0,0,0,0,0,0,0,0,0,0,0,0,0,0,0,0,0,0,0,0,0,0,0,0,0,0,0,0,0,0,0,0,0,0,0,0,0,0,0,0,0,0,0,0,0,0,0,0,0,0,0,0,0,0,0,0,0,0,0,0,0,0,0,0,0,0,0,0,0,0,0,0,0,0,0,0,0,0,0,0,0,0,0,0,0,0,0,0,0,0,0,0,0,0,0,0,0,0,0,0,0,0,0,0,0,0,0,0,0,0,0,0,0,0,0,0,0,0,0,0,0,0
1363,1288,1410,1519,1316,1344,1316,1215,1372,1450,1316,1316,1260,1305,1363,1316,1316,1500,1530,1581,1508,1674,1450,1470,1344,1440,1363,1560,1888,1798,1767,1824,1914,2006,2065,2205,2368,2331,2405,2470,2600,2574,2730,2760,2788,2829,2856,2856,2898,2788,2613,2470,2170,2394,2574,2898,2814,2911,2952,2952,2275,2652,3465,3969,4050,3936,4165,4437,4067,4806,5187,5460,4872,5040,4950,5673,5673,5723,5580,5040,5890,6111,6448,7085,6780,6262,6500,7102,7705,8208,7659,7590,7811,8806,4743,5782,4165,3397,3528,6960,8520,8700,9717,10108,13224,13528,13800,16362,16120,16642,18421,17613,18966,19712,22620,23664,29025,30228,34364,33120,32832,1674,1632,59670,57330,70290,87822,98028,104760,137378,146616,176475,212046,273768,355680,468919,632252,699396,722709,681408,569327,473155,246849,0,0,0,0,0,0,0,0,0,0,0,0,0,0,0,0,0,0,0,0,0,0,0,0,0,0,0,0,0,0,0,0,0,0,0,0,0,0,0,0,0,0,0,0,0,0,0,0,0,0,0,0,0,0,0,0,0,0,0,0,0,0,0,0,0,0,0,0,0,0,0,0,0,0,0,0,0,0,0,0,0,0,0,0,0,0,0,0,0,0,0,0,0,0,0,0,0,0,0,0,0,0,0,0,0,0,0,0,0,0,0,0,0,0,0,0,0,0,0,0,0,0,0,0,0,0,0,0,0,0,0,0,0,0,0,0,0,0,0,0,0,0,0,0,0,0,0,0,0,0,0,0,0,0,0,0,0
1188,1260,1220,1298,1364,1449,1403,1380,1392,1320,1430,1674,1764,1890,1798,1953,1830,1711,1740,1947,2074,2170,2170,2340,2556,2312,2346,2145,1953,2176,2272,2144,1800,1680,2208,2652,2964,3237,3040,3159,2664,2590,3060,3393,3560,3480,3440,3276,3192,3154,3280,2736,3120,2176,2112,2079,2074,2691,2870,3311,2993,3075,3075,3354,3634,4264,4565,5612,6400,6420,6510,6254,8568,9963,10752,11466,11524,13440,13299,13920,14058,15600,17388,17304,18564,20769,21877,23408,26200,26800,25929,26703,28210,30774,33320,31392,37650,38038,49404,64554,65378,79200,98154,110986,123540,148106,177775,204559,268110,323884,420168,560550,707370,749235,715394,648828,511294,337395,0,0,0,0,0,0,0,0,0,0,0,0,0,0,0,0,0,0,0,0,0,0,0,0,0,0,0,0,0,0,0,0,0,0,0,0,0,0,0,0,0,0,0,0,0,0,0,0,0,0,0,0,0,0,0,0,0,0,0,0,0,0,0,0,0,0,0,0,0,0,0,0,0,0,0,0,0,0,0,0,0,0,0,0,0,0,0,0,0,0,0,0,0,0,0,0,0,0,0,0,0,0,0,0,0,0,0,0,0,0,0,0,0,0,0,0,0,0,0,0,0,0,0,0,0,0,0,0,0,0,0,0,0,0,0,0,0,0,0,0,0,0,0,0,0,0,0,0,0,0,0,0,0,0,0,0,0,0,0,0,0,0,0,0,0,0,0,0,0,0,0,0,0,0,0,0,0,0,0,0,0,0
1749,1440,1536,1551,1650,1904,1836,1836,1815,1904,2257,2124,2100,2146,2088,2088,2204,1980,2109,2242,2183,2257,2379,2280,2542,2280,2109,2242,1690,1690,1701,1638,1560,1856,1980,2584,2888,2414,2244,2774,3159,3444,3320,3081,3403,4042,4365,4370,4559,4462,4324,4704,4324,4005,4042,3542,3388,3634,4558,6231,5060,6174,5795,5856,6890,6890,8288,8736,8775,10578,9840,12740,13632,14976,15606,15794,18260,17596,18746,20094,17784,19186,20570,26015,26574,29078,32289,32340,59780,69542,77504,94672,109824,131772,135888,178296,280296,375088,512049,658938,839808,861366,797790,694668,497401,187980,0,0,0,0,0,0,0,0,0,0,0,0,0,0,0,0,0,0,0,0,0,0,0,0,0,0,0,0,0,0,0,0,0,0,0,0,0,0,0,0,0,0,0,0,0,0,0,0,0,0,0,0,0,0,0,0,0,0,0,0,0,0,0,0,0,0,0,0,0,0,0,0,0,0,0,0,0,0,0,0,0,0,0,0,0,0,0,0,0,0,0,0,0,0,0,0,0,0,0,0,0,0,0,0,0,0,0,0,0,0,0,0,0,0,0,0,0,0,0,0,0,0,0,0,0,0,0,0,0,0,0,0,0,0,0,0,0,0,0,0,0,0,0,0,0,0,0,0,0,0,0,0,0,0,0,0,0,0,0,0,0,0,0,0,0,0,0,0,0,0,0,0,0,0,0,0,0,0,0,0,0,0,0,0,0,0,0,0,0,0,0,0,0,0
912,792,774,774,792,864,988,988,1080,1254,1440,1612,1560,1612,1638,1416,1311,1188,1155,1311,1368,1242,1196,1296,1392,1600,1464,1344,1350,1404,1512,1484,1508,1770,1539,1352,1300,1829,1984,2210,2312,2048,1800,2244,2211,2774,3075,3300,3198,3010,5278,5016,5369,6208,5607,6365,6864,7888,9086,9922,10292,10455,9963,11616,14820,17869,25110,24960,22680,23370,25984,32109,34730,53190,57024,66780,75440,88080,98431,120781,133760,163170,207200,251520,312336,414924,599265,788028,809640,747040,670661,508551,199500,0,0,0,0,0,0,0,0,0,0,0,0,0,0,0,0,0,0,0,0,0,0,0,0,0,0,0,0,0,0,0,0,0,0,0,0,0,0,0,0,0,0,0,0,0,0,0,0,0,0,0,0,0,0,0,0,0,0,0,0,0,0,0,0,0,0,0,0,0,0,0,0,0,0,0,0,0,0,0,0,0,0,0,0,0,0,0,0,0,0,0,0,0,0,0,0,0,0,0,0,0,0,0,0,0,0,0,0,0,0,0,0,0,0,0,0,0,0,0,0,0,0,0,0,0,0,0,0,0,0,0,0,0,0,0,0,0,0,0,0,0,0,0,0,0,0,0,0,0,0,0,0,0,0,0,0,0,0,0,0,0,0,0,0,0,0,0,0,0,0,0,0,0,0,0,0,0,0,0,0,0,0,0,0,0,0,0,0,0,0,0,0,0,0,0,0,0,0,0,0,0,0,0,0,0,0,0
1479,1508,1512,1653,1770,1830,1740,1710,1922,2178,2046,2210,2550,2590,2520,2553,2415,2738,2590,2812,2849,2964,2849,2997,2926,3157,3655,4094,3915,3872,3600,3870,4275,4186,4450,5040,5096,5394,5664,5520,6076,6464,8625,6930,7038,6664,6767,6696,7056,8140,9048,9744,10125,12056,13230,14938,15939,16789,17496,18515,21996,22672,26167,27528,30690,32550,30316,33142,66304,75150,83411,105470,117728,129064,172725,218270,277380,373440,538047,801934,824274,726720,690972,529092,246225,0,0,0,0,0,0,0,0,0,0,0,0,0,0,0,0,0,0,0,0,0,0,0,0,0,0,0,0,0,0,0,0,0,0,0,0,0,0,0,0,0,0,0,0,0,0,0,0,0,0,0,0,0,0,0,0,0,0,0,0,0,0,0,0,0,0,0,0,0,0,0,0,0,0,0,0,0,0,0,0,0,0,0,0,0,0,0,0,0,0,0,0,0,0,0,0,0,0,0,0,0,0,0,0,0,0,0,0,0,0,0,0,0,0,0,0,0,0,0,0,0,0,0,0,0,0,0,0,0,0,0,0,0,0,0,0,0,0,0,0,0,0,0,0,0,0,0,0,0,0,0,0,0,0,0,0,0,0,0,0,0,0,0,0,0,0,0,0,0,0,0,0,0,0,0,0,0,0,0,0,0,0,0,0,0,0,0,0,0,0,0,0,0,0,0,0,0,0,0,0,0,0,0,0,0,0,0,0,0,0,0,0,0,0,0
1232,1276,1392,1550,1683,1519,1470,1705,1705,1612,1560,1680,1650,1767,2048,1984,1860,1824,1798,2046,1952,1798,2210,2415,2376,3116,3192,3116,3555,3726,3525,3330,3572,3375,3969,4611,5115,5060,4840,4956,5074,5310,5632,5916,6417,6392,7208,6164,7107,5952,7480,8436,9779,11837,12549,15912,17914,18871,18975,19890,23932,26199,22606,25785,30814,31682,31164,59904,68109,71484,99072,114814,121800,159040,204140,258951,358061,502490,723800,848920,741636,712124,540711,294712,0,0,0,0,0,0,0,0,0,0,0,0,0,0,0,0,0,0,0,0,0,0,0,0,0,0,0,0,0,0,0,0,0,0,0,0,0,0,0,0,0,0,0,0,0,0,0,0,0,0,0,0,0,0,0,0,0,0,0,0,0,0,0,0,0,0,0,0,0,0,0,0,0,0,0,0,0,0,0,0,0,0,0,0,0,0,0,0,0,0,0,0,0,0,0,0,0,0,0,0,0,0,0,0,0,0,0,0,0,0,0,0,0,0,0,0,0,0,0,0,0,0,0,0,0,0,0,0,0,0,0,0,0,0,0,0,0,0,0,0,0,0,0,0,0,0,0,0,0,0,0,0,0,0,0,0,0,0,0,0,0,0,0,0,0,0,0,0,0,0,0,0,0,0,0,0,0,0,0,0,0,0,0,0,0,0,0,0,0,0,0,0,0,0,0,0,0,0,0,0,0,0,0,0,0,0,0,0,0,0,0,0,0,0,0,0
2664,3268,3071,3182,3154,3034,3071,3268,3382,3268,2808,3420,3034,2701,2849,2880,3145,2736,2808,2844,2923,2664,2485,2700,2997,2886,3116,3108,3192,3116,2923,962,1014,988,1025,925,1025,912,950,950,1107,1107,1120,1092,1161,1316,1479,1392,1260,1107,1120,1120,1148,1161,1204,1643,1782,1632,1664,1632,1440,1500,1204,1380,1350,1305,1204,1530,1470,1450,1620,1674,1643,1802,2035,2356,2016,2166,2688,3268,3116,3149,2925,3196,3621,3744,3888,4200,4680,4144,4480,4672,4864,5544,5544,6138,6499,7350,8165,10092,10625,11616,10962,11484,12282,3078,15714,16261,18810,23668,24723,27864,27813,31744,31240,3116,52076,57812,73350,80040,98500,122235,137940,168525,226440,284690,391314,560906,639352,633516,506534,368640,140360,2660,2628,2960,2450,2923,3040,3071,2628,2886,3116,3230,3276,2812,2886,3354,3116,2660,2808,2700,2923,3116,2960,2960,2812,2664,2960,3154,3315,3640,3040,3002,3230,3116,3078,3354,3276,3154,3315,2701,2812,3520,2923,2738,2556,2923,3192,3116,2700,2485,2736,2380,2590,2808,3306,3071,2772,2772,2960,2880,3078,2849,2923,3071,3315,2701,2886,2485,2738,3078,2772,2736,3116,2880,2664,2923,2664,2485,2923,2700,2849,2415,2664,2772,2960,2736,2590,2844,2849,2844,2700,3344,3268,2952,3034,3034,3154,0,0,0,0,0,0,0,0,0,0,0,0,0,0,0,0,0,0,0,0,0,0,0,0,0,0,0,0,0,0,0,0,0,0,0,0,0,0,0,0,0,0,0,0,0,0,0,0,0,0,0,0,0,0,0,0,0,0,0,0,0,0,0,0,0,0,0,0,0,0,0
2730,1050,1066,1260,1316,1372,1479,1590,1508,1421,1530,1440,1305,1590,1888,1696,1768,1815,1749,1972,1632,1581,1612,1760,1470,1888,1824,2405,2747,2747,2680,2520,3283,3400,3196,3519,4290,4484,4636,4453,4514,4176,5372,5418,5952,6528,6984,7242,7739,10375,11830,11430,11610,12696,13485,12584,15531,17368,20125,24038,26000,26733,31414,37044,34875,51985,57043,61686,80106,91224,116617,139389,167455,216648,284240,392916,590190,690381,690580,561782,429579,155496,3182,2765,2800,0,0,0,0,0,0,0,0,0,0,0,0,0,0,0,0,0,0,0,0,0,0,0,0,0,0,0,0,0,0,0,0,0,0,0,0,0,0,0,0,0,0,0,0,0,0,0,0,0,0,0,0,0,0,0,0,0,0,0,0,0,0,0,0,0,0,0,0,0,0,0,0,0,0,0,0,0,0,0,0,0,0,0,0,0,0,0,0,0,0,0,0,0,0,0,0,0,0,0,0,0,0,0,0,0,0,0,0,0,0,0,0,0,0,0,0,0,0,0,0,0,0,0,0,0,0,0,0,0,0,0,0,0,0,0,0,0,0,0,0,0,0,0,0,0,0,0,0,0,0,0,0,0,0,0,0,0,0,0,0,0,0,0,0,0,0,0,0,0,0,0,0,0,0,0,0,0,0,0,0,0,0,0,0,0,0,0,0,0,0,0,0,0,0,0,0,0,0,0,0,0,0,0,0,0,0,0,0,0,0,0,0,0,0,0
2223,2145,2052,1998,1998,2204,2166,2340,2795,2624,2318,2183,2562,2666,4816,4480,5084,5208,5376,4455,5481,5760,6016,5607,5742,6160,6440,5824,6210,7007,7644,7469,8446,8736,8466,8640,8769,7770,9374,9856,10540,9594,10148,10858,10120,9492,9460,10556,9435,9213,9944,10614,10320,10664,9750,11514,11446,11349,12138,12928,14238,14916,15510,15368,16385,16215,19481,19680,21320,21091,22078,23580,23625,23838,26180,30723,30282,31871,29106,18744,17589,36504,37392,43316,44400,48951,50112,55954,59072,63024,66465,63581,67080,77952,78196,82110,88774,97662,102044,111384,115920,129720,130368,141470,147000,155228,168204,188605,204858,227864,256496,286794,318255,363630,412830,463050,528768,592870,624232,652725,698810,700002,701166,680000,655158,615296,575211,536864,453180,411720,263110,149720,0,0,0,0,0,0,0,0,0,0,0,0,0,0,0,0,0,0,0,0,0,0,0,0,0,0,0,0,0,0,0,0,0,0,0,0,0,0,0,0,0,0,0,0,0,0,0,0,0,0,0,0,0,0,0,0,0,0,0,0,0,0,0,0,0,0,0,0,0,0,0,0,0,0,0,0,0,0,0,0,0,0,0,0,0,0,0,0,0,0,0,0,0,0,0,0,0,0,0,0,0,0,0,0,0,0,0,0,0,0,0,0,0,0,0,0,0,0,0,0,0,0,0,0,0,0,0,0,0,0,0,0,0,0,0,0,0,0,0,0,0,0,0,0,0,0,0,0,0,0,0,0,0,0,0,0,0,0,0,0,0,0,0,0,0,0,0,0
3102,3102,3174,3384,3504,3528,3774,3626,3430,3504,3572,3888,4056,4212,4455,3900,3478,3750,4524,4860,4536,5220,5580,5251,5251,5278,4984,5096,5394,5733,5952,5890,4928,5336,5640,5546,5208,6014,6097,5332,5544,6912,7144,6789,6745,7252,7104,5824,6336,5760,7738,9520,9322,9020,10148,9760,10370,11837,12369,10648,12183,12408,12255,12480,11875,14544,14317,15194,15370,15960,17120,16432,16830,16275,17982,18928,18306,19920,19205,19722,16700,17000,15834,15048,15312,13932,15664,15222,8723,7980,5200,2800,14784,50895,54096,55521,57268,59364,59280,64628,70686,76685,83160,88900,91035,96725,100980,105537,112575,121056,129948,147725,157586,163183,168837,183563,203318,229905,272208,306228,347655,396000,440631,528078,623016,734126,838600,878325,892712,897576,898614,861780,852579,831360,835296,868808,800910,720344,540617,365156,0,0,0,0,0,0,0,0,0,0,0,0,0,0,0,0,0,0,0,0,0,0,0,0,0,0,0,0,0,0,0,0,0,0,0,0,0,0,0,0,0,0,0,0,0,0,0,0,0,0,0,0,0,0,0,0,0,0,0,0,0,0,0,0,0,0,0,0,0,0,0,0,0,0,0,0,0,0,0,0,0,0,0,0,0,0,0,0,0,0,0,0,0,0,0,0,0,0,0,0,0,0,0,0,0,0,0,0,0,0,0,0,0,0,0,0,0,0,0,0,0,0,0,0,0,0,0,0,0,0,0,0,0,0,0,0,0,0,0,0,0,0,0,0,0,0,0,0,0,0,0,0,0,0,0,0,0,0,0,0
2183,2440,2480,2340,2516,2275,2312,2074,2205,2448,2622,2856,3010,2730,3950,4510,3588,3431,3621,4104,4081,4256,4480,4104,4800,5040,5100,4424,4275,4712,5002,5246,5040,4446,4880,5742,6664,7125,8190,8374,8748,9047,9477,9120,8687,9280,9711,8892,9240,9657,10080,11374,9222,9804,10560,10296,9396,9048,12054,12019,13952,13462,13560,14478,15065,15708,16146,17731,18120,20212,21844,21376,21812,23016,22410,25098,27448,30600,32342,34444,34344,44640,46305,60320,61204,62415,61694,67626,73696,77154,83835,82955,90895,103880,109592,111896,123808,130988,137532,142912,167508,173840,190518,221430,255270,294203,338514,378240,433384,526779,587504,663595,712704,745185,773024,731647,737481,695461,687916,603777,579839,456000,368037,176715,0,0,0,0,0,0,0,0,0,0,0,0,0,0,0,0,0,0,0,0,0,0,0,0,0,0,0,0,0,0,0,0,0,0,0,0,0,0,0,0,0,0,0,0,0,0,0,0,0,0,0,0,0,0,0,0,0,0,0,0,0,0,0,0,0,0,0,0,0,0,0,0,0,0,0,0,0,0,0,0,0,0,0,0,0,0,0,0,0,0,0,0,0,0,0,0,0,0,0,0,0,0,0,0,0,0,0,0,0,0,0,0,0,0,0,0,0,0,0,0,0,0,0,0,0,0,0,0,0,0,0,0,0,0,0,0,0,0,0,0,0,0,0,0,0,0,0,0,0,0,0,0,0,0,0,0,0,0,0,0,0,0,0,0,0,0,0,0,0,0,0,0,0,0,0,0
2052,2337,2378,3036,3036,3174,2970,2795,2440,2419,2356,2257,2065,2183,2072,2090,2106,2052,2478,2320,2684,2200,2262,2752,2898,6270,6402,5985,6110,7081,7488,7448,7200,7505,7857,7140,6624,7828,8736,8316,8320,10148,10179,11481,11625,11625,11625,12544,13029,11590,12740,12288,10998,12319,12444,13716,14070,15618,15708,16146,17040,17568,19456,22194,21912,23829,22960,25276,31714,34540,35495,35495,28620,49344,44888,50895,52065,62245,61692,64628,74580,77520,86519,87474,96612,106932,113715,125800,126420,148592,163386,178432,188720,218400,261807,296605,353568,402781,458579,569569,674288,728014,765528,780850,766530,768960,708624,685400,623784,516362,410998,230460,0,0,0,0,0,0,0,0,0,0,0,0,0,0,0,0,0,0,0,0,0,0,0,0,0,0,0,0,0,0,0,0,0,0,0,0,0,0,0,0,0,0,0,0,0,0,0,0,0,0,0,0,0,0,0,0,0,0,0,0,0,0,0,0,0,0,0,0,0,0,0,0,0,0,0,0,0,0,0,0,0,0,0,0,0,0,0,0,0,0,0,0,0,0,0,0,0,0,0,0,0,0,0,0,0,0,0,0,0,0,0,0,0,0,0,0,0,0,0,0,0,0,0,0,0,0,0,0,0,0,0,0,0,0,0,0,0,0,0,0,0,0,0,0,0,0,0,0,0,0,0,0,0,0,0,0,0,0,0,0,0,0,0,0,0,0,0,0,0,0,0,0,0,0,0,0,0,0,0,0,0,0,0,0,0,0,0,0
1344,1680,1428,1505,1505,1428,1496,1887,1850,1908,1998,2052,2106,2090,2145,1944,1850,2898,2914,2700,3072,3024,3087,3600,3600,3621,3528,3700,3825,3650,3417,3300,3234,3570,3848,3796,3975,3975,4134,4320,4503,5040,5002,4814,5607,5246,5612,5890,5796,6175,6435,6060,6262,6426,6435,6534,7004,7072,6834,6363,6834,6464,5940,4959,3800,6552,6720,8214,8502,7950,9164,10332,11684,11036,12319,12672,12544,13596,13832,15688,16065,15288,15704,16590,16642,18080,16892,17264,20227,18870,16700,18795,18685,14705,14276,12312,11900,2686,19504,21037,15379,486,20458,50304,51917,50496,52866,56079,64368,74327,78650,83250,87648,91848,101460,110763,118144,123186,145684,157300,169510,193952,215250,266880,307495,351000,413172,491512,632214,780550,864000,867588,862376,820536,771834,762190,763994,751245,643858,375970,0,0,0,0,0,0,0,0,0,0,0,0,0,0,0,0,0,0,0,0,0,0,0,0,0,0,0,0,0,0,0,0,0,0,0,0,0,0,0,0,0,0,0,0,0,0,0,0,0,0,0,0,0,0,0,0,0,0,0,0,0,0,0,0,0,0,0,0,0,0,0,0,0,0,0,0,0,0,0,0,0,0,0,0,0,0,0,0,0,0,0,0,0,0,0,0,0,0,0,0,0,0,0,0,0,0,0,0,0,0,0,0,0,0,0,0,0,0,0,0,0,0,0,0,0,0,0,0,0,0,0,0,0,0,0,0,0,0,0,0,0,0,0,0,0,0,0,0,0,0,0,0,0,0,0,0,0,0,0,0
2688,2560,3036,3168,3150,2881,2940,3285,3096,3577,3850,3696,3312,4345,4640,4118,3816,4712,6536,6248,6580,8000,8610,9020,9156,9047,9102,9202,9790,9680,9240,9202,7524,9718,8610,11716,11979,12272,12896,14859,15410,15755,16445,17493,18544,19592,20286,21840,22005,24426,25480,31500,31080,24160,14577,35154,43554,52689,51264,60320,62700,68472,76380,78648,83780,94240,109032,109647,112312,130245,132457,148167,172592,191535,225338,277123,310890,363636,447636,515712,637623,652245,731595,753056,708116,666462,637910,577710,465348,347076,0,0,0,0,0,0,0,0,0,0,0,0,0,0,0,0,0,0,0,0,0,0,0,0,0,0,0,0,0,0,0,0,0,0,0,0,0,0,0,0,0,0,0,0,0,0,0,0,0,0,0,0,0,0,0,0,0,0,0,0,0,0,0,0,0,0,0,0,0,0,0,0,0,0,0,0,0,0,0,0,0,0,0,0,0,0,0,0,0,0,0,0,0,0,0,0,0,0,0,0,0,0,0,0,0,0,0,0,0,0,0,0,0,0,0,0,0,0,0,0,0,0,0,0,0,0,0,0,0,0,0,0,0,0,0,0,0,0,0,0,0,0,0,0,0,0,0,0,0,0,0,0,0,0,0,0,0,0,0,0,0,0,0,0,0,0,0,0,0,0,0,0,0,0,0,0,0,0,0,0,0,0,0,0,0,0,0,0,0,0,0,0,0,0,0,0,0,0,0,0,0,0,0,0,0,0,0,0,0,0
1728,1696,1836,1890,1836,1768,1908,1925,2035,1855,1785,1750,1836,1998,1925,1925,2109,2072,2183,2478,2365,2160,2120,2240,2200,2408,2394,2408,2537,2475,2340,2420,2173,2668,2852,2880,2880,2891,2898,3264,3450,3102,3243,3102,3168,3234,3243,3650,3723,3519,3456,3871,4300,4067,4200,4100,4250,4717,4717,4675,4959,5152,5022,5580,5607,5670,5766,5796,5607,5490,5607,5607,5355,5478,6006,6014,5985,6144,6305,6528,6527,7524,7303,7560,7521,7521,7526,8025,7313,7029,7696,7100,6336,5922,8239,10092,11224,11700,12375,13130,13433,15444,16317,16539,17442,17710,20296,19773,20241,19470,20650,20886,20825,21177,21850,19635,18624,18424,17391,9114,3496,2442,2622,53900,52110,54880,58667,62006,68289,75632,81830,89105,92117,94276,105875,115338,125086,134398,150696,166474,187278,211068,251026,299025,338646,403806,493225,605568,765528,854891,866412,865980,807273,753300,817614,784076,674685,552200,344038,0,0,0,0,0,0,0,0,0,0,0,0,0,0,0,0,0,0,0,0,0,0,0,0,0,0,0,0,0,0,0,0,0,0,0,0,0,0,0,0,0,0,0,0,0,0,0,0,0,0,0,0,0,0,0,0,0,0,0,0,0,0,0,0,0,0,0,0,0,0,0,0,0,0,0,0,0,0,0,0,0,0,0,0,0,0,0,0,0,0,0,0,0,0,0,0,0,0,0,0,0,0,0,0,0,0,0,0,0,0,0,0,0,0,0,0,0,0,0,0,0,0,0,0,0,0,0,0,0,0,0,0,0,0,0,0,0,0,0,0,0
1836,1750,1610,1938,2120,2214,2080,2040,2000,2050,2050,2806,2709,2646,2904,2752,2623,2478,2760,2928,3332,3168,3430,3250,3300,3550,3700,4640,4536,4760,4704,4482,5002,5146,4674,4980,5676,6030,6072,6392,6270,6080,6566,6272,6936,7140,6363,6489,6969,6831,7455,6969,7350,7272,7474,7128,5429,5734,5310,10752,11475,11390,12060,13386,14805,15049,15052,14144,14766,16688,18419,18762,18468,19608,20230,21840,18700,22372,20350,19110,11808,9916,11573,8040,468,432,475,50505,54270,57043,58710,63388,71136,68770,88576,90780,104176,109028,115420,131560,148204,161528,175096,199633,242804,289940,350966,407814,480792,633248,796484,883651,887787,869176,861272,814432,826884,839550,728385,575586,267344,0,0,0,0,0,0,0,0,0,0,0,0,0,0,0,0,0,0,0,0,0,0,0,0,0,0,0,0,0,0,0,0,0,0,0,0,0,0,0,0,0,0,0,0,0,0,0,0,0,0,0,0,0,0,0,0,0,0,0,0,0,0,0,0,0,0,0,0,0,0,0,0,0,0,0,0,0,0,0,0,0,0,0,0,0,0,0,0,0,0,0,0,0,0,0,0,0,0,0,0,0,0,0,0,0,0,0,0,0,0,0,0,0,0,0,0,0,0,0,0,0,0,0,0,0,0,0,0,0,0,0,0,0,0,0,0,0,0,0,0,0,0,0,0,0,0,0,0,0,0,0,0,0,0,0,0,0,0,0,0,0,0,0,0,0,0,0,0,0,0,0,0,0,0,0,0,0,0,0
1508,1404,1664,1581,1590,1664,2100,2924,3139,3225,2886,3075,3311,3420,3572,3256,4080,4730,4845,4785,4620,4560,5220,4840,5673,5162,4941,6090,6270,5829,5984,6580,6650,8160,9280,9718,10120,10004,9660,9266,10179,10170,11656,11011,11685,13056,11340,12240,13780,13674,14835,15196,16263,17160,19750,21888,23120,24500,23940,25432,28564,32186,35360,27924,13534,43056,45325,56637,60346,61060,69874,74910,84365,87235,98552,109725,124443,135534,145124,158517,173432,196416,249458,299442,356592,427643,521700,650226,676615,741426,747516,743600,708440,649038,559466,420273,222865,0,0,0,0,0,0,0,0,0,0,0,0,0,0,0,0,0,0,0,0,0,0,0,0,0,0,0,0,0,0,0,0,0,0,0,0,0,0,0,0,0,0,0,0,0,0,0,0,0,0,0,0,0,0,0,0,0,0,0,0,0,0,0,0,0,0,0,0,0,0,0,0,0,0,0,0,0,0,0,0,0,0,0,0,0,0,0,0,0,0,0,0,0,0,0,0,0,0,0,0,0,0,0,0,0,0,0,0,0,0,0,0,0,0,0,0,0,0,0,0,0,0,0,0,0,0,0,0,0,0,0,0,0,0,0,0,0,0,0,0,0,0,0,0,0,0,0,0,0,0,0,0,0,0,0,0,0,0,0,0,0,0,0,0,0,0,0,0,0,0,0,0,0,0,0,0,0,0,0,0,0,0,0,0,0,0,0,0,0,0,0,0,0,0,0,0,0,0,0,0,0,0,0
1287,1360,1353,1209,1209,1452,1428,1440,1360,1470,1360,1216,1287,1320,1496,1452,1692,1800,1950,1872,1665,1672,1932,2288,2322,2451,2451,2990,2760,2726,2842,3234,3550,3927,3550,3168,3360,3650,3600,3479,3952,3978,3927,4312,4510,4374,4731,4760,5016,5162,5580,5760,5452,5734,5760,5301,5529,5060,5760,6237,5640,5510,4505,3195,7107,7242,7245,7455,9153,9430,10126,10788,10115,10701,11125,12672,12540,15392,14800,15504,14948,15352,15698,16014,15386,14043,16490,16224,13600,18042,12556,6486,4180,21691,25074,22680,21922,24766,26125,21492,48960,50615,55677,62370,69382,75840,83250,86154,91364,101193,113025,119357,129438,153117,166167,187572,219618,271566,321750,388448,470400,603358,768868,854420,861420,837648,806358,760246,808918,753495,640485,376475,0,0,0,0,0,0,0,0,0,0,0,0,0,0,0,0,0,0,0,0,0,0,0,0,0,0,0,0,0,0,0,0,0,0,0,0,0,0,0,0,0,0,0,0,0,0,0,0,0,0,0,0,0,0,0,0,0,0,0,0,0,0,0,0,0,0,0,0,0,0,0,0,0,0,0,0,0,0,0,0,0,0,0,0,0,0,0,0,0,0,0,0,0,0,0,0,0,0,0,0,0,0,0,0,0,0,0,0,0,0,0,0,0,0,0,0,0,0,0,0,0,0,0,0,0,0,0,0,0,0,0,0,0,0,0,0,0,0,0,0,0,0,0,0,0,0,0,0,0,0,0,0,0,0,0,0,0,0,0,0,0,0,0,0,0,0,0,0
1950,2537,2394,2494,3234,2990,3283,3417,3570,3774,3900,4182,4000,3969,4032,4335,4182,4018,3285,3600,3773,4050,4176,4350,5454,5200,5353,4704,5096,5044,6136,7194,7130,6420,6466,7119,7370,7350,7140,7314,7700,8236,7169,7952,6076,8296,7810,8732,9086,8288,9396,9720,9558,6758,5044,5992,10750,10440,12648,14416,14144,15510,15510,17316,18603,19397,20886,20768,19800,17052,18857,16450,21018,840,910,936,825,600,504,620,532,57222,57918,56628,68052,73738,83328,90216,95160,101184,115360,124704,148969,156009,170280,195228,235376,293384,330464,410850,536373,656140,797862,858480,849321,786653,751608,737880,739626,611156,376156,1008,0,0,0,0,0,0,0,0,0,0,0,0,0,0,0,0,0,0,0,0,0,0,0,0,0,0,0,0,0,0,0,0,0,0,0,0,0,0,0,0,0,0,0,0,0,0,0,0,0,0,0,0,0,0,0,0,0,0,0,0,0,0,0,0,0,0,0,0,0,0,0,0,0,0,0,0,0,0,0,0,0,0,0,0,0,0,0,0,0,0,0,0,0,0,0,0,0,0,0,0,0,0,0,0,0,0,0,0,0,0,0,0,0,0,0,0,0,0,0,0,0,0,0,0,0,0,0,0,0,0,0,0,0,0,0,0,0,0,0,0,0,0,0,0,0,0,0,0,0,0,0,0,0,0,0,0,0,0,0,0,0,0,0,0,0,0,0,0,0,0,0,0,0,0,0,0,0,0,0,0,0,0,0,0,0,0,0,0
1102,1092,1254,1833,1833,1672,1710,1748,1794,2080,2332,2288,2295,2244,2142,2091,3264,3050,2760,2928,3366,3780,3692,3692,3264,3332,3504,3504,3124,3619,3950,3773,4399,3900,4150,4806,4823,5152,5005,4641,4743,4770,4840,4450,4947,6930,6100,6464,7072,6656,6968,6800,6693,7245,7313,6674,8216,8910,9794,8346,8588,9744,9163,9922,8848,11371,10906,11000,10664,11868,11919,10414,12155,11475,9779,13485,18193,19090,20570,19352,21204,23450,25530,23247,19928,17248,11644,14193,8064,6042,4606,54201,59640,65232,68544,79530,86697,90972,102202,107623,119180,151048,154174,177840,209050,243130,308632,373920,458450,596582,795775,910980,907500,912920,857790,866860,868263,768362,566568,0,0,0,0,0,0,0,0,0,0,0,0,0,0,0,0,0,0,0,0,0,0,0,0,0,0,0,0,0,0,0,0,0,0,0,0,0,0,0,0,0,0,0,0,0,0,0,0,0,0,0,0,0,0,0,0,0,0,0,0,0,0,0,0,0,0,0,0,0,0,0,0,0,0,0,0,0,0,0,0,0,0,0,0,0,0,0,0,0,0,0,0,0,0,0,0,0,0,0,0,0,0,0,0,0,0,0,0,0,0,0,0,0,0,0,0,0,0,0,0,0,0,0,0,0,0,0,0,0,0,0,0,0,0,0,0,0,0,0,0,0,0,0,0,0,0,0,0,0,0,0,0,0,0,0,0,0,0,0,0,0,0,0,0,0,0,0,0,0,0,0,0,0,0,0,0,0,0,0,0,0
1377,1248,1250,1352,1620,2080,1984,2145,2310,2275,2368,2496,2379,2232,2405,2660,2691,2584,2368,2368,2280,3404,3650,3621,3723,4941,4374,5395,5561,5696,5720,6106,5670,5963,5917,4756,9040,9794,11310,11495,10881,11040,12276,12768,12596,14112,16280,15070,17980,19604,20040,22326,24656,24206,27027,26554,27027,31175,36000,33900,24804,47784,53295,59186,62216,71595,82536,81947,92855,111872,116746,131784,160563,173800,204941,243376,310156,376968,475272,485388,498222,513560,467100,379808,327341,231727,0,0,0,0,0,0,0,0,0,0,0,0,0,0,0,0,0,0,0,0,0,0,0,0,0,0,0,0,0,0,0,0,0,0,0,0,0,0,0,0,0,0,0,0,0,0,0,0,0,0,0,0,0,0,0,0,0,0,0,0,0,0,0,0,0,0,0,0,0,0,0,0,0,0,0,0,0,0,0,0,0,0,0,0,0,0,0,0,0,0,0,0,0,0,0,0,0,0,0,0,0,0,0,0,0,0,0,0,0,0,0,0,0,0,0,0,0,0,0,0,0,0,0,0,0,0,0,0,0,0,0,0,0,0,0,0,0,0,0,0,0,0,0,0,0,0,0,0,0,0,0,0,0,0,0,0,0,0,0,0,0,0,0,0,0,0,0,0,0,0,0,0,0,0,0,0,0,0,0,0,0,0,0,0,0,0,0,0,0,0,0,0,0,0,0,0,0,0,0,0,0,0,0,0,0,0,0,0,0,0,0,0,0,0
1118,1092,1092,988,1050,1092,1066,1075,1092,1161,1118,1075,1075,1025,1000,840,875,925,962,988,884,1053,972,952,918,810,812,1496,1452,1564,1632,2035,1872,1656,1610,1785,2035,2106,2106,2028,2067,2214,2255,2184,2109,2223,2184,2255,2408,2240,2240,2596,2772,2772,2420,2475,2684,2835,2709,2760,3150,3392,3657,3264,3500,3381,3600,3825,4028,4182,4335,4410,4089,4437,4539,4300,5096,4988,5060,4872,4482,5551,5673,5580,6144,6336,5828,5192,5850,6045,6499,6831,6528,7107,6695,7102,7276,6868,6969,6700,7000,5922,5580,4150,10664,10912,12126,13231,13568,15805,16761,18204,19372,19549,19775,20355,19494,21645,18564,14534,12870,7424,864,900,759,682,53952,53847,56400,68670,70180,81600,87792,92565,101376,116894,120700,148148,167241,190400,236250,285494,342921,450984,566267,740981,840564,812394,780885,727812,721628,629755,405680,0,0,0,0,0,0,0,0,0,0,0,0,0,0,0,0,0,0,0,0,0,0,0,0,0,0,0,0,0,0,0,0,0,0,0,0,0,0,0,0,0,0,0,0,0,0,0,0,0,0,0,0,0,0,0,0,0,0,0,0,0,0,0,0,0,0,0,0,0,0,0,0,0,0,0,0,0,0,0,0,0,0,0,0,0,0,0,0,0,0,0,0,0,0,0,0,0,0,0,0,0,0,0,0,0,0,0,0,0,0,0,0,0,0,0,0,0,0,0,0,0,0,0,0,0,0,0,0,0,0,0,0,0,0,0,0,0,0,0,0,0,0,0,0,0,0,0
2337,2184,2365,2565,2976,3024,3136,2784,3038,2538,2976,3450,3600,3650,3332,3315,4108,3850,3876,3850,4214,4717,4576,4836,4368,4224,4263,4312,4361,4611,4860,5640,5369,5428,5332,5824,5896,6231,6633,7140,6656,6615,7548,7004,7704,7632,6790,7070,7128,8584,8925,12193,12512,14892,13755,16524,17380,18419,18908,19152,18696,20532,20230,22264,22320,24056,24000,24072,5880,29329,53704,57312,70499,67648,80586,90678,95830,96930,119286,127110,149614,170980,200784,246480,310542,382782,489240,682560,850608,868480,831526,769732,799480,748440,623856,335274,0,0,0,0,0,0,0,0,0,0,0,0,0,0,0,0,0,0,0,0,0,0,0,0,0,0,0,0,0,0,0,0,0,0,0,0,0,0,0,0,0,0,0,0,0,0,0,0,0,0,0,0,0,0,0,0,0,0,0,0,0,0,0,0,0,0,0,0,0,0,0,0,0,0,0,0,0,0,0,0,0,0,0,0,0,0,0,0,0,0,0,0,0,0,0,0,0,0,0,0,0,0,0,0,0,0,0,0,0,0,0,0,0,0,0,0,0,0,0,0,0,0,0,0,0,0,0,0,0,0,0,0,0,0,0,0,0,0,0,0,0,0,0,0,0,0,0,0,0,0,0,0,0,0,0,0,0,0,0,0,0,0,0,0,0,0,0,0,0,0,0,0,0,0,0,0,0,0,0,0,0,0,0,0,0,0,0,0,0,0,0,0,0,0,0,0,0,0,0,0,0,0,0,0
1218,1260,1334,1782,1855,1666,1598,1924,2940,3066,5742,4785,6365,6164,6097,6696,7008,6650,6992,7566,7104,9202,11780,10672,11040,12000,12540,14070,15730,14700,16761,15515,17936,17365,17812,18900,20410,23213,24739,25665,32760,36411,42222,1769,52650,64070,65934,75440,78020,88935,106128,113296,130832,153768,174945,192766,262035,317550,386512,518880,678576,764928,773300,741305,702157,613395,465064,254310,2077,1950,1682,1950,0,0,0,0,0,0,0,0,0,0,0,0,0,0,0,0,0,0,0,0,0,0,0,0,0,0,0,0,0,0,0,0,0,0,0,0,0,0,0,0,0,0,0,0,0,0,0,0,0,0,0,0,0,0,0,0,0,0,0,0,0,0,0,0,0,0,0,0,0,0,0,0,0,0,0,0,0,0,0,0,0,0,0,0,0,0,0,0,0,0,0,0,0,0,0,0,0,0,0,0,0,0,0,0,0,0,0,0,0,0,0,0,0,0,0,0,0,0,0,0,0,0,0,0,0,0,0,0,0,0,0,0,0,0,0,0,0,0,0,0,0,0,0,0,0,0,0,0,0,0,0,0,0,0,0,0,0,0,0,0,0,0,0,0,0,0,0,0,0,0,0,0,0,0,0,0,0,0,0,0,0,0,0,0,0,0,0,0,0,0,0,0,0,0,0,0,0,0,0,0,0,0,0,0,0,0,0,0,0,0,0,0,0,0,0,0,0,0,0,0,0,0,0,0,0,0,0,0
1014,1260,1232,1120,936,1344,891,1575,1428,1394,1290,1457,1581,1768,1836,1944,1938,1739,1920,2226,2120,2352,2520,2576,2736,2576,3024,3350,3185,3283,3243,3196,3283,2736,2867,3381,3848,3700,4004,3825,4029,4428,4644,4914,4876,4760,5073,4770,5115,5734,6076,6014,6237,6138,6432,6831,7072,7480,7526,7630,7383,8030,7952,7700,7524,8050,7668,7171,7668,9317,8175,7276,7700,6432,11481,14688,16500,16317,17480,19920,21594,21771,22509,23232,23520,22420,22040,17088,8775,8500,58378,61190,60900,73872,77937,91611,99696,104983,122932,145848,159740,186868,232254,296793,373796,467990,644180,869271,876576,841428,785680,782298,748890,581039,0,0,0,0,0,0,0,0,0,0,0,0,0,0,0,0,0,0,0,0,0,0,0,0,0,0,0,0,0,0,0,0,0,0,0,0,0,0,0,0,0,0,0,0,0,0,0,0,0,0,0,0,0,0,0,0,0,0,0,0,0,0,0,0,0,0,0,0,0,0,0,0,0,0,0,0,0,0,0,0,0,0,0,0,0,0,0,0,0,0,0,0,0,0,0,0,0,0,0,0,0,0,0,0,0,0,0,0,0,0,0,0,0,0,0,0,0,0,0,0,0,0,0,0,0,0,0,0,0,0,0,0,0,0,0,0,0,0,0,0,0,0,0,0,0,0,0,0,0,0,0,0,0,0,0,0,0,0,0,0,0,0,0,0,0,0,0,0,0,0,0,0,0,0,0,0,0,0,0,0,0,0,0,0,0,0
1161,1161,1066,1080,875,1196,1075,1170,1125,1056,984,897,1066,1170,1344,1107,1120,1000,1118,1075,1066,1050,1025,874,1230,1204,1323,1269,1260,1204,1334,1305,1470,1650,1850,1850,1924,1938,2090,2016,2280,2145,2173,2173,2128,2296,2451,2408,2268,2464,2655,2655,2700,2880,3100,3300,3100,2914,2976,3168,3552,3950,4293,4770,4312,4524,4558,4717,5278,4838,5415,6014,5340,5760,5766,6272,6798,6864,7062,6392,6831,7102,7314,7630,7952,7866,7038,8625,8625,9120,9085,8814,10750,12741,13662,13860,15038,15370,16800,19754,19024,21808,22491,22729,23616,23302,20116,20544,57246,60610,66357,78228,85680,94208,101829,122536,143528,160392,190646,230432,305916,371622,507650,703632,857767,874915,798756,752570,776075,604233,264326,0,0,0,0,0,0,0,0,0,0,0,0,0,0,0,0,0,0,0,0,0,0,0,0,0,0,0,0,0,0,0,0,0,0,0,0,0,0,0,0,0,0,0,0,0,0,0,0,0,0,0,0,0,0,0,0,0,0,0,0,0,0,0,0,0,0,0,0,0,0,0,0,0,0,0,0,0,0,0,0,0,0,0,0,0,0,0,0,0,0,0,0,0,0,0,0,0,0,0,0,0,0,0,0,0,0,0,0,0,0,0,0,0,0,0,0,0,0,0,0,0,0,0,0,0,0,0,0,0,0,0,0,0,0,0,0,0,0,0,0,0,0,0,0,0,0,0,0,0,0,0,0,0,0,0,0,0,0,0,0,0,0,0,0,0,0,0,0,0
1333,1320,1344,1457,1500,1530,1643,1612,1650,1666,1692,1692,1785,1855,2109,2128,2072,2016,1980,1925,1995,2065,2030,2146,2109,2109,3008,2709,2814,2691,2698,3139,2665,3381,4131,3550,3952,4428,4346,4018,5394,5859,5152,5655,6435,6030,6600,6305,7622,9315,9430,9085,9576,10266,10283,9660,9605,13736,14729,14659,16905,17969,18240,21750,20875,24435,26772,32112,26680,15456,47360,55720,62320,70499,79223,87846,99584,114816,132240,148628,176150,217710,270144,354246,466712,596400,653248,695195,599740,573108,415840,174365,0,0,0,0,0,0,0,0,0,0,0,0,0,0,0,0,0,0,0,0,0,0,0,0,0,0,0,0,0,0,0,0,0,0,0,0,0,0,0,0,0,0,0,0,0,0,0,0,0,0,0,0,0,0,0,0,0,0,0,0,0,0,0,0,0,0,0,0,0,0,0,0,0,0,0,0,0,0,0,0,0,0,0,0,0,0,0,0,0,0,0,0,0,0,0,0,0,0,0,0,0,0,0,0,0,0,0,0,0,0,0,0,0,0,0,0,0,0,0,0,0,0,0,0,0,0,0,0,0,0,0,0,0,0,0,0,0,0,0,0,0,0,0,0,0,0,0,0,0,0,0,0,0,0,0,0,0,0,0,0,0,0,0,0,0,0,0,0,0,0,0,0,0,0,0,0,0,0,0,0,0,0,0,0,0,0,0,0,0,0,0,0,0,0,0,0,0,0,0,0,0,0,0,0,0,0,0,0
1100,1050,1008,960,1118,1056,1075,1075,1222,1377,1248,1170,1118,1170,1215,1120,1107,1134,1066,1107,1025,1000,960,1000,950,999,1232,1118,912,1066,1134,1457,1568,1488,1568,1472,1232,1144,1134,1344,1410,1536,1440,1568,1734,1908,2166,1872,1998,2014,1665,2000,2028,2394,2262,2337,2494,2580,2772,2262,2242,2684,3038,2200,2184,2436,2709,2666,2852,2790,3312,3234,3195,2967,3724,3600,3850,4300,4100,4100,4250,4860,4316,4628,5301,5551,5922,5952,5487,6016,5952,6204,6400,6500,7102,6552,6912,7722,7062,6936,7004,5978,6400,4785,11049,11938,13800,13965,16352,18240,18537,19090,19376,20792,20355,21692,19055,14280,10579,962,52528,55200,60651,72276,77040,92300,93860,105325,120400,152079,166770,200930,270900,331143,430440,617684,847512,867150,782180,748066,775005,610470,278409,0,0,0,0,0,0,0,0,0,0,0,0,0,0,0,0,0,0,0,0,0,0,0,0,0,0,0,0,0,0,0,0,0,0,0,0,0,0,0,0,0,0,0,0,0,0,0,0,0,0,0,0,0,0,0,0,0,0,0,0,0,0,0,0,0,0,0,0,0,0,0,0,0,0,0,0,0,0,0,0,0,0,0,0,0,0,0,0,0,0,0,0,0,0,0,0,0,0,0,0,0,0,0,0,0,0,0,0,0,0,0,0,0,0,0,0,0,0,0,0,0,0,0,0,0,0,0,0,0,0,0,0,0,0,0,0,0,0,0,0,0,0,0,0,0,0,0,0,0,0,0,0,0,0,0,0,0
1125,1056,1125,1188,1000,1092,1092,1040,1008,1050,1050,1032,910,988,1026,1066,1176,1014,1080,1204,1092,975,1161,1204,1232,1066,1568,1518,1504,1080,1000,1363,1550,1785,1600,1650,1617,1785,1656,1715,1887,2028,2120,2132,2279,2494,2280,2128,2478,2745,2262,2460,2542,2460,2565,2714,2268,2508,2464,3350,3430,3266,3666,3552,3619,3840,3888,3619,3696,3773,3950,4420,4293,4620,4785,5160,5704,6080,5640,5655,6080,5824,6432,6695,6996,6820,7276,7350,7035,6868,5766,6600,4590,11176,12183,12920,13300,17160,18144,18860,19380,21204,21390,20520,21357,17836,12075,5985,55380,59276,66744,74327,88854,92055,103834,119941,135952,162610,189501,248430,304227,406720,562800,787540,833247,756175,737748,717665,564165,182784,0,0,0,0,0,0,0,0,0,0,0,0,0,0,0,0,0,0,0,0,0,0,0,0,0,0,0,0,0,0,0,0,0,0,0,0,0,0,0,0,0,0,0,0,0,0,0,0,0,0,0,0,0,0,0,0,0,0,0,0,0,0,0,0,0,0,0,0,0,0,0,0,0,0,0,0,0,0,0,0,0,0,0,0,0,0,0,0,0,0,0,0,0,0,0,0,0,0,0,0,0,0,0,0,0,0,0,0,0,0,0,0,0,0,0,0,0,0,0,0,0,0,0,0,0,0,0,0,0,0,0,0,0,0,0,0,0,0,0,0,0,0,0,0,0,0,0,0,0,0,0,0,0,0,0,0,0,0,0,0,0,0,0,0,0,0,0,0,0,0
1320,1305,1232,1176,1548,1710,1794,1728,1632,1680,1575,1715,1836,1836,1785,1836,1836,1960,2183,2470,2135,1960,1960,2088,2331,2418,2400,2016,2072,2280,2072,2301,2772,2970,3080,3384,3375,3626,4266,4256,4838,4674,4704,5002,5607,5734,6912,6650,5850,8100,7107,8690,8547,9720,9890,11397,9660,11532,11305,11375,11776,16092,17255,16779,17908,19656,22344,23881,25986,33015,36547,22350,45900,50760,60819,65912,75591,85680,110021,120513,134385,156433,188720,236109,328860,440865,582624,722238,752276,706230,660761,521696,272160,0,0,0,0,0,0,0,0,0,0,0,0,0,0,0,0,0,0,0,0,0,0,0,0,0,0,0,0,0,0,0,0,0,0,0,0,0,0,0,0,0,0,0,0,0,0,0,0,0,0,0,0,0,0,0,0,0,0,0,0,0,0,0,0,0,0,0,0,0,0,0,0,0,0,0,0,0,0,0,0,0,0,0,0,0,0,0,0,0,0,0,0,0,0,0,0,0,0,0,0,0,0,0,0,0,0,0,0,0,0,0,0,0,0,0,0,0,0,0,0,0,0,0,0,0,0,0,0,0,0,0,0,0,0,0,0,0,0,0,0,0,0,0,0,0,0,0,0,0,0,0,0,0,0,0,0,0,0,0,0,0,0,0,0,0,0,0,0,0,0,0,0,0,0,0,0,0,0,0,0,0,0,0,0,0,0,0,0,0,0,0,0,0,0,0,0,0,0,0,0,0,0,0,0,0,0,0
897,1025,1092,1100,1000,1008,1242,1075,1188,1066,1170,1196,1170,1050,1118,1144,1144,1050,1144,1092,1161,1134,1050,1050,1100,984,1092,988,875,850,888,888,1040,1092,1161,1066,925,984,1092,1134,1092,962,1080,1131,1107,1290,1452,1551,1564,1600,1632,1536,1749,1785,1472,1786,1540,1716,1750,1716,1961,2067,2091,2226,2166,2340,2640,2451,2530,2520,2430,3168,3036,3196,2898,3038,3136,2950,2852,3381,3196,3312,3774,3774,3626,3504,3724,4000,4420,4959,4752,5551,5310,5760,5490,6336,5828,6138,6426,6864,7072,7276,7140,6732,6700,5796,6798,8100,9794,11868,12348,12768,15370,16640,17490,17604,18700,19775,20114,20492,22487,12410,7011,51888,54210,59160,70022,81217,88704,98814,112200,130988,157000,182484,232609,291384,384426,529856,756430,829920,748055,731895,720837,535248,0,0,0,0,0,0,0,0,0,0,0,0,0,0,0,0,0,0,0,0,0,0,0,0,0,0,0,0,0,0,0,0,0,0,0,0,0,0,0,0,0,0,0,0,0,0,0,0,0,0,0,0,0,0,0,0,0,0,0,0,0,0,0,0,0,0,0,0,0,0,0,0,0,0,0,0,0,0,0,0,0,0,0,0,0,0,0,0,0,0,0,0,0,0,0,0,0,0,0,0,0,0,0,0,0,0,0,0,0,0,0,0,0,0,0,0,0,0,0,0,0,0,0,0,0,0,0,0,0,0,0,0,0,0,0,0,0,0,0,0,0,0,0,0,0,0,0,0,0,0,0,0,0,0,0,0
1421,1222,1170,1008,1125,1056,1075,1050,960,936,1050,1025,1032,984,1050,1050,984,1008,1107,1161,1323,1222,1056,1100,1170,1196,1050,975,975,988,975,975,1118,1080,962,962,1080,1053,1040,1080,1080,1107,1107,988,1120,1312,1247,1260,1230,1131,1148,1188,1247,1426,1485,1666,1734,1683,1750,1700,1850,1950,1610,1680,1887,2132,2376,2310,2451,2772,2494,2494,2484,2565,2279,2494,2745,2944,3312,3264,2961,3216,3036,3619,3174,3431,3822,3978,3800,3800,3850,4056,5046,5104,5073,5518,5551,5307,5760,6435,6402,6363,7194,6700,7102,6936,6860,6831,5607,8176,10320,12834,12573,14700,16132,18745,18530,19266,19536,20020,21774,18810,20055,56355,59364,65360,79530,90170,97988,110565,117162,154208,186361,242888,313110,419832,639600,835911,837382,768320,737020,631916,345960,0,0,0,0,0,0,0,0,0,0,0,0,0,0,0,0,0,0,0,0,0,0,0,0,0,0,0,0,0,0,0,0,0,0,0,0,0,0,0,0,0,0,0,0,0,0,0,0,0,0,0,0,0,0,0,0,0,0,0,0,0,0,0,0,0,0,0,0,0,0,0,0,0,0,0,0,0,0,0,0,0,0,0,0,0,0,0,0,0,0,0,0,0,0,0,0,0,0,0,0,0,0,0,0,0,0,0,0,0,0,0,0,0,0,0,0,0,0,0,0,0,0,0,0,0,0,0,0,0,0,0,0,0,0,0,0,0,0,0,0,0,0,0,0,0,0,0,0,0,0,0,0,0,0,0,0,0
1092,1161,1025,960,1008,1100,1050,1025,1050,1118,1125,1150,1075,1056,1000,1000,960,936,975,936,936,975,1040,1107,1134,1092,1188,1188,1196,1118,1161,1000,988,962,910,1000,950,962,910,1053,1134,1161,1148,988,918,1053,1026,1188,1092,1176,1302,1344,1428,1518,1568,1632,1700,1836,1728,1800,2000,1887,1715,1850,1950,2000,1872,1786,2408,2552,2322,2332,2576,2806,3216,3216,3577,3312,3358,3216,3479,3456,3174,3619,4018,3825,4160,4108,4056,4399,5046,5096,4895,5460,5551,5074,5632,5985,5487,6014,6968,6565,7102,6767,6120,6240,5586,6936,9360,10890,11125,13095,16459,19152,18792,20091,18939,20160,20900,23460,14240,2680,26268,25498,47104,53770,61182,74196,85293,93034,107304,119987,137061,168222,197664,275880,358354,485232,722520,819654,755904,723072,671972,412649,0,0,0,0,0,0,0,0,0,0,0,0,0,0,0,0,0,0,0,0,0,0,0,0,0,0,0,0,0,0,0,0,0,0,0,0,0,0,0,0,0,0,0,0,0,0,0,0,0,0,0,0,0,0,0,0,0,0,0,0,0,0,0,0,0,0,0,0,0,0,0,0,0,0,0,0,0,0,0,0,0,0,0,0,0,0,0,0,0,0,0,0,0,0,0,0,0,0,0,0,0,0,0,0,0,0,0,0,0,0,0,0,0,0,0,0,0,0,0,0,0,0,0,0,0,0,0,0,0,0,0,0,0,0,0,0,0,0,0,0,0,0,0,0,0,0,0,0,0,0,0,0,0,0,0,0
4060,4118,4260,4340,4608,4130,4331,4307,4275,4070,3922,3825,3942,4005,3905,4088,4161,4636,4440,4484,4292,4380,4350,4602,4698,4720,4838,4698,5166,5376,5525,5568,5916,5896,5504,5655,5824,6052,6003,6099,6141,6532,6497,6660,5814,7488,7708,7790,6324,6552,6634,7194,7700,7412,7571,9345,8755,8568,7208,7072,7280,7344,7326,8211,8658,8733,8906,9779,9880,9956,10764,10626,11745,11562,11537,9856,10032,11421,10686,11234,10062,8024,8280,9230,8906,9176,11997,13464,14382,14790,16416,17670,18802,18328,17967,19040,21042,21125,22528,22704,23552,23058,24252,23865,24320,26068,26600,25542,27872,28462,28994,31099,32660,33408,32266,32184,31920,37284,44250,46228,50048,50233,51408,54990,58425,56762,61418,62702,66600,72276,76424,80160,90780,90650,93080,100768,114172,120099,135907,130662,147088,148988,159451,169128,177788,194376,200122,222642,238510,276750,288002,324522,358980,395112,447034,497550,557776,654192,722337,744198,734820,775968,770040,760585,746444,722959,707336,720575,679972,661600,649060,652821,600066,581882,426786,307166,0,0,0,0,0,0,0,0,0,0,0,0,0,0,0,0,0,0,0,0,0,0,0,0,0,0,0,0,0,0,0,0,0,0,0,0,0,0,0,0,0,0,0,0,0,0,0,0,0,0,0,0,0,0,0,0,0,0,0,0,0,0,0,0,0,0,0,0,0,0,0,0,0,0,0,0,0,0,0,0,0,0,0,0,0,0,0,0,0,0,0,0,0,0,0,0,0,0,0,0,0,0,0,0,0,0,0,0,0,0,0,0,0,0,0,0,0,0,0,0,0,0,0,0
2304,3551,3808,3795,4248,3672,2418,2301,3445,3328,3456,3944,3933,3876,3944,3726,3685,3780,3834,4189,4514,4672,4392,4380,4320,4464,4950,4884,4950,4680,4736,5005,5148,5412,4697,5100,4836,4440,4655,4750,5280,5412,5865,5412,4636,4898,5406,5950,5561,5330,6099,6408,6975,7392,7546,7680,7872,6678,7280,6480,6360,6634,8000,8000,8484,7973,8052,7854,8120,8378,8732,8550,9044,8378,8954,8880,9375,9176,9652,9636,11644,12150,12300,11920,11907,12936,12464,12432,12325,12240,10530,10665,13659,11076,10395,14259,15943,16241,16872,18560,18954,18240,19840,21798,21844,22250,23790,23680,24440,23808,24448,25542,26462,27872,29480,29835,29648,28288,30173,33957,29580,32616,36320,47241,47730,52224,52962,54372,56000,57166,62780,66768,66768,69975,77970,79695,82239,88452,97405,104148,105868,115227,123216,129654,150553,155330,167424,184620,199065,212040,235494,253364,271945,309222,348424,381766,420010,483488,535020,636174,655960,713735,703656,700000,669256,643572,615760,613921,590040,573464,555672,517752,448096,354144,253761,139260,0,0,0,0,0,0,0,0,0,0,0,0,0,0,0,0,0,0,0,0,0,0,0,0,0,0,0,0,0,0,0,0,0,0,0,0,0,0,0,0,0,0,0,0,0,0,0,0,0,0,0,0,0,0,0,0,0,0,0,0,0,0,0,0,0,0,0,0,0,0,0,0,0,0,0,0,0,0,0,0,0,0,0,0,0,0,0,0,0,0,0,0,0,0,0,0,0,0,0,0,0,0,0,0,0,0,0,0,0,0,0,0,0,0,0,0,0,0,0,0,0,0,0,0
3381,3408,3577,3672,3621,3710,3510,4050,3888,3996,4290,4345,4158,4218,3990,4408,4720,4408,4466,4144,4466,4424,4235,4161,3834,3510,3952,4212,4503,4332,4453,4582,4661,4814,4602,4860,5124,5124,5720,6090,6461,6528,6324,6030,6052,5850,5980,6840,6696,6279,6392,6674,6486,6270,6417,6486,6816,6324,6270,6831,5510,5510,5220,4250,4674,3792,2856,4050,3978,6901,7062,9072,9504,9856,9570,9768,9680,9717,9605,10033,10179,11122,10140,10935,11288,12096,11726,12384,12118,12816,14288,14852,16100,16830,17702,17808,17490,17767,18639,19824,20292,20292,21460,20976,22713,24056,24511,25728,27398,28165,28861,31220,30388,30956,32604,32200,33320,33460,34463,34800,34075,48146,52360,54720,58828,61292,63630,64575,70474,73480,79572,87822,88191,94710,97639,102837,108272,113568,131159,150920,164340,174240,193569,215400,215985,234784,260520,279576,314754,365850,413470,466026,544000,554132,593124,616722,601887,616860,583654,542080,512575,510510,479220,474012,434396,351310,249782,156864,0,0,0,0,0,0,0,0,0,0,0,0,0,0,0,0,0,0,0,0,0,0,0,0,0,0,0,0,0,0,0,0,0,0,0,0,0,0,0,0,0,0,0,0,0,0,0,0,0,0,0,0,0,0,0,0,0,0,0,0,0,0,0,0,0,0,0,0,0,0,0,0,0,0,0,0,0,0,0,0,0,0,0,0,0,0,0,0,0,0,0,0,0,0,0,0,0,0,0,0,0,0,0,0,0,0,0,0,0,0,0,0,0,0,0,0,0,0,0,0,0,0,0,0,0,0,0,0,0,0,0,0
2214,2494,2596,2365,2451,2120,1989,2337,2080,2279,2142,2150,2150,2530,2484,2430,3944,2491,4340,4410,4544,5250,5250,4964,4940,4453,4136,4176,4320,4183,5032,5460,5538,5538,5846,5538,5680,6048,4998,6068,5538,5751,5589,5616,5253,5670,5830,5408,6688,7031,7347,8051,8330,10165,10340,9612,9222,9345,9858,10848,11020,10580,10509,8880,11115,9282,11640,11590,10240,10800,10960,11928,11421,11280,12616,12600,13330,13137,13650,13984,14508,14694,14725,15040,16731,16268,14105,16910,16992,18810,20862,21420,20125,21376,23680,24738,26030,26441,27720,27000,28542,29601,29256,30441,31866,33205,32770,34960,38710,46440,49290,50232,53956,57330,56600,60976,64890,75012,82080,83040,83889,93613,108945,119004,116235,128188,135240,155788,158760,183312,201426,217672,253628,280546,326564,360963,402476,473200,526048,636768,681384,721392,714792,695552,665287,639191,625894,597493,562320,540386,463096,365790,237948,0,0,0,0,0,0,0,0,0,0,0,0,0,0,0,0,0,0,0,0,0,0,0,0,0,0,0,0,0,0,0,0,0,0,0,0,0,0,0,0,0,0,0,0,0,0,0,0,0,0,0,0,0,0,0,0,0,0,0,0,0,0,0,0,0,0,0,0,0,0,0,0,0,0,0,0,0,0,0,0,0,0,0,0,0,0,0,0,0,0,0,0,0,0,0,0,0,0,0,0,0,0,0,0,0,0,0,0,0,0,0,0,0,0,0,0,0,0,0,0,0,0,0,0,0,0,0,0,0,0,0,0,0,0,0,0,0,0,0,0,0,0,0,0,0,0,0
2679,1848,2842,2784,3172,3276,3819,3819,4148,4071,4071,4260,4473,4514,4380,4292,4104,4047,4088,4161,4176,4118,3990,3905,4218,4161,4292,4070,3942,4180,4345,4312,3942,4144,4144,4536,4345,4620,4760,5192,5704,6080,6204,6045,6270,6534,6231,6045,7344,7326,7425,7425,8058,8346,7400,8453,8904,8446,8580,9379,8667,6156,6313,8058,9130,6018,6077,6634,9576,10472,7973,8449,8614,9605,8856,7524,6572,7700,7208,9440,9960,10625,11718,11997,12998,13900,15052,15184,17328,17762,19888,21018,21539,21539,21960,23188,25676,26004,23932,25792,26593,26136,26400,28215,30033,32625,33222,34425,37665,46814,49444,52993,54990,56933,61776,69419,71504,78055,83752,98298,101255,111510,115878,126280,127455,157458,178464,195408,218732,246132,280850,319588,365168,417474,505582,579303,654192,696280,691000,680127,659148,640062,610948,567630,564200,518259,422004,291848,149410,0,0,0,0,0,0,0,0,0,0,0,0,0,0,0,0,0,0,0,0,0,0,0,0,0,0,0,0,0,0,0,0,0,0,0,0,0,0,0,0,0,0,0,0,0,0,0,0,0,0,0,0,0,0,0,0,0,0,0,0,0,0,0,0,0,0,0,0,0,0,0,0,0,0,0,0,0,0,0,0,0,0,0,0,0,0,0,0,0,0,0,0,0,0,0,0,0,0,0,0,0,0,0,0,0,0,0,0,0,0,0,0,0,0,0,0,0,0,0,0,0,0,0,0,0,0,0,0,0,0,0,0,0,0,0,0,0,0,0,0,0,0,0,0,0,0,0,0,0,0,0
3024,2898,2552,2728,2226,2214,1960,2773,2880,2940,3162,3286,3348,3339,3456,3685,3953,3886,4130,4270,4260,4047,4248,4307,4366,4500,4425,4366,4307,4189,4218,4275,4218,4144,4144,4050,4368,4661,4582,4440,4368,4332,4661,4602,4872,5100,5642,5824,6097,6164,6392,6188,6417,6279,6580,7008,7200,7050,6992,8240,7644,9020,8881,8424,8690,8374,8190,8505,8610,6264,8748,9047,7475,8024,9794,8760,9196,8614,8880,9156,7800,6767,6204,7770,9440,8970,11400,11520,12998,14523,14112,15696,16241,17433,18645,20300,21357,20700,21960,20930,22448,24257,25216,24696,25781,25807,25872,28329,29181,30814,32256,33300,36344,45675,46375,50864,52110,55488,57036,66253,71280,77520,82360,95744,101269,103095,113436,123256,132750,157092,181365,200675,218631,243054,287448,329892,379760,462726,512539,624780,661206,678321,692172,656534,632472,600000,553860,548000,496984,386810,266854,0,0,0,0,0,0,0,0,0,0,0,0,0,0,0,0,0,0,0,0,0,0,0,0,0,0,0,0,0,0,0,0,0,0,0,0,0,0,0,0,0,0,0,0,0,0,0,0,0,0,0,0,0,0,0,0,0,0,0,0,0,0,0,0,0,0,0,0,0,0,0,0,0,0,0,0,0,0,0,0,0,0,0,0,0,0,0,0,0,0,0,0,0,0,0,0,0,0,0,0,0,0,0,0,0,0,0,0,0,0,0,0,0,0,0,0,0,0,0,0,0,0,0,0,0,0,0,0,0,0,0,0,0,0,0,0,0,0,0,0,0,0,0,0,0,0,0,0,0
1768,3136,3315,3450,3692,3692,3726,3657,3780,3850,4161,4015,3960,4015,4366,4425,4560,4620,4650,4650,4575,4960,4774,4620,5084,5185,4674,4560,4503,4800,4756,4814,4816,4980,5632,6164,6006,6555,6460,6365,6528,6720,6912,7416,7344,7650,7725,8162,8295,8112,6554,6270,6048,6498,8175,8284,6785,6600,6608,9801,9545,8250,7930,7995,9250,9576,8833,10080,9348,9471,7820,8510,8740,8816,10836,11830,12784,13066,14342,15435,15984,17632,19024,20349,20760,20815,22869,22680,22184,23493,23940,27604,25781,28359,25476,27661,30033,31950,33966,35568,47965,52060,53508,56304,63210,65416,75259,80012,86100,103846,110880,116064,128620,155874,158574,172380,191608,211451,253364,285228,349899,395863,486000,583746,669735,714615,732192,701400,683540,670440,637176,591037,571872,477945,346632,178451,0,0,0,0,0,0,0,0,0,0,0,0,0,0,0,0,0,0,0,0,0,0,0,0,0,0,0,0,0,0,0,0,0,0,0,0,0,0,0,0,0,0,0,0,0,0,0,0,0,0,0,0,0,0,0,0,0,0,0,0,0,0,0,0,0,0,0,0,0,0,0,0,0,0,0,0,0,0,0,0,0,0,0,0,0,0,0,0,0,0,0,0,0,0,0,0,0,0,0,0,0,0,0,0,0,0,0,0,0,0,0,0,0,0,0,0,0,0,0,0,0,0,0,0,0,0,0,0,0,0,0,0,0,0,0,0,0,0,0,0,0,0,0,0,0,0,0,0,0,0,0,0,0,0,0,0,0,0,0,0,0,0,0,0
3816,3996,4144,4275,4446,4144,4047,4292,4484,4368,4104,4636,4960,4920,5220,5208,5676,6045,6460,6106,5680,5538,5538,6424,6512,6192,6408,6916,7566,5734,5890,7821,7296,6160,9315,9360,10406,11050,11390,11830,12558,12972,14100,14798,15408,16536,18080,18515,19635,19920,21632,20880,23750,24625,24180,26532,26167,28314,30952,32708,33371,34808,46288,49025,49344,53389,56718,61237,72732,76140,83545,98945,97785,107200,125404,126585,156122,175100,196560,229295,260292,317836,367688,431457,520926,639616,706860,724168,707772,679931,662563,638270,602796,576640,479388,320400,126880,0,0,0,0,0,0,0,0,0,0,0,0,0,0,0,0,0,0,0,0,0,0,0,0,0,0,0,0,0,0,0,0,0,0,0,0,0,0,0,0,0,0,0,0,0,0,0,0,0,0,0,0,0,0,0,0,0,0,0,0,0,0,0,0,0,0,0,0,0,0,0,0,0,0,0,0,0,0,0,0,0,0,0,0,0,0,0,0,0,0,0,0,0,0,0,0,0,0,0,0,0,0,0,0,0,0,0,0,0,0,0,0,0,0,0,0,0,0,0,0,0,0,0,0,0,0,0,0,0,0,0,0,0,0,0,0,0,0,0,0,0,0,0,0,0,0,0,0,0,0,0,0,0,0,0,0,0,0,0,0,0,0,0,0,0,0,0,0,0,0,0,0,0,0,0,0,0,0,0,0,0,0,0,0,0,0,0,0,0,0,0,0,0,0,0,0,0,0,0,0,0,0,0
4331,4599,4464,4662,4440,4543,4424,4560,4779,4897,4920,5185,4698,4880,6052,5712,4864,4992,5440,5964,6177,5934,6264,6278,6536,6640,6804,6840,6952,6840,6675,6699,7161,7760,8080,7700,7900,7128,8137,7300,5952,6363,5244,4116,3822,3330,5340,12474,12726,12596,15660,16864,15914,17818,19234,20280,20587,20178,20570,20068,21175,22528,22816,25026,28890,30820,28812,33912,35934,46879,49780,54200,59180,70064,79016,85750,92463,115935,118594,129930,153504,170856,187064,210357,250668,302280,353519,449856,523138,643713,730831,745976,749056,709653,709888,684359,639831,581757,502150,282308,0,0,0,0,0,0,0,0,0,0,0,0,0,0,0,0,0,0,0,0,0,0,0,0,0,0,0,0,0,0,0,0,0,0,0,0,0,0,0,0,0,0,0,0,0,0,0,0,0,0,0,0,0,0,0,0,0,0,0,0,0,0,0,0,0,0,0,0,0,0,0,0,0,0,0,0,0,0,0,0,0,0,0,0,0,0,0,0,0,0,0,0,0,0,0,0,0,0,0,0,0,0,0,0,0,0,0,0,0,0,0,0,0,0,0,0,0,0,0,0,0,0,0,0,0,0,0,0,0,0,0,0,0,0,0,0,0,0,0,0,0,0,0,0,0,0,0,0,0,0,0,0,0,0,0,0,0,0,0,0,0,0,0,0,0,0,0,0,0,0,0,0,0,0,0,0,0,0,0,0,0,0,0,0,0,0,0,0,0,0,0,0,0,0,0,0,0,0,0,0
4020,4473,5372,6035,5609,6020,6048,5695,5695,6106,5312,5504,5544,4345,3675,3332,3008,10625,10414,11748,10320,10742,11039,10449,12193,13832,13920,15352,15553,16274,17402,18150,18981,21888,23115,25500,24235,25740,28980,30738,32482,34200,35266,38346,46500,54870,62930,64584,72489,83040,87690,98141,107271,113680,155925,169488,199386,215024,255532,314908,372708,468640,557668,594610,622044,622591,542880,518256,472017,402536,291072,151194,0,0,0,0,0,0,0,0,0,0,0,0,0,0,0,0,0,0,0,0,0,0,0,0,0,0,0,0,0,0,0,0,0,0,0,0,0,0,0,0,0,0,0,0,0,0,0,0,0,0,0,0,0,0,0,0,0,0,0,0,0,0,0,0,0,0,0,0,0,0,0,0,0,0,0,0,0,0,0,0,0,0,0,0,0,0,0,0,0,0,0,0,0,0,0,0,0,0,0,0,0,0,0,0,0,0,0,0,0,0,0,0,0,0,0,0,0,0,0,0,0,0,0,0,0,0,0,0,0,0,0,0,0,0,0,0,0,0,0,0,0,0,0,0,0,0,0,0,0,0,0,0,0,0,0,0,0,0,0,0,0,0,0,0,0,0,0,0,0,0,0,0,0,0,0,0,0,0,0,0,0,0,0,0,0,0,0,0,0,0,0,0,0,0,0,0,0,0,0,0,0,0,0,0,0,0,0,0,0,0,0,0,0,0,0,0,0,0,0,0,0,0,0,0,0,0,0,0
4130,3990,4453,4260,4453,4514,4819,4960,6205,6460,7360,7209,6375,7392,7520,6996,6448,7176,6695,6784,6572,6630,7128,7696,7980,7490,7313,7828,7140,3195,6789,11500,11832,12922,12615,13892,13585,16320,17441,18759,18150,18468,19720,20944,21594,22806,25273,30375,28420,31768,35030,35256,45212,47320,48006,55123,62328,68547,75075,89391,103200,116622,122835,123540,159576,184548,208297,249600,301015,362208,469800,581616,687114,691879,670404,634030,591508,566648,525000,382824,208152,0,0,0,0,0,0,0,0,0,0,0,0,0,0,0,0,0,0,0,0,0,0,0,0,0,0,0,0,0,0,0,0,0,0,0,0,0,0,0,0,0,0,0,0,0,0,0,0,0,0,0,0,0,0,0,0,0,0,0,0,0,0,0,0,0,0,0,0,0,0,0,0,0,0,0,0,0,0,0,0,0,0,0,0,0,0,0,0,0,0,0,0,0,0,0,0,0,0,0,0,0,0,0,0,0,0,0,0,0,0,0,0,0,0,0,0,0,0,0,0,0,0,0,0,0,0,0,0,0,0,0,0,0,0,0,0,0,0,0,0,0,0,0,0,0,0,0,0,0,0,0,0,0,0,0,0,0,0,0,0,0,0,0,0,0,0,0,0,0,0,0,0,0,0,0,0,0,0,0,0,0,0,0,0,0,0,0,0,0,0,0,0,0,0,0,0,0,0,0,0,0,0,0,0,0,0,0,0,0,0,0,0,0,0,0,0,0,0,0
1716,2750,3886,3944,3840,4526,4500,4071,4047,4275,4543,5022,6600,7238,6586,6808,6975,6930,7161,7200,7663,6825,7254,7546,8395,8136,7738,8814,9196,9882,10115,9922,9477,9164,9280,8512,7416,14800,17472,17548,18954,19516,20708,22680,23400,24050,25568,28400,30932,30340,34034,23408,52962,56231,60528,68252,79360,92622,111643,118400,129930,164268,171196,206784,243593,298845,369852,475940,606900,735840,746971,731844,697384,669264,648810,580086,403914,0,0,0,0,0,0,0,0,0,0,0,0,0,0,0,0,0,0,0,0,0,0,0,0,0,0,0,0,0,0,0,0,0,0,0,0,0,0,0,0,0,0,0,0,0,0,0,0,0,0,0,0,0,0,0,0,0,0,0,0,0,0,0,0,0,0,0,0,0,0,0,0,0,0,0,0,0,0,0,0,0,0,0,0,0,0,0,0,0,0,0,0,0,0,0,0,0,0,0,0,0,0,0,0,0,0,0,0,0,0,0,0,0,0,0,0,0,0,0,0,0,0,0,0,0,0,0,0,0,0,0,0,0,0,0,0,0,0,0,0,0,0,0,0,0,0,0,0,0,0,0,0,0,0,0,0,0,0,0,0,0,0,0,0,0,0,0,0,0,0,0,0,0,0,0,0,0,0,0,0,0,0,0,0,0,0,0,0,0,0,0,0,0,0,0,0,0,0,0,0,0,0,0,0,0,0,0,0,0,0,0,0,0,0,0,0,0,0,0,0,0,0,0
7979,8346,8740,8692,7828,8008,8320,8586,10742,10287,9164,11484,12420,11397,12350,11748,11704,11968,15912,17640,18312,19656,18762,21716,22632,23680,24497,28152,30602,32100,35649,45720,51786,55919,64386,76059,87500,100435,115527,129928,155000,166160,200772,249349,313280,383985,469131,633708,709914,732547,682255,640642,615384,578454,422004,184008,0,0,0,0,0,0,0,0,0,0,0,0,0,0,0,0,0,0,0,0,0,0,0,0,0,0,0,0,0,0,0,0,0,0,0,0,0,0,0,0,0,0,0,0,0,0,0,0,0,0,0,0,0,0,0,0,0,0,0,0,0,0,0,0,0,0,0,0,0,0,0,0,0,0,0,0,0,0,0,0,0,0,0,0,0,0,0,0,0,0,0,0,0,0,0,0,0,0,0,0,0,0,0,0,0,0,0,0,0,0,0,0,0,0,0,0,0,0,0,0,0,0,0,0,0,0,0,0,0,0,0,0,0,0,0,0,0,0,0,0,0,0,0,0,0,0,0,0,0,0,0,0,0,0,0,0,0,0,0,0,0,0,0,0,0,0,0,0,0,0,0,0,0,0,0,0,0,0,0,0,0,0,0,0,0,0,0,0,0,0,0,0,0,0,0,0,0,0,0,0,0,0,0,0,0,0,0,0,0,0,0,0,0,0,0,0,0,0,0,0,0,0,0,0,0,0,0,0,0,0,0,0,0,0,0,0,0,0,0,0,0,0,0,0
2989,2976,3640,6351,5934,6996,6230,7469,8325,8475,8664,9028,8208,9720,8892,10496,12549,11352,12371,12604,13066,14355,13205,13920,15200,13965,14112,18939,18762,19895,20825,22606,25284,28886,31080,32333,35882,55185,56600,66976,81405,86485,107460,122892,128288,157684,176120,213807,271752,342984,443207,569136,725760,740088,741300,690925,667590,598368,516338,306364,0,0,0,0,0,0,0,0,0,0,0,0,0,0,0,0,0,0,0,0,0,0,0,0,0,0,0,0,0,0,0,0,0,0,0,0,0,0,0,0,0,0,0,0,0,0,0,0,0,0,0,0,0,0,0,0,0,0,0,0,0,0,0,0,0,0,0,0,0,0,0,0,0,0,0,0,0,0,0,0,0,0,0,0,0,0,0,0,0,0,0,0,0,0,0,0,0,0,0,0,0,0,0,0,0,0,0,0,0,0,0,0,0,0,0,0,0,0,0,0,0,0,0,0,0,0,0,0,0,0,0,0,0,0,0,0,0,0,0,0,0,0,0,0,0,0,0,0,0,0,0,0,0,0,0,0,0,0,0,0,0,0,0,0,0,0,0,0,0,0,0,0,0,0,0,0,0,0,0,0,0,0,0,0,0,0,0,0,0,0,0,0,0,0,0,0,0,0,0,0,0,0,0,0,0,0,0,0,0,0,0,0,0,0,0,0,0,0,0,0,0,0,0,0,0,0,0,0,0,0,0,0,0,0,0,0,0,0,0,0
1862,1924,1680,1750,2106,2280,2240,2320,2451,2106,2050,2200,2400,2379,2440,2400,2320,2184,2067,2580,2925,2832,2820,2989,3960,4200,4218,3960,3536,3640,3550,3621,3975,3723,3692,3588,7446,6935,7178,7900,8056,9234,8964,9240,10120,10614,10502,10680,11397,11645,12510,11880,13395,14259,16200,18012,19642,20375,20862,21838,22140,23920,22984,26384,28314,29055,32480,36520,46494,48888,50853,63072,71550,79112,93996,107916,119520,129625,162674,183380,231616,296523,381808,511879,655960,749462,743431,747648,733810,704550,613676,464198,0,0,0,0,0,0,0,0,0,0,0,0,0,0,0,0,0,0,0,0,0,0,0,0,0,0,0,0,0,0,0,0,0,0,0,0,0,0,0,0,0,0,0,0,0,0,0,0,0,0,0,0,0,0,0,0,0,0,0,0,0,0,0,0,0,0,0,0,0,0,0,0,0,0,0,0,0,0,0,0,0,0,0,0,0,0,0,0,0,0,0,0,0,0,0,0,0,0,0,0,0,0,0,0,0,0,0,0,0,0,0,0,0,0,0,0,0,0,0,0,0,0,0,0,0,0,0,0,0,0,0,0,0,0,0,0,0,0,0,0,0,0,0,0,0,0,0,0,0,0,0,0,0,0,0,0,0,0,0,0,0,0,0,0,0,0,0,0,0,0,0,0,0,0,0,0,0,0,0,0,0,0,0,0,0,0,0,0,0,0,0,0,0,0,0,0,0,0,0,0,0,0,0,0,0,0,0,0
1632,2028,2080,2106,2067,2223,2379,2470,2394,2640,2898,2460,2494,2623,3174,3105,3312,3723,3774,4028,4160,3850,3975,3528,3430,3550,3243,5005,4968,5757,5856,6426,6600,6500,7100,7488,9085,8769,9072,9048,9758,10000,10906,11610,12193,12232,12510,14500,14935,16112,18150,19950,20384,21177,22113,22606,23711,25854,27985,30000,33549,36907,46128,54569,62073,67704,71232,85608,106134,113160,127413,152312,172704,212400,275086,350320,455136,605536,728360,738822,712530,695772,634412,576090,372150,0,0,0,0,0,0,0,0,0,0,0,0,0,0,0,0,0,0,0,0,0,0,0,0,0,0,0,0,0,0,0,0,0,0,0,0,0,0,0,0,0,0,0,0,0,0,0,0,0,0,0,0,0,0,0,0,0,0,0,0,0,0,0,0,0,0,0,0,0,0,0,0,0,0,0,0,0,0,0,0,0,0,0,0,0,0,0,0,0,0,0,0,0,0,0,0,0,0,0,0,0,0,0,0,0,0,0,0,0,0,0,0,0,0,0,0,0,0,0,0,0,0,0,0,0,0,0,0,0,0,0,0,0,0,0,0,0,0,0,0,0,0,0,0,0,0,0,0,0,0,0,0,0,0,0,0,0,0,0,0,0,0,0,0,0,0,0,0,0,0,0,0,0,0,0,0,0,0,0,0,0,0,0,0,0,0,0,0,0,0,0,0,0,0,0,0,0,0,0,0,0,0,0,0,0,0,0,0,0,0,0,0,0,0,0
1620,3713,3854,4590,4428,4950,4698,5520,5340,5518,5980,6365,6392,6580,6674,7448,7920,8019,9348,10584,9804,10578,10578,10044,11036,11748,12604,13860,18437,17985,18758,19097,19764,22204,24684,27354,27936,29346,31800,32895,49707,54880,58788,64753,74844,86620,106795,114125,136456,161676,204700,267181,329728,449236,596240,702204,716510,673920,646380,575034,454916,190008,0,0,0,0,0,0,0,0,0,0,0,0,0,0,0,0,0,0,0,0,0,0,0,0,0,0,0,0,0,0,0,0,0,0,0,0,0,0,0,0,0,0,0,0,0,0,0,0,0,0,0,0,0,0,0,0,0,0,0,0,0,0,0,0,0,0,0,0,0,0,0,0,0,0,0,0,0,0,0,0,0,0,0,0,0,0,0,0,0,0,0,0,0,0,0,0,0,0,0,0,0,0,0,0,0,0,0,0,0,0,0,0,0,0,0,0,0,0,0,0,0,0,0,0,0,0,0,0,0,0,0,0,0,0,0,0,0,0,0,0,0,0,0,0,0,0,0,0,0,0,0,0,0,0,0,0,0,0,0,0,0,0,0,0,0,0,0,0,0,0,0,0,0,0,0,0,0,0,0,0,0,0,0,0,0,0,0,0,0,0,0,0,0,0,0,0,0,0,0,0,0,0,0,0,0,0,0,0,0,0,0,0,0,0,0,0,0,0,0,0,0,0,0,0,0,0,0,0,0,0,0,0,0,0,0,0,0,0
5133,5244,6016,5820,5520,5828,6596,7081,6624,9315,9877,10836,11919,13248,13984,13923,14378,14694,15756,15704,16748,17066,19580,23232,25200,27604,29051,31104,32333,38236,55104,62727,69651,81081,89586,99960,126004,163652,186144,217913,273350,371998,495126,556480,599860,518756,473020,410880,262899,0,0,0,0,0,0,0,0,0,0,0,0,0,0,0,0,0,0,0,0,0,0,0,0,0,0,0,0,0,0,0,0,0,0,0,0,0,0,0,0,0,0,0,0,0,0,0,0,0,0,0,0,0,0,0,0,0,0,0,0,0,0,0,0,0,0,0,0,0,0,0,0,0,0,0,0,0,0,0,0,0,0,0,0,0,0,0,0,0,0,0,0,0,0,0,0,0,0,0,0,0,0,0,0,0,0,0,0,0,0,0,0,0,0,0,0,0,0,0,0,0,0,0,0,0,0,0,0,0,0,0,0,0,0,0,0,0,0,0,0,0,0,0,0,0,0,0,0,0,0,0,0,0,0,0,0,0,0,0,0,0,0,0,0,0,0,0,0,0,0,0,0,0,0,0,0,0,0,0,0,0,0,0,0,0,0,0,0,0,0,0,0,0,0,0,0,0,0,0,0,0,0,0,0,0,0,0,0,0,0,0,0,0,0,0,0,0,0,0,0,0,0,0,0,0,0,0,0,0,0,0,0,0,0,0,0,0,0,0,0,0,0,0,0,0,0,0,0,0,0,0
2128,2072,2262,4214,3910,4176,5130,5280,5856,5760,6402,7038,7056,7081,8162,8532,8343,9296,10875,10080,11000,10701,11557,11739,13837,13959,13912,20165,20406,20520,22632,25326,28944,29547,31524,33673,45568,53568,55752,68461,80880,96612,105860,130284,156736,200930,270800,349716,473452,645390,697682,661453,608672,557637,354471,0,0,0,0,0,0,0,0,0,0,0,0,0,0,0,0,0,0,0,0,0,0,0,0,0,0,0,0,0,0,0,0,0,0,0,0,0,0,0,0,0,0,0,0,0,0,0,0,0,0,0,0,0,0,0,0,0,0,0,0,0,0,0,0,0,0,0,0,0,0,0,0,0,0,0,0,0,0,0,0,0,0,0,0,0,0,0,0,0,0,0,0,0,0,0,0,0,0,0,0,0,0,0,0,0,0,0,0,0,0,0,0,0,0,0,0,0,0,0,0,0,0,0,0,0,0,0,0,0,0,0,0,0,0,0,0,0,0,0,0,0,0,0,0,0,0,0,0,0,0,0,0,0,0,0,0,0,0,0,0,0,0,0,0,0,0,0,0,0,0,0,0,0,0,0,0,0,0,0,0,0,0,0,0,0,0,0,0,0,0,0,0,0,0,0,0,0,0,0,0,0,0,0,0,0,0,0,0,0,0,0,0,0,0,0,0,0,0,0,0,0,0,0,0,0,0,0,0,0,0,0,0,0,0,0,0,0,0,0,0,0,0,0,0,0
2604,2970,3290,2925,3332,3825,3675,4592,4389,4644,5310,5358,5766,6336,6887,6402,6417,9184,10234,10375,11049,12638,12905,12848,15252,14841,15444,17820,19292,25092,23353,26040,27560,29400,32256,35872,52170,57984,69419,81039,93378,117972,147312,166936,196144,258669,331136,456768,499100,469800,442818,340858,201344,0,0,0,0,0,0,0,0,0,0,0,0,0,0,0,0,0,0,0,0,0,0,0,0,0,0,0,0,0,0,0,0,0,0,0,0,0,0,0,0,0,0,0,0,0,0,0,0,0,0,0,0,0,0,0,0,0,0,0,0,0,0,0,0,0,0,0,0,0,0,0,0,0,0,0,0,0,0,0,0,0,0,0,0,0,0,0,0,0,0,0,0,0,0,0,0,0,0,0,0,0,0,0,0,0,0,0,0,0,0,0,0,0,0,0,0,0,0,0,0,0,0,0,0,0,0,0,0,0,0,0,0,0,0,0,0,0,0,0,0,0,0,0,0,0,0,0,0,0,0,0,0,0,0,0,0,0,0,0,0,0,0,0,0,0,0,0,0,0,0,0,0,0,0,0,0,0,0,0,0,0,0,0,0,0,0,0,0,0,0,0,0,0,0,0,0,0,0,0,0,0,0,0,0,0,0,0,0,0,0,0,0,0,0,0,0,0,0,0,0,0,0,0,0,0,0,0,0,0,0,0,0,0,0,0,0,0,0,0,0,0,0,0,0,0,0,0
2800,3465,3285,3479,3496,3626,4104,4050,5400,6566,7452,7169,6336,7696,6435,7056,11392,12144,12103,11704,13950,14240,15604,18408,17201,19038,18802,24250,25654,27720,29670,31974,35190,59280,63755,76167,85511,104076,128913,167118,192390,235791,332633,443864,539749,587636,497707,412032,283504,0,0,0,0,0,0,0,0,0,0,0,0,0,0,0,0,0,0,0,0,0,0,0,0,0,0,0,0,0,0,0,0,0,0,0,0,0,0,0,0,0,0,0,0,0,0,0,0,0,0,0,0,0,0,0,0,0,0,0,0,0,0,0,0,0,0,0,0,0,0,0,0,0,0,0,0,0,0,0,0,0,0,0,0,0,0,0,0,0,0,0,0,0,0,0,0,0,0,0,0,0,0,0,0,0,0,0,0,0,0,0,0,0,0,0,0,0,0,0,0,0,0,0,0,0,0,0,0,0,0,0,0,0,0,0,0,0,0,0,0,0,0,0,0,0,0,0,0,0,0,0,0,0,0,0,0,0,0,0,0,0,0,0,0,0,0,0,0,0,0,0,0,0,0,0,0,0,0,0,0,0,0,0,0,0,0,0,0,0,0,0,0,0,0,0,0,0,0,0,0,0,0,0,0,0,0,0,0,0,0,0,0,0,0,0,0,0,0,0,0,0,0,0,0,0,0,0,0,0,0,0,0,0,0,0,0,0,0,0,0,0,0,0,0,0,0,0,0,0,0,0
3008,3185,2752,2709,4920,5040,5888,5310,5760,6916,6808,8004,7638,9652,8850,9272,15485,16275,17056,17712,20350,21390,23111,23954,28860,27664,32526,36456,47256,56355,65728,73129,87780,110592,134603,171303,203739,290880,388450,430348,450534,381234,322587,203632,0,0,0,0,0,0,0,0,0,0,0,0,0,0,0,0,0,0,0,0,0,0,0,0,0,0,0,0,0,0,0,0,0,0,0,0,0,0,0,0,0,0,0,0,0,0,0,0,0,0,0,0,0,0,0,0,0,0,0,0,0,0,0,0,0,0,0,0,0,0,0,0,0,0,0,0,0,0,0,0,0,0,0,0,0,0,0,0,0,0,0,0,0,0,0,0,0,0,0,0,0,0,0,0,0,0,0,0,0,0,0,0,0,0,0,0,0,0,0,0,0,0,0,0,0,0,0,0,0,0,0,0,0,0,0,0,0,0,0,0,0,0,0,0,0,0,0,0,0,0,0,0,0,0,0,0,0,0,0,0,0,0,0,0,0,0,0,0,0,0,0,0,0,0,0,0,0,0,0,0,0,0,0,0,0,0,0,0,0,0,0,0,0,0,0,0,0,0,0,0,0,0,0,0,0,0,0,0,0,0,0,0,0,0,0,0,0,0,0,0,0,0,0,0,0,0,0,0,0,0,0,0,0,0,0,0,0,0,0,0,0,0,0,0,0,0,0,0,0,0,0,0,0,0,0,0
3350,3519,6052,6510,6138,6956,6365,7178,7007,10472,10287,10320,16920,19448,19947,20300,23616,24428,26624,30498,32802,47600,50596,63176,74580,89586,105825,136922,177660,232208,328790,468376,532544,466264,431472,348492,158627,0,0,0,0,0,0,0,0,0,0,0,0,0,0,0,0,0,0,0,0,0,0,0,0,0,0,0,0,0,0,0,0,0,0,0,0,0,0,0,0,0,0,0,0,0,0,0,0,0,0,0,0,0,0,0,0,0,0,0,0,0,0,0,0,0,0,0,0,0,0,0,0,0,0,0,0,0,0,0,0,0,0,0,0,0,0,0,0,0,0,0,0,0,0,0,0,0,0,0,0,0,0,0,0,0,0,0,0,0,0,0,0,0,0,0,0,0,0,0,0,0,0,0,0,0,0,0,0,0,0,0,0,0,0,0,0,0,0,0,0,0,0,0,0,0,0,0,0,0,0,0,0,0,0,0,0,0,0,0,0,0,0,0,0,0,0,0,0,0,0,0,0,0,0,0,0,0,0,0,0,0,0,0,0,0,0,0,0,0,0,0,0,0,0,0,0,0,0,0,0,0,0,0,0,0,0,0,0,0,0,0,0,0,0,0,0,0,0,0,0,0,0,0,0,0,0,0,0,0,0,0,0,0,0,0,0,0,0,0,0,0,0,0,0,0,0,0,0,0,0,0,0,0,0,0,0,0,0,0,0,0,0,0
10788,10890,9976,11970,12555,13377,14155,15048,15132,13984,16116,16200,16524,17762,16536,18648,20340,20930,23560,22990,23247,22878,22066,22509,24768,24890,24960,27300,26595,28258,25669,33450,82745,84968,93696,100337,109848,110396,117045,128570,135900,136269,183024,159795,164983,179677,192052,201850,206088,236390,267399,295800,326700,354850,393782,443100,502830,537425,613000,693966,729005,734208,709113,711984,687140,641520,634203,609520,576828,560712,543402,491865,437346,383040,289935,210686,0,0,0,0,0,0,0,0,0,0,0,0,0,0,0,0,0,0,0,0,0,0,0,0,0,0,0,0,0,0,0,0,0,0,0,0,0,0,0,0,0,0,0,0,0,0,0,0,0,0,0,0,0,0,0,0,0,0,0,0,0,0,0,0,0,0,0,0,0,0,0,0,0,0,0,0,0,0,0,0,0,0,0,0,0,0,0,0,0,0,0,0,0,0,0,0,0,0,0,0,0,0,0,0,0,0,0,0,0,0,0,0,0,0,0,0,0,0,0,0,0,0,0,0,0,0,0,0,0,0,0,0,0,0,0,0,0,0,0,0,0,0,0,0,0,0,0,0,0,0,0,0,0,0,0,0,0,0,0,0,0,0,0,0,0,0,0,0,0,0,0,0,0,0,0,0,0,0,0,0,0,0,0,0,0,0,0,0,0,0,0,0,0,0,0,0,0,0,0,0,0,0,0,0,0,0,0,0,0,0,0,0,0,0,0,0,0,0,0,0,0,0,0,0
10492,10336,9360,9625,10260,11440,11760,11704,12600,13857,14508,16170,15642,16490,16102,16830,10412,16005,16366,17066,17680,18759,17496,18240,20227,20648,21344,22656,23188,22990,23814,24576,26600,26733,27800,86652,87808,100282,113078,119394,132714,139832,154866,166554,180928,185856,200540,213759,239008,277550,307800,334248,383471,446958,500268,560728,657666,739986,771487,772074,730953,719047,706260,680255,653484,602095,593488,569685,490530,414288,319020,218772,0,0,0,0,0,0,0,0,0,0,0,0,0,0,0,0,0,0,0,0,0,0,0,0,0,0,0,0,0,0,0,0,0,0,0,0,0,0,0,0,0,0,0,0,0,0,0,0,0,0,0,0,0,0,0,0,0,0,0,0,0,0,0,0,0,0,0,0,0,0,0,0,0,0,0,0,0,0,0,0,0,0,0,0,0,0,0,0,0,0,0,0,0,0,0,0,0,0,0,0,0,0,0,0,0,0,0,0,0,0,0,0,0,0,0,0,0,0,0,0,0,0,0,0,0,0,0,0,0,0,0,0,0,0,0,0,0,0,0,0,0,0,0,0,0,0,0,0,0,0,0,0,0,0,0,0,0,0,0,0,0,0,0,0,0,0,0,0,0,0,0,0,0,0,0,0,0,0,0,0,0,0,0,0,0,0,0,0,0,0,0,0,0,0,0,0,0,0,0,0,0,0,0,0,0,0,0,0,0,0,0,0,0,0,0,0,0,0,0,0,0,0,0,0,0,0,0,0
7198,8296,8228,8120,9920,10000,9576,13720,14014,13580,13860,14805,14248,13248,14100,14946,13386,14946,15984,15587,16206,15158,15660,16428,17595,17270,18204,19980,19024,17982,18204,21525,19264,20570,19152,19140,60098,75020,86901,92040,107199,115248,120796,121102,132712,202188,184621,284250,229295,296055,261842,300762,328048,367464,425905,482350,585684,673380,696465,701784,696466,692244,664083,645150,619288,621712,578795,538244,482949,421170,306891,206554,2046,3483,0,0,0,0,0,0,0,0,0,0,0,0,0,0,0,0,0,0,0,0,0,0,0,0,0,0,0,0,0,0,0,0,0,0,0,0,0,0,0,0,0,0,0,0,0,0,0,0,0,0,0,0,0,0,0,0,0,0,0,0,0,0,0,0,0,0,0,0,0,0,0,0,0,0,0,0,0,0,0,0,0,0,0,0,0,0,0,0,0,0,0,0,0,0,0,0,0,0,0,0,0,0,0,0,0,0,0,0,0,0,0,0,0,0,0,0,0,0,0,0,0,0,0,0,0,0,0,0,0,0,0,0,0,0,0,0,0,0,0,0,0,0,0,0,0,0,0,0,0,0,0,0,0,0,0,0,0,0,0,0,0,0,0,0,0,0,0,0,0,0,0,0,0,0,0,0,0,0,0,0,0,0,0,0,0,0,0,0,0,0,0,0,0,0,0,0,0,0,0,0,0,0,0,0,0,0,0,0,0,0,0,0,0,0,0,0,0,0,0,0,0,0,0,0,0,0
3713,3375,3312,7504,9438,10043,10200,9680,10508,9028,11392,11096,10944,11360,10988,12384,13158,13104,14904,16720,15770,15379,17500,16896,14742,16137,15778,17034,18421,18150,19722,20585,22200,22848,22815,24192,24960,24318,25728,25545,27522,27860,55836,84810,94221,96476,104606,106038,114165,124944,134976,181388,170471,172970,194928,209440,223266,262810,307134,334800,384453,449094,504114,585756,711420,780117,769700,749537,716874,708156,687735,648340,610722,591051,541348,458676,334112,222156,0,0,0,0,0,0,0,0,0,0,0,0,0,0,0,0,0,0,0,0,0,0,0,0,0,0,0,0,0,0,0,0,0,0,0,0,0,0,0,0,0,0,0,0,0,0,0,0,0,0,0,0,0,0,0,0,0,0,0,0,0,0,0,0,0,0,0,0,0,0,0,0,0,0,0,0,0,0,0,0,0,0,0,0,0,0,0,0,0,0,0,0,0,0,0,0,0,0,0,0,0,0,0,0,0,0,0,0,0,0,0,0,0,0,0,0,0,0,0,0,0,0,0,0,0,0,0,0,0,0,0,0,0,0,0,0,0,0,0,0,0,0,0,0,0,0,0,0,0,0,0,0,0,0,0,0,0,0,0,0,0,0,0,0,0,0,0,0,0,0,0,0,0,0,0,0,0,0,0,0,0,0,0,0,0,0,0,0,0,0,0,0,0,0,0,0,0,0,0,0,0,0,0,0,0,0,0,0,0,0,0,0,0,0,0,0,0,0,0,0,0,0
950,9243,8946,9825,10842,11583,12240,12768,13552,1794,15548,16055,11968,12702,2590,15345,14310,15390,15168,17098,16686,20384,20453,20720,22253,21528,21112,22570,25270,24638,26800,25800,25802,31889,83868,92520,101036,102600,112119,128180,132440,161020,157509,170868,186208,196746,216952,250488,289756,325064,365928,416944,491904,545334,671616,720336,717296,705076,688176,645008,636000,590520,568416,541356,474074,402990,287640,174243,0,0,0,0,0,0,0,0,0,0,0,0,0,0,0,0,0,0,0,0,0,0,0,0,0,0,0,0,0,0,0,0,0,0,0,0,0,0,0,0,0,0,0,0,0,0,0,0,0,0,0,0,0,0,0,0,0,0,0,0,0,0,0,0,0,0,0,0,0,0,0,0,0,0,0,0,0,0,0,0,0,0,0,0,0,0,0,0,0,0,0,0,0,0,0,0,0,0,0,0,0,0,0,0,0,0,0,0,0,0,0,0,0,0,0,0,0,0,0,0,0,0,0,0,0,0,0,0,0,0,0,0,0,0,0,0,0,0,0,0,0,0,0,0,0,0,0,0,0,0,0,0,0,0,0,0,0,0,0,0,0,0,0,0,0,0,0,0,0,0,0,0,0,0,0,0,0,0,0,0,0,0,0,0,0,0,0,0,0,0,0,0,0,0,0,0,0,0,0,0,0,0,0,0,0,0,0,0,0,0,0,0,0,0,0,0,0,0,0,0,0,0,0,0,0,0,0,0,0,0,0,0
3358,2419,2646,3060,2829,5264,3139,6864,6732,7452,6996,7992,7384,7452,7280,8701,9576,11180,12103,11790,11616,12635,12690,12540,12690,13300,14484,14484,15900,14602,12382,12000,20532,22692,23750,25414,25929,24180,25807,26331,26200,118604,154577,166940,175044,189210,216000,236123,271700,308877,344652,397152,467100,571545,642834,682708,674968,671350,641368,613880,586752,556920,520000,453654,380475,273728,0,0,0,0,0,0,0,0,0,0,0,0,0,0,0,0,0,0,0,0,0,0,0,0,0,0,0,0,0,0,0,0,0,0,0,0,0,0,0,0,0,0,0,0,0,0,0,0,0,0,0,0,0,0,0,0,0,0,0,0,0,0,0,0,0,0,0,0,0,0,0,0,0,0,0,0,0,0,0,0,0,0,0,0,0,0,0,0,0,0,0,0,0,0,0,0,0,0,0,0,0,0,0,0,0,0,0,0,0,0,0,0,0,0,0,0,0,0,0,0,0,0,0,0,0,0,0,0,0,0,0,0,0,0,0,0,0,0,0,0,0,0,0,0,0,0,0,0,0,0,0,0,0,0,0,0,0,0,0,0,0,0,0,0,0,0,0,0,0,0,0,0,0,0,0,0,0,0,0,0,0,0,0,0,0,0,0,0,0,0,0,0,0,0,0,0,0,0,0,0,0,0,0,0,0,0,0,0,0,0,0,0,0,0,0,0,0,0,0,0,0,0,0,0,0,0,0,0,0,0,0,0,0,0
1798,1984,6496,5830,5400,5194,5238,6270,9490,9000,10000,9801,9150,10353,12672,13860,13152,14342,14484,14523,14178,14140,14456,14076,15194,15158,14840,15228,15370,15984,17967,18040,18900,19824,20905,18792,19754,18354,18400,20740,2210,17655,22388,2701,26334,27945,2844,3159,53382,61004,65600,61694,74260,79856,91168,104225,108466,120498,176080,128612,183915,194688,194565,264495,278202,346093,312570,350896,412566,486087,589260,710220,753512,735000,715408,698632,660976,678988,637572,611184,551908,437751,317988,175665,6500,5830,6555,6670,6384,5994,3741,5916,6018,7865,8232,0,0,0,0,0,0,0,0,0,0,0,0,0,0,0,0,0,0,0,0,0,0,0,0,0,0,0,0,0,0,0,0,0,0,0,0,0,0,0,0,0,0,0,0,0,0,0,0,0,0,0,0,0,0,0,0,0,0,0,0,0,0,0,0,0,0,0,0,0,0,0,0,0,0,0,0,0,0,0,0,0,0,0,0,0,0,0,0,0,0,0,0,0,0,0,0,0,0,0,0,0,0,0,0,0,0,0,0,0,0,0,0,0,0,0,0,0,0,0,0,0,0,0,0,0,0,0,0,0,0,0,0,0,0,0,0,0,0,0,0,0,0,0,0,0,0,0,0,0,0,0,0,0,0,0,0,0,0,0,0,0,0,0,0,0,0,0,0,0,0,0,0,0,0,0,0,0,0,0,0,0,0,0,0,0,0,0,0,0,0,0,0,0,0,0,0,0,0,0,0,0,0,0,0,0
1904,2052,2196,2204,2379,2501,2881,2881,2924,3010,2924,3015,2898,3128,2992,3240,3358,3225,4056,8547,9120,9006,9996,9006,7881,10320,10200,9462,9396,10092,10856,10472,10591,11000,11811,11000,12730,14805,12649,14832,15900,16983,15035,17316,18644,21027,23140,28290,28764,27072,73367,77064,101016,113664,134091,139314,161115,170368,187904,208104,247652,295232,342726,387090,452154,542595,675024,784455,777843,762058,722260,708945,702999,669123,640584,563539,429110,284894,0,0,0,0,0,0,0,0,0,0,0,0,0,0,0,0,0,0,0,0,0,0,0,0,0,0,0,0,0,0,0,0,0,0,0,0,0,0,0,0,0,0,0,0,0,0,0,0,0,0,0,0,0,0,0,0,0,0,0,0,0,0,0,0,0,0,0,0,0,0,0,0,0,0,0,0,0,0,0,0,0,0,0,0,0,0,0,0,0,0,0,0,0,0,0,0,0,0,0,0,0,0,0,0,0,0,0,0,0,0,0,0,0,0,0,0,0,0,0,0,0,0,0,0,0,0,0,0,0,0,0,0,0,0,0,0,0,0,0,0,0,0,0,0,0,0,0,0,0,0,0,0,0,0,0,0,0,0,0,0,0,0,0,0,0,0,0,0,0,0,0,0,0,0,0,0,0,0,0,0,0,0,0,0,0,0,0,0,0,0,0,0,0,0,0,0,0,0,0,0,0,0,0,0,0,0,0,0,0,0,0,0,0,0,0,0,0,0,0,0,0,0
12410,14938,15980,15360,17596,18404,19224,22113,21735,26855,24552,27984,26260,32562,33040,51985,63504,70941,76612,91718,101598,98456,110275,115785,124548,155672,171080,191952,214682,225888,262480,288972,337652,371070,370994,378159,381312,373257,314148,287100,233833,199420,147620,0,0,0,0,0,0,0,0,0,0,0,0,0,0,0,0,0,0,0,0,0,0,0,0,0,0,0,0,0,0,0,0,0,0,0,0,0,0,0,0,0,0,0,0,0,0,0,0,0,0,0,0,0,0,0,0,0,0,0,0,0,0,0,0,0,0,0,0,0,0,0,0,0,0,0,0,0,0,0,0,0,0,0,0,0,0,0,0,0,0,0,0,0,0,0,0,0,0,0,0,0,0,0,0,0,0,0,0,0,0,0,0,0,0,0,0,0,0,0,0,0,0,0,0,0,0,0,0,0,0,0,0,0,0,0,0,0,0,0,0,0,0,0,0,0,0,0,0,0,0,0,0,0,0,0,0,0,0,0,0,0,0,0,0,0,0,0,0,0,0,0,0,0,0,0,0,0,0,0,0,0,0,0,0,0,0,0,0,0,0,0,0,0,0,0,0,0,0,0,0,0,0,0,0,0,0,0,0,0,0,0,0,0,0,0,0,0,0,0,0,0,0,0,0,0,0,0,0,0,0,0,0,0,0,0,0,0,0,0,0,0,0,0,0,0,0,0,0,0,0,0,0,0,0,0,0,0
2508,3149,2970,2665,2881,3950,3825,4428,4536,5220,4760,4081,7920,9072,9213,9020,10148,10591,9976,10560,10266,9605,9153,8658,10043,11481,11088,11571,11371,11592,14800,19680,20500,21250,21328,23318,26724,23616,24890,25208,73248,76380,102480,134160,168592,162097,167464,199290,220524,261648,314405,369984,434889,514471,650349,773280,755040,742624,714132,689265,667550,615864,578825,481023,319998,0,0,0,0,0,0,0,0,0,0,0,0,0,0,0,0,0,0,0,0,0,0,0,0,0,0,0,0,0,0,0,0,0,0,0,0,0,0,0,0,0,0,0,0,0,0,0,0,0,0,0,0,0,0,0,0,0,0,0,0,0,0,0,0,0,0,0,0,0,0,0,0,0,0,0,0,0,0,0,0,0,0,0,0,0,0,0,0,0,0,0,0,0,0,0,0,0,0,0,0,0,0,0,0,0,0,0,0,0,0,0,0,0,0,0,0,0,0,0,0,0,0,0,0,0,0,0,0,0,0,0,0,0,0,0,0,0,0,0,0,0,0,0,0,0,0,0,0,0,0,0,0,0,0,0,0,0,0,0,0,0,0,0,0,0,0,0,0,0,0,0,0,0,0,0,0,0,0,0,0,0,0,0,0,0,0,0,0,0,0,0,0,0,0,0,0,0,0,0,0,0,0,0,0,0,0,0,0,0,0,0,0,0,0,0,0,0,0,0,0,0,0,0,0,0,0,0,0,0,0,0,0,0,0,0
2829,2993,6363,7957,7280,9048,8970,10530,10625,10668,10790,11352,10965,11968,1680,9956,11583,14378,14440,16068,16692,17066,17914,16892,19372,19942,23370,25125,20650,25088,28462,28462,30498,86210,102800,113007,114840,128652,161670,162846,180687,209236,253110,312612,356353,411458,480066,510772,539350,499086,481988,388446,342881,287316,219198,0,0,0,0,0,0,0,0,0,0,0,0,0,0,0,0,0,0,0,0,0,0,0,0,0,0,0,0,0,0,0,0,0,0,0,0,0,0,0,0,0,0,0,0,0,0,0,0,0,0,0,0,0,0,0,0,0,0,0,0,0,0,0,0,0,0,0,0,0,0,0,0,0,0,0,0,0,0,0,0,0,0,0,0,0,0,0,0,0,0,0,0,0,0,0,0,0,0,0,0,0,0,0,0,0,0,0,0,0,0,0,0,0,0,0,0,0,0,0,0,0,0,0,0,0,0,0,0,0,0,0,0,0,0,0,0,0,0,0,0,0,0,0,0,0,0,0,0,0,0,0,0,0,0,0,0,0,0,0,0,0,0,0,0,0,0,0,0,0,0,0,0,0,0,0,0,0,0,0,0,0,0,0,0,0,0,0,0,0,0,0,0,0,0,0,0,0,0,0,0,0,0,0,0,0,0,0,0,0,0,0,0,0,0,0,0,0,0,0,0,0,0,0,0,0,0,0,0,0,0,0,0,0,0,0,0,0,0,0,0,0,0,0,0,0
2340,2728,2262,2730,2665,3479,4134,4730,3196,6936,6798,6363,6695,6930,7560,8470,8640,10578,11904,11466,12090,11792,11371,11537,12615,11440,21840,24318,25146,25527,25216,24192,95665,108006,117900,134466,164008,176302,207196,226480,279642,331660,395640,491512,611447,655816,650880,621585,566984,543204,478200,380347,241299,0,0,0,0,0,0,0,0,0,0,0,0,0,0,0,0,0,0,0,0,0,0,0,0,0,0,0,0,0,0,0,0,0,0,0,0,0,0,0,0,0,0,0,0,0,0,0,0,0,0,0,0,0,0,0,0,0,0,0,0,0,0,0,0,0,0,0,0,0,0,0,0,0,0,0,0,0,0,0,0,0,0,0,0,0,0,0,0,0,0,0,0,0,0,0,0,0,0,0,0,0,0,0,0,0,0,0,0,0,0,0,0,0,0,0,0,0,0,0,0,0,0,0,0,0,0,0,0,0,0,0,0,0,0,0,0,0,0,0,0,0,0,0,0,0,0,0,0,0,0,0,0,0,0,0,0,0,0,0,0,0,0,0,0,0,0,0,0,0,0,0,0,0,0,0,0,0,0,0,0,0,0,0,0,0,0,0,0,0,0,0,0,0,0,0,0,0,0,0,0,0,0,0,0,0,0,0,0,0,0,0,0,0,0,0,0,0,0,0,0,0,0,0,0,0,0,0,0,0,0,0,0,0,0,0,0,0,0,0,0,0,0,0,0,0,0,0
5394,6174,6272,9638,9676,9882,9882,10126,9600,11000,10922,11921,11921,12901,12648,12240,17127,17850,19425,21160,21538,21358,22875,24684,24628,25400,87220,106470,114285,129467,151662,167660,175941,197258,231267,290864,352112,421848,552568,590820,610141,570222,514040,489375,435456,340782,214800,0,0,0,0,0,0,0,0,0,0,0,0,0,0,0,0,0,0,0,0,0,0,0,0,0,0,0,0,0,0,0,0,0,0,0,0,0,0,0,0,0,0,0,0,0,0,0,0,0,0,0,0,0,0,0,0,0,0,0,0,0,0,0,0,0,0,0,0,0,0,0,0,0,0,0,0,0,0,0,0,0,0,0,0,0,0,0,0,0,0,0,0,0,0,0,0,0,0,0,0,0,0,0,0,0,0,0,0,0,0,0,0,0,0,0,0,0,0,0,0,0,0,0,0,0,0,0,0,0,0,0,0,0,0,0,0,0,0,0,0,0,0,0,0,0,0,0,0,0,0,0,0,0,0,0,0,0,0,0,0,0,0,0,0,0,0,0,0,0,0,0,0,0,0,0,0,0,0,0,0,0,0,0,0,0,0,0,0,0,0,0,0,0,0,0,0,0,0,0,0,0,0,0,0,0,0,0,0,0,0,0,0,0,0,0,0,0,0,0,0,0,0,0,0,0,0,0,0,0,0,0,0,0,0,0,0,0,0,0,0,0,0,0,0,0,0,0,0,0,0,0,0,0
1800,2046,2301,2967,3358,3195,2904,7072,6400,5544,8136,8584,10234,10624,10332,10527,10836,10824,12032,11481,12784,13563,12780,19140,24644,23436,24318,25740,25220,80968,96360,110600,119364,140261,166650,180009,190608,236601,291870,348102,434688,541440,601144,614383,552311,534261,469944,405263,281996,2220,2409,2380,0,0,0,0,0,0,0,0,0,0,0,0,0,0,0,0,0,0,0,0,0,0,0,0,0,0,0,0,0,0,0,0,0,0,0,0,0,0,0,0,0,0,0,0,0,0,0,0,0,0,0,0,0,0,0,0,0,0,0,0,0,0,0,0,0,0,0,0,0,0,0,0,0,0,0,0,0,0,0,0,0,0,0,0,0,0,0,0,0,0,0,0,0,0,0,0,0,0,0,0,0,0,0,0,0,0,0,0,0,0,0,0,0,0,0,0,0,0,0,0,0,0,0,0,0,0,0,0,0,0,0,0,0,0,0,0,0,0,0,0,0,0,0,0,0,0,0,0,0,0,0,0,0,0,0,0,0,0,0,0,0,0,0,0,0,0,0,0,0,0,0,0,0,0,0,0,0,0,0,0,0,0,0,0,0,0,0,0,0,0,0,0,0,0,0,0,0,0,0,0,0,0,0,0,0,0,0,0,0,0,0,0,0,0,0,0,0,0,0,0,0,0,0,0,0,0,0,0,0,0,0,0,0,0,0,0,0,0,0,0,0,0,0,0,0,0,0,0
6732,6435,5510,6624,8160,9047,10502,12125,12036,11562,12870,13563,14300,13320,16766,20355,22022,24000,25155,25740,25870,103972,109056,170221,173215,202554,217500,274730,336660,418095,532743,618532,639324,614328,553535,533632,453243,304776,160884,0,0,0,0,0,0,0,0,0,0,0,0,0,0,0,0,0,0,0,0,0,0,0,0,0,0,0,0,0,0,0,0,0,0,0,0,0,0,0,0,0,0,0,0,0,0,0,0,0,0,0,0,0,0,0,0,0,0,0,0,0,0,0,0,0,0,0,0,0,0,0,0,0,0,0,0,0,0,0,0,0,0,0,0,0,0,0,0,0,0,0,0,0,0,0,0,0,0,0,0,0,0,0,0,0,0,0,0,0,0,0,0,0,0,0,0,0,0,0,0,0,0,0,0,0,0,0,0,0,0,0,0,0,0,0,0,0,0,0,0,0,0,0,0,0,0,0,0,0,0,0,0,0,0,0,0,0,0,0,0,0,0,0,0,0,0,0,0,0,0,0,0,0,0,0,0,0,0,0,0,0,0,0,0,0,0,0,0,0,0,0,0,0,0,0,0,0,0,0,0,0,0,0,0,0,0,0,0,0,0,0,0,0,0,0,0,0,0,0,0,0,0,0,0,0,0,0,0,0,0,0,0,0,0,0,0,0,0,0,0,0,0,0,0,0,0,0,0,0,0,0,0,0,0,0,0,0,0,0,0,0
6649,7345,7705,7752,7437,7232,7006,7410,9471,9856,11560,11868,13630,12740,14454,14454,14456,15943,16218,17544,21177,22568,24750,25019,26400,27800,62713,70970,82174,103863,124384,151686,167608,181984,219037,291040,350286,461923,580060,748132,787152,722462,691250,630336,555303,361240,0,0,0,0,0,0,0,0,0,0,0,0,0,0,0,0,0,0,0,0,0,0,0,0,0,0,0,0,0,0,0,0,0,0,0,0,0,0,0,0,0,0,0,0,0,0,0,0,0,0,0,0,0,0,0,0,0,0,0,0,0,0,0,0,0,0,0,0,0,0,0,0,0,0,0,0,0,0,0,0,0,0,0,0,0,0,0,0,0,0,0,0,0,0,0,0,0,0,0,0,0,0,0,0,0,0,0,0,0,0,0,0,0,0,0,0,0,0,0,0,0,0,0,0,0,0,0,0,0,0,0,0,0,0,0,0,0,0,0,0,0,0,0,0,0,0,0,0,0,0,0,0,0,0,0,0,0,0,0,0,0,0,0,0,0,0,0,0,0,0,0,0,0,0,0,0,0,0,0,0,0,0,0,0,0,0,0,0,0,0,0,0,0,0,0,0,0,0,0,0,0,0,0,0,0,0,0,0,0,0,0,0,0,0,0,0,0,0,0,0,0,0,0,0,0,0,0,0,0,0,0,0,0,0,0,0,0,0,0,0,0,0,0,0,0,0,0,0,0,0,0,0,0,0
6264,7020,7540,7182,7497,8540,8750,9855,10395,10764,11786,12410,12441,12584,13050,13350,14994,14994,14352,18025,22080,24552,26866,28764,28665,59160,67716,75114,89391,102489,121009,132912,173160,187968,225621,293706,375173,487845,640460,793454,758205,726960,661650,590276,451773,0,0,0,0,0,0,0,0,0,0,0,0,0,0,0,0,0,0,0,0,0,0,0,0,0,0,0,0,0,0,0,0,0,0,0,0,0,0,0,0,0,0,0,0,0,0,0,0,0,0,0,0,0,0,0,0,0,0,0,0,0,0,0,0,0,0,0,0,0,0,0,0,0,0,0,0,0,0,0,0,0,0,0,0,0,0,0,0,0,0,0,0,0,0,0,0,0,0,0,0,0,0,0,0,0,0,0,0,0,0,0,0,0,0,0,0,0,0,0,0,0,0,0,0,0,0,0,0,0,0,0,0,0,0,0,0,0,0,0,0,0,0,0,0,0,0,0,0,0,0,0,0,0,0,0,0,0,0,0,0,0,0,0,0,0,0,0,0,0,0,0,0,0,0,0,0,0,0,0,0,0,0,0,0,0,0,0,0,0,0,0,0,0,0,0,0,0,0,0,0,0,0,0,0,0,0,0,0,0,0,0,0,0,0,0,0,0,0,0,0,0,0,0,0,0,0,0,0,0,0,0,0,0,0,0,0,0,0,0,0,0,0,0,0,0,0,0,0,0,0,0,0,0,0,0
6758,7820,7168,7797,8540,7888,9176,10742,11122,12354,12180,12420,13348,13677,14700,15656,15386,16268,17368,23188,25220,26532,65830,77850,93744,108030,128652,174903,172368,211068,270684,361475,460040,604800,744640,727056,653600,599896,511588,310440,0,0,0,0,0,0,0,0,0,0,0,0,0,0,0,0,0,0,0,0,0,0,0,0,0,0,0,0,0,0,0,0,0,0,0,0,0,0,0,0,0,0,0,0,0,0,0,0,0,0,0,0,0,0,0,0,0,0,0,0,0,0,0,0,0,0,0,0,0,0,0,0,0,0,0,0,0,0,0,0,0,0,0,0,0,0,0,0,0,0,0,0,0,0,0,0,0,0,0,0,0,0,0,0,0,0,0,0,0,0,0,0,0,0,0,0,0,0,0,0,0,0,0,0,0,0,0,0,0,0,0,0,0,0,0,0,0,0,0,0,0,0,0,0,0,0,0,0,0,0,0,0,0,0,0,0,0,0,0,0,0,0,0,0,0,0,0,0,0,0,0,0,0,0,0,0,0,0,0,0,0,0,0,0,0,0,0,0,0,0,0,0,0,0,0,0,0,0,0,0,0,0,0,0,0,0,0,0,0,0,0,0,0,0,0,0,0,0,0,0,0,0,0,0,0,0,0,0,0,0,0,0,0,0,0,0,0,0,0,0,0,0,0,0,0,0,0,0,0,0,0,0,0,0,0,0,0,0,0,0
5856,6195,7475,8496,8892,9401,9760,10125,10795,11220,12831,13965,13300,14162,14652,14892,16632,19367,19008,26928,28905,66660,73746,82000,98888,114049,128956,166952,183388,239370,313728,401764,548244,755229,812912,732986,709865,645216,501476,233840,0,0,0,0,0,0,0,0,0,0,0,0,0,0,0,0,0,0,0,0,0,0,0,0,0,0,0,0,0,0,0,0,0,0,0,0,0,0,0,0,0,0,0,0,0,0,0,0,0,0,0,0,0,0,0,0,0,0,0,0,0,0,0,0,0,0,0,0,0,0,0,0,0,0,0,0,0,0,0,0,0,0,0,0,0,0,0,0,0,0,0,0,0,0,0,0,0,0,0,0,0,0,0,0,0,0,0,0,0,0,0,0,0,0,0,0,0,0,0,0,0,0,0,0,0,0,0,0,0,0,0,0,0,0,0,0,0,0,0,0,0,0,0,0,0,0,0,0,0,0,0,0,0,0,0,0,0,0,0,0,0,0,0,0,0,0,0,0,0,0,0,0,0,0,0,0,0,0,0,0,0,0,0,0,0,0,0,0,0,0,0,0,0,0,0,0,0,0,0,0,0,0,0,0,0,0,0,0,0,0,0,0,0,0,0,0,0,0,0,0,0,0,0,0,0,0,0,0,0,0,0,0,0,0,0,0,0,0,0,0,0,0,0,0,0,0,0,0,0,0,0,0,0,0,0,0,0,0,0,0
10920,12445,11352,11583,13410,14647,13416,14508,19372,22784,25152,29835,30800,64988,78624,90885,106752,189300,173558,190300,223820,289710,381128,496451,716524,805467,750470,702552,646280,476437,0,0,0,0,0,0,0,0,0,0,0,0,0,0,0,0,0,0,0,0,0,0,0,0,0,0,0,0,0,0,0,0,0,0,0,0,0,0,0,0,0,0,0,0,0,0,0,0,0,0,0,0,0,0,0,0,0,0,0,0,0,0,0,0,0,0,0,0,0,0,0,0,0,0,0,0,0,0,0,0,0,0,0,0,0,0,0,0,0,0,0,0,0,0,0,0,0,0,0,0,0,0,0,0,0,0,0,0,0,0,0,0,0,0,0,0,0,0,0,0,0,0,0,0,0,0,0,0,0,0,0,0,0,0,0,0,0,0,0,0,0,0,0,0,0,0,0,0,0,0,0,0,0,0,0,0,0,0,0,0,0,0,0,0,0,0,0,0,0,0,0,0,0,0,0,0,0,0,0,0,0,0,0,0,0,0,0,0,0,0,0,0,0,0,0,0,0,0,0,0,0,0,0,0,0,0,0,0,0,0,0,0,0,0,0,0,0,0,0,0,0,0,0,0,0,0,0,0,0,0,0,0,0,0,0,0,0,0,0,0,0,0,0,0,0,0,0,0,0,0,0,0,0,0,0,0,0,0,0,0,0,0,0,0,0,0,0,0,0,0
9348,9360,9317,9559,12513,12192,13818,13622,14100,14601,16362,21924,20584,23920,25650,54252,62208,82216,97785,114072,189864,180348,211841,262283,350170,454528,679714,848691,811080,743768,745535,625605,323505,0,0,0,0,0,0,0,0,0,0,0,0,0,0,0,0,0,0,0,0,0,0,0,0,0,0,0,0,0,0,0,0,0,0,0,0,0,0,0,0,0,0,0,0,0,0,0,0,0,0,0,0,0,0,0,0,0,0,0,0,0,0,0,0,0,0,0,0,0,0,0,0,0,0,0,0,0,0,0,0,0,0,0,0,0,0,0,0,0,0,0,0,0,0,0,0,0,0,0,0,0,0,0,0,0,0,0,0,0,0,0,0,0,0,0,0,0,0,0,0,0,0,0,0,0,0,0,0,0,0,0,0,0,0,0,0,0,0,0,0,0,0,0,0,0,0,0,0,0,0,0,0,0,0,0,0,0,0,0,0,0,0,0,0,0,0,0,0,0,0,0,0,0,0,0,0,0,0,0,0,0,0,0,0,0,0,0,0,0,0,0,0,0,0,0,0,0,0,0,0,0,0,0,0,0,0,0,0,0,0,0,0,0,0,0,0,0,0,0,0,0,0,0,0,0,0,0,0,0,0,0,0,0,0,0,0,0,0,0,0,0,0,0,0,0,0,0,0,0,0,0,0,0,0,0,0,0,0,0,0,0,0,0,0,0,0,0
11011,11528,9108,11480,11520,11232,10640,22320,24440,27885,69930,81360,96889,115311,214286,183366,207018,254696,344817,459648,674820,805896,776713,732600,676600,491499,0,0,0,0,0,0,0,0,0,0,0,0,0,0,0,0,0,0,0,0,0,0,0,0,0,0,0,0,0,0,0,0,0,0,0,0,0,0,0,0,0,0,0,0,0,0,0,0,0,0,0,0,0,0,0,0,0,0,0,0,0,0,0,0,0,0,0,0,0,0,0,0,0,0,0,0,0,0,0,0,0,0,0,0,0,0,0,0,0,0,0,0,0,0,0,0,0,0,0,0,0,0,0,0,0,0,0,0,0,0,0,0,0,0,0,0,0,0,0,0,0,0,0,0,0,0,0,0,0,0,0,0,0,0,0,0,0,0,0,0,0,0,0,0,0,0,0,0,0,0,0,0,0,0,0,0,0,0,0,0,0,0,0,0,0,0,0,0,0,0,0,0,0,0,0,0,0,0,0,0,0,0,0,0,0,0,0,0,0,0,0,0,0,0,0,0,0,0,0,0,0,0,0,0,0,0,0,0,0,0,0,0,0,0,0,0,0,0,0,0,0,0,0,0,0,0,0,0,0,0,0,0,0,0,0,0,0,0,0,0,0,0,0,0,0,0,0,0,0,0,0,0,0,0,0,0,0,0,0,0,0,0,0,0,0,0,0,0,0,0,0,0,0,0
7169,10500,12638,13340,15288,15453,16160,13515,18690,22156,20292,23058,23625,60065,77180,90480,111035,123488,185298,246132,319290,430214,600288,654033,624402,491112,412091,241920,0,0,0,0,0,0,0,0,0,0,0,0,0,0,0,0,0,0,0,0,0,0,0,0,0,0,0,0,0,0,0,0,0,0,0,0,0,0,0,0,0,0,0,0,0,0,0,0,0,0,0,0,0,0,0,0,0,0,0,0,0,0,0,0,0,0,0,0,0,0,0,0,0,0,0,0,0,0,0,0,0,0,0,0,0,0,0,0,0,0,0,0,0,0,0,0,0,0,0,0,0,0,0,0,0,0,0,0,0,0,0,0,0,0,0,0,0,0,0,0,0,0,0,0,0,0,0,0,0,0,0,0,0,0,0,0,0,0,0,0,0,0,0,0,0,0,0,0,0,0,0,0,0,0,0,0,0,0,0,0,0,0,0,0,0,0,0,0,0,0,0,0,0,0,0,0,0,0,0,0,0,0,0,0,0,0,0,0,0,0,0,0,0,0,0,0,0,0,0,0,0,0,0,0,0,0,0,0,0,0,0,0,0,0,0,0,0,0,0,0,0,0,0,0,0,0,0,0,0,0,0,0,0,0,0,0,0,0,0,0,0,0,0,0,0,0,0,0,0,0,0,0,0,0,0,0,0,0,0,0,0,0,0,0,0,0,0,0,0,0,0,0
15207,15985,15510,13630,14288,16728,16867,15810,19722,26578,27531,85806,106920,129766,164171,184481,233872,315202,428142,522536,523362,473652,365484,280839,0,0,0,0,0,0,0,0,0,0,0,0,0,0,0,0,0,0,0,0,0,0,0,0,0,0,0,0,0,0,0,0,0,0,0,0,0,0,0,0,0,0,0,0,0,0,0,0,0,0,0,0,0,0,0,0,0,0,0,0,0,0,0,0,0,0,0,0,0,0,0,0,0,0,0,0,0,0,0,0,0,0,0,0,0,0,0,0,0,0,0,0,0,0,0,0,0,0,0,0,0,0,0,0,0,0,0,0,0,0,0,0,0,0,0,0,0,0,0,0,0,0,0,0,0,0,0,0,0,0,0,0,0,0,0,0,0,0,0,0,0,0,0,0,0,0,0,0,0,0,0,0,0,0,0,0,0,0,0,0,0,0,0,0,0,0,0,0,0,0,0,0,0,0,0,0,0,0,0,0,0,0,0,0,0,0,0,0,0,0,0,0,0,0,0,0,0,0,0,0,0,0,0,0,0,0,0,0,0,0,0,0,0,0,0,0,0,0,0,0,0,0,0,0,0,0,0,0,0,0,0,0,0,0,0,0,0,0,0,0,0,0,0,0,0,0,0,0,0,0,0,0,0,0,0,0,0,0,0,0,0,0,0,0,0,0,0,0,0,0,0,0,0,0,0,0
16124,16302,16912,16350,17270,27797,66982,77861,101490,117860,134190,176302,216713,308580,412585,570246,600813,537225,469642,355408,153594,0,0,0,0,0,0,0,0,0,0,0,0,0,0,0,0,0,0,0,0,0,0,0,0,0,0,0,0,0,0,0,0,0,0,0,0,0,0,0,0,0,0,0,0,0,0,0,0,0,0,0,0,0,0,0,0,0,0,0,0,0,0,0,0,0,0,0,0,0,0,0,0,0,0,0,0,0,0,0,0,0,0,0,0,0,0,0,0,0,0,0,0,0,0,0,0,0,0,0,0,0,0,0,0,0,0,0,0,0,0,0,0,0,0,0,0,0,0,0,0,0,0,0,0,0,0,0,0,0,0,0,0,0,0,0,0,0,0,0,0,0,0,0,0,0,0,0,0,0,0,0,0,0,0,0,0,0,0,0,0,0,0,0,0,0,0,0,0,0,0,0,0,0,0,0,0,0,0,0,0,0,0,0,0,0,0,0,0,0,0,0,0,0,0,0,0,0,0,0,0,0,0,0,0,0,0,0,0,0,0,0,0,0,0,0,0,0,0,0,0,0,0,0,0,0,0,0,0,0,0,0,0,0,0,0,0,0,0,0,0,0,0,0,0,0,0,0,0,0,0,0,0,0,0,0,0,0,0,0,0,0,0,0,0,0,0,0,0,0,0,0,0,0,0,0,0,0,0,0
13375,13440,13650,12690,13585,13795,16393,16236,25283,26543,81892,94570,115640,157368,179024,230488,323232,461910,544621,578150,438592,355154,1782,1995,2124,2220,4416,4370,4656,4998,5508,4944,5100,2920,3159,2888,3458,3572,2835,3182,3690,3560,3690,3690,3034,3403,3444,3159,2960,3081,1798,1593,1798,1792,2065,1914,1984,1829,1682,1596,1595,1652,0,0,0,0,0,0,0,0,0,0,0,0,0,0,0,0,0,0,0,0,0,0,0,0,0,0,0,0,0,0,0,0,0,0,0,0,0,0,0,0,0,0,0,0,0,0,0,0,0,0,0,0,0,0,0,0,0,0,0,0,0,0,0,0,0,0,0,0,0,0,0,0,0,0,0,0,0,0,0,0,0,0,0,0,0,0,0,0,0,0,0,0,0,0,0,0,0,0,0,0,0,0,0,0,0,0,0,0,0,0,0,0,0,0,0,0,0,0,0,0,0,0,0,0,0,0,0,0,0,0,0,0,0,0,0,0,0,0,0,0,0,0,0,0,0,0,0,0,0,0,0,0,0,0,0,0,0,0,0,0,0,0,0,0,0,0,0,0,0,0,0,0,0,0,0,0,0,0,0,0,0,0,0,0,0,0,0,0,0,0,0,0,0,0,0,0,0,0,0,0,0,0,0,0,0,0,0,0,0,0,0,0,0,0,0,0,0,0,0,0,0,0,0,0,0,0,0,0,0,0,0,0,0,0,0,0,0,0
2035,2109,2356,2688,2709,2728,2709,2562,2440,2560,2560,2496,2596,2646,2967,2870,3096,3195,3384,3600,4732,4876,4929,5022,5280,5194,7128,8250,12600,11700,11570,12150,12445,12558,12878,12788,13254,14194,14652,14601,13764,15360,15402,16744,17710,18315,19888,19264,19665,19600,21204,21505,21505,22755,23052,25134,25252,21156,24765,23985,24890,26733,26331,27202,30173,29240,29025,28140,29729,30885,32996,36150,50292,52324,58265,59400,62272,63900,66220,78324,79950,77197,78084,85407,92880,100346,102330,108800,118582,124818,129900,131760,158500,171072,178890,193460,200784,218160,231633,245882,275946,302596,345948,391960,442015,486150,542624,640640,711846,749735,830060,837005,848229,827826,814320,815384,787520,737490,698647,681795,576608,484554,380997,0,0,0,0,0,0,0,0,0,0,0,0,0,0,0,0,0,0,0,0,0,0,0,0,0,0,0,0,0,0,0,0,0,0,0,0,0,0,0,0,0,0,0,0,0,0,0,0,0,0,0,0,0,0,0,0,0,0,0,0,0,0,0,0,0,0,0,0,0,0,0,0,0,0,0,0,0,0,0,0,0,0,0,0,0,0,0,0,0,0,0,0,0,0,0,0,0,0,0,0,0,0,0,0,0,0,0,0,0,0,0,0,0,0,0,0,0,0,0,0,0,0,0,0,0,0,0,0,0,0,0,0,0,0,0,0,0,0,0,0,0,0,0,0,0,0,0,0,0,0,0,0,0,0,0,0,0,0,0,0,0,0,0,0,0,0,0,0,0,0,0,0,0,0,0,0,0
5096,5292,6278,6000,6100,6000,6272,5742,5820,5856,6283,6180,5782,6771,6868,7616,7910,7519,8176,8475,9317,9322,9840,8816,10332,9796,10332,10480,11152,11970,4472,12768,15810,14725,14065,15402,14550,14652,16536,18258,19758,20048,20996,20748,22440,19380,21894,25472,27064,28994,28560,32634,32802,34602,23691,25594,26390,30056,28575,27178,51657,54648,56156,58800,61411,63332,68704,75840,77836,80934,87330,86901,83486,94350,97573,101840,111908,123640,146412,154025,159537,170316,180348,190205,204835,224181,246721,275930,319074,357126,400801,454152,516936,549644,644004,665999,700940,801146,808344,784944,780416,780780,738296,672370,664196,583050,491310,421356,296897,0,0,0,0,0,0,0,0,0,0,0,0,0,0,0,0,0,0,0,0,0,0,0,0,0,0,0,0,0,0,0,0,0,0,0,0,0,0,0,0,0,0,0,0,0,0,0,0,0,0,0,0,0,0,0,0,0,0,0,0,0,0,0,0,0,0,0,0,0,0,0,0,0,0,0,0,0,0,0,0,0,0,0,0,0,0,0,0,0,0,0,0,0,0,0,0,0,0,0,0,0,0,0,0,0,0,0,0,0,0,0,0,0,0,0,0,0,0,0,0,0,0,0,0,0,0,0,0,0,0,0,0,0,0,0,0,0,0,0,0,0,0,0,0,0,0,0,0,0,0,0,0,0,0,0,0,0,0,0,0,0,0,0,0,0,0,0,0,0,0,0,0,0,0,0,0,0,0,0,0,0,0,0,0,0,0,0,0,0,0,0
2079,1984,1888,1736,1650,1798,1705,1767,1736,1560,1479,1479,1643,1815,1815,2109,2432,2432,2457,2052,1848,1674,1620,1736,1643,1612,1824,2065,2240,2275,2178,2278,2380,2553,2516,2442,2546,2432,2268,2108,2210,2178,2310,2484,2376,2211,1800,1590,1728,1792,1792,2006,2240,2516,2345,2412,2664,2627,2652,2074,2304,2310,2720,2760,2886,3280,3784,4095,4002,3690,3818,3807,3984,4263,3948,3818,3772,4350,4128,4437,4743,4794,4263,4700,5500,5768,6322,6552,8024,7865,6540,7360,8704,8308,8712,8060,7590,8364,8509,9380,10080,10286,10944,10868,11440,11692,12382,11480,12865,14400,14365,16490,16128,14496,16585,17976,17473,17264,18759,18270,18939,20608,18928,18550,19186,18270,17640,24034,23184,23368,24890,24180,24790,26271,29106,27216,27313,29450,30144,32111,31590,31652,33415,33708,44776,50148,50629,49987,50634,53856,55760,59400,67683,69264,71272,73304,75396,80688,90652,93138,97900,104067,114550,121095,124313,137555,147870,161048,173680,190156,217358,246642,259168,270088,324570,358386,407200,496594,567852,693076,817999,895131,939546,909616,899465,909288,917121,885916,910091,871968,879480,838728,745185,653296,458082,0,0,0,0,0,0,0,0,0,0,0,0,0,0,0,0,0,0,0,0,0,0,0,0,0,0,0,0,0,0,0,0,0,0,0,0,0,0,0,0,0,0,0,0,0,0,0,0,0,0,0,0,0,0,0,0,0,0,0,0,0,0,0,0,0,0,0,0,0,0,0,0,0,0,0,0,0,0,0,0,0,0,0,0,0,0,0,0,0,0,0,0,0,0,0,0,0,0,0,0,0,0,0,0,0
2318,2268,2898,2666,2898,2860,3450,3375,3675,3900,3920,4233,3901,4200,3888,3984,4131,4000,4823,4524,4692,6060,6018,5390,5800,5472,4902,8160,8740,8664,10206,9840,10701,8932,11088,11528,12600,13160,12994,13578,14229,16170,15857,17368,17034,16261,16665,18857,17914,17767,19722,18368,22568,24192,24003,24832,26703,26200,20447,26240,27244,27360,28542,30160,30952,30429,31950,33142,51708,53190,52074,56304,59853,62604,71224,79870,83055,80828,89208,93499,91136,105448,111923,106700,126720,131024,152477,167890,182112,191862,207917,226310,234248,273234,304024,350350,393008,451072,529740,601344,692370,763892,831138,855736,849012,839982,825797,813504,775236,729799,591600,481168,379456,0,0,0,0,0,0,0,0,0,0,0,0,0,0,0,0,0,0,0,0,0,0,0,0,0,0,0,0,0,0,0,0,0,0,0,0,0,0,0,0,0,0,0,0,0,0,0,0,0,0,0,0,0,0,0,0,0,0,0,0,0,0,0,0,0,0,0,0,0,0,0,0,0,0,0,0,0,0,0,0,0,0,0,0,0,0,0,0,0,0,0,0,0,0,0,0,0,0,0,0,0,0,0,0,0,0,0,0,0,0,0,0,0,0,0,0,0,0,0,0,0,0,0,0,0,0,0,0,0,0,0,0,0,0,0,0,0,0,0,0,0,0,0,0,0,0,0,0,0,0,0,0,0,0,0,0,0,0,0,0,0,0,0,0,0,0,0,0,0,0,0,0,0,0,0,0,0,0,0,0,0,0,0,0,0,0,0
1288,1232,1161,1276,1247,1247,1457,1380,1320,1504,1320,1410,1410,1500,1470,1550,1632,1716,1734,1734,1820,1908,1976,1976,1887,1998,1908,1872,1976,2014,2052,2262,2340,2340,2583,2665,2520,2301,2440,2542,2666,2752,3128,2970,3149,3036,2948,2583,2460,2752,2814,2838,2829,3240,3504,3195,3124,3150,2924,3337,3626,3648,3285,2952,3034,3192,3116,3483,3600,3344,3116,3225,3450,3504,3750,4158,3600,3500,3744,4446,4088,4104,4592,3922,4015,4100,4698,5520,5760,5551,6014,6486,7100,6968,7844,8424,8740,9126,9126,8249,10086,11036,11571,12006,12285,12510,13066,13340,14453,15100,15360,15520,15485,16261,16059,16960,18426,19494,18530,19494,18871,19435,21000,21120,19942,21106,22680,23552,23622,24318,26260,23165,22914,19303,13950,29748,30447,30528,33741,36550,36573,37062,50960,51541,53998,51294,55493,60112,63662,63450,70686,74052,78368,82000,86436,92834,105325,108199,116178,121693,129200,148800,165804,174720,200991,227740,261648,284325,316920,366914,415017,511280,617749,753258,857020,947845,929372,932412,926989,938629,902176,915824,885000,883430,815430,699540,525946,390144,0,0,0,0,0,0,0,0,0,0,0,0,0,0,0,0,0,0,0,0,0,0,0,0,0,0,0,0,0,0,0,0,0,0,0,0,0,0,0,0,0,0,0,0,0,0,0,0,0,0,0,0,0,0,0,0,0,0,0,0,0,0,0,0,0,0,0,0,0,0,0,0,0,0,0,0,0,0,0,0,0,0,0,0,0,0,0,0,0,0,0,0,0,0,0,0,0,0,0,0,0,0,0,0,0,0,0,0,0,0,0,0
1568,1617,1683,1568,1440,1426,1410,1550,1728,1696,1632,1836,1815,1904,1972,1904,2074,2196,2331,2304,2304,2442,2584,2584,2142,1824,2006,2470,2640,2856,2720,2600,2665,2368,2405,2479,2613,2584,3096,3404,3648,3285,3388,3542,3552,3504,3648,3330,2760,2590,2584,2698,2760,2720,3212,3212,3150,3450,3542,4067,3192,3075,3150,3619,3588,4165,4984,6006,6014,5820,6552,6402,7169,7665,7140,7038,7350,7992,9126,9717,9576,9028,10033,10752,11266,11696,12267,12371,13377,13410,13832,15010,15386,15072,16929,17052,16562,18128,18618,18748,19030,17982,19549,18860,19488,20178,21472,21625,22320,24552,24790,25944,26656,26460,24625,24304,28710,30150,30225,30772,32926,36936,36936,44528,46305,53934,55074,52832,55544,59024,67452,69972,72300,79316,81672,93183,94872,106691,114563,116100,123711,139464,152130,170800,190800,221715,253076,285322,307812,365690,435461,503440,628884,791953,932910,965601,980460,981136,993537,980658,971571,1036742,962760,906100,828180,677063,459648,0,0,0,0,0,0,0,0,0,0,0,0,0,0,0,0,0,0,0,0,0,0,0,0,0,0,0,0,0,0,0,0,0,0,0,0,0,0,0,0,0,0,0,0,0,0,0,0,0,0,0,0,0,0,0,0,0,0,0,0,0,0,0,0,0,0,0,0,0,0,0,0,0,0,0,0,0,0,0,0,0,0,0,0,0,0,0,0,0,0,0,0,0,0,0,0,0,0,0,0,0,0,0,0,0,0,0,0,0,0,0,0,0,0,0,0,0,0,0,0,0,0,0,0,0,0,0,0,0,0,0,0,0
1148,1148,1092,1247,1218,1260,1260,1215,1176,1232,1334,1344,1450,1372,1344,1218,1380,1288,1276,1316,1372,1400,1323,1372,1728,1581,1848,1904,1904,1938,2040,2040,2205,1938,2405,2613,2376,2584,2496,2170,2135,2074,2379,2280,2196,2124,2100,2013,1984,1860,1829,2135,2135,2368,2911,2840,3212,3700,3774,3456,3431,3080,2160,2496,2546,2345,2760,2405,2574,2730,3010,2898,3024,3157,2244,2380,2590,2800,2880,3116,3510,3300,3726,3948,4089,4200,4050,3773,3850,3840,4100,4644,4233,4576,4717,4950,4730,5546,5376,5858,6136,7085,6489,6976,7194,7670,7854,7888,9030,9842,10425,10200,10823,11297,11398,12848,13410,13224,14720,16005,15066,13724,16324,17227,16956,19323,18975,19775,21660,19402,20227,19504,23892,26040,25071,25806,27636,26496,27405,28120,30968,28830,28952,31005,34903,34344,45649,45410,63630,64500,67500,69531,73242,74418,77197,87648,88893,92394,105148,110952,129050,139385,156969,166080,181604,212010,249457,265424,314140,374296,448592,529888,684720,827080,902720,865337,855118,853689,874698,818769,825862,772920,677944,519635,71162,0,0,0,0,0,0,0,0,0,0,0,0,0,0,0,0,0,0,0,0,0,0,0,0,0,0,0,0,0,0,0,0,0,0,0,0,0,0,0,0,0,0,0,0,0,0,0,0,0,0,0,0,0,0,0,0,0,0,0,0,0,0,0,0,0,0,0,0,0,0,0,0,0,0,0,0,0,0,0,0,0,0,0,0,0,0,0,0,0,0,0,0,0,0,0,0,0,0,0,0,0,0,0,0,0,0,0,0,0,0,0,0,0,0,0
2640,2745,2928,3036,3266,3008,3149,2666,3978,5208,6222,7910,7383,8925,8740,8475,8175,8360,10115,10179,9200,8436,8880,10742,12696,12236,13206,13113,13677,15141,15540,19838,21275,20646,19153,22420,23474,22352,24165,23838,25515,27939,28908,29600,29800,30192,34050,36036,39524,45355,47477,53148,57652,58298,63581,66677,74880,75603,85591,92204,98625,110696,122960,125670,156160,172120,186238,196209,219252,238080,273508,317680,379054,453096,553146,650380,764904,845640,859254,842000,830076,817938,518868,372400,0,0,0,0,0,0,0,0,0,0,0,0,0,0,0,0,0,0,0,0,0,0,0,0,0,0,0,0,0,0,0,0,0,0,0,0,0,0,0,0,0,0,0,0,0,0,0,0,0,0,0,0,0,0,0,0,0,0,0,0,0,0,0,0,0,0,0,0,0,0,0,0,0,0,0,0,0,0,0,0,0,0,0,0,0,0,0,0,0,0,0,0,0,0,0,0,0,0,0,0,0,0,0,0,0,0,0,0,0,0,0,0,0,0,0,0,0,0,0,0,0,0,0,0,0,0,0,0,0,0,0,0,0,0,0,0,0,0,0,0,0,0,0,0,0,0,0,0,0,0,0,0,0,0,0,0,0,0,0,0,0,0,0,0,0,0,0,0,0,0,0,0,0,0,0,0,0,0,0,0,0,0,0,0,0,0,0,0,0,0,0,0,0,0,0,0,0,0,0,0,0,0,0,0,0,0,0,0,0,0,0,0,0,0,0,0
1200,1290,1276,1120,1120,1092,1218,1131,1320,1326,1476,1440,1435,1656,1496,1419,1472,1632,1617,1734,1768,1632,1600,1768,1700,1650,1632,1848,1716,1600,1768,2183,2356,2680,2535,2584,2304,2196,2146,2356,2470,2553,2380,2380,2210,2079,2622,3024,3375,2590,2450,2698,2730,2376,2470,2210,2553,2880,3496,4067,4214,3360,3397,2993,2546,2304,2405,2788,3358,3388,4214,4263,4136,4806,4928,5251,5208,5917,6825,7062,6930,7548,8050,7854,8500,9563,10640,10184,11340,11070,11537,11454,12615,12432,14080,14130,16400,14196,16480,17472,16744,18480,19494,18170,19844,20880,22326,22627,22509,22656,25594,26220,26358,24464,27456,28542,29100,30458,30107,30268,33631,34276,47916,46886,50953,65484,65314,72996,74228,72145,81585,89856,100191,104346,113866,131823,140448,163845,178464,205200,233748,266050,310739,365250,458706,532743,707410,834174,920759,874442,871250,880937,874176,860890,812670,703040,552630,361354,0,0,0,0,0,0,0,0,0,0,0,0,0,0,0,0,0,0,0,0,0,0,0,0,0,0,0,0,0,0,0,0,0,0,0,0,0,0,0,0,0,0,0,0,0,0,0,0,0,0,0,0,0,0,0,0,0,0,0,0,0,0,0,0,0,0,0,0,0,0,0,0,0,0,0,0,0,0,0,0,0,0,0,0,0,0,0,0,0,0,0,0,0,0,0,0,0,0,0,0,0,0,0,0,0,0,0,0,0,0,0,0,0,0,0,0,0,0,0,0,0,0,0,0,0,0,0,0,0,0,0,0,0,0,0,0,0,0,0,0,0,0
1715,3024,5720,7950,7276,7776,7776,7500,7488,7272,7680,8848,10287,10614,11921,11919,12384,12649,14006,13536,17300,17088,18748,18974,23232,21750,23091,22925,24030,26367,25608,25650,28634,32335,33748,35550,25479,30302,57043,58608,63232,62580,73233,80102,81252,90216,99000,106800,116064,122711,170568,189477,197220,203816,229482,280983,348540,405108,486614,604116,679350,779240,802046,778960,764444,538274,412550,247962,0,0,0,0,0,0,0,0,0,0,0,0,0,0,0,0,0,0,0,0,0,0,0,0,0,0,0,0,0,0,0,0,0,0,0,0,0,0,0,0,0,0,0,0,0,0,0,0,0,0,0,0,0,0,0,0,0,0,0,0,0,0,0,0,0,0,0,0,0,0,0,0,0,0,0,0,0,0,0,0,0,0,0,0,0,0,0,0,0,0,0,0,0,0,0,0,0,0,0,0,0,0,0,0,0,0,0,0,0,0,0,0,0,0,0,0,0,0,0,0,0,0,0,0,0,0,0,0,0,0,0,0,0,0,0,0,0,0,0,0,0,0,0,0,0,0,0,0,0,0,0,0,0,0,0,0,0,0,0,0,0,0,0,0,0,0,0,0,0,0,0,0,0,0,0,0,0,0,0,0,0,0,0,0,0,0,0,0,0,0,0,0,0,0,0,0,0,0,0,0,0,0,0,0,0,0,0,0,0,0,0,0,0,0,0,0,0,0,0,0,0,0,0,0,0,0,0,0,0,0,0,0
1972,2318,2166,2166,2183,2356,2460,3900,3978,3927,3800,4100,4428,4332,5369,5310,5612,5700,5856,6110,10664,11648,11830,11136,12730,12103,13344,15322,18180,18270,16686,18684,18645,19950,19723,21250,22386,25172,25298,32232,34112,35856,51342,54810,55020,59891,66218,73688,86552,95004,102432,109572,115360,145376,154715,179895,194247,230384,254528,310300,371936,472032,577728,743105,861750,893760,859124,855955,859005,680024,516460,351720,0,0,0,0,0,0,0,0,0,0,0,0,0,0,0,0,0,0,0,0,0,0,0,0,0,0,0,0,0,0,0,0,0,0,0,0,0,0,0,0,0,0,0,0,0,0,0,0,0,0,0,0,0,0,0,0,0,0,0,0,0,0,0,0,0,0,0,0,0,0,0,0,0,0,0,0,0,0,0,0,0,0,0,0,0,0,0,0,0,0,0,0,0,0,0,0,0,0,0,0,0,0,0,0,0,0,0,0,0,0,0,0,0,0,0,0,0,0,0,0,0,0,0,0,0,0,0,0,0,0,0,0,0,0,0,0,0,0,0,0,0,0,0,0,0,0,0,0,0,0,0,0,0,0,0,0,0,0,0,0,0,0,0,0,0,0,0,0,0,0,0,0,0,0,0,0,0,0,0,0,0,0,0,0,0,0,0,0,0,0,0,0,0,0,0,0,0,0,0,0,0,0,0,0,0,0,0,0,0,0,0,0,0,0,0,0,0,0,0,0,0,0,0,0,0,0,0,0
2030,2520,2860,2728,2860,3128,3266,3969,6138,8288,8701,10680,11440,10980,12150,12126,10400,12441,15168,18576,17850,18421,21411,21616,23954,24960,25088,26634,27354,30173,30750,29106,35680,38240,50500,55426,58692,65400,76480,75284,85312,92133,108936,122056,125928,155330,180360,192030,226784,258070,311460,396900,472948,635336,767970,866096,862160,841568,848922,721762,614268,386724,0,0,0,0,0,0,0,0,0,0,0,0,0,0,0,0,0,0,0,0,0,0,0,0,0,0,0,0,0,0,0,0,0,0,0,0,0,0,0,0,0,0,0,0,0,0,0,0,0,0,0,0,0,0,0,0,0,0,0,0,0,0,0,0,0,0,0,0,0,0,0,0,0,0,0,0,0,0,0,0,0,0,0,0,0,0,0,0,0,0,0,0,0,0,0,0,0,0,0,0,0,0,0,0,0,0,0,0,0,0,0,0,0,0,0,0,0,0,0,0,0,0,0,0,0,0,0,0,0,0,0,0,0,0,0,0,0,0,0,0,0,0,0,0,0,0,0,0,0,0,0,0,0,0,0,0,0,0,0,0,0,0,0,0,0,0,0,0,0,0,0,0,0,0,0,0,0,0,0,0,0,0,0,0,0,0,0,0,0,0,0,0,0,0,0,0,0,0,0,0,0,0,0,0,0,0,0,0,0,0,0,0,0,0,0,0,0,0,0,0,0,0,0,0,0,0,0,0,0,0,0,0,0,0,0,0,0,0
988,972,1054,1178,1302,1280,1287,1216,1248,1240,1240,1440,1564,1440,1452,1610,1575,1518,1598,1408,1518,1518,1715,1680,1785,1600,1782,1650,1617,1485,1768,1855,1855,1960,2088,2088,2196,2220,2405,2788,2720,2680,2747,2706,2992,3010,3666,3196,3053,3212,3600,3675,3871,4050,5104,5192,4472,4611,4984,5192,4845,4968,5278,5700,6120,6592,6324,6656,8510,9196,9840,10004,9963,10742,11050,11398,11352,11900,13104,13818,14725,15190,15096,17710,16952,19620,19722,20664,22196,21771,22143,25200,23973,24073,22646,25110,28656,31262,31243,32111,35070,46605,45704,60225,69460,75366,75208,85842,90828,104904,116850,136752,155991,179190,198232,243334,277950,344250,439810,562989,714051,868000,860769,859792,873901,825708,773000,672212,424575,0,0,0,0,0,0,0,0,0,0,0,0,0,0,0,0,0,0,0,0,0,0,0,0,0,0,0,0,0,0,0,0,0,0,0,0,0,0,0,0,0,0,0,0,0,0,0,0,0,0,0,0,0,0,0,0,0,0,0,0,0,0,0,0,0,0,0,0,0,0,0,0,0,0,0,0,0,0,0,0,0,0,0,0,0,0,0,0,0,0,0,0,0,0,0,0,0,0,0,0,0,0,0,0,0,0,0,0,0,0,0,0,0,0,0,0,0,0,0,0,0,0,0,0,0,0,0,0,0,0,0,0,0,0,0,0,0,0,0,0,0,0,0,0,0,0,0,0,0,0,0,0,0,0,0,0,0,0,0,0,0,0,0,0,0,0,0,0,0,0,0
1947,1972,2665,2730,2457,2294,2257,2432,2470,2574,2747,2772,2747,2520,2646,2560,3619,3871,3969,4108,3600,3675,4592,4300,5016,5096,5225,5734,6305,5859,5640,8176,9000,10836,11880,12103,11430,13156,14496,13968,15778,17850,16480,19474,18684,19895,20880,22940,25742,24924,19032,30300,29605,31290,32550,33072,49728,50500,57028,63438,75200,77123,86800,91980,101640,120830,127145,163280,188376,198144,226612,273883,339852,438438,542820,692056,798616,854910,809280,813568,695682,499896,323792,0,0,0,0,0,0,0,0,0,0,0,0,0,0,0,0,0,0,0,0,0,0,0,0,0,0,0,0,0,0,0,0,0,0,0,0,0,0,0,0,0,0,0,0,0,0,0,0,0,0,0,0,0,0,0,0,0,0,0,0,0,0,0,0,0,0,0,0,0,0,0,0,0,0,0,0,0,0,0,0,0,0,0,0,0,0,0,0,0,0,0,0,0,0,0,0,0,0,0,0,0,0,0,0,0,0,0,0,0,0,0,0,0,0,0,0,0,0,0,0,0,0,0,0,0,0,0,0,0,0,0,0,0,0,0,0,0,0,0,0,0,0,0,0,0,0,0,0,0,0,0,0,0,0,0,0,0,0,0,0,0,0,0,0,0,0,0,0,0,0,0,0,0,0,0,0,0,0,0,0,0,0,0,0,0,0,0,0,0,0,0,0,0,0,0,0,0,0,0,0,0,0,0,0,0,0,0,0,0,0,0,0,0,0,0,0,0
1504,1581,1705,1674,1612,2183,2405,2376,2457,2640,2652,2627,2952,3150,3825,4264,4720,5280,5796,6984,7560,7590,8360,8658,10285,11352,11392,11070,11830,12012,12825,11919,13248,13254,13622,15708,16170,16016,18032,17784,17969,19500,21060,21285,23490,25715,25785,29029,27383,30750,31465,32494,52186,51744,53934,66896,69560,78000,87801,102240,95040,120840,131859,158720,175540,213375,263648,327864,430344,581256,668081,737808,702872,692445,685410,536373,366720,0,0,0,0,0,0,0,0,0,0,0,0,0,0,0,0,0,0,0,0,0,0,0,0,0,0,0,0,0,0,0,0,0,0,0,0,0,0,0,0,0,0,0,0,0,0,0,0,0,0,0,0,0,0,0,0,0,0,0,0,0,0,0,0,0,0,0,0,0,0,0,0,0,0,0,0,0,0,0,0,0,0,0,0,0,0,0,0,0,0,0,0,0,0,0,0,0,0,0,0,0,0,0,0,0,0,0,0,0,0,0,0,0,0,0,0,0,0,0,0,0,0,0,0,0,0,0,0,0,0,0,0,0,0,0,0,0,0,0,0,0,0,0,0,0,0,0,0,0,0,0,0,0,0,0,0,0,0,0,0,0,0,0,0,0,0,0,0,0,0,0,0,0,0,0,0,0,0,0,0,0,0,0,0,0,0,0,0,0,0,0,0,0,0,0,0,0,0,0,0,0,0,0,0,0,0,0,0,0,0,0,0,0,0,0,0,0,0,0,0,0,0,0
2145,2790,2419,2666,2728,2280,2432,2479,2340,2368,2574,2720,2574,2640,2835,3337,3381,3552,3750,3952,3950,4368,5368,5251,5368,5612,5824,5828,5544,10800,10750,11264,11570,12126,11500,12600,13104,15744,17372,19240,18700,19511,22347,22491,21042,25536,27740,29452,31768,31824,32918,48705,51455,57814,59920,68766,73416,78921,92820,95370,117316,125268,158720,183911,203102,224224,292448,370004,464896,593340,716205,841510,784740,671098,461214,252816,0,0,0,0,0,0,0,0,0,0,0,0,0,0,0,0,0,0,0,0,0,0,0,0,0,0,0,0,0,0,0,0,0,0,0,0,0,0,0,0,0,0,0,0,0,0,0,0,0,0,0,0,0,0,0,0,0,0,0,0,0,0,0,0,0,0,0,0,0,0,0,0,0,0,0,0,0,0,0,0,0,0,0,0,0,0,0,0,0,0,0,0,0,0,0,0,0,0,0,0,0,0,0,0,0,0,0,0,0,0,0,0,0,0,0,0,0,0,0,0,0,0,0,0,0,0,0,0,0,0,0,0,0,0,0,0,0,0,0,0,0,0,0,0,0,0,0,0,0,0,0,0,0,0,0,0,0,0,0,0,0,0,0,0,0,0,0,0,0,0,0,0,0,0,0,0,0,0,0,0,0,0,0,0,0,0,0,0,0,0,0,0,0,0,0,0,0,0,0,0,0,0,0,0,0,0,0,0,0,0,0,0,0,0,0,0,0,0,0,0,0,0,0,0
768,816,828,900,900,962,999,1102,1110,1044,1073,1110,1170,1140,1260,1131,1160,1230,1178,1184,1216,1312,1408,1518,1530,1518,1617,1632,1344,1632,1632,1440,1530,1800,1887,1924,1872,1998,2200,2623,2090,2128,2035,2184,2090,2128,2501,2772,3036,2992,2856,3168,3337,3408,3700,3240,3124,3450,4029,3542,3696,4565,4056,3675,4368,4628,3465,3572,3978,4592,4400,5828,5700,6565,7344,7770,7875,8436,8165,10406,10332,10701,12330,13468,13578,14060,14628,15159,14630,17227,16700,16867,17976,20416,21600,21879,22491,23400,24442,26358,27300,26132,28224,29682,30338,34320,47000,46995,51156,69930,74750,75440,80494,91113,103675,114400,136752,162146,181818,217190,259375,325518,416160,536949,755508,889911,892080,857280,835296,815507,703395,493296,0,0,0,0,0,0,0,0,0,0,0,0,0,0,0,0,0,0,0,0,0,0,0,0,0,0,0,0,0,0,0,0,0,0,0,0,0,0,0,0,0,0,0,0,0,0,0,0,0,0,0,0,0,0,0,0,0,0,0,0,0,0,0,0,0,0,0,0,0,0,0,0,0,0,0,0,0,0,0,0,0,0,0,0,0,0,0,0,0,0,0,0,0,0,0,0,0,0,0,0,0,0,0,0,0,0,0,0,0,0,0,0,0,0,0,0,0,0,0,0,0,0,0,0,0,0,0,0,0,0,0,0,0,0,0,0,0,0,0,0,0,0,0,0,0,0,0,0,0,0,0,0,0,0,0,0,0,0,0,0,0,0,0,0,0,0,0,0
988,910,736,782,1026,1064,1064,1026,1036,1073,1290,1290,1350,1280,1271,1344,1472,1551,1650,1734,2014,1961,1855,2072,2166,2242,2166,1961,2340,2318,2360,2583,2624,2856,2829,2747,2457,2747,2496,2624,2904,3174,2706,2546,2496,2747,2680,3096,3920,3773,3256,3080,3256,2982,2940,3404,3024,3240,3600,4089,5060,4940,5005,4785,5642,5400,6161,6222,5985,7776,9075,9163,10665,10823,11644,11218,11952,13072,13350,14322,15857,16268,18150,18928,20328,20520,20241,21594,21948,23541,23807,24790,27495,29792,28086,29952,33488,44082,46170,62514,69353,74520,74576,87690,92722,103834,130752,135135,170585,190785,221088,281160,348977,459360,630294,820854,835245,799930,807976,765880,678902,456370,0,0,0,0,0,0,0,0,0,0,0,0,0,0,0,0,0,0,0,0,0,0,0,0,0,0,0,0,0,0,0,0,0,0,0,0,0,0,0,0,0,0,0,0,0,0,0,0,0,0,0,0,0,0,0,0,0,0,0,0,0,0,0,0,0,0,0,0,0,0,0,0,0,0,0,0,0,0,0,0,0,0,0,0,0,0,0,0,0,0,0,0,0,0,0,0,0,0,0,0,0,0,0,0,0,0,0,0,0,0,0,0,0,0,0,0,0,0,0,0,0,0,0,0,0,0,0,0,0,0,0,0,0,0,0,0,0,0,0,0,0,0,0,0,0,0,0,0,0,0,0,0,0,0,0,0,0,0,0,0,0,0,0,0,0,0,0,0,0,0,0,0,0,0,0,0,0,0
2604,2580,2200,2242,2109,2280,2294,3450,4029,5985,5922,10668,10492,12276,12103,12104,14742,14976,15958,19215,19360,19910,19720,20880,25048,24125,26730,28608,28665,32395,30351,34080,51660,54954,61194,74970,78084,87438,98540,114387,121401,156240,183816,205320,238770,306872,399155,526890,687169,808704,844940,806490,683880,510746,264894,0,0,0,0,0,0,0,0,0,0,0,0,0,0,0,0,0,0,0,0,0,0,0,0,0,0,0,0,0,0,0,0,0,0,0,0,0,0,0,0,0,0,0,0,0,0,0,0,0,0,0,0,0,0,0,0,0,0,0,0,0,0,0,0,0,0,0,0,0,0,0,0,0,0,0,0,0,0,0,0,0,0,0,0,0,0,0,0,0,0,0,0,0,0,0,0,0,0,0,0,0,0,0,0,0,0,0,0,0,0,0,0,0,0,0,0,0,0,0,0,0,0,0,0,0,0,0,0,0,0,0,0,0,0,0,0,0,0,0,0,0,0,0,0,0,0,0,0,0,0,0,0,0,0,0,0,0,0,0,0,0,0,0,0,0,0,0,0,0,0,0,0,0,0,0,0,0,0,0,0,0,0,0,0,0,0,0,0,0,0,0,0,0,0,0,0,0,0,0,0,0,0,0,0,0,0,0,0,0,0,0,0,0,0,0,0,0,0,0,0,0,0,0,0,0,0,0,0,0,0,0,0,0,0,0,0,0,0,0,0,0,0,0,0,0
2204,2646,2400,2400,2400,2419,2623,2520,2666,3102,2730,2925,2860,3572,3588,3619,2952,2574,2856,2856,4293,4067,6500,5940,7313,7314,7412,8208,7210,9266,10742,10720,12080,12986,14256,13502,13950,13950,15048,16896,19758,22750,23355,25392,25893,26304,27860,30284,37975,50112,56200,58752,70597,72774,77675,86240,103350,113162,125421,182368,200219,214442,278664,377208,487656,640440,777627,793324,742944,651613,453600,0,0,0,0,0,0,0,0,0,0,0,0,0,0,0,0,0,0,0,0,0,0,0,0,0,0,0,0,0,0,0,0,0,0,0,0,0,0,0,0,0,0,0,0,0,0,0,0,0,0,0,0,0,0,0,0,0,0,0,0,0,0,0,0,0,0,0,0,0,0,0,0,0,0,0,0,0,0,0,0,0,0,0,0,0,0,0,0,0,0,0,0,0,0,0,0,0,0,0,0,0,0,0,0,0,0,0,0,0,0,0,0,0,0,0,0,0,0,0,0,0,0,0,0,0,0,0,0,0,0,0,0,0,0,0,0,0,0,0,0,0,0,0,0,0,0,0,0,0,0,0,0,0,0,0,0,0,0,0,0,0,0,0,0,0,0,0,0,0,0,0,0,0,0,0,0,0,0,0,0,0,0,0,0,0,0,0,0,0,0,0,0,0,0,0,0,0,0,0,0,0,0,0,0,0,0,0,0,0,0,0,0,0,0,0,0,0,0,0,0,0,0,0,0,0,0,0,0,0
897,1100,1242,1215,1014,1107,1120,1102,1102,1036,1230,1044,1102,1140,1280,1376,1452,1395,1700,1768,1734,1536,1457,1536,1666,1617,1904,1925,1856,1848,1836,1836,2196,2600,2624,2688,2788,2600,2967,3195,2881,3124,3220,3478,2808,2698,3168,3634,3696,4731,3724,4300,4067,3936,4641,3648,3840,4452,3901,5035,5376,5640,6336,6630,6930,7150,9086,10965,12118,12905,13680,12936,12852,14469,15648,16400,17372,18690,17655,21240,21894,21296,23449,24120,24388,25020,27456,27313,30704,32185,31376,45888,54233,61800,71868,72867,82836,92456,104538,126540,143560,163800,195468,246721,319447,421806,554960,724550,801504,755051,741819,702185,522909,282066,0,0,0,0,0,0,0,0,0,0,0,0,0,0,0,0,0,0,0,0,0,0,0,0,0,0,0,0,0,0,0,0,0,0,0,0,0,0,0,0,0,0,0,0,0,0,0,0,0,0,0,0,0,0,0,0,0,0,0,0,0,0,0,0,0,0,0,0,0,0,0,0,0,0,0,0,0,0,0,0,0,0,0,0,0,0,0,0,0,0,0,0,0,0,0,0,0,0,0,0,0,0,0,0,0,0,0,0,0,0,0,0,0,0,0,0,0,0,0,0,0,0,0,0,0,0,0,0,0,0,0,0,0,0,0,0,0,0,0,0,0,0,0,0,0,0,0,0,0,0,0,0,0,0,0,0,0,0,0,0,0,0,0,0,0,0,0,0,0,0,0,0,0,0,0,0,0,0,0,0,0,0,0,0,0,0
1440,1716,2457,2652,2470,2268,2340,2613,2646,2706,3053,3225,3124,2680,3650,3927,3920,4760,5074,5192,5046,5760,6164,7490,7070,9379,8855,9324,9348,10736,9576,9828,9720,12445,13260,14388,16240,17289,18720,20790,21888,21452,23449,24339,23009,24420,28482,24948,33089,46482,47941,56200,63720,67980,72688,87932,104775,119646,139887,165699,191997,247158,335730,439450,573952,664972,683102,661824,606350,531828,369075,0,0,0,0,0,0,0,0,0,0,0,0,0,0,0,0,0,0,0,0,0,0,0,0,0,0,0,0,0,0,0,0,0,0,0,0,0,0,0,0,0,0,0,0,0,0,0,0,0,0,0,0,0,0,0,0,0,0,0,0,0,0,0,0,0,0,0,0,0,0,0,0,0,0,0,0,0,0,0,0,0,0,0,0,0,0,0,0,0,0,0,0,0,0,0,0,0,0,0,0,0,0,0,0,0,0,0,0,0,0,0,0,0,0,0,0,0,0,0,0,0,0,0,0,0,0,0,0,0,0,0,0,0,0,0,0,0,0,0,0,0,0,0,0,0,0,0,0,0,0,0,0,0,0,0,0,0,0,0,0,0,0,0,0,0,0,0,0,0,0,0,0,0,0,0,0,0,0,0,0,0,0,0,0,0,0,0,0,0,0,0,0,0,0,0,0,0,0,0,0,0,0,0,0,0,0,0,0,0,0,0,0,0,0,0,0,0,0,0,0,0,0,0,0,0,0,0,0,0
1938,1870,1924,2120,2091,2240,2262,2242,2418,2501,2223,2496,2418,2301,2520,2419,2993,7524,7370,9282,9120,10044,9200,11070,12150,13674,13608,15960,17072,16932,20298,19240,20720,21360,26130,28152,28482,28542,33086,39878,54201,55954,67760,74008,78078,86508,101910,120827,171402,192322,215400,279756,391510,515944,675027,801953,746928,713449,468671,0,0,0,0,0,0,0,0,0,0,0,0,0,0,0,0,0,0,0,0,0,0,0,0,0,0,0,0,0,0,0,0,0,0,0,0,0,0,0,0,0,0,0,0,0,0,0,0,0,0,0,0,0,0,0,0,0,0,0,0,0,0,0,0,0,0,0,0,0,0,0,0,0,0,0,0,0,0,0,0,0,0,0,0,0,0,0,0,0,0,0,0,0,0,0,0,0,0,0,0,0,0,0,0,0,0,0,0,0,0,0,0,0,0,0,0,0,0,0,0,0,0,0,0,0,0,0,0,0,0,0,0,0,0,0,0,0,0,0,0,0,0,0,0,0,0,0,0,0,0,0,0,0,0,0,0,0,0,0,0,0,0,0,0,0,0,0,0,0,0,0,0,0,0,0,0,0,0,0,0,0,0,0,0,0,0,0,0,0,0,0,0,0,0,0,0,0,0,0,0,0,0,0,0,0,0,0,0,0,0,0,0,0,0,0,0,0,0,0,0,0,0,0,0,0,0,0,0,0,0,0,0,0,0,0,0,0,0,0,0,0
986,1015,1064,1260,1426,1288,1242,1276,1092,1144,1326,1485,1620,1632,1488,2184,2016,2160,2079,2470,2294,2646,3360,3285,3388,3080,3120,3256,3800,4480,4080,3510,4067,4131,4984,5394,5394,5795,5922,5460,7412,6834,9628,9828,10414,11172,10296,10428,11040,11696,14652,14400,14400,15347,16029,17493,17760,21615,23275,25715,26410,27072,26128,30282,33824,48006,53856,61101,69387,79056,90220,100191,120246,155295,184072,224010,314622,429568,594110,689156,699426,680427,526470,342612,0,0,0,0,0,0,0,0,0,0,0,0,0,0,0,0,0,0,0,0,0,0,0,0,0,0,0,0,0,0,0,0,0,0,0,0,0,0,0,0,0,0,0,0,0,0,0,0,0,0,0,0,0,0,0,0,0,0,0,0,0,0,0,0,0,0,0,0,0,0,0,0,0,0,0,0,0,0,0,0,0,0,0,0,0,0,0,0,0,0,0,0,0,0,0,0,0,0,0,0,0,0,0,0,0,0,0,0,0,0,0,0,0,0,0,0,0,0,0,0,0,0,0,0,0,0,0,0,0,0,0,0,0,0,0,0,0,0,0,0,0,0,0,0,0,0,0,0,0,0,0,0,0,0,0,0,0,0,0,0,0,0,0,0,0,0,0,0,0,0,0,0,0,0,0,0,0,0,0,0,0,0,0,0,0,0,0,0,0,0,0,0,0,0,0,0,0,0,0,0,0,0,0,0,0,0,0,0,0,0,0,0,0,0,0,0
2166,2223,2204,2242,2240,2280,2604,2990,3800,3384,3600,3792,3525,4160,4056,4264,4644,4420,5192,5551,5016,5073,5016,6760,8120,10168,10578,11305,12528,14415,16296,19552,18920,19470,18060,21594,23180,24426,21960,29346,30535,34776,35640,51456,56282,66470,79461,85176,94944,110838,151680,165678,199404,246480,322812,451953,628320,839232,875264,839125,658930,425201,0,0,0,0,0,0,0,0,0,0,0,0,0,0,0,0,0,0,0,0,0,0,0,0,0,0,0,0,0,0,0,0,0,0,0,0,0,0,0,0,0,0,0,0,0,0,0,0,0,0,0,0,0,0,0,0,0,0,0,0,0,0,0,0,0,0,0,0,0,0,0,0,0,0,0,0,0,0,0,0,0,0,0,0,0,0,0,0,0,0,0,0,0,0,0,0,0,0,0,0,0,0,0,0,0,0,0,0,0,0,0,0,0,0,0,0,0,0,0,0,0,0,0,0,0,0,0,0,0,0,0,0,0,0,0,0,0,0,0,0,0,0,0,0,0,0,0,0,0,0,0,0,0,0,0,0,0,0,0,0,0,0,0,0,0,0,0,0,0,0,0,0,0,0,0,0,0,0,0,0,0,0,0,0,0,0,0,0,0,0,0,0,0,0,0,0,0,0,0,0,0,0,0,0,0,0,0,0,0,0,0,0,0,0,0,0,0,0,0,0,0,0,0,0,0,0,0,0,0,0,0,0,0,0,0,0,0,0
1450,1344,1566,1767,1815,1650,2244,2275,2176,2340,2627,7521,7280,9760,10370,12771,13400,15680,16940,18515,21156,19557,20740,20862,22016,25920,26703,30294,31243,41866,45466,51342,65858,71760,78055,93654,106920,130416,152812,180576,238368,301968,418474,500633,593020,569470,498222,404225,243528,0,0,0,0,0,0,0,0,0,0,0,0,0,0,0,0,0,0,0,0,0,0,0,0,0,0,0,0,0,0,0,0,0,0,0,0,0,0,0,0,0,0,0,0,0,0,0,0,0,0,0,0,0,0,0,0,0,0,0,0,0,0,0,0,0,0,0,0,0,0,0,0,0,0,0,0,0,0,0,0,0,0,0,0,0,0,0,0,0,0,0,0,0,0,0,0,0,0,0,0,0,0,0,0,0,0,0,0,0,0,0,0,0,0,0,0,0,0,0,0,0,0,0,0,0,0,0,0,0,0,0,0,0,0,0,0,0,0,0,0,0,0,0,0,0,0,0,0,0,0,0,0,0,0,0,0,0,0,0,0,0,0,0,0,0,0,0,0,0,0,0,0,0,0,0,0,0,0,0,0,0,0,0,0,0,0,0,0,0,0,0,0,0,0,0,0,0,0,0,0,0,0,0,0,0,0,0,0,0,0,0,0,0,0,0,0,0,0,0,0,0,0,0,0,0,0,0,0,0,0,0,0,0,0,0,0,0,0,0,0,0,0,0,0,0,0,0,0,0,0,0
2604,2829,2880,2880,3075,3564,3760,3312,3619,4080,4641,5394,6615,7326,7176,7540,7208,6936,8073,11305,13013,12282,14915,14664,15444,19332,24257,26441,29458,28690,30384,36348,59010,64584,73373,86000,101904,114800,132192,184815,210752,263200,350519,508948,689220,824229,821100,734572,675262,409968,0,0,0,0,0,0,0,0,0,0,0,0,0,0,0,0,0,0,0,0,0,0,0,0,0,0,0,0,0,0,0,0,0,0,0,0,0,0,0,0,0,0,0,0,0,0,0,0,0,0,0,0,0,0,0,0,0,0,0,0,0,0,0,0,0,0,0,0,0,0,0,0,0,0,0,0,0,0,0,0,0,0,0,0,0,0,0,0,0,0,0,0,0,0,0,0,0,0,0,0,0,0,0,0,0,0,0,0,0,0,0,0,0,0,0,0,0,0,0,0,0,0,0,0,0,0,0,0,0,0,0,0,0,0,0,0,0,0,0,0,0,0,0,0,0,0,0,0,0,0,0,0,0,0,0,0,0,0,0,0,0,0,0,0,0,0,0,0,0,0,0,0,0,0,0,0,0,0,0,0,0,0,0,0,0,0,0,0,0,0,0,0,0,0,0,0,0,0,0,0,0,0,0,0,0,0,0,0,0,0,0,0,0,0,0,0,0,0,0,0,0,0,0,0,0,0,0,0,0,0,0,0,0,0,0,0,0,0,0,0,0,0,0,0,0,0,0,0,0,0
1952,2470,2840,3198,21875,22446,25437,28944,29290,31650,26560,31017,54963,56715,66752,80400,82522,101394,142926,176344,196196,270675,365307,505393,653058,791444,697056,588313,436050,0,0,0,0,0,0,0,0,0,0,0,0,0,0,0,0,0,0,0,0,0,0,0,0,0,0,0,0,0,0,0,0,0,0,0,0,0,0,0,0,0,0,0,0,0,0,0,0,0,0,0,0,0,0,0,0,0,0,0,0,0,0,0,0,0,0,0,0,0,0,0,0,0,0,0,0,0,0,0,0,0,0,0,0,0,0,0,0,0,0,0,0,0,0,0,0,0,0,0,0,0,0,0,0,0,0,0,0,0,0,0,0,0,0,0,0,0,0,0,0,0,0,0,0,0,0,0,0,0,0,0,0,0,0,0,0,0,0,0,0,0,0,0,0,0,0,0,0,0,0,0,0,0,0,0,0,0,0,0,0,0,0,0,0,0,0,0,0,0,0,0,0,0,0,0,0,0,0,0,0,0,0,0,0,0,0,0,0,0,0,0,0,0,0,0,0,0,0,0,0,0,0,0,0,0,0,0,0,0,0,0,0,0,0,0,0,0,0,0,0,0,0,0,0,0,0,0,0,0,0,0,0,0,0,0,0,0,0,0,0,0,0,0,0,0,0,0,0,0,0,0,0,0,0,0,0,0,0,0,0,0,0,0,0,0,0,0,0,0,0,0
2040,1943,2170,1914,1980,1856,1740,2040,2201,2960,2730,2730,2400,2550,2541,2584,2772,2772,3042,3360,3157,2888,2775,3362,3402,3120,2812,3002,2700,2775,3080,3510,3311,3608,3600,3854,3984,3354,3388,3525,3552,3700,3478,3330,3744,3626,3626,3431,3105,5150,6160,6264,5406,5940,6900,6498,6902,6954,7552,8174,9563,9576,8646,9248,10336,8890,9563,11120,10350,10050,8901,10425,11319,11704,11242,11704,12150,13090,12665,11534,12546,12600,14444,15717,17170,16731,17201,18232,18690,20646,17184,16731,18060,18232,19116,20709,19493,12956,13260,18800,17480,21935,21840,21146,23084,22512,28476,28396,27675,29282,29016,29397,30000,32294,31878,33740,33434,34277,48776,53295,54810,57511,60819,65968,63448,68266,72478,76275,73920,83288,83425,87465,90300,100346,105600,110297,117852,123256,122802,129332,147870,162932,167118,171275,179024,193674,208638,230232,253365,270678,294261,341640,353024,392343,451500,483600,506550,542956,550232,588120,603960,616360,602446,616209,587805,586315,575664,562913,547474,544635,509980,466342,442262,359310,291720,225704,157296,0,0,0,0,0,0,0,0,0,0,0,0,0,0,0,0,0,0,0,0,0,0,0,0,0,0,0,0,0,0,0,0,0,0,0,0,0,0,0,0,0,0,0,0,0,0,0,0,0,0,0,0,0,0,0,0,0,0,0,0,0,0,0,0,0,0,0,0,0,0,0,0,0,0,0,0,0,0,0,0,0,0,0,0,0,0,0,0,0,0,0,0,0,0,0,0,0,0,0,0,0,0,0,0,0,0,0,0,0,0,0,0,0,0,0,0,0,0,0,0,0,0,0
1421,1392,1421,1450,1632,1683,1734,1925,1836,1890,2109,2109,2440,1782,1870,2135,2205,2479,2680,3243,3360,2788,2730,2970,2795,3266,3750,4004,4050,4160,3927,4104,4320,4182,3969,3822,3552,3825,3750,3850,4293,4134,4080,4368,5278,5133,5015,5429,5490,5490,5551,5766,6080,6365,6958,6800,6732,6831,6900,7521,8176,9086,8892,7957,7992,8740,9882,10332,10044,9006,8892,9922,10126,10375,9963,9200,10285,9676,10880,10707,10710,10922,10209,8816,6104,7616,5626,13430,9453,11914,13855,14442,15960,17675,17557,19570,19776,22422,20865,22261,21583,24600,22230,23247,24120,24800,27084,28767,31758,28896,30457,32076,34706,35560,36720,49140,52574,58788,61846,71448,76424,87897,91948,87599,90827,96900,112970,109662,122100,130162,145783,162052,176136,190152,201840,224334,256620,277830,312564,363268,402616,472680,570882,655698,795486,833619,839840,813252,782275,775990,746004,744660,693963,681225,613073,565328,522828,344080,1508,1537,1815,1904,1815,1938,1836,1782,1716,1716,1836,1782,1782,1664,1749,1925,1980,1664,1782,1749,1696,1632,1696,1519,1632,1632,1683,1802,1716,1749,1870,1836,1760,1815,1674,1728,1782,1768,1890,1836,1904,1870,1802,1749,1643,1728,1782,1696,1782,1728,1836,1600,1716,1768,1716,1782,1749,1749,1749,1760,1728,1664,1581,1749,1716,1760,1782,1728,1904,1674,1815,1870,1749,1782,1782,1696,1782,1749,1938,1815,1760,1760,1815,1870,1904,1696,1696,1836,1802,1890,1749,1870,1904,1749,1749,1960,1870,1848,1904,1760,1848,1782,1848,1760,1792,1760,1749,1848,1782,1749,1815,1815,1815,1904,1815,1870,1782,1815,1728,1728,1848,1782,1881,1674,1728,1728,1802,1815,1815,0,0,0,0,0,0,0,0,0,0,0,0,0
1650,1794,1700,1625,1525,1265,1392,1464,1488,1440,1550,1550,1525,1425,1482,1392,1392,1173,1200,1200,1176,1104,1058,1081,966,1012,984,1248,1250,1170,1008,1118,1215,1300,1404,1404,1404,1568,1740,1890,1860,2112,2016,1953,2244,1885,2015,2015,1890,2112,1890,1680,1595,1922,2484,2345,1767,1680,1485,1624,1904,1932,2190,2475,3200,2590,2664,2772,2808,3280,3655,3726,3526,3444,3280,3280,3483,3690,4320,4183,4278,4418,4560,4700,4606,5050,4753,4850,5000,6490,6420,6588,6240,6615,6696,6490,6438,6771,7137,7015,7772,7370,7326,7524,6615,6360,6944,6848,7260,7437,8614,9856,12510,11180,12635,14317,13206,16380,16906,16854,15912,19205,20640,23114,19873,22050,22250,23749,22875,27832,26792,27792,9792,26384,27974,16192,18300,20048,18050,20895,24804,26322,29393,16405,25875,26314,29232,27000,30628,32208,31553,48732,49776,49410,50968,56252,62721,68472,68096,71906,82280,84750,99330,105602,111657,118118,115340,131712,141252,165452,181937,190920,198708,217683,224604,265590,308160,335664,394304,467614,565434,620992,637272,677970,695554,701568,691416,670437,673897,671274,636192,622204,607716,566979,490854,379854,250986,146060,0,0,0,0,0,0,0,0,0,0,0,0,0,0,0,0,0,0,0,0,0,0,0,0,0,0,0,0,0,0,0,0,0,0,0,0,0,0,0,0,0,0,0,0,0,0,0,0,0,0,0,0,0,0,0,0,0,0,0,0,0,0,0,0,0,0,0,0,0,0,0,0,0,0,0,0,0,0,0,0,0,0,0,0,0,0,0,0,0,0,0,0,0,0,0,0,0,0,0,0,0,0
943,874,836,770,693,770,748,704,704,704,704,782,759,864,864,782,770,920,943,943,924,903,990,882,882,819,777,735,770,726,704,1815,693,714,792,851,836,897,943,880,798,836,836,880,861,798,897,874,851,962,962,1092,1053,1215,1222,1104,1150,1125,1144,1161,1040,975,1056,1170,1170,1170,1170,1215,1080,1170,1288,1344,1392,1632,1925,2418,2829,2652,2622,2170,2457,2881,3036,3408,3196,3128,2600,3053,3168,2400,2432,2967,3528,3927,3800,3648,3648,3950,4565,4345,4104,3774,3675,3600,3774,3900,4930,5429,4897,5696,6030,6052,6030,5980,6499,6969,7280,7038,6936,6767,7245,8360,8892,9126,9164,8056,8346,9040,9072,9280,7770,8056,8769,7875,8624,8736,8611,8190,8880,10125,9720,11088,11792,11659,13630,15800,14900,15400,15092,16016,17808,19722,19314,21045,22425,19980,21583,19869,20880,21244,22015,22770,23616,23664,25498,26288,27456,28215,29393,33396,33396,33512,34364,49590,53667,58170,65481,67850,76076,82688,88578,84525,87599,96256,104668,113880,123820,139040,145743,152500,169194,184960,204258,232617,263070,285600,316625,377454,438438,495020,622104,724818,817800,840511,827950,807755,785480,777000,747916,716495,706936,680049,629211,561120,411051,247818,136710,1980,1890,1995,1960,2052,2146,2184,2128,2301,2184,2035,1908,2109,2166,2280,1980,1944,2016,2109,2262,2146,2016,2072,2301,2052,1925,2072,1980,1925,1938,1890,1855,1908,1872,1820,1944,2035,2016,1925,1938,1782,1734,2035,2145,2242,2128,2166,2035,2109,2242,2109,2166,2072,2242,2223,2204,2072,1980,2109,1944,1890,1890,2072,2090,1998,1980,2128,2072,2128,1960,1980,1980,2166,2166,1980,1944,2072,2035,2035,1924,1980,2072,2128
1152,1200,1350,1375,1508,1586,1612,1575,1638,1690,1755,1525,1500,1368,1350,1325,1272,1288,1344,1416,1403,1440,1500,1488,1600,1525,1368,1296,1375,1224,1325,1275,1265,1242,1272,1104,1150,1248,1034,1144,1127,1104,966,1296,1034,1012,1196,1276,1242,1056,1127,1326,1566,1595,1428,1484,1769,2160,2160,2130,1764,1885,1856,2139,2376,2144,2304,2432,2560,2624,2356,2541,2482,3078,3655,3608,3735,3696,3526,3486,3564,3645,3772,3666,3000,3555,3408,3337,3080,3900,3619,3168,4896,5626,5959,7590,7866,8687,8296,8520,8424,8487,9288,9272,10790,10320,9825,9900,11440,12750,12546,11952,11856,12710,11396,11680,12464,16362,18810,17982,17702,16995,18592,19824,19376,19203,20227,21735,20460,20865,19822,18816,15853,23210,19502,22932,25704,28600,27450,31280,29151,32058,33040,35164,36328,48675,53768,59073,64240,68155,70632,77847,84372,89052,91648,106255,111652,113570,120596,131400,161733,170451,185925,202464,231775,271563,305244,346528,407407,476478,534180,567055,599659,613632,615308,599038,576290,566181,543024,513752,468160,374072,246582,145624,0,0,0,0,0,0,0,0,0,0,0,0,0,0,0,0,0,0,0,0,0,0,0,0,0,0,0,0,0,0,0,0,0,0,0,0,0,0,0,0,0,0,0,0,0,0,0,0,0,0,0,0,0,0,0,0,0,0,0,0,0,0,0,0,0,0,0,0,0,0,0,0,0,0,0,0,0,0,0,0,0,0,0,0,0,0,0,0,0,0,0,0,0,0,0,0,0,0,0,0,0,0,0,0,0,0,0,0,0,0,0,0,0,0,0,0
1890,1794,1782,1809,1943,1885,1980,1770,1682,1596,1596,1300,1352,1534,1652,1885,1456,1350,1368,1368,1375,1378,1275,1378,1485,1274,1150,1125,1118,1175,1080,1219,1196,1272,1344,1056,1104,1225,1144,1395,1485,1350,1620,1764,2100,1943,1950,1596,1736,1890,2015,2380,2409,2905,3010,2706,2652,2409,2923,3569,3403,4186,3915,3280,3645,3520,3225,3564,3440,3978,3952,4452,5452,4472,3285,5664,5586,5643,7548,8712,8640,7820,7980,9159,8160,8640,9102,9675,10050,10350,11310,10286,10152,12533,9520,11692,12835,16236,16800,17430,16830,19092,19775,20292,19656,21201,20140,14288,21420,21000,24738,26760,27144,28084,30132,31680,31320,33370,35909,55860,59697,65302,66043,73248,77154,88328,96720,106128,112860,119000,130176,151585,168929,189663,208887,247299,286400,333210,403021,467105,509184,540802,550055,554070,551373,548760,528885,493728,442152,364153,239112,130000,0,0,0,0,0,0,0,0,0,0,0,0,0,0,0,0,0,0,0,0,0,0,0,0,0,0,0,0,0,0,0,0,0,0,0,0,0,0,0,0,0,0,0,0,0,0,0,0,0,0,0,0,0,0,0,0,0,0,0,0,0,0,0,0,0,0,0,0,0,0,0,0,0,0,0,0,0,0,0,0,0,0,0,0,0,0,0,0,0,0,0,0,0,0,0,0,0,0,0,0,0,0,0,0,0,0,0,0,0,0,0,0,0,0,0,0,0,0,0,0,0,0,0,0,0,0,0,0,0,0,0,0,0,0,0,0,0,0,0,0,0,0,0,0,0,0,0,0
1701,1647,1827,1680,1647,1980,1972,2139,2040,2263,2232,2400,2387,2130,2263,1932,2077,2208,2346,1953,1885,1769,1885,1876,1620,1885,1792,1950,1984,2048,1891,1984,1980,1829,1682,1508,1225,1128,1152,1323,1540,1470,1305,1568,1560,1482,1482,1647,1593,1300,1350,1380,1426,1881,1860,2108,2272,2208,2244,2048,2112,2312,2208,2343,2730,2574,2508,2170,2660,3784,3784,4089,3526,3600,3432,3344,3634,3520,3496,3848,3978,3952,4004,3552,3478,5376,5959,6448,7128,7728,7370,8174,8979,8142,8614,9196,9240,9702,11040,10425,9500,10212,10658,9316,12080,12218,12835,14664,15543,18204,17384,16632,18297,18304,17622,20056,19344,17848,17940,18308,18142,21600,21012,24080,25606,26537,27467,26775,31702,28896,34932,30940,29610,57984,58800,70848,74556,79632,91143,96040,109880,112332,122672,147258,165880,179626,193911,215212,250519,277667,340319,416175,449624,473977,496080,548100,575981,557274,519030,494236,441459,392000,335320,206625,57129,0,0,0,0,0,0,0,0,0,0,0,0,0,0,0,0,0,0,0,0,0,0,0,0,0,0,0,0,0,0,0,0,0,0,0,0,0,0,0,0,0,0,0,0,0,0,0,0,0,0,0,0,0,0,0,0,0,0,0,0,0,0,0,0,0,0,0,0,0,0,0,0,0,0,0,0,0,0,0,0,0,0,0,0,0,0,0,0,0,0,0,0,0,0,0,0,0,0,0,0,0,0,0,0,0,0,0,0,0,0,0,0,0,0,0,0,0,0,0,0,0,0,0,0,0,0,0,0,0,0,0,0,0,0,0
3256,3225,3268,3096,3066,3354,4590,4550,3956,3825,4277,4508,5022,5390,5400,4508,4992,4992,5992,4888,4641,5076,4992,4002,3960,3901,3888,3936,4116,3420,8652,8736,8925,8755,9345,9612,9483,9612,10152,10989,11312,10908,10989,11716,10878,11500,11543,11232,10780,11297,11988,12393,12768,13973,13728,14105,17304,14536,15040,15936,17424,19344,21293,19796,21730,21306,23643,23326,26078,27938,30099,31416,33654,33938,2546,55755,58286,67716,77280,87120,95128,106795,110040,109592,122980,140790,156377,172536,201280,216250,227766,292496,343876,419727,485040,540705,575318,622518,655504,637492,609736,573165,562130,531846,458062,296832,173052,0,0,0,0,0,0,0,0,0,0,0,0,0,0,0,0,0,0,0,0,0,0,0,0,0,0,0,0,0,0,0,0,0,0,0,0,0,0,0,0,0,0,0,0,0,0,0,0,0,0,0,0,0,0,0,0,0,0,0,0,0,0,0,0,0,0,0,0,0,0,0,0,0,0,0,0,0,0,0,0,0,0,0,0,0,0,0,0,0,0,0,0,0,0,0,0,0,0,0,0,0,0,0,0,0,0,0,0,0,0,0,0,0,0,0,0,0,0,0,0,0,0,0,0,0,0,0,0,0,0,0,0,0,0,0,0,0,0,0,0,0,0,0,0,0,0,0,0,0,0,0,0,0,0,0,0,0,0,0,0,0,0,0,0,0,0,0,0,0,0,0,0,0,0,0,0,0,0,0,0,0,0,0,0,0,0,0,0,0,0,0,0,0
1425,1378,1421,1568,1537,1430,1378,1323,1404,1512,1456,1196,1134,1225,1225,1150,1250,1404,1222,1222,1066,1242,1196,1040,1075,1150,1075,1050,1232,1014,1134,1176,990,1029,1122,966,1247,1305,1134,1269,1653,1943,2059,2294,2432,2400,2070,1904,2040,2208,2618,2584,2201,2010,2077,2310,2590,2701,2964,2849,2849,2847,2484,2448,2769,2800,2553,3780,3872,4700,5044,5814,5814,6032,5871,6660,7638,7006,7684,8322,9102,9500,9432,9900,9230,9301,8832,8192,7192,10437,10650,11088,13708,15423,17248,16068,16400,19140,16896,19153,17480,18400,18800,13351,12825,18810,20370,19425,22788,21624,25645,27450,27429,29636,31521,32430,35938,66126,72921,82455,91235,103275,108808,121542,131108,161280,173910,196620,218050,261797,313584,374644,466532,508500,555544,561476,561594,573206,554974,537264,491526,429357,332856,188308,0,0,0,0,0,0,0,0,0,0,0,0,0,0,0,0,0,0,0,0,0,0,0,0,0,0,0,0,0,0,0,0,0,0,0,0,0,0,0,0,0,0,0,0,0,0,0,0,0,0,0,0,0,0,0,0,0,0,0,0,0,0,0,0,0,0,0,0,0,0,0,0,0,0,0,0,0,0,0,0,0,0,0,0,0,0,0,0,0,0,0,0,0,0,0,0,0,0,0,0,0,0,0,0,0,0,0,0,0,0,0,0,0,0,0,0,0,0,0,0,0,0,0,0,0,0,0,0,0,0,0,0,0,0,0,0,0,0,0,0,0,0,0,0,0,0,0,0,0,0,0,0,0,0,0,0
3922,4320,4029,4004,4081,4240,3850,2993,4399,2886,3003,3612,3486,3486,3440,3483,3825,4032,3901,3956,4094,4183,4704,4802,4700,4841,4900,4560,5304,5616,4998,5100,5304,6048,5390,5928,8073,8330,7524,8784,9348,9500,8449,1836,2052,1870,1995,9000,9471,2006,7952,8436,10962,12150,12512,12880,12727,15141,15496,17331,18981,20202,21358,20862,20748,21948,23546,25400,24500,26200,28006,30024,29799,1581,1802,1749,54720,56034,60900,69486,74910,81634,89916,102290,112462,113524,130032,165240,173218,196768,233470,267729,325815,394479,479952,606474,707678,815360,762178,766878,753419,706200,721131,727892,646932,491706,242535,0,0,0,0,0,0,0,0,0,0,0,0,0,0,0,0,0,0,0,0,0,0,0,0,0,0,0,0,0,0,0,0,0,0,0,0,0,0,0,0,0,0,0,0,0,0,0,0,0,0,0,0,0,0,0,0,0,0,0,0,0,0,0,0,0,0,0,0,0,0,0,0,0,0,0,0,0,0,0,0,0,0,0,0,0,0,0,0,0,0,0,0,0,0,0,0,0,0,0,0,0,0,0,0,0,0,0,0,0,0,0,0,0,0,0,0,0,0,0,0,0,0,0,0,0,0,0,0,0,0,0,0,0,0,0,0,0,0,0,0,0,0,0,0,0,0,0,0,0,0,0,0,0,0,0,0,0,0,0,0,0,0,0,0,0,0,0,0,0,0,0,0,0,0,0,0,0,0,0,0,0,0,0,0,0,0,0,0,0,0,0,0,0
891,736,735,792,888,950,888,936,950,950,1050,1204,1204,984,1032,1092,1014,1118,1276,1632,1664,1479,1350,1392,1305,1457,1333,1452,1584,1666,1700,1872,1872,1976,1715,1800,1836,1800,1700,1440,1716,1961,2184,2090,2106,3060,3053,2772,2730,2562,2816,3600,3700,3723,3922,3796,4187,4648,4620,4399,4640,4235,4814,4956,5074,5220,5700,5394,5546,5922,5952,5733,5796,6633,6901,5888,7176,7668,7980,8208,9360,9882,9360,9963,10500,11094,11008,9744,10750,12330,14100,13984,11616,13377,15386,14453,16038,15811,15617,11280,14276,16450,16929,21175,19360,20056,22344,23760,24000,25146,26130,26201,26130,29892,31524,35400,34075,48576,51145,56304,61628,70992,78116,84770,100084,118690,108976,128520,132175,140431,179816,194103,232470,278806,326592,382489,471486,619515,814782,904904,876603,870870,845248,837720,819490,783626,733920,330310,127368,1786,1591,1824,1584,1764,1710,0,0,0,0,0,0,0,0,0,0,0,0,0,0,0,0,0,0,0,0,0,0,0,0,0,0,0,0,0,0,0,0,0,0,0,0,0,0,0,0,0,0,0,0,0,0,0,0,0,0,0,0,0,0,0,0,0,0,0,0,0,0,0,0,0,0,0,0,0,0,0,0,0,0,0,0,0,0,0,0,0,0,0,0,0,0,0,0,0,0,0,0,0,0,0,0,0,0,0,0,0,0,0,0,0,0,0,0,0,0,0,0,0,0,0,0,0,0,0,0,0,0,0,0,0,0,0,0,0,0,0,0,0,0,0,0,0,0,0,0,0,0,0,0,0
966,1008,943,880,836,858,943,858,798,943,1075,1025,1050,1066,1092,1728,975,936,874,828,874,897,960,960,1066,1204,1092,1080,1040,988,900,975,925,925,828,840,851,840,660,851,1134,1204,1161,1050,1144,1296,1350,1242,1392,1050,1025,936,1008,1050,1025,1188,1350,1484,1508,1530,1344,1204,1204,1350,1664,1519,1550,1550,1519,1716,1683,1650,1674,1519,1551,1617,1457,1802,1683,2183,2100,2280,2460,3312,3337,3337,3900,4029,4212,3773,3430,3672,3700,3750,3950,3920,3724,4067,4644,5104,4845,4592,4590,4845,5270,5440,5481,6370,6600,7383,8176,6968,8214,8496,8512,7590,9840,9882,9360,10742,10790,9963,10624,11152,8418,9768,9680,12600,13392,14841,14400,15035,17430,18144,20790,19795,19910,20272,20905,22736,24480,27013,28832,30879,32430,32332,48546,54270,59774,65618,73304,80822,84870,94464,107920,121347,126869,138260,171925,192984,221064,260559,310380,375858,468085,597870,795150,824395,787347,777053,741771,693344,669861,622820,438440,1470,1760,1560,1696,1664,1870,1925,1995,1782,1643,1643,1696,1581,1612,1612,1696,1728,1760,1728,1760,1760,1728,1914,1914,1972,1848,1848,1995,1792,1782,1836,1728,1782,1904,2006,1760,1881,1815,1815,1749,1760,1696,1824,1848,1904,1870,1870,1938,1904,1815,1736,1705,1972,2006,1782,1815,1881,2088,2030,2006,1914,1881,1972,2006,1824,1760,1760,1904,1960,1848,1705,1792,1705,1881,1848,1728,1728,1848,1815,1760,2170,1728,1870,1590,1705,1881,1848,1848,1581,1560,1760,1792,1674,1760,1674,1728,1650,1728,1760,1674,1674,1612,1590,1696,1792,1760,1728,1848,1760,1848,0,0,0,0,0,0,0,0,0,0,0,0,0,0,0
1363,1316,1066,1040,975,874,912,851,936,888,1000,1080,1215,1334,1334,1334,1500,1500,1372,1372,1450,1288,1232,1334,1334,1176,1064,1064,1053,1050,1025,1080,1176,1107,1305,1421,1410,1450,1450,1080,1025,1134,1248,1428,1377,1269,1350,1392,1530,1288,1440,1472,1426,1504,1457,1664,1581,1488,1410,1536,1500,1995,1836,1782,2394,3105,3381,3128,3243,3015,3290,3750,3528,3577,2990,3381,4108,4056,3950,4674,4920,4480,4674,4480,4510,4860,4524,5481,5332,6305,6402,7004,7521,7420,7280,7384,8701,8360,7526,7770,7844,5704,6256,5512,6976,8892,9680,10250,11094,12420,13485,13377,16100,14742,15664,17535,17850,19425,19398,21090,21614,24766,23280,26250,30418,30872,33048,50691,53000,61912,61050,71065,77154,86880,93726,105413,112014,121264,151500,174097,196305,215683,258400,314925,389368,500434,595020,734243,775796,707292,672182,625005,570670,470840,340025,165579,1696,1904,1995,1995,2065,2030,2135,2006,1749,2183,1980,2109,1890,1836,1836,1696,1890,1944,1749,1995,1836,1925,1836,1836,1815,1925,1960,1995,1782,1728,1904,1716,1870,1782,1836,1938,1815,1728,1760,2052,1890,1643,1904,1815,1581,1716,1664,1749,1664,1632,1836,1802,1802,1995,1904,1815,1870,1848,1728,1815,1836,1782,1728,1855,1802,1925,1870,1870,1696,1881,2196,1881,1925,1904,1904,1938,1995,1925,1904,1782,1815,1760,1904,2006,2052,1870,2052,1870,1870,1760,1728,1749,1728,1815,1938,1904,1960,2030,2030,2220,2006,1938,1870,1815,1836,1848,1815,1815,1728,1590,1674,1815,1848,1815,1792,2100,2160,2030,1938,1782,0,0,0,0,0,0,0,0,0,0,0,0,0,0,0,0,0,0,0,0,0,0,0,0
1296,1144,1100,1250,1272,1075,1200,989,945,924,984,1075,1058,945,1056,1012,1508,2046,2464,2280,2059,1876,2030,2040,2304,2376,2201,2010,2144,2590,2664,2628,2812,2660,2310,2516,2788,2622,1888,4185,4900,6104,6660,6902,7378,7872,9375,9625,9344,9709,9620,10575,9240,10212,11920,11310,12556,13500,14630,18810,17280,16564,17136,18792,17204,7722,11396,14924,18909,21306,22042,23108,27608,28060,29591,29025,32109,1920,29440,61230,76489,77847,90616,98923,112140,117384,176475,194635,241056,284487,351120,445005,494118,521424,543120,573835,527275,511377,444960,359390,198650,0,0,0,0,0,0,0,0,0,0,0,0,0,0,0,0,0,0,0,0,0,0,0,0,0,0,0,0,0,0,0,0,0,0,0,0,0,0,0,0,0,0,0,0,0,0,0,0,0,0,0,0,0,0,0,0,0,0,0,0,0,0,0,0,0,0,0,0,0,0,0,0,0,0,0,0,0,0,0,0,0,0,0,0,0,0,0,0,0,0,0,0,0,0,0,0,0,0,0,0,0,0,0,0,0,0,0,0,0,0,0,0,0,0,0,0,0,0,0,0,0,0,0,0,0,0,0,0,0,0,0,0,0,0,0,0,0,0,0,0,0,0,0,0,0,0,0,0,0,0,0,0,0,0,0,0,0,0,0,0,0,0,0,0,0,0,0,0,0,0,0,0,0,0,0,0,0,0,0,0,0,0,0,0,0,0,0,0,0,0,0,0,0,0,0,0,0,0,0
1890,1836,1749,1890,1855,748,1890,1802,1820,1855,950,975,960,960,989,1032,1032,1050,1716,1836,1890,988,962,888,864,2242,1960,880,1104,1056,1144,1479,1269,1188,1188,1305,1421,1500,1612,1600,1632,1519,1450,1664,2030,1802,1440,1363,1421,1643,1782,2124,2160,1980,1504,1500,1530,2146,2166,1836,1976,2730,2520,2795,2730,2772,3080,3713,3577,3256,3168,3053,3818,4000,3792,4067,4131,3900,4264,4293,4240,5192,4620,5734,5856,6615,6336,6464,6565,7236,7383,6592,6370,6272,6237,7140,5400,5049,6380,5096,8906,10800,12741,12232,14250,15288,17300,16650,16560,20900,18762,19046,22064,22939,25047,23128,25704,32430,30736,34036,52650,58422,63616,70265,79348,81496,96135,105808,116467,122960,152100,173184,204480,236250,2331,353535,452767,579242,753088,810942,770400,742808,689688,652365,566648,426360,1595,2016,1980,1836,1550,1612,1612,1782,1792,1760,1728,1716,1836,1802,1768,1768,1836,1768,1716,1904,1782,1890,1749,1664,1643,1728,1782,1870,1749,1782,1768,1612,1643,1815,1612,1632,1716,1925,1925,1925,1960,1760,1716,1643,1664,1696,1782,1664,1664,1836,1904,1815,1848,1904,1728,1705,1728,1674,1664,1960,1836,1782,1643,1815,2242,2016,2088,2030,1938,2065,1782,1782,1716,1870,1904,1960,1664,1749,1855,1980,1664,1782,1848,1836,1782,1749,1696,1664,1815,1696,1782,1815,1925,1749,1904,1728,1870,1925,1782,1890,1836,1836,1938,1870,1848,1938,1815,1836,1870,2124,2052,2160,1836,1995,1848,1870,1782,1938,2100,1960,1728,1938,1870,1904,1960,1870,1925,1696,1643,1696,1802,1848,1782,1612,1560,1612,1782,1632,1904,0,0,0,0,0,0,0,0,0,0,0,0,0,0,0
1176,1300,1352,1326,1248,1296,1274,1125,1275,1275,1352,1326,1225,1378,1378,1352,1647,1680,1943,1701,1593,1482,1512,1539,1550,1820,1890,1922,1800,1484,1350,1540,1740,1740,1652,1540,1595,1428,1250,1537,1519,1064,1269,1404,1368,1175,1316,1247,1364,1891,2016,2590,2700,2485,2244,2555,2380,2618,2628,2618,2415,2886,3160,3528,3362,3116,3182,3520,4116,4002,4165,4131,4590,4680,3108,3150,4606,5992,6903,7245,7308,7995,7056,9576,9717,8418,10549,9384,9855,11840,11455,15642,14896,16485,17604,18870,18334,21470,14560,17108,20493,21507,21473,26325,28548,27027,33782,32912,31536,53669,1200,59388,74256,75040,82110,109445,108135,121536,151360,170867,195460,246656,293760,386048,481327,556200,609450,579880,593730,561910,544195,462880,283691,0,0,0,0,0,0,0,0,0,0,0,0,0,0,0,0,0,0,0,0,0,0,0,0,0,0,0,0,0,0,0,0,0,0,0,0,0,0,0,0,0,0,0,0,0,0,0,0,0,0,0,0,0,0,0,0,0,0,0,0,0,0,0,0,0,0,0,0,0,0,0,0,0,0,0,0,0,0,0,0,0,0,0,0,0,0,0,0,0,0,0,0,0,0,0,0,0,0,0,0,0,0,0,0,0,0,0,0,0,0,0,0,0,0,0,0,0,0,0,0,0,0,0,0,0,0,0,0,0,0,0,0,0,0,0,0,0,0,0,0,0,0,0,0,0,0,0,0,0,0,0,0,0,0,0,0,0,0,0,0,0,0,0,0,0,0,0
1908,2014,1855,660,1855,1944,693,1836,1836,1632,1683,1802,1716,1600,1632,740,720,1645,720,700,760,819,924,946,1924,861,1768,946,924,819,836,735,740,798,903,968,882,861,819,1728,840,760,648,630,780,760,968,968,1008,966,924,819,760,840,840,968,1012,798,880,660,714,714,770,1050,880,740,777,1058,1080,1035,1012,943,1118,1092,1107,1170,1260,1215,1134,1148,1066,1025,1196,1248,1242,1269,1144,1288,1400,1428,1595,1792,2100,1768,2242,1870,2240,2613,2368,2331,2065,2870,2940,3388,3822,4081,3626,4056,3900,4704,3850,3952,4756,5952,5551,5890,6240,6868,6528,6624,8502,7875,7326,6440,5307,7326,6110,5346,8624,9945,12445,13400,10011,13122,11109,14350,16836,18500,20424,20265,22256,26565,19080,26082,31416,34160,34263,50233,58869,65250,71400,83782,88200,111744,125100,129766,136395,174900,209684,253239,314272,403380,541387,719348,830830,796400,780896,740664,683332,638820,440492,1392,1980,1872,1998,1768,1785,1820,1872,1961,1836,2090,2014,1728,2090,1998,1872,1944,1908,1820,1785,1440,1683,1872,1488,1908,1872,1715,1908,1961,1961,1908,1855,1768,1836,1887,1924,2052,1887,2106,1750,1734,1734,1908,1887,1820,1961,1820,1944,1998,2109,1998,2035,2106,1976,2016,2262,2035,1961,1908,2128,1944,2072,1820,2052,1944,2072,1855,1944,1802,2106,2067,2014,1715,1700,1768,2145,2145,1855,1598,1924,1872,1768,1617,1820,1836,1872,2128,2035,1855,1980,1855,1700,1820,1890,1925,1802,1820,1980,1820,1944,1836,1872,1800,2052,1855,1768,1836,1855,1960,2166,2072,1925,2090,2072,2072,2072,2223,2072,2072,1700,1961,1924,1900,2014,2035,2014,1908,2035,2090
620,770,851,770,704,567,609,714,756,836,836,627,735,735,704,777,680,660,660,627,627,646,777,989,966,1125,1032,1000,858,1032,1170,1075,1125,1160,1116,1036,1092,1160,1316,1479,1421,1377,1215,1276,1230,1344,1302,1440,1426,1518,1386,1617,1836,2072,2624,2688,3266,2860,2970,2464,1764,2623,3220,3800,4160,3600,3692,4592,4293,4536,4400,4510,4740,5220,4840,5162,6048,5985,6200,6195,6500,6370,6700,6834,7455,7957,7000,7242,6936,5796,7400,4558,6864,9520,9200,12416,13832,14144,14523,18193,18984,16647,18054,18585,20944,21816,23474,26100,21000,26035,30962,33840,45180,51156,59713,62260,74160,78302,89208,107134,122661,133545,165888,181900,217080,271728,321160,424000,574560,816185,833476,796797,784608,757746,717200,598689,397584,142240,0,0,0,0,0,0,0,0,0,0,0,0,0,0,0,0,0,0,0,0,0,0,0,0,0,0,0,0,0,0,0,0,0,0,0,0,0,0,0,0,0,0,0,0,0,0,0,0,0,0,0,0,0,0,0,0,0,0,0,0,0,0,0,0,0,0,0,0,0,0,0,0,0,0,0,0,0,0,0,0,0,0,0,0,0,0,0,0,0,0,0,0,0,0,0,0,0,0,0,0,0,0,0,0,0,0,0,0,0,0,0,0,0,0,0,0,0,0,0,0,0,0,0,0,0,0,0,0,0,0,0,0,0,0,0,0,0,0,0,0,0,0,0,0,0,0,0,0,0,0,0,0,0,0,0,0,0,0,0,0,0,0
1274,1188,1150,1323,1300,1225,1250,1250,1250,1225,1248,1404,1482,1593,1560,1680,1827,1624,1430,1456,1534,1620,1485,1568,1652,1652,1620,1740,1830,2046,1830,1456,1508,1482,1400,1458,1188,1222,1215,1377,1539,1425,1225,1325,1682,1710,1736,1856,1952,2555,2618,2736,2555,2485,2592,2812,2888,2584,3159,3388,4250,4100,4437,4042,3198,3807,4368,4876,4872,5016,5760,5187,4266,6254,6930,6832,7670,8662,7930,9856,9750,10260,11520,12087,12948,12936,11826,16000,15229,16932,17304,19729,20196,19482,13213,1075,1144,23484,25752,26786,28680,33396,33672,35015,55872,65412,72489,82110,94860,110922,128002,135240,171513,195138,247962,308844,390412,482830,550140,590250,579112,558144,531531,460528,313432,125307,0,0,0,0,0,0,0,0,0,0,0,0,0,0,0,0,0,0,0,0,0,0,0,0,0,0,0,0,0,0,0,0,0,0,0,0,0,0,0,0,0,0,0,0,0,0,0,0,0,0,0,0,0,0,0,0,0,0,0,0,0,0,0,0,0,0,0,0,0,0,0,0,0,0,0,0,0,0,0,0,0,0,0,0,0,0,0,0,0,0,0,0,0,0,0,0,0,0,0,0,0,0,0,0,0,0,0,0,0,0,0,0,0,0,0,0,0,0,0,0,0,0,0,0,0,0,0,0,0,0,0,0,0,0,0,0,0,0,0,0,0,0,0,0,0,0,0,0,0,0,0,0,0,0,0,0,0,0,0,0,0,0,0,0,0,0,0,0,0,0,0,0,0,0
684,684,648,665,630,703,684,720,740,760,936,840,713,713,744,704,735,756,722,780,648,646,640,726,640,640,627,684,798,897,943,1025,1008,936,1050,1215,1026,1008,1040,1080,1026,1144,1118,1215,1204,1148,1040,962,1036,1102,1333,1276,1247,1408,1610,1836,2294,2562,2655,3055,2898,3055,2714,2376,2552,3312,3723,4050,3500,3692,4290,4316,4182,4590,4617,5100,5369,5278,6080,5890,6039,6400,5952,6402,6831,7072,6798,7560,7038,6144,6958,4264,7519,7548,9438,10168,12236,12183,13968,16430,17548,17700,16830,17300,18513,20488,24219,22080,23716,27904,32289,31640,49400,52662,59080,66896,77385,87001,101304,112518,132165,154020,179944,206739,255304,318384,418912,556380,776925,795544,782247,674535,671394,611040,453751,212280,0,0,0,0,0,0,0,0,0,0,0,0,0,0,0,0,0,0,0,0,0,0,0,0,0,0,0,0,0,0,0,0,0,0,0,0,0,0,0,0,0,0,0,0,0,0,0,0,0,0,0,0,0,0,0,0,0,0,0,0,0,0,0,0,0,0,0,0,0,0,0,0,0,0,0,0,0,0,0,0,0,0,0,0,0,0,0,0,0,0,0,0,0,0,0,0,0,0,0,0,0,0,0,0,0,0,0,0,0,0,0,0,0,0,0,0,0,0,0,0,0,0,0,0,0,0,0,0,0,0,0,0,0,0,0,0,0,0,0,0,0,0,0,0,0,0,0,0,0,0,0,0,0,0,0,0,0,0,0,0,0,0,0,0
416,464,448,435,448,480,512,561,561,612,648,630,612,630,578,612,612,612,648,666,703,666,648,648,702,722,648,595,646,608,608,522,540,522,551,522,522,522,522,522,570,646,684,684,741,741,760,779,684,684,648,684,722,880,900,820,882,966,940,990,1104,1100,1288,1232,1170,1350,1296,1512,1456,1581,1428,1274,1352,1568,1950,1950,1512,1508,1620,1767,1674,1566,2560,2583,2583,2666,2752,3657,3850,4158,3724,4640,4560,4565,4770,3920,4316,4558,4018,5130,5220,5700,5568,6076,6174,6240,8658,8284,7280,9801,6902,6552,9045,9088,9960,9398,9322,6902,7680,11310,13464,13311,17850,22148,21867,21708,25894,26750,28080,31050,32704,36348,38304,51188,60112,70518,90464,90720,109612,121394,144126,175028,207792,257796,310482,422994,572460,837600,830160,800080,785088,757452,678876,555520,188754,0,0,0,0,0,0,0,0,0,0,0,0,0,0,0,0,0,0,0,0,0,0,0,0,0,0,0,0,0,0,0,0,0,0,0,0,0,0,0,0,0,0,0,0,0,0,0,0,0,0,0,0,0,0,0,0,0,0,0,0,0,0,0,0,0,0,0,0,0,0,0,0,0,0,0,0,0,0,0,0,0,0,0,0,0,0,0,0,0,0,0,0,0,0,0,0,0,0,0,0,0,0,0,0,0,0,0,0,0,0,0,0,0,0,0,0,0,0,0,0,0,0,0,0,0,0,0,0,0,0,0,0,0,0,0,0,0,0,0,0,0,0,0,0,0
620,600,672,756,748,714,572,575,560,560,570,544,612,630,630,722,779,817,820,780,684,665,665,665,576,665,665,665,684,722,882,903,968,946,968,1035,1032,875,864,984,966,1075,1100,936,912,1000,1066,1134,988,2090,2109,2460,2542,2904,3220,3128,4200,4290,4080,4056,4368,4144,3927,3871,3388,4698,5358,5394,4929,5115,5336,5520,5301,6996,6666,8588,8892,8030,6435,9676,6413,6728,9545,7210,6440,7316,8330,9039,11280,13502,13685,16625,18620,21412,22064,22000,22620,24321,28595,27336,31500,33726,37392,48807,61182,66880,81396,85680,100096,112476,130077,159236,188650,226772,279300,354900,478969,700220,812532,783725,752192,679845,637492,533911,218738,0,0,0,0,0,0,0,0,0,0,0,0,0,0,0,0,0,0,0,0,0,0,0,0,0,0,0,0,0,0,0,0,0,0,0,0,0,0,0,0,0,0,0,0,0,0,0,0,0,0,0,0,0,0,0,0,0,0,0,0,0,0,0,0,0,0,0,0,0,0,0,0,0,0,0,0,0,0,0,0,0,0,0,0,0,0,0,0,0,0,0,0,0,0,0,0,0,0,0,0,0,0,0,0,0,0,0,0,0,0,0,0,0,0,0,0,0,0,0,0,0,0,0,0,0,0,0,0,0,0,0,0,0,0,0,0,0,0,0,0,0,0,0,0,0,0,0,0,0,0,0,0,0,0,0,0,0,0,0,0,0,0,0,0,0,0,0,0,0,0,0,0,0,0,0
3456,3290,3800,4565,4400,3900,3504,3724,3822,3773,3800,4029,4212,4806,4437,4250,4160,3950,4182,4752,6100,5841,5580,6060,5723,5841,6200,5900,6099,6222,5640,8874,9270,9792,10282,10890,11227,10692,10450,11368,12896,11771,12699,14329,15197,15936,17034,17784,18725,22914,22550,24804,27132,30191,34506,36480,50580,2898,67620,71500,92851,109344,118128,119068,162864,198900,240006,323568,436746,561603,642042,687660,665840,601803,565478,416052,144966,0,0,0,0,0,0,0,0,0,0,0,0,0,0,0,0,0,0,0,0,0,0,0,0,0,0,0,0,0,0,0,0,0,0,0,0,0,0,0,0,0,0,0,0,0,0,0,0,0,0,0,0,0,0,0,0,0,0,0,0,0,0,0,0,0,0,0,0,0,0,0,0,0,0,0,0,0,0,0,0,0,0,0,0,0,0,0,0,0,0,0,0,0,0,0,0,0,0,0,0,0,0,0,0,0,0,0,0,0,0,0,0,0,0,0,0,0,0,0,0,0,0,0,0,0,0,0,0,0,0,0,0,0,0,0,0,0,0,0,0,0,0,0,0,0,0,0,0,0,0,0,0,0,0,0,0,0,0,0,0,0,0,0,0,0,0,0,0,0,0,0,0,0,0,0,0,0,0,0,0,0,0,0,0,0,0,0,0,0,0,0,0,0,0,0,0,0,0,0,0,0,0,0,0,0,0,0,0,0,0,0,0,0,0,0,0,0,0,0,0,0,0,0
532,504,532,504,551,522,570,551,522,608,627,558,608,680,735,660,660,660,660,672,589,608,608,594,648,703,627,576,527,612,612,527,576,646,684,760,703,722,760,703,595,646,720,660,640,680,680,798,902,902,882,946,858,858,714,874,805,805,880,897,960,950,988,1025,1296,1421,1519,1568,1650,1632,1716,1696,1760,1960,2166,2646,2788,3150,3848,4104,3822,4400,3600,4108,4320,4558,4100,4959,5208,5376,4558,4730,5369,5487,6080,6174,8066,8927,6300,7245,7739,9600,7848,7313,4067,6710,9546,9514,11907,13050,14580,16376,18720,20580,21276,21230,24308,28820,27265,31088,33319,46620,50880,63327,76610,86037,95367,106392,127584,156936,186260,227652,284400,387512,529200,762272,789160,729189,670320,613740,439817,0,0,0,0,0,0,0,0,0,0,0,0,0,0,0,0,0,0,0,0,0,0,0,0,0,0,0,0,0,0,0,0,0,0,0,0,0,0,0,0,0,0,0,0,0,0,0,0,0,0,0,0,0,0,0,0,0,0,0,0,0,0,0,0,0,0,0,0,0,0,0,0,0,0,0,0,0,0,0,0,0,0,0,0,0,0,0,0,0,0,0,0,0,0,0,0,0,0,0,0,0,0,0,0,0,0,0,0,0,0,0,0,0,0,0,0,0,0,0,0,0,0,0,0,0,0,0,0,0,0,0,0,0,0,0,0,0,0,0,0,0,0,0,0,0,0,0,0,0,0,0,0,0,0,0,0,0,0,0
1908,1802,1700,1536,1504,1683,1870,1785,1700,989,943,880,902,924,840,880,880,880,861,880,943,989,1035,1081,1058,1152,968,946,943,836,936,897,900,900,925,925,950,936,936,1056,1377,1682,1860,1920,1581,1320,1102,999,1026,999,1148,1519,1404,1456,1378,1248,1242,1188,1118,1372,1537,1620,1595,1620,1848,1500,1920,1798,1888,2275,2145,2108,2376,2414,3268,3525,3268,3000,2952,2560,2829,3388,2982,4100,3822,4134,3337,4131,5016,5251,4928,5115,5664,6784,6363,6222,5605,5546,4770,6090,7056,8308,9398,10857,12382,13040,14620,17346,17473,19950,21721,19176,17664,27430,30240,28340,28600,50806,56160,61295,69978,76266,88445,100838,113436,148304,171045,206310,251294,332010,457632,629314,771132,723481,669560,593658,443713,223215,1519,1716,1728,1768,1749,1683,1650,1749,1600,1426,1488,1536,1568,1683,1536,1290,1408,1333,1333,1302,1302,1240,1230,1170,1260,1260,1302,1240,1230,1440,1600,1260,1333,1333,1320,1290,1276,1290,1380,1380,1160,1230,1260,1320,1320,1305,1276,1333,1350,1395,1426,1364,1320,1395,1419,1364,1364,1472,1472,1536,1488,0,0,0,0,0,0,0,0,0,0,0,0,0,0,0,0,0,0,0,0,0,0,0,0,0,0,0,0,0,0,0,0,0,0,0,0,0,0,0,0,0,0,0,0,0,0,0,0,0,0,0,0,0,0,0,0,0,0,0,0,0,0,0,0,0,0,0,0,0,0,0,0,0,0,0,0,0,0,0,0,0,0,0,0,0,0,0,0,0,0,0,0,0,0,0,0,0,0,0,0,0
2623,2730,1952,2211,2208,2660,2625,2775,3654,9317,11009,10744,11868,11988,13816,14742,14904,17069,16728,19332,23421,23088,25370,29083,34611,31460,36414,2294,63504,69230,89298,110805,119709,146520,178002,215558,273000,393390,537922,622557,665889,646980,577656,498675,246092,0,0,0,0,0,0,0,0,0,0,0,0,0,0,0,0,0,0,0,0,0,0,0,0,0,0,0,0,0,0,0,0,0,0,0,0,0,0,0,0,0,0,0,0,0,0,0,0,0,0,0,0,0,0,0,0,0,0,0,0,0,0,0,0,0,0,0,0,0,0,0,0,0,0,0,0,0,0,0,0,0,0,0,0,0,0,0,0,0,0,0,0,0,0,0,0,0,0,0,0,0,0,0,0,0,0,0,0,0,0,0,0,0,0,0,0,0,0,0,0,0,0,0,0,0,0,0,0,0,0,0,0,0,0,0,0,0,0,0,0,0,0,0,0,0,0,0,0,0,0,0,0,0,0,0,0,0,0,0,0,0,0,0,0,0,0,0,0,0,0,0,0,0,0,0,0,0,0,0,0,0,0,0,0,0,0,0,0,0,0,0,0,0,0,0,0,0,0,0,0,0,0,0,0,0,0,0,0,0,0,0,0,0,0,0,0,0,0,0,0,0,0,0,0,0,0,0,0,0,0,0,0,0,0,0,0,0,0,0,0,0,0,0,0,0,0,0,0,0,0,0,0,0,0,0
1012,990,1104,1012,1080,1008,984,874,897,920,960,960,1075,1032,1056,1100,1075,1075,1075,1075,1075,1066,912,920,1050,1075,1363,1400,1479,1560,1450,1421,1450,1470,1500,1530,1456,1508,1479,1508,1428,1560,1484,1711,1512,1650,1620,1450,1612,2205,2108,2405,2415,2346,3000,2622,2613,3984,3818,3772,4067,3760,4664,3818,3818,4263,5225,5096,5278,5640,6076,6464,7128,5684,4233,5600,6649,7854,8556,12750,15810,19775,19116,19488,19314,21538,22002,20700,25704,27392,33872,49707,53531,58290,66490,75924,90036,102758,123640,128288,175560,198654,266643,350110,503126,771435,899496,828235,799920,734706,562786,206918,0,0,0,0,0,0,0,0,0,0,0,0,0,0,0,0,0,0,0,0,0,0,0,0,0,0,0,0,0,0,0,0,0,0,0,0,0,0,0,0,0,0,0,0,0,0,0,0,0,0,0,0,0,0,0,0,0,0,0,0,0,0,0,0,0,0,0,0,0,0,0,0,0,0,0,0,0,0,0,0,0,0,0,0,0,0,0,0,0,0,0,0,0,0,0,0,0,0,0,0,0,0,0,0,0,0,0,0,0,0,0,0,0,0,0,0,0,0,0,0,0,0,0,0,0,0,0,0,0,0,0,0,0,0,0,0,0,0,0,0,0,0,0,0,0,0,0,0,0,0,0,0,0,0,0,0,0,0,0,0,0,0,0,0,0,0,0,0,0,0,0,0,0,0,0,0,0,0,0,0,0,0,0,0,0,0,0,0
3750,3800,3696,3619,3496,3525,3700,3478,3542,3950,3800,4346,4644,5040,4488,5060,4698,4770,5170,6039,5278,5005,6060,4823,5742,5600,5586,5152,5320,3744,3311,8858,8670,9646,10165,10914,11655,10976,10735,10780,12432,13464,15675,16632,17200,17613,20608,23028,23052,26718,30916,32900,4233,4324,61974,76152,89424,111873,122256,152874,193806,218880,311168,439756,547520,629442,632009,543554,490770,295260,0,0,0,0,0,0,0,0,0,0,0,0,0,0,0,0,0,0,0,0,0,0,0,0,0,0,0,0,0,0,0,0,0,0,0,0,0,0,0,0,0,0,0,0,0,0,0,0,0,0,0,0,0,0,0,0,0,0,0,0,0,0,0,0,0,0,0,0,0,0,0,0,0,0,0,0,0,0,0,0,0,0,0,0,0,0,0,0,0,0,0,0,0,0,0,0,0,0,0,0,0,0,0,0,0,0,0,0,0,0,0,0,0,0,0,0,0,0,0,0,0,0,0,0,0,0,0,0,0,0,0,0,0,0,0,0,0,0,0,0,0,0,0,0,0,0,0,0,0,0,0,0,0,0,0,0,0,0,0,0,0,0,0,0,0,0,0,0,0,0,0,0,0,0,0,0,0,0,0,0,0,0,0,0,0,0,0,0,0,0,0,0,0,0,0,0,0,0,0,0,0,0,0,0,0,0,0,0,0,0,0,0,0,0,0,0,0,0,0,0,0,0,0,0,0,0,0,0,0,0
